rep,c,block,estimator,bias,rmse,rev,k_def_true,k_def_hat,b2_wait_true,b2_wait_hat,b2_inv_true,b2_inv_hat
0,0.0,1,shift_level,-0.018596294899750978,0.1996230900427727,0.0,-1.4595837165300543,-1.5909106276762213,-10.975206359468862,-10.708879583615765,10.070355326978888,9.964373883402022
0,0.0,1,lag1_exog,-0.025355358156709584,0.2354057251810478,0.0,-1.4595837165300543,-1.4319949103037237,-10.975206359468862,-10.972413744516036,10.070355326978888,9.860187191467574
0,0.0,1,shift_level_drift,-0.011247683972993068,0.2002287574685624,0.0,-1.4595837165300543,-1.6569678060808748,-10.975206359468862,-10.693635818081535,10.070355326978888,9.964719378767796
0,0.0,2,shift_level,0.13102963238860427,0.289407113805125,0.0,-1.4595837165300543,-1.3828890664254228,-10.975206359468862,-10.14901887966389,10.070355326978888,10.041705752306239
0,0.0,2,washout_1,0.15872099541219806,0.41486867902110686,0.0,-1.4595837165300543,-1.3919188089266137,-10.975206359468862,-9.67458889832572,10.070355326978888,9.915048757270775
0,0.0,2,lag1_exog,0.17000831318102766,0.3809580551192033,0.0,-1.4595837165300543,-1.3111256619838838,-10.975206359468862,-9.590876829401177,10.070355326978888,9.98170141972238
0,0.0,2,block_mean,0.15872099541219806,0.41486867902110686,0.0,-1.4595837165300543,-1.3919188089266137,-10.975206359468862,-9.67458889832572,10.070355326978888,9.915048757270775
0,0.0,2,shift_level_drift,0.08478353941188622,0.253789837266398,0.0,-1.4595837165300543,-1.5129750766762295,-10.975206359468862,-10.171427940591782,10.070355326978888,10.049520757800332
0,0.0,2,washout_1_drift,0.13594621940964685,0.3888915668943562,0.0,-1.4595837165300543,-1.403923307166458,-10.975206359468862,-9.671614660496207,10.070355326978888,9.912741003196386
0,0.0,4,shift_level,0.006459974737736419,0.3176312863775331,0.0,-1.4595837165300543,-1.9538992298856277,-10.975206359468862,-10.473635132866459,10.070355326978888,9.946956088103583
0,0.0,4,washout_1,0.013807102567668459,0.24305862828231534,0.0,-1.4595837165300543,-1.9349053201706001,-10.975206359468862,-10.722241939091331,10.070355326978888,9.878337885035943
0,0.0,4,lag1_exog,-0.004857459550196779,0.24828979490216077,0.0,-1.4595837165300543,-1.985323730030987,-10.975206359468862,-10.697961762256258,10.070355326978888,9.88578063683713
0,0.0,4,block_mean,0.02589553289039422,0.23849785132226375,0.0,-1.4595837165300543,-1.9429274643792214,-10.975206359468862,-11.31408829149653,10.070355326978888,9.880995458948144
0,0.0,4,shift_level_drift,0.01754719705665749,0.2745549200455066,0.0,-1.4595837165300543,-1.4637302503440772,-10.975206359468862,-10.456195872899952,10.070355326978888,9.945443971090594
0,0.0,4,washout_1_drift,0.010099386560288517,0.16593014993520983,0.0,-1.4595837165300543,-1.4491296529242106,-10.975206359468862,-10.716044896515827,10.070355326978888,9.877127662131404
0,0.0,8,shift_level,-0.026696298648895066,0.27362918000116987,0.0,-1.4595837165300543,-1.0660142786006535,-10.975206359468862,-11.18579049904167,10.070355326978888,10.070172348190717
0,0.0,8,washout_1,-0.001912818627788451,0.2343953832474028,0.0,-1.4595837165300543,-1.0445645169153304,-10.975206359468862,-10.851647119272355,10.070355326978888,10.074755640969
0,0.0,8,lag1_exog,-0.02193910666649388,0.2588907167107079,0.0,-1.4595837165300543,-1.0749053578240004,-10.975206359468862,-10.930890281282991,10.070355326978888,10.046526470964896
0,0.0,8,block_mean,0.016118552935517564,0.18884483495469478,0.0,-1.4595837165300543,-1.0574260333748369,-10.975206359468862,-10.742288586031865,10.070355326978888,10.074759482530363
0,0.0,8,shift_level_drift,-0.015026837379469637,0.24443546710460198,0.0,-1.4595837165300543,-1.295019364181469,-10.975206359468862,-11.204917846848637,10.070355326978888,10.06724641523273
0,0.0,8,washout_1_drift,0.015595737261003084,0.2006020681089626,0.0,-1.4595837165300543,-1.3247820410216085,-10.975206359468862,-10.858931816296524,10.070355326978888,10.074017621746544
0,0.25,1,shift_level,-0.16716196866792601,0.5297277797181185,0.0,-1.5783598104016914,-1.4356169075707137,-10.975206359468862,-10.69256528857021,10.069387927446908,8.176637677332753
0,0.25,1,lag1_exog,-0.03579011377832759,0.2590163464782839,0.0,-1.5783598104016914,-1.3629522382142572,-10.975206359468862,-10.965806169658132,10.069387927446908,9.580560634576369
0,0.25,1,shift_level_drift,-0.16971282799395854,0.5284041654005348,0.0,-1.5783598104016914,-1.5183478579263048,-10.975206359468862,-10.696695998764747,10.069387927446908,8.17697888019602
0,0.25,2,shift_level,0.03891016037946915,0.43344357305389203,0.0,-1.5783598104016914,-1.3725339137744343,-10.975206359468862,-10.149198030882904,10.069387927446908,8.940561930308096
0,0.25,2,washout_1,0.1357659302802491,0.4225895477037075,0.0,-1.5783598104016914,-1.4376115042309074,-10.975206359468862,-9.677806605684104,10.069387927446908,9.627145219034688
0,0.25,2,lag1_exog,0.15178580055901097,0.38485163045614884,0.0,-1.5783598104016914,-1.402781787794726,-10.975206359468862,-9.580916378599301,10.069387927446908,9.753800255742593
0,0.25,2,block_mean,0.1357659302802491,0.4225895477037075,0.0,-1.5783598104016914,-1.4376115042309074,-10.975206359468862,-9.677806605684104,10.069387927446908,9.627145219034688
0,0.25,2,shift_level_drift,-0.003628973574138413,0.405453372657785,0.0,-1.5783598104016914,-1.4613994575293465,-10.975206359468862,-10.166708531190338,10.069387927446908,8.949281468631062
0,0.25,2,washout_1_drift,0.11590172077778822,0.40161643811236664,0.0,-1.5783598104016914,-1.4136461143865127,-10.975206359468862,-9.67812222423689,10.069387927446908,9.628053581688516
0,0.25,4,shift_level,-0.05211221460821226,0.3733778564476041,0.0,-1.5783598104016914,-2.0897210292672965,-10.975206359468862,-10.376331976457212,10.069387927446908,9.34370238223223
0,0.25,4,washout_1,-0.006950684977636324,0.25495235622813783,0.0,-1.5783598104016914,-2.1110718240979525,-10.975206359468862,-10.618169695712519,10.069387927446908,9.770536528926588
0,0.25,4,lag1_exog,-0.02355447905590149,0.26484554339215194,0.0,-1.5783598104016914,-2.180881729470019,-10.975206359468862,-10.580518670042176,10.069387927446908,9.78133810745117
0,0.25,4,block_mean,0.004095871378419568,0.2309891117779813,0.0,-1.5783598104016914,-2.1219413639414983,-10.975206359468862,-11.209996872913901,10.069387927446908,9.772537218205708
0,0.25,4,shift_level_drift,-0.03315889403666709,0.3399796576810008,0.0,-1.5783598104016914,-1.4611152998848176,-10.975206359468862,-10.376769191530848,10.069387927446908,9.3438630453073
0,0.25,4,washout_1_drift,0.000777010532674941,0.1886858592596126,0.0,-1.5783598104016914,-1.4513308440827197,-10.975206359468862,-10.620043098691097,10.069387927446908,9.771435149436359
0,0.25,8,shift_level,-0.03440041445846186,0.2865428448492158,0.0,-1.5783598104016914,-1.0385180173610369,-10.975206359468862,-11.160129222806752,10.069387927446908,9.763146037741885
0,0.25,8,washout_1,0.009076291091602875,0.24150440221781036,0.0,-1.5783598104016914,-1.0692144647120798,-10.975206359468862,-10.820537679031164,10.069387927446908,10.010513321839857
0,0.25,8,lag1_exog,-0.008056021880782303,0.26252450471260735,0.0,-1.5783598104016914,-1.0909577172223315,-10.975206359468862,-10.898937489309262,10.069387927446908,9.986092707446241
0,0.25,8,block_mean,0.029601126552173885,0.2023409796384463,0.0,-1.5783598104016914,-1.075898356503502,-10.975206359468862,-10.704943141651684,10.069387927446908,10.010048627909072
0,0.25,8,shift_level_drift,-0.02787377144294356,0.25765576179310795,0.0,-1.5783598104016914,-1.2234584574359855,-10.975206359468862,-11.168660499822382,10.069387927446908,9.762617331338175
0,0.25,8,washout_1_drift,0.023408983315823435,0.2094460480724003,0.0,-1.5783598104016914,-1.2680946855671493,-10.975206359468862,-10.8191107041144,10.069387927446908,10.010596214339168
0,0.5,1,shift_level,-0.3278054684705198,0.9942704545969163,0.0,-1.6459010999498842,-1.317664061547903,-10.975206359468862,-10.679235989925164,10.068456274815652,6.355995772177614
0,0.5,1,lag1_exog,-0.13523974854402657,0.44998254089544976,0.0,-1.6459010999498842,-1.2870652268884355,-10.975206359468862,-10.967498063083044,10.068456274815652,8.599085664819828
0,0.5,1,shift_level_drift,-0.33684748651958063,0.9913603692036064,0.0,-1.6459010999498842,-1.4095624353358536,-10.975206359468862,-10.695722229685876,10.068456274815652,6.359133979976991
0,0.5,2,shift_level,-0.09023237292941934,0.7611554685923763,0.0,-1.6459010999498842,-1.3619022942997394,-10.975206359468862,-10.137833938153147,10.068456274815652,7.505810043513513
0,0.5,2,washout_1,0.040710863157925194,0.5511025818115095,0.0,-1.6459010999498842,-1.4695129502994877,-10.975206359468862,-9.668126114896292,10.068456274815652,8.670404764956878
0,0.5,2,lag1_exog,0.07179012186026798,0.48001472237782805,0.0,-1.6459010999498842,-1.4608148643316834,-10.975206359468862,-9.561465917541137,10.068456274815652,8.950028957114126
0,0.5,2,block_mean,0.040710863157925194,0.5511025818115095,0.0,-1.6459010999498842,-1.4695129502994877,-10.975206359468862,-9.668126114896292,10.068456274815652,8.670404764956878
0,0.5,2,shift_level_drift,-0.12985501144331704,0.7439372794198875,0.0,-1.6459010999498842,-1.4270465610063598,-10.975206359468862,-10.146389207089626,10.068456274815652,7.512982578239214
0,0.5,2,washout_1_drift,0.022751847413670843,0.5383155427318429,0.0,-1.6459010999498842,-1.4332268166354836,-10.975206359468862,-9.665475496200557,10.068456274815652,8.673350013472273
0,0.5,4,shift_level,-0.1392170921365046,0.530419242293506,0.0,-1.6459010999498842,-2.180076663095174,-10.975206359468862,-10.315951687153468,10.068456274815652,8.41868814750002
0,0.5,4,washout_1,-0.06439585922359838,0.3218705758167031,0.0,-1.6459010999498842,-2.2236181825296013,-10.975206359468862,-10.565574822074966,10.068456274815652,9.241999953121153
0,0.5,4,lag1_exog,-0.0758468598656793,0.32169047239966264,0.0,-1.6459010999498842,-2.3025161825615514,-10.975206359468862,-10.516240311827264,10.068456274815652,9.298500066364372
0,0.5,4,block_mean,-0.05403099083267087,0.2959125332533687,0.0,-1.6459010999498842,-2.233323874907414,-10.975206359468862,-11.157423281909912,10.068456274815652,9.241947952024594
0,0.5,4,shift_level_drift,-0.11434097460949441,0.5110807299966258,0.0,-1.6459010999498842,-1.4537861411365636,-10.975206359468862,-10.316526292376938,10.068456274815652,8.418775634780868
0,0.5,4,washout_1_drift,-0.04857474504260153,0.2779912125043364,0.0,-1.6459010999498842,-1.4508205241744634,-10.975206359468862,-10.563529994216333,10.068456274815652,9.2429290996212
0,0.5,8,shift_level,-0.0704987536067644,0.33183404599908034,0.0,-1.6459010999498842,-1.0544780107215586,-10.975206359468862,-11.125423282326533,10.068456274815652,9.296834361557103
0,0.5,8,washout_1,-0.011405237460209454,0.25056008122497875,0.0,-1.6459010999498842,-1.1156314685796538,-10.975206359468862,-10.782688255446512,10.068456274815652,9.762956699827061
0,0.5,8,lag1_exog,-0.02383623888098183,0.2689819012966887,0.0,-1.6459010999498842,-1.1309395824646011,-10.975206359468862,-10.862789662503975,10.068456274815652,9.751701341364639
0,0.5,8,block_mean,0.010298140224916832,0.21677326849586118,0.0,-1.6459010999498842,-1.1185520104023525,-10.975206359468862,-10.663497449692064,10.068456274815652,9.761298323374307
0,0.5,8,shift_level_drift,-0.06457087701240839,0.3074779439479976,0.0,-1.6459010999498842,-1.1879023970669378,-10.975206359468862,-11.128877092606377,10.068456274815652,9.298244557182679
0,0.5,8,washout_1_drift,0.0030985621825515733,0.22249514388580832,0.0,-1.6459010999498842,-1.2371592140431376,-10.975206359468862,-10.780258711132191,10.068456274815652,9.762654139634733
0,0.75,1,shift_level,-0.49479151737297633,1.4729573691282414,0.0,-1.6837845560174705,-1.235585921308029,-10.975206359468864,-10.674840042759353,10.06766174102922,4.508239835437392
0,0.75,1,lag1_exog,-0.317861139605081,0.8657692570100162,0.0,-1.6837845560174705,-1.2274020975096782,-10.975206359468864,-10.978366711526048,10.06766174102922,6.90780725294208
0,0.75,1,shift_level_drift,-0.5076747310196911,1.4688546622408687,0.0,-1.6837845560174705,-1.330423639114589,-10.975206359468864,-10.698873318590438,10.06766174102922,4.515513851947632
0,0.75,2,shift_level,-0.2621618280807881,1.2052070406843212,0.0,-1.6837845560174705,-1.358483121454074,-10.975206359468864,-10.12663585309531,10.06766174102922,5.7286664728881265
0,0.75,2,washout_1,-0.13153319918663667,0.9033675690765653,0.0,-1.6837845560174705,-1.4888891261308708,-10.975206359468864,-9.65411060900438,10.06766174102922,7.03908868720697
0,0.75,2,lag1_exog,-0.08880513589532067,0.7940158126605336,0.0,-1.6837845560174705,-1.4981600900371015,-10.975206359468864,-9.543856611729762,10.06766174102922,7.446110090353376
0,0.75,2,block_mean,-0.13153319918663667,0.9033675690765653,0.0,-1.6837845560174705,-1.4888891261308708,-10.975206359468864,-9.65411060900438,10.06766174102922,7.03908868720697
0,0.75,2,shift_level_drift,-0.3002329713843035,1.1942872526655783,0.0,-1.6837845560174705,-1.4127808073526353,-10.975206359468864,-10.121472916076712,10.06766174102922,5.73202392317272
0,0.75,2,washout_1_drift,-0.14818919292173124,0.8972785774641739,0.0,-1.6837845560174705,-1.4434365018572402,-10.975206359468864,-9.643707985122276,10.06766174102922,7.042105902015866
0,0.75,4,shift_level,-0.27693092574287226,0.8413076579102486,0.0,-1.6837845560174705,-2.230567816044535,-10.975206359468864,-10.28352683995698,10.06766174102922,6.97863210005133
0,0.75,4,washout_1,-0.1881404518485587,0.5673789776913128,0.0,-1.6837845560174705,-2.28887559919139,-10.975206359468864,-10.539646294952773,10.06766174102922,8.025312965778605
0,0.75,4,lag1_exog,-0.19059676807485884,0.5377537851269268,0.0,-1.6837845560174705,-2.3734756802091,-10.975206359468864,-10.480247416044298,10.06766174102922,8.164209429491555
0,0.75,4,block_mean,-0.17847242039966277,0.5536166641006692,0.0,-1.6837845560174705,-2.2965774467984743,-10.975206359468864,-11.131151600476313,10.06766174102922,8.022008009270259
0,0.75,4,shift_level_drift,-0.24864645732067853,0.8321513084287755,0.0,-1.6837845560174705,-1.4453408934824739,-10.975206359468864,-10.278746748437692,10.06766174102922,6.977933639190118
0,0.75,4,washout_1_drift,-0.16749544292653015,0.5471093137949538,0.0,-1.6837845560174705,-1.450053193920809,-10.975206359468864,-10.531373083361556,10.06766174102922,8.02513630608076
0,0.75,8,shift_level,-0.14703013320885236,0.4675488320404454,0.0,-1.6837845560174705,-1.0786388083336043,-10.975206359468864,-11.0938633880004,10.06766174102922,8.49418966218315
0,0.75,8,washout_1,-0.07746400907364044,0.32577150694036056,0.0,-1.6837845560174705,-1.1600864315904176,-10.975206359468864,-10.753273902007786,10.06766174102922,9.132028670456792
0,0.75,8,lag1_exog,-0.08345109107838236,0.33346274480452737,0.0,-1.6837845560174705,-1.1704599882970648,-10.975206359468864,-10.83599689783462,10.06766174102922,9.15206415248645
0,0.75,8,block_mean,-0.05564389568995155,0.3032800208069365,0.0,-1.6837845560174705,-1.1609166590699869,-10.975206359468864,-10.632512393209357,10.06766174102922,9.127765517067937
0,0.75,8,shift_level_drift,-0.14114993350936592,0.45133220358386505,0.0,-1.6837845560174705,-1.1680901906577177,-10.975206359468864,-11.094322508262966,10.06766174102922,8.498380584884696
0,0.75,8,washout_1_drift,-0.06286946659096466,0.3076280759060027,0.0,-1.6837845560174705,-1.2213206716703398,-10.975206359468864,-10.752041045780974,10.06766174102922,9.131003172620208
0,1.0,1,shift_level,-0.6597124497123172,1.9427450623471794,0.0,-1.7048996649842234,-1.171225553801687,-10.975206359468864,-10.679520552100742,10.067094079619448,2.6770262706153294
0,1.0,1,lag1_exog,-0.5698672651180617,1.456707557681668,0.0,-1.7048996649842234,-1.1851621680857258,-10.975206359468864,-10.999854562140342,10.067094079619448,4.573308233059466
0,1.0,1,shift_level_drift,-0.6750273651809187,1.9380050520237944,0.0,-1.7048996649842234,-1.2670424970179144,-10.975206359468864,-10.707655501557223,10.067094079619448,2.6870262041053223
0,1.0,2,shift_level,-0.46930344994978784,1.7392659386641474,0.0,-1.7048996649842234,-1.353192575888532,-10.975206359468864,-10.121456038385942,10.067094079619448,3.6130372974173026
0,1.0,2,washout_1,-0.3738236291377142,1.4645202372108221,0.0,-1.7048996649842234,-1.5064578978295844,-10.975206359468864,-9.647768346749718,10.067094079619448,4.731949412095467
0,1.0,2,lag1_exog,-0.3362640799659968,1.3582814604265059,0.0,-1.7048996649842234,-1.5257571146704392,-10.975206359468864,-9.53160234805257,10.067094079619448,5.127322713162863
0,1.0,2,block_mean,-0.3738236291377142,1.4645202372108221,0.0,-1.7048996649842234,-1.5064578978295844,-10.975206359468864,-9.647768346749718,10.067094079619448,4.731949412095467
0,1.0,2,shift_level_drift,-0.5060803924562012,1.7310361807265797,0.0,-1.7048996649842234,-1.4048286368657708,-10.975206359468864,-10.099577095945904,10.067094079619448,3.6158797045775417
0,1.0,2,washout_1_drift,-0.38954230844361953,1.4615064424742183,0.0,-1.7048996649842234,-1.46044997829988,-10.975206359468864,-9.627669714730452,10.067094079619448,4.734814485994008
0,1.0,4,shift_level,-0.4960029474923388,1.3638175741782164,0.0,-1.7048996649842234,-2.251015816768751,-10.975206359468864,-10.264209381975064,10.067094079619448,4.802827261126232
0,1.0,4,washout_1,-0.41778325233624036,1.0995965973624369,0.0,-1.7048996649842234,-2.3184705307431277,-10.975206359468864,-10.52883300854923,10.067094079619448,5.799322898580209
0,1.0,4,lag1_exog,-0.41452143863807683,1.048233286559506,0.0,-1.7048996649842234,-2.405432517351427,-10.975206359468864,-10.45978874404209,10.067094079619448,5.999946304058192
0,1.0,4,block_mean,-0.4084591651018668,1.0941812705245224,0.0,-1.7048996649842234,-2.323663810406541,-10.975206359468864,-11.120613676336497,10.067094079619448,5.790938526227116
0,1.0,4,shift_level_drift,-0.4657282715161832,1.359601610108272,0.0,-1.7048996649842234,-1.434396936041515,-10.975206359468864,-10.253346924608419,10.067094079619448,4.8018551008689165
0,1.0,4,washout_1_drift,-0.3940899945155138,1.091193660755598,0.0,-1.7048996649842234,-1.4469196652620384,-10.975206359468864,-10.514808962019822,10.067094079619448,5.798619242619989
0,1.0,8,shift_level,-0.30105300143967145,0.8166025615043452,0.0,-1.7048996649842234,-1.1088834982273386,-10.975206359468864,-11.069382777295903,10.067094079619448,6.900948790491203
0,1.0,8,washout_1,-0.23141227965213837,0.6437694413433661,0.0,-1.7048996649842234,-1.2011881165897964,-10.975206359468864,-10.731381495486449,10.067094079619448,7.601808523831544
0,1.0,8,lag1_exog,-0.2293526273431453,0.6291790409795834,0.0,-1.7048996649842234,-1.2074329611151875,-10.975206359468864,-10.817676286411881,10.067094079619448,7.675616510174654
0,1.0,8,block_mean,-0.20973015368575276,0.6348683806659242,0.0,-1.7048996649842234,-1.2006875299870525,-10.975206359468864,-10.60965382486376,10.067094079619448,7.593412036761273
0,1.0,8,shift_level_drift,-0.2955048061533879,0.808263554860901,0.0,-1.7048996649842234,-1.1575203057662096,-10.975206359468864,-11.06710897150329,10.067094079619448,6.91028483055417
0,1.0,8,washout_1_drift,-0.21744703149274874,0.6385405226902399,0.0,-1.7048996649842234,-1.2093417633992372,-10.975206359468864,-10.731214238591358,10.067094079619448,7.601181294735515
1,0.0,1,shift_level,0.0949669310003424,0.4396726310795892,0.0,-1.3462664341099364,-1.409035871151282,-11.088999330868551,-9.29011691753028,10.071648573154452,10.139832524578445
1,0.0,1,lag1_exog,0.18362306700394887,0.39429886264930397,0.0,-1.3462664341099364,-1.5535904635895021,-11.088999330868551,-9.64942167591093,10.071648573154452,10.149365061699992
1,0.0,1,shift_level_drift,0.09556201463762781,0.4350600176145532,0.0,-1.3462664341099364,-1.4406353005392436,-11.088999330868551,-9.311455392522562,10.071648573154452,10.140451820796173
1,0.0,2,shift_level,0.04993035482405627,0.14958302241708324,0.0,-1.3462664341099364,-1.179197712219028,-11.088999330868551,-11.152654438781969,10.071648573154452,10.095180783621283
1,0.0,2,washout_1,0.13631389265858054,0.3564863779402648,0.0,-1.3462664341099364,-1.2854922879949244,-11.088999330868551,-10.518753668114659,10.071648573154452,10.05763297997674
1,0.0,2,lag1_exog,0.0993110920185626,0.25265502845359106,0.0,-1.3462664341099364,-1.134154480965107,-11.088999330868551,-10.50612582029568,10.071648573154452,10.139102362684024
1,0.0,2,block_mean,0.13631389265858054,0.3564863779402648,0.0,-1.3462664341099364,-1.2854922879949244,-11.088999330868551,-10.518753668114659,10.071648573154452,10.05763297997674
1,0.0,2,shift_level_drift,0.038265083594820816,0.1502262814743524,0.0,-1.3462664341099364,-1.39459628305353,-11.088999330868551,-11.135790829898173,10.071648573154452,10.095770490227926
1,0.0,2,washout_1_drift,0.12059898040516344,0.35344842868453163,0.0,-1.3462664341099364,-1.5144967442877175,-11.088999330868551,-10.52207365009411,10.071648573154452,10.05706945135894
1,0.0,4,shift_level,0.010829124386551101,0.17711039178294746,0.0,-1.3462664341099364,-1.437214031111699,-11.088999330868551,-10.751758072884348,10.071648573154452,10.076323165215767
1,0.0,4,washout_1,0.026855917208872093,0.1846982075475878,0.0,-1.3462664341099364,-1.4343003505703937,-11.088999330868551,-10.959973683094672,10.071648573154452,9.92711859861088
1,0.0,4,lag1_exog,0.013522461161457259,0.15730518108586536,0.0,-1.3462664341099364,-1.3082896314854677,-11.088999330868551,-11.225352008603222,10.071648573154452,10.024649761283847
1,0.0,4,block_mean,0.004887692803786955,0.12703126610599888,0.0,-1.3462664341099364,-1.3803253298688578,-11.088999330868551,-11.072956055061326,10.071648573154452,9.933707592074196
1,0.0,4,shift_level_drift,0.05693286665750656,0.20095970987714923,0.0,-1.3462664341099364,-1.3397611832777512,-11.088999330868551,-10.707929959405448,10.071648573154452,10.080259008211303
1,0.0,4,washout_1_drift,0.06331735158385395,0.2196446388790251,0.0,-1.3462664341099364,-1.3105478021156576,-11.088999330868551,-10.947247762358197,10.071648573154452,9.929269650526903
1,0.0,8,shift_level,-0.18299859965942428,0.4082201920916618,0.0,-1.3462664341099364,-1.01479813056259,-11.088999330868551,-11.890908295142525,10.071648573154452,9.91525904713162
1,0.0,8,washout_1,-0.21411592133686133,0.5235403671055859,0.0,-1.3462664341099364,-0.9789345270743516,-11.088999330868551,-12.385208167005036,10.071648573154452,9.832167913717152
1,0.0,8,lag1_exog,-0.1974093872682014,0.45572001681111046,0.0,-1.3462664341099364,-0.9749459745439868,-11.088999330868551,-12.167119652403665,10.071648573154452,9.856563669078552
1,0.0,8,block_mean,-0.17996246036048186,0.46572255994690814,0.0,-1.3462664341099364,-0.996305669032176,-11.088999330868551,-12.625337446528302,10.071648573154452,9.77012763290516
1,0.0,8,shift_level_drift,-0.12825834754584112,0.35098866381370236,0.0,-1.3462664341099364,-1.2132300980642645,-11.088999330868551,-11.797081833059643,10.071648573154452,9.896244450495853
1,0.0,8,washout_1_drift,-0.16221822327457272,0.4850363823383536,0.0,-1.3462664341099364,-1.1730279177026426,-11.088999330868551,-12.317595867077598,10.071648573154452,9.820344107653922
1,0.25,1,shift_level,-0.068482950300175,0.6369994301234888,0.0,-1.43686674109962,-1.3268756941508026,-11.088999330868555,-9.315613364591057,10.072031347209776,8.22649822423974
1,0.25,1,lag1_exog,0.15351376360712893,0.384652119506755,0.0,-1.43686674109962,-1.5576875506104477,-11.088999330868555,-9.700637920008312,10.072031347209776,9.849200770779927
1,0.25,1,shift_level_drift,-0.07216685556954107,0.6312001223130416,0.0,-1.43686674109962,-1.3692891073782831,-11.088999330868555,-9.345766261231237,10.072031347209776,8.225962365304346
1,0.25,2,shift_level,-0.05658935245651314,0.32597630783942644,0.0,-1.43686674109962,-1.0896818657617002,-11.088999330868555,-11.136986358386684,10.072031347209776,8.85466365969938
1,0.25,2,washout_1,0.10831741751526493,0.3722744200912556,0.0,-1.43686674109962,-1.2505247535401398,-11.088999330868555,-10.452233710179963,10.072031347209776,9.698173521821785
1,0.25,2,lag1_exog,0.0778532257167243,0.257346123902789,0.0,-1.43686674109962,-1.1190755605162526,-11.088999330868555,-10.483700973553649,10.072031347209776,9.846977998555046
1,0.25,2,block_mean,0.10831741751526493,0.3722744200912556,0.0,-1.43686674109962,-1.2505247535401398,-11.088999330868555,-10.452233710179963,10.072031347209776,9.698173521821785
1,0.25,2,shift_level_drift,-0.06091092892218424,0.3232330635692119,0.0,-1.43686674109962,-1.2926089754005405,-11.088999330868555,-11.089305663537793,10.072031347209776,8.857334342155761
1,0.25,2,washout_1_drift,0.10359001971066377,0.3747688731125145,0.0,-1.43686674109962,-1.4767534758311456,-11.088999330868555,-10.425659499017414,10.072031347209776,9.702655818885631
1,0.25,4,shift_level,-0.02162310445762467,0.24682303153934973,0.0,-1.43686674109962,-1.491128015493894,-11.088999330868555,-10.73224953767024,10.072031347209776,9.485546997376709
1,0.25,4,washout_1,0.036272706346392604,0.20832079895654299,0.0,-1.43686674109962,-1.5099301103675598,-11.088999330868555,-10.952381647390595,10.072031347209776,9.837861085359986
1,0.25,4,lag1_exog,0.02125860196301247,0.18048155672161495,0.0,-1.43686674109962,-1.395159332532817,-11.088999330868555,-11.213908457484607,10.072031347209776,9.919011763791605
1,0.25,4,block_mean,0.013993872025940813,0.14692058628796797,0.0,-1.43686674109962,-1.4593936803882797,-11.088999330868555,-11.06667824136797,10.072031347209776,9.843233442401399
1,0.25,4,shift_level_drift,0.019891762702255504,0.2703656330059419,0.0,-1.43686674109962,-1.3155413759186094,-11.088999330868555,-10.707696456014972,10.072031347209776,9.48811943891119
1,0.25,4,washout_1_drift,0.06829887978835367,0.24135176095859145,0.0,-1.43686674109962,-1.2821007418142394,-11.088999330868555,-10.952948948627522,10.072031347209776,9.837755905792086
1,0.25,8,shift_level,-0.19781495919910533,0.4020161034958421,0.0,-1.43686674109962,-1.0846987242612727,-11.088999330868555,-11.854897338687216,10.072031347209776,9.587253722184354
1,0.25,8,washout_1,-0.20919844244012684,0.5071458791752973,0.0,-1.43686674109962,-1.067928773691734,-11.088999330868555,-12.348593801611816,10.072031347209776,9.767016817286368
1,0.25,8,lag1_exog,-0.18922564650893,0.43785278419322515,0.0,-1.43686674109962,-1.0669813641538775,-11.088999330868555,-12.125028494821448,10.072031347209776,9.80081422187312
1,0.25,8,block_mean,-0.17600763070912298,0.4508303259789385,0.0,-1.43686674109962,-1.0848138949470303,-11.088999330868555,-12.586805779744452,10.072031347209776,9.706775387166502
1,0.25,8,shift_level_drift,-0.14293025334646975,0.35806440125321454,0.0,-1.43686674109962,-1.1681312769391752,-11.088999330868555,-11.786736833086422,10.072031347209776,9.565249442574915
1,0.25,8,washout_1_drift,-0.15674935293262768,0.4798533305653189,0.0,-1.43686674109962,-1.1215490128589933,-11.088999330868555,-12.306803073782318,10.072031347209776,9.753252397656246
1,0.5,1,shift_level,-0.23350166642019915,1.0435069111697841,0.0,-1.492616871696713,-1.2539918256617715,-11.088999330868555,-9.345387270112019,10.07254777253656,6.338200178688697
1,0.5,1,lag1_exog,0.04745738197561886,0.4801930337802061,0.0,-1.492616871696713,-1.5527434793577706,-11.088999330868555,-9.760517226278758,10.07254777253656,8.835657927617227
1,0.5,1,shift_level_drift,-0.23776586815976714,1.0394863567526766,0.0,-1.492616871696713,-1.2996125315299312,-11.088999330868555,-9.376578803171892,10.07254777253656,6.336356992122257
1,0.5,2,shift_level,-0.20056078746130207,0.6958983748055219,0.0,-1.492616871696713,-1.0147897992581916,-11.088999330868555,-11.115985531825734,10.07254777253656,7.256316154953252
1,0.5,2,washout_1,0.0041319218179489735,0.5071290212919259,0.0,-1.492616871696713,-1.2171698983922565,-11.088999330868555,-10.386886467205713,10.07254777253656,8.604180338562253
1,0.5,2,lag1_exog,-0.010032594378520636,0.37388297464910547,0.0,-1.492616871696713,-1.107275389831893,-11.088999330868555,-10.457998074244708,10.07254777253656,8.901106578852895
1,0.5,2,block_mean,0.0041319218179489735,0.5071290212919259,0.0,-1.492616871696713,-1.2171698983922565,-11.088999330868555,-10.386886467205713,10.07254777253656,8.604180338562253
1,0.5,2,shift_level_drift,-0.195257400009687,0.6934537383704668,0.0,-1.492616871696713,-1.1937222302594417,-11.088999330868555,-11.034196378725301,10.07254777253656,7.263602013499734
1,0.5,2,washout_1_drift,0.0091758700787801,0.510700454286608,0.0,-1.492616871696713,-1.4357088751711555,-11.088999330868555,-10.334719273272356,10.07254777253656,8.614551321169431
1,0.5,4,shift_level,-0.08767314712824596,0.42873058034551575,0.0,-1.492616871696713,-1.5259912395117188,-11.088999330868555,-10.723835191981646,10.07254777253656,8.588215335264126
1,0.5,4,washout_1,0.0012520694067756054,0.28509111080702654,0.0,-1.492616871696713,-1.5629853497746886,-11.088999330868555,-10.94976736157298,10.07254777253656,9.340660963810633
1,0.5,4,lag1_exog,-0.010331456086623477,0.25056355088113014,0.0,-1.492616871696713,-1.457672850202973,-11.088999330868555,-11.210258909384711,10.07254777253656,9.452508404411338
1,0.5,4,block_mean,-0.0214288522995118,0.2379342567564756,0.0,-1.492616871696713,-1.5155435162628492,-11.088999330868555,-11.06549117638065,10.07254777253656,9.343967448404726
1,0.5,4,shift_level_drift,-0.04970283510682135,0.44417416089832756,0.0,-1.492616871696713,-1.2937842415285523,-11.088999330868555,-10.7139043361994,10.07254777253656,8.589150195973765
1,0.5,4,washout_1_drift,0.03088051749912312,0.30866247603911195,0.0,-1.492616871696713,-1.2576481373561184,-11.088999330868555,-10.956422027020826,10.07254777253656,9.33939928282409
1,0.5,8,shift_level,-0.23030666996600016,0.4335269785455742,0.0,-1.492616871696713,-1.1217296520904803,-11.088999330868555,-11.82532362397061,10.07254777253656,9.097995842108775
1,0.5,8,washout_1,-0.22494336568841736,0.5017683114518892,0.0,-1.492616871696713,-1.121113762880916,-11.088999330868555,-12.313945107175108,10.07254777253656,9.51480704978414
1,0.5,8,lag1_exog,-0.201020722147141,0.43211213253386915,0.0,-1.492616871696713,-1.1190322420349819,-11.088999330868555,-12.092077193534028,10.07254777253656,9.566273779946286
1,0.5,8,block_mean,-0.19212022412051327,0.4471001889878804,0.0,-1.492616871696713,-1.1365238677408556,-11.088999330868555,-12.552307372580387,10.07254777253656,9.460890197464808
1,0.5,8,shift_level_drift,-0.1771939337701247,0.4066218582874589,0.0,-1.492616871696713,-1.1338164673167754,-11.088999330868555,-11.773328714710193,10.07254777253656,9.076246601834384
1,0.5,8,washout_1_drift,-0.1746542746622549,0.4858089189976173,0.0,-1.492616871696713,-1.0926388607487851,-11.088999330868555,-12.288587190505481,10.07254777253656,9.501356500489669
1,0.75,1,shift_level,-0.39801292027242996,1.4975847689198707,0.0,-1.5273732886627442,-1.2043499710174375,-11.088999330868551,-9.376119191441747,10.073245955875494,4.476080721346367
1,0.75,1,lag1_exog,-0.1302604293883061,0.827057476569368,0.0,-1.5273732886627442,-1.5478301292602088,-11.088999330868551,-9.814275299892739,10.073245955875494,7.1247593202871045
1,0.75,1,shift_level_drift,-0.40094277803569917,1.4950493890623893,0.0,-1.5273732886627442,-1.2469018372433982,-11.088999330868551,-9.404462789063407,10.073245955875494,4.473830574781003
1,0.75,2,shift_level,-0.3805446908165528,1.1609738755661878,0.0,-1.5273732886627442,-0.9670984118867311,-11.088999330868551,-11.092809574316203,10.073245955875494,5.341884318428736
1,0.75,2,washout_1,-0.17821508243374515,0.8710668571777664,0.0,-1.5273732886627442,-1.2059908873434297,-11.088999330868551,-10.335242118315191,10.073245955875494,6.810584728770067
1,0.75,2,lag1_exog,-0.17866347778515013,0.7288738509267125,0.0,-1.5273732886627442,-1.1108227229871501,-11.088999330868551,-10.437314990547096,10.073245955875494,7.213151312239819
1,0.75,2,block_mean,-0.17821508243374515,0.8710668571777664,0.0,-1.5273732886627442,-1.2059908873434297,-11.088999330868551,-10.335242118315191,10.073245955875494,6.810584728770067
1,0.75,2,shift_level_drift,-0.3670612034629875,1.1581392683705816,0.0,-1.5273732886627442,-1.1203565731764908,-11.088999330868551,-10.984454595975505,10.073245955875494,5.354645260560473
1,0.75,2,washout_1_drift,-0.16740599162720762,0.8710987939235424,0.0,-1.5273732886627442,-1.4168060675122085,-11.088999330868551,-10.27144946500475,10.073245955875494,6.8270215566592665
1,0.75,4,shift_level,-0.20734310980336404,0.7484786310360693,0.0,-1.5273732886627442,-1.5453167697174206,-11.088999330868551,-10.725996298845345,10.073245955875494,7.199546611083778
1,0.75,4,washout_1,-0.10487396902411246,0.5230592075207865,0.0,-1.5273732886627442,-1.5994700507661985,-11.088999330868551,-10.9558241887247,10.073245955875494,8.181116313692627
1,0.75,4,lag1_exog,-0.10741108556281395,0.47220049659053825,0.0,-1.5273732886627442,-1.5004529783672864,-11.088999330868551,-11.216891398127812,10.073245955875494,8.367746414761445
1,0.75,4,block_mean,-0.1279535342386258,0.49726856713295886,0.0,-1.5273732886627442,-1.5547814525312456,-11.088999330868551,-11.072900645750867,10.073245955875494,8.182794171962483
1,0.75,4,shift_level_drift,-0.17428248179014952,0.7571939548803546,0.0,-1.5273732886627442,-1.2814455450698752,-11.088999330868551,-10.727046315547557,10.073245955875494,7.199483601047237
1,0.75,4,washout_1_drift,-0.07878491097175529,0.5345108733926819,0.0,-1.5273732886627442,-1.2454225356002462,-11.088999330868551,-10.965449187531968,10.073245955875494,8.179635177343265
1,0.75,8,shift_level,-0.29885059253855334,0.552942448725241,0.0,-1.5273732886627442,-1.146926439023732,-11.088999330868551,-11.802129485448194,10.073245955875494,8.280397376488233
1,0.75,8,washout_1,-0.2807179432172368,0.5452338681745041,0.0,-1.5273732886627442,-1.1579379974177844,-11.088999330868551,-12.286045127174374,10.073245955875494,8.88368120565782
1,0.75,8,lag1_exog,-0.2521012703870045,0.4757808079081305,0.0,-1.5273732886627442,-1.154222030040779,-11.088999330868551,-12.066396098980356,10.073245955875494,8.969554149591996
1,0.75,8,block_mean,-0.24884373923217915,0.49610076712945267,0.0,-1.5273732886627442,-1.1749224462293257,-11.088999330868551,-12.525471833602385,10.073245955875494,8.845539661396147
1,0.75,8,shift_level_drift,-0.24771946661286856,0.541229982727515,0.0,-1.5273732886627442,-1.114830125988631,-11.088999330868551,-11.760785195816519,10.073245955875494,8.26235481961267
1,0.75,8,washout_1_drift,-0.23300280646857954,0.539328968567291,0.0,-1.5273732886627442,-1.0799234007687768,-11.088999330868551,-12.270904738907161,10.073245955875494,8.873251306722834
1,1.0,1,shift_level,-0.561040677370315,1.9632083280703954,0.0,-1.5473009323755216,-1.1627156284139253,-11.088999330868551,-9.405568997188908,10.074326240681998,2.6490377996615737
1,1.0,1,lag1_exog,-0.38144540469674626,1.40312965366897,0.0,-1.5473009323755216,-1.5481457080642849,-11.088999330868551,-9.867119274866281,10.074326240681998,4.744273284193361
1,1.0,1,shift_level_drift,-0.5625988746025178,1.9615715312573816,0.0,-1.5473009323755216,-1.202330970150566,-11.088999330868551,-9.430899654189147,10.074326240681998,2.647673346977749
1,1.0,2,shift_level,-0.5838194462672318,1.6931157046099203,0.0,-1.5473009323755216,-0.9371795472239359,-11.088999330868551,-11.063949533979194,10.074326240681998,3.2167268791380783
1,1.0,2,washout_1,-0.4210992379116765,1.4323017549295283,0.0,-1.5473009323755216,-1.2127423217771485,-11.088999330868551,-10.288358056153388,10.074326240681998,4.425450166711397
1,1.0,2,lag1_exog,-0.4238483731497306,1.3061126427061922,0.0,-1.5473009323755216,-1.120318098413967,-11.088999330868551,-10.41725522312534,10.074326240681998,4.794246716623848
1,1.0,2,block_mean,-0.4210992379116765,1.4323017549295283,0.0,-1.5473009323755216,-1.2127423217771485,-11.088999330868551,-10.288358056153388,10.074326240681998,4.425450166711397
1,1.0,2,shift_level_drift,-0.5657416555200404,1.69048240213042,0.0,-1.5473009323755216,-1.0744121019168895,-11.088999330868551,-10.94153942942202,10.074326240681998,3.230409096402721
1,1.0,2,washout_1_drift,-0.40871407874617377,1.42962441274007,0.0,-1.5473009323755216,-1.4166771619160565,-11.088999330868551,-10.226813191767882,10.074326240681998,4.443910823853953
1,1.0,4,shift_level,-0.40461868880175433,1.2595467192168257,0.0,-1.5473009323755216,-1.5477399744224494,-11.088999330868551,-10.733794383599928,10.074326240681998,5.080296970125437
1,1.0,4,washout_1,-0.31348020284213424,1.0281234610439351,0.0,-1.5473009323755216,-1.6217350837214257,-11.088999330868551,-10.966564245354535,10.074326240681998,6.031659026591014
1,1.0,4,lag1_exog,-0.308784142357183,0.9626898146115446,0.0,-1.5473009323755216,-1.5241450195498505,-11.088999330868551,-11.229606641417917,10.074326240681998,6.279113918765644
1,1.0,4,block_mean,-0.3364024884194342,1.0143604767206744,0.0,-1.5473009323755216,-1.579658962395212,-11.088999330868551,-11.08484394083908,10.074326240681998,6.033670743865832
1,1.0,4,shift_level_drift,-0.3770587968564056,1.264109883665516,0.0,-1.5473009323755216,-1.2699981674941994,-11.088999330868551,-10.744191202859874,10.074326240681998,5.079903918210638
1,1.0,4,washout_1_drift,-0.2923136650095643,1.0326733481476296,0.0,-1.5473009323755216,-1.2432217788978552,-11.088999330868551,-10.978027005150135,10.074326240681998,6.030736640649223
1,1.0,8,shift_level,-0.4467313445023727,0.8736225835441686,0.0,-1.5473009323755216,-1.1590964918749038,-11.088999330868551,-11.784451077618598,10.074326240681998,6.73568320362971
1,1.0,8,washout_1,-0.42783441399443506,0.7847139822608714,0.0,-1.5473009323755216,-1.1788341441472414,-11.088999330868551,-12.264066610316764,10.074326240681998,7.409738334347523
1,1.0,8,lag1_exog,-0.3918281415595044,0.7167429340302102,0.0,-1.5473009323755216,-1.1734299165613304,-11.088999330868551,-12.046686059079912,10.074326240681998,7.553752416720204
1,1.0,8,block_mean,-0.39809827647432966,0.7484804675876235,0.0,-1.5473009323755216,-1.1970293558119252,-11.088999330868551,-12.504920950131087,10.074326240681998,7.4063124745625295
1,1.0,8,shift_level_drift,-0.3972364841327928,0.8699805750674307,0.0,-1.5473009323755216,-1.1000294572240146,-11.088999330868551,-11.750741185674054,10.074326240681998,6.725087792522162
1,1.0,8,washout_1_drift,-0.38246002199226287,0.7841319947779515,0.0,-1.5473009323755216,-1.073148213267566,-11.088999330868551,-12.255454908202633,10.074326240681998,7.405296835260408
2,0.0,1,shift_level,0.012459987296829015,0.34222900893587116,0.0,-1.5325021077575416,-1.3612570829293855,-11.571006792554988,-11.657193646138023,9.998852258112652,10.05204997116498
2,0.0,1,lag1_exog,-0.04042763635031427,0.4304625741057986,0.05263157894736842,-1.5325021077575416,-1.3123262391376949,-11.571006792554988,-12.278741908371638,9.998852258112652,9.945255759854048
2,0.0,1,shift_level_drift,-0.010815128928081433,0.3240287497491049,0.0,-1.5325021077575416,-1.695551168103395,-11.571006792554988,-11.646720460981271,9.998852258112652,10.05117790843222
2,0.0,2,shift_level,0.0012142337979645407,0.4080499400443587,0.0,-1.5325021077575416,-1.6011876897316415,-11.571006792554988,-10.227054949528636,9.998852258112652,10.09615217693963
2,0.0,2,washout_1,0.004262374615983333,0.47401602760041306,0.05263157894736842,-1.5325021077575416,-1.7221312636394592,-11.571006792554988,-10.650307702661843,9.998852258112652,10.185279793746245
2,0.0,2,lag1_exog,-0.0025020434856449273,0.4835113459185932,0.05263157894736842,-1.5325021077575416,-1.6206201855385272,-11.571006792554988,-9.823953952086192,9.998852258112652,9.991311662644302
2,0.0,2,block_mean,0.004262374615983333,0.47401602760041306,0.05263157894736842,-1.5325021077575416,-1.7221312636394592,-11.571006792554988,-10.650307702661843,9.998852258112652,10.185279793746245
2,0.0,2,shift_level_drift,0.06561357215781956,0.4048097315056208,0.0,-1.5325021077575416,-1.6605472899972198,-11.571006792554988,-10.105516043425594,9.998852258112652,10.10051904186893
2,0.0,2,washout_1_drift,0.06910132509753467,0.4643067446271959,0.0,-1.5325021077575416,-1.7018141858545324,-11.571006792554988,-10.53522858632936,9.998852258112652,10.208958538745541
2,0.0,4,shift_level,0.04406342706152706,0.2667224116055876,0.0,-1.5325021077575416,-1.4758852391590103,-11.571006792554988,-11.047483039577486,9.998852258112652,10.046734953188036
2,0.0,4,washout_1,-0.046151151194186724,0.2511164340562153,0.0,-1.5325021077575416,-1.47659666183374,-11.571006792554988,-11.899216776668684,9.998852258112652,9.987043688527859
2,0.0,4,lag1_exog,-0.003941919597648702,0.2960040924929892,0.0,-1.5325021077575416,-1.4436472277828882,-11.571006792554988,-11.520062818418875,9.998852258112652,10.004581333832004
2,0.0,4,block_mean,-0.07252887543813365,0.29661817202259155,0.0,-1.5325021077575416,-1.4806574827157515,-11.571006792554988,-12.051496095509073,9.998852258112652,9.992302853302384
2,0.0,4,shift_level_drift,0.028916233747781878,0.23852918700333967,0.0,-1.5325021077575416,-1.3934727683957118,-11.571006792554988,-11.079861606575758,9.998852258112652,10.046050518620149
2,0.0,4,washout_1_drift,-0.07832205794478962,0.22394497186660137,0.0,-1.5325021077575416,-1.4742647194582226,-11.571006792554988,-11.990207285078968,9.998852258112652,9.977761534443331
2,0.0,8,shift_level,-0.13816300159575803,0.41677201307670714,0.0,-1.5325021077575416,-1.7907505525963654,-11.571006792554988,-12.632047091252076,9.998852258112652,9.98276449171097
2,0.0,8,washout_1,-0.14093141573955736,0.4677739037864271,0.0,-1.5325021077575416,-1.7138619619903626,-11.571006792554988,-12.766019245571787,9.998852258112652,9.93888676580699
2,0.0,8,lag1_exog,-0.14718001901182692,0.45871744183452756,0.0,-1.5325021077575416,-1.7762099315127786,-11.571006792554988,-12.75158561732583,9.998852258112652,9.980862896401925
2,0.0,8,block_mean,-0.08850015354400785,0.3153206531525424,0.0,-1.5325021077575416,-1.7299111530376086,-11.571006792554988,-12.325634438230697,9.998852258112652,9.923439211520853
2,0.0,8,shift_level_drift,-0.07431058593111406,0.3894595273706221,0.0,-1.5325021077575416,-1.5853119748047795,-11.571006792554988,-12.584227347333393,9.998852258112652,9.98331475116998
2,0.0,8,washout_1_drift,-0.07215813282629795,0.43505989738028966,0.0,-1.5325021077575416,-1.5371180559357915,-11.571006792554988,-12.725421207902576,9.998852258112652,9.942840234746393
2,0.25,1,shift_level,-0.16396766877244376,0.5847916002012759,0.0,-1.6787307095922754,-1.2934332592745856,-11.57100679255499,-11.705675179422363,9.998782951760994,8.259653341010935
2,0.25,1,lag1_exog,-0.09376812632286201,0.44769242889245026,0.05555555555555555,-1.6787307095922754,-1.4400936425495119,-11.57100679255499,-12.350294744932276,9.998782951760994,9.648150150912683
2,0.25,1,shift_level_drift,-0.17848324410626457,0.572618108008966,0.0,-1.6787307095922754,-1.5682766191188362,-11.57100679255499,-11.677966314066166,9.998782951760994,8.253620363773202
2,0.25,2,shift_level,-0.07838837966016166,0.48243745257585313,0.0,-1.6787307095922754,-1.45858684030248,-11.57100679255499,-10.21159800991078,9.998782951760994,9.085453085942103
2,0.25,2,washout_1,-0.009206218340512839,0.4829181670500154,0.05555555555555555,-1.6787307095922754,-1.662436349391216,-11.57100679255499,-10.610562381089682,9.998782951760994,9.852467601170067
2,0.25,2,lag1_exog,0.0005419712933627559,0.4912292329489325,0.05555555555555555,-1.6787307095922754,-1.5847811266636755,-11.57100679255499,-9.793135562860064,9.998782951760994,9.79093157478153
2,0.25,2,block_mean,-0.009206218340512839,0.4829181670500154,0.05555555555555555,-1.6787307095922754,-1.662436349391216,-11.57100679255499,-10.610562381089682,9.998782951760994,9.852467601170067
2,0.25,2,shift_level_drift,-0.022787037845757974,0.47996976177261913,0.0,-1.6787307095922754,-1.5396158746052548,-11.57100679255499,-10.115893219663093,9.998782951760994,9.087353751680027
2,0.25,2,washout_1_drift,0.04413625046562241,0.4703805113041955,0.0,-1.6787307095922754,-1.6801127463683616,-11.57100679255499,-10.535899209670756,9.998782951760994,9.873522162325699
2,0.25,4,shift_level,0.0074346308927101395,0.2815360753787119,0.0,-1.6787307095922754,-1.3976788120958699,-11.57100679255499,-11.117012514167406,9.998782951760994,9.601108645234234
2,0.25,4,washout_1,-0.047421630232703384,0.24288734260618094,0.0,-1.6787307095922754,-1.4556454545217983,-11.57100679255499,-11.98341596083007,9.998782951760994,9.903737140080162
2,0.25,4,lag1_exog,-0.005414540588863947,0.2876271755237526,0.0,-1.6787307095922754,-1.4314511178886906,-11.57100679255499,-11.592117986150113,9.998782951760994,9.931990179624915
2,0.25,4,block_mean,-0.07457805047776278,0.29111307793239455,0.0,-1.6787307095922754,-1.4635640077129126,-11.57100679255499,-12.137233443445393,9.998782951760994,9.909552781947037
2,0.25,4,shift_level_drift,-0.009459720263615868,0.2636303138096261,0.0,-1.6787307095922754,-1.3205403492049648,-11.57100679255499,-11.13506438067996,9.998782951760994,9.599836970169017
2,0.25,4,washout_1_drift,-0.07984480291637709,0.22570053061727233,0.0,-1.6787307095922754,-1.4442911832341396,-11.57100679255499,-12.039518692193909,9.998782951760994,9.896288463065854
2,0.25,8,shift_level,-0.15256879135911608,0.3989552477730063,0.0,-1.6787307095922754,-1.8050096683528154,-11.57100679255499,-12.578141902887577,9.998782951760994,9.762181253354498
2,0.25,8,washout_1,-0.13541283675647553,0.4427765568456074,0.0,-1.6787307095922754,-1.7531339738143517,-11.57100679255499,-12.705328622209409,9.998782951760994,9.907705032904474
2,0.25,8,lag1_exog,-0.14119604435882865,0.4342395221007567,0.0,-1.6787307095922754,-1.8222589107909655,-11.57100679255499,-12.690409659524503,9.998782951760994,9.947222640496262
2,0.25,8,block_mean,-0.08070837016097325,0.28953816699654367,0.0,-1.6787307095922754,-1.7630684290266496,-11.57100679255499,-12.259312131765192,9.998782951760994,9.889824692375258
2,0.25,8,shift_level_drift,-0.08911967149093047,0.38580817963698844,0.0,-1.6787307095922754,-1.5375600131046694,-11.57100679255499,-12.553238149773456,9.998782951760994,9.760239342987848
2,0.25,8,washout_1_drift,-0.06379226455941116,0.4190388200060074,0.0,-1.6787307095922754,-1.4848313970248668,-11.57100679255499,-12.68420157503978,9.998782951760994,9.90969907280492
2,0.5,1,shift_level,-0.3375934521700605,1.0083474975470479,0.0,-1.7515588687714176,-1.2547497325533148,-11.571006792554984,-11.736973738660128,9.998734581961227,6.440256031998739
2,0.5,1,lag1_exog,-0.21541436236010347,0.5596863453106191,0.0,-1.7515588687714176,-1.5334947448497753,-11.571006792554984,-12.397632498347011,9.998734581961227,8.676895431879943
2,0.5,1,shift_level_drift,-0.34550279577702087,1.0043158383369541,0.0,-1.7515588687714176,-1.4946598348907865,-11.571006792554984,-11.704183995714393,9.998734581961227,6.426085761124231
2,0.5,2,shift_level,-0.20115456573574853,0.7412195109337051,0.0,-1.7515588687714176,-1.3837121567417054,-11.571006792554984,-10.19958458042236,9.998734581961227,7.756438148174864
2,0.5,2,washout_1,-0.09999843434902901,0.5684298460249279,0.0,-1.7515588687714176,-1.6414013093329196,-11.571006792554984,-10.581403878501163,9.998734581961227,8.912256557577097
2,0.5,2,lag1_exog,-0.06629157276605156,0.5538465605980414,0.0,-1.7515588687714176,-1.5804293304634474,-11.571006792554984,-9.768342071697022,9.998734581961227,9.068618423166443
2,0.5,2,block_mean,-0.09999843434902901,0.5684298460249279,0.0,-1.7515588687714176,-1.6414013093329196,-11.571006792554984,-10.581403878501163,9.998734581961227,8.912256557577097
2,0.5,2,shift_level_drift,-0.1497745525676992,0.7420455196809881,0.0,-1.7515588687714176,-1.4674006725765074,-11.571006792554984,-10.122356222476405,9.998734581961227,7.75670788396393
2,0.5,2,washout_1_drift,-0.053625943523723886,0.5573138494475964,0.0,-1.7515588687714176,-1.664542685832205,-11.571006792554984,-10.530215924426244,9.998734581961227,8.930146824580241
2,0.5,4,shift_level,-0.06018087245623844,0.40604829288378735,0.0,-1.7515588687714176,-1.3535347262175745,-11.571006792554984,-11.163862032629932,9.998734581961227,8.911917021496542
2,0.5,4,washout_1,-0.09071277036053048,0.2818741630310483,0.0,-1.7515588687714176,-1.4501602433956196,-11.571006792554984,-12.03868372089078,9.998734581961227,9.50420438579177
2,0.5,4,lag1_exog,-0.042405023121404505,0.3116178299128038,0.0,-1.7515588687714176,-1.4292784918571069,-11.571006792554984,-11.639376662675044,9.998734581961227,9.585736805955246
2,0.5,4,block_mean,-0.11892316559971772,0.32662581252890827,0.0,-1.7515588687714176,-1.4612627175179453,-11.571006792554984,-12.192695935142167,9.998734581961227,9.509997147419904
2,0.5,4,shift_level_drift,-0.07720889969086445,0.3970074718765921,0.0,-1.7515588687714176,-1.27906504711714,-11.571006792554984,-11.17393187179869,9.998734581961227,8.910390776779266
2,0.5,4,washout_1_drift,-0.12170627772022871,0.27224747424702206,0.0,-1.7515588687714176,-1.4211192433643507,-11.571006792554984,-12.074356211297307,9.998734581961227,9.498565261580442
2,0.5,8,shift_level,-0.18343341482764158,0.4141742983470908,0.0,-1.7515588687714176,-1.8506114816493882,-11.571006792554984,-12.52812085221891,9.998734581961227,9.425556504260038
2,0.5,8,washout_1,-0.14796044359118013,0.43360976517919203,0.0,-1.7515588687714176,-1.8093604303750892,-11.571006792554984,-12.648301088326782,9.998734581961227,9.741102790700976
2,0.5,8,lag1_exog,-0.15334074989286364,0.4233382031058842,0.0,-1.7515588687714176,-1.8773480266947864,-11.571006792554984,-12.638765546529363,9.998734581961227,9.788965642854887
2,0.5,8,block_mean,-0.09177172980802588,0.28673282408046713,0.0,-1.7515588687714176,-1.8152389359623038,-11.571006792554984,-12.202277264082138,9.998734581961227,9.722363345660309
2,0.5,8,shift_level_drift,-0.12165603400504245,0.4121093015519855,0.0,-1.7515588687714176,-1.5152625888945943,-11.571006792554984,-12.518824180125943,9.998734581961227,9.423010747723414
2,0.5,8,washout_1_drift,-0.07663245133466245,0.418623678280032,0.0,-1.7515588687714176,-1.451499767969625,-11.571006792554984,-12.641733550530185,9.998734581961227,9.741677424084795
2,0.75,1,shift_level,-0.5054035306410914,1.4618697563801417,0.0,-1.795321866093702,-1.213504785722692,-11.571006792554984,-11.751515643199676,9.998647056284778,4.598265533721094
2,0.75,1,lag1_exog,-0.3992762646662734,0.8885950499136651,0.0,-1.795321866093702,-1.5978862234088624,-11.571006792554984,-12.415283842625227,9.998647056284778,7.019407570201931
2,0.75,1,shift_level_drift,-0.5082989838751548,1.4631150552064365,0.0,-1.795321866093702,-1.4314657030639846,-11.571006792554984,-11.715244268928158,9.998647056284778,4.575307345245206
2,0.75,2,shift_level,-0.35482990856402236,1.1383060865987307,0.0,-1.795321866093702,-1.332016786964601,-11.571006792554984,-10.194357571711796,9.998647056284778,6.081439799938018
2,0.75,2,washout_1,-0.2601523966385096,0.8672112065449206,0.0,-1.795321866093702,-1.6259877370422042,-11.571006792554984,-10.57185239969031,9.998647056284778,7.336603954932222
2,0.75,2,lag1_exog,-0.20434402277360725,0.7967295306814187,0.0,-1.795321866093702,-1.5794872429827045,-11.571006792554984,-9.757689652982574,9.998647056284778,7.690135588714227
2,0.75,2,block_mean,-0.2601523966385096,0.8672112065449206,0.0,-1.795321866093702,-1.6259877370422042,-11.571006792554984,-10.57185239969031,9.998647056284778,7.336603954932222
2,0.75,2,shift_level_drift,-0.30836070430640233,1.1413579702655314,0.0,-1.795321866093702,-1.4156297917677683,-11.571006792554984,-10.131377665979123,9.998647056284778,6.080362065808641
2,0.75,2,washout_1_drift,-0.2213071654597122,0.8602063785798916,0.0,-1.795321866093702,-1.6538898819312164,-11.571006792554984,-10.53319911189797,9.998647056284778,7.349992276318166
2,0.75,4,shift_level,-0.1791236490641946,0.6756259123250148,0.0,-1.795321866093702,-1.3236607852532614,-11.571006792554984,-11.19219260474627,9.998647056284778,7.808665566587856
2,0.75,4,washout_1,-0.19956550398726364,0.4719601210344847,0.0,-1.795321866093702,-1.4499519926640203,-11.571006792554984,-12.066947681832985,9.998647056284778,8.576535271935553
2,0.75,4,lag1_exog,-0.13972703891955834,0.45913245738423114,0.0,-1.795321866093702,-1.4278309308596973,-11.571006792554984,-11.663674098570278,9.998647056284778,8.748613582702777
2,0.75,4,block_mean,-0.228810321391096,0.5012270086180397,0.0,-1.795321866093702,-1.4633925979951505,-11.571006792554984,-12.220157690913998,9.998647056284778,8.58191521219196
2,0.75,4,shift_level_drift,-0.1945924777916209,0.6717579935667211,0.0,-1.795321866093702,-1.252369117567206,-11.571006792554984,-11.19763474339878,9.998647056284778,7.807301784424983
2,0.75,4,washout_1_drift,-0.22791507354381718,0.46861377702683304,0.0,-1.795321866093702,-1.4002451115632981,-11.571006792554984,-12.093461631905656,9.998647056284778,8.572500154296426
2,0.75,8,shift_level,-0.24738546233914224,0.5048679328585917,0.0,-1.795321866093702,-1.880175061635791,-11.571006792554984,-12.478473996710797,9.998647056284778,8.840596656703223
2,0.75,8,washout_1,-0.19924706274540402,0.46609073171630244,0.0,-1.795321866093702,-1.8499288637259308,-11.571006792554984,-12.59434003262488,9.998647056284778,9.290988006719495
2,0.75,8,lag1_exog,-0.20148809177021823,0.4499223017615547,0.0,-1.795321866093702,-1.9165917542927489,-11.571006792554984,-12.588954608515808,9.998647056284778,9.365652743869358
2,0.75,8,block_mean,-0.14287693470342266,0.34434369031995643,0.0,-1.795321866093702,-1.8574236597458518,-11.571006792554984,-12.150617928658834,9.998647056284778,9.273975992974057
2,0.75,8,shift_level_drift,-0.1882472271106756,0.509409993353692,0.0,-1.795321866093702,-1.49312654387208,-11.571006792554984,-12.477155513920955,9.998647056284778,8.83857547000922
2,0.75,8,washout_1_drift,-0.1309622571505342,0.45865246015339156,0.0,-1.795321866093702,-1.4254088461990335,-11.571006792554984,-12.594727112424549,9.998647056284778,9.29097219238183
2,1.0,1,shift_level,-0.6654792789760364,1.9190595175783633,0.0,-1.8203420858913733,-1.1845324465746379,-11.571006792554986,-11.756737260281481,9.998474221383567,2.749922167630125
2,1.0,1,lag1_exog,-0.6407290258601811,1.432051447929697,0.0,-1.8203420858913733,-1.6488751129005284,-11.571006792554986,-12.415721587175657,9.998474221383567,4.687871905066393
2,1.0,1,shift_level_drift,-0.6657845394505381,1.9229094958167225,0.0,-1.8203420858913733,-1.3885927943890883,-11.571006792554986,-11.717983209898492,9.998474221383567,2.7258588192333493
2,1.0,2,shift_level,-0.5390125544956238,1.6413573625597864,0.0,-1.8203420858913733,-1.2974563065692797,-11.571006792554986,-10.181081388960504,9.998474221383567,4.030773804203033
2,1.0,2,washout_1,-0.48841849012811617,1.3899145143509872,0.0,-1.8203420858913733,-1.623022981782996,-11.571006792554986,-10.569925616522502,9.998474221383567,5.089763304339176
2,1.0,2,lag1_exog,-0.4236945352694466,1.2936995650565593,0.0,-1.8203420858913733,-1.5870828187238513,-11.571006792554986,-9.740311329416107,9.998474221383567,5.506967429494236
2,1.0,2,block_mean,-0.48841849012811617,1.3899145143509872,0.0,-1.8203420858913733,-1.623022981782996,-11.571006792554986,-10.569925616522502,9.998474221383567,5.089763304339176
2,1.0,2,shift_level_drift,-0.4987456710324549,1.6455462426354759,0.0,-1.8203420858913733,-1.3832674413875865,-11.571006792554986,-10.132581409947313,9.998474221383567,4.027382734868852
2,1.0,2,washout_1_drift,-0.4593072111292575,1.3868724147907907,0.0,-1.8203420858913733,-1.6572648096344378,-11.571006792554986,-10.541135201099651,9.998474221383567,5.096209436548018
2,1.0,4,shift_level,-0.37321464990187003,1.1431255782886562,0.0,-1.8203420858913733,-1.2966522323207825,-11.571006792554986,-11.21048533960671,9.998474221383567,5.996973374826718
2,1.0,4,washout_1,-0.4053425282666644,0.9302403826436549,0.0,-1.8203420858913733,-1.4463390188715812,-11.571006792554986,-12.087651075823933,9.998474221383567,6.765715924629912
2,1.0,4,lag1_exog,-0.335514580957474,0.8787472882956138,0.0,-1.8203420858913733,-1.4224579038194665,-11.571006792554986,-11.679691995016725,9.998474221383567,7.020555848762161
2,1.0,4,block_mean,-0.43539526432917436,0.9461248080051667,0.0,-1.8203420858913733,-1.4614682426614825,-11.571006792554986,-12.240142199933029,9.998474221383567,6.7722270426695195
2,1.0,4,shift_level_drift,-0.385953889317011,1.1411652734933688,0.0,-1.8203420858913733,-1.2258934569278934,-11.571006792554986,-11.213152486794485,9.998474221383567,5.99643120439892
2,1.0,4,washout_1_drift,-0.43030338312669997,0.9285340686315637,0.0,-1.8203420858913733,-1.3800509533313423,-11.571006792554986,-12.109137847993377,9.998474221383567,6.764729927891398
2,1.0,8,shift_level,-0.3909440590726704,0.7890156577789845,0.0,-1.8203420858913733,-1.8923775055090357,-11.571006792554986,-12.434686831600985,9.998474221383567,7.640118931048334
2,1.0,8,washout_1,-0.3396495006742182,0.6833626548627131,0.0,-1.8203420858913733,-1.871432034150522,-11.571006792554986,-12.54798877184203,9.998474221383567,8.151815354965489
2,1.0,8,lag1_exog,-0.33603030439952297,0.6520942229601543,0.0,-1.8203420858913733,-1.9375355274832775,-11.571006792554986,-12.545133768232766,9.998474221383567,8.27634713918825
2,1.0,8,block_mean,-0.2818438415942698,0.6128090438813354,0.0,-1.8203420858913733,-1.8824896524108454,-11.571006792554986,-12.107253062612852,9.998474221383567,8.1420449706486
2,1.0,8,shift_level_drift,-0.3353519650188032,0.7950816815873035,0.0,-1.8203420858913733,-1.4708075192292775,-11.571006792554986,-12.436587316091881,9.998474221383567,7.638805548409849
2,1.0,8,washout_1_drift,-0.27597818565816423,0.6821794692097951,0.0,-1.8203420858913733,-1.4033330599528766,-11.571006792554986,-12.54914825771104,9.998474221383567,8.152207190071788
3,0.0,1,shift_level,-0.007026056874598824,0.19901866107326097,0.0,-1.4838266501834294,-1.507236499219111,-12.186445096521107,-11.864679039261855,10.029313292375722,9.972950125352714
3,0.0,1,lag1_exog,-0.03563542248760383,0.3536069212398582,0.0,-1.4838266501834294,-1.3869835732668716,-12.186445096521107,-10.96814464220212,10.029313292375722,9.880915182475178
3,0.0,1,shift_level_drift,0.004185521338522198,0.20308153166313245,0.0,-1.4838266501834294,-1.5006300827624832,-12.186445096521107,-11.84453979661222,10.029313292375722,9.973345729954817
3,0.0,2,shift_level,0.07373637262674573,0.4757216321758159,0.0,-1.4838266501834294,-1.398577773945814,-12.186445096521107,-10.813682530084607,10.029313292375722,9.992981990553567
3,0.0,2,washout_1,0.07712224883458496,0.48227989921147413,0.05263157894736842,-1.4838266501834294,-1.3697578004701296,-12.186445096521107,-11.352329316528195,10.029313292375722,10.155437905975395
3,0.0,2,lag1_exog,0.06530513283949536,0.40714426581174884,0.0,-1.4838266501834294,-1.2051405246155427,-12.186445096521107,-11.484119466962287,10.029313292375722,10.000584801153199
3,0.0,2,block_mean,0.07712224883458496,0.48227989921147413,0.05263157894736842,-1.4838266501834294,-1.3697578004701296,-12.186445096521107,-11.352329316528195,10.029313292375722,10.155437905975395
3,0.0,2,shift_level_drift,0.06843441593605638,0.47960852718072994,0.0,-1.4838266501834294,-1.2642842748139405,-12.186445096521107,-10.821044804170533,10.029313292375722,9.992593865190472
3,0.0,2,washout_1_drift,0.05996183992361248,0.48451854039043163,0.05263157894736842,-1.4838266501834294,-1.3987054986051386,-12.186445096521107,-11.36325172975357,10.029313292375722,10.155837097156677
3,0.0,4,shift_level,0.08529150038564173,0.48073378213549145,0.0,-1.4838266501834294,-1.390890193310589,-12.186445096521107,-11.535269216288594,10.029313292375722,9.99007913737547
3,0.0,4,washout_1,0.014146157504864282,0.6551733518052486,0.0,-1.4838266501834294,-1.547039950908876,-12.186445096521107,-11.640935541925232,10.029313292375722,9.772409523464455
3,0.0,4,lag1_exog,0.04701870393434037,0.6026968904743197,0.0,-1.4838266501834294,-1.4809196114911236,-12.186445096521107,-11.652171498773107,10.029313292375722,9.918827815184995
3,0.0,4,block_mean,0.013216593532617766,0.5648989248056585,0.0,-1.4838266501834294,-1.5419338540363237,-12.186445096521107,-12.193928462691419,10.029313292375722,9.763545697847531
3,0.0,4,shift_level_drift,-0.019307683663755824,0.4085325301676429,0.0,-1.4838266501834294,-1.6066338104952211,-12.186445096521107,-11.825937016163195,10.029313292375722,9.95747330957863
3,0.0,4,washout_1_drift,-0.08164460574168589,0.5828074438666989,0.0,-1.4838266501834294,-1.622186556501018,-12.186445096521107,-11.939658914782902,10.029313292375722,9.744132586733436
3,0.0,8,shift_level,-0.269211470686703,0.4854926062441869,0.05263157894736842,-1.4838266501834294,-1.902289411046848,-12.186445096521107,-11.98889907659919,10.029313292375722,10.061509795297319
3,0.0,8,washout_1,-0.32115658440596256,0.5435536503449546,0.05263157894736842,-1.4838266501834294,-1.9258468514589555,-12.186445096521107,-12.279534131292875,10.029313292375722,10.0981026635307
3,0.0,8,lag1_exog,-0.317561561191486,0.5325025067861842,0.05263157894736842,-1.4838266501834294,-1.8689489144000653,-12.186445096521107,-12.287483884409728,10.029313292375722,10.085260869998974
3,0.0,8,block_mean,-0.314229395583795,0.5473559866521382,0.05263157894736842,-1.4838266501834294,-1.9419079319211368,-12.186445096521107,-12.073534553262089,10.029313292375722,10.087270790584126
3,0.0,8,shift_level_drift,-0.10079351647300165,0.26918745237785385,0.0,-1.4838266501834294,-1.6055029570189765,-12.186445096521107,-11.809733556398271,10.029313292375722,10.073813256189332
3,0.0,8,washout_1_drift,-0.15039576469166324,0.3169269962622933,0.05263157894736842,-1.4838266501834294,-1.5651732578885353,-12.186445096521107,-12.144538524353358,10.029313292375722,10.112175083874904
3,0.25,1,shift_level,-0.17223520688689956,0.5484372296071733,0.0,-1.5997760169776623,-1.375128497275007,-12.186445096521117,-11.87598444985046,10.029347558460255,8.069509663114781
3,0.25,1,lag1_exog,-0.047457317413527336,0.362033777642473,0.0,-1.5997760169776623,-1.3815321009098764,-12.186445096521117,-11.02345541659982,10.029347558460255,9.567984605360879
3,0.25,1,shift_level_drift,-0.16456760804436812,0.5519671605926351,0.0,-1.5997760169776623,-1.3627228680627348,-12.186445096521117,-11.851410133026508,10.029347558460255,8.068213200633505
3,0.25,2,shift_level,-0.010816585185482622,0.5556934995763076,0.0,-1.5997760169776623,-1.259240076794381,-12.186445096521117,-10.853280823974767,10.029347558460255,8.936373981910378
3,0.25,2,washout_1,0.049708643298076734,0.4856165512529558,0.05263157894736842,-1.5997760169776623,-1.3027026719127166,-12.186445096521117,-11.415745499851273,10.029347558460255,9.796614258107867
3,0.25,2,lag1_exog,0.0528612301385901,0.41505180071109377,0.05263157894736842,-1.5997760169776623,-1.1758626302067974,-12.186445096521117,-11.5346991533453,10.029347558460255,9.77364762800323
3,0.25,2,block_mean,0.049708643298076734,0.4856165512529558,0.05263157894736842,-1.5997760169776623,-1.3027026719127166,-12.186445096521117,-11.415745499851273,10.029347558460255,9.796614258107867
3,0.25,2,shift_level_drift,-0.02473697572995594,0.559117731426384,0.0,-1.5997760169776623,-1.1784096647508542,-12.186445096521117,-10.87021039237461,10.029347558460255,8.93592961863246
3,0.25,2,washout_1_drift,0.02413883192825132,0.48751492524612927,0.05263157894736842,-1.5997760169776623,-1.371526901397409,-12.186445096521117,-11.437284113088214,10.029347558460255,9.796966326724592
3,0.25,4,shift_level,0.018046004172900438,0.49058965975204855,0.0,-1.5997760169776623,-1.545855902371835,-12.186445096521117,-11.76994815559313,10.029347558460255,9.465452436488869
3,0.25,4,washout_1,-0.010075966938581997,0.647218391151492,0.0,-1.5997760169776623,-1.743666328667939,-12.186445096521117,-11.875825589712665,10.029347558460255,9.716374715024255
3,0.25,4,lag1_exog,0.01805157411554647,0.5916117360540105,0.0,-1.5997760169776623,-1.6979199165409022,-12.186445096521117,-11.902755180821615,10.029347558460255,9.846659164202734
3,0.25,4,block_mean,-0.010450036488193407,0.5672747514134919,0.0,-1.5997760169776623,-1.7311535294747573,-12.186445096521117,-12.430492350563263,10.029347558460255,9.709521245771365
3,0.25,4,shift_level_drift,-0.06348598872904135,0.4193482116789877,0.0,-1.5997760169776623,-1.6325086884915494,-12.186445096521117,-11.931148579670754,10.029347558460255,9.43208716409261
3,0.25,4,washout_1_drift,-0.08207497451317769,0.5759347523503435,0.0,-1.5997760169776623,-1.6435521471773114,-12.186445096521117,-12.030440164203208,10.029347558460255,9.688543733359685
3,0.25,8,shift_level,-0.27411291959290474,0.4493300641810915,0.05263157894736842,-1.5997760169776623,-1.9005372474756874,-12.186445096521117,-12.085535152975886,10.029347558460255,9.825385883938575
3,0.25,8,washout_1,-0.30496214250214493,0.5075736728228978,0.05263157894736842,-1.5997760169776623,-1.9338452107215456,-12.186445096521117,-12.376762013482388,10.029347558460255,10.047840285635798
3,0.25,8,lag1_exog,-0.29993297493056126,0.49391688726142774,0.05263157894736842,-1.5997760169776623,-1.8837920251651397,-12.186445096521117,-12.378516258593628,10.029347558460255,10.041479782042632
3,0.25,8,block_mean,-0.29753204461666816,0.5114175956439241,0.05263157894736842,-1.5997760169776623,-1.9464465523481562,-12.186445096521117,-12.168923560474555,10.029347558460255,10.03725010330259
3,0.25,8,shift_level_drift,-0.11273813227275083,0.2460319001761,0.05263157894736842,-1.5997760169776623,-1.5584332636365754,-12.186445096521117,-11.907607590863712,10.029347558460255,9.824609860537057
3,0.25,8,washout_1_drift,-0.13835911009917673,0.29367115087709367,0.05263157894736842,-1.5997760169776623,-1.5284147174647904,-12.186445096521117,-12.241717774337493,10.029347558460255,10.064468012603667
3,0.5,1,shift_level,-0.33836761165834733,1.0124957425378311,0.0,-1.664384830215491,-1.2715818521597642,-12.186445096521112,-11.876015544081055,10.029145770023511,6.210855767641286
3,0.5,1,lag1_exog,-0.1420109672785965,0.5084869966108123,0.0,-1.664384830215491,-1.4022210770728074,-12.186445096521112,-11.044281130054623,10.029145770023511,8.574489424352848
3,0.5,1,shift_level_drift,-0.3339903899841548,1.0151553546786514,0.0,-1.664384830215491,-1.2676225433578312,-12.186445096521112,-11.852273991197272,10.029145770023511,6.207539627145817
3,0.5,2,shift_level,-0.13765072751544327,0.806155258701683,0.0,-1.664384830215491,-1.15278010257117,-12.186445096521112,-10.898432618579733,10.029145770023511,7.558287530878571
3,0.5,2,washout_1,-0.05258941701712103,0.5788475566472494,0.0,-1.664384830215491,-1.2516073712949636,-12.186445096521112,-11.474497675587944,10.029145770023511,8.81794650927114
3,0.5,2,lag1_exog,-0.02892106953482095,0.49374869046284064,0.0,-1.664384830215491,-1.148920010337718,-12.186445096521112,-11.593763928565382,10.029145770023511,9.003013643726328
3,0.5,2,block_mean,-0.05258941701712103,0.5788475566472494,0.0,-1.664384830215491,-1.2516073712949636,-12.186445096521112,-11.474497675587944,10.029145770023511,8.81794650927114
3,0.5,2,shift_level_drift,-0.15409334997516394,0.807120989494782,0.0,-1.664384830215491,-1.1094390175785982,-12.186445096521112,-10.917053536186817,10.029145770023511,7.559262462357139
3,0.5,2,washout_1_drift,-0.07958031209206208,0.5783574274105311,0.0,-1.664384830215491,-1.3523385723380472,-12.186445096521112,-11.496152760616312,10.029145770023511,8.81911158343106
3,0.5,4,shift_level,-0.07036595939396786,0.5854932335399194,0.0,-1.664384830215491,-1.6771651393472236,-12.186445096521112,-11.890282658606845,10.029145770023511,8.6569924982643
3,0.5,4,washout_1,-0.06290368512635067,0.6663932513416401,0.0,-1.664384830215491,-1.8905822135967185,-12.186445096521112,-11.98310113056428,10.029145770023511,9.285921059152512
3,0.5,4,lag1_exog,-0.032634461924883895,0.6062597477714267,0.0,-1.664384830215491,-1.8591891754493557,-12.186445096521112,-12.02320767346021,10.029145770023511,9.447111864060366
3,0.5,4,block_mean,-0.06287938174463857,0.593897098954306,0.0,-1.664384830215491,-1.8719674246070426,-12.186445096521112,-12.539213235505033,10.029145770023511,9.280502826364572
3,0.5,4,shift_level_drift,-0.13853418108517124,0.5270346459656033,0.0,-1.664384830215491,-1.6552367091233522,-12.186445096521112,-11.985719907487505,10.029145770023511,8.623300870735088
3,0.5,4,washout_1_drift,-0.12054721504229092,0.6000437854788382,0.0,-1.664384830215491,-1.644338654611907,-12.186445096521112,-12.065319511548399,10.029145770023511,9.262061771314631
3,0.5,8,shift_level,-0.294860363940368,0.44571247940201325,0.0,-1.664384830215491,-1.8869373093312385,-12.186445096521112,-12.137011927587363,10.029145770023511,9.468882187780274
3,0.5,8,washout_1,-0.30974333555762795,0.4887994918242197,0.0,-1.664384830215491,-1.9318553536034713,-12.186445096521112,-12.42943213046056,10.029145770023511,9.854140606195404
3,0.5,8,lag1_exog,-0.30135567954353615,0.47206075232199224,0.0,-1.664384830215491,-1.886529662947908,-12.186445096521112,-12.426099564235596,10.029145770023511,9.867942803683066
3,0.5,8,block_mean,-0.301965546222799,0.4922762142517261,0.0,-1.664384830215491,-1.9425005987275148,-12.186445096521112,-12.220256411499989,10.029145770023511,9.842989377614058
3,0.5,8,shift_level_drift,-0.14370969434921882,0.2780470025100792,0.0,-1.664384830215491,-1.5192557112303833,-12.186445096521112,-11.968161639794822,10.029145770023511,9.44825359843691
3,0.5,8,washout_1_drift,-0.1508827204338754,0.2914265896097623,0.0,-1.664384830215491,-1.500795404911306,-12.186445096521112,-12.300754187511048,10.029145770023511,9.866136606073752
3,0.75,1,shift_level,-0.5016867753800435,1.4798890988551165,0.0,-1.7056620465584764,-1.1961771187368544,-12.186445096521112,-11.862359205671982,10.02851507398815,4.392901371977226
3,0.75,1,lag1_exog,-0.31385256964599906,0.8773192968599957,0.0,-1.7056620465584764,-1.4317496830948975,-12.186445096521112,-11.041523381017166,10.02851507398815,6.922078437666582
3,0.75,1,shift_level_drift,-0.5004091007545959,1.4817683065756788,0.0,-1.7056620465584764,-1.200995047049955,-12.186445096521112,-11.84301513561611,10.02851507398815,4.388962623072279
3,0.75,2,shift_level,-0.30380414376040654,1.194694691582136,0.0,-1.7056620465584764,-1.0671783740562957,-12.186445096521112,-10.93377125845154,10.02851507398815,5.853398513654854
3,0.75,2,washout_1,-0.22784065949975402,0.8825639034350113,0.0,-1.7056620465584764,-1.2117320903558984,-12.186445096521112,-11.524582617618197,10.02851507398815,7.205811307321022
3,0.75,2,lag1_exog,-0.18687812368637585,0.7694679423973455,0.0,-1.7056620465584764,-1.1222790679371804,-12.186445096521112,-11.64220864204199,10.02851507398815,7.571073260123207
3,0.75,2,block_mean,-0.22784065949975402,0.8825639034350113,0.0,-1.7056620465584764,-1.2117320903558984,-12.186445096521112,-11.524582617618197,10.02851507398815,7.205811307321022
3,0.75,2,shift_level_drift,-0.3219477183320952,1.1933194001814045,0.0,-1.7056620465584764,-1.0563283107329513,-12.186445096521112,-10.95330642994001,10.02851507398815,5.856930819969593
3,0.75,2,washout_1_drift,-0.2548129523260057,0.880184827387444,0.0,-1.7056620465584764,-1.3407095698324358,-12.186445096521112,-11.5445740357743,10.02851507398815,7.208108420347714
3,0.75,4,shift_level,-0.20721321386561092,0.8273860400148826,0.0,-1.7056620465584764,-1.7795347599772788,-12.186445096521112,-11.954005221059697,10.02851507398815,7.369298808673508
3,0.75,4,washout_1,-0.18143990297581153,0.7855895100579678,0.0,-1.7056620465584764,-2.0029431339156427,-12.186445096521112,-12.034890911886047,10.02851507398815,8.228778099711292
3,0.75,4,lag1_exog,-0.1443512548533498,0.7105144949907999,0.0,-1.7056620465584764,-1.9796668252601284,-12.186445096521112,-12.082838363032323,10.02851507398815,8.462844783252278
3,0.75,4,block_mean,-0.180993613504977,0.7264867079101319,0.0,-1.7056620465584764,-1.980651427000877,-12.186445096521112,-12.591187301186432,10.02851507398815,8.225658979450412
3,0.75,4,shift_level_drift,-0.2656913910002939,0.788158215061737,0.0,-1.7056620465584764,-1.6673153544202435,-12.186445096521112,-12.016405787337934,10.02851507398815,7.336913886652743
3,0.75,4,washout_1_drift,-0.22927345454616516,0.7319303870690029,0.0,-1.7056620465584764,-1.6397214697294527,-12.186445096521112,-12.082215485132586,10.02851507398815,8.211213244618953
3,0.75,8,shift_level,-0.3486940385924891,0.5096980682452522,0.0,-1.7056620465584764,-1.8713273143733005,-12.186445096521112,-12.15200702172732,10.02851507398815,8.855865031872781
3,0.75,8,washout_1,-0.3527525735355189,0.5058363328111639,0.0,-1.7056620465584764,-1.9254953833577273,-12.186445096521112,-12.44775505401941,10.02851507398815,9.365030567239282
3,0.75,8,lag1_exog,-0.3387019708422218,0.48428569643020736,0.0,-1.7056620465584764,-1.8833180896850787,-12.186445096521112,-12.439492800943324,10.02851507398815,9.421282109239076
3,0.75,8,block_mean,-0.3448789531514608,0.5090022815066598,0.0,-1.7056620465584764,-1.935130028441471,-12.186445096521112,-12.237761788435646,10.02851507398815,9.35216855560167
3,0.75,8,shift_level_drift,-0.20851880318110685,0.40039144185848585,0.0,-1.7056620465584764,-1.4890579683867673,-12.186445096521112,-11.998171558872688,10.02851507398815,8.805309424853423
3,0.75,8,washout_1_drift,-0.2028101730089969,0.34186224443308116,0.0,-1.7056620465584764,-1.4777044155758976,-12.186445096521112,-12.333541932581719,10.02851507398815,9.360150382343736
3,1.0,1,shift_level,-0.6595121259350343,1.937950930685781,0.0,-1.7291749254619608,-1.1404110868226733,-12.186445096521117,-11.850204649467937,10.027177597365656,2.6206149188866723
3,1.0,1,lag1_exog,-0.5530242720995263,1.437847101637337,0.0,-1.7291749254619608,-1.4558423463270174,-12.186445096521117,-11.030888177563916,10.027177597365656,4.644233445822854
3,1.0,1,shift_level_drift,-0.6602134856540055,1.9393561348732138,0.0,-1.7291749254619608,-1.1560934611749392,-12.186445096521117,-11.83276619821629,10.027177597365656,2.616721274883326
3,1.0,2,shift_level,-0.5010811581586776,1.6867072452829697,0.0,-1.7291749254619608,-0.999967965383765,-12.186445096521117,-10.96443263883781,10.027177597365656,3.834410678171162
3,1.0,2,washout_1,-0.4683630383029659,1.4048710151360684,0.0,-1.7291749254619608,-1.1858335036881096,-12.186445096521117,-11.570421195891004,10.027177597365656,4.960751857177645
3,1.0,2,lag1_exog,-0.4248147603789069,1.2883741386102492,0.0,-1.7291749254619608,-1.1016292610934058,-12.186445096521117,-11.6871472077036,10.027177597365656,5.378117866269992
3,1.0,2,block_mean,-0.4683630383029659,1.4048710151360684,0.0,-1.7291749254619608,-1.1858335036881096,-12.186445096521117,-11.570421195891004,10.027177597365656,4.960751857177645
3,1.0,2,shift_level_drift,-0.5204444025270213,1.6837414316188946,0.0,-1.7291749254619608,-1.0157933923018103,-12.186445096521117,-10.984334953586938,10.027177597365656,3.840066313044444
3,1.0,2,washout_1_drift,-0.494677789248536,1.4019377335676568,0.0,-1.7291749254619608,-1.3355466256370825,-12.186445096521117,-11.588390892146098,10.027177597365656,4.9634933328543935
3,1.0,4,shift_level,-0.41729343377924566,1.2853429234705875,0.0,-1.7291749254619608,-1.855457537933445,-12.186445096521117,-11.987529873311335,10.027177597365656,5.345103390383508
3,1.0,4,washout_1,-0.4005135318578436,1.1646185628458952,0.0,-1.7291749254619608,-2.082909135590003,-12.186445096521117,-12.060073241942364,10.027177597365656,6.201017961333853
3,1.0,4,lag1_exog,-0.3563472757110113,1.0742590343870846,0.0,-1.7291749254619608,-2.0643212637146915,-12.186445096521117,-12.110769305498886,10.027177597365656,6.497947074866247
3,1.0,4,block_mean,-0.3997663393292984,1.1250865538430785,0.0,-1.7291749254619608,-2.0582123119429627,-12.186445096521117,-12.61556776439903,10.027177597365656,6.201837328627829
3,1.0,4,shift_level_drift,-0.4685751815851353,1.2612719748579435,0.0,-1.7291749254619608,-1.6692276435152595,-12.186445096521117,-12.032942193495645,10.027177597365656,5.315911793907673
3,1.0,4,washout_1_drift,-0.44195235778371045,1.1293981238734865,0.0,-1.7291749254619608,-1.6280073629162888,-12.186445096521117,-12.088990816867963,10.027177597365656,6.189543979151866
3,1.0,8,shift_level,-0.4770570528302075,0.7503234924960545,0.0,-1.7291749254619608,-1.8467532244962923,-12.186445096521117,-12.158834762679769,10.027177597365656,7.607559979338532
3,1.0,8,washout_1,-0.4795331093408301,0.6792175933754602,0.0,-1.7291749254619608,-1.9072274299563845,-12.186445096521117,-12.454442136779342,10.027177597365656,8.163856054944862
3,1.0,8,lag1_exog,-0.45743006128748515,0.6446975105601537,0.0,-1.7291749254619608,-1.8690117631565015,-12.186445096521117,-12.443049810422085,10.027177597365656,8.289825001227156
3,1.0,8,block_mean,-0.47195813762373506,0.6815434307554473,0.0,-1.7291749254619608,-1.9159097829628469,-12.186445096521117,-12.244366004426205,10.027177597365656,8.148306542256279
3,1.0,8,shift_level_drift,-0.34669335065431356,0.7063228930658453,0.0,-1.7291749254619608,-1.464112275566019,-12.186445096521117,-12.006731177782918,10.027177597365656,7.5161995389505245
3,1.0,8,washout_1_drift,-0.3385840195917537,0.5851342432856244,0.0,-1.7291749254619608,-1.4575840769241912,-12.186445096521117,-12.341763002128188,10.027177597365656,8.126509206880662
4,0.0,1,shift_level,0.07735232348903236,0.3677891416519668,0.0,-1.5879908407265404,-1.7130950834578822,-11.044540734268846,-10.411393630868833,10.095000369251046,10.044772608910037
4,0.0,1,lag1_exog,0.1525728624251477,0.6578611918561789,0.0,-1.5879908407265404,-1.8309901768479109,-11.044540734268846,-9.677958351467693,10.095000369251046,10.40892235625948
4,0.0,1,shift_level_drift,0.11956456584348131,0.37913357095250266,0.0,-1.5879908407265404,-1.5379213842023944,-11.044540734268846,-10.305086961694002,10.095000369251046,10.055549475469217
4,0.0,2,shift_level,-0.008707259399775279,0.2804980039776586,0.0,-1.5879908407265404,-1.2660061373192084,-11.044540734268846,-11.598088231266049,10.095000369251046,9.979746144403386
4,0.0,2,washout_1,0.007700337518564673,0.4247753871224542,0.0,-1.5879908407265404,-1.2242759603371685,-11.044540734268846,-12.719801724595083,10.095000369251046,10.241045099223633
4,0.0,2,lag1_exog,0.00483407287341999,0.321485335773245,0.0,-1.5879908407265404,-1.1370841812202783,-11.044540734268846,-11.6424002575958,10.095000369251046,10.013378252093222
4,0.0,2,block_mean,0.007700337518564673,0.4247753871224542,0.0,-1.5879908407265404,-1.2242759603371685,-11.044540734268846,-12.719801724595083,10.095000369251046,10.241045099223633
4,0.0,2,shift_level_drift,-0.09100249796142892,0.2882988377916511,0.0,-1.5879908407265404,-1.553851341196639,-11.044540734268846,-11.89840032743702,10.095000369251046,9.96505437052747
4,0.0,2,washout_1_drift,-0.07138197823762941,0.4409932300547251,0.0,-1.5879908407265404,-1.4271368058360498,-11.044540734268846,-12.998235011258899,10.095000369251046,10.241149281828058
4,0.0,4,shift_level,0.04096127810679769,0.22371075154190104,0.0,-1.5879908407265404,-1.8630024175354598,-11.044540734268846,-10.485904950570573,10.095000369251046,9.851110557137861
4,0.0,4,washout_1,0.03316191530256346,0.23864943800433758,0.0,-1.5879908407265404,-1.9150860044433948,-11.044540734268846,-10.759548174451433,10.095000369251046,10.054005599316321
4,0.0,4,lag1_exog,0.05066738182788092,0.2567885282981838,0.0,-1.5879908407265404,-1.8392751415668251,-11.044540734268846,-10.368619898500917,10.095000369251046,9.875403858309358
4,0.0,4,block_mean,0.009445128301817462,0.2652034392586649,0.0,-1.5879908407265404,-1.919789755406527,-11.044540734268846,-11.08312726299321,10.095000369251046,10.041848219268143
4,0.0,4,shift_level_drift,0.045973046620730026,0.19862147291270124,0.0,-1.5879908407265404,-1.7265216870768647,-11.044540734268846,-10.451418424386768,10.095000369251046,9.855933418441651
4,0.0,4,washout_1_drift,0.016132138908844896,0.1811620579342365,0.0,-1.5879908407265404,-1.6786914972212428,-11.044540734268846,-10.773151014219135,10.095000369251046,10.051861174100642
4,0.0,8,shift_level,-0.0944994622179964,0.2917055289557295,0.05263157894736842,-1.5879908407265404,-1.281110468252618,-11.044540734268846,-11.075672504766965,10.095000369251046,9.917911314361897
4,0.0,8,washout_1,-0.04929098055237981,0.3354036631248351,0.05263157894736842,-1.5879908407265404,-1.1869656690091217,-11.044540734268846,-10.717790442737112,10.095000369251046,9.978151778811908
4,0.0,8,lag1_exog,-0.07727200790386837,0.3178510572447087,0.05263157894736842,-1.5879908407265404,-1.1858251676901177,-11.044540734268846,-11.085144892640201,10.095000369251046,9.948851264862284
4,0.0,8,block_mean,-0.010010298745980015,0.3899918386127344,0.05263157894736842,-1.5879908407265404,-1.105801029721687,-11.044540734268846,-10.1098028488115,10.095000369251046,9.993404864670799
4,0.0,8,shift_level_drift,-0.00021159570144341322,0.19461944207547124,0.0,-1.5879908407265404,-1.3516424709980064,-11.044540734268846,-10.622612765569423,10.095000369251046,9.931217735214364
4,0.0,8,washout_1_drift,0.028555179773248333,0.2621999555837219,0.0,-1.5879908407265404,-1.2863160755049097,-11.044540734268846,-10.31342923685259,10.095000369251046,9.98913263402797
4,0.25,1,shift_level,-0.07633734822544616,0.6109323300150095,0.0,-1.740950184157624,-1.523669083768703,-11.044540734268843,-10.41848217616978,10.095451944291153,8.244017125377972
4,0.25,1,lag1_exog,0.13982581402001973,0.6442237523743607,0.05555555555555555,-1.740950184157624,-1.8023996631498924,-11.044540734268843,-9.66672177025212,10.095451944291153,10.049556591600316
4,0.25,1,shift_level_drift,-0.030209358048235904,0.6259430876968709,0.0,-1.740950184157624,-1.370972101991291,-11.044540734268843,-10.307191737607969,10.095451944291153,8.255682807301234
4,0.25,2,shift_level,-0.09614901597986435,0.4288196491476504,0.0,-1.740950184157624,-1.157692937064522,-11.044540734268843,-11.63511105640211,10.095451944291153,8.914897543417322
4,0.25,2,washout_1,-0.021365620053412828,0.43808128847460237,0.0,-1.740950184157624,-1.2078381975023211,-11.044540734268843,-12.783418645167735,10.095451944291153,9.847039991134455
4,0.25,2,lag1_exog,-0.018854147582022435,0.3371601964465681,0.0,-1.740950184157624,-1.1480412377241453,-11.044540734268843,-11.72356321682082,10.095451944291153,9.78132562520232
4,0.25,2,block_mean,-0.021365620053412828,0.43808128847460237,0.0,-1.740950184157624,-1.2078381975023211,-11.044540734268843,-12.783418645167735,10.095451944291153,9.847039991134455
4,0.25,2,shift_level_drift,-0.17399577046470935,0.429256644239075,0.0,-1.740950184157624,-1.4320415487647735,-11.044540734268843,-11.909023325474015,10.095451944291153,8.888973673281988
4,0.25,2,washout_1_drift,-0.09781444737214025,0.45048436026817334,0.0,-1.740950184157624,-1.3992141507225542,-11.044540734268843,-13.013113671038528,10.095451944291153,9.838888579962273
4,0.25,4,shift_level,0.009103506074835324,0.2839563535252804,0.0,-1.740950184157624,-1.806514211257717,-11.044540734268843,-10.514464714975752,10.095451944291153,9.29820995663707
4,0.25,4,washout_1,0.03303645686723114,0.24038336456345483,0.0,-1.740950184157624,-1.9101506146328613,-11.044540734268843,-10.756816239793778,10.095451944291153,9.890749951097154
4,0.25,4,lag1_exog,0.05274653943559792,0.2631655482463774,0.0,-1.740950184157624,-1.8465508463084466,-11.044540734268843,-10.384070601489084,10.095451944291153,9.76661084731142
4,0.25,4,block_mean,0.009677624905438829,0.2685534898923761,0.0,-1.740950184157624,-1.91544259510285,-11.044540734268843,-11.080539739441836,10.095451944291153,9.88028988926304
4,0.25,4,shift_level_drift,0.01263955353889864,0.26818035879189095,0.0,-1.740950184157624,-1.688643805334933,-11.044540734268843,-10.461242607952126,10.095451944291153,9.308201200454736
4,0.25,4,washout_1_drift,0.01830340378968458,0.18872378603651652,0.0,-1.740950184157624,-1.6553370665241847,-11.044540734268843,-10.755577621810854,10.095451944291153,9.890953824964935
4,0.25,8,shift_level,-0.06796405890211613,0.27675909780121055,0.05555555555555555,-1.740950184157624,-1.2988729313061813,-11.044540734268843,-10.875223266642593,10.095451944291153,9.660893729345789
4,0.25,8,washout_1,-0.00904679092030421,0.32644008902057725,0.05555555555555555,-1.740950184157624,-1.263642352793227,-11.044540734268843,-10.512564666922689,10.095451944291153,9.924056495652183
4,0.25,8,lag1_exog,-0.03619456771584434,0.2938632412533521,0.05555555555555555,-1.740950184157624,-1.2601755226183116,-11.044540734268843,-10.888627705466646,10.095451944291153,9.902305088330317
4,0.25,8,block_mean,0.031435554363637486,0.39353048811860797,0.05555555555555555,-1.740950184157624,-1.1780838871106485,-11.044540734268843,-9.900432272133267,10.095451944291153,9.934553421327347
4,0.25,8,shift_level_drift,-0.000805886747222718,0.2269454116190618,0.0,-1.740950184157624,-1.2908789748575917,-11.044540734268843,-10.581282946847992,10.095451944291153,9.668734614486926
4,0.25,8,washout_1_drift,0.0410964896593372,0.2830312969582461,0.05555555555555555,-1.740950184157624,-1.2505547026763777,-11.044540734268843,-10.275018547314778,10.095451944291153,9.927636443869948
4,0.5,1,shift_level,-0.23352131079920793,1.0316865150283243,0.0,-1.817150675033508,-1.3797426014903023,-11.044540734268846,-10.414058653540195,10.096019404084636,6.40999969993675
4,0.5,1,lag1_exog,0.047958249036292755,0.7042114387089665,0.0,-1.817150675033508,-1.762962658347789,-11.044540734268846,-9.643642380631462,10.096019404084636,8.983865874946442
4,0.5,1,shift_level_drift,-0.18843224865279032,1.0432539108756307,0.0,-1.817150675033508,-1.2434599201802814,-11.044540734268846,-10.307010738303184,10.096019404084636,6.422261053939003
4,0.5,2,shift_level,-0.22264411058560607,0.7356763310553596,0.0,-1.817150675033508,-1.087773626046248,-11.044540734268846,-11.673962655202757,10.096019404084636,7.512320063550826
4,0.5,2,washout_1,-0.1222080766935135,0.5468931633729369,0.0,-1.817150675033508,-1.199353607126703,-11.044540734268846,-12.836342284023068,10.096019404084636,8.827730099126278
4,0.5,2,lag1_exog,-0.10457955368060133,0.4375559108042785,0.0,-1.817150675033508,-1.1590346912923921,-11.044540734268846,-11.796664536996333,10.096019404084636,8.985673470627395
4,0.5,2,block_mean,-0.1222080766935135,0.5468931633729369,0.0,-1.817150675033508,-1.199353607126703,-11.044540734268846,-12.836342284023068,10.096019404084636,8.827730099126278
4,0.5,2,shift_level_drift,-0.29151403161279565,0.7356181743953958,0.0,-1.817150675033508,-1.3377145907525967,-11.044540734268846,-11.902698793338162,10.096019404084636,7.48167497814977
4,0.5,2,washout_1_drift,-0.19059622071893004,0.5534439143199077,0.0,-1.817150675033508,-1.376475960319211,-11.044540734268846,-13.00094909106641,10.096019404084636,8.816905159542724
4,0.5,4,shift_level,-0.05505775153292304,0.44644851299009886,0.0,-1.817150675033508,-1.7859470419536994,-11.044540734268846,-10.522286720526786,10.096019404084636,8.456674455677458
4,0.5,4,washout_1,-0.0079074271997031,0.2946778207270059,0.0,-1.817150675033508,-1.927739953366632,-11.044540734268846,-10.744438908657033,10.096019404084636,9.347729621631455
4,0.5,4,lag1_exog,0.01877525437435218,0.3114866751975493,0.0,-1.817150675033508,-1.8704704327899015,-11.044540734268846,-10.383912322689877,10.096019404084636,9.319645998516656
4,0.5,4,block_mean,-0.031335015740135606,0.31911458020754346,0.0,-1.817150675033508,-1.9333862481249506,-11.044540734268846,-11.068687630835463,10.096019404084636,9.338280562464224
4,0.5,4,shift_level_drift,-0.05125237946374198,0.43728661542504244,0.0,-1.817150675033508,-1.661941952989849,-11.044540734268846,-10.459467122879271,10.096019404084636,8.472289527389204
4,0.5,4,washout_1_drift,-0.02067286091459952,0.2559303403865512,0.0,-1.817150675033508,-1.6417067389106372,-11.044540734268846,-10.737704783146999,10.096019404084636,9.348955374006595
4,0.5,8,shift_level,-0.0836743774927142,0.3246072700530002,0.0,-1.817150675033508,-1.331604781418528,-11.044540734268846,-10.79032135205085,10.096019404084636,9.249608855573548
4,0.5,8,washout_1,-0.014906211717591569,0.33905664997652973,0.0,-1.817150675033508,-1.336317263081288,-11.044540734268846,-10.424666369053796,10.096019404084636,9.694740387046785
4,0.5,8,lag1_exog,-0.03819000458565623,0.3011994969346231,0.0,-1.817150675033508,-1.3260423591894528,-11.044540734268846,-10.804181774329376,10.096019404084636,9.693030974712844
4,0.5,8,block_mean,0.025779535529659954,0.4069135379532772,0.0,-1.817150675033508,-1.2510252447663102,-11.044540734268846,-9.810643610968597,10.096019404084636,9.702741266751135
4,0.5,8,shift_level_drift,-0.03103612522354337,0.29714766360032796,0.0,-1.817150675033508,-1.2625144054393214,-11.044540734268846,-10.581744213971422,10.096019404084636,9.251369794533238
4,0.5,8,washout_1_drift,0.022939696416369757,0.30757491188423747,0.0,-1.817150675033508,-1.2319073294546705,-11.044540734268846,-10.267074354767454,10.096019404084636,9.692392943992473
4,0.75,1,shift_level,-0.39412337650686446,1.4897710252536545,0.0,-1.855370259744518,-1.267464286193462,-11.044540734268843,-10.405561589427123,10.096740849013297,4.541688858915837
4,0.75,1,lag1_exog,-0.11866380337437595,0.9842215568506499,0.0,-1.855370259744518,-1.721211717591857,-11.044540734268843,-9.61205300316708,10.096740849013297,7.19556390844405
4,0.75,1,shift_level_drift,-0.35143996962102414,1.4983486123251826,0.0,-1.855370259744518,-1.1424645092608603,-11.044540734268843,-10.304682369101743,10.096740849013297,4.556118123736072
4,0.75,2,shift_level,-0.3864042164365637,1.1555376948720157,0.0,-1.855370259744518,-1.05146687544536,-11.044540734268843,-11.710731399306558,10.096740849013297,5.753394275206289
4,0.75,2,washout_1,-0.29422423320949553,0.8671279155098728,0.0,-1.855370259744518,-1.203874344439396,-11.044540734268843,-12.89471343829559,10.096740849013297,7.153696253958537
4,0.75,2,lag1_exog,-0.2602338412583663,0.7415177467250743,0.0,-1.855370259744518,-1.1762536178252812,-11.044540734268843,-11.863206450888601,10.096740849013297,7.487845232809326
4,0.75,2,block_mean,-0.29422423320949553,0.8671279155098728,0.0,-1.855370259744518,-1.203874344439396,-11.044540734268843,-12.89471343829559,10.096740849013297,7.153696253958537
4,0.75,2,shift_level_drift,-0.4483712671164911,1.1547235969387548,0.0,-1.855370259744518,-1.28013669993417,-11.044540734268843,-11.8993683230304,10.096740849013297,5.729565863335812
4,0.75,2,washout_1_drift,-0.35624651457735573,0.8683054307051711,0.0,-1.855370259744518,-1.3639626969131722,-11.044540734268843,-12.997266909758663,10.096740849013297,7.1493436338174945
4,0.75,4,shift_level,-0.16376169068312182,0.741403646891018,0.0,-1.855370259744518,-1.7665480559363664,-11.044540734268843,-10.519094238485213,10.096740849013297,7.155100232273884
4,0.75,4,washout_1,-0.10623794555158483,0.513201285065951,0.0,-1.855370259744518,-1.9397334386196523,-11.044540734268843,-10.732479901306878,10.096740849013297,8.193544994284991
4,0.75,4,lag1_exog,-0.06932047666280759,0.4982789085762646,0.0,-1.855370259744518,-1.8822714863285557,-11.044540734268843,-10.379319380456247,10.096740849013297,8.296051489341085
4,0.75,4,block_mean,-0.1296495592264933,0.5286458765002767,0.0,-1.855370259744518,-1.94563775535632,-11.044540734268843,-11.05668442719525,10.096740849013297,8.185564429994427
4,0.75,4,shift_level_drift,-0.1596482290431813,0.7368183958875556,0.0,-1.855370259744518,-1.631502847830872,-11.044540734268843,-10.45105492566069,10.096740849013297,7.176023635407116
4,0.75,4,washout_1_drift,-0.12071284366607019,0.49384893623408255,0.0,-1.855370259744518,-1.633327786803027,-11.044540734268843,-10.72879570462397,10.096740849013297,8.194336304144338
4,0.75,8,shift_level,-0.146049670807505,0.4646080479920315,0.0,-1.855370259744518,-1.3639073993483266,-11.044540734268843,-10.768545160701086,10.096740849013297,8.530721335060889
4,0.75,8,washout_1,-0.06933202558923676,0.40866037557162116,0.0,-1.855370259744518,-1.3892978373420193,-11.044540734268843,-10.406689863438519,10.096740849013297,9.113097188076486
4,0.75,8,lag1_exog,-0.08804701559284857,0.37109796061231093,0.0,-1.855370259744518,-1.3764910561269785,-11.044540734268843,-10.785901582666664,10.096740849013297,9.152358848472597
4,0.75,8,block_mean,-0.029067076451205813,0.46499708104724413,0.0,-1.855370259744518,-1.3078226258990466,-11.044540734268843,-9.791740185913824,10.096740849013297,9.12269132385498
4,0.75,8,shift_level_drift,-0.09920182983000325,0.4509729229698737,0.0,-1.855370259744518,-1.2523704057022393,-11.044540734268843,-10.596444991918965,10.096740849013297,8.520052019054491
4,0.75,8,washout_1_drift,-0.03390581245190855,0.3870144962795707,0.0,-1.855370259744518,-1.215755214467854,-11.044540734268843,-10.278907756840056,10.096740849013297,9.101289895336969
4,1.0,1,shift_level,-0.5517215118581893,1.9608669185424146,0.0,-1.8763808523738064,-1.170843323794188,-11.044540734268844,-10.39568513016945,10.097760377743775,2.6499437186106256
4,1.0,1,lag1_exog,-0.35536023278702056,1.5210298081282012,0.0,-1.8763808523738064,-1.6752254008980292,-11.044540734268844,-9.579416013349435,10.097760377743775,4.68676339070918
4,1.0,1,shift_level_drift,-0.5121003563479533,1.9669814334633,0.0,-1.8763808523738064,-1.0554348868247447,-11.044540734268844,-10.302796188408898,10.097760377743775,2.666987120517409
4,1.0,2,shift_level,-0.5867175481715167,1.6732217081013998,0.0,-1.8763808523738064,-1.0259063472361616,-11.044540734268844,-11.745000310299007,10.097760377743775,3.635868287915168
4,1.0,2,washout_1,-0.5348618312621739,1.4046251019781046,0.0,-1.8763808523738064,-1.204869817203671,-11.044540734268844,-12.947394271426202,10.097760377743775,4.804201226284393
4,1.0,2,lag1_exog,-0.49798756634877245,1.2870158440360155,0.0,-1.8763808523738064,-1.189221853380721,-11.044540734268844,-11.916756289719222,10.097760377743775,5.160520074150407
4,1.0,2,block_mean,-0.5348618312621739,1.4046251019781046,0.0,-1.8763808523738064,-1.204869817203671,-11.044540734268844,-12.947394271426202,10.097760377743775,4.804201226284393
4,1.0,2,shift_level_drift,-0.6434232407173734,1.6699219981894717,0.0,-1.8763808523738064,-1.2359296180515014,-11.044540734268844,-11.907085205219904,10.097760377743775,3.6308113432001665
4,1.0,2,washout_1_drift,-0.5914255377889504,1.4010743002590276,0.0,-1.8763808523738064,-1.3531422762896699,-11.044540734268844,-13.003827705936239,10.097760377743775,4.8168274810104
4,1.0,4,shift_level,-0.34644116171814393,1.2211872262535899,0.0,-1.8763808523738064,-1.7548045449769964,-11.044540734268844,-10.506480929755135,10.097760377743775,5.167265041695044
4,1.0,4,washout_1,-0.2990354631134262,0.9923427532679936,0.0,-1.8763808523738064,-1.9517047813554544,-11.044540734268844,-10.71568025754328,10.097760377743775,6.125557176139248
4,1.0,4,lag1_exog,-0.25212659582239044,0.9456417756005546,0.0,-1.8763808523738064,-1.8924382941744453,-11.044540734268844,-10.368326884599224,10.097760377743775,6.336380637420087
4,1.0,4,block_mean,-0.3217844307404643,1.0002047933588656,0.0,-1.8763808523738064,-1.957738341492519,-11.044540734268844,-11.039623599173385,10.097760377743775,6.122354832995118
4,1.0,4,shift_level_drift,-0.3427092882398748,1.2190712716155152,0.0,-1.8763808523738064,-1.6075818923657434,-11.044540734268844,-10.440266813183158,10.097760377743775,5.188343176851865
4,1.0,4,washout_1_drift,-0.31601443291542675,0.9845099872037681,0.0,-1.8763808523738064,-1.6280461283611898,-11.044540734268844,-10.719458471453818,10.097760377743775,6.124678348863238
4,1.0,8,shift_level,-0.28113236106882933,0.7921979317258647,0.0,-1.8763808523738064,-1.3872595641687901,-11.044540734268844,-10.757231826991111,10.097760377743775,7.116980173866784
4,1.0,8,washout_1,-0.2065951777245334,0.6793259108412891,0.0,-1.8763808523738064,-1.4240756436557442,-11.044540734268844,-10.399685287013007,10.097760377743775,7.736286109885092
4,1.0,8,lag1_exog,-0.21749747913979364,0.6380671253412543,0.0,-1.8763808523738064,-1.411775224750448,-11.044540734268844,-10.778147705770301,10.097760377743775,7.8424589072261455
4,1.0,8,block_mean,-0.16660643681312634,0.7102028751985286,0.0,-1.8763808523738064,-1.3463285376206902,-11.044540734268844,-9.784537648630403,10.097760377743775,7.758904243438406
4,1.0,8,shift_level_drift,-0.23771109123126458,0.7907905866566504,0.0,-1.8763808523738064,-1.2460746361638821,-11.044540734268844,-10.6073682917193,10.097760377743775,7.078554067610147
4,1.0,8,washout_1_drift,-0.17175393259372645,0.6712835107287048,0.0,-1.8763808523738064,-1.202884093773526,-11.044540734268844,-10.2909451334819,10.097760377743775,7.7009171923764
5,0.0,1,shift_level,0.05690523263965314,0.24271639445689058,0.0,-1.6804510818212117,-1.8960101052307934,-11.90815337043626,-11.097976567077279,10.065043550892252,10.083863298177583
5,0.0,1,lag1_exog,0.085971790226987,0.3716856680436535,0.0,-1.6804510818212117,-2.154202621734429,-11.90815337043626,-10.671914032141471,10.065043550892252,10.193553498122698
5,0.0,1,shift_level_drift,0.04321750611385582,0.24188964744461422,0.0,-1.6804510818212117,-1.8862933686728875,-11.90815337043626,-11.121168451837155,10.065043550892252,10.083006250970778
5,0.0,2,shift_level,-0.033004615856732374,0.24027369669979656,0.0,-1.6804510818212117,-1.8132380508305164,-11.90815337043626,-12.166046267737048,10.065043550892252,10.03090873901158
5,0.0,2,washout_1,-0.036133447425274245,0.48747751296878256,0.0,-1.6804510818212117,-2.0173651542065043,-11.90815337043626,-11.949129108718862,10.065043550892252,10.135905268804045
5,0.0,2,lag1_exog,-0.003097539316752589,0.388052867287142,0.0,-1.6804510818212117,-1.8840168702605344,-11.90815337043626,-12.235100954887898,10.065043550892252,10.203269613230326
5,0.0,2,block_mean,-0.036133447425274245,0.48747751296878256,0.0,-1.6804510818212117,-2.0173651542065043,-11.90815337043626,-11.949129108718862,10.065043550892252,10.135905268804045
5,0.0,2,shift_level_drift,-0.011949886921979458,0.23746229743673156,0.0,-1.6804510818212117,-1.9314175445246256,-11.90815337043626,-12.103324014874527,10.065043550892252,10.033697440607625
5,0.0,2,washout_1_drift,-0.03983852003302522,0.463589193866212,0.0,-1.6804510818212117,-2.059657382413845,-11.90815337043626,-11.962603172904746,10.065043550892252,10.13588348243382
5,0.0,4,shift_level,0.014516094571104235,0.22979915982948848,0.0,-1.6804510818212117,-2.2512027202795295,-11.90815337043626,-11.284432616829521,10.065043550892252,10.009629681197522
5,0.0,4,washout_1,0.012181263864332008,0.2558760259988572,0.0,-1.6804510818212117,-2.250553707040987,-11.90815337043626,-11.192412291897089,10.065043550892252,9.91812139272355
5,0.0,4,lag1_exog,0.005190065561770489,0.24185109349337866,0.0,-1.6804510818212117,-2.2764445631366295,-11.90815337043626,-11.272893589709458,10.065043550892252,9.961836825284582
5,0.0,4,block_mean,-0.0097318873381487,0.24929706051564912,0.0,-1.6804510818212117,-2.290122504699527,-11.90815337043626,-11.67902578073278,10.065043550892252,9.927832528322304
5,0.0,4,shift_level_drift,0.058360825706779855,0.182283717210602,0.0,-1.6804510818212117,-1.6199712904171302,-11.90815337043626,-11.340296442005666,10.065043550892252,10.01312720728535
5,0.0,4,washout_1_drift,0.06556571644097821,0.217892063505719,0.0,-1.6804510818212117,-1.5455931536573106,-11.90815337043626,-11.211159601985607,10.065043550892252,9.920244790280673
5,0.0,8,shift_level,-0.00016245918555452384,0.3411616519982992,0.0,-1.6804510818212117,-1.979225184953568,-11.90815337043626,-12.50335163221775,10.065043550892252,10.154263358323988
5,0.0,8,washout_1,-0.018846548945071307,0.38043464568697183,0.0,-1.6804510818212117,-1.996251912580364,-11.90815337043626,-12.752335251403117,10.065043550892252,10.194496086132983
5,0.0,8,lag1_exog,-0.0033120417646363884,0.384249875866245,0.0,-1.6804510818212117,-1.9488981378827428,-11.90815337043626,-12.609637385862083,10.065043550892252,10.139554844805192
5,0.0,8,block_mean,-0.016721605513751164,0.31645033018816293,0.0,-1.6804510818212117,-1.9556550066937068,-11.90815337043626,-12.221927145214625,10.065043550892252,10.159394862977264
5,0.0,8,shift_level_drift,-0.012788089503533264,0.321900719900867,0.0,-1.6804510818212117,-1.7204949562046612,-11.90815337043626,-12.496920021594525,10.065043550892252,10.154639640142623
5,0.0,8,washout_1_drift,-0.042614533929190165,0.34588095632277077,0.0,-1.6804510818212117,-1.7408976572532733,-11.90815337043626,-12.759612129514148,10.065043550892252,10.193725342467651
5,0.25,1,shift_level,-0.0984930717168904,0.5393270814248929,0.0,-1.8351953857340542,-1.70705904822753,-11.908153370436256,-11.099516441609218,10.064772607419254,8.257458110210273
5,0.25,1,lag1_exog,0.06485188121659856,0.3541914400909483,0.0,-1.8351953857340542,-2.0464924004613105,-11.908153370436256,-10.666078676887173,10.064772607419254,9.850423534679571
5,0.25,1,shift_level_drift,-0.1121458580343014,0.5401576585046471,0.0,-1.8351953857340542,-1.7431689231611285,-11.908153370436256,-11.107772366835755,10.064772607419254,8.256437336123042
5,0.25,2,shift_level,-0.09517698446874744,0.3866119013023128,0.0,-1.8351953857340542,-1.7076761217776282,-11.908153370436256,-12.068706733897361,10.064772607419254,8.966863136236523
5,0.25,2,washout_1,-0.03791467560681331,0.4863054036455401,0.0,-1.8351953857340542,-2.0009402675168193,-11.908153370436256,-11.83406001737217,10.064772607419254,9.785066221805799
5,0.25,2,lag1_exog,0.010809441063580118,0.39060970230028624,0.0,-1.8351953857340542,-1.9007510033314265,-11.908153370436256,-12.13603440503339,10.064772607419254,9.932168971616507
5,0.25,2,block_mean,-0.03791467560681331,0.4863054036455401,0.0,-1.8351953857340542,-2.0009402675168193,-11.908153370436256,-11.83406001737217,10.064772607419254,9.785066221805799
5,0.25,2,shift_level_drift,-0.09573201700500579,0.37554782179695667,0.0,-1.8351953857340542,-1.8385441783088874,-11.908153370436256,-12.054347095926047,10.064772607419254,8.968644555639615
5,0.25,2,washout_1_drift,-0.06021342681764467,0.461173675463296,0.0,-1.8351953857340542,-2.0584410283299506,-11.908153370436256,-11.865169626665853,10.064772607419254,9.78501167768021
5,0.25,4,shift_level,-0.034442662500698586,0.2699086485585869,0.0,-1.8351953857340542,-2.192641632550097,-11.908153370436256,-11.282917686463055,10.064772607419254,9.432880843323051
5,0.25,4,washout_1,0.0033507431653175567,0.2554050390676331,0.0,-1.8351953857340542,-2.2558513040979906,-11.908153370436256,-11.184913113271957,10.064772607419254,9.795170160860064
5,0.25,4,lag1_exog,-0.0031012672421147844,0.23874457101970928,0.0,-1.8351953857340542,-2.2821645662903833,-11.908153370436256,-11.26355485971748,10.064772607419254,9.849211747617284
5,0.25,4,block_mean,-0.01835120054901603,0.24666873000438533,0.0,-1.8351953857340542,-2.2951765378825986,-11.908153370436256,-11.670362617589403,10.064772607419254,9.803807785890328
5,0.25,4,shift_level_drift,0.009607022693356117,0.2524692170706334,0.0,-1.8351953857340542,-1.59076973070453,-11.908153370436256,-11.304567528838632,10.064772607419254,9.434694309602293
5,0.25,4,washout_1_drift,0.06054681858919054,0.23441943402762397,0.0,-1.8351953857340542,-1.518078332152431,-11.908153370436256,-11.183861696049245,10.064772607419254,9.795030289450025
5,0.25,8,shift_level,-0.029668347351501582,0.3357729202349344,0.0,-1.8351953857340542,-2.029681830693611,-11.908153370436256,-12.482033215232276,10.064772607419254,9.90367125151404
5,0.25,8,washout_1,-0.029811619407667626,0.3699815509193639,0.0,-1.8351953857340542,-2.07695478583688,-11.908153370436256,-12.733129564308829,10.064772607419254,10.13570918162774
5,0.25,8,lag1_exog,-0.014623141840473503,0.3725888656447474,0.0,-1.8351953857340542,-2.0446840023453063,-11.908153370436256,-12.592558303503527,10.064772607419254,10.098280702736687
5,0.25,8,block_mean,-0.029308658216428918,0.30132575357064617,0.0,-1.8351953857340542,-2.0299210218713393,-11.908153370436256,-12.214752874385674,10.064772607419254,10.100899808547108
5,0.25,8,shift_level_drift,-0.0242467459539973,0.3222613512017345,0.0,-1.8351953857340542,-1.6469187283161952,-11.908153370436256,-12.474807569889018,10.064772607419254,9.905215094479447
5,0.25,8,washout_1_drift,-0.03505254627415117,0.34046107861659797,0.0,-1.8351953857340542,-1.6798766154604352,-11.908153370436256,-12.733249525697715,10.064772607419254,10.13565414874315
5,0.5,1,shift_level,-0.25963464638668066,0.9858511877192159,0.0,-1.9164947580006064,-1.5626815799142606,-11.908153370436263,-11.1119309919922,10.064390645685428,6.429531292377883
5,0.5,1,lag1_exog,-0.038005161612359,0.4708204995843858,0.0,-1.9164947580006064,-1.9618356727550592,-11.908153370436263,-10.670569186939868,10.064390645685428,8.840271125655589
5,0.5,1,shift_level_drift,-0.2715742787908412,0.9866449147967726,0.0,-1.9164947580006064,-1.6312763340979917,-11.908153370436263,-11.10872209650367,10.064390645685428,6.430265179084536
5,0.5,2,shift_level,-0.20806684857678198,0.6932766971317081,0.0,-1.9164947580006064,-1.6497498258584304,-11.908153370436263,-12.006279052620162,10.064390645685428,7.584834941576825
5,0.5,2,washout_1,-0.12541962890474118,0.5762939688909697,0.0,-1.9164947580006064,-2.012168045492138,-11.908153370436263,-11.750684633100859,10.064390645685428,8.80679417867677
5,0.5,2,lag1_exog,-0.0544258641803275,0.4544744072709362,0.0,-1.9164947580006064,-1.936007938222327,-11.908153370436263,-12.07062519927738,10.064390645685428,9.121893168137508
5,0.5,2,block_mean,-0.12541962890474118,0.5762939688909697,0.0,-1.9164947580006064,-2.012168045492138,-11.908153370436263,-11.750684633100859,10.064390645685428,8.80679417867677
5,0.5,2,shift_level_drift,-0.22143105637797883,0.6848283465317074,0.0,-1.9164947580006064,-1.7754556137752915,-11.908153370436263,-12.009467985882443,10.064390645685428,7.583723888007526
5,0.5,2,washout_1_drift,-0.1555301514487438,0.5582537261716253,0.0,-1.9164947580006064,-2.0639210918189703,-11.908153370436263,-11.769970182433932,10.064390645685428,8.803746707945187
5,0.5,4,shift_level,-0.11715961751277458,0.4338136358271326,0.0,-1.9164947580006064,-2.144678321761213,-11.908153370436263,-11.29484246285908,10.064390645685428,8.578517590881827
5,0.5,4,washout_1,-0.04860676548422237,0.3098917424610403,0.0,-1.9164947580006064,-2.2397020837418657,-11.908153370436263,-11.189261923174659,10.064390645685428,9.29616884629486
5,0.5,4,lag1_exog,-0.04950700146041533,0.28208943604373865,0.0,-1.9164947580006064,-2.269200952369548,-11.908153370436263,-11.269510893276406,10.064390645685428,9.401824903760483
5,0.5,4,block_mean,-0.07081250556617939,0.3015325640104342,0.0,-1.9164947580006064,-2.2781244165163645,-11.908153370436263,-11.674210562737466,10.064390645685428,9.302544840151354
5,0.5,4,shift_level_drift,-0.07334853955926077,0.429820212697223,0.0,-1.9164947580006064,-1.5626754016124462,-11.908153370436263,-11.300642985456765,10.064390645685428,8.579271948263525
5,0.5,4,washout_1_drift,0.010202501851464598,0.30096406141406246,0.0,-1.9164947580006064,-1.48302596015689,-11.908153370436263,-11.184303976946243,10.064390645685428,9.295311212120449
5,0.5,8,shift_level,-0.0733935425811951,0.3668689831684013,0.0,-1.9164947580006064,-2.0572688025095243,-11.908153370436263,-12.46373147931739,10.064390645685428,9.515340117551233
5,0.5,8,washout_1,-0.05838882610020376,0.3722983705656653,0.0,-1.9164947580006064,-2.125563580115288,-11.908153370436263,-12.716385809058465,10.064390645685428,9.923881328814076
5,0.5,8,lag1_exog,-0.04000422899662625,0.3740783385973072,0.0,-1.9164947580006064,-2.101024196530144,-11.908153370436263,-12.577327591952917,10.064390645685428,9.911014493349619
5,0.5,8,block_mean,-0.059118953549325295,0.30476143119129345,0.0,-1.9164947580006064,-2.0734099605279717,-11.908153370436263,-12.206537324679214,10.064390645685428,9.889351863292209
5,0.5,8,shift_level_drift,-0.05676275182271666,0.35674794709015245,0.0,-1.9164947580006064,-1.6058546265123375,-11.908153370436263,-12.460780284509,10.064390645685428,9.518415319716276
5,0.5,8,washout_1_drift,-0.05178305002976347,0.3452905732717894,0.0,-1.9164947580006064,-1.6418387227137432,-11.908153370436263,-12.717675539212294,10.064390645685428,9.92431272254483
5,0.75,1,shift_level,-0.42062778899089637,1.4532981715899458,0.0,-1.963358530931635,-1.4543403359150335,-11.90815337043626,-11.128974347531312,10.063785139378432,4.587245375775779
5,0.75,1,lag1_exog,-0.2128504584781558,0.8341862551543542,0.0,-1.963358530931635,-1.8997680204282212,-11.90815337043626,-10.680409717790726,10.063785139378432,7.140330759545998
5,0.75,1,shift_level_drift,-0.43097239327485765,1.4539378091752078,0.0,-1.963358530931635,-1.5427120347879284,-11.90815337043626,-11.118612154908476,10.063785139378432,4.590537448914664
5,0.75,2,shift_level,-0.3619595763603541,1.1060506536030752,0.0,-1.963358530931635,-1.625179227676054,-11.90815337043626,-11.970225912691006,10.063785139378432,5.871797404639159
5,0.75,2,washout_1,-0.28483893348383005,0.869723727821452,0.0,-1.963358530931635,-2.0356134172657097,-11.90815337043626,-11.701368949881887,10.063785139378432,7.189615428565263
5,0.75,2,lag1_exog,-0.1962231282211325,0.7178136122552016,0.0,-1.963358530931635,-1.9775542706790294,-11.90815337043626,-12.032340446660978,10.063785139378432,7.648773109399553
5,0.75,2,block_mean,-0.28483893348383005,0.869723727821452,0.0,-1.963358530931635,-2.0356134172657097,-11.90815337043626,-11.701368949881887,10.063785139378432,7.189615428565263
5,0.75,2,shift_level_drift,-0.3827897957538317,1.1021993703566861,0.0,-1.963358530931635,-1.736657488895477,-11.90815337043626,-11.977784137400407,10.063785139378432,5.865070346830504
5,0.75,2,washout_1_drift,-0.3171852142935501,0.8625879798829434,0.0,-1.963358530931635,-2.066597084723912,-11.90815337043626,-11.701245943708667,10.063785139378432,7.179062227698193
5,0.75,4,shift_level,-0.2414368828437075,0.7414207859823984,0.0,-1.963358530931635,-2.095152285772106,-11.90815337043626,-11.305035294125625,10.063785139378432,7.282711132933207
5,0.75,4,washout_1,-0.1588995004904367,0.5325260428293562,0.0,-1.963358530931635,-2.20511153378421,-11.90815337043626,-11.192447845962178,10.063785139378432,8.194141274356271
5,0.75,4,lag1_exog,-0.15054008374302238,0.4816099986312393,0.0,-1.963358530931635,-2.2393557178091648,-11.90815337043626,-11.273923635893112,10.063785139378432,8.390530995279828
5,0.75,4,block_mean,-0.1816687487389886,0.5273606240373281,0.0,-1.963358530931635,-2.2429597662499146,-11.90815337043626,-11.676567276499245,10.063785139378432,8.19760281361688
5,0.75,4,shift_level_drift,-0.20018640367404855,0.741101248669653,0.0,-1.963358530931635,-1.540520141422702,-11.90815337043626,-11.30534667322745,10.063785139378432,7.28277044840016
5,0.75,4,washout_1_drift,-0.10203295027251434,0.5297075845003069,0.0,-1.963358530931635,-1.4533462958541203,-11.90815337043626,-11.192250626862089,10.063785139378432,8.193998247241225
5,0.75,8,shift_level,-0.14515932248515062,0.4776050864725862,0.0,-1.963358530931635,-2.0739414067705635,-11.90815337043626,-12.466462346062478,10.063785139378432,8.842932342277543
5,0.75,8,washout_1,-0.11993494678901422,0.422552775537902,0.0,-1.963358530931635,-2.150822072433912,-11.90815337043626,-12.722874835164234,10.063785139378432,9.391742893236763
5,0.75,8,lag1_exog,-0.09585549750926378,0.41918635548147176,0.0,-1.963358530931635,-2.132051578827732,-11.90815337043626,-12.58326161140514,10.063785139378432,9.419840595541604
5,0.75,8,block_mean,-0.12111824592792082,0.36484183755307814,0.0,-1.963358530931635,-2.0936050015261607,-11.90815337043626,-12.21989046102903,10.063785139378432,9.357367219445377
5,0.75,8,shift_level_drift,-0.12175329429316754,0.47063873791645366,0.0,-1.963358530931635,-1.5863670966897159,-11.90815337043626,-12.470142966496022,10.063785139378432,8.848465029724156
5,0.75,8,washout_1_drift,-0.10572582299699115,0.40063467383363677,0.0,-1.963358530931635,-1.6114990287622204,-11.90815337043626,-12.729067871783188,10.063785139378432,9.392995285257623
5,1.0,1,shift_level,-0.5798252473165998,1.9290453142526454,0.0,-1.9920339008327952,-1.3702391296963414,-11.908153370436255,-11.14498909781512,10.06300448932732,2.7201212654827147
5,1.0,1,lag1_exog,-0.45679615226701403,1.4167250678403978,0.0,-1.9920339008327952,-1.8477950072675373,-11.908153370436255,-10.691756817541785,10.06300448932732,4.7193343163170995
5,1.0,1,shift_level_drift,-0.5870227291221836,1.9295720815142294,0.0,-1.9920339008327952,-1.462837297953267,-11.908153370436255,-11.130681995042071,10.06300448932732,2.724963343775749
5,1.0,2,shift_level,-0.5573876233088128,1.618385338063486,0.0,-1.9920339008327952,-1.6111680748880584,-11.908153370436255,-11.944604516301949,10.06300448932732,3.811619605753517
5,1.0,2,washout_1,-0.5159097059506432,1.3859104010280376,0.0,-1.9920339008327952,-2.061892729467237,-11.908153370436255,-11.66711865349481,10.06300448932732,4.915416509553884
5,1.0,2,lag1_exog,-0.4260716982211655,1.2385489524820863,0.0,-1.9920339008327952,-2.014651242583766,-11.908153370436255,-12.009056835189835,10.06300448932732,5.380831818463257
5,1.0,2,block_mean,-0.5159097059506432,1.3859104010280376,0.0,-1.9920339008327952,-2.061892729467237,-11.908153370436255,-11.66711865349481,10.06300448932732,4.915416509553884
5,1.0,2,shift_level_drift,-0.5825998460039133,1.618666980176703,0.0,-1.9920339008327952,-1.7099939321374813,-11.908153370436255,-11.950969583135942,10.06300448932732,3.7990464337890693
5,1.0,2,washout_1_drift,-0.5484705124267755,1.386984256508158,0.0,-1.9920339008327952,-2.0764913470274764,-11.908153370436255,-11.65057061086385,10.06300448932732,4.896827748725215
5,1.0,4,shift_level,-0.4347116005732767,1.2331357629743527,0.0,-1.9920339008327952,-2.0536383564312777,-11.908153370436255,-11.304185925259626,10.06300448932732,5.338060163026863
5,1.0,4,washout_1,-0.36329381685059337,1.0188626872056723,0.0,-1.9920339008327952,-2.1745793627780645,-11.908153370436255,-11.185175459640188,10.06300448932732,6.204173294893732
5,1.0,4,lag1_exog,-0.34605142217956075,0.9478283238643126,0.0,-1.9920339008327952,-2.211144961071817,-11.908153370436255,-11.266994515941839,10.06300448932732,6.478656216476599
5,1.0,4,block_mean,-0.3867554058949846,1.016411431132279,0.0,-1.9920339008327952,-2.2121049202695247,-11.908153370436255,-11.668639980131884,10.06300448932732,6.205965227612067
5,1.0,4,shift_level_drift,-0.3963250982365173,1.233401067881976,0.0,-1.9920339008327952,-1.5266637111019632,-11.908153370436255,-11.30383649141941,10.06300448932732,5.3380345779497596
5,1.0,4,washout_1_drift,-0.3092880890933317,1.0175326919136394,0.0,-1.9920339008327952,-1.4366796166426985,-11.908153370436255,-11.191799321776056,10.06300448932732,6.206157703209765
5,1.0,8,shift_level,-0.29122441875897476,0.7758086959200083,0.0,-1.9920339008327952,-2.0768469533389142,-11.908153370436255,-12.480596628392115,10.06300448932732,7.4922917520959595
5,1.0,8,washout_1,-0.26491690483148145,0.6596452243138166,0.0,-1.9920339008327952,-2.1586180007952582,-11.908153370436255,-12.74115035792265,10.06300448932732,8.097188869720435
5,1.0,8,lag1_exog,-0.23305824849501583,0.6394545422922584,0.0,-1.9920339008327952,-2.144259536266166,-11.908153370436255,-12.600280443506808,10.06300448932732,8.18841573996152
5,1.0,8,block_mean,-0.26476923434238725,0.6237146828791618,0.0,-1.9920339008327952,-2.0982411871739997,-11.908153370436255,-12.24276547891022,10.06300448932732,8.064284365387854
5,1.0,8,shift_level_drift,-0.2630191344832383,0.7709646772938735,0.0,-1.9920339008327952,-1.5742037273208678,-11.908153370436255,-12.493287175250995,10.06300448932732,7.50260685320481
5,1.0,8,washout_1_drift,-0.24495326081350122,0.6461526214089116,0.0,-1.9920339008327952,-1.5894880681964476,-11.908153370436255,-12.756712293189159,10.06300448932732,8.101515265796198
6,0.0,1,shift_level,-0.0038593551387305766,0.12216588575468781,0.0,-1.3750504142900164,-1.3107064617062607,-12.845660389585912,-12.945900266391808,9.999213148332192,9.908533383327878
6,0.0,1,lag1_exog,-0.03759704801575191,0.24005889515662973,0.0,-1.3750504142900164,-1.2115873277793183,-12.845660389585912,-13.067559868512268,9.999213148332192,9.959304502159238
6,0.0,1,shift_level_drift,0.016605375098883816,0.13519171722730944,0.0,-1.3750504142900164,-1.4071732412286873,-12.845660389585912,-12.910536790484814,9.999213148332192,9.908551894073359
6,0.0,2,shift_level,0.045181197604177124,0.2773594827847133,0.0,-1.3750504142900164,-1.5666366675317265,-12.845660389585912,-12.030059513910912,9.999213148332192,9.945133668448404
6,0.0,2,washout_1,0.02619431814837452,0.1910278226285007,0.0,-1.3750504142900164,-1.5024768795304775,-12.845660389585912,-12.280561785449597,9.999213148332192,10.002220904124682
6,0.0,2,lag1_exog,0.013023577750517644,0.2640289135674833,0.0,-1.3750504142900164,-1.6254902388450505,-12.845660389585912,-12.331711610709593,9.999213148332192,9.926302075025841
6,0.0,2,block_mean,0.02619431814837452,0.1910278226285007,0.0,-1.3750504142900164,-1.5024768795304775,-12.845660389585912,-12.280561785449597,9.999213148332192,10.002220904124682
6,0.0,2,shift_level_drift,0.04999013298251482,0.2913365975464714,0.0,-1.3750504142900164,-1.4017154171885147,-12.845660389585912,-12.007858921777135,9.999213148332192,9.946917800180781
6,0.0,2,washout_1_drift,0.003904207670529691,0.19597734545392462,0.0,-1.3750504142900164,-1.3218783936432952,-12.845660389585912,-12.357433505798841,9.999213148332192,10.008110823237933
6,0.0,4,shift_level,0.038045954835022315,0.2731068786168734,0.0,-1.3750504142900164,-0.9965482736012148,-12.845660389585912,-12.093463836521458,9.999213148332192,10.13894103239143
6,0.0,4,washout_1,0.07315874850792081,0.41597423144100093,0.0,-1.3750504142900164,-0.9493556893266976,-12.845660389585912,-11.374322772645309,9.999213148332192,10.112182789477837
6,0.0,4,lag1_exog,0.027577916037319232,0.3088950435345481,0.0,-1.3750504142900164,-0.8977415526527219,-12.845660389585912,-12.00127761112992,9.999213148332192,10.109968057769839
6,0.0,4,block_mean,0.04206066580308116,0.3380590185806898,0.0,-1.3750504142900164,-0.9456923904283732,-12.845660389585912,-11.915565878234734,9.999213148332192,10.100811010142081
6,0.0,4,shift_level_drift,0.03767568907137509,0.2673317708661561,0.0,-1.3750504142900164,-1.3579519887129,-12.845660389585912,-11.868890284830922,9.999213148332192,10.136847848252138
6,0.0,4,washout_1_drift,0.07047283385150424,0.42386593209463375,0.0,-1.3750504142900164,-1.305569423183579,-12.845660389585912,-11.150832628831411,9.999213148332192,10.11524462030129
6,0.0,8,shift_level,0.165010143180157,0.39257380046400014,0.0,-1.3750504142900164,-1.7365189418546099,-12.845660389585912,-12.557269575736488,9.999213148332192,9.770335886916769
6,0.0,8,washout_1,0.14630337445187408,0.3816899874482591,0.0,-1.3750504142900164,-1.7513523967354128,-12.845660389585912,-12.802441481942898,9.999213148332192,9.698247175993995
6,0.0,8,lag1_exog,0.14084059401688417,0.3735664736902668,0.0,-1.3750504142900164,-1.7715989520851054,-12.845660389585912,-12.77029995747756,9.999213148332192,9.740159309421834
6,0.0,8,block_mean,0.1221898183288729,0.3400946071470869,0.0,-1.3750504142900164,-1.746294831668991,-12.845660389585912,-12.79794007964379,9.999213148332192,9.700613988639821
6,0.0,8,shift_level_drift,0.09140035533364355,0.2849229661875995,0.0,-1.3750504142900164,-1.5152522672491948,-12.845660389585912,-12.61239061870138,9.999213148332192,9.774546256513347
6,0.0,8,washout_1_drift,0.06726493475829154,0.27506869634072256,0.0,-1.3750504142900164,-1.5111500714448651,-12.845660389585912,-12.859183946036572,9.999213148332192,9.701904754181353
6,0.25,1,shift_level,-0.1609358448218631,0.5094349733711991,0.0,-1.4616720919287145,-1.2133413955368528,-12.845660389585916,-12.959736335309445,9.999180233690867,8.117230918677635
6,0.25,1,lag1_exog,-0.05909012471822782,0.2449927668447742,0.0,-1.4616720919287145,-1.239575789871467,-12.845660389585916,-13.095312018907578,9.999180233690867,9.649218562489546
6,0.25,1,shift_level_drift,-0.14076616026997152,0.512054798926674,0.0,-1.4616720919287145,-1.2997846628925094,-12.845660389585916,-12.9253300059218,9.999180233690867,8.118099655298336
6,0.25,2,shift_level,-0.0429300329884205,0.4186132834198036,0.0,-1.4616720919287145,-1.481309781549659,-12.845660389585916,-12.055661660147159,9.999180233690867,8.907323238302876
6,0.25,2,washout_1,0.005198388290681783,0.21396804921237852,0.0,-1.4616720919287145,-1.4897283242385853,-12.845660389585916,-12.307344887983334,9.999180233690867,9.675900453375776
6,0.25,2,lag1_exog,-0.000961243771515824,0.28404918000589463,0.0,-1.4616720919287145,-1.617313938422134,-12.845660389585916,-12.350762113671895,9.999180233690867,9.694471670070465
6,0.25,2,block_mean,0.005198388290681783,0.21396804921237852,0.0,-1.4616720919287145,-1.4897283242385853,-12.845660389585916,-12.307344887983334,9.999180233690867,9.675900453375776
6,0.25,2,shift_level_drift,-0.0374011428546233,0.43086753047375215,0.0,-1.4616720919287145,-1.3497858168802592,-12.845660389585916,-12.040875598790743,9.999180233690867,8.90893191856408
6,0.25,2,washout_1_drift,-0.015824509943529314,0.21576948845251848,0.0,-1.4616720919287145,-1.3696499058149971,-12.845660389585916,-12.393604837086578,9.999180233690867,9.681860878962766
6,0.25,4,shift_level,-0.007015614426169361,0.3025372698186751,0.0,-1.4616720919287145,-1.0242059603224756,-12.845660389585916,-12.014134223820353,9.999180233690867,9.587255579606769
6,0.25,4,washout_1,0.0737027534198557,0.4240775791650078,0.0,-1.4616720919287145,-1.0277179770587839,-12.845660389585916,-11.27816568658209,9.999180233690867,9.986233361058126
6,0.25,4,lag1_exog,0.028966232698741382,0.30668072851696454,0.0,-1.4616720919287145,-0.9858455669300781,-12.845660389585916,-11.909433568064289,9.999180233690867,10.000738202514453
6,0.25,4,block_mean,0.04247421098639554,0.3440910792888782,0.0,-1.4616720919287145,-1.0222120035387297,-12.845660389585916,-11.827213070720862,9.999180233690867,9.975101754070016
6,0.25,4,shift_level_drift,-0.0023535774546463955,0.29900388998834393,0.0,-1.4616720919287145,-1.304427400704908,-12.845660389585916,-11.846011086507078,9.999180233690867,9.579917220993746
6,0.25,4,washout_1_drift,0.07682438782054483,0.4268449301510362,0.0,-1.4616720919287145,-1.2875543541846406,-12.845660389585916,-11.13294918482725,9.999180233690867,9.987220533662503
6,0.25,8,shift_level,0.13528958560715423,0.4017863011198217,0.0,-1.4616720919287145,-1.8190749543180726,-12.845660389585916,-12.506327895402539,9.999180233690867,9.53003282319631
6,0.25,8,washout_1,0.13643072422666463,0.3764721424810531,0.0,-1.4616720919287145,-1.8520330397356393,-12.845660389585916,-12.746660086098887,9.999180233690867,9.66057844475572
6,0.25,8,lag1_exog,0.13073428671681478,0.3682701377061266,0.0,-1.4616720919287145,-1.8638210327355456,-12.845660389585916,-12.71053792518315,9.999180233690867,9.69891764044362
6,0.25,8,block_mean,0.11099482008543118,0.33225411570746183,0.0,-1.4616720919287145,-1.8533345084855992,-12.845660389585916,-12.741357813338311,9.999180233690867,9.66262694440052
6,0.25,8,shift_level_drift,0.0752966390965392,0.30216363101362465,0.0,-1.4616720919287145,-1.501629775744509,-12.845660389585916,-12.588411000323445,9.999180233690867,9.54288891756078
6,0.25,8,washout_1_drift,0.07131494434675431,0.2709155277162066,0.0,-1.4616720919287145,-1.500243961257092,-12.845660389585916,-12.841653896452602,9.999180233690867,9.671561653842774
6,0.5,1,shift_level,-0.32238470127702834,0.9696287879666406,0.0,-1.5123079239130393,-1.1424320706514777,-12.84566038958591,-12.973912371804932,9.999134781394403,6.300794787437205
6,0.5,1,lag1_exog,-0.15470635727451887,0.4142862932241339,0.0,-1.5123079239130393,-1.2672189861900125,-12.84566038958591,-13.125313701471034,9.999134781394403,8.64717779664851
6,0.5,1,shift_level_drift,-0.29976838704078024,0.9708216325626153,0.0,-1.5123079239130393,-1.2182875801041684,-12.84566038958591,-12.927531577092473,9.999134781394403,6.303025660360709
6,0.5,2,shift_level,-0.16486200800520384,0.7165881543202139,0.0,-1.5123079239130393,-1.4134473323444166,-12.84566038958591,-12.077089858742433,9.999134781394403,7.571815172976626
6,0.5,2,washout_1,-0.08151935670390942,0.39311631452141177,0.0,-1.5123079239130393,-1.48626920019605,-12.84566038958591,-12.323208883292722,9.999134781394403,8.744489484516516
6,0.5,2,lag1_exog,-0.0708028326330482,0.40573454242533763,0.0,-1.5123079239130393,-1.611446888788052,-12.84566038958591,-12.364966931472441,9.999134781394403,8.953676033287305
6,0.5,2,block_mean,-0.08151935670390942,0.39311631452141177,0.0,-1.5123079239130393,-1.48626920019605,-12.84566038958591,-12.323208883292722,9.999134781394403,8.744489484516516
6,0.5,2,shift_level_drift,-0.15634615676564365,0.7246083277308282,0.0,-1.5123079239130393,-1.3108526118924995,-12.84566038958591,-12.061011097623842,9.999134781394403,7.573873502616604
6,0.5,2,washout_1_drift,-0.09838703233771386,0.3918730188625142,0.0,-1.5123079239130393,-1.4139132930166303,-12.84566038958591,-12.3982548408698,9.999134781394403,8.748427568509417
6,0.5,4,shift_level,-0.08469054844319325,0.4450857777152398,0.0,-1.5123079239130393,-1.0270808453785276,-12.84566038958591,-11.962470306606441,9.999134781394403,8.754786657664408
6,0.5,4,washout_1,0.031674178464623746,0.4567179203624984,0.0,-1.5123079239130393,-1.0581859048903317,-12.84566038958591,-11.208431966461912,9.999134781394403,9.490804655533871
6,0.5,4,lag1_exog,-0.007872494780660091,0.3356915406751588,0.0,-1.5123079239130393,-1.0236668848123722,-12.84566038958591,-11.84769300222843,9.999134781394403,9.56397445252194
6,0.5,4,block_mean,0.0004103367618088543,0.3810039211314047,0.0,-1.5123079239130393,-1.050970131540752,-12.84566038958591,-11.763077312019877,9.999134781394403,9.480149482009068
6,0.5,4,shift_level_drift,-0.07767564368762132,0.4449862755752244,0.0,-1.5123079239130393,-1.2667396576582082,-12.84566038958591,-11.826980133523321,9.999134781394403,8.740161836176684
6,0.5,4,washout_1_drift,0.03976638945171292,0.45835786683742186,0.0,-1.5123079239130393,-1.2613855552189615,-12.84566038958591,-11.099773965714238,9.999134781394403,9.487242554471663
6,0.5,8,shift_level,0.08976446344981605,0.4421475367497326,0.0,-1.5123079239130393,-1.8716229455917706,-12.84566038958591,-12.483087556033226,9.999134781394403,9.153986136141501
6,0.5,8,washout_1,0.10904917823724912,0.3873863772955706,0.0,-1.5123079239130393,-1.9111257397959347,-12.84566038958591,-12.718126513182643,9.999134781394403,9.47159806564514
6,0.5,8,lag1_exog,0.10580220613635687,0.3802108133291744,0.0,-1.5123079239130393,-1.9180598219805345,-12.84566038958591,-12.678422436739151,9.999134781394403,9.515858703183083
6,0.5,8,block_mean,0.0825951445452868,0.3429837805573693,0.0,-1.5123079239130393,-1.917633651166341,-12.84566038958591,-12.712486062812916,9.999134781394403,9.47341041296096
6,0.5,8,shift_level_drift,0.041896596979348555,0.35400587020171725,0.0,-1.5123079239130393,-1.4858897734098697,-12.84566038958591,-12.582507928510065,9.999134781394403,9.176539571298026
6,0.5,8,washout_1_drift,0.05676186841646135,0.2892584428296651,0.0,-1.5123079239130393,-1.482882984812642,-12.84566038958591,-12.838441706564662,9.999134781394403,9.49119681240403
6,0.75,1,shift_level,-0.4873198839903462,1.440798967005471,0.0,-1.5383991972063686,-1.093857576020882,-12.845660389585921,-12.97790661880762,9.99915215434618,4.449939987079562
6,0.75,1,lag1_exog,-0.32321581199248023,0.8158021065109599,0.0,-1.5383991972063686,-1.302584512258788,-12.845660389585921,-13.153089500322647,9.99915215434618,6.924422368446741
6,0.75,1,shift_level_drift,-0.46117169407186587,1.4415371671667172,0.0,-1.5383991972063686,-1.1645396294137367,-12.845660389585921,-12.91163892765606,9.99915215434618,4.454025976720511
6,0.75,2,shift_level,-0.32612945707080643,1.1222846187176372,0.0,-1.5383991972063686,-1.373618121938843,-12.845660389585921,-12.099991604670834,9.99915215434618,5.902916105267648
6,0.75,2,washout_1,-0.24098795719351593,0.7660129966237229,0.0,-1.5383991972063686,-1.5026324653749534,-12.845660389585921,-12.342102960599513,9.99915215434618,7.186027654190597
6,0.75,2,lag1_exog,-0.21517697892855642,0.7127670798025756,0.0,-1.5383991972063686,-1.6132288577884208,-12.845660389585921,-12.384238870421768,9.99915215434618,7.563936040016817
6,0.75,2,block_mean,-0.24098795719351593,0.7660129966237229,0.0,-1.5383991972063686,-1.5026324653749534,-12.845660389585921,-12.342102960599513,9.99915215434618,7.186027654190597
6,0.75,2,shift_level_drift,-0.31425071796420107,1.1272411609287187,0.0,-1.5383991972063686,-1.2962001139364805,-12.845660389585921,-12.080490138606017,9.99915215434618,5.905547690021961
6,0.75,2,washout_1_drift,-0.2530910193568311,0.7645777148887622,0.0,-1.5383991972063686,-1.4632510247099977,-12.845660389585921,-12.404031678520763,9.99915215434618,7.187985984838437
6,0.75,4,shift_level,-0.21638883135074405,0.7381986782472783,0.0,-1.5383991972063686,-1.0454590268072228,-12.845660389585921,-11.921484235669903,9.99915215434618,7.463740956438613
6,0.75,4,washout_1,-0.07996097879377591,0.6145280395467909,0.0,-1.5383991972063686,-1.0947612217579286,-12.845660389585921,-11.151819974668655,9.99915215434618,8.392672971984098
6,0.75,4,lag1_exog,-0.11169345225973433,0.5010813939420258,0.0,-1.5383991972063686,-1.0654300500022118,-12.845660389585921,-11.798440833586294,9.99915215434618,8.56078641774586
6,0.75,4,block_mean,-0.111141344251637,0.5598914741630797,0.0,-1.5383991972063686,-1.0857239720417018,-12.845660389585921,-11.71008032023746,9.99915215434618,8.38075964352529
6,0.75,4,shift_level_drift,-0.2062629349637526,0.7431872283468818,0.0,-1.5383991972063686,-1.2519419432357173,-12.845660389585921,-11.80176816610184,9.99915215434618,7.441247538595944
6,0.75,4,washout_1_drift,-0.06772833915384614,0.6187529547746455,0.0,-1.5383991972063686,-1.2515332725351243,-12.845660389585921,-11.062536199208282,9.99915215434618,8.383377099221365
6,0.75,8,shift_level,0.015419672858085768,0.5534450105691447,0.0,-1.5383991972063686,-1.9082799692642496,-12.845660389585921,-12.463279339167489,9.99915215434618,8.505915369484704
6,0.75,8,washout_1,0.04725184833114985,0.4504267235198643,0.0,-1.5383991972063686,-1.952089526468118,-12.845660389585921,-12.693948324664662,9.99915215434618,8.97467660893985
6,0.75,8,lag1_exog,0.04947446391504806,0.44104559422677253,0.0,-1.5383991972063686,-1.9557256959681075,-12.845660389585921,-12.653177631767502,9.99915215434618,9.04307532978127
6,0.75,8,block_mean,0.019331679867862408,0.4114756954726599,0.0,-1.5383991972063686,-1.9640274030408915,-12.845660389585921,-12.688086652807291,9.99915215434618,8.97622911847259
6,0.75,8,shift_level_drift,-0.024026114315954267,0.48000673849637354,0.0,-1.5383991972063686,-1.4774007751700728,-12.845660389585921,-12.574409202454685,9.99915215434618,8.534063267535085
6,0.75,8,washout_1_drift,0.0032224522811095985,0.3656275230974845,0.0,-1.5383991972063686,-1.4751134830420998,-12.845660389585921,-12.832936326889921,9.99915215434618,8.997533185735785
6,1.0,1,shift_level,-0.657503745195089,1.9130712808237242,0.0,-1.5557633210034227,-1.0712267139926932,-12.84566038958591,-12.974034238392415,9.999251286218858,2.6054853830978475
6,1.0,1,lag1_exog,-0.5683789668096592,1.4113306378292771,0.0,-1.5557633210034227,-1.351847791493719,-12.84566038958591,-13.17171353116251,9.999251286218858,4.531807039055485
6,1.0,1,shift_level_drift,-0.6266118303498381,1.9137693422975508,0.0,-1.5557633210034227,-1.1367047209046859,-12.84566038958591,-12.883437318179348,9.999251286218858,2.611363820051307
6,1.0,2,shift_level,-0.530660763685078,1.6329957040406666,0.0,-1.5557633210034227,-1.3516714452840735,-12.84566038958591,-12.124773351282933,9.999251286218858,3.828392121971743
6,1.0,2,washout_1,-0.47554502986619623,1.3251122951874272,0.0,-1.5557633210034227,-1.5288705112899328,-12.84566038958591,-12.363869789505385,9.999251286218858,4.927164498449162
6,1.0,2,lag1_exog,-0.44711459468852083,1.2499974079383462,0.0,-1.5557633210034227,-1.6225319827292655,-12.84566038958591,-12.404470226847284,9.999251286218858,5.326923383767216
6,1.0,2,block_mean,-0.47554502986619623,1.3251122951874272,0.0,-1.5557633210034227,-1.5288705112899328,-12.84566038958591,-12.363869789505385,9.999251286218858,4.927164498449162
6,1.0,2,shift_level_drift,-0.516122304745143,1.6360900642084089,0.0,-1.5557633210034227,-1.2945632228466986,-12.84566038958591,-12.103164954072529,9.999251286218858,3.830572633844021
6,1.0,2,washout_1_drift,-0.4851851751859675,1.323723945872227,0.0,-1.5557633210034227,-1.5114992314649074,-12.84566038958591,-12.418124014483645,9.999251286218858,4.928514636341832
6,1.0,4,shift_level,-0.4212494041336881,1.2290550245543193,0.0,-1.5557633210034227,-1.077926207790838,-12.84566038958591,-11.897145945335172,9.999251286218858,5.44533136959388
6,1.0,4,washout_1,-0.2940218664733526,1.0502395151332313,0.0,-1.5557633210034227,-1.1408877074703367,-12.84566038958591,-11.111794527106035,9.999251286218858,6.348690640223068
6,1.0,4,lag1_exog,-0.3165782797114453,0.949630711819208,0.0,-1.5557633210034227,-1.1130880946616126,-12.84566038958591,-11.763862246485786,9.999251286218858,6.5933084974349745
6,1.0,4,block_mean,-0.3249172586026578,1.0200704552882114,0.0,-1.5557633210034227,-1.1302650651464865,-12.84566038958591,-11.671361326094022,9.999251286218858,6.331507670602578
6,1.0,4,shift_level_drift,-0.4070687102331381,1.2370571866238285,0.0,-1.5557633210034227,-1.2536478373029891,-12.84566038958591,-11.785302627256385,9.999251286218858,5.418900190965152
6,1.0,4,washout_1_drift,-0.2771084560861862,1.0565756028550792,0.0,-1.5557633210034227,-1.2555053420590694,-12.84566038958591,-11.033390478423335,9.999251286218858,6.335428237969513
6,1.0,8,shift_level,-0.1307314342733362,0.8379126500291662,0.0,-1.5557633210034227,-1.9416575580066664,-12.84566038958591,-12.446152618564339,9.999251286218858,7.196285846651298
6,1.0,8,washout_1,-0.09508707306146025,0.6955253606057826,0.0,-1.5557633210034227,-1.985692305530918,-12.84566038958591,-12.673241506719824,9.999251286218858,7.738812050748931
6,1.0,8,lag1_exog,-0.08563516605285494,0.6727072044800854,0.0,-1.5557633210034227,-1.9883980385179998,-12.84566038958591,-12.631416437586475,9.999251286218858,7.853630925162569
6,1.0,8,block_mean,-0.12432960082236441,0.6701770064469037,0.0,-1.5557633210034227,-2.001834659989367,-12.84566038958591,-12.667114159281155,9.999251286218858,7.739652833950237
6,1.0,8,shift_level_drift,-0.16463661800134766,0.7865174902361122,0.0,-1.5557633210034227,-1.4743039370848758,-12.84566038958591,-12.56288756557191,9.999251286218858,7.214914055077713
6,1.0,8,washout_1_drift,-0.13444883354081413,0.6407797906404008,0.0,-1.5557633210034227,-1.4689147391857926,-12.84566038958591,-12.823851825014367,9.999251286218858,7.747189122251918
7,0.0,1,shift_level,0.02571708880102729,0.29408344332468234,0.0,-1.19204625512985,-1.2995966399774574,-11.959632992379763,-12.223406005004394,9.97103024428171,10.030090705357981
7,0.0,1,lag1_exog,0.08923985418748577,0.6027274213369361,0.0,-1.19204625512985,-1.188309922614054,-11.959632992379763,-12.598098460199159,9.97103024428171,10.027087915024845
7,0.0,1,shift_level_drift,-0.022788534083346915,0.2850825363797151,0.0,-1.19204625512985,-1.31437581859793,-11.959632992379763,-12.327173082333374,9.97103024428171,10.024656056307782
7,0.0,2,shift_level,0.13664629186908853,0.33935071343630413,0.0,-1.19204625512985,-1.343365768252256,-11.959632992379763,-10.763604080514344,9.97103024428171,10.107788249550591
7,0.0,2,washout_1,0.23435473702133544,0.5365995840908555,0.0,-1.19204625512985,-1.4683329703064385,-11.959632992379763,-10.83103190829975,9.97103024428171,10.40802414588829
7,0.0,2,lag1_exog,0.18510685086878123,0.45442867120560804,0.0,-1.19204625512985,-1.536971373479826,-11.959632992379763,-10.586218337773964,9.97103024428171,10.28144269154393
7,0.0,2,block_mean,0.23435473702133544,0.5365995840908555,0.0,-1.19204625512985,-1.4683329703064385,-11.959632992379763,-10.83103190829975,9.97103024428171,10.40802414588829
7,0.0,2,shift_level_drift,0.11119346696275023,0.32126544822541236,0.0,-1.19204625512985,-1.4481489336292737,-11.959632992379763,-10.820834488324884,9.97103024428171,10.109956166885866
7,0.0,2,washout_1_drift,0.20721165647155773,0.5259949259735097,0.0,-1.19204625512985,-1.4847428063636872,-11.959632992379763,-10.871198423931137,9.97103024428171,10.411498789683328
7,0.0,4,shift_level,0.04473303832082897,0.30472350387670766,0.0,-1.19204625512985,-1.0615627679430837,-11.959632992379763,-12.545537554781518,9.97103024428171,10.23348822515421
7,0.0,4,washout_1,0.06898547630167552,0.3792822900946022,0.0,-1.19204625512985,-0.9765512797808216,-11.959632992379763,-12.672122901109525,9.97103024428171,10.27456815182174
7,0.0,4,lag1_exog,0.08400449277842179,0.3378733310980808,0.0,-1.19204625512985,-1.055189903385786,-11.959632992379763,-12.490481578675793,9.97103024428171,10.353435170494684
7,0.0,4,block_mean,0.09532521899307926,0.3072592334231624,0.0,-1.19204625512985,-0.9776723716828091,-11.959632992379763,-12.304488901324925,9.97103024428171,10.287851323143483
7,0.0,4,shift_level_drift,0.035638001760344394,0.2769375770708104,0.0,-1.19204625512985,-1.170871267173848,-11.959632992379763,-12.536786692450075,9.97103024428171,10.232914404316283
7,0.0,4,washout_1_drift,0.07581588067526861,0.3546007899614537,0.0,-1.19204625512985,-1.0819843666536584,-11.959632992379763,-12.599647603917276,9.97103024428171,10.271467038974261
7,0.0,8,shift_level,0.04660414375897632,0.3893262025924854,0.0,-1.19204625512985,-0.43339395299463446,-11.959632992379763,-11.94950596069623,9.97103024428171,10.0473654627433
7,0.0,8,washout_1,0.05345869436735994,0.41054486419590536,0.0,-1.19204625512985,-0.3980302988890841,-11.959632992379763,-12.071884640010772,9.97103024428171,10.089289493754942
7,0.0,8,lag1_exog,0.060758985368685,0.4077032544613087,0.0,-1.19204625512985,-0.4309389713913735,-11.959632992379763,-12.077358016534152,9.97103024428171,10.112383213010352
7,0.0,8,block_mean,0.05888028628328234,0.2707849885507702,0.0,-1.19204625512985,-0.36301490561714106,-11.959632992379763,-11.989274692395252,9.97103024428171,10.08355099394234
7,0.0,8,shift_level_drift,0.03541515680470075,0.3000095869623716,0.0,-1.19204625512985,-0.8360467900044231,-11.959632992379763,-11.961836484302697,9.97103024428171,10.045261027522475
7,0.0,8,washout_1_drift,0.03716815379691786,0.3069359357522409,0.0,-1.19204625512985,-0.8051872102131585,-11.959632992379763,-12.125233826199825,9.97103024428171,10.080148798772273
7,0.25,1,shift_level,-0.14431754094131974,0.5549016011475394,0.0,-1.271163797356352,-1.2030824346175768,-11.959632992379754,-12.233442961846627,9.971147032311839,8.12339715850699
7,0.25,1,lag1_exog,0.04974194494028602,0.5917041125552407,0.0,-1.271163797356352,-1.2131654238565264,-11.959632992379754,-12.631926618351894,9.971147032311839,9.67522340377151
7,0.25,1,shift_level_drift,-0.19531543101538923,0.5496573770736491,0.0,-1.271163797356352,-1.2097230520737958,-11.959632992379754,-12.334944272494415,9.971147032311839,8.103620782810658
7,0.25,2,shift_level,0.030508696473573366,0.4342338265412966,0.0,-1.271163797356352,-1.3069886906593016,-11.959632992379754,-10.757807517330338,9.971147032311839,8.927707499071527
7,0.25,2,washout_1,0.19363363544236714,0.5337348115654741,0.0,-1.271163797356352,-1.4709102180058697,-11.959632992379754,-10.785799451216644,9.971147032311839,9.965505706751221
7,0.25,2,lag1_exog,0.1514144489534554,0.4485057094039107,0.0,-1.271163797356352,-1.550371677713587,-11.959632992379754,-10.56855904335228,9.971147032311839,9.979045546043901
7,0.25,2,block_mean,0.19363363544236714,0.5337348115654741,0.0,-1.271163797356352,-1.4709102180058697,-11.959632992379754,-10.785799451216644,9.971147032311839,9.965505706751221
7,0.25,2,shift_level_drift,0.011427525841506993,0.4233739146209917,0.0,-1.271163797356352,-1.4122741396479983,-11.959632992379754,-10.787292738125426,9.971147032311839,8.928805956580119
7,0.25,2,washout_1_drift,0.17559524485964342,0.5276131943677533,0.0,-1.271163797356352,-1.481254026537129,-11.959632992379754,-10.804222361500617,9.971147032311839,9.967796660991795
7,0.25,4,shift_level,0.002503946520892198,0.3091802721389896,0.0,-1.271163797356352,-1.0561996440670844,-11.959632992379754,-12.524485115978178,9.971147032311839,9.66378657506987
7,0.25,4,washout_1,0.06605897773317254,0.36271404914708744,0.0,-1.271163797356352,-1.0157103527637954,-11.959632992379754,-12.631191578399692,9.971147032311839,10.13690303526818
7,0.25,4,lag1_exog,0.07958707332973905,0.32091649601256517,0.0,-1.271163797356352,-1.0973893777781973,-11.959632992379754,-12.461911760561247,9.971147032311839,10.224282760209645
7,0.25,4,block_mean,0.09224824243049724,0.29360718409458947,0.0,-1.271163797356352,-1.0168438249202405,-11.959632992379754,-12.260834198829466,9.971147032311839,10.148666891864288
7,0.25,4,shift_level_drift,-0.007003792384128639,0.28333512746482525,0.0,-1.271163797356352,-1.155493093015672,-11.959632992379754,-12.502548359950836,9.971147032311839,9.661786471490009
7,0.25,4,washout_1_drift,0.07712772514625385,0.34828396287201124,0.0,-1.271163797356352,-1.0855267359905354,-11.959632992379754,-12.564366371487202,9.971147032311839,10.13332575214902
7,0.25,8,shift_level,0.028449740477339718,0.37427077708696366,0.0,-1.271163797356352,-0.5593277166436984,-11.959632992379754,-11.866438642144026,9.971147032311839,9.721751663442976
7,0.25,8,washout_1,0.05726045157860774,0.38451985845501924,0.0,-1.271163797356352,-0.5308636914170289,-11.959632992379754,-12.006535455931362,9.971147032311839,10.011581408043188
7,0.25,8,lag1_exog,0.06268803256145429,0.37943754988987716,0.0,-1.271163797356352,-0.5751667154855156,-11.959632992379754,-12.009788410628705,9.971147032311839,10.037612736647155
7,0.25,8,block_mean,0.062864002429003,0.24525372244958366,0.0,-1.271163797356352,-0.5078422504039709,-11.959632992379754,-11.92368325158585,9.971147032311839,10.00580300110654
7,0.25,8,shift_level_drift,0.013129275577768064,0.3230794050597412,0.0,-1.271163797356352,-0.8215231726212604,-11.959632992379754,-11.910661473374674,9.971147032311839,9.712105154809441
7,0.25,8,washout_1_drift,0.03814544847840207,0.3217656543475702,0.0,-1.271163797356352,-0.7983313202379118,-11.959632992379754,-12.094876531506094,9.971147032311839,9.996344878635929
7,0.5,1,shift_level,-0.3111546814092498,0.993330354876164,0.0,-1.310078484933932,-1.140707414911665,-11.959632992379763,-12.24890180589924,9.971201265721636,6.2526678081544045
7,0.5,1,lag1_exog,-0.06116912355707349,0.6489802441575484,0.0,-1.310078484933932,-1.2501169954006923,-11.959632992379763,-12.666604494373408,9.971201265721636,8.641963330646625
7,0.5,1,shift_level_drift,-0.36290228864271273,0.9934884068231092,0.0,-1.310078484933932,-1.1332741606444015,-11.959632992379763,-12.353986615061043,9.971201265721636,6.2205355914256355
7,0.5,2,shift_level,-0.10880183667503385,0.7273162987281665,0.0,-1.310078484933932,-1.276872461687676,-11.959632992379763,-10.748560332688424,9.971201265721636,7.432021430519314
7,0.5,2,washout_1,0.08121964159592276,0.6074391610589028,0.0,-1.310078484933932,-1.4744335182795076,-11.959632992379763,-10.741236496573283,9.971201265721636,8.864112354203414
7,0.5,2,lag1_exog,0.05704919729041834,0.5015733219859657,0.0,-1.310078484933932,-1.5649179027490185,-11.959632992379763,-10.544540471216976,9.971201265721636,9.097042737100743
7,0.5,2,block_mean,0.08121964159592276,0.6074391610589028,0.0,-1.310078484933932,-1.4744335182795076,-11.959632992379763,-10.741236496573283,9.971201265721636,8.864112354203414
7,0.5,2,shift_level_drift,-0.12326018807532121,0.7227198532175022,0.0,-1.310078484933932,-1.381074357749608,-11.959632992379763,-10.758101876517294,9.971201265721636,7.4322221944193725
7,0.5,2,washout_1_drift,0.07100779243518611,0.6051727432388924,0.0,-1.310078484933932,-1.4848466727204062,-11.959632992379763,-10.744635867686448,9.971201265721636,8.864577080799181
7,0.5,4,shift_level,-0.07782093891464097,0.426336576537345,0.0,-1.310078484933932,-1.0738864192152806,-11.959632992379763,-12.525051444487417,9.971201265721636,8.795975733936007
7,0.5,4,washout_1,0.01532636300949633,0.37004699368909755,0.0,-1.310078484933932,-1.0611317020640327,-11.959632992379763,-12.61518436571307,9.971201265721636,9.60696920472773
7,0.5,4,lag1_exog,0.032062641293663936,0.3201003930419061,0.0,-1.310078484933932,-1.1442214161959627,-11.959632992379763,-12.455759124530587,9.971201265721636,9.74617609225459
7,0.5,4,block_mean,0.0408388512884863,0.3052234373428144,0.0,-1.310078484933932,-1.0619929232082244,-11.959632992379763,-12.243977934668008,9.971201265721636,9.613731015614539
7,0.5,4,shift_level_drift,-0.08267639960607542,0.41020742507323726,0.0,-1.310078484933932,-1.1490253915130846,-11.959632992379763,-12.48559913762612,9.971201265721636,8.791179200877702
7,0.5,4,washout_1_drift,0.0317069285231585,0.3636488396315973,0.0,-1.310078484933932,-1.0937972948994041,-11.959632992379763,-12.554537917522552,9.971201265721636,9.60262453842699
7,0.5,8,shift_level,-0.018023169332612488,0.40075006618348946,0.0,-1.310078484933932,-0.6304327917406911,-11.959632992379763,-11.848047795156456,9.971201265721636,9.22230680893325
7,0.5,8,washout_1,0.031756867134819664,0.3734020522602853,0.0,-1.310078484933932,-0.6017123982933543,-11.959632992379763,-12.000691481332716,9.971201265721636,9.736264488543297
7,0.5,8,lag1_exog,0.03650979155231225,0.36532847340195146,0.0,-1.310078484933932,-0.6539944198652266,-11.959632992379763,-12.001605521173387,9.971201265721636,9.775350587441064
7,0.5,8,block_mean,0.03742567485406835,0.23799600278192096,0.0,-1.310078484933932,-0.5873579964851703,-11.959632992379763,-11.917530623517171,9.971201265721636,9.731282271372786
7,0.5,8,shift_level_drift,-0.03155183018103236,0.3755775619347908,0.0,-1.310078484933932,-0.8010270516831,-11.959632992379763,-11.882204504773782,9.971201265721636,9.212709514328537
7,0.5,8,washout_1_drift,0.01435627727185671,0.33792426686199767,0.0,-1.310078484933932,-0.7784863115316372,-11.959632992379763,-12.076163250938734,9.971201265721636,9.724669710629533
7,0.75,1,shift_level,-0.4791539241449455,1.4486227129537987,0.0,-1.3243454827857315,-1.1047111429328114,-11.959632992379762,-12.268084894997621,9.971223437972593,4.418119859463398
7,0.75,1,lag1_exog,-0.24774802993691653,0.9186294313790395,0.0,-1.3243454827857315,-1.3100431789370948,-11.959632992379762,-12.697592657472057,9.971223437972593,6.949800967375015
7,0.75,1,shift_level_drift,-0.5294520228422886,1.4519259441356709,0.0,-1.3243454827857315,-1.0851002655989228,-11.959632992379762,-12.376413460116535,9.971223437972593,4.3792561489374755
7,0.75,2,shift_level,-0.28073332042488686,1.1426403891790402,0.0,-1.3243454827857315,-1.2716643873041231,-11.959632992379762,-10.741911916760756,9.971223437972593,5.638936754392741
7,0.75,2,washout_1,-0.09798601367915001,0.8970592732094756,0.0,-1.3243454827857315,-1.4912152233135942,-11.959632992379762,-10.71201384674786,9.971223437972593,7.1273897523303305
7,0.75,2,lag1_exog,-0.10578097238802418,0.7594998038883817,0.0,-1.3243454827857315,-1.5950527582035756,-11.959632992379762,-10.528620060664835,9.971223437972593,7.539888942218779
7,0.75,2,block_mean,-0.09798601367915001,0.8970592732094756,0.0,-1.3243454827857315,-1.4912152233135942,-11.959632992379762,-10.71201384674786,9.971223437972593,7.1273897523303305
7,0.75,2,shift_level_drift,-0.29218356076815166,1.1406770410563483,0.0,-1.3243454827857315,-1.3682524961438538,-11.959632992379762,-10.741076164012942,9.971223437972593,5.638921339425606
7,0.75,2,washout_1_drift,-0.10294786981726056,0.8968929197505222,0.0,-1.3243454827857315,-1.4924435366082471,-11.959632992379762,-10.709514909119104,9.971223437972593,7.126838279775526
7,0.75,4,shift_level,-0.20842447458065852,0.7076051596163351,0.0,-1.3243454827857315,-1.1041018808809782,-11.959632992379762,-12.52061189720089,9.971223437972593,7.4537760344527735
7,0.75,4,washout_1,-0.10480290934544015,0.5301565924259064,0.0,-1.3243454827857315,-1.1037458750486993,-11.959632992379762,-12.600383147613048,9.971223437972593,8.444378937833912
7,0.75,4,lag1_exog,-0.07879601489865994,0.45997715420575713,0.0,-1.3243454827857315,-1.185664269418386,-11.959632992379762,-12.445845607593936,9.971223437972593,8.674651264880097
7,0.75,4,block_mean,-0.07989740788303516,0.4879550785774356,0.0,-1.3243454827857315,-1.1041373166061814,-11.959632992379762,-12.227705355936019,9.971223437972593,8.445213674214083
7,0.75,4,shift_level_drift,-0.2094751485202415,0.7001364768762225,0.0,-1.3243454827857315,-1.1479866069867963,-11.959632992379762,-12.47275668598093,9.971223437972593,7.447969731218983
7,0.75,4,washout_1_drift,-0.08515170182337096,0.5291324075660906,0.0,-1.3243454827857315,-1.0983100847436256,-11.959632992379762,-12.548676636266256,9.971223437972593,8.440272642962134
7,0.75,8,shift_level,-0.10401752873692474,0.526031871906816,0.0,-1.3243454827857315,-0.6638196223945854,-11.959632992379762,-11.854505986607872,9.971223437972593,8.367898328800532
7,0.75,8,washout_1,-0.037952531758993914,0.4250372861473925,0.0,-1.3243454827857315,-0.6375304664061908,-11.959632992379762,-12.011004567155638,9.971223437972593,9.05557143514448
7,0.75,8,lag1_exog,-0.031440342194819657,0.4115784995153411,0.0,-1.3243454827857315,-0.6935704855959995,-11.959632992379762,-12.011757782455435,9.971223437972593,9.12776683021675
7,0.75,8,block_mean,-0.03257453384291338,0.318292062697639,0.0,-1.3243454827857315,-0.6297639021600441,-11.959632992379762,-11.927660692845915,9.971223437972593,9.053045466280256
7,0.75,8,shift_level_drift,-0.11510683663052633,0.5153367420376498,0.0,-1.3243454827857315,-0.7805015878505139,-11.959632992379762,-11.876365734817922,9.971223437972593,8.360929101370811
7,0.75,8,washout_1_drift,-0.05283099886597055,0.40722013862298523,0.0,-1.3243454827857315,-0.7606509353921448,-11.959632992379762,-12.069645166058146,9.971223437972593,9.050790645062676
7,1.0,1,shift_level,-0.6413296823313398,1.9040612490135889,0.0,-1.3312267959686643,-1.0800864756598982,-11.959632992379763,-12.29110469122585,9.971511806724443,2.628345782252985
7,1.0,1,lag1_exog,-0.49777307654489794,1.430472308638328,0.0,-1.3312267959686643,-1.3577487787744693,-11.959632992379763,-12.726760245387654,9.971511806724443,4.637057335280252
7,1.0,1,shift_level_drift,-0.6893105495668822,1.9083504388138257,0.0,-1.3312267959686643,-1.0575015422066234,-11.959632992379763,-12.402964118747178,9.971511806724443,2.589086213273407
7,1.0,2,shift_level,-0.47750383472613356,1.643143632685752,0.0,-1.3312267959686643,-1.2811569440570711,-11.959632992379763,-10.730228659497456,9.971511806724443,3.5899058783836075
7,1.0,2,washout_1,-0.33689440443809493,1.408642547302117,0.0,-1.3312267959686643,-1.5190550584312663,-11.959632992379763,-10.696459018780736,9.971511806724443,4.801226415233913
7,1.0,2,lag1_exog,-0.3417870310196861,1.268103693007916,0.0,-1.3312267959686643,-1.6300243634068732,-11.959632992379763,-10.516327000352433,9.971511806724443,5.2503812293396805
7,1.0,2,block_mean,-0.33689440443809493,1.408642547302117,0.0,-1.3312267959686643,-1.5190550584312663,-11.959632992379763,-10.696459018780736,9.971511806724443,4.801226415233913
7,1.0,2,shift_level_drift,-0.48693364319977184,1.6421409613622395,0.0,-1.3312267959686643,-1.3653852297198796,-11.959632992379763,-10.727060088106331,9.971511806724443,3.5897713902907755
7,1.0,2,washout_1_drift,-0.33956841722764336,1.4087256840921913,0.0,-1.3312267959686643,-1.5098953469683605,-11.959632992379763,-10.69505445349008,9.971511806724443,4.800326755785188
7,1.0,4,shift_level,-0.4082447107827267,1.1844607721168292,0.0,-1.3312267959686643,-1.1284466502355048,-11.959632992379763,-12.517337424814622,9.971511806724443,5.436496410489303
7,1.0,4,washout_1,-0.3207597117936894,0.9817966118408252,0.0,-1.3312267959686643,-1.1394632214012566,-11.959632992379763,-12.58815696766483,9.971511806724443,6.363208638735951
7,1.0,4,lag1_exog,-0.28527304680555693,0.8949747170890403,0.0,-1.3312267959686643,-1.2185779579726512,-11.959632992379763,-12.435708772521885,9.971511806724443,6.671879054575933
7,1.0,4,block_mean,-0.2955785890302141,0.9595752924325767,0.0,-1.3312267959686643,-1.139253682366667,-11.959632992379763,-12.213361545896745,9.971511806724443,6.3626565253326985
7,1.0,4,shift_level_drift,-0.4052929886515229,1.180939194746735,0.0,-1.3312267959686643,-1.1467463956321047,-11.959632992379763,-12.462746538578966,9.971511806724443,5.434808127671587
7,1.0,4,washout_1_drift,-0.2981573975146897,0.9817697423483912,0.0,-1.3312267959686643,-1.106164926796781,-11.959632992379763,-12.543175468244817,9.971511806724443,6.3635992657274025
7,1.0,8,shift_level,-0.2702655528189969,0.8675668937244433,0.0,-1.3312267959686643,-0.6828938548470562,-11.959632992379763,-11.86813027953972,9.971511806724443,6.723032806989597
7,1.0,8,washout_1,-0.19965960923232254,0.710292300168981,0.0,-1.3312267959686643,-0.6627982432633549,-11.959632992379763,-12.024645256171791,9.971511806724443,7.461953068843546
7,1.0,8,lag1_exog,-0.1887736184041641,0.6826611221570706,0.0,-1.3312267959686643,-0.7203811189320235,-11.959632992379763,-12.027345902257753,9.971511806724443,7.5952422520298715
7,1.0,8,block_mean,-0.19495279193669762,0.6532511835080648,0.0,-1.3312267959686643,-0.6605501547841187,-11.959632992379763,-11.94112494698194,9.971511806724443,7.463928676813407
7,1.0,8,shift_level_drift,-0.2789393590328998,0.8637697052993489,0.0,-1.3312267959686643,-0.7646687001657332,-11.959632992379763,-11.881170249930733,9.971511806724443,6.718855354983262
7,1.0,8,washout_1_drift,-0.21167619996892842,0.703685319913824,0.0,-1.3312267959686643,-0.7497340207510496,-11.959632992379763,-12.0688094367514,9.971511806724443,7.463165221498633
8,0.0,1,shift_level,0.05102780866303451,0.2544488784336669,0.0,-1.580004360617684,-1.4139787396610664,-11.059663081160638,-11.205613095528701,10.040950613281868,10.085504988712858
8,0.0,1,lag1_exog,0.0859859635004866,0.417335377898493,0.0,-1.580004360617684,-1.404724876814066,-11.059663081160638,-10.867399812029673,10.040950613281868,10.102553886385941
8,0.0,1,shift_level_drift,0.035561675516802185,0.24764560437232291,0.0,-1.580004360617684,-1.4755022186387143,-11.059663081160638,-11.19666630664481,10.040950613281868,10.085461373416832
8,0.0,2,shift_level,-0.06212709364472961,0.191207748195031,0.0,-1.580004360617684,-1.6649009916780246,-11.059663081160638,-11.762484845458074,10.040950613281868,9.979661344445862
8,0.0,2,washout_1,-0.10939485580516105,0.3478640303586732,0.0,-1.580004360617684,-1.7422434701118956,-11.059663081160638,-12.622334660063952,10.040950613281868,10.13856119822516
8,0.0,2,lag1_exog,-0.08447291787900475,0.39791898159751266,0.0,-1.580004360617684,-1.6597227541857609,-11.059663081160638,-12.644280697655521,10.040950613281868,9.991209442850908
8,0.0,2,block_mean,-0.10939485580516105,0.3478640303586732,0.0,-1.580004360617684,-1.7422434701118956,-11.059663081160638,-12.622334660063952,10.040950613281868,10.13856119822516
8,0.0,2,shift_level_drift,-0.07505888505594391,0.2240413163872581,0.0,-1.580004360617684,-1.7782201321033968,-11.059663081160638,-11.829815026884152,10.040950613281868,9.978156111745575
8,0.0,2,washout_1_drift,-0.11417741555929876,0.37452589640521267,0.0,-1.580004360617684,-1.7278848883208182,-11.059663081160638,-12.680447138293298,10.040950613281868,10.136190357414987
8,0.0,4,shift_level,0.16492802006277335,0.5660601841241317,0.0,-1.580004360617684,-2.1892210768214957,-11.059663081160638,-10.028295645508837,10.040950613281868,10.182118556739724
8,0.0,4,washout_1,0.15602849988776873,0.615257096638095,0.0,-1.580004360617684,-2.4399450306285453,-11.059663081160638,-10.067624389625509,10.040950613281868,10.14788986594455
8,0.0,4,lag1_exog,0.1556126723730095,0.6151710741421629,0.0,-1.580004360617684,-2.422854360208185,-11.059663081160638,-10.207075236386693,10.040950613281868,10.12045707793265
8,0.0,4,block_mean,0.13517746307505826,0.561783017438625,0.0,-1.580004360617684,-2.3917676260992833,-11.059663081160638,-9.773086266349203,10.040950613281868,10.131706411597433
8,0.0,4,shift_level_drift,0.10246706555107199,0.47645735491006386,0.0,-1.580004360617684,-1.8915930444281797,-11.059663081160638,-10.066255194019128,10.040950613281868,10.179597864696744
8,0.0,4,washout_1_drift,0.09242655973244641,0.5142194255518839,0.0,-1.580004360617684,-2.045678201055563,-11.059663081160638,-10.122606617551732,10.040950613281868,10.149692145853683
8,0.0,8,shift_level,-0.03638620347584794,0.18589169914404055,0.0,-1.580004360617684,-1.8835035896962107,-11.059663081160638,-11.653275582467113,10.040950613281868,10.093363486348292
8,0.0,8,washout_1,-0.08550391301987188,0.31972820542891534,0.0,-1.580004360617684,-1.8812924225497365,-11.059663081160638,-12.268126125391186,10.040950613281868,10.056628657878996
8,0.0,8,lag1_exog,-0.039237507778054286,0.24144025490751023,0.0,-1.580004360617684,-1.9298479646189253,-11.059663081160638,-11.993349098636084,10.040950613281868,10.122054992708097
8,0.0,8,block_mean,-0.0612600969763706,0.24009672771599766,0.0,-1.580004360617684,-1.9271284120147976,-11.059663081160638,-11.852322200761115,10.040950613281868,10.152776071296694
8,0.0,8,shift_level_drift,-0.022629332591411384,0.17786956066505757,0.0,-1.580004360617684,-1.5653570219546822,-11.059663081160638,-11.613942214872186,10.040950613281868,10.08808102614785
8,0.0,8,washout_1_drift,-0.07068057243550456,0.3184991646177927,0.0,-1.580004360617684,-1.5496377138248723,-11.059663081160638,-12.222588033562086,10.040950613281868,10.049853094592628
8,0.25,1,shift_level,-0.1105940419091749,0.57463078194704,0.0,-1.7291058168664355,-1.1919819608274378,-11.059663081160638,-11.171785225284843,10.040903516147115,8.055525245312648
8,0.25,1,lag1_exog,0.06691187841020048,0.4379013045524808,0.0,-1.7291058168664355,-1.3001397838995874,-11.059663081160638,-10.789799474251884,10.040903516147115,9.690425422363571
8,0.25,1,shift_level_drift,-0.13399456291411563,0.5667912040388945,0.0,-1.7291058168664355,-1.287457788982762,-11.059663081160638,-11.181143708779167,10.040903516147115,8.05569581815283
8,0.25,2,shift_level,-0.15008911267063332,0.34577756594905795,0.0,-1.7291058168664355,-1.6216670990652569,-11.059663081160638,-11.798514255749076,10.040903516147115,8.920569406609541
8,0.25,2,washout_1,-0.13169418127802718,0.3629919686874747,0.0,-1.7291058168664355,-1.790498163861176,-11.059663081160638,-12.650387672395963,10.040903516147115,9.777940248523171
8,0.25,2,lag1_exog,-0.10193407097779272,0.4110245560626317,0.0,-1.7291058168664355,-1.7351904754614091,-11.059663081160638,-12.679261817666568,10.040903516147115,9.753213195928534
8,0.25,2,block_mean,-0.13169418127802718,0.3629919686874747,0.0,-1.7291058168664355,-1.790498163861176,-11.059663081160638,-12.650387672395963,10.040903516147115,9.777940248523171
8,0.25,2,shift_level_drift,-0.15995685481082092,0.3582706896755527,0.0,-1.7291058168664355,-1.726746779888031,-11.059663081160638,-11.848565610634004,10.040903516147115,8.9195999630883
8,0.25,2,washout_1_drift,-0.12881938067344087,0.38421717285021356,0.0,-1.7291058168664355,-1.7524943467765774,-11.059663081160638,-12.683109833027661,10.040903516147115,9.776597393306382
8,0.25,4,shift_level,0.10991258262048012,0.5422054477963774,0.0,-1.7291058168664355,-2.1627115486242054,-11.059663081160638,-10.051576413726796,10.040903516147115,9.67293617853825
8,0.25,4,washout_1,0.12728517625838956,0.5784102638297284,0.0,-1.7291058168664355,-2.4823012549833967,-11.059663081160638,-10.091455213837293,10.040903516147115,10.052833806485964
8,0.25,4,lag1_exog,0.13112939831772136,0.5792580174296155,0.0,-1.7291058168664355,-2.4657908482659967,-11.059663081160638,-10.237898303797738,10.040903516147115,10.036128106021962
8,0.25,4,block_mean,0.10707706395180092,0.5259722519018633,0.0,-1.7291058168664355,-2.4311071528558297,-11.059663081160638,-9.803778041296535,10.040903516147115,10.036562861973888
8,0.25,4,shift_level_drift,0.059697348905145275,0.47264987935349256,0.0,-1.7291058168664355,-1.862914994278762,-11.059663081160638,-10.070195080455571,10.040903516147115,9.670292660829364
8,0.25,4,washout_1_drift,0.08017962778862296,0.4976396751714171,0.0,-1.7291058168664355,-2.0581328198942757,-11.059663081160638,-10.118128034899076,10.040903516147115,10.05288455656164
8,0.25,8,shift_level,-0.06794780675830243,0.17482770418875102,0.0,-1.7291058168664355,-1.8978597224401108,-11.059663081160638,-11.657041013278631,10.040903516147115,9.847777741429121
8,0.25,8,washout_1,-0.09536987216345454,0.3143817090585454,0.0,-1.7291058168664355,-1.9180370834006104,-11.059663081160638,-12.27160994703178,10.040903516147115,10.030831511242353
8,0.25,8,lag1_exog,-0.0511408948054366,0.22999368161907588,0.0,-1.7291058168664355,-1.9746997356766227,-11.059663081160638,-11.991802528641776,10.040903516147115,10.08383169958787
8,0.25,8,block_mean,-0.0706882853311584,0.22304420716200385,0.0,-1.7291058168664355,-1.9621804265812182,-11.059663081160638,-11.850151013322577,10.040903516147115,10.12440717149223
8,0.25,8,shift_level_drift,-0.037047144446703796,0.1863912984561661,0.0,-1.7291058168664355,-1.4869550150412394,-11.059663081160638,-11.607486215426443,10.040903516147115,9.84038321326966
8,0.25,8,washout_1_drift,-0.06473620132432721,0.3185244207442855,0.0,-1.7291058168664355,-1.4884932426483455,-11.059663081160638,-12.219190512283419,10.040903516147115,10.021417784216776
8,0.5,1,shift_level,-0.271839860393677,1.0483680317421635,0.0,-1.8133132908163363,-1.031841625515104,-11.059663081160641,-11.132781249614041,10.040810166633644,6.1051503166603664
8,0.5,1,lag1_exog,-0.03682163018997535,0.57116681523502,0.0,-1.8133132908163363,-1.2374157929077414,-11.059663081160641,-10.721128361971216,10.040810166633644,8.560274032015089
8,0.5,1,shift_level_drift,-0.3022560540483942,1.0408906876678632,0.0,-1.8133132908163363,-1.1493538947950337,-11.059663081160641,-11.165111700222809,10.040810166633644,6.105244365539255
8,0.5,2,shift_level,-0.2748589776751745,0.6633084311454961,0.0,-1.8133132908163363,-1.5895513505938546,-11.059663081160641,-11.815881066587417,10.040810166633644,7.557936595166155
8,0.5,2,washout_1,-0.21982140068427053,0.48708475221821435,0.0,-1.8133132908163363,-1.8232200397762535,-11.059663081160641,-12.66132713186727,10.040810166633644,8.800129783804323
8,0.5,2,lag1_exog,-0.17561910936860445,0.49111549087018214,0.0,-1.8133132908163363,-1.783898197342884,-11.059663081160641,-12.690709414704337,10.040810166633644,8.98413425118548
8,0.5,2,block_mean,-0.21982140068427053,0.48708475221821435,0.0,-1.8133132908163363,-1.8232200397762535,-11.059663081160641,-12.66132713186727,10.040810166633644,8.800129783804323
8,0.5,2,shift_level_drift,-0.28299410960031857,0.6676429224841111,0.0,-1.8133132908163363,-1.6820398103954513,-11.059663081160641,-11.858743150210197,10.040810166633644,7.5574467139945
8,0.5,2,washout_1_drift,-0.21427209738532477,0.5037073466882175,0.0,-1.8133132908163363,-1.7743283057769577,-11.059663081160641,-12.698206657772197,10.040810166633644,8.799152217147954
8,0.5,4,shift_level,0.026776837060301453,0.589726255239206,0.0,-1.8133132908163363,-2.147619444293739,-11.059663081160641,-10.076676780566626,10.040810166633644,8.87538914949767
8,0.5,4,washout_1,0.0630328905097279,0.5678706436011839,0.0,-1.8133132908163363,-2.5137811607526284,-11.059663081160641,-10.118557108316846,10.040810166633644,9.585587132356814
8,0.5,4,lag1_exog,0.07681856180730254,0.5665731690798821,0.0,-1.8133132908163363,-2.4968284018024303,-11.059663081160641,-10.268066910892252,10.040810166633644,9.625039070712877
8,0.5,4,block_mean,0.04332240582768193,0.5179255887679063,0.0,-1.8133132908163363,-2.459834815055304,-11.059663081160641,-9.83608376993751,10.040810166633644,9.56938107630701
8,0.5,4,shift_level_drift,-0.01321511772027412,0.5418106522590979,0.0,-1.8133132908163363,-1.8415113793902713,-11.059663081160641,-10.082929291166236,10.040810166633644,8.873930900464906
8,0.5,4,washout_1_drift,0.0301052719343837,0.5025397860220708,0.0,-1.8133132908163363,-2.056698958269825,-11.059663081160641,-10.130055879258242,10.040810166633644,9.584435494357988
8,0.5,8,shift_level,-0.10668035628802554,0.215346462895402,0.0,-1.8133132908163363,-1.8883101092784877,-11.059663081160641,-11.640498427738443,10.040810166633644,9.458624157803573
8,0.5,8,washout_1,-0.11585830838635894,0.31342294777316887,0.0,-1.8133132908163363,-1.9323375924765256,-11.059663081160641,-12.250500764077529,10.040810166633644,9.842265415467182
8,0.5,8,lag1_exog,-0.07222354477327873,0.2252552234919592,0.0,-1.8133132908163363,-1.9940225392177586,-11.059663081160641,-11.969846126383368,10.040810166633644,9.895009844611069
8,0.5,8,block_mean,-0.09092282960640809,0.2168461803581926,0.0,-1.8133132908163363,-1.9761143956630018,-11.059663081160641,-11.82818952415409,10.040810166633644,9.935550236529865
8,0.5,8,shift_level_drift,-0.06741820059497274,0.23887773208347574,0.0,-1.8133132908163363,-1.4276177718189507,-11.059663081160641,-11.590464887687668,10.040810166633644,9.45128335772247
8,0.5,8,washout_1_drift,-0.07793788607154109,0.324966384692209,0.0,-1.8133132908163363,-1.4462757253804623,-11.059663081160641,-12.198599894865538,10.040810166633644,9.832514249275851
8,0.75,1,shift_level,-0.4322516852187213,1.528678146218209,0.0,-1.8601523704992342,-0.9285685964002349,-11.05966308116064,-11.095305291241925,10.040564197877252,4.22942889361071
8,0.75,1,lag1_exog,-0.21697390717695156,0.9409983758538195,0.0,-1.8601523704992342,-1.214924618070731,-11.05966308116064,-10.658988018313353,10.040564197877252,6.7522002940749895
8,0.75,1,shift_level_drift,-0.4679159363842452,1.5223407512011045,0.0,-1.8601523704992342,-1.0533688426460175,-11.05966308116064,-11.145887291501813,10.040564197877252,4.227332001300542
8,0.75,2,shift_level,-0.43519174916930775,1.084219033178336,0.0,-1.8601523704992342,-1.5475972622473135,-11.05966308116064,-11.810651012456795,10.040564197877252,5.869930261253167
8,0.75,2,washout_1,-0.3788804956930332,0.818396471822332,0.0,-1.8601523704992342,-1.830368562031795,-11.05966308116064,-12.646773552010607,10.040564197877252,7.193256383989476
8,0.75,2,lag1_exog,-0.31949874486123514,0.7562944969351592,0.0,-1.8601523704992342,-1.7968939329379268,-11.05966308116064,-12.681403083220232,10.040564197877252,7.556848836763158
8,0.75,2,block_mean,-0.3788804956930332,0.818396471822332,0.0,-1.8601523704992342,-1.830368562031795,-11.05966308116064,-12.646773552010607,10.040564197877252,7.193256383989476
8,0.75,2,shift_level_drift,-0.44408128718481615,1.086054167525903,0.0,-1.8601523704992342,-1.63554217298846,-11.05966308116064,-11.853705570920999,10.040564197877252,5.8691474784328435
8,0.75,2,washout_1_drift,-0.3764999322764499,0.8298008891911591,0.0,-1.8601523704992342,-1.7864104952650264,-11.05966308116064,-12.698940331508462,10.040564197877252,7.19275628272778
8,0.75,4,shift_level,-0.09914254034689952,0.7802335857144211,0.0,-1.8601523704992342,-2.1349551825275546,-11.05966308116064,-10.096566038809721,10.040564197877252,7.612844489190898
8,0.75,4,washout_1,-0.057213415977689475,0.6624197729937044,0.0,-1.8601523704992342,-2.531913499384442,-11.05966308116064,-10.141608407405318,10.040564197877252,8.508999395655435
8,0.75,4,lag1_exog,-0.02888923343997134,0.6424768454003911,0.0,-1.8601523704992342,-2.514364658472021,-11.05966308116064,-10.293112841108664,10.040564197877252,8.647832163600008
8,0.75,4,block_mean,-0.07650734466540025,0.621757855789262,0.0,-1.8601523704992342,-2.4758943056168756,-11.05966308116064,-9.863344030315382,10.040564197877252,8.493543634687553
8,0.75,4,shift_level_drift,-0.13085583162676248,0.7526344704587782,0.0,-1.8601523704992342,-1.821931831192637,-11.05966308116064,-10.095235276730918,10.040564197877252,7.613274211764249
8,0.75,4,washout_1_drift,-0.07996713261259163,0.6174814738103259,0.0,-1.8601523704992342,-2.0505535794230227,-11.05966308116064,-10.145737614481769,10.040564197877252,8.507879045501207
8,0.75,8,shift_level,-0.17286128689933283,0.34927589382094587,0.0,-1.8601523704992342,-1.8622671069735564,-11.05966308116064,-11.626110688769076,10.040564197877252,8.77676706689261
8,0.75,8,washout_1,-0.16738839099040134,0.3533616926794112,0.0,-1.8601523704992342,-1.9278691446871243,-11.05966308116064,-12.231603250411718,10.040564197877252,9.32136867023432
8,0.75,8,lag1_exog,-0.12279907992995096,0.2692807381706861,0.0,-1.8601523704992342,-1.992978602575809,-11.05966308116064,-11.951253428549917,10.040564197877252,9.393350511129917
8,0.75,8,block_mean,-0.1419140768478548,0.2649625976183496,0.0,-1.8601523704992342,-1.9732009370005787,-11.05966308116064,-11.80772207735191,10.040564197877252,9.420276220087128
8,0.75,8,shift_level_drift,-0.13183291404096298,0.3713454476879491,0.0,-1.8601523704992342,-1.3793966292110853,-11.05966308116064,-11.580948638699855,10.040564197877252,8.770500353259713
8,0.75,8,washout_1_drift,-0.12840292981781185,0.37009209946634486,0.0,-1.8601523704992342,-1.4127322116610859,-11.05966308116064,-12.184632139363798,10.040564197877252,9.312887652623406
8,1.0,1,shift_level,-0.5886339877609944,1.9937704392023006,0.0,-1.8869060572290905,-0.8583906852740839,-11.05966308116064,-11.05640152763838,10.03991693905903,2.4593371445501018
8,1.0,1,lag1_exog,-0.4658173548907737,1.5157739423148047,0.0,-1.8869060572290905,-1.202224234518743,-11.05966308116064,-10.600906026649408,10.03991693905903,4.376818073691158
8,1.0,1,shift_level_drift,-0.6262846362484241,1.9887551102944705,0.0,-1.8869060572290905,-0.9840418970443506,-11.05966308116064,-11.120171610562103,10.03991693905903,2.453857691886587
8,1.0,2,shift_level,-0.6361809295511689,1.6107945023710655,0.0,-1.8869060572290905,-1.5085571277788494,-11.05966308116064,-11.80556370410952,10.03991693905903,3.8093687805172562
8,1.0,2,washout_1,-0.6158247664677273,1.3656992637676126,0.0,-1.8869060572290905,-1.8305155802821593,-11.05966308116064,-12.649009736429761,10.03991693905903,4.913628151963545
8,1.0,2,lag1_exog,-0.5549266398793539,1.2793160240367816,0.0,-1.8869060572290905,-1.7951513089429656,-11.05966308116064,-12.679164902690129,10.03991693905903,5.310032298513796
8,1.0,2,block_mean,-0.6158247664677273,1.3656992637676126,0.0,-1.8869060572290905,-1.8305155802821593,-11.05966308116064,-12.649009736429761,10.03991693905903,4.913628151963545
8,1.0,2,shift_level_drift,-0.6474007907541468,1.6116572092312647,0.0,-1.8869060572290905,-1.5951087541569475,-11.05966308116064,-11.857173530382859,10.03991693905903,3.8073768407886543
8,1.0,2,washout_1_drift,-0.6173162681570682,1.3729140376915125,0.0,-1.8869060572290905,-1.7960535901080976,-11.05966308116064,-12.718756048207943,10.03991693905903,4.914153392528279
8,1.0,4,shift_level,-0.3060821607505958,1.1928468675549488,0.0,-1.8869060572290905,-2.1188200228586305,-11.05966308116064,-10.126438521042935,10.03991693905903,5.629367478164278
8,1.0,4,washout_1,-0.2791600291225055,1.0240789588960566,0.0,-1.8869060572290905,-2.5373212618430614,-11.05966308116064,-10.184148438151771,10.03991693905903,6.4915615807155325
8,1.0,4,lag1_exog,-0.23937541575719282,0.973350969363538,0.0,-1.8869060572290905,-2.518095841791127,-11.05966308116064,-10.331540108873838,10.03991693905903,6.720101014853611
8,1.0,4,block_mean,-0.29828720190820157,0.9988457244294856,0.0,-1.8869060572290905,-2.479611514333142,-11.05966308116064,-9.909377968855129,10.03991693905903,6.479210834471226
8,1.0,4,shift_level_drift,-0.3302657554810425,1.1795801291003007,0.0,-1.8869060572290905,-1.8060688442008224,-11.05966308116064,-10.119011976433363,10.03991693905903,5.63214317006897
8,1.0,4,washout_1_drift,-0.2931803394721263,1.0016852725952556,0.0,-1.8869060572290905,-2.045999044888848,-11.05966308116064,-10.184053781699811,10.03991693905903,6.491611223676766
8,1.0,8,shift_level,-0.3046315942295773,0.6601636383129427,0.0,-1.8869060572290905,-1.8318326992536165,-11.05966308116064,-11.61082065184589,10.03991693905903,7.436562470621405
8,1.0,8,washout_1,-0.29510535269092925,0.5761096856414428,0.0,-1.8869060572290905,-1.9178508700670356,-11.05966308116064,-12.211501834827391,10.03991693905903,8.043856434656256
8,1.0,8,lag1_exog,-0.24602913766518356,0.5064983956845185,0.0,-1.8869060572290905,-1.9835418370858662,-11.05966308116064,-11.932319579617117,10.03991693905903,8.164415352443157
8,1.0,8,block_mean,-0.26863401956814986,0.5181181283874263,0.0,-1.8869060572290905,-1.9647107009006848,-11.05966308116064,-11.786188385323715,10.03991693905903,8.163139256573936
8,1.0,8,shift_level_drift,-0.2638554575268519,0.6750498578799167,0.0,-1.8869060572290905,-1.3422145030262953,-11.05966308116064,-11.572340695798434,10.03991693905903,7.43220424836115
8,1.0,8,washout_1_drift,-0.2566289159567266,0.5898200424059682,0.0,-1.8869060572290905,-1.390524311079378,-11.05966308116064,-12.170559374039309,10.03991693905903,8.038006733901629
9,0.0,1,shift_level,-0.09116332190513055,0.3666077507090472,0.0,-1.0087597488095446,-0.936015730092361,-11.489083641991982,-12.867790824773682,10.006316292982913,10.067760341558646
9,0.0,1,lag1_exog,-0.10594858953960724,0.3171975551003779,0.0,-1.0087597488095446,-1.1603450639104285,-11.489083641991982,-11.813932746307252,10.006316292982913,9.990629670398791
9,0.0,1,shift_level_drift,-0.06803793553555959,0.34346489815740977,0.0,-1.0087597488095446,-1.034608224348636,-11.489083641991982,-12.777889449700798,10.006316292982913,10.070583394312125
9,0.0,2,shift_level,-0.11023643638260279,0.46438136948274394,0.05263157894736842,-1.0087597488095446,-0.8917662489343644,-11.489083641991982,-13.389256312272506,10.006316292982913,10.106329551964146
9,0.0,2,washout_1,-0.058030894671672065,0.30013501837816414,0.05263157894736842,-1.0087597488095446,-0.9217744079496649,-11.489083641991982,-12.665156367564975,10.006316292982913,10.03230355663065
9,0.0,2,lag1_exog,-0.06852727068195132,0.36093912666403866,0.05263157894736842,-1.0087597488095446,-0.8313045976584283,-11.489083641991982,-13.024326109066127,10.006316292982913,10.066429344675228
9,0.0,2,block_mean,-0.058030894671672065,0.30013501837816414,0.05263157894736842,-1.0087597488095446,-0.9217744079496649,-11.489083641991982,-12.665156367564975,10.006316292982913,10.03230355663065
9,0.0,2,shift_level_drift,-0.11250169216724147,0.4619938622238895,0.0,-1.0087597488095446,-1.0285067231829195,-11.489083641991982,-13.265766094095447,10.006316292982913,10.10790817571593
9,0.0,2,washout_1_drift,-0.05996592427517144,0.272025679557982,0.0,-1.0087597488095446,-1.01485061866594,-11.489083641991982,-12.538594987022996,10.006316292982913,10.028394505233482
9,0.0,4,shift_level,0.007088714866530524,0.28137968093006116,0.0,-1.0087597488095446,-1.0108117290638083,-11.489083641991982,-11.575623965477103,10.006316292982913,10.191410182416499
9,0.0,4,washout_1,0.0016037626155414205,0.28907662486943325,0.0,-1.0087597488095446,-1.0597009579539038,-11.489083641991982,-11.391371152820861,10.006316292982913,10.154145238148477
9,0.0,4,lag1_exog,-0.039125581719369674,0.3794209655077006,0.0,-1.0087597488095446,-0.9813590828372103,-11.489083641991982,-12.05802006857893,10.006316292982913,10.190421388226802
9,0.0,4,block_mean,0.01048274068023858,0.26057024824228425,0.0,-1.0087597488095446,-1.0783871491850894,-11.489083641991982,-11.18657751632332,10.006316292982913,10.145923968225357
9,0.0,4,shift_level_drift,-0.024590061392427524,0.22401495763342685,0.0,-1.0087597488095446,-1.0866883222310444,-11.489083641991982,-11.685032532089348,10.006316292982913,10.20779337192538
9,0.0,4,washout_1_drift,-0.02055716479718826,0.23144568866235285,0.0,-1.0087597488095446,-1.0677697776994872,-11.489083641991982,-11.503774964853848,10.006316292982913,10.177430183726823
9,0.0,8,shift_level,-0.007131525983817847,0.3849227991444591,0.0,-1.0087597488095446,-1.5767010552326304,-11.489083641991982,-12.030694330248709,10.006316292982913,9.900213336610827
9,0.0,8,washout_1,-0.04371405663979346,0.48550336799147364,0.0,-1.0087597488095446,-1.595351078676695,-11.489083641991982,-12.370534817854493,10.006316292982913,9.86278413111088
9,0.0,8,lag1_exog,-0.050733135152261806,0.4633280518287242,0.0,-1.0087597488095446,-1.6917349937611528,-11.489083641991982,-12.235789419172905,10.006316292982913,9.848934694032874
9,0.0,8,block_mean,-0.07874909123501442,0.42768611948752183,0.0,-1.0087597488095446,-1.7103884781299663,-11.489083641991982,-12.785385850275386,10.006316292982913,9.859530450661678
9,0.0,8,shift_level_drift,0.007983186033482147,0.3783133473235167,0.0,-1.0087597488095446,-1.1036012110353686,-11.489083641991982,-12.18186111356172,10.006316292982913,9.886736883724472
9,0.0,8,washout_1_drift,-0.024137214430277356,0.4771662426892754,0.0,-1.0087597488095446,-1.1902922478522016,-11.489083641991982,-12.514689639477997,10.006316292982913,9.85126132997675
9,0.25,1,shift_level,-0.2609784102839357,0.6113991207322482,0.0,-1.0406898524566737,-0.9423891687601109,-11.48908364199199,-12.897153641579397,10.006236124463406,8.248020055436935
9,0.25,1,lag1_exog,-0.14864045958317648,0.34884025638450117,0.0,-1.0406898524566737,-1.2985057470635242,-11.48908364199199,-11.884497437690017,10.006236124463406,9.676425994767431
9,0.25,1,shift_level_drift,-0.2372214145430092,0.5974599531758974,0.0,-1.0406898524566737,-1.0038017681342368,-11.48908364199199,-12.794783860556972,10.006236124463406,8.249247472101466
9,0.25,2,shift_level,-0.20653468387439247,0.5347152517391593,0.05555555555555555,-1.0406898524566737,-0.8687109645064608,-11.48908364199199,-13.421967637757508,10.006236124463406,9.098902145154689
9,0.25,2,washout_1,-0.09477531815418859,0.31908313166052654,0.05555555555555555,-1.0406898524566737,-0.9490737393523084,-11.48908364199199,-12.71034305015598,10.006236124463406,9.753149319164748
9,0.25,2,lag1_exog,-0.09827833841522733,0.3679475697179937,0.05555555555555555,-1.0406898524566737,-0.8699371427730631,-11.48908364199199,-13.0426396272092,10.006236124463406,9.853786882922051
9,0.25,2,block_mean,-0.09477531815418859,0.31908313166052654,0.05555555555555555,-1.0406898524566737,-0.9490737393523084,-11.48908364199199,-12.71034305015598,10.006236124463406,9.753149319164748
9,0.25,2,shift_level_drift,-0.2083075205350193,0.5315170112212363,0.0,-1.0406898524566737,-0.9982441030334217,-11.48908364199199,-13.30193572626006,10.006236124463406,9.091909749796521
9,0.25,2,washout_1_drift,-0.08943666121532835,0.28638637120828336,0.05555555555555555,-1.0406898524566737,-1.0541124046658896,-11.48908364199199,-12.570073275473916,10.006236124463406,9.748456893347168
9,0.25,4,shift_level,-0.031493731075451496,0.29283151758165915,0.0,-1.0406898524566737,-1.0409766279295534,-11.48908364199199,-11.61918702713444,10.006236124463406,9.709994644046226
9,0.25,4,washout_1,-0.005281565162509542,0.2775899184246298,0.0,-1.0406898524566737,-1.1155311439508748,-11.48908364199199,-11.432407113914461,10.006236124463406,10.049153932100756
9,0.25,4,lag1_exog,-0.04485976627167461,0.37021627254680867,0.0,-1.0406898524566737,-1.036458893596705,-11.48908364199199,-12.10132483106823,10.006236124463406,10.093851824834829
9,0.25,4,block_mean,0.0027800955849596335,0.24729542279257935,0.0,-1.0406898524566737,-1.1324938175462813,-11.48908364199199,-11.227731023585239,10.006236124463406,10.044231051619981
9,0.25,4,shift_level_drift,-0.05701315921780221,0.24524180723467165,0.0,-1.0406898524566737,-1.0672582187742332,-11.48908364199199,-11.711441225056712,10.006236124463406,9.720455485771069
9,0.25,4,washout_1_drift,-0.022441805838186224,0.22986279000142137,0.0,-1.0406898524566737,-1.0609519497112834,-11.48908364199199,-11.533120537394819,10.006236124463406,10.065980769455185
9,0.25,8,shift_level,-0.01247293541235885,0.3955839266225604,0.0,-1.0406898524566737,-1.5505601472192267,-11.48908364199199,-12.070903871307333,10.006236124463406,9.728448024087506
9,0.25,8,washout_1,-0.03747788711539357,0.4933483968657294,0.0,-1.0406898524566737,-1.5993767581032046,-11.48908364199199,-12.419074356121724,10.006236124463406,9.835493695062185
9,0.25,8,lag1_exog,-0.04283841552527412,0.4699517739314331,0.0,-1.0406898524566737,-1.6893817141250496,-11.48908364199199,-12.285430131647908,10.006236124463406,9.822850404623415
9,0.25,8,block_mean,-0.07222774501770853,0.4360558808507055,0.0,-1.0406898524566737,-1.711002748685806,-11.48908364199199,-12.83409168354143,10.006236124463406,9.830525929535195
9,0.25,8,shift_level_drift,-0.006673010504801283,0.38887491242637157,0.0,-1.0406898524566737,-1.1097642331155206,-11.48908364199199,-12.22267334716598,10.006236124463406,9.709006817193382
9,0.25,8,washout_1_drift,-0.024975545764995777,0.48388296749487697,0.0,-1.0406898524566737,-1.1952902198631326,-11.48908364199199,-12.561063071515132,10.006236124463406,9.822303747218916
9,0.5,1,shift_level,-0.43055248859852624,1.0236721378486426,0.0,-1.0614857739897525,-0.9553850998951565,-11.489083641991986,-12.931705733870398,10.006074236166556,6.404627854932679
9,0.5,1,lag1_exog,-0.257648819999128,0.5011176430378416,0.0,-1.0614857739897525,-1.3981798535841605,-11.489083641991986,-11.950392393534232,10.006074236166556,8.675179417307342
9,0.5,1,shift_level_drift,-0.4027230826852376,1.0162206783495475,0.0,-1.0614857739897525,-0.986385027082329,-11.489083641991986,-12.815241921722805,10.006074236166556,6.403794679950503
9,0.5,2,shift_level,-0.33421987387182506,0.7526385665547609,0.0,-1.0614857739897525,-0.8746886240100675,-11.489083641991986,-13.440511583316553,10.006074236166556,7.782930558743744
9,0.5,2,washout_1,-0.19116579913010942,0.4360872448518947,0.0,-1.0614857739897525,-0.9775238006204714,-11.489083641991986,-12.72496540877114,10.006074236166556,8.86795770929798
9,0.5,2,lag1_exog,-0.17900264306407454,0.4352973531159901,0.0,-1.0614857739897525,-0.9142143298625404,-11.489083641991986,-13.050393941037207,10.006074236166556,9.134949165894195
9,0.5,2,block_mean,-0.19116579913010942,0.4360872448518947,0.0,-1.0614857739897525,-0.9775238006204714,-11.489083641991986,-12.72496540877114,10.006074236166556,8.86795770929798
9,0.5,2,shift_level_drift,-0.330097087068431,0.7488154399095363,0.0,-1.0614857739897525,-0.9897435820915708,-11.489083641991986,-13.319103393844621,10.006074236166556,7.767575172318532
9,0.5,2,washout_1_drift,-0.1750148235062221,0.4083107440645229,0.0,-1.0614857739897525,-1.0657455041881023,-11.489083641991986,-12.57904827117596,10.006074236166556,8.866171749250729
9,0.5,4,shift_level,-0.0943766383721001,0.3932971721585953,0.0,-1.0614857739897525,-1.0877427443009642,-11.489083641991986,-11.653358374558529,10.006074236166556,8.990063962334801
9,0.5,4,washout_1,-0.04633031613730896,0.29689189911997604,0.0,-1.0614857739897525,-1.1762661929453013,-11.489083641991986,-11.47008471385583,10.006074236166556,9.624800758731668
9,0.5,4,lag1_exog,-0.08047066903601856,0.3793796889149908,0.0,-1.0614857739897525,-1.0919239134564438,-11.489083641991986,-12.138727831534464,10.006074236166556,9.720476600067284
9,0.5,4,block_mean,-0.03916329064053343,0.2683824055853217,0.0,-1.0614857739897525,-1.191317094065334,-11.489083641991986,-11.26520333724458,10.006074236166556,9.624476033244957
9,0.5,4,shift_level_drift,-0.1164520462952491,0.36218404196071674,0.0,-1.0614857739897525,-1.0671802429601147,-11.489083641991986,-11.733804650104032,10.006074236166556,8.999429995348406
9,0.5,4,washout_1_drift,-0.05993647463520818,0.26071477439494534,0.0,-1.0614857739897525,-1.0601243854591802,-11.489083641991986,-11.560381989903659,10.006074236166556,9.640991513428263
9,0.5,8,shift_level,-0.030781505991699407,0.4170891295397143,0.0,-1.0614857739897525,-1.573152556414911,-11.489083641991986,-12.104723125123371,10.006074236166556,9.467271956196694
9,0.5,8,washout_1,-0.044534444919440135,0.4984167284513761,0.0,-1.0614857739897525,-1.621851355004326,-11.489083641991986,-12.458197060549477,10.006074236166556,9.70502569785308
9,0.5,8,lag1_exog,-0.04830274554202422,0.47388933072371925,0.0,-1.0614857739897525,-1.708927859863967,-11.489083641991986,-12.319879781903438,10.006074236166556,9.70265549743246
9,0.5,8,block_mean,-0.07948218499134065,0.44372552889791067,0.0,-1.0614857739897525,-1.7318359765817744,-11.489083641991986,-12.873675969177098,10.006074236166556,9.702100779983523
9,0.5,8,shift_level_drift,-0.029332023678644965,0.4080125482612033,0.0,-1.0614857739897525,-1.1226183334943884,-11.489083641991986,-12.242895264342653,10.006074236166556,9.445822248737551
9,0.5,8,washout_1_drift,-0.03359312985216586,0.48822071672335143,0.0,-1.0614857739897525,-1.1810855380423722,-11.489083641991986,-12.58544407664687,10.006074236166556,9.691713339722966
9,0.75,1,shift_level,-0.5956573591056716,1.4721095421400914,0.0,-1.0750113396861591,-0.955730433904965,-11.489083641991988,-12.971584317040547,10.005888677163757,4.54030955289998
9,0.75,1,lag1_exog,-0.428888768609185,0.862570143907272,0.0,-1.0750113396861591,-1.4730133826442628,-11.489083641991988,-12.008979450005901,10.005888677163757,6.977523200062282
9,0.75,1,shift_level_drift,-0.5649375822674779,1.4680413058452941,0.0,-1.0750113396861591,-0.962329566266243,-11.489083641991988,-12.847288963547676,10.005888677163757,4.5378740884393345
9,0.75,2,shift_level,-0.494080138199259,1.104242324495352,0.0,-1.0750113396861591,-0.8892286017405071,-11.489083641991988,-13.45031828058924,10.005888677163757,6.131563551619237
9,0.75,2,washout_1,-0.3475875226302109,0.7538617303442484,0.0,-1.0750113396861591,-1.002470942855572,-11.489083641991988,-12.722922313323096,10.005888677163757,7.351853940881248
9,0.75,2,lag1_exog,-0.32060824970055524,0.6821902445571474,0.0,-1.0750113396861591,-0.9597891327056431,-11.489083641991988,-13.051793979605218,10.005888677163757,7.777136020381638
9,0.75,2,block_mean,-0.3475875226302109,0.7538617303442484,0.0,-1.0750113396861591,-1.002470942855572,-11.489083641991988,-12.722922313323096,10.005888677163757,7.351853940881248
9,0.75,2,shift_level_drift,-0.48393798811808947,1.1020759478846014,0.0,-1.0750113396861591,-0.9848316703345138,-11.489083641991988,-13.330954715150499,10.005888677163757,6.111939151548052
9,0.75,2,washout_1_drift,-0.3220720739760709,0.7351056692023267,0.0,-1.0750113396861591,-1.0657097196584544,-11.489083641991988,-12.579888270935648,10.005888677163757,7.357797476149777
9,0.75,4,shift_level,-0.19984742266626573,0.6274822164163882,0.0,-1.0750113396861591,-1.1223257902967205,-11.489083641991988,-11.682536109105996,10.005888677163757,7.8762339668923325
9,0.75,4,washout_1,-0.1415742456115413,0.45197094829156503,0.0,-1.0750113396861591,-1.2219569403724606,-11.489083641991988,-11.502867500868339,10.005888677163757,8.67800796878658
9,0.75,4,lag1_exog,-0.166891386687172,0.48363820447436867,0.0,-1.0750113396861591,-1.1340233276516198,-11.489083641991988,-12.171377546672769,10.005888677163757,8.868719996477507
9,0.75,4,block_mean,-0.13520128701723308,0.4342524225184914,0.0,-1.0750113396861591,-1.2351124463737957,-11.489083641991988,-11.298177268442485,10.005888677163757,8.681989879925538
9,0.75,4,shift_level_drift,-0.21979415637186486,0.6085547890602833,0.0,-1.0750113396861591,-1.0711967781375147,-11.489083641991988,-11.755582402711928,10.005888677163757,7.889979019009269
9,0.75,4,washout_1_drift,-0.1526968381130383,0.43024608949963505,0.0,-1.0750113396861591,-1.062771356469951,-11.489083641991988,-11.585344994280083,10.005888677163757,8.699824044395053
9,0.75,8,shift_level,-0.07153921452294609,0.47341802968290486,0.0,-1.0750113396861591,-1.5957728449961135,-11.489083641991988,-12.122206351308728,10.005888677163757,9.020143094760442
9,0.75,8,washout_1,-0.07753943490118945,0.517542072354841,0.0,-1.0750113396861591,-1.6444397048696169,-11.489083641991988,-12.4785587315785,10.005888677163757,9.360461444239451
9,0.75,8,lag1_exog,-0.07725738209686318,0.4904579652629032,0.0,-1.0750113396861591,-1.7307296374492027,-11.489083641991988,-12.335099931390774,10.005888677163757,9.387335028187813
9,0.75,8,block_mean,-0.11264833447695297,0.4671700820817855,0.0,-1.0750113396861591,-1.752619077879545,-11.489083641991988,-12.894048718406582,10.005888677163757,9.366074201329264
9,0.75,8,shift_level_drift,-0.07196808084952873,0.46358594269960085,0.0,-1.0750113396861591,-1.1256923890725443,-11.489083641991988,-12.244259754123142,10.005888677163757,9.000225719360294
9,0.75,8,washout_1_drift,-0.06614995197010444,0.5078395009991731,0.0,-1.0750113396861591,-1.1629814528579718,-11.489083641991988,-12.592047082706264,10.005888677163757,9.34886490345716
9,1.0,1,shift_level,-0.7575203428185774,1.9328550623668068,0.0,-1.08481591298749,-0.9550943449655107,-11.48908364199199,-13.004072761413399,10.005452900201803,2.675899764073246
9,1.0,1,lag1_exog,-0.6649032060089873,1.4265443977681318,0.0,-1.08481591298749,-1.539528132974938,-11.48908364199199,-12.056134624291017,10.005452900201803,4.608687105339287
9,1.0,1,shift_level_drift,-0.7254457974118161,1.9300910288904738,0.0,-1.08481591298749,-0.9489161406480561,-11.48908364199199,-12.878986323874386,10.005452900201803,2.675499275711945
9,1.0,2,shift_level,-0.691456884302003,1.5797697230679464,0.0,-1.08481591298749,-0.8935781605745319,-11.48908364199199,-13.44989765614724,10.005452900201803,4.08754264439472
9,1.0,2,washout_1,-0.5709614950488812,1.2792414737289357,0.0,-1.08481591298749,-1.0235089993401871,-11.48908364199199,-12.711844668220351,10.005452900201803,5.140821552855566
9,1.0,2,lag1_exog,-0.5414877513894552,1.1778129827531325,0.0,-1.08481591298749,-0.9907947528730572,-11.48908364199199,-13.049940342272762,10.005452900201803,5.600591842250325
9,1.0,2,block_mean,-0.5709614950488812,1.2792414737289357,0.0,-1.08481591298749,-1.0235089993401871,-11.48908364199199,-12.711844668220351,10.005452900201803,5.140821552855566
9,1.0,2,shift_level_drift,-0.6771468952701382,1.57801206165013,0.0,-1.08481591298749,-0.9795192417032339,-11.48908364199199,-13.337965863569435,10.005452900201803,4.073344870814522
9,1.0,2,washout_1_drift,-0.5419339553183147,1.2651233234578587,0.0,-1.08481591298749,-1.078274605611013,-11.48908364199199,-12.58353458147988,10.005452900201803,5.157670260734821
9,1.0,4,shift_level,-0.37380777547128397,1.046942630336604,0.0,-1.08481591298749,-1.1397777613084468,-11.48908364199199,-11.706747183392132,10.005452900201803,6.132481528592667
9,1.0,4,washout_1,-0.3226724367773196,0.8584494487872475,0.0,-1.08481591298749,-1.2502310626700615,-11.48908364199199,-11.530160501123747,10.005452900201803,6.909835776923953
9,1.0,4,lag1_exog,-0.33859893373885425,0.8297387088387298,0.0,-1.08481591298749,-1.1604664006388044,-11.48908364199199,-12.198759943912737,10.005452900201803,7.202349117055235
9,1.0,4,block_mean,-0.31737236739578234,0.8514375244955839,0.0,-1.08481591298749,-1.2616649891181762,-11.48908364199199,-11.326001519633623,10.005452900201803,6.915115634299899
9,1.0,4,shift_level_drift,-0.3923309018768447,1.034877020264871,0.0,-1.08481591298749,-1.0771350702216724,-11.48908364199199,-11.769949679577486,10.005452900201803,6.150315239913986
9,1.0,4,washout_1_drift,-0.3315672264851706,0.8465632326189152,0.0,-1.08481591298749,-1.071364336028466,-11.48908364199199,-11.601973579390812,10.005452900201803,6.9376322263573105
9,1.0,8,shift_level,-0.16821634139509006,0.648818339353333,0.0,-1.08481591298749,-1.6183571519856614,-11.48908364199199,-12.133553252627348,10.005452900201803,8.121416530274168
9,1.0,8,washout_1,-0.17202113087181795,0.634083612100572,0.0,-1.08481591298749,-1.6655818052673008,-11.48908364199199,-12.491136224705077,10.005452900201803,8.505596513629987
9,1.0,8,lag1_exog,-0.1652250823312106,0.5985782991657395,0.0,-1.08481591298749,-1.7524236329769853,-11.48908364199199,-12.342917418791863,10.005452900201803,8.592837544091287
9,1.0,8,block_mean,-0.20638767198092628,0.5931892475500027,0.0,-1.08481591298749,-1.772713383383582,-11.48908364199199,-12.907190798048191,10.005452900201803,8.530348827578099
9,1.0,8,shift_level_drift,-0.16768092057668335,0.6393079808261782,0.0,-1.08481591298749,-1.1257788531835917,-11.48908364199199,-12.235388009987247,10.005452900201803,8.112401743813786
9,1.0,8,washout_1_drift,-0.15805896824655533,0.6255055716687807,0.0,-1.08481591298749,-1.1436830374642981,-11.48908364199199,-12.587782852853053,10.005452900201803,8.502056845149466
10,0.0,1,shift_level,-0.014746134526569048,0.20135146831264453,0.0,-1.1752977015162367,-1.2165196116489954,-12.568870010272542,-13.30322663760353,10.049987086902341,10.047190985014957
10,0.0,1,lag1_exog,-0.05567828620024206,0.34247853673497924,0.0,-1.1752977015162367,-0.8815487921984526,-12.568870010272542,-13.688977085962222,10.049987086902341,9.706452461160769
10,0.0,1,shift_level_drift,0.009911993375166796,0.19195407828773936,0.0,-1.1752977015162367,-1.2817985283951738,-12.568870010272542,-13.240371521620213,10.049987086902341,10.050366685953996
10,0.0,2,shift_level,-0.030965921175080617,0.3140250969252287,0.0,-1.1752977015162367,-1.4080191063447254,-12.568870010272542,-13.495007790514029,10.049987086902341,9.985957033639663
10,0.0,2,washout_1,0.00027882294226430724,0.3050474945425681,0.0,-1.1752977015162367,-1.3807650717911089,-12.568870010272542,-12.72906710011151,10.049987086902341,9.970842819247334
10,0.0,2,lag1_exog,0.005325247122802002,0.22864132097754236,0.0,-1.1752977015162367,-1.3858337002784435,-12.568870010272542,-12.620653840708266,10.049987086902341,9.90745727872466
10,0.0,2,block_mean,0.00027882294226430724,0.3050474945425681,0.0,-1.1752977015162367,-1.3807650717911089,-12.568870010272542,-12.72906710011151,10.049987086902341,9.970842819247334
10,0.0,2,shift_level_drift,-0.06631582079539218,0.3089351632976137,0.0,-1.1752977015162367,-1.215219619053886,-12.568870010272542,-13.548595837924672,10.049987086902341,9.985637940994103
10,0.0,2,washout_1_drift,-0.01739783303528406,0.2842836114751859,0.0,-1.1752977015162367,-1.1968601176321962,-12.568870010272542,-12.700192269749248,10.049987086902341,9.972324339972033
10,0.0,4,shift_level,-0.0980010445688281,0.26385450436299446,0.0,-1.1752977015162367,-1.3400445575728785,-12.568870010272542,-12.904763172837516,10.049987086902341,10.42239880488676
10,0.0,4,washout_1,-0.06069969369750943,0.2835121395730842,0.0,-1.1752977015162367,-1.386533506023032,-12.568870010272542,-12.686502770102567,10.049987086902341,10.587139024656098
10,0.0,4,lag1_exog,-0.07163602372359704,0.24385820057491026,0.0,-1.1752977015162367,-1.3862697449079804,-12.568870010272542,-12.847503805984807,10.049987086902341,10.530331476184294
10,0.0,4,block_mean,-0.054602430556635204,0.2962848370580574,0.0,-1.1752977015162367,-1.3904012881390182,-12.568870010272542,-12.726091958263854,10.049987086902341,10.587891211767861
10,0.0,4,shift_level_drift,-0.06132929926130798,0.22078605597850626,0.0,-1.1752977015162367,-1.260076101263572,-12.568870010272542,-12.846651847014545,10.049987086902341,10.435801263844525
10,0.0,4,washout_1_drift,-0.03380354075891593,0.26298385896950116,0.0,-1.1752977015162367,-1.2674191098092893,-12.568870010272542,-12.682617222612327,10.049987086902341,10.588346223189829
10,0.0,8,shift_level,0.16402725272813276,0.3195281489573109,0.0,-1.1752977015162367,-0.8666142172529759,-12.568870010272542,-12.148594434805485,10.049987086902341,10.098703803713192
10,0.0,8,washout_1,0.17869848781689443,0.3235797569357323,0.0,-1.1752977015162367,-0.7667702092586566,-12.568870010272542,-11.958937781345785,10.049987086902341,10.154632750111778
10,0.0,8,lag1_exog,0.181335433443591,0.3481354833233549,0.0,-1.1752977015162367,-0.811442827922171,-12.568870010272542,-11.875423738916618,10.049987086902341,10.118170826902357
10,0.0,8,block_mean,0.1406952339268381,0.2561844160957836,0.0,-1.1752977015162367,-0.7714804309643601,-12.568870010272542,-12.28008663252551,10.049987086902341,10.155212734899635
10,0.0,8,shift_level_drift,0.04398632115098231,0.1580036105002383,0.0,-1.1752977015162367,-1.0403835339415937,-12.568870010272542,-12.506790200345268,10.049987086902341,10.080228586649566
10,0.0,8,washout_1_drift,0.05547238524611291,0.1657837625690703,0.0,-1.1752977015162367,-1.000198502909081,-12.568870010272542,-12.302973224095535,10.049987086902341,10.138394542764479
10,0.25,1,shift_level,-0.1836098160720033,0.5485329729469276,0.0,-1.246979511848484,-1.1012343424971138,-12.568870010272539,-13.253508047363589,10.04993689460116,8.113532335421688
10,0.25,1,lag1_exog,-0.07002333498282756,0.36124433920404786,0.0,-1.246979511848484,-0.8446179061791338,-12.568870010272539,-13.608710813362391,10.04993689460116,9.393609301799223
10,0.25,1,shift_level_drift,-0.16635201401293834,0.5470174226727637,0.0,-1.246979511848484,-1.1534887116467156,-12.568870010272539,-13.220631006169137,10.04993689460116,8.11566037945175
10,0.25,2,shift_level,-0.13654056766604672,0.4175864084348505,0.0,-1.246979511848484,-1.3043228657597312,-12.568870010272539,-13.482008726884198,10.04993689460116,8.901633514578583
10,0.25,2,washout_1,-0.029579581225869445,0.2939809031575864,0.0,-1.246979511848484,-1.31489912812258,-12.568870010272539,-12.689960560168878,10.04993689460116,9.657374711569584
10,0.25,2,lag1_exog,-0.016649000304019706,0.22578262843347646,0.0,-1.246979511848484,-1.3429162942334694,-12.568870010272539,-12.61067562806026,10.04993689460116,9.66976673323143
10,0.25,2,block_mean,-0.029579581225869445,0.2939809031575864,0.0,-1.246979511848484,-1.31489912812258,-12.568870010272539,-12.689960560168878,10.04993689460116,9.657374711569584
10,0.25,2,shift_level_drift,-0.1700734527825527,0.41472335705554036,0.0,-1.246979511848484,-1.1756910271618723,-12.568870010272539,-13.508665396169567,10.04993689460116,8.90151961608899
10,0.25,2,washout_1_drift,-0.04623665355314964,0.2794149477151681,0.0,-1.246979511848484,-1.2087085006991523,-12.568870010272539,-12.633349464668598,10.04993689460116,9.658926956912826
10,0.25,4,shift_level,-0.1655664521417684,0.27019962064128455,0.0,-1.246979511848484,-1.3929445819136688,-12.568870010272539,-12.904833080543128,10.04993689460116,9.808953132495546
10,0.25,4,washout_1,-0.08818390561410608,0.27201382275168345,0.0,-1.246979511848484,-1.4665165706006003,-12.568870010272539,-12.715656724417196,10.04993689460116,10.398244361105258
10,0.25,4,lag1_exog,-0.09913823303825216,0.23930926609215686,0.0,-1.246979511848484,-1.4811664688045618,-12.568870010272539,-12.857048441480774,10.04993689460116,10.37333664714902
10,0.25,4,block_mean,-0.08192649910616687,0.28501316925116577,0.0,-1.246979511848484,-1.4704908128747376,-12.568870010272539,-12.751776205005,10.04993689460116,10.401717189581177
10,0.25,4,shift_level_drift,-0.12106969202514363,0.22608158033267142,0.0,-1.246979511848484,-1.2552959580779306,-12.568870010272539,-12.841863292597015,10.04993689460116,9.826687641267378
10,0.25,4,washout_1_drift,-0.0535809752913961,0.25086826912346905,0.0,-1.246979511848484,-1.282218565656557,-12.568870010272539,-12.703755288299568,10.04993689460116,10.402098005408314
10,0.25,8,shift_level,0.12253082232832235,0.31357643542239755,0.0,-1.246979511848484,-1.0038265086834972,-12.568870010272539,-12.136985668289714,10.04993689460116,9.77273154949708
10,0.25,8,washout_1,0.1576016939468962,0.29574765898806227,0.0,-1.246979511848484,-0.9238786744463909,-12.568870010272539,-11.963501077745937,10.04993689460116,10.066145454271927
10,0.25,8,lag1_exog,0.1613854503293741,0.3240819087700467,0.0,-1.246979511848484,-0.9621773454178506,-12.568870010272539,-11.87944845490111,10.04993689460116,10.042603255889391
10,0.25,8,block_mean,0.12074805394921755,0.22832958648437526,0.0,-1.246979511848484,-0.9276499246563678,-12.568870010272539,-12.280710593927374,10.04993689460116,10.067450894057794
10,0.25,8,shift_level_drift,0.021307485411810177,0.18756513910252315,0.0,-1.246979511848484,-1.0369223877418332,-12.568870010272539,-12.43738958719911,10.04993689460116,9.752026752777045
10,0.25,8,washout_1_drift,0.056183285680674155,0.17307813782580259,0.0,-1.246979511848484,-1.0029160892244555,-12.568870010272539,-12.254012543618817,10.04993689460116,10.05146623801547
10,0.5,1,shift_level,-0.34767293964815726,1.0246555352998885,0.0,-1.2871545528545925,-1.0404752779162303,-12.568870010272544,-13.218080606515315,10.049912492665808,6.242515695916989
10,0.5,1,lag1_exog,-0.16056365230728548,0.5267395861886924,0.0,-1.2871545528545925,-0.8429936676279273,-12.568870010272544,-13.545885064279645,10.049912492665808,8.415042593762447
10,0.5,1,shift_level_drift,-0.3349283988746227,1.0240669619040992,0.0,-1.2871545528545925,-1.0809338133054447,-12.568870010272544,-13.203259993450523,10.049912492665808,6.244289735890521
10,0.5,2,shift_level,-0.28079798856887395,0.739232860627263,0.0,-1.2871545528545925,-1.247079453915294,-12.568870010272544,-13.465238186196926,10.049912492665808,7.49970662903528
10,0.5,2,washout_1,-0.1387338575525777,0.4333206335548336,0.0,-1.2871545528545925,-1.2899291277809746,-12.568870010272544,-12.658838511811219,10.049912492665808,8.70132018804761
10,0.5,2,lag1_exog,-0.1069760733259004,0.3575528954131537,0.0,-1.2871545528545925,-1.3284950208159747,-12.568870010272544,-12.601757987708059,10.049912492665808,8.885033883249564
10,0.5,2,block_mean,-0.1387338575525777,0.4333206335548336,0.0,-1.2871545528545925,-1.2899291277809746,-12.568870010272544,-12.658838511811219,10.049912492665808,8.70132018804761
10,0.5,2,shift_level_drift,-0.31322418500212307,0.7372271457471523,0.0,-1.2871545528545925,-1.1521556932501449,-12.568870010272544,-13.479517398394929,10.049912492665808,7.499940172111568
10,0.5,2,washout_1_drift,-0.15597366777029734,0.4263833613332047,0.0,-1.2871545528545925,-1.2329188457555145,-12.568870010272544,-12.596996828566414,10.049912492665808,8.700499662888433
10,0.5,4,shift_level,-0.26497627027182746,0.43535676366664383,0.0,-1.2871545528545925,-1.4218366250003918,-12.568870010272544,-12.924695046545855,10.049912492665808,8.891179391581268
10,0.5,4,washout_1,-0.15897651536507304,0.2917325512917177,0.0,-1.2871545528545925,-1.5160366158680953,-12.568870010272544,-12.759632445716031,10.049912492665808,9.805770292593802
10,0.5,4,lag1_exog,-0.16416372121159703,0.2626602209722198,0.0,-1.2871545528545925,-1.5377520015445019,-12.568870010272544,-12.886017325447714,10.049912492665808,9.851818019834798
10,0.5,4,block_mean,-0.15254716537940563,0.3032365656971839,0.0,-1.2871545528545925,-1.520043238538798,-12.568870010272544,-12.793119145194654,10.049912492665808,9.81100668024517
10,0.5,4,shift_level_drift,-0.21517126544350798,0.406851752516202,0.0,-1.2871545528545925,-1.2460900112651,-12.568870010272544,-12.85378071265676,10.049912492665808,8.91223256984365
10,0.5,4,washout_1_drift,-0.1194841510795357,0.2709130161421151,0.0,-1.2871545528545925,-1.2911209774360783,-12.568870010272544,-12.739497034795553,10.049912492665808,9.812219852370552
10,0.5,8,shift_level,0.06545216744209403,0.35211684867916726,0.0,-1.2871545528545925,-1.0848609115439474,-12.568870010272544,-12.158811549541127,10.049912492665808,9.28552946940068
10,0.5,8,washout_1,0.11941663942782074,0.2788810066265399,0.0,-1.2871545528545925,-1.0084145849767283,-12.568870010272544,-11.995055628917482,10.049912492665808,9.789209894005381
10,0.5,8,lag1_exog,0.12594496200747388,0.30761451096923853,0.0,-1.2871545528545925,-1.043998809651511,-12.568870010272544,-11.910610623480464,10.049912492665808,9.78867981573005
10,0.5,8,block_mean,0.08321513614511586,0.21561344172909,0.0,-1.2871545528545925,-1.0115813929798303,-12.568870010272544,-12.310303207820853,10.049912492665808,9.792312987507122
10,0.5,8,shift_level_drift,-0.018513572221160197,0.27248011688537743,0.0,-1.2871545528545925,-1.021141086078751,-12.568870010272544,-12.389054458216648,10.049912492665808,9.275639669092342
10,0.5,8,washout_1_drift,0.03710273325751818,0.19293619310625934,0.0,-1.2871545528545925,-0.9855775264834536,-12.568870010272544,-12.217895999272491,10.049912492665808,9.783115200321333
10,0.75,1,shift_level,-0.5057526210081631,1.499286456007284,0.0,-1.3111725228682012,-1.0010402929648377,-12.568870010272539,-13.187944919250462,10.049756593762279,4.414273275303678
10,0.75,1,lag1_exog,-0.3256016723870888,0.9125470587814178,0.0,-1.3111725228682012,-0.8575895540789145,-12.568870010272539,-13.503341873095058,10.049756593762279,6.778842235178761
10,0.75,1,shift_level_drift,-0.49641366510391677,1.4986130389563788,0.0,-1.3111725228682012,-1.0336643914019148,-12.568870010272539,-13.183058325117635,10.049756593762279,4.415256467548323
10,0.75,2,shift_level,-0.45418784861222233,1.178833539739396,0.0,-1.3111725228682012,-1.2221394517233066,-12.568870010272539,-13.446143680583067,10.049756593762279,5.784786024261949
10,0.75,2,washout_1,-0.3137187432126454,0.8151500867147681,0.0,-1.3111725228682012,-1.280877957038764,-12.568870010272539,-12.62124824849688,10.049756593762279,7.105136968097067
10,0.75,2,lag1_exog,-0.264596474628966,0.7179462835346403,0.0,-1.3111725228682012,-1.3345433310532107,-12.568870010272539,-12.58952995701455,10.049756593762279,7.447679400416102
10,0.75,2,block_mean,-0.3137187432126454,0.8151500867147681,0.0,-1.3111725228682012,-1.280877957038764,-12.568870010272539,-12.62124824849688,10.049756593762279,7.105136968097067
10,0.75,2,shift_level_drift,-0.4847429829027849,1.1758118608478532,0.0,-1.3111725228682012,-1.1467464098997144,-12.568870010272539,-13.452696800009802,10.049756593762279,5.785360945759025
10,0.75,2,washout_1_drift,-0.32954380939096956,0.8118626456117598,0.0,-1.3111725228682012,-1.2445865114011272,-12.568870010272539,-12.567703102473153,10.049756593762279,7.098739012615237
10,0.75,4,shift_level,-0.4167904416363873,0.7848109598792519,0.0,-1.3111725228682012,-1.4415257875689975,-12.568870010272539,-12.949180205154228,10.049756593762279,7.491643349985264
10,0.75,4,washout_1,-0.3012265971519134,0.5313541510772866,0.0,-1.3111725228682012,-1.55347701142415,-12.568870010272539,-12.803958135774376,10.049756593762279,8.568506399418537
10,0.75,4,lag1_exog,-0.2963862078138746,0.4878199442569887,0.0,-1.3111725228682012,-1.5757262507112517,-12.568870010272539,-12.916800331921555,10.049756593762279,8.718110056369778
10,0.75,4,block_mean,-0.2946344043022014,0.5369750492452119,0.0,-1.3111725228682012,-1.5572474459869436,-12.568870010272539,-12.834376920186315,10.049756593762279,8.575573793940489
10,0.75,4,shift_level_drift,-0.3650312757834334,0.7693476430295918,0.0,-1.3111725228682012,-1.2340178860506654,-12.568870010272539,-12.879354016870812,10.049756593762279,7.509917336162602
10,0.75,4,washout_1_drift,-0.25903200366006657,0.5196106882144804,0.0,-1.3111725228682012,-1.297998752344452,-12.568870010272539,-12.779600721531839,10.049756593762279,8.575751706220137
10,0.75,8,shift_level,-0.029108278356748923,0.5027281487833875,0.0,-1.3111725228682012,-1.1279889122482873,-12.568870010272539,-12.190691863079305,10.049756593762279,8.464288650572357
10,0.75,8,washout_1,0.03877856989401425,0.34953098388609277,0.0,-1.3111725228682012,-1.0530071897126352,-12.568870010272539,-12.032379702268015,10.049756593762279,9.127594682186686
10,0.75,8,lag1_exog,0.0499728165138148,0.3647594628205243,0.0,-1.3111725228682012,-1.0875084605977152,-12.568870010272539,-11.948414411697208,10.049756593762279,9.169031748343736
10,0.75,8,block_mean,0.00285323928704152,0.3069938731733862,0.0,-1.3111725228682012,-1.0556932779669927,-12.568870010272539,-12.346187393321866,10.049756593762279,9.134300102994398
10,0.75,8,shift_level_drift,-0.0961181376023488,0.45891338757929434,0.0,-1.3111725228682012,-1.0016061814738457,-12.568870010272539,-12.361245605233085,10.049756593762279,8.474402186597288
10,0.75,8,washout_1_drift,-0.02522106513957383,0.30592540341706714,0.0,-1.3111725228682012,-0.9681824508627451,-12.568870010272539,-12.196817782538274,10.049756593762279,9.135454555140818
10,1.0,1,shift_level,-0.6577788344029469,1.9635461813530521,0.0,-1.3255957635044657,-0.9702182352411267,-12.56887001027254,-13.158132980178632,10.049030406787926,2.613403999364981
10,1.0,1,lag1_exog,-0.5585436585929306,1.487908079627247,0.0,-1.3255957635044657,-0.8689424190097499,-12.56887001027254,-13.467737344605236,10.049030406787926,4.486951656872669
10,1.0,1,shift_level_drift,-0.6510065572880362,1.9629362336055445,0.0,-1.3255957635044657,-0.9962130532820552,-12.56887001027254,-13.158926004842879,10.049030406787926,2.613195480060244
10,1.0,2,shift_level,-0.6527287689149277,1.6974440422207475,0.0,-1.3255957635044657,-1.2115174952151722,-12.56887001027254,-13.424615270723901,10.049030406787926,3.749632096137848
10,1.0,2,washout_1,-0.5529481981743208,1.3872410296243451,0.0,-1.3255957635044657,-1.2759384510038216,-12.56887001027254,-12.575112754908279,10.049030406787926,4.861424175937577
10,1.0,2,lag1_exog,-0.4993297194244329,1.2915679865570628,0.0,-1.3255957635044657,-1.344537202452553,-12.56887001027254,-12.571793627758783,10.049030406787926,5.240134585192794
10,1.0,2,block_mean,-0.5529481981743208,1.3872410296243451,0.0,-1.3255957635044657,-1.2759384510038216,-12.56887001027254,-12.575112754908279,10.049030406787926,4.861424175937577
10,1.0,2,shift_level_drift,-0.6803326331309005,1.6929030649419157,0.0,-1.3255957635044657,-1.1496917272166303,-12.56887001027254,-13.42647599686935,10.049030406787926,3.7500407954248587
10,1.0,2,washout_1_drift,-0.5665609135033528,1.3849772896793637,0.0,-1.3255957635044657,-1.2482773090231687,-12.56887001027254,-12.538853533829775,10.049030406787926,4.846868740907162
10,1.0,4,shift_level,-0.641497509594384,1.3287828296000623,0.0,-1.3255957635044657,-1.4521654070423193,-12.56887001027254,-12.97248240725206,10.049030406787926,5.392622416608772
10,1.0,4,washout_1,-0.5450344953831093,1.0793860317836363,0.0,-1.3255957635044657,-1.5793395387125302,-12.56887001027254,-12.840122558501939,10.049030406787926,6.386927730505123
10,1.0,4,lag1_exog,-0.5326654529709607,1.0202170192123392,0.0,-1.3255957635044657,-1.5984875057094108,-12.56887001027254,-12.942356787766247,10.049030406787926,6.617806764540466
10,1.0,4,block_mean,-0.5383863616355286,1.081488092929408,0.0,-1.3255957635044657,-1.583049999191213,-12.56887001027254,-12.867442983546578,10.049030406787926,6.395384883030523
10,1.0,4,shift_level_drift,-0.5894240232256303,1.3193243876955545,0.0,-1.3255957635044657,-1.228525788067583,-12.56887001027254,-12.907064959359206,10.049030406787926,5.4092492009839415
10,1.0,4,washout_1_drift,-0.5018458106597583,1.0724885391763095,0.0,-1.3255957635044657,-1.3102871454992169,-12.56887001027254,-12.814154556003128,10.049030406787926,6.395036375255546
10,1.0,8,shift_level,-0.20945338619625353,0.8863234123899528,0.0,-1.3255957635044657,-1.1520450321973041,-12.56887001027254,-12.226273148532155,10.049030406787926,6.877518480244036
10,1.0,8,washout_1,-0.14137265270958585,0.6975000610584191,0.0,-1.3255957635044657,-1.0788722123544843,-12.56887001027254,-12.071399029091435,10.049030406787926,7.587646235755299
10,1.0,8,lag1_exog,-0.12259529660947499,0.6832711859664697,0.0,-1.3255957635044657,-1.1122581531428943,-12.56887001027254,-11.988130376505413,10.049030406787926,7.69429237246351
10,1.0,8,block_mean,-0.1769522132874168,0.6779055517242586,0.0,-1.3255957635044657,-1.0812346867754536,-12.56887001027254,-12.3843891044946,10.049030406787926,7.600729683702313
10,1.0,8,shift_level_drift,-0.261610405195629,0.85985663706122,0.0,-1.3255957635044657,-0.9868007371040045,-12.56887001027254,-12.351431970258474,10.049030406787926,6.909441664456301
10,1.0,8,washout_1_drift,-0.18900018160213916,0.6780765390858514,0.0,-1.3255957635044657,-0.9546027846488516,-12.56887001027254,-12.19149375142828,10.049030406787926,7.611967700657967
11,0.0,1,shift_level,0.01846144355471121,0.1713027459751801,0.0,-1.9359183648584288,-2.101154699644977,-12.008529058263274,-11.962027371910402,10.069276126906383,10.21795434330528
11,0.0,1,lag1_exog,0.08627133661573436,0.25940739983577144,0.0,-1.9359183648584288,-2.305026133776496,-12.008529058263274,-11.474806125465738,10.069276126906383,10.453981476311142
11,0.0,1,shift_level_drift,0.0449280724454323,0.1716248224520897,0.0,-1.9359183648584288,-1.9312013085719055,-12.008529058263274,-11.927812362796818,10.069276126906383,10.219559607328193
11,0.0,2,shift_level,-0.006496002948400733,0.18853327326991295,0.0,-1.9359183648584288,-2.43182148845816,-12.008529058263274,-12.111722074437198,10.069276126906383,9.915963543783095
11,0.0,2,washout_1,0.051632303198409855,0.325102296556003,0.0,-1.9359183648584288,-2.3207189280374694,-12.008529058263274,-11.45281498964305,10.069276126906383,9.817634628097194
11,0.0,2,lag1_exog,0.006676473134357906,0.24015655058621807,0.0,-1.9359183648584288,-2.417530274385229,-12.008529058263274,-11.950897385146783,10.069276126906383,9.817876614175393
11,0.0,2,block_mean,0.051632303198409855,0.325102296556003,0.0,-1.9359183648584288,-2.3207189280374694,-12.008529058263274,-11.45281498964305,10.069276126906383,9.817634628097194
11,0.0,2,shift_level_drift,0.021310962537216226,0.12293105216491049,0.0,-1.9359183648584288,-1.9948968326514258,-12.008529058263274,-12.105197457862197,10.069276126906383,9.915927553663927
11,0.0,2,washout_1_drift,0.07192766328171343,0.27790991263357,0.0,-1.9359183648584288,-1.7918372544226981,-12.008529058263274,-11.53791237738326,10.069276126906383,9.816921621132115
11,0.0,4,shift_level,-0.14134169009289485,0.3590666486828144,0.05263157894736842,-1.9359183648584288,-2.5919968821043087,-12.008529058263274,-12.533599991640383,10.069276126906383,9.954791036056006
11,0.0,4,washout_1,-0.1008482253033195,0.3909993848567747,0.05263157894736842,-1.9359183648584288,-2.3468848027251323,-12.008529058263274,-12.72554185544377,10.069276126906383,10.019960792179718
11,0.0,4,lag1_exog,-0.12411718514675336,0.3816842798171326,0.05263157894736842,-1.9359183648584288,-2.530766881372757,-12.008529058263274,-12.589541679967825,10.069276126906383,9.955555600963269
11,0.0,4,block_mean,-0.1353581277073548,0.3832190022551601,0.05263157894736842,-1.9359183648584288,-2.3432309812378858,-12.008529058263274,-12.861969711019535,10.069276126906383,10.024379815361145
11,0.0,4,shift_level_drift,0.0036756112045608527,0.2564633132316963,0.0,-1.9359183648584288,-1.7171361280660395,-12.008529058263274,-12.318767258111837,10.069276126906383,9.978211388779922
11,0.0,4,washout_1_drift,0.019062643048003973,0.3247536731213086,0.0,-1.9359183648584288,-1.749089114404995,-12.008529058263274,-12.422868828869033,10.069276126906383,10.035548158861584
11,0.0,8,shift_level,0.012502276690790607,0.2803884254783023,0.0,-1.9359183648584288,-2.2582303894217715,-12.008529058263274,-11.414488693708881,10.069276126906383,10.265879617679758
11,0.0,8,washout_1,0.025967939040953892,0.29294952675662617,0.0,-1.9359183648584288,-2.258886457377804,-12.008529058263274,-11.379661345293185,10.069276126906383,10.229782847624026
11,0.0,8,lag1_exog,0.029030314680821283,0.28769564053513424,0.0,-1.9359183648584288,-2.21978501182606,-12.008529058263274,-11.399330180257417,10.069276126906383,10.231977438784988
11,0.0,8,block_mean,-0.012391813889670571,0.2095096255505863,0.0,-1.9359183648584288,-2.242412898579187,-12.008529058263274,-11.664233230835004,10.069276126906383,10.295907915716267
11,0.0,8,shift_level_drift,0.06536372056611622,0.2626130505105668,0.0,-1.9359183648584288,-1.900531816346474,-12.008529058263274,-11.399727199221928,10.069276126906383,10.268072644044125
11,0.0,8,washout_1_drift,0.05834117854249204,0.268745456891396,0.0,-1.9359183648584288,-1.927035626164775,-12.008529058263274,-11.415909043499036,10.069276126906383,10.223594948511023
11,0.25,1,shift_level,-0.13169631823576278,0.49498441531553705,0.0,-2.183715069126041,-1.7853410450796647,-12.008529058263274,-11.962099531327713,10.068595456457132,8.321947469077818
11,0.25,1,lag1_exog,0.08245533325387791,0.24368041953131409,0.0,-2.183715069126041,-2.0812101150705606,-12.008529058263274,-11.400204950768428,10.068595456457132,10.045141537534478
11,0.25,1,shift_level_drift,-0.11259956728377003,0.501903466622977,0.0,-2.183715069126041,-1.664504343646336,-12.008529058263274,-11.946651486861514,10.068595456457132,8.323604870806873
11,0.25,2,shift_level,-0.08054100913860755,0.33497362119189794,0.0,-2.183715069126041,-2.181728887672816,-12.008529058263274,-12.085920280807946,10.068595456457132,8.850882459147945
11,0.25,2,washout_1,0.054741558185499244,0.32673873197393716,0.0,-2.183715069126041,-2.1362571900501677,-12.008529058263274,-11.414594689848272,10.068595456457132,9.53071116228778
11,0.25,2,lag1_exog,0.01421105277375377,0.23266640755733128,0.0,-2.183715069126041,-2.264629007231308,-12.008529058263274,-11.917510730515627,10.068595456457132,9.595128117889084
11,0.25,2,block_mean,0.054741558185499244,0.32673873197393716,0.0,-2.183715069126041,-2.1362571900501677,-12.008529058263274,-11.414594689848272,10.068595456457132,9.53071116228778
11,0.25,2,shift_level_drift,-0.05512578151433271,0.3332910316799554,0.0,-2.183715069126041,-1.821078919744994,-12.008529058263274,-12.073011268832017,10.068595456457132,8.851265571755945
11,0.25,2,washout_1_drift,0.07298358152121705,0.3193986028952918,0.0,-2.183715069126041,-1.6811436026446684,-12.008529058263274,-11.479219525567979,10.068595456457132,9.529510794082391
11,0.25,4,shift_level,-0.16697382944096173,0.38782352762826694,0.05555555555555555,-2.183715069126041,-2.33196232518119,-12.008529058263274,-12.556593465131773,10.068595456457132,9.404835771898902
11,0.25,4,washout_1,-0.09203229123085051,0.4099312424934159,0.05555555555555555,-2.183715069126041,-2.1599191032157985,-12.008529058263274,-12.738719098678034,10.068595456457132,9.874336552259566
11,0.25,4,lag1_exog,-0.11264541307799865,0.3921019307793562,0.05555555555555555,-2.183715069126041,-2.3666907900679597,-12.008529058263274,-12.603186000171782,10.068595456457132,9.844961878263343
11,0.25,4,block_mean,-0.12789037970078893,0.3958363971977439,0.05555555555555555,-2.183715069126041,-2.159155126884367,-12.008529058263274,-12.874412179810092,10.068595456457132,9.878391774784133
11,0.25,4,shift_level_drift,-0.023927645867641175,0.33488125177818273,0.0,-2.183715069126041,-1.5867731678207069,-12.008529058263274,-12.359242828015878,10.068595456457132,9.435632717789868
11,0.25,4,washout_1_drift,0.03255788350227636,0.3605371548114081,0.0,-2.183715069126041,-1.6515482068601877,-12.008529058263274,-12.437472116928147,10.068595456457132,9.895380408873717
11,0.25,8,shift_level,-0.005046783845765951,0.2567968746190476,0.0,-2.183715069126041,-2.2972657724113343,-12.008529058263274,-11.444710518865202,10.068595456457132,9.930270551128878
11,0.25,8,washout_1,0.030675966827933884,0.27202573350254877,0.0,-2.183715069126041,-2.331071277070792,-12.008529058263274,-11.406719204256413,10.068595456457132,10.156088317343299
11,0.25,8,lag1_exog,0.03354383814409666,0.2679970943920666,0.0,-2.183715069126041,-2.3081475693799405,-12.008529058263274,-11.428220529461464,10.068595456457132,10.165815225890238
11,0.25,8,block_mean,-0.006581571748220509,0.17870933748624318,0.0,-2.183715069126041,-2.3206380631917436,-12.008529058263274,-11.667171234913148,10.068595456457132,10.222810599025827
11,0.25,8,shift_level_drift,0.06625057958587721,0.2655038839824404,0.0,-2.183715069126041,-1.761903630320771,-12.008529058263274,-11.423845844179748,10.068595456457132,9.935575983629256
11,0.25,8,washout_1_drift,0.0838502888443609,0.27025396109985045,0.0,-2.183715069126041,-1.7745448065456344,-12.008529058263274,-11.430027204907255,10.068595456457132,10.151098852916572
11,0.5,1,shift_level,-0.28749418959925416,0.9827035043974067,0.0,-2.305454474547327,-1.5608227405253112,-12.008529058263273,-11.963183653128269,10.067738227863336,6.44164507421643
11,0.5,1,lag1_exog,-0.010479322531263395,0.40023731144281294,0.0,-2.305454474547327,-1.912026725523221,-12.008529058263273,-11.350890346012685,10.067738227863336,8.960213459289665
11,0.5,1,shift_level_drift,-0.2735926832293986,0.9863456003778615,0.0,-2.305454474547327,-1.474200833277055,-12.008529058263273,-11.959397517831531,10.067738227863336,6.442569144322654
11,0.5,2,shift_level,-0.2038266669849662,0.6781862409606622,0.0,-2.305454474547327,-2.008832865287141,-12.008529058263273,-12.073211722704276,10.067738227863336,7.4642679257454585
11,0.5,2,washout_1,-0.03311962715879625,0.4646764755569206,0.0,-2.305454474547327,-1.9985853840377352,-12.008529058263273,-11.403885536381143,10.067738227863336,8.600046877254787
11,0.5,2,lag1_exog,-0.05440083685800743,0.3581955130797317,0.0,-2.305454474547327,-2.15638232777743,-12.008529058263273,-11.903818631890186,10.067738227863336,8.828730621850825
11,0.5,2,block_mean,-0.03311962715879625,0.4646764755569206,0.0,-2.305454474547327,-1.9985853840377352,-12.008529058263273,-11.403885536381143,10.067738227863336,8.600046877254787
11,0.5,2,shift_level_drift,-0.17798062048249946,0.6839543038576644,0.0,-2.305454474547327,-1.6852418694072249,-12.008529058263273,-12.057142982642166,10.067738227863336,7.465291243590045
11,0.5,2,washout_1_drift,-0.015496101871301118,0.4726285181428997,0.0,-2.305454474547327,-1.5801816723831779,-12.008529058263273,-11.459204947743329,10.067738227863336,8.598927592641898
11,0.5,4,shift_level,-0.2323072005975997,0.509826779353677,0.0,-2.305454474547327,-2.170389551096765,-12.008529058263273,-12.560043233167155,10.067738227863336,8.579175387185906
11,0.5,4,washout_1,-0.13348030194095542,0.4494076441219722,0.0,-2.305454474547327,-2.060043805533817,-12.008529058263273,-12.730099100585075,10.067738227863336,9.36325346020354
11,0.5,4,lag1_exog,-0.14579680998186,0.4258872644112679,0.0,-2.305454474547327,-2.270035617538011,-12.008529058263273,-12.603699711843552,10.067738227863336,9.409628745862529
11,0.5,4,block_mean,-0.1703134382510068,0.4321383969707525,0.0,-2.305454474547327,-2.061019390433272,-12.008529058263273,-12.86512388494282,10.067738227863336,9.367045967411057
11,0.5,4,shift_level_drift,-0.093992454225608,0.4804929009258991,0.0,-2.305454474547327,-1.5116209400570213,-12.008529058263273,-12.391895265050003,10.067738227863336,8.608964380222506
11,0.5,4,washout_1_drift,-0.008961605475410587,0.40625632877822393,0.0,-2.305454474547327,-1.607390049757463,-12.008529058263273,-12.447575850527182,10.067738227863336,9.383235654255635
11,0.5,8,shift_level,-0.05183427044472593,0.2971815900581554,0.0,-2.305454474547327,-2.301227660376413,-12.008529058263273,-11.489858227392286,10.067738227863336,9.420962619809693
11,0.5,8,washout_1,0.00148951839107887,0.26842559763507917,0.0,-2.305454474547327,-2.3518267287930033,-12.008529058263273,-11.45556783883924,10.067738227863336,9.883723643788407
11,0.5,8,lag1_exog,0.006511224515330289,0.2629900038780458,0.0,-2.305454474547327,-2.339870196791105,-12.008529058263273,-11.474837914339506,10.067738227863336,9.9098624986268
11,0.5,8,block_mean,-0.03508456611576428,0.1668134230604588,0.0,-2.305454474547327,-2.3432968308712594,-12.008529058263273,-11.706446461827085,10.067738227863336,9.953263715869424
11,0.5,8,shift_level_drift,0.03072512150514655,0.3219798030970351,0.0,-2.305454474547327,-1.6812322411824785,-12.008529058263273,-11.46497439392483,10.067738227863336,9.43140679431728
11,0.5,8,washout_1_drift,0.0673913343848502,0.2886868998806978,0.0,-2.305454474547327,-1.6833029187637203,-12.008529058263273,-11.466498398424523,10.067738227863336,9.880506087564543
11,0.75,1,shift_level,-0.44105641053667316,1.464038701662843,0.0,-2.3713703173937892,-1.3968026091602073,-12.008529058263273,-11.959297507707744,10.066602930470648,4.585730344901812
11,0.75,1,lag1_exog,-0.17866073729017629,0.802521111706853,0.0,-2.3713703173937892,-1.801887445502898,-12.008529058263273,-11.310373145373582,10.066602930470648,7.220627085013182
11,0.75,1,shift_level_drift,-0.43141819054987623,1.4658828650988716,0.0,-2.3713703173937892,-1.3330779040470881,-12.008529058263273,-11.960956539124783,10.066602930470648,4.584908664871873
11,0.75,2,shift_level,-0.3596896485044128,1.1136641228353934,0.0,-2.3713703173937892,-1.8829271844066966,-12.008529058263273,-12.070845310350828,10.066602930470648,5.757039365174787
11,0.75,2,washout_1,-0.19099353204100186,0.8167796971951143,0.0,-2.3713703173937892,-1.897422820756224,-12.008529058263273,-11.402201178206184,10.066602930470648,7.027274989697409
11,0.75,2,lag1_exog,-0.19426223787136024,0.6918869362014266,0.0,-2.3713703173937892,-2.0700709217591218,-12.008529058263273,-11.903569553113266,10.066602930470648,7.406692426243152
11,0.75,2,block_mean,-0.19099353204100186,0.8167796971951143,0.0,-2.3713703173937892,-1.897422820756224,-12.008529058263273,-11.402201178206184,10.066602930470648,7.027274989697409
11,0.75,2,shift_level_drift,-0.3328751696630096,1.1196137151266168,0.0,-2.3713703173937892,-1.58346014833457,-12.008529058263273,-12.05224838587758,10.066602930470648,5.758629739635978
11,0.75,2,washout_1_drift,-0.1728766717988022,0.8258070573999988,0.0,-2.3713703173937892,-1.501881155160453,-12.008529058263273,-11.449857467129352,10.066602930470648,7.026198692955063
11,0.75,4,shift_level,-0.3434930714478364,0.76410501038972,0.0,-2.3713703173937892,-2.0756505511018353,-12.008529058263273,-12.555793101637114,10.066602930470648,7.306831598558633
11,0.75,4,washout_1,-0.23609733914709158,0.6061485514429893,0.0,-2.3713703173937892,-2.011364657602375,-12.008529058263273,-12.71569196038149,10.066602930470648,8.259086876938094
11,0.75,4,lag1_exog,-0.23521874187345945,0.5625197772524732,0.0,-2.3713703173937892,-2.2200759755611728,-12.008529058263273,-12.596619978625778,10.066602930470648,8.41601698165311
11,0.75,4,block_mean,-0.27330952070794556,0.5900675104139219,0.0,-2.3713703173937892,-2.0132408678607847,-12.008529058263273,-12.84998170136564,10.066602930470648,8.262843099820948
11,0.75,4,shift_level_drift,-0.2094307863675999,0.7508261966064893,0.0,-2.3713703173937892,-1.4639765163936316,-12.008529058263273,-12.414635998694953,10.066602930470648,7.324359624921527
11,0.75,4,washout_1_drift,-0.11339360828598874,0.5779067243859037,0.0,-2.3713703173937892,-1.580672959455595,-12.008529058263273,-12.458012269827002,10.066602930470648,8.265812306481104
11,0.75,8,shift_level,-0.13223085127028364,0.45386850767239467,0.0,-2.3713703173937892,-2.2912378548799355,-12.008529058263273,-11.519577089675316,10.066602930470648,8.561820541662243
11,0.75,8,washout_1,-0.06599809305039274,0.34442356529807056,0.0,-2.3713703173937892,-2.3529231243277278,-12.008529058263273,-11.488641881126663,10.066602930470648,9.209917077395124
11,0.75,8,lag1_exog,-0.05683870782098551,0.33074647565013215,0.0,-2.3713703173937892,-2.3493021705332113,-12.008529058263273,-11.505320872044065,10.066602930470648,9.270425405513027
11,0.75,8,block_mean,-0.10230941179230531,0.2622853848087804,0.0,-2.3713703173937892,-2.34501865868253,-12.008529058263273,-11.736181252429034,10.066602930470648,9.282057785407332
11,0.75,8,shift_level_drift,-0.04275602073686089,0.47551218475898016,0.0,-2.3713703173937892,-1.6294877621408546,-12.008529058263273,-11.494393611858001,10.066602930470648,8.579143768181318
11,0.75,8,washout_1_drift,0.007497715633595184,0.3713702078362408,0.0,-2.3713703173937892,-1.6253101073660368,-12.008529058263273,-11.493491726779112,10.066602930470648,9.20755828386103
11,1.0,1,shift_level,-0.5904831063533409,1.9349032781932385,0.0,-2.4072873840818367,-1.2650891665149713,-12.008529058263276,-11.952203034473209,10.0649026495763,2.7484936506680073
11,1.0,1,lag1_exog,-0.4107536999900883,1.3925318424197093,0.0,-2.4072873840818367,-1.7166922514916387,-12.008529058263276,-11.284020819927708,10.0649026495763,4.829000638354373
11,1.0,1,shift_level_drift,-0.5838676738552103,1.9358358658206951,0.0,-2.4072873840818367,-1.2147112418764359,-12.008529058263276,-11.955833518355469,10.0649026495763,2.7452839374287246
11,1.0,2,shift_level,-0.5536325831587363,1.631367944195366,0.0,-2.4072873840818367,-1.7801440189694593,-12.008529058263276,-12.073250045779229,10.0649026495763,3.7341602528455824
11,1.0,2,washout_1,-0.4208634559087879,1.3633185008302289,0.0,-2.4072873840818367,-1.8231228530013301,-12.008529058263276,-11.412059017386644,10.0649026495763,4.815611786109682
11,1.0,2,lag1_exog,-0.4231762864017345,1.2423581592990476,0.0,-2.4072873840818367,-1.9999094048397494,-12.008529058263276,-11.911003976633454,10.0649026495763,5.221710727213775
11,1.0,2,block_mean,-0.4208634559087879,1.3633185008302289,0.0,-2.4072873840818367,-1.8231228530013301,-12.008529058263276,-11.412059017386644,10.0649026495763,4.815611786109682
11,1.0,2,shift_level_drift,-0.5254391722577807,1.6364236224381168,0.0,-2.4072873840818367,-1.5033272753936504,-12.008529058263276,-12.05242457273418,10.0649026495763,3.7365354074563655
11,1.0,2,washout_1_drift,-0.4013415570605225,1.3702229212933525,0.0,-2.4072873840818367,-1.4567587891476041,-12.008529058263276,-11.453891316054092,10.0649026495763,4.813791264269706
11,1.0,4,shift_level,-0.5210217166872985,1.2060094461594872,0.0,-2.4072873840818367,-2.0235741323487937,-12.008529058263276,-12.545620950800313,10.0649026495763,5.366182536648307
11,1.0,4,washout_1,-0.4285209971097653,1.0199675755099995,0.0,-2.4072873840818367,-1.9904828044826015,-12.008529058263276,-12.69852342737596,10.0649026495763,6.26176060616754
11,1.0,4,lag1_exog,-0.4152602869144613,0.9506604370919594,0.0,-2.4072873840818367,-2.1956912014081094,-12.008529058263276,-12.584670495078033,10.0649026495763,6.51307137776177
11,1.0,4,block_mean,-0.4658195275710032,1.0079090422855164,0.0,-2.4072873840818367,-1.992950560464831,-12.008529058263276,-12.83209494463911,10.0649026495763,6.265799225158142
11,1.0,4,shift_level_drift,-0.3917684767215183,1.205481133205892,0.0,-2.4072873840818367,-1.4354577798461243,-12.008529058263276,-12.429069759048181,10.0649026495763,5.359633510824526
11,1.0,4,washout_1_drift,-0.3092102265552549,1.011204261070123,0.0,-2.4072873840818367,-1.558452438654434,-12.008529058263276,-12.47039436061618,10.0649026495763,6.2413251223197825
11,1.0,8,shift_level,-0.2900454785176976,0.8258741863424497,0.0,-2.4072873840818367,-2.273833393724315,-12.008529058263276,-11.543674846902068,10.0649026495763,6.929077164854331
11,1.0,8,washout_1,-0.22347919811157735,0.6682044517713857,0.0,-2.4072873840818367,-2.3465056208697472,-12.008529058263276,-11.513451689147436,10.0649026495763,7.641015145909355
11,1.0,8,lag1_exog,-0.20748860102742936,0.6373725664993324,0.0,-2.4072873840818367,-2.3469251464883385,-12.008529058263276,-11.530971424077812,10.0649026495763,7.75949699238623
11,1.0,8,block_mean,-0.2604565149283196,0.6221127363255347,0.0,-2.4072873840818367,-2.339013785789684,-12.008529058263276,-11.758580200903394,10.0649026495763,7.7089804790405365
11,1.0,8,shift_level_drift,-0.19396615164131095,0.8344327381665533,0.0,-2.4072873840818367,-1.5957424684678574,-12.008529058263276,-11.518559354419494,10.0649026495763,6.958263152654839
11,1.0,8,washout_1_drift,-0.1425388399555019,0.6840674218846733,0.0,-2.4072873840818367,-1.5911722925874592,-12.008529058263276,-11.514225353696595,10.0649026495763,7.640272745448162
12,0.0,1,shift_level,0.014815955510221968,0.20902853925722487,0.0,-1.8769556239463379,-1.6777308802280215,-11.363942513681305,-11.489877633812121,10.011810481061792,9.91997942217991
12,0.0,1,lag1_exog,-0.03153169689944626,0.20561460505478252,0.0,-1.8769556239463379,-1.8027507850149496,-11.363942513681305,-11.698539843173618,10.011810481061792,9.795116130680002
12,0.0,1,shift_level_drift,0.008022934408614773,0.21067346490342265,0.0,-1.8769556239463379,-1.5413946482999725,-11.363942513681305,-11.495700290900412,10.011810481061792,9.920041394454723
12,0.0,2,shift_level,0.08300588725600425,0.4531277509879168,0.0,-1.8769556239463379,-2.019311247511581,-11.363942513681305,-9.831954061008954,10.011810481061792,10.098550905884407
12,0.0,2,washout_1,0.044337721803159515,0.6422617154898271,0.0,-1.8769556239463379,-2.159372380214442,-11.363942513681305,-10.208759372687577,10.011810481061792,10.131173584179837
12,0.0,2,lag1_exog,0.06871988170434772,0.42961346470968165,0.0,-1.8769556239463379,-2.258501184147511,-11.363942513681305,-10.374798841389525,10.011810481061792,10.13585362165084
12,0.0,2,block_mean,0.044337721803159515,0.6422617154898271,0.0,-1.8769556239463379,-2.159372380214442,-11.363942513681305,-10.208759372687577,10.011810481061792,10.131173584179837
12,0.0,2,shift_level_drift,0.07769264012991577,0.4487098757509694,0.0,-1.8769556239463379,-1.931968916603452,-11.363942513681305,-9.861341935096455,10.011810481061792,10.098801073549769
12,0.0,2,washout_1_drift,0.010484390551397296,0.6463825255176954,0.0,-1.8769556239463379,-2.138927490540226,-11.363942513681305,-10.29825448246001,10.011810481061792,10.1298270782131
12,0.0,4,shift_level,0.08078125205907079,0.4314978362485361,0.05263157894736842,-1.8769556239463379,-1.0737257121869792,-11.363942513681305,-10.668115524683788,10.011810481061792,10.007741350186883
12,0.0,4,washout_1,0.05622791282029143,0.4301604071671919,0.0,-1.8769556239463379,-0.9718472713340638,-11.363942513681305,-10.647710500148662,10.011810481061792,9.988488826026016
12,0.0,4,lag1_exog,0.05647361886593446,0.44479952928732414,0.05263157894736842,-1.8769556239463379,-0.8873167862622267,-11.363942513681305,-10.598585139909908,10.011810481061792,9.97086442001806
12,0.0,4,block_mean,0.007281723828087032,0.33647550025885326,0.0,-1.8769556239463379,-0.9747732042982965,-11.363942513681305,-11.058826678546112,10.011810481061792,9.983261146912145
12,0.0,4,shift_level_drift,0.09432896266846888,0.40176944854568,0.0,-1.8769556239463379,-1.6133570390174365,-11.363942513681305,-10.439022831428064,10.011810481061792,10.010758689778221
12,0.0,4,washout_1_drift,0.06622526831231408,0.4218289733765607,0.0,-1.8769556239463379,-1.6684809499009725,-11.363942513681305,-10.375379394716896,10.011810481061792,9.996950890535972
12,0.0,8,shift_level,0.023894642595847344,0.3235709429461474,0.05263157894736842,-1.8769556239463379,-1.832395809503315,-11.363942513681305,-11.893405942251473,10.011810481061792,10.148198723726782
12,0.0,8,washout_1,0.04111259962651322,0.3404621313881857,0.05263157894736842,-1.8769556239463379,-1.806323619547422,-11.363942513681305,-11.301954948311547,10.011810481061792,10.12447434544341
12,0.0,8,lag1_exog,0.03398942853248411,0.3434539513085355,0.05263157894736842,-1.8769556239463379,-1.8289588937151762,-11.363942513681305,-11.564625914352394,10.011810481061792,10.093588060664057
12,0.0,8,block_mean,-0.00011889690085720756,0.3162836141615842,0.05263157894736842,-1.8769556239463379,-1.7210435672550617,-11.363942513681305,-11.383368350335791,10.011810481061792,10.1007596277258
12,0.0,8,shift_level_drift,0.014816186481240739,0.25362575496365625,0.0,-1.8769556239463379,-1.8414956260716662,-11.363942513681305,-11.751585299334334,10.011810481061792,10.162507883600496
12,0.0,8,washout_1_drift,0.03262632511482904,0.2554399615191735,0.0,-1.8769556239463379,-1.8382071254068517,-11.363942513681305,-11.10980345575616,10.011810481061792,10.144804300517368
12,0.25,1,shift_level,-0.13663112369997998,0.5358670238217229,0.0,-2.084219586759792,-1.4537253638273193,-11.363942513681309,-11.480854108909337,10.011926999791882,8.159367094308578
12,0.25,1,lag1_exog,-0.04362331041765518,0.23298905954656682,0.0,-2.084219586759792,-1.7009022513750072,-11.363942513681309,-11.71096182384564,10.011926999791882,9.502090153456587
12,0.25,1,shift_level_drift,-0.14247710211745288,0.539792356232978,0.0,-2.084219586759792,-1.321438386003121,-11.363942513681309,-11.485733226345767,10.011926999791882,8.159490087728964
12,0.25,2,shift_level,-0.014012001137201515,0.5204887272550385,0.0,-2.084219586759792,-1.8658505412694777,-11.363942513681309,-9.853905526412408,10.011926999791882,9.010293558677958
12,0.25,2,washout_1,0.008386014097508027,0.6254293281867916,0.0,-2.084219586759792,-2.0559453645703587,-11.363942513681309,-10.268153695559558,10.011926999791882,9.797225231241072
12,0.25,2,lag1_exog,0.045151027283459,0.40881465898664404,0.0,-2.084219586759792,-2.1506811017065024,-11.363942513681309,-10.408034169384155,10.011926999791882,9.887754253405314
12,0.25,2,block_mean,0.008386014097508027,0.6254293281867916,0.0,-2.084219586759792,-2.0559453645703587,-11.363942513681309,-10.268153695559558,10.011926999791882,9.797225231241072
12,0.25,2,shift_level_drift,-0.024490633517218783,0.5182629363405996,0.0,-2.084219586759792,-1.82489487570454,-11.363942513681309,-9.880581798077523,10.011926999791882,9.009610135024431
12,0.25,2,washout_1_drift,-0.02218894670184874,0.6329748293087498,0.0,-2.084219586759792,-2.0377128981062755,-11.363942513681309,-10.338418898303722,10.011926999791882,9.79544928811169
12,0.25,4,shift_level,0.04827485502226705,0.46127863434726935,0.0,-2.084219586759792,-0.9710122574242711,-11.363942513681309,-10.706615358437626,10.011926999791882,9.41438257803604
12,0.25,4,washout_1,0.06395769832308629,0.4384490588704929,0.0,-2.084219586759792,-0.9591661543902673,-11.363942513681309,-10.672062402953463,10.011926999791882,9.860006390613453
12,0.25,4,lag1_exog,0.06749792820088962,0.45161713656561897,0.0,-2.084219586759792,-0.8946888214347255,-11.363942513681309,-10.615556903943649,10.011926999791882,9.852253815504687
12,0.25,4,block_mean,0.014135361433991116,0.34677200707435246,0.0,-2.084219586759792,-0.9647886674874127,-11.363942513681309,-11.081719595078741,10.011926999791882,9.85711699923668
12,0.25,4,shift_level_drift,0.059818954936073705,0.42306880491409293,0.0,-2.084219586759792,-1.4611717199445184,-11.363942513681309,-10.53871992892257,10.011926999791882,9.413570107957657
12,0.25,4,washout_1_drift,0.0775975953676767,0.40864903927798274,0.0,-2.084219586759792,-1.556662864569224,-11.363942513681309,-10.471838006534037,10.011926999791882,9.866976920981665
12,0.25,8,shift_level,0.017449519184548033,0.32218941130011286,0.05555555555555555,-2.084219586759792,-1.812880817397582,-11.363942513681309,-11.77597677694646,10.011926999791882,9.84366031318895
12,0.25,8,washout_1,0.0591621656157569,0.33448029327923995,0.05555555555555555,-2.084219586759792,-1.8398134992682906,-11.363942513681309,-11.156214979838806,10.011926999791882,10.05367652142898
12,0.25,8,lag1_exog,0.047614491959028594,0.3309143430629638,0.05555555555555555,-2.084219586759792,-1.8651048123629357,-11.363942513681309,-11.440210991110472,10.011926999791882,10.037941751738991
12,0.25,8,block_mean,0.017515417579324784,0.3132884408247385,0.05555555555555555,-2.084219586759792,-1.7573302456593751,-11.363942513681309,-11.23904870905763,10.011926999791882,10.0296986216031
12,0.25,8,shift_level_drift,0.015327117526738558,0.2728290565307014,0.0,-2.084219586759792,-1.6979877504248213,-11.363942513681309,-11.666491793343905,10.011926999791882,9.852447288512385
12,0.25,8,washout_1_drift,0.05758968613230768,0.2721178752109488,0.0,-2.084219586759792,-1.7134651086065433,-11.363942513681309,-11.02062100162589,10.011926999791882,10.067763833431982
12,0.5,1,shift_level,-0.2996889103972587,0.9985360254260903,0.0,-2.1946148322325403,-1.3079731475420502,-11.363942513681303,-11.47515346198502,10.012046469117918,6.350649173351411
12,0.5,1,lag1_exog,-0.14411209064892455,0.43911473574178894,0.0,-2.1946148322325403,-1.6748024847385494,-11.363942513681303,-11.725621576533864,10.012046469117918,8.515422430392736
12,0.5,1,shift_level_drift,-0.30451412844993186,1.00116942932924,0.0,-2.1946148322325403,-1.1872200392097143,-11.363942513681303,-11.478763850858595,10.012046469117918,6.350831380949916
12,0.5,2,shift_level,-0.15229744094710482,0.7865767678524764,0.0,-2.1946148322325403,-1.7701393265186809,-11.363942513681303,-9.882765783335365,10.012046469117918,7.583285293651714
12,0.5,2,washout_1,-0.10752973084875102,0.6916407165429528,0.0,-2.1946148322325403,-2.0132467970543284,-11.363942513681303,-10.320389347688689,10.012046469117918,8.811690955009931
12,0.5,2,lag1_exog,-0.04807127156131398,0.47277148183415724,0.0,-2.1946148322325403,-2.098222355125913,-11.363942513681303,-10.446233900632592,10.012046469117918,9.072943519290616
12,0.5,2,block_mean,-0.10752973084875102,0.6916407165429528,0.0,-2.1946148322325403,-2.0132467970543284,-11.363942513681303,-10.320389347688689,10.012046469117918,8.811690955009931
12,0.5,2,shift_level_drift,-0.1644593933609146,0.7855154752099939,0.0,-2.1946148322325403,-1.7645893692531234,-11.363942513681303,-9.903409516091807,10.012046469117918,7.582315537213981
12,0.5,2,washout_1_drift,-0.1317559895063235,0.7009126741328819,0.0,-2.1946148322325403,-1.9971906224575378,-11.363942513681303,-10.361086299100108,10.012046469117918,8.810070080924017
12,0.5,4,shift_level,-0.03312638745006709,0.5797394998972302,0.0,-2.1946148322325403,-0.9438436442516074,-11.363942513681303,-10.72529491130292,10.012046469117918,8.515591981956348
12,0.5,4,washout_1,0.015307377872413253,0.4666593267408195,0.0,-2.1946148322325403,-0.999164098624336,-11.363942513681303,-10.678097887747851,10.012046469117918,9.326585544014192
12,0.5,4,lag1_exog,0.025086177511333095,0.47601059725480477,0.0,-2.1946148322325403,-0.9451399049953567,-11.363942513681303,-10.619985695169529,10.012046469117918,9.373732857896375
12,0.5,4,block_mean,-0.03339776363439687,0.38106036480738076,0.0,-2.1946148322325403,-1.0045322287553207,-11.363942513681303,-11.085260865972753,10.012046469117918,9.327253920446772
12,0.5,4,shift_level_drift,-0.02152533994176072,0.548789118394375,0.0,-2.1946148322325403,-1.38416603955962,-11.363942513681303,-10.602671521074516,10.012046469117918,8.50836895468656
12,0.5,4,washout_1_drift,0.03315377286337703,0.4330097908415631,0.0,-2.1946148322325403,-1.505225634012025,-11.363942513681303,-10.532032938828788,10.012046469117918,9.32917742028316
12,0.5,8,shift_level,-0.026007226834716846,0.3643330175936515,0.0,-2.1946148322325403,-1.821394010868644,-11.363942513681303,-11.70418682677501,10.012046469117918,9.387597947943531
12,0.5,8,washout_1,0.03684597377668497,0.34001063819589217,0.0,-2.1946148322325403,-1.8840508487664194,-11.363942513681303,-11.069633741916011,10.012046469117918,9.807960324891733
12,0.5,8,lag1_exog,0.022253866436428016,0.33278804872128304,0.0,-2.1946148322325403,-1.911341345188995,-11.363942513681303,-11.366333736784,10.012046469117918,9.814282492647536
12,0.5,8,block_mean,-0.004370718394523927,0.3227047140321946,0.0,-2.1946148322325403,-1.8068897836385933,-11.363942513681303,-11.152633437994831,10.012046469117918,9.784752521507304
12,0.5,8,shift_level_drift,-0.020921767848104702,0.3379540326060539,0.0,-2.1946148322325403,-1.6145053102616247,-11.363942513681303,-11.621644824457107,10.012046469117918,9.391056756467993
12,0.5,8,washout_1_drift,0.04138912116193943,0.2995981608575099,0.0,-2.1946148322325403,-1.6444250497366046,-11.363942513681303,-10.978570381871927,10.012046469117918,9.81523652519128
12,0.75,1,shift_level,-0.46525661842736354,1.4735238610989563,0.0,-2.253918093441638,-1.2144138940211895,-11.363942513681305,-11.467267010483706,10.012225741937652,4.501373495858214
12,0.75,1,lag1_exog,-0.31919610889201405,0.859953798448072,0.0,-2.253918093441638,-1.6805246041849713,-11.363942513681305,-11.73330492174361,10.012225741937652,6.823416731013916
12,0.75,1,shift_level_drift,-0.4681093796669486,1.4754652980611451,0.0,-2.253918093441638,-1.0959014798330462,-11.363942513681305,-11.46659599096956,10.012225741937652,4.501317185603071
12,0.75,2,shift_level,-0.32334736431570743,1.1974723945958408,0.0,-2.253918093441638,-1.6983692820893945,-11.363942513681305,-9.906144606531402,10.012225741937652,5.818216211035113
12,0.75,2,washout_1,-0.2919934097817783,0.9673398420668259,0.0,-2.253918093441638,-1.993322339172939,-11.363942513681305,-10.355302997976924,10.012225741937652,7.166289234048366
12,0.75,2,lag1_exog,-0.21179155627982324,0.7619345103975813,0.0,-2.253918093441638,-2.062583000856677,-11.363942513681305,-10.472922707617478,10.012225741937652,7.57198605487818
12,0.75,2,block_mean,-0.2919934097817783,0.9673398420668259,0.0,-2.253918093441638,-1.993322339172939,-11.363942513681305,-10.355302997976924,10.012225741937652,7.166289234048366
12,0.75,2,shift_level_drift,-0.3350223923415076,1.197250998650786,0.0,-2.253918093441638,-1.7180017785645645,-11.363942513681305,-9.916981219465285,10.012225741937652,5.817588498259818
12,0.75,2,washout_1_drift,-0.3106046697313837,0.9760812404666271,0.0,-2.253918093441638,-1.9850722272204901,-11.363942513681305,-10.366067473344671,10.012225741937652,7.165674138372673
12,0.75,4,shift_level,-0.17595052225635963,0.8570983455530744,0.0,-2.253918093441638,-0.9466811768060079,-11.363942513681305,-10.731388020016063,10.012225741937652,7.138407213200642
12,0.75,4,washout_1,-0.1123915552926734,0.6405312251879204,0.0,-2.253918093441638,-1.0469670894979028,-11.363942513681305,-10.673610830182355,10.012225741937652,8.146609615473091
12,0.75,4,lag1_exog,-0.09238865480919745,0.6265746270195144,0.0,-2.253918093441638,-0.9993073630699818,-11.363942513681305,-10.61505778530255,10.012225741937652,8.28954947920673
12,0.75,4,block_mean,-0.15949760143843814,0.579486012525301,0.0,-2.253918093441638,-1.0507493376527348,-11.363942513681305,-11.07829887277292,10.012225741937652,8.150924388864842
12,0.75,4,shift_level_drift,-0.16326719825505193,0.8396228238602826,0.0,-2.253918093441638,-1.335494230011875,-11.363942513681305,-10.642041277739937,10.012225741937652,7.124781176565385
12,0.75,4,washout_1_drift,-0.09107588109438684,0.617854998495826,0.0,-2.253918093441638,-1.4632974212259358,-11.363942513681305,-10.566088611947416,10.012225741937652,8.143357787410716
12,0.75,8,shift_level,-0.10922515387578292,0.5052552450490583,0.0,-2.253918093441638,-1.8238246330897718,-11.363942513681305,-11.672235740469088,10.012225741937652,8.614449481970423
12,0.75,8,washout_1,-0.03171708448664814,0.4090684244208569,0.0,-2.253918093441638,-1.911483717616501,-11.363942513681305,-11.032771989821903,10.012225741937652,9.200325578842648
12,0.75,8,lag1_exog,-0.04610027828928321,0.3973487986277522,0.0,-2.253918093441638,-1.938627505858545,-11.363942513681305,-11.335726071201757,10.012225741937652,9.244243171257747
12,0.75,8,block_mean,-0.07179655513039684,0.39749634311663495,0.0,-2.253918093441638,-1.8364952191294284,-11.363942513681305,-11.115293644634276,10.012225741937652,9.178636674123723
12,0.75,8,shift_level_drift,-0.0974101395480496,0.49461734145728153,0.0,-2.253918093441638,-1.5534809263558513,-11.363942513681305,-11.612647976812836,10.012225741937652,8.612402305322671
12,0.75,8,washout_1_drift,-0.0220932951170066,0.38685628272253986,0.0,-2.253918093441638,-1.600340219270247,-11.363942513681305,-10.977130749265179,10.012225741937652,9.200710130277535
12,1.0,1,shift_level,-0.630340271011091,1.9428299812350809,0.0,-2.288522080456195,-1.1486994707193583,-11.363942513681309,-11.45626914657586,10.012630677622061,2.648292238839944
12,1.0,1,lag1_exog,-0.5689125447078603,1.457306863054907,0.0,-2.288522080456195,-1.6829951313751097,-11.363942513681309,-11.74371513151775,10.012630677622061,4.470137426870027
12,1.0,1,shift_level_drift,-0.6300030103801585,1.9448316168552198,0.0,-2.288522080456195,-1.0324442754253162,-11.363942513681309,-11.448107521255594,10.012630677622061,2.6474490481799307
12,1.0,2,shift_level,-0.5222152083176922,1.7064198043435783,0.0,-2.288522080456195,-1.6417660982528928,-11.363942513681309,-9.925027666869164,10.012630677622061,3.737839539166181
12,1.0,2,washout_1,-0.5380401985655644,1.4748277096740618,0.0,-2.288522080456195,-1.9792591987867807,-11.363942513681309,-10.38025718350697,10.012630677622061,4.872034119158226
12,1.0,2,lag1_exog,-0.454462607982475,1.3054269872635267,0.0,-2.288522080456195,-2.0328803070874577,-11.363942513681309,-10.49306612863197,10.012630677622061,5.289681273233105
12,1.0,2,block_mean,-0.5380401985655644,1.4748277096740618,0.0,-2.288522080456195,-1.9792591987867807,-11.363942513681309,-10.38025718350697,10.012630677622061,4.872034119158226
12,1.0,2,shift_level_drift,-0.5329568230233551,1.7066911998254792,0.0,-2.288522080456195,-1.681899372672531,-11.363942513681309,-9.92452192050992,10.012630677622061,3.7378712543722727
12,1.0,2,washout_1_drift,-0.5526013613707967,1.48172507368946,0.0,-2.288522080456195,-1.977656677892797,-11.363942513681309,-10.362532041420106,10.012630677622061,4.873306100442139
12,1.0,4,shift_level,-0.4022421715817797,1.3486178094189767,0.0,-2.288522080456195,-0.9618415314667708,-11.363942513681309,-10.734882371785723,10.012630677622061,5.096370517528529
12,1.0,4,washout_1,-0.3533195400361108,1.1110050279766985,0.0,-2.288522080456195,-1.0977390785011563,-11.363942513681309,-10.670133007726465,10.012630677622061,6.04135468741833
12,1.0,4,lag1_exog,-0.32503972765276734,1.0684804590037345,0.0,-2.288522080456195,-1.0527712451229132,-11.363942513681309,-10.611134172585999,10.012630677622061,6.270386106012154
12,1.0,4,block_mean,-0.39971736914750405,1.0757993271817028,0.0,-2.288522080456195,-1.0995646349214425,-11.363942513681309,-11.072940918861391,10.012630677622061,6.047397210677735
12,1.0,4,shift_level_drift,-0.3877036693152961,1.3411080860311415,0.0,-2.288522080456195,-1.299968468927886,-11.363942513681309,-10.668967877036335,10.012630677622061,5.079516902596859
12,1.0,4,washout_1_drift,-0.3301830717685168,1.1013030895201592,0.0,-2.288522080456195,-1.4354055004345043,-11.363942513681309,-10.590482835608146,10.012630677622061,6.032661483322166
12,1.0,8,shift_level,-0.27338750487048147,0.8619744916800842,0.0,-2.288522080456195,-1.8215832104619643,-11.363942513681309,-11.648092094275224,10.012630677622061,7.100789971188036
12,1.0,8,washout_1,-0.19243253876139285,0.7132338337221579,0.0,-2.288522080456195,-1.9275449077100513,-11.363942513681309,-11.00818779170896,10.012630677622061,7.75062255612005
12,1.0,8,lag1_exog,-0.20408974627997734,0.6871678696750045,0.0,-2.288522080456195,-1.9546918003471458,-11.363942513681309,-11.314258318934712,10.012630677622061,7.85221155185856
12,1.0,8,block_mean,-0.2315584893698889,0.7094789435170816,0.0,-2.288522080456195,-1.853769812817542,-11.363942513681309,-11.09004973514161,10.012630677622061,7.728274360478952
12,1.0,8,shift_level_drift,-0.2585269056424314,0.859802297931165,0.0,-2.288522080456195,-1.5033987462385279,-11.363942513681309,-11.612304042525015,10.012630677622061,7.091265662731114
12,1.0,8,washout_1_drift,-0.18099155408685055,0.705274419087325,0.0,-2.288522080456195,-1.566879815948724,-11.363942513681309,-10.98398328966403,10.012630677622061,7.742322124124417
13,0.0,1,shift_level,0.022998871493900206,0.17168379753640783,0.0,-1.4735058242287167,-1.4898935679416532,-10.728742230950123,-10.60575957885682,10.020707776715193,9.943897771668492
13,0.0,1,lag1_exog,0.006095131100060515,0.30757568219904974,0.0,-1.4735058242287167,-1.8897042901538859,-10.728742230950123,-10.912939475446692,10.020707776715193,9.942428328295698
13,0.0,1,shift_level_drift,-0.004338482137500357,0.16111185899410604,0.0,-1.4735058242287167,-1.559557925212051,-10.728742230950123,-10.530663593809415,10.020707776715193,9.939569606007122
13,0.0,2,shift_level,-0.09911215924904006,0.27980307493016443,0.0,-1.4735058242287167,-1.3184913313842588,-10.728742230950123,-11.825120892003532,10.020707776715193,10.056237011948468
13,0.0,2,washout_1,-0.16476520483626858,0.46085103431331775,0.0,-1.4735058242287167,-1.2918155805715212,-10.728742230950123,-12.359849768661558,10.020707776715193,10.039582428057505
13,0.0,2,lag1_exog,-0.1524442409823071,0.45232443358602104,0.0,-1.4735058242287167,-1.275835938295536,-10.728742230950123,-12.70002003742233,10.020707776715193,10.099251303648044
13,0.0,2,block_mean,-0.16476520483626858,0.46085103431331775,0.0,-1.4735058242287167,-1.2918155805715212,-10.728742230950123,-12.359849768661558,10.020707776715193,10.039582428057505
13,0.0,2,shift_level_drift,-0.11135679876594139,0.29585431742787077,0.0,-1.4735058242287167,-1.4310905995801226,-10.728742230950123,-11.929595800110036,10.020707776715193,10.062776943514127
13,0.0,2,washout_1_drift,-0.15668605860698218,0.44500273643982474,0.0,-1.4735058242287167,-1.3874775984989527,-10.728742230950123,-12.36734944540098,10.020707776715193,10.039718417125158
13,0.0,4,shift_level,-0.07303731654775777,0.2613930470294411,0.0,-1.4735058242287167,-1.4117514881967534,-10.728742230950123,-11.63915923620579,10.020707776715193,10.172275336112207
13,0.0,4,washout_1,-0.06701520747715049,0.2701295429262547,0.0,-1.4735058242287167,-1.4259072907995878,-10.728742230950123,-11.21364858212112,10.020707776715193,10.073962385544316
13,0.0,4,lag1_exog,-0.09355195147967268,0.2970350415337559,0.05263157894736842,-1.4735058242287167,-1.395460312701447,-10.728742230950123,-11.69738363907298,10.020707776715193,10.175442252031575
13,0.0,4,block_mean,-0.03995977904606528,0.29520659940303146,0.0,-1.4735058242287167,-1.427286228212889,-10.728742230950123,-10.758897311535316,10.020707776715193,10.098776949816036
13,0.0,4,shift_level_drift,0.006688581605751453,0.1695217538607237,0.0,-1.4735058242287167,-1.3606793357376752,-10.728742230950123,-11.15348057936757,10.020707776715193,10.170622141810021
13,0.0,4,washout_1_drift,0.0157639229839537,0.21946004136085756,0.0,-1.4735058242287167,-1.4414366897119706,-10.728742230950123,-10.636843716029087,10.020707776715193,10.074614253943945
13,0.0,8,shift_level,-0.0048745116216446505,0.3110071159003472,0.0,-1.4735058242287167,-2.261011090169264,-10.728742230950123,-10.63052128793622,10.020707776715193,9.922540320582824
13,0.0,8,washout_1,-0.002640577092257772,0.28442050548076897,0.0,-1.4735058242287167,-2.2498668363146597,-10.728742230950123,-10.77505203159177,10.020707776715193,9.946437229972378
13,0.0,8,lag1_exog,-0.0012707267215567209,0.2938771414407368,0.0,-1.4735058242287167,-2.3245546426948236,-10.728742230950123,-10.694833518712425,10.020707776715193,9.969989383892539
13,0.0,8,block_mean,-0.013906980630937458,0.2815477596664139,0.0,-1.4735058242287167,-2.278239170816148,-10.728742230950123,-11.298552607570775,10.020707776715193,9.912410471901172
13,0.0,8,shift_level_drift,-0.0032811846158124027,0.20903253205038683,0.0,-1.4735058242287167,-1.5679011990673066,-10.728742230950123,-10.783981014709138,10.020707776715193,9.950935959846362
13,0.0,8,washout_1_drift,0.004931715369773283,0.20265225125249015,0.0,-1.4735058242287167,-1.609004959473273,-10.728742230950123,-10.884854560630647,10.020707776715193,9.967127205653808
13,0.25,1,shift_level,-0.12600429810248107,0.5142874590594281,0.0,-1.600527007214323,-1.3128266114633196,-10.728742230950127,-10.569080787556004,10.02088296675863,8.1458634736984
13,0.25,1,lag1_exog,-0.022476428590375717,0.31416740886119526,0.0,-1.600527007214323,-1.8127462625899746,-10.728742230950127,-10.84999550319203,10.02088296675863,9.583493947668622
13,0.25,1,shift_level_drift,-0.1556658808143305,0.5077766253031923,0.0,-1.600527007214323,-1.3848681270373788,-10.728742230950127,-10.517140950766487,10.02088296675863,8.143307812628738
13,0.25,2,shift_level,-0.20143886566703134,0.40679512561598347,0.0,-1.600527007214323,-1.2243444865192261,-10.728742230950127,-11.880791479578264,10.02088296675863,8.92762265762719
13,0.25,2,washout_1,-0.18923113133642624,0.4711784739324854,0.0,-1.600527007214323,-1.2754676927743454,-10.728742230950127,-12.40004497284757,10.02088296675863,9.709740620168839
13,0.25,2,lag1_exog,-0.17292328824270572,0.4607480679585143,0.0,-1.600527007214323,-1.2810658360327778,-10.728742230950127,-12.736072874995626,10.02088296675863,9.822138968910062
13,0.25,2,block_mean,-0.18923113133642624,0.4711784739324854,0.0,-1.600527007214323,-1.2754676927743454,-10.728742230950127,-12.40004497284757,10.02088296675863,9.709740620168839
13,0.25,2,shift_level_drift,-0.21006326557259317,0.40659987896952554,0.0,-1.600527007214323,-1.3495334890226087,-10.728742230950127,-11.942095211701776,10.02088296675863,8.932687780746617
13,0.25,2,washout_1_drift,-0.1749524823171265,0.44404257187560575,0.0,-1.600527007214323,-1.3694341660018559,-10.728742230950127,-12.356895772233074,10.02088296675863,9.708815970682897
13,0.25,4,shift_level,-0.13235427687527188,0.2792248079199502,0.05555555555555555,-1.600527007214323,-1.3904122671223922,-10.728742230950127,-11.60325236239714,10.02088296675863,9.590899783174699
13,0.25,4,washout_1,-0.07821812277086501,0.2537861275513672,0.05555555555555555,-1.600527007214323,-1.4583478225676538,-10.728742230950127,-11.152161958410328,10.02088296675863,9.960946983884527
13,0.25,4,lag1_exog,-0.10448833974434572,0.2807519863313862,0.05555555555555555,-1.600527007214323,-1.4187233581506116,-10.728742230950127,-11.62918112992251,10.02088296675863,10.060463077451464
13,0.25,4,block_mean,-0.05226529567310602,0.2818971934953176,0.05555555555555555,-1.600527007214323,-1.4574642228949846,-10.728742230950127,-10.704458047996123,10.02088296675863,9.983940334733282
13,0.25,4,shift_level_drift,-0.04258246677072469,0.20501445675526428,0.0,-1.600527007214323,-1.3241340171440141,-10.728742230950127,-11.119389826395453,10.02088296675863,9.58098292779894
13,0.25,4,washout_1_drift,0.01449329734582604,0.20347169318774982,0.0,-1.600527007214323,-1.4186653587578095,-10.728742230950127,-10.603362713938752,10.02088296675863,9.96085794693213
13,0.25,8,shift_level,-0.026348440098185037,0.2918268587499773,0.0,-1.600527007214323,-2.2857744389566035,-10.728742230950127,-10.63365470073217,10.02088296675863,9.644512684038038
13,0.25,8,washout_1,-0.0018233480269518598,0.2573716228983721,0.0,-1.600527007214323,-2.2914545863824958,-10.728742230950127,-10.781708702257752,10.02088296675863,9.873455920295982
13,0.25,8,lag1_exog,2.9787195320247445e-05,0.26419449798177136,0.0,-1.600527007214323,-2.369643557090132,-10.728742230950127,-10.699259418391653,10.02088296675863,9.906887757837818
13,0.25,8,block_mean,-0.01306798131900973,0.26430003600091173,0.0,-1.600527007214323,-2.3224443471224827,-10.728742230950127,-11.30632563151648,10.02088296675863,9.841728978175897
13,0.25,8,shift_level_drift,-0.014460622305441317,0.21114609365016734,0.0,-1.600527007214323,-1.5352897547481166,-10.728742230950127,-10.74128636481728,10.02088296675863,9.669109631767098
13,0.25,8,washout_1_drift,0.015643926202937974,0.19149078094068564,0.0,-1.600527007214323,-1.572900579591185,-10.728742230950127,-10.854222343844048,10.02088296675863,9.891123374769625
13,0.5,1,shift_level,-0.28417266973128497,0.979155696418128,0.0,-1.675675990922139,-1.1721686404977132,-10.728742230950123,-10.548263495501674,10.020932545945236,6.270529993897868
13,0.5,1,lag1_exog,-0.13023681173318383,0.48990843948425233,0.0,-1.675675990922139,-1.762646998820136,-10.728742230950123,-10.803080609146647,10.020932545945236,8.481522426875769
13,0.5,1,shift_level_drift,-0.3144719657243398,0.9745730191690929,0.0,-1.675675990922139,-1.238742633268782,-10.728742230950123,-10.514938385004182,10.020932545945236,6.269342082738185
13,0.5,2,shift_level,-0.3379674325347531,0.7178804431432256,0.0,-1.675675990922139,-1.1611651101264258,-10.728742230950123,-11.918972056432965,10.020932545945236,7.475958404991404
13,0.5,2,washout_1,-0.28879388009986917,0.5754665003554582,0.0,-1.675675990922139,-1.2736324484316346,-10.728742230950123,-12.42974829826587,10.020932545945236,8.711443104413796
13,0.5,2,lag1_exog,-0.2556431375789588,0.5328358686494693,0.0,-1.675675990922139,-1.2891336730421192,-10.728742230950123,-12.757273660588885,10.020932545945236,8.975711141553509
13,0.5,2,block_mean,-0.28879388009986917,0.5754665003554582,0.0,-1.675675990922139,-1.2736324484316346,-10.728742230950123,-12.42974829826587,10.020932545945236,8.711443104413796
13,0.5,2,shift_level_drift,-0.34455779717316565,0.7142342950795663,0.0,-1.675675990922139,-1.289866419305159,-10.728742230950123,-11.954471766378045,10.020932545945236,7.479145956669814
13,0.5,2,washout_1_drift,-0.27141769555829615,0.5484166686368537,0.0,-1.675675990922139,-1.367333741001222,-10.728742230950123,-12.362224558406817,10.020932545945236,8.710529977595158
13,0.5,4,shift_level,-0.22124591377536368,0.4302744233801773,0.0,-1.675675990922139,-1.3801892998818812,-10.728742230950123,-11.542901489197451,10.020932545945236,8.701054649759023
13,0.5,4,washout_1,-0.1296197632982655,0.28639849937832507,0.0,-1.675675990922139,-1.4770727077185717,-10.728742230950123,-11.057303799213555,10.020932545945236,9.450654457071117
13,0.5,4,lag1_exog,-0.1518513795102395,0.2909695377214849,0.0,-1.675675990922139,-1.428268641855437,-10.728742230950123,-11.53645039344002,10.020932545945236,9.585940416223725
13,0.5,4,block_mean,-0.10436033290283495,0.3152117972348523,0.0,-1.675675990922139,-1.4749745799036138,-10.728742230950123,-10.611371804277136,10.020932545945236,9.46678299082337
13,0.5,4,shift_level_drift,-0.13107873260743808,0.39922804648190097,0.0,-1.675675990922139,-1.2952998747653728,-10.728742230950123,-11.10769749674807,10.020932545945236,8.686926664328134
13,0.5,4,washout_1_drift,-0.03850628507368673,0.2539509748499893,0.0,-1.675675990922139,-1.3946396049295424,-10.728742230950123,-10.585609027808797,10.020932545945236,9.448116905093993
13,0.5,8,shift_level,-0.06889965630123412,0.32775706958005596,0.0,-1.675675990922139,-2.3124590270199246,-10.728742230950123,-10.637789652949285,10.020932545945236,9.226253137428403
13,0.5,8,washout_1,-0.02401557413528242,0.25422701373032625,0.0,-1.675675990922139,-2.3287548835738754,-10.728742230950123,-10.786203702313967,10.020932545945236,9.641797092002045
13,0.5,8,lag1_exog,-0.02171153099561864,0.25686184113375027,0.0,-1.675675990922139,-2.4084500767272115,-10.728742230950123,-10.702564232902553,10.020932545945236,9.688568436537626
13,0.5,8,block_mean,-0.03513638184912911,0.2666374299033768,0.0,-1.675675990922139,-2.3604212669334625,-10.728742230950123,-11.311471742446926,10.020932545945236,9.619897137110264
13,0.5,8,shift_level_drift,-0.05144486905617579,0.27043565655886975,0.0,-1.675675990922139,-1.5183286232271258,-10.728742230950123,-10.71419048096745,10.020932545945236,9.248543910691373
13,0.5,8,washout_1_drift,-0.0005372121677681438,0.20100326651639602,0.0,-1.675675990922139,-1.5474085882799615,-10.728742230950123,-10.833736031070215,10.020932545945236,9.657052803805605
13,0.75,1,shift_level,-0.44948879402629294,1.4681773844620878,0.0,-1.7190507140026705,-1.0680271120191704,-10.728742230950127,-10.533293811872143,10.020917191692124,4.342612109119517
13,0.75,1,lag1_exog,-0.31908628200898775,0.9085083895073426,0.0,-1.7190507140026705,-1.728007265708019,-10.728742230950127,-10.767136765353948,10.020917191692124,6.637605803911263
13,0.75,1,shift_level_drift,-0.47953870998160636,1.4644882568397937,0.0,-1.7190507140026705,-1.130521784037021,-10.728742230950127,-10.512126378304657,10.020917191692124,4.341834413822189
13,0.75,2,shift_level,-0.5061588684109106,1.146593531898463,0.0,-1.7190507140026705,-1.1126240189878875,-10.728742230950127,-11.943129375488567,10.020917191692124,5.69922443495298
13,0.75,2,washout_1,-0.4567833708478988,0.8903376202362002,0.0,-1.7190507140026705,-1.273536966958684,-10.728742230950127,-12.453901024760878,10.020917191692124,7.049350871042895
13,0.75,2,lag1_exog,-0.40950197224304263,0.8028980215050664,0.0,-1.7190507140026705,-1.2924019433757756,-10.728742230950127,-12.775999827089265,10.020917191692124,7.44340026246344
13,0.75,2,block_mean,-0.4567833708478988,0.8903376202362002,0.0,-1.7190507140026705,-1.273536966958684,-10.728742230950127,-12.453901024760878,10.020917191692124,7.049350871042895
13,0.75,2,shift_level_drift,-0.5108783808351804,1.1431607756086368,0.0,-1.7190507140026705,-1.2387099236577317,-10.728742230950127,-11.960017361833563,10.020917191692124,5.700647550136308
13,0.75,2,washout_1_drift,-0.4377971681931558,0.8717640184865519,0.0,-1.7190507140026705,-1.3662643304634872,-10.728742230950127,-12.377016118543938,10.020917191692124,7.048901621212938
13,0.75,4,shift_level,-0.3596185927086645,0.7553720208848759,0.0,-1.7190507140026705,-1.362521970463055,-10.728742230950127,-11.480156430509327,10.020917191692124,7.317092325975979
13,0.75,4,washout_1,-0.2517814595570881,0.5186972046847897,0.0,-1.7190507140026705,-1.483078453857254,-10.728742230950127,-10.967003072953368,10.020917191692124,8.287710800358633
13,0.75,4,lag1_exog,-0.26550381677356805,0.4817768941448603,0.0,-1.7190507140026705,-1.428654535266407,-10.728742230950127,-11.449671977336369,10.020917191692124,8.494197216101929
13,0.75,4,block_mean,-0.2273105045415656,0.5386735566522399,0.0,-1.7190507140026705,-1.4803988456139137,-10.728742230950127,-10.521698427881548,10.020917191692124,8.290876636995273
13,0.75,4,shift_level_drift,-0.27413467070053016,0.7461115587340252,0.0,-1.7190507140026705,-1.2631832386271478,-10.728742230950127,-11.10931827873284,10.020917191692124,7.3007431259053766
13,0.75,4,washout_1_drift,-0.16802981312596807,0.5071291450372123,0.0,-1.7190507140026705,-1.370130281767484,-10.728742230950127,-10.586715161795983,10.020917191692124,8.278460010378012
13,0.75,8,shift_level,-0.15318468200117444,0.4642784335389541,0.0,-1.7190507140026705,-2.3338237414009555,-10.728742230950127,-10.641937095723248,10.020917191692124,8.521154959581308
13,0.75,8,washout_1,-0.09337849589746114,0.32775468669210683,0.0,-1.7190507140026705,-2.3581572484532582,-10.728742230950127,-10.790186051822133,10.020917191692124,9.083454600319255
13,0.75,8,lag1_exog,-0.08837906818727813,0.320298499800445,0.0,-1.7190507140026705,-2.4394332452067427,-10.728742230950127,-10.705983434785884,10.020917191692124,9.156675196389688
13,0.75,8,block_mean,-0.10407183210427269,0.3370843577882528,0.0,-1.7190507140026705,-2.3896913199542262,-10.728742230950127,-11.316383569352206,10.020917191692124,9.082380420302288
13,0.75,8,shift_level_drift,-0.13262098947042436,0.42862322262373925,0.0,-1.7190507140026705,-1.5051692932089327,-10.728742230950127,-10.696929093361003,10.020917191692124,8.546282483936164
13,0.75,8,washout_1_drift,-0.06675510769765927,0.29280913934604474,0.0,-1.7190507140026705,-1.5290532332461702,-10.728742230950127,-10.820980945463926,10.020917191692124,9.100511408916855
13,1.0,1,shift_level,-0.6143952769169874,1.9523321995252065,0.0,-1.7406338037632851,-0.9943765683384936,-10.728742230950123,-10.523982755580807,10.021183074142277,2.45712065697811
13,1.0,1,lag1_exog,-0.5763761093057962,1.509492731743548,0.0,-1.7406338037632851,-1.705329795582474,-10.728742230950123,-10.74676254661611,10.021183074142277,4.188811834591629
13,1.0,1,shift_level_drift,-0.6422792351863311,1.9490022343834912,0.0,-1.7406338037632851,-1.0484139973523503,-10.728742230950123,-10.508670612372622,10.021183074142277,2.456098113476539
13,1.0,2,shift_level,-0.7097809086376878,1.68181743655113,0.0,-1.7406338037632851,-1.0991749471776007,-10.728742230950123,-11.953846521850618,10.021183074142277,3.5794511650000214
13,1.0,2,washout_1,-0.6986073602854262,1.4348870070249133,0.0,-1.7406338037632851,-1.29091336241359,-10.728742230950123,-12.457752962830444,10.021183074142277,4.713362112223431
13,1.0,2,lag1_exog,-0.6514036594759772,1.3429146284170337,0.0,-1.7406338037632851,-1.314623912416426,-10.728742230950123,-12.782167755620565,10.021183074142277,5.091148382173898
13,1.0,2,block_mean,-0.6986073602854262,1.4348870070249133,0.0,-1.7406338037632851,-1.29091336241359,-10.728742230950123,-12.457752962830444,10.021183074142277,4.713362112223431
13,1.0,2,shift_level_drift,-0.7130077198361968,1.67935992574562,0.0,-1.7406338037632851,-1.2144715886915365,-10.728742230950123,-11.955015797075962,10.021183074142277,3.579528962834002
13,1.0,2,washout_1_drift,-0.6794338417511836,1.4242167669252705,0.0,-1.7406338037632851,-1.3689329726983324,-10.728742230950123,-12.381714079931177,10.021183074142277,4.712508983888277
13,1.0,4,shift_level,-0.5701814634365545,1.2809153208206165,0.0,-1.7406338037632851,-1.3330423103357032,-10.728742230950123,-11.425159342132442,10.021183074142277,5.200506440712469
13,1.0,4,washout_1,-0.4755308318605794,1.0414137909154364,0.0,-1.7406338037632851,-1.4760913651222733,-10.728742230950123,-10.89581634736876,10.021183074142277,6.143718869260641
13,1.0,4,lag1_exog,-0.48349978965152846,0.9798298101162297,0.0,-1.7406338037632851,-1.4156795153541935,-10.728742230950123,-11.3824220634094,10.021183074142277,6.401984636212584
13,1.0,4,block_mean,-0.45222282934471236,1.055842782602445,0.0,-1.7406338037632851,-1.4730509508991898,-10.728742230950123,-10.451288759864093,10.021183074142277,6.1330550503340175
13,1.0,4,shift_level_drift,-0.49147712582127606,1.2806878031587778,0.0,-1.7406338037632851,-1.227672962360261,-10.728742230950123,-11.116555163971025,10.021183074142277,5.180408263589772
13,1.0,4,washout_1_drift,-0.40135996275339997,1.0395413827437057,0.0,-1.7406338037632851,-1.3498250901692106,-10.728742230950123,-10.599665830852375,10.021183074142277,6.126190154338953
13,1.0,8,shift_level,-0.32060041251933763,0.810937175472147,0.0,-1.7406338037632851,-2.3393171147076406,-10.728742230950123,-10.642795082553175,10.021183074142277,7.1220161749539646
13,1.0,8,washout_1,-0.25865708672936233,0.6404998454352197,0.0,-1.7406338037632851,-2.372351793056965,-10.728742230950123,-10.790365959118606,10.021183074142277,7.745101484005648
13,1.0,8,lag1_exog,-0.24798087231443758,0.615778273964389,0.0,-1.7406338037632851,-2.454380984517381,-10.728742230950123,-10.705177708681198,10.021183074142277,7.861927773157481
13,1.0,8,block_mean,-0.2686621978604803,0.639344791921099,0.0,-1.7406338037632851,-2.402586890122522,-10.728742230950123,-11.317671157848325,10.021183074142277,7.777203897313409
13,1.0,8,shift_level_drift,-0.29858817786900754,0.7899384231109869,0.0,-1.7406338037632851,-1.4929879901775038,-10.728742230950123,-10.684726937991616,10.021183074142277,7.156110060092721
13,1.0,8,washout_1_drift,-0.23088038666300953,0.6228951153465757,0.0,-1.7406338037632851,-1.5181788677659442,-10.728742230950123,-10.811433882856292,10.021183074142277,7.7690114388742835
14,0.0,1,shift_level,-0.03430060401023129,0.13991775942429074,0.0,-1.126393462359407,-1.1100221857253938,-12.099378798859204,-12.129097235439374,10.039339600301135,10.123637788612523
14,0.0,1,lag1_exog,-0.05794339999243996,0.30232726688094425,0.0,-1.126393462359407,-1.321478446367186,-12.099378798859204,-11.096932984013977,10.039339600301135,10.077280999117681
14,0.0,1,shift_level_drift,-0.03769705582031641,0.1390171950696611,0.0,-1.126393462359407,-1.1792083093500427,-12.099378798859204,-12.116344748913555,10.039339600301135,10.122889276970385
14,0.0,2,shift_level,0.051885127955431494,0.27861080703504765,0.0,-1.126393462359407,-1.3031232234788728,-12.099378798859204,-11.190523990112233,10.039339600301135,10.028704053281427
14,0.0,2,washout_1,0.01980576600495563,0.31449341570452777,0.0,-1.126393462359407,-1.3325834691820257,-12.099378798859204,-11.464322913150058,10.039339600301135,10.186909278388399
14,0.0,2,lag1_exog,0.06400256710360602,0.2842178132649943,0.0,-1.126393462359407,-1.3435771357136528,-12.099378798859204,-11.19234606314333,10.039339600301135,10.028957164369599
14,0.0,2,block_mean,0.01980576600495563,0.31449341570452777,0.0,-1.126393462359407,-1.3325834691820257,-12.099378798859204,-11.464322913150058,10.039339600301135,10.186909278388399
14,0.0,2,shift_level_drift,0.020165187286409376,0.2729433330658177,0.0,-1.126393462359407,-1.215673034287293,-12.099378798859204,-11.29018647600143,10.039339600301135,10.049512764371382
14,0.0,2,washout_1_drift,-0.014580557547784248,0.3187571342745697,0.0,-1.126393462359407,-1.1781611845860003,-12.099378798859204,-11.543904747106861,10.039339600301135,10.201567180204222
14,0.0,4,shift_level,0.07378113751232784,0.35733269930506467,0.0,-1.126393462359407,-0.9433406269416722,-12.099378798859204,-11.481857200373799,10.039339600301135,10.003959141667458
14,0.0,4,washout_1,0.0636177223738121,0.3986956827388853,0.0,-1.126393462359407,-0.9738914133117287,-12.099378798859204,-11.055327489276534,10.039339600301135,10.082458904441154
14,0.0,4,lag1_exog,0.040657412071890615,0.34256377394119303,0.0,-1.126393462359407,-0.9185019190508703,-12.099378798859204,-11.525079654952876,10.039339600301135,10.004677429631915
14,0.0,4,block_mean,0.01152294105883409,0.23710532077997049,0.0,-1.126393462359407,-0.9735371402537467,-12.099378798859204,-11.6387342761055,10.039339600301135,10.097251408203714
14,0.0,4,shift_level_drift,0.047782730924136874,0.3268765635957464,0.0,-1.126393462359407,-1.2049569822073338,-12.099378798859204,-11.443470298536237,10.039339600301135,10.003541594065261
14,0.0,4,washout_1_drift,0.04254595294902926,0.3880875511644251,0.0,-1.126393462359407,-1.152147465209092,-12.099378798859204,-11.003044622586375,10.039339600301135,10.080120581788126
14,0.0,8,shift_level,0.17098934026535356,0.611398896200832,0.0,-1.126393462359407,-1.7885307861057673,-12.099378798859204,-10.990566130381298,10.039339600301135,10.008173947567878
14,0.0,8,washout_1,0.18001022596525207,0.7258490404140825,0.0,-1.126393462359407,-1.8885135626361713,-12.099378798859204,-10.737463942710995,10.039339600301135,10.06774080562242
14,0.0,8,lag1_exog,0.1628150259956233,0.6515806235635172,0.0,-1.126393462359407,-1.8738953507215215,-12.099378798859204,-11.002612718480622,10.039339600301135,10.030729469663138
14,0.0,8,block_mean,0.14161656683442972,0.4709873088155549,0.0,-1.126393462359407,-1.8815546908332674,-12.099378798859204,-10.923558442337596,10.039339600301135,10.063883133589968
14,0.0,8,shift_level_drift,0.13172256421695167,0.522643808247997,0.0,-1.126393462359407,-1.3644665608835953,-12.099378798859204,-11.070228652181939,10.039339600301135,10.016264755618149
14,0.0,8,washout_1_drift,0.14976847916762717,0.6390394009347345,0.0,-1.126393462359407,-1.3796211774111393,-12.099378798859204,-10.813862430781858,10.039339600301135,10.074050490021799
14,0.25,1,shift_level,-0.20519685946388705,0.49377788658697896,0.0,-1.1760646518382964,-1.128728887103633,-12.099378798859204,-12.084928827767373,10.03947444518684,8.35577823546698
14,0.25,1,lag1_exog,-0.09930253320418823,0.32467260519580354,0.0,-1.1760646518382964,-1.4669154211311481,-12.099378798859204,-11.022553953152705,10.03947444518684,9.760572541941979
14,0.25,1,shift_level_drift,-0.2069538368758755,0.49401790210498,0.0,-1.1760646518382964,-1.1799400857113447,-12.099378798859204,-12.07748732279697,10.03947444518684,8.354878595714595
14,0.25,2,shift_level,-0.05555117008831351,0.3848766052213531,0.0,-1.1760646518382964,-1.2041930744425806,-12.099378798859204,-11.2225595071212,10.03947444518684,8.994763984080803
14,0.25,2,washout_1,-0.026831512895922612,0.3072553102153983,0.0,-1.1760646518382964,-1.2853362743210344,-12.099378798859204,-11.489783815275413,10.03947444518684,9.827518985257736
14,0.25,2,lag1_exog,0.02593069970517236,0.27544040878949955,0.0,-1.1760646518382964,-1.2941903206921992,-12.099378798859204,-11.242419188454782,10.03947444518684,9.781998855308117
14,0.25,2,block_mean,-0.026831512895922612,0.3072553102153983,0.0,-1.1760646518382964,-1.2853362743210344,-12.099378798859204,-11.489783815275413,10.03947444518684,9.827518985257736
14,0.25,2,shift_level_drift,-0.07859477919719748,0.38331419189326105,0.0,-1.1760646518382964,-1.1594830712623292,-12.099378798859204,-11.286594228471223,10.03947444518684,9.005450324993664
14,0.25,2,washout_1_drift,-0.05888294329639941,0.3179827781146293,0.0,-1.1760646518382964,-1.203315071803142,-12.099378798859204,-11.533795906726814,10.03947444518684,9.836812560520896
14,0.25,4,shift_level,0.027795075131252973,0.3625121381320729,0.0,-1.1760646518382964,-1.0555020538748843,-12.099378798859204,-11.483982579294597,10.03947444518684,9.542681192579396
14,0.25,4,washout_1,0.05291392914175981,0.3842765320157103,0.0,-1.1760646518382964,-1.1121447184668423,-12.099378798859204,-11.069417634203877,10.03947444518684,9.968780091906265
14,0.25,4,lag1_exog,0.02968005092124897,0.3264379060457924,0.0,-1.1760646518382964,-1.0673451329564076,-12.099378798859204,-11.529660308995634,10.03947444518684,9.916154867944472
14,0.25,4,block_mean,0.0003217069713712453,0.22132938363370738,0.0,-1.1760646518382964,-1.1119465726700828,-12.099378798859204,-11.649304901985397,10.03947444518684,9.985691204064297
14,0.25,4,shift_level_drift,0.0019218510856462057,0.3440153170162525,0.0,-1.1760646518382964,-1.2043318936227987,-12.099378798859204,-11.470809826253646,10.03947444518684,9.541821742345782
14,0.25,4,washout_1_drift,0.034028896005815545,0.37992340679356745,0.0,-1.1760646518382964,-1.174639826611313,-12.099378798859204,-11.046166241045508,10.03947444518684,9.966510797075307
14,0.25,8,shift_level,0.14398266947431998,0.607408290758139,0.0,-1.1760646518382964,-1.8410071610041379,-12.099378798859204,-10.912598612475634,10.03947444518684,9.773001467870863
14,0.25,8,washout_1,0.17294290185514985,0.71962002322713,0.0,-1.1760646518382964,-1.9529349541899068,-12.099378798859204,-10.660584427502885,10.03947444518684,10.013817586073973
14,0.25,8,lag1_exog,0.1550824235450071,0.642876161855129,0.0,-1.1760646518382964,-1.9377136525029361,-12.099378798859204,-10.924692987240114,10.03947444518684,9.986001211491477
14,0.25,8,block_mean,0.1340513994720197,0.46592802188438043,0.0,-1.1760646518382964,-1.946562239772043,-12.099378798859204,-10.848110406448475,10.03947444518684,10.008689768398474
14,0.25,8,shift_level_drift,0.10362912870880951,0.5259867454484927,0.0,-1.1760646518382964,-1.3497001104477004,-12.099378798859204,-11.00252442287264,10.03947444518684,9.778409294812766
14,0.25,8,washout_1_drift,0.1409485839445736,0.6393262282976805,0.0,-1.1760646518382964,-1.3672883129138151,-12.099378798859204,-10.749429818690805,10.03947444518684,10.018831318676307
14,0.5,1,shift_level,-0.3727776901461115,0.9635066165837213,0.0,-1.2057398635056291,-1.1464703133541148,-12.099378798859204,-12.055276922302008,10.039572640183769,6.525821543900674
14,0.5,1,lag1_exog,-0.21271036790890926,0.48799709214567627,0.0,-1.2057398635056291,-1.565569649713919,-12.099378798859204,-10.983686870587771,10.039572640183769,8.753884275009007
14,0.5,1,shift_level_drift,-0.3745011283566765,0.9635646896984031,0.0,-1.2057398635056291,-1.182735998969132,-12.099378798859204,-12.05595553514931,10.039572640183769,6.525925034005968
14,0.5,2,shift_level,-0.19147265800705643,0.6809797527461203,0.0,-1.2057398635056291,-1.146752685547934,-12.099378798859204,-11.250319331454161,10.039572640183769,7.659028113547401
14,0.5,2,washout_1,-0.1391720219794241,0.42892182066524837,0.0,-1.2057398635056291,-1.27885399540936,-12.099378798859204,-11.523376366244518,10.039572640183769,8.867344341026751
14,0.5,2,lag1_exog,-0.06441213326748992,0.37189204794547986,0.0,-1.2057398635056291,-1.273166322564936,-12.099378798859204,-11.289033839146605,10.039572640183769,9.027893398371358
14,0.5,2,block_mean,-0.1391720219794241,0.42892182066524837,0.0,-1.2057398635056291,-1.27885399540936,-12.099378798859204,-11.523376366244518,10.039572640183769,8.867344341026751
14,0.5,2,shift_level_drift,-0.20908145544406181,0.6804360513409038,0.0,-1.2057398635056291,-1.125684469352846,-12.099378798859204,-11.294567215806623,10.039572640183769,7.665673186128366
14,0.5,2,washout_1_drift,-0.17048925935658227,0.4354216035728313,0.0,-1.2057398635056291,-1.2453214230415617,-12.099378798859204,-11.551289749378913,10.039572640183769,8.874572815073588
14,0.5,4,shift_level,-0.046389258988400996,0.4554983283926014,0.0,-1.2057398635056291,-1.122037294679818,-12.099378798859204,-11.49589861105233,10.039572640183769,8.845985113186341
14,0.5,4,washout_1,0.005247598802269624,0.39435511450257393,0.0,-1.2057398635056291,-1.1937956786410362,-12.099378798859204,-11.082093317103498,10.039572640183769,9.54330193139573
14,0.5,4,lag1_exog,-0.01314804070570856,0.33452350577988055,0.0,-1.2057398635056291,-1.1531128714599599,-12.099378798859204,-11.539578513590364,10.039572640183769,9.557943401220186
14,0.5,4,block_mean,-0.046716822672329426,0.24191945596478598,0.0,-1.2057398635056291,-1.1934288336998553,-12.099378798859204,-11.661170549118491,10.039572640183769,9.566466512578028
14,0.5,4,shift_level_drift,-0.06960793705016506,0.44551452180829704,0.0,-1.2057398635056291,-1.2020478579527183,-12.099378798859204,-11.489653770216929,10.039572640183769,8.845071320171556
14,0.5,4,washout_1_drift,-0.010075264097427943,0.3929425371398662,0.0,-1.2057398635056291,-1.1922107812283471,-12.099378798859204,-11.069545665476547,10.039572640183769,9.5407620400156
14,0.5,8,shift_level,0.10391753249403417,0.6242912561290308,0.0,-1.2057398635056291,-1.8453162721956724,-12.099378798859204,-10.849461091369117,10.039572640183769,9.408559285003811
14,0.5,8,washout_1,0.1503883496760406,0.7184146084034606,0.0,-1.2057398635056291,-1.9680278849219064,-12.099378798859204,-10.59899161109169,10.039572640183769,9.812755188220425
14,0.5,8,lag1_exog,0.13363756388681894,0.6415391095506177,0.0,-1.2057398635056291,-1.9490578584140552,-12.099378798859204,-10.863341717340774,10.039572640183769,9.804787096185299
14,0.5,8,block_mean,0.11124927984522016,0.466372509896962,0.0,-1.2057398635056291,-1.9614816294036443,-12.099378798859204,-10.78709482254573,10.039572640183769,9.806580530561439
14,0.5,8,shift_level_drift,0.06403245546775257,0.5520625206776361,0.0,-1.2057398635056291,-1.3318738624305404,-12.099378798859204,-10.939541932726126,10.039572640183769,9.407150745689538
14,0.5,8,washout_1_drift,0.11749127439216943,0.643497584141529,0.0,-1.2057398635056291,-1.3536099160441064,-12.099378798859204,-10.693155352823423,10.039572640183769,9.813335895967649
14,0.75,1,shift_level,-0.5415544135985566,1.4474613779907,0.0,-1.2190914040452752,-1.162391360452959,-12.099378798859204,-12.035361487518681,10.039631924624722,4.637772976154533
14,0.75,1,lag1_exog,-0.40144848393414684,0.8848374541589921,0.0,-1.2190914040452752,-1.6573958303007905,-12.099378798859204,-10.96269886401503,10.039631924624722,7.027406826852072
14,0.75,1,shift_level_drift,-0.5454637160681187,1.4465927690812932,0.0,-1.2190914040452752,-1.190210277973839,-12.099378798859204,-12.051977294454666,10.039631924624722,4.639858738051545
14,0.75,2,shift_level,-0.35853490832101864,1.0967994336051166,0.0,-1.2190914040452752,-1.106598554218215,-12.099378798859204,-11.276018938140703,10.039631924624722,5.984838467812236
14,0.75,2,washout_1,-0.31343122636871523,0.7816575369519613,0.0,-1.2190914040452752,-1.265043676145018,-12.099378798859204,-11.560947696359538,10.039631924624722,7.279804327340915
14,0.75,2,lag1_exog,-0.220665952466689,0.685987633266137,0.0,-1.2190914040452752,-1.2569571367918444,-12.099378798859204,-11.329841876038424,10.039631924624722,7.627432418403124
14,0.75,2,block_mean,-0.31343122636871523,0.7816575369519613,0.0,-1.2190914040452752,-1.265043676145018,-12.099378798859204,-11.560947696359538,10.039631924624722,7.279804327340915
14,0.75,2,shift_level_drift,-0.37230017193826814,1.0962463528670507,0.0,-1.2190914040452752,-1.096211570943138,-12.099378798859204,-11.307380273460204,10.039631924624722,5.9902836271745645
14,0.75,2,washout_1_drift,-0.3449064096955788,0.7823988248194089,0.0,-1.2190914040452752,-1.2566605949266876,-12.099378798859204,-11.58159699755976,10.039631924624722,7.286691283329846
14,0.75,4,shift_level,-0.16276649062588616,0.6937513245655125,0.0,-1.2190914040452752,-1.1551491990144374,-12.099378798859204,-11.51099605712433,10.039631924624722,7.74676854910703
14,0.75,4,washout_1,-0.09947345781739139,0.53220937962564,0.0,-1.2190914040452752,-1.2326981966059618,-12.099378798859204,-11.090721094272887,10.039631924624722,8.596082583796848
14,0.75,4,lag1_exog,-0.10872902582659805,0.4622603177218776,0.0,-1.2190914040452752,-1.1942023323167088,-12.099378798859204,-11.550345538488191,10.039631924624722,8.717868877051597
14,0.75,4,block_mean,-0.15049392704267386,0.42944769555261775,0.0,-1.2190914040452752,-1.2321408190217444,-12.099378798859204,-11.669554328211314,10.039631924624722,8.629240231571531
14,0.75,4,shift_level_drift,-0.18258399523198457,0.6880383906265615,0.0,-1.2190914040452752,-1.1849699833297769,-12.099378798859204,-11.508583821193174,10.039631924624722,7.746147114989618
14,0.75,4,washout_1_drift,-0.11216016726645862,0.5306295180211686,0.0,-1.2190914040452752,-1.1930360828526994,-12.099378798859204,-11.085542766977339,10.039631924624722,8.593626808422874
14,0.75,8,shift_level,0.032283085004702186,0.6879874735539493,0.0,-1.2190914040452752,-1.8178402992672917,-12.099378798859204,-10.81424999880791,10.039631924624722,8.78199603800254
14,0.75,8,washout_1,0.09240288011039602,0.7363628021590114,0.0,-1.2190914040452752,-1.9487193922594412,-12.099378798859204,-10.563425006601266,10.039631924624722,9.311039989350464
14,0.75,8,lag1_exog,0.07883451839238016,0.659311778891334,0.0,-1.2190914040452752,-1.927170271380555,-12.099378798859204,-10.828705338922871,10.039631924624722,9.342398037150907
14,0.75,8,block_mean,0.0532151431617039,0.4965230490494962,0.0,-1.2190914040452752,-1.9416651113675434,-12.099378798859204,-10.751550824819784,10.039631924624722,9.304757805613301
14,0.75,8,shift_level_drift,-0.007442412168656738,0.6311331483905085,0.0,-1.2190914040452752,-1.305344825833206,-12.099378798859204,-10.89880943747546,10.039631924624722,8.766705321255813
14,0.75,8,washout_1_drift,0.05783216063514858,0.6698733791085825,0.0,-1.2190914040452752,-1.3327475240099973,-12.099378798859204,-10.658426235589191,10.039631924624722,9.299392934295495
14,1.0,1,shift_level,-0.7102256368031001,1.9278318909131098,0.0,-1.2258733422938786,-1.1902258986015102,-12.099378798859206,-12.023941328578541,10.039761189748074,2.7310314827856237
14,1.0,1,lag1_exog,-0.6603662226496713,1.4765715729057098,0.0,-1.2258733422938786,-1.7562043041680808,-12.099378798859206,-10.95651159461566,10.039761189748074,4.613203536607006
14,1.0,1,shift_level_drift,-0.7156734676382588,1.9265214086998164,0.0,-1.2258733422938786,-1.210272582796962,-12.099378798859206,-12.05009968270769,10.039761189748074,2.7329049078309557
14,1.0,2,shift_level,-0.5630030183142636,1.6243032791455245,0.0,-1.2258733422938786,-1.0908850681370355,-12.099378798859206,-11.29872106799359,10.039761189748074,3.8863307687888926
14,1.0,2,washout_1,-0.5565264619700965,1.3485325087170907,0.0,-1.2258733422938786,-1.2613155780498588,-12.099378798859206,-11.602597461604505,10.039761189748074,4.980150645597302
14,1.0,2,lag1_exog,-0.4593912568643958,1.2474809550807757,0.0,-1.2258733422938786,-1.251570239856181,-12.099378798859206,-11.366799845946673,10.039761189748074,5.368587824588733
14,1.0,2,block_mean,-0.5565264619700965,1.3485325087170907,0.0,-1.2258733422938786,-1.2613155780498588,-12.099378798859206,-11.602597461604505,10.039761189748074,4.980150645597302
14,1.0,2,shift_level_drift,-0.5751345488468278,1.6228813871314245,0.0,-1.2258733422938786,-1.085034906885337,-12.099378798859206,-11.323167513843028,10.039761189748074,3.892548646383581
14,1.0,2,washout_1_drift,-0.5878520761395629,1.3455904648045485,0.0,-1.2258733422938786,-1.258115802236786,-12.099378798859206,-11.621647038714524,10.039761189748074,4.988730259443579
14,1.0,4,shift_level,-0.349382370970822,1.1371063580880116,0.0,-1.2258733422938786,-1.1629648817803093,-12.099378798859206,-11.524969288801728,10.039761189748074,5.948771755501769
14,1.0,4,washout_1,-0.29425660250995644,0.9453997589114181,0.0,-1.2258733422938786,-1.2391834251984912,-12.099378798859206,-11.098895399573863,10.039761189748074,6.77430580810719
14,1.0,4,lag1_exog,-0.295514694279741,0.8636911523244201,0.0,-1.2258733422938786,-1.2004558711758042,-12.099378798859206,-11.561061943931648,10.039761189748074,6.995374041304931
14,1.0,4,block_mean,-0.34407857350160703,0.8866181223848711,0.0,-1.2258733422938786,-1.2386538705169534,-12.099378798859206,-11.677489675676327,10.039761189748074,6.820016222322372
14,1.0,4,shift_level_drift,-0.367536145702136,1.133078468400759,0.0,-1.2258733422938786,-1.1656298417417972,-12.099378798859206,-11.524485442034496,10.039761189748074,5.948622643283313
14,1.0,4,washout_1_drift,-0.305976817668606,0.9436765604716986,0.0,-1.2258733422938786,-1.1834882913850249,-12.099378798859206,-11.096266902056337,10.039761189748074,6.77217113017504
14,1.0,8,shift_level,-0.10697445649130495,0.9052681096704802,0.0,-1.2258733422938786,-1.782397238096474,-12.099378798859206,-10.789211160254428,10.039761189748074,7.546872295940195
14,1.0,8,washout_1,-0.043828443825839176,0.8800373309472918,0.0,-1.2258733422938786,-1.9180425709909095,-12.099378798859206,-10.535206943400645,10.039761189748074,8.113931849439254
14,1.0,8,lag1_exog,-0.05128935187424894,0.8019013826396073,0.0,-1.2258733422938786,-1.895476515141533,-12.099378798859206,-10.802332239165391,10.039761189748074,8.211749912489774
14,1.0,8,block_mean,-0.08279169959975997,0.6936620019473413,0.0,-1.2258733422938786,-1.910597915640782,-12.099378798859206,-10.723263577970517,10.039761189748074,8.109631174650309
14,1.0,8,shift_level_drift,-0.1468340210917493,0.8739289431339398,0.0,-1.2258733422938786,-1.2738050047264402,-12.099378798859206,-10.86973202291844,10.039761189748074,7.507822256072392
14,1.0,8,washout_1_drift,-0.07984767275097696,0.8352660429103452,0.0,-1.2258733422938786,-1.3065256516783024,-12.099378798859206,-10.629131529622267,10.039761189748074,8.078803022385488
15,0.0,1,shift_level,0.07112975771189085,0.3372270441728039,0.0,-1.3510532242362512,-0.9458881220575887,-11.170983282483407,-10.93267633524266,10.05496885985161,10.08070649679184
15,0.0,1,lag1_exog,-0.006002413914380706,0.3931760011086189,0.0,-1.3510532242362512,-0.8347220230650331,-11.170983282483407,-11.769826614080841,10.05496885985161,9.960991914262767
15,0.0,1,shift_level_drift,0.07248546774031565,0.3159803263661187,0.0,-1.3510532242362512,-1.115902186832026,-11.170983282483407,-10.897802506335083,10.05496885985161,10.082631837045804
15,0.0,2,shift_level,0.006019450594111645,0.2283526916108016,0.0,-1.3510532242362512,-1.4580992225880944,-11.170983282483407,-10.915821434095859,10.05496885985161,10.146195562435572
15,0.0,2,washout_1,-0.07596722450787366,0.20031019168309913,0.0,-1.3510532242362512,-1.6197943371352264,-11.170983282483407,-10.975024040386451,10.05496885985161,10.05668015313374
15,0.0,2,lag1_exog,-0.04410029727844925,0.25005749840333863,0.0,-1.3510532242362512,-1.5265268038511406,-11.170983282483407,-10.83542129053404,10.05496885985161,10.070031913103772
15,0.0,2,block_mean,-0.07596722450787366,0.20031019168309913,0.0,-1.3510532242362512,-1.6197943371352264,-11.170983282483407,-10.975024040386451,10.05496885985161,10.05668015313374
15,0.0,2,shift_level_drift,0.00795877279414821,0.20461691265383164,0.0,-1.3510532242362512,-1.4153509602592234,-11.170983282483407,-11.034217525678962,10.05496885985161,10.139668804725012
15,0.0,2,washout_1_drift,-0.06987843173554178,0.19092581212690948,0.0,-1.3510532242362512,-1.6280300433505621,-11.170983282483407,-11.101400964781686,10.05496885985161,10.04932608327397
15,0.0,4,shift_level,0.03932716433169448,0.5833845833093587,0.0,-1.3510532242362512,-1.3091407830299895,-11.170983282483407,-12.592055347293678,10.05496885985161,10.03646426707818
15,0.0,4,washout_1,0.05347601143717902,0.6695153915557621,0.0,-1.3510532242362512,-1.3221009915193371,-11.170983282483407,-12.711179132461663,10.05496885985161,10.124089763042138
15,0.0,4,lag1_exog,0.04947122157886284,0.5983857937928703,0.0,-1.3510532242362512,-1.3303356895898384,-11.170983282483407,-12.649750046530281,10.05496885985161,10.07515454120799
15,0.0,4,block_mean,0.07529497722517219,0.5149181861249182,0.0,-1.3510532242362512,-1.3213697958762307,-11.170983282483407,-12.262644945797135,10.05496885985161,10.122921602064931
15,0.0,4,shift_level_drift,0.0035079098641270035,0.5612015655156571,0.0,-1.3510532242362512,-1.3678151399521974,-11.170983282483407,-12.532185826050819,10.05496885985161,10.040367690570918
15,0.0,4,washout_1_drift,0.024232122960582747,0.6442629384765877,0.0,-1.3510532242362512,-1.3657525622320423,-11.170983282483407,-12.619120037259313,10.05496885985161,10.130976786287842
15,0.0,8,shift_level,-0.07292721872335374,0.35710623888464577,0.05263157894736842,-1.3510532242362512,-1.389942028929693,-11.170983282483407,-10.938975095701803,10.05496885985161,9.891325674833164
15,0.0,8,washout_1,-0.07901836149761611,0.3712015931971431,0.05263157894736842,-1.3510532242362512,-1.3370087131911377,-11.170983282483407,-11.17940945091134,10.05496885985161,9.92603246918235
15,0.0,8,lag1_exog,-0.08439874127609999,0.36845894864885576,0.05263157894736842,-1.3510532242362512,-1.3239708562240107,-11.170983282483407,-10.948479378811214,10.05496885985161,9.86972802980922
15,0.0,8,block_mean,-0.10355917855894925,0.2551450483224393,0.05263157894736842,-1.3510532242362512,-1.307389697632572,-11.170983282483407,-11.260181633646905,10.05496885985161,9.894068274877728
15,0.0,8,shift_level_drift,0.01746388379163099,0.3700361248285197,0.0,-1.3510532242362512,-1.3362010138190392,-11.170983282483407,-10.763111752255426,10.05496885985161,9.899895813403404
15,0.0,8,washout_1_drift,0.010515575349149205,0.38032272269843637,0.0,-1.3510532242362512,-1.3064745861139133,-11.170983282483407,-10.93392366645194,10.05496885985161,9.937261047674504
15,0.25,1,shift_level,-0.08545504485728588,0.600944278493782,0.0,-1.4678408902458697,-0.7636233183286323,-11.170983282483403,-10.922912528910825,10.05477379225184,8.13465477981886
15,0.25,1,lag1_exog,-0.008842458763688872,0.4122333433886433,0.0,-1.4678408902458697,-0.695189971842711,-11.170983282483403,-11.771508412451254,10.05477379225184,9.62849050583999
15,0.25,1,shift_level_drift,-0.08901373453775238,0.5866634020698756,0.0,-1.4678408902458697,-0.9439005875744838,-11.170983282483403,-10.89447796139731,10.05477379225184,8.135013701689463
15,0.25,2,shift_level,-0.09106492769956694,0.38786982131312764,0.0,-1.4678408902458697,-1.2738133150110602,-11.170983282483403,-10.91460446717992,10.05477379225184,8.906287184925585
15,0.25,2,washout_1,-0.08946964700317071,0.21857514543380593,0.0,-1.4678408902458697,-1.5052245311315005,-11.170983282483403,-10.960537821274357,10.05477379225184,9.715260714633267
15,0.25,2,lag1_exog,-0.05218203988384284,0.2661733510227246,0.0,-1.4678408902458697,-1.4122661827431098,-11.170983282483403,-10.829612721297451,10.05477379225184,9.788701852764088
15,0.25,2,block_mean,-0.08946964700317071,0.21857514543380593,0.0,-1.4678408902458697,-1.5052245311315005,-11.170983282483403,-10.960537821274357,10.05477379225184,9.715260714633267
15,0.25,2,shift_level_drift,-0.08825939603336871,0.37091625339210665,0.0,-1.4678408902458697,-1.303704495990333,-11.170983282483403,-11.018712275126084,10.05477379225184,8.905235438077053
15,0.25,2,washout_1_drift,-0.08902806530955183,0.21027867244742643,0.0,-1.4678408902458697,-1.613689717388634,-11.170983282483403,-11.082599799047763,10.05477379225184,9.70948738525586
15,0.25,4,shift_level,-0.03736295686355003,0.6019142291839219,0.0,-1.4678408902458697,-1.355399430844519,-11.170983282483403,-12.604264672018983,10.05477379225184,9.406507348532736
15,0.25,4,washout_1,0.02539808831696674,0.6659912353083473,0.0,-1.4678408902458697,-1.4017126173523324,-11.170983282483403,-12.691719502605693,10.05477379225184,9.963727315352115
15,0.25,4,lag1_exog,0.022655286223246838,0.5954875872070237,0.0,-1.4678408902458697,-1.4208695584436606,-11.170983282483403,-12.633471913323707,10.05477379225184,9.935226351378828
15,0.25,4,block_mean,0.04610773662269864,0.5128624241152434,0.0,-1.4678408902458697,-1.4021833484133737,-11.170983282483403,-12.248967832598606,10.05477379225184,9.95822106195867
15,0.25,4,shift_level_drift,-0.05105822823900484,0.5780449147311219,0.0,-1.4678408902458697,-1.3119884730045686,-11.170983282483403,-12.51456929313645,10.05477379225184,9.411112742346818
15,0.25,4,washout_1_drift,0.0166956553333826,0.6388320867669064,0.0,-1.4678408902458697,-1.3290958940355126,-11.170983282483403,-12.58050105634949,10.05477379225184,9.971006098148726
15,0.25,8,shift_level,-0.07778866902793886,0.3647597775192046,0.05555555555555555,-1.4678408902458697,-1.4388984232970885,-11.170983282483403,-10.936707873494559,10.05477379225184,9.596133967102384
15,0.25,8,washout_1,-0.06633013953767462,0.37245632442200843,0.05555555555555555,-1.4678408902458697,-1.4131410058428708,-11.170983282483403,-11.1815329395139,10.05477379225184,9.857148815958078
15,0.25,8,lag1_exog,-0.06776351680052152,0.3648540371942255,0.05555555555555555,-1.4678408902458697,-1.4032507029976737,-11.170983282483403,-10.951014520555372,10.05477379225184,9.821313332080374
15,0.25,8,block_mean,-0.09040661186061937,0.24939254638732053,0.05555555555555555,-1.4678408902458697,-1.383434736738397,-11.170983282483403,-11.264205654439582,10.05477379225184,9.826817553560192
15,0.25,8,shift_level_drift,0.000785396678595664,0.3798087577377462,0.0,-1.4678408902458697,-1.2788532934638774,-11.170983282483403,-10.782114201894938,10.05477379225184,9.598528991006095
15,0.25,8,washout_1_drift,0.013681401710185264,0.37598797848148896,0.0,-1.4678408902458697,-1.2667976864479547,-11.170983282483403,-10.965897833370251,10.05477379225184,9.86553026613162
15,0.5,1,shift_level,-0.24284855741029057,1.0467081590302743,0.0,-1.5267516150178357,-0.6585825891304999,-11.170983282483407,-10.919176588469067,10.054602421806216,6.223544298372714
15,0.5,1,lag1_exog,-0.09127108767911103,0.5550018556470777,0.0,-1.5267516150178357,-0.6318869591304448,-11.170983282483407,-11.75628929054002,10.054602421806216,8.581768469950614
15,0.5,1,shift_level_drift,-0.249710825727232,1.0386453601720527,0.0,-1.5267516150178357,-0.8274044599587336,-11.170983282483407,-10.906600524963615,10.054602421806216,6.223352253257075
15,0.5,2,shift_level,-0.22716748022801547,0.7451102320803167,0.0,-1.5267516150178357,-1.1570541959385547,-11.170983282483407,-10.90857092317605,10.054602421806216,7.327162290100002
15,0.5,2,washout_1,-0.18187392448593348,0.4215204989665649,0.0,-1.5267516150178357,-1.4468310923787282,-11.170983282483407,-10.940298032118267,10.054602421806216,8.644483008005468
15,0.5,2,lag1_exog,-0.13066369449495707,0.40508764519057205,0.0,-1.5267516150178357,-1.3537197847599618,-11.170983282483407,-10.822163352725466,10.054602421806216,8.879429678063016
15,0.5,2,block_mean,-0.18187392448593348,0.4215204989665649,0.0,-1.5267516150178357,-1.4468310923787282,-11.170983282483407,-10.940298032118267,10.054602421806216,8.644483008005468
15,0.5,2,shift_level_drift,-0.22519094472381518,0.7339511506815088,0.0,-1.5267516150178357,-1.232760633167608,-11.170983282483407,-10.998434079326563,10.054602421806216,7.331437737897984
15,0.5,2,washout_1_drift,-0.18668295673042293,0.41593257305991377,0.0,-1.5267516150178357,-1.6172110089784861,-11.170983282483407,-11.055633456484363,10.054602421806216,8.64159408189409
15,0.5,4,shift_level,-0.1414230846110868,0.7066619990820738,0.0,-1.5267516150178357,-1.3960482476083333,-11.170983282483407,-12.581124730863351,10.054602421806216,8.458960237554175
15,0.5,4,washout_1,-0.041954696324195614,0.6830343690770673,0.0,-1.5267516150178357,-1.4565137475381975,-11.170983282483407,-12.636375143216942,10.054602421806216,9.377813213304234
15,0.5,4,lag1_exog,-0.037361357940561675,0.6119206782426906,0.0,-1.5267516150178357,-1.484843324059857,-11.170983282483407,-12.584936031586672,10.054602421806216,9.417028765390993
15,0.5,4,block_mean,-0.022109500782389692,0.5381875062048257,0.0,-1.5267516150178357,-1.4571997704612443,-11.170983282483407,-12.198178067540912,10.054602421806216,9.36755204380191
15,0.5,4,shift_level_drift,-0.14394966638035028,0.6884505838566469,0.0,-1.5267516150178357,-1.2812832634715026,-11.170983282483407,-12.495053461428078,10.054602421806216,8.461708581936504
15,0.5,4,washout_1_drift,-0.04077127911971631,0.6582912426611343,0.0,-1.5267516150178357,-1.3070352889069428,-11.170983282483407,-12.53101647546958,10.054602421806216,9.3813743128137
15,0.5,8,shift_level,-0.10608597132378025,0.4161460497962148,0.0,-1.5267516150178357,-1.4473518623539163,-11.170983282483407,-10.926353398037087,10.054602421806216,9.140756986878689
15,0.5,8,washout_1,-0.07853777613874945,0.38914248592428885,0.0,-1.5267516150178357,-1.4429757189576975,-11.170983282483407,-11.168621695957766,10.054602421806216,9.607750520601895
15,0.5,8,lag1_exog,-0.07592791921050379,0.37923206771897133,0.0,-1.5267516150178357,-1.4354671838072575,-11.170983282483407,-10.941114830099353,10.054602421806216,9.59965117576316
15,0.5,8,block_mean,-0.10174387746977474,0.2693319049015637,0.0,-1.5267516150178357,-1.4137741375303425,-11.170983282483407,-11.253011211701372,10.054602421806216,9.580686415821827
15,0.5,8,shift_level_drift,-0.0362313693854193,0.43012117959821383,0.0,-1.5267516150178357,-1.2387959906001642,-11.170983282483407,-10.784658932746748,10.054602421806216,9.13655425017849
15,0.5,8,washout_1_drift,-0.006870985712574341,0.38839537073339475,0.0,-1.5267516150178357,-1.2426150072879052,-11.170983282483407,-10.977510466627406,10.054602421806216,9.610189063567937
15,0.75,1,shift_level,-0.4002485792464029,1.5145823718675313,0.0,-1.556820603731638,-0.5957467960579889,-11.170983282483405,-10.921379962467512,10.054566660995246,4.344871215893251
15,0.75,1,lag1_exog,-0.2562180376545804,0.9200935259473504,0.0,-1.556820603731638,-0.6346499689994618,-11.170983282483405,-11.74705209126778,10.054566660995246,6.836049457387512
15,0.75,1,shift_level_drift,-0.40999719241065585,1.5090914448233983,0.0,-1.556820603731638,-0.7459635194920606,-11.170983282483405,-10.925641970687137,10.054566660995246,4.345022911925394
15,0.75,2,shift_level,-0.4010571952538113,1.206788927410011,0.0,-1.556820603731638,-1.0752151148246651,-11.170983282483405,-10.898873812477344,10.054566660995246,5.454032880666304
15,0.75,2,washout_1,-0.3563363037137672,0.8399568411879063,0.0,-1.556820603731638,-1.4035595058028283,-11.170983282483405,-10.916464857039424,10.054566660995246,6.891679536762211
15,0.75,2,lag1_exog,-0.29366426066267054,0.7688735127698363,0.0,-1.556820603731638,-1.310554708619126,-11.170983282483405,-10.811586429275952,10.054566660995246,7.266019894273636
15,0.75,2,block_mean,-0.3563363037137672,0.8399568411879063,0.0,-1.556820603731638,-1.4035595058028283,-11.170983282483405,-10.916464857039424,10.054566660995246,6.891679536762211
15,0.75,2,shift_level_drift,-0.402156467068751,1.198564128749679,0.0,-1.556820603731638,-1.1768371323854452,-11.170983282483405,-10.979247867892083,10.054566660995246,5.463047979390133
15,0.75,2,washout_1_drift,-0.3672352388736935,0.836572612581977,0.0,-1.556820603731638,-1.6018090581980124,-11.170983282483405,-11.027758955267707,10.054566660995246,6.893360105813494
15,0.75,4,shift_level,-0.29337660251056935,0.969511009139887,0.0,-1.556820603731638,-1.4216408784709063,-11.170983282483405,-12.544940082245274,10.054566660995246,7.021607730319627
15,0.75,4,washout_1,-0.1777228708954353,0.8236452015155941,0.0,-1.556820603731638,-1.4875571495365871,-11.170983282483405,-12.57569971466047,10.054566660995246,8.122082415307348
15,0.75,4,lag1_exog,-0.16193732610114747,0.7430061328894002,0.0,-1.556820603731638,-1.5256237056306703,-11.170983282483405,-12.529145040026219,10.054566660995246,8.269804203798408
15,0.75,4,block_mean,-0.15854298326067345,0.7117087330150281,0.0,-1.556820603731638,-1.4882251312281147,-11.170983282483405,-12.14131719142426,10.054566660995246,8.108025769470112
15,0.75,4,shift_level_drift,-0.29046661452412686,0.9587667369475951,0.0,-1.556820603731638,-1.257266727819291,-11.170983282483405,-12.469667462440304,10.054566660995246,7.02190258679567
15,0.75,4,washout_1_drift,-0.17213361062545,0.8066159016667059,0.0,-1.556820603731638,-1.2863564063849098,-11.170983282483405,-12.483712793008872,10.054566660995246,8.119384151859547
15,0.75,8,shift_level,-0.17176396774865074,0.5559075415569124,0.0,-1.556820603731638,-1.4307898569901454,-11.170983282483405,-10.911787768857218,10.054566660995246,8.352302722421086
15,0.75,8,washout_1,-0.13079593197736797,0.4654383167201374,0.0,-1.556820603731638,-1.4427009687990793,-11.170983282483405,-11.150377582373913,10.054566660995246,8.981337387600338
15,0.75,8,lag1_exog,-0.1229720149349747,0.4502714958764559,0.0,-1.556820603731638,-1.4372208497700518,-11.170983282483405,-10.92681815540539,10.054566660995246,9.018164508887569
15,0.75,8,block_mean,-0.15288793211509782,0.37069110079967343,0.0,-1.556820603731638,-1.414620143578607,-11.170983282483405,-11.236283987285699,10.054566660995246,8.959379154390609
15,0.75,8,shift_level_drift,-0.11091540096251248,0.5675564570670069,0.0,-1.556820603731638,-1.211041559837165,-11.170983282483405,-10.785367990424993,10.054566660995246,8.340925947352298
15,0.75,8,washout_1_drift,-0.06818512548633815,0.46393726113235534,0.0,-1.556820603731638,-1.2270307824306819,-11.170983282483405,-10.98339059075908,10.054566660995246,8.974705487240243
15,1.0,1,shift_level,-0.5539000473629253,1.97610934354632,0.0,-1.5712716072381658,-0.5741755917871336,-11.170983282483403,-10.924685387840714,10.054855538433943,2.516772845157051
15,1.0,1,lag1_exog,-0.4929785095123223,1.4835819261304315,0.0,-1.5712716072381658,-0.6808386116234009,-11.170983282483403,-11.748432724187058,10.054855538433943,4.440879610994558
15,1.0,1,shift_level_drift,-0.5669454545017875,1.9714796537539405,0.0,-1.5712716072381658,-0.70835190809748,-11.170983282483403,-10.946680071947622,10.054855538433943,2.5181921296505605
15,1.0,2,shift_level,-0.6009845021295891,1.7417280618925641,0.0,-1.5712716072381658,-1.0185211187699972,-11.170983282483403,-10.890712775810432,10.054855538433943,3.3472284041068145
15,1.0,2,washout_1,-0.5974385110955163,1.4308008853939318,0.0,-1.5712716072381658,-1.3809241071672216,-11.170983282483403,-10.895520280214814,10.054855538433943,4.535528073055652
15,1.0,2,lag1_exog,-0.5355319495613141,1.3524171610534788,0.0,-1.5712716072381658,-1.2859773622347288,-11.170983282483403,-10.80090365829712,10.054855538433943,4.911201957554773
15,1.0,2,block_mean,-0.5974385110955163,1.4308008853939318,0.0,-1.5712716072381658,-1.3809241071672216,-11.170983282483403,-10.895520280214814,10.054855538433943,4.535528073055652
15,1.0,2,shift_level_drift,-0.6061591791532246,1.7350204042726476,0.0,-1.5712716072381658,-1.1359534764956847,-11.170983282483403,-10.96472351137717,10.054855538433943,3.3601526481628348
15,1.0,2,washout_1_drift,-0.6140600939069343,1.4282858947651134,0.0,-1.5712716072381658,-1.5910683926590725,-11.170983282483403,-11.003592844312436,10.054855538433943,4.543540246790946
15,1.0,4,shift_level,-0.5131867347683519,1.443687522469099,0.0,-1.5712716072381658,-1.44320644904138,-11.170983282483403,-12.500676881596759,10.054855538433943,4.91344667340653
15,1.0,4,washout_1,-0.41174086645625135,1.2483829258655885,0.0,-1.5712716072381658,-1.510148226044678,-11.170983282483403,-12.51398116524899,10.054855538433943,5.9244495475641745
15,1.0,4,lag1_exog,-0.38793075253497594,1.1570940450984415,0.0,-1.5712716072381658,-1.5531075731761566,-11.170983282483403,-12.47162934398149,10.054855538433943,6.164012759847285
15,1.0,4,block_mean,-0.3929488686657998,1.1805302725064482,0.0,-1.5712716072381658,-1.5104259469898402,-11.170983282483403,-12.08202177343866,10.054855538433943,5.909255888606244
15,1.0,4,shift_level_drift,-0.508661470854524,1.438152493768827,0.0,-1.5712716072381658,-1.2423250832363086,-11.170983282483403,-12.439901154486094,10.054855538433943,4.912178321533335
15,1.0,4,washout_1_drift,-0.405097887618789,1.2398523427665396,0.0,-1.5712716072381658,-1.2718004290180005,-11.170983282483403,-12.440055886307453,10.054855538433943,5.917666823738199
15,1.0,8,shift_level,-0.3187279628913429,0.9026011835428742,0.0,-1.5712716072381658,-1.4102804633581822,-11.170983282483403,-10.897031803955617,10.054855538433943,6.793437265784255
15,1.0,8,washout_1,-0.27556666767403104,0.7603995211966138,0.0,-1.5712716072381658,-1.4369444442467452,-11.170983282483403,-11.13017139069268,10.054855538433943,7.478567471928704
15,1.0,8,lag1_exog,-0.26074401535027214,0.7310677554239959,0.0,-1.5712716072381658,-1.43197852004616,-11.170983282483403,-10.911307734300255,10.054855538433943,7.584589802733633
15,1.0,8,block_mean,-0.29562720695305905,0.7063980791162193,0.0,-1.5712716072381658,-1.4101367490002743,-11.170983282483403,-11.216766462225024,10.054855538433943,7.464761482336831
15,1.0,8,shift_level_drift,-0.2659444845773932,0.9114569568363033,0.0,-1.5712716072381658,-1.1913813206197608,-11.170983282483403,-10.78669422165213,10.054855538433943,6.775599866721034
15,1.0,8,washout_1_drift,-0.22101044491591987,0.7611637951068441,0.0,-1.5712716072381658,-1.2180103460322125,-11.170983282483403,-10.985723716569614,10.054855538433943,7.460858400242792
16,0.0,1,shift_level,0.10718286370314391,0.2547514686922723,0.0,-1.4618875082421017,-1.4013856764248815,-11.702670423492915,-10.84285681709586,10.035138906428328,10.123509721284297
16,0.0,1,lag1_exog,0.1699453847000332,0.4067981063525576,0.0,-1.4618875082421017,-1.4655141870934643,-11.702670423492915,-10.325494904949174,10.035138906428328,10.104968726940383
16,0.0,1,shift_level_drift,0.08562226225370262,0.2416350512329122,0.0,-1.4618875082421017,-1.5706355494891646,-11.702670423492915,-10.959693413709147,10.035138906428328,10.123447290080275
16,0.0,2,shift_level,0.0803203732353752,0.31827938772074865,0.0,-1.4618875082421017,-1.5674761835004187,-11.702670423492915,-10.55882412158151,10.035138906428328,9.847846024671254
16,0.0,2,washout_1,0.05594200095773137,0.4386221951775605,0.0,-1.4618875082421017,-1.6340057824891212,-11.702670423492915,-11.001240266741114,10.035138906428328,9.927472925387022
16,0.0,2,lag1_exog,0.04537301391581124,0.2938337914853218,0.0,-1.4618875082421017,-1.5827203336272553,-11.702670423492915,-10.860495792752703,10.035138906428328,9.900677991898093
16,0.0,2,block_mean,0.05594200095773137,0.4386221951775605,0.0,-1.4618875082421017,-1.6340057824891212,-11.702670423492915,-11.001240266741114,10.035138906428328,9.927472925387022
16,0.0,2,shift_level_drift,0.09353248162735381,0.3345949662671843,0.0,-1.4618875082421017,-1.4192243514614495,-11.702670423492915,-10.450901620416483,10.035138906428328,9.84421673902489
16,0.0,2,washout_1_drift,0.030060652729963756,0.45210829302471633,0.0,-1.4618875082421017,-1.4871149766129161,-11.702670423492915,-11.092198085287844,10.035138906428328,9.933065006815365
16,0.0,4,shift_level,-0.18627964091644225,0.45541649101010906,0.0,-1.4618875082421017,-1.5115732161801523,-11.702670423492915,-12.841828923366979,10.035138906428328,10.089587781294375
16,0.0,4,washout_1,-0.176335700149648,0.3530417146256297,0.05263157894736842,-1.4618875082421017,-1.5648761722868776,-11.702670423492915,-12.661295219589412,10.035138906428328,9.978220123324014
16,0.0,4,lag1_exog,-0.18482700670324342,0.3972091612585118,0.05263157894736842,-1.4618875082421017,-1.5128424064588923,-11.702670423492915,-12.7430711901069,10.035138906428328,9.990053135200194
16,0.0,4,block_mean,-0.1523735944762017,0.350020476436428,0.05263157894736842,-1.4618875082421017,-1.5378750795459113,-11.702670423492915,-12.529598973014872,10.035138906428328,10.004237057422852
16,0.0,4,shift_level_drift,-0.10020860052970894,0.38806510651771475,0.0,-1.4618875082421017,-1.4753907486155546,-11.702670423492915,-12.439737907672129,10.035138906428328,10.102262657115817
16,0.0,4,washout_1_drift,-0.06507485589415031,0.21904228895483593,0.0,-1.4618875082421017,-1.5053077679398004,-11.702670423492915,-12.14230430606389,10.035138906428328,10.009425125950376
16,0.0,8,shift_level,-0.06414224289681222,0.21807146456382207,0.0,-1.4618875082421017,-2.0493537449913424,-11.702670423492915,-11.910132220050878,10.035138906428328,9.946540051302042
16,0.0,8,washout_1,-0.07650003273203795,0.24262589470542836,0.0,-1.4618875082421017,-2.20960489242447,-11.702670423492915,-12.047082714827612,10.035138906428328,9.913670689893634
16,0.0,8,lag1_exog,-0.07657585612411467,0.24150170589298295,0.0,-1.4618875082421017,-2.218328269227614,-11.702670423492915,-12.000285991076334,10.035138906428328,9.89003857040305
16,0.0,8,block_mean,-0.0296124087137968,0.1678776596485399,0.0,-1.4618875082421017,-2.0986066623843955,-11.702670423492915,-11.79921969726516,10.035138906428328,9.884841444681424
16,0.0,8,shift_level_drift,-0.05965679913988947,0.16900454413285643,0.0,-1.4618875082421017,-1.6504770597691891,-11.702670423492915,-12.008253581449951,10.035138906428328,9.955526411215788
16,0.0,8,washout_1_drift,-0.050572600635937555,0.18504527341879182,0.0,-1.4618875082421017,-1.698140667289282,-11.702670423492915,-12.086868464162267,10.035138906428328,9.916035230527058
16,0.25,1,shift_level,-0.04452717769776125,0.541313466824612,0.0,-1.597784542787438,-1.224809707200031,-11.70267042349292,-10.858259035710631,10.034948447685249,8.220229148158833
16,0.25,1,lag1_exog,0.14901193206823748,0.41066338710296746,0.0,-1.597784542787438,-1.427368114396082,-11.70267042349292,-10.324895081851594,10.034948447685249,9.729965715673442
16,0.25,1,shift_level_drift,-0.06275131060607661,0.5304540860630355,0.0,-1.597784542787438,-1.3727495780325825,-11.70267042349292,-10.942150284998014,10.034948447685249,8.218324262541792
16,0.25,2,shift_level,-0.011052031741949284,0.4558134287739618,0.0,-1.597784542787438,-1.436845394289469,-11.70267042349292,-10.593033206252692,10.034948447685249,8.722989825803312
16,0.25,2,washout_1,0.036218405093667236,0.4578611928017356,0.0,-1.597784542787438,-1.5736153487457367,-11.70267042349292,-11.022535356022814,10.034948447685249,9.564465096858843
16,0.25,2,lag1_exog,0.03165862210172999,0.3106853366997741,0.0,-1.597784542787438,-1.531537877905253,-11.70267042349292,-10.876194484904193,10.034948447685249,9.638921853124975
16,0.25,2,block_mean,0.036218405093667236,0.4578611928017356,0.0,-1.597784542787438,-1.5736153487457367,-11.70267042349292,-11.022535356022814,10.034948447685249,9.564465096858843
16,0.25,2,shift_level_drift,-0.002068240334294252,0.46836717012164286,0.0,-1.597784542787438,-1.32770926459363,-11.70267042349292,-10.502487487531639,10.034948447685249,8.718167571176025
16,0.25,2,washout_1_drift,0.011629921705743663,0.4709229190914638,0.0,-1.597784542787438,-1.4828702962232916,-11.70267042349292,-11.116081707755107,10.034948447685249,9.574057359671734
16,0.25,4,shift_level,-0.23506123990085973,0.4678809062469842,0.05555555555555555,-1.597784542787438,-1.4930396134381294,-11.70267042349292,-12.8185634337026,10.034948447685249,9.497016025300463
16,0.25,4,washout_1,-0.18048172388175576,0.3513970630060639,0.05555555555555555,-1.597784542787438,-1.609857276707218,-11.70267042349292,-12.613059013577127,10.034948447685249,9.871485127838003
16,0.25,4,lag1_exog,-0.1892505713231218,0.39149342083861133,0.05555555555555555,-1.597784542787438,-1.56769320400856,-11.70267042349292,-12.687752488894077,10.034948447685249,9.894071009757498
16,0.25,4,block_mean,-0.15832002204070644,0.3498680198148285,0.05555555555555555,-1.597784542787438,-1.582275664868462,-11.70267042349292,-12.486872455341777,10.034948447685249,9.892968531238441
16,0.25,4,shift_level_drift,-0.1407868930836873,0.38992635593619557,0.0,-1.597784542787438,-1.4427594235555905,-11.70267042349292,-12.347051906525357,10.034948447685249,9.484586988409983
16,0.25,4,washout_1_drift,-0.059657836656479286,0.20698175792027348,0.0,-1.597784542787438,-1.4987227566138823,-11.70267042349292,-12.048155655921938,10.034948447685249,9.883867919197757
16,0.25,8,shift_level,-0.10639894864825053,0.19556152077975583,0.0,-1.597784542787438,-2.0266208015698193,-11.70267042349292,-11.932108277627137,10.034948447685249,9.691611983290066
16,0.25,8,washout_1,-0.09821323380508014,0.21449832981300287,0.0,-1.597784542787438,-2.2091774142296066,-11.70267042349292,-12.066473650790227,10.034948447685249,9.873131247344645
16,0.25,8,lag1_exog,-0.09848401404280673,0.21111530671755782,0.0,-1.597784542787438,-2.208133860732823,-11.70267042349292,-12.020414284220587,10.034948447685249,9.851358252256027
16,0.25,8,block_mean,-0.05194459106078459,0.14637328905287159,0.0,-1.597784542787438,-2.1013974405558313,-11.70267042349292,-11.817176642051422,10.034948447685249,9.846010897642376
16,0.25,8,shift_level_drift,-0.08094784012543402,0.1681862363436994,0.0,-1.597784542787438,-1.6040332660989771,-11.70267042349292,-11.973025380813013,10.034948447685249,9.696554861993297
16,0.25,8,washout_1_drift,-0.047610673839534844,0.1644702645220416,0.0,-1.597784542787438,-1.6463282059019186,-11.70267042349292,-12.041372406809062,10.034948447685249,9.871245087496844
16,0.5,1,shift_level,-0.20841363894169135,1.0008843278736712,0.0,-1.6634398092591534,-1.0966667891594586,-11.702670423492918,-10.8625450945414,10.034871748230586,6.299730608105691
16,0.5,1,lag1_exog,0.042146868453589406,0.5369754949343747,0.0,-1.6634398092591534,-1.4066068616777676,-11.702670423492918,-10.320225688868339,10.034871748230586,8.621121520834308
16,0.5,1,shift_level_drift,-0.22302307478414551,0.9951652855268719,0.0,-1.6634398092591534,-1.2219067057045838,-11.702670423492918,-10.915744026680489,10.034871748230586,6.297536996409908
16,0.5,2,shift_level,-0.14187474250844648,0.7661743470887664,0.0,-1.6634398092591534,-1.3499827043414578,-11.702670423492918,-10.618454296854924,10.034871748230586,7.2563888987238325
16,0.5,2,washout_1,-0.05853964050473292,0.5815381774313122,0.0,-1.6634398092591534,-1.5486989192785274,-11.702670423492918,-11.04383495732992,10.034871748230586,8.532435226995148
16,0.5,2,lag1_exog,-0.0473924138694668,0.4269674955676194,0.0,-1.6634398092591534,-1.5134871998286439,-11.702670423492918,-10.883177258196152,10.034871748230586,8.788420314937607
16,0.5,2,block_mean,-0.05853964050473292,0.5815381774313122,0.0,-1.6634398092591534,-1.5486989192785274,-11.702670423492918,-11.04383495732992,10.034871748230586,8.532435226995148
16,0.5,2,shift_level_drift,-0.13657877910774335,0.7727575167335394,0.0,-1.6634398092591534,-1.2701930583291965,-11.702670423492918,-10.54776330315161,10.034871748230586,7.252593977600324
16,0.5,2,washout_1_drift,-0.08499267957800516,0.5877918457164787,0.0,-1.6634398092591534,-1.5028104426800364,-11.702670423492918,-11.14063795005076,10.034871748230586,8.544203308816108
16,0.5,4,shift_level,-0.31541898588312156,0.5639783502138018,0.0,-1.6634398092591534,-1.5153293695885242,-11.702670423492918,-12.78947248697545,10.034871748230586,8.608126217487893
16,0.5,4,washout_1,-0.2279705370874228,0.3750184211212314,0.0,-1.6634398092591534,-1.6781737614184644,-11.702670423492918,-12.561745679968217,10.034871748230586,9.367553338164173
16,0.5,4,lag1_exog,-0.23031686074817953,0.4049406827504699,0.0,-1.6634398092591534,-1.6414755483274268,-11.702670423492918,-12.634149835127717,10.034871748230586,9.4447489441684
16,0.5,4,block_mean,-0.20791724850200768,0.3719786407045426,0.0,-1.6634398092591534,-1.6510751344387558,-11.702670423492918,-12.438578638779344,10.034871748230586,9.379611594067804
16,0.5,4,shift_level_drift,-0.2200048404207442,0.5066949305725386,0.0,-1.6634398092591534,-1.43315031224153,-11.702670423492918,-12.311023983721144,10.034871748230586,8.56815522618373
16,0.5,4,washout_1_drift,-0.10884546624344607,0.25817807024828626,0.0,-1.6634398092591534,-1.5117872447734606,-11.702670423492918,-12.01989700626419,10.034871748230586,9.354102554145003
16,0.5,8,shift_level,-0.16039233823459348,0.24849128036206053,0.0,-1.6634398092591534,-2.0238983622352356,-11.702670423492918,-11.962462601827376,10.034871748230586,9.296521546484373
16,0.5,8,washout_1,-0.13523214539155182,0.22669304075131347,0.0,-1.6634398092591534,-2.218388359307686,-11.702670423492918,-12.094686669353294,10.034871748230586,9.6689336903705
16,0.5,8,lag1_exog,-0.13429736891901892,0.22280538694564264,0.0,-1.6634398092591534,-2.212433873945125,-11.702670423492918,-12.048595443615094,10.034871748230586,9.66215821957412
16,0.5,8,block_mean,-0.08889943093962664,0.1734616304811447,0.0,-1.6634398092591534,-2.114365302146705,-11.702670423492918,-11.84110945261952,10.034871748230586,9.647169394751739
16,0.5,8,shift_level_drift,-0.12016216532260207,0.23299028892803078,0.0,-1.6634398092591534,-1.5658238226930943,-11.702670423492918,-11.967162101836058,10.034871748230586,9.29727078119312
16,0.5,8,washout_1_drift,-0.06648326425312016,0.17875518943052177,0.0,-1.6634398092591534,-1.601714901917341,-11.702670423492918,-12.025410530682574,10.034871748230586,9.662219006153316
16,0.75,1,shift_level,-0.3737412890396476,1.480343327620946,0.0,-1.6946698416049362,-0.9899061974704811,-11.702670423492917,-10.851148017871207,10.034923397099213,4.395561695047494
16,0.75,1,lag1_exog,-0.14062316752566964,0.9068668402285358,0.0,-1.6946698416049362,-1.3838417910477756,-11.702670423492917,-10.306575390913878,10.034923397099213,6.824827362441319
16,0.75,1,shift_level_drift,-0.386489288634963,1.4766111505789221,0.0,-1.6946698416049362,-1.0923019902477116,-11.702670423492917,-10.886828621225312,10.034923397099213,4.393733841780181
16,0.75,2,shift_level,-0.3080913529251673,1.1944168437423757,0.0,-1.6946698416049362,-1.3149916994245299,-11.702670423492917,-10.628800262511003,10.034923397099213,5.457701579257325
16,0.75,2,washout_1,-0.22202982654761,0.91437104594517,0.0,-1.6946698416049362,-1.55102918021587,-11.702670423492917,-11.054868419203425,10.034923397099213,6.833983832672955
16,0.75,2,lag1_exog,-0.20041510681489985,0.7550617449768772,0.0,-1.6946698416049362,-1.5272431622387814,-11.702670423492917,-10.880228930918612,10.034923397099213,7.235618691570235
16,0.75,2,block_mean,-0.22202982654761,0.91437104594517,0.0,-1.6946698416049362,-1.55102918021587,-11.702670423492917,-11.054868419203425,10.034923397099213,6.833983832672955
16,0.75,2,shift_level_drift,-0.3063815224815115,1.197478122210576,0.0,-1.6946698416049362,-1.25011564412115,-11.702670423492917,-10.580712727518579,10.034923397099213,5.457083884965183
16,0.75,2,washout_1_drift,-0.2512207317094414,0.9156776638277517,0.0,-1.6946698416049362,-1.5190771995875891,-11.702670423492917,-11.159361512381825,10.034923397099213,6.844315072579983
16,0.75,4,shift_level,-0.4462792124913714,0.8154769749924586,0.0,-1.6946698416049362,-1.5550068374294805,-11.702670423492917,-12.752097017267989,10.034923397099213,7.2287357137190975
16,0.75,4,washout_1,-0.3450554463945191,0.5525262393616764,0.0,-1.6946698416049362,-1.7484399729745759,-11.702670423492917,-12.506840866453397,10.034923397099213,8.21067804734484
16,0.75,4,lag1_exog,-0.33515477398406934,0.5446000682448214,0.0,-1.6946698416049362,-1.7100360618843344,-11.702670423492917,-12.579925659212357,10.034923397099213,8.378506092462102
16,0.75,4,block_mean,-0.32808607627356023,0.5520679402175,0.0,-1.6946698416049362,-1.723523294598488,-11.702670423492917,-12.386231417774782,10.034923397099213,8.208514337813439
16,0.75,4,shift_level_drift,-0.35395001093825434,0.7886954275838968,0.0,-1.6946698416049362,-1.4424648489837921,-11.702670423492917,-12.311121551542097,10.034923397099213,7.173002635335525
16,0.75,4,washout_1_drift,-0.23409245589386465,0.4956554663999952,0.0,-1.6946698416049362,-1.5351880372669124,-11.702670423492917,-12.032794674817469,10.034923397099213,8.178084019424118
16,0.75,8,shift_level,-0.24048210709694548,0.3896695404251716,0.0,-1.6946698416049362,-2.027698812286645,-11.702670423492917,-11.987953698071832,10.034923397099213,8.61744913646177
16,0.75,8,washout_1,-0.2044776365847246,0.3066880197739489,0.0,-1.6946698416049362,-2.2260555843383485,-11.702670423492917,-12.12028502996939,10.034923397099213,9.139907580595995
16,0.75,8,lag1_exog,-0.1991593702470013,0.29771194131546613,0.0,-1.6946698416049362,-2.215664166585786,-11.702670423492917,-12.074484646900956,10.034923397099213,9.167113003776004
16,0.75,8,block_mean,-0.1578543689324172,0.27375731528590264,0.0,-1.6946698416049362,-2.1250606057960595,-11.702670423492917,-11.860404616921421,10.034923397099213,9.125252939827643
16,0.75,8,shift_level_drift,-0.19100204073437327,0.38161691809747506,0.0,-1.6946698416049362,-1.536868974255823,-11.702670423492917,-11.97385891296625,10.034923397099213,8.614720888095919
16,0.75,8,washout_1_drift,-0.12455178753907162,0.2701714401952479,0.0,-1.6946698416049362,-1.5636300398978866,-11.702670423492917,-12.027362546481484,10.034923397099213,9.129494737805526
16,1.0,1,shift_level,-0.5350369940544039,1.9526742733631095,0.0,-1.7102623644661001,-0.9126669214480403,-11.702670423492915,-10.828855622604504,10.03499622724718,2.551961556028547
16,1.0,1,lag1_exog,-0.38659560667078485,1.4797561595005126,0.0,-1.7102623644661001,-1.3573136096176088,-11.702670423492915,-10.285726668553474,10.03499622724718,4.429317730534818
16,1.0,1,shift_level_drift,-0.5476392172733334,1.9496969497291115,0.0,-1.7102623644661001,-0.993802867482136,-11.702670423492915,-10.860663858777395,10.03499622724718,2.5508192680662
16,1.0,2,shift_level,-0.5050281449193997,1.7168314011470684,0.0,-1.7102623644661001,-1.307525067723669,-11.702670423492915,-10.633674211380754,10.03499622724718,3.3703627920685024
16,1.0,2,washout_1,-0.4518854979298948,1.4584798534702113,0.0,-1.7102623644661001,-1.5591859347673753,-11.702670423492915,-11.064431939689008,10.03499622724718,4.508700640677672
16,1.0,2,lag1_exog,-0.4361550639765209,1.3195742643423105,0.0,-1.7102623644661001,-1.5484662688882214,-11.702670423492915,-10.876931843778001,10.03499622724718,4.908065056237609
16,1.0,2,block_mean,-0.4518854979298948,1.4584798534702113,0.0,-1.7102623644661001,-1.5591859347673753,-11.702670423492915,-11.064431939689008,10.03499622724718,4.508700640677672
16,1.0,2,shift_level_drift,-0.5062495621470691,1.7183689443382506,0.0,-1.7102623644661001,-1.246616811600369,-11.702670423492915,-10.607653468082324,10.03499622724718,3.3717559348931223
16,1.0,2,washout_1_drift,-0.4832031916893317,1.4590806740679312,0.0,-1.7102623644661001,-1.5226130749908469,-11.702670423492915,-11.176398140294534,10.03499622724718,4.512784908301331
16,1.0,4,shift_level,-0.6499751730660267,1.2908445490125047,0.0,-1.7102623644661001,-1.5806077267811913,-11.702670423492915,-12.704969857518872,10.03499622724718,5.104093075968333
16,1.0,4,washout_1,-0.559894614456964,1.028373891258186,0.0,-1.7102623644661001,-1.7983769471363724,-11.702670423492915,-12.44245409937506,10.03499622724718,6.059351271272136
16,1.0,4,lag1_exog,-0.539898860307121,0.9834859483045446,0.0,-1.7102623644661001,-1.7565565255327065,-11.702670423492915,-12.517717019543337,10.03499622724718,6.293764904894729
16,1.0,4,block_mean,-0.5457504048427518,1.0342234039695077,0.0,-1.7102623644661001,-1.7754154170727234,-11.702670423492915,-12.323590959816691,10.03499622724718,6.042480185145579
16,1.0,4,shift_level_drift,-0.5619576364241172,1.282747336958416,0.0,-1.7102623644661001,-1.4522016743077661,-11.702670423492915,-12.315679577741829,10.03499622724718,5.051642901653361
16,1.0,4,washout_1_drift,-0.4590157543745987,1.0094300383738204,0.0,-1.7102623644661001,-1.560131584466934,-11.702670423492915,-12.046570445808682,10.03499622724718,6.020506342343522
16,1.0,8,shift_level,-0.38555231307882815,0.7103323025512105,0.0,-1.7102623644661001,-2.02593758096205,-11.702670423492915,-12.002219438429766,10.03499622724718,7.237943683925187
16,1.0,8,washout_1,-0.3482485770409309,0.5838499823088515,0.0,-1.7102623644661001,-2.2254307680254657,-11.702670423492915,-12.134187615989537,10.03499622724718,7.830100736651526
16,1.0,8,lag1_exog,-0.3356672385825933,0.5614872299579725,0.0,-1.7102623644661001,-2.2113469655875466,-11.702670423492915,-12.089062375747657,10.03499622724718,7.911919942486708
16,1.0,8,block_mean,-0.3010980266454116,0.5694813948614446,0.0,-1.7102623644661001,-2.1259763408093924,-11.702670423492915,-11.868925122009891,10.03499622724718,7.82088286284327
16,1.0,8,shift_level_drift,-0.331220648111128,0.7081211371925215,0.0,-1.7102623644661001,-1.5134226366072863,-11.702670423492915,-11.978320642379055,10.03499622724718,7.233011604812106
16,1.0,8,washout_1_drift,-0.26261935695832556,0.5668944616952849,0.0,-1.7102623644661001,-1.5349729842035669,-11.702670423492915,-12.027645075391229,10.03499622724718,7.8178192392791725
17,0.0,1,shift_level,0.00699789571132102,0.2196162551944066,0.0,-1.755224713068671,-1.538956279592234,-11.510763511857263,-11.37955876080487,10.070869883994334,10.217991125845694
17,0.0,1,lag1_exog,-0.022217542181275623,0.40635073135766075,0.0,-1.755224713068671,-1.309164389257274,-11.510763511857263,-13.380361501896218,10.070869883994334,10.052979670562362
17,0.0,1,shift_level_drift,-0.0123139750571645,0.2294737905216468,0.0,-1.755224713068671,-1.5116542236786923,-11.510763511857263,-11.3840532773981,10.070869883994334,10.218574555211852
17,0.0,2,shift_level,-0.04533670554288433,0.3057786569859804,0.0,-1.755224713068671,-2.0826513917946037,-11.510763511857263,-11.945740776358246,10.070869883994334,10.01870259421944
17,0.0,2,washout_1,-0.029277834675935303,0.4144303419669503,0.0,-1.755224713068671,-1.942278073026749,-11.510763511857263,-11.950604985052752,10.070869883994334,10.08760610972718
17,0.0,2,lag1_exog,-0.06602510748433703,0.38888838297857553,0.0,-1.755224713068671,-1.9933892865620033,-11.510763511857263,-12.220998650831756,10.070869883994334,9.924225492289102
17,0.0,2,block_mean,-0.029277834675935303,0.4144303419669503,0.0,-1.755224713068671,-1.942278073026749,-11.510763511857263,-11.950604985052752,10.070869883994334,10.08760610972718
17,0.0,2,shift_level_drift,-0.028117356593879348,0.31140256136072647,0.0,-1.755224713068671,-1.6107373972907295,-11.510763511857263,-12.036578630259223,10.070869883994334,10.027321839223752
17,0.0,2,washout_1_drift,-0.002283269163004323,0.4293927470402284,0.0,-1.755224713068671,-1.5794453351472526,-11.510763511857263,-12.117147917577423,10.070869883994334,10.091993936760755
17,0.0,4,shift_level,-0.0014745081284653944,0.34304192417092594,0.0,-1.755224713068671,-2.518414922977724,-11.510763511857263,-12.230908756488201,10.070869883994334,10.048909896405426
17,0.0,4,washout_1,0.09336493555196888,0.31261974086349686,0.0,-1.755224713068671,-2.4854232270453913,-11.510763511857263,-11.220701241505928,10.070869883994334,10.137021363215883
17,0.0,4,lag1_exog,0.07022539587978535,0.31735232992122026,0.0,-1.755224713068671,-2.6785694784957634,-11.510763511857263,-11.390149930003801,10.070869883994334,10.072875877115354
17,0.0,4,block_mean,0.11210256217861085,0.3926819692198301,0.0,-1.755224713068671,-2.4988022257007794,-11.510763511857263,-10.743956427410012,10.070869883994334,10.144186301113967
17,0.0,4,shift_level_drift,0.0014637980857644523,0.271405238034406,0.0,-1.755224713068671,-1.8349922472664348,-11.510763511857263,-12.240354105666004,10.070869883994334,10.052757922185616
17,0.0,4,washout_1_drift,0.08117304187271215,0.22950709572992498,0.0,-1.755224713068671,-1.8830425062264042,-11.510763511857263,-11.24204846046037,10.070869883994334,10.146068214268661
17,0.0,8,shift_level,-0.1853077497976025,0.3651867366612287,0.0,-1.755224713068671,-1.757343493382965,-11.510763511857263,-11.642064097237927,10.070869883994334,9.891423192652953
17,0.0,8,washout_1,-0.13943407624637985,0.30302258891501155,0.0,-1.755224713068671,-1.6226152122384567,-11.510763511857263,-11.50294196194508,10.070869883994334,9.909702453146384
17,0.0,8,lag1_exog,-0.14120449483844447,0.313369965594972,0.0,-1.755224713068671,-1.6012972654328492,-11.510763511857263,-11.435873021610526,10.070869883994334,9.95494320040843
17,0.0,8,block_mean,-0.10979662192500443,0.3738417105363573,0.0,-1.755224713068671,-1.6397570612891073,-11.510763511857263,-11.369064283727674,10.070869883994334,9.896717344742349
17,0.0,8,shift_level_drift,-0.02759845744303271,0.2394047050456082,0.0,-1.755224713068671,-1.648102276390138,-11.510763511857263,-11.587640655031354,10.070869883994334,9.922047933151942
17,0.0,8,washout_1_drift,0.00851181607247987,0.2003186445878069,0.0,-1.755224713068671,-1.5528423490679437,-11.510763511857263,-11.420589298096262,10.070869883994334,9.93545789646024
17,0.25,1,shift_level,-0.15204901427804435,0.5334327568609379,0.0,-1.9580813390358527,-1.2751823856829818,-11.510763511857265,-11.390070603443966,10.070329168543697,8.270542138012736
17,0.25,1,lag1_exog,-0.05203269501657471,0.44156914344419596,0.0,-1.9580813390358527,-1.204334044869943,-11.510763511857265,-13.391999565392332,10.070329168543697,9.689749723112028
17,0.25,1,shift_level_drift,-0.16955007477834558,0.53465343334673,0.0,-1.9580813390358527,-1.2867475876865277,-11.510763511857265,-11.39059330528773,10.070329168543697,8.270680506387833
17,0.25,2,shift_level,-0.12354965943903742,0.453017998182101,0.0,-1.9580813390358527,-1.8208976469759126,-11.510763511857265,-11.947029337448202,10.070329168543697,8.77880965151309
17,0.25,2,washout_1,-0.03369590239476215,0.44093220083236623,0.0,-1.9580813390358527,-1.7634199787874059,-11.510763511857265,-11.956424293233216,10.070329168543697,9.70025830851493
17,0.25,2,lag1_exog,-0.0642045820395424,0.4123799849640442,0.0,-1.9580813390358527,-1.828342733223529,-11.510763511857265,-12.230257528817098,10.070329168543697,9.644397888526736
17,0.25,2,block_mean,-0.03369590239476215,0.44093220083236623,0.0,-1.9580813390358527,-1.7634199787874059,-11.510763511857265,-11.956424293233216,10.070329168543697,9.70025830851493
17,0.25,2,shift_level_drift,-0.11249280689519174,0.4645328090694916,0.0,-1.9580813390358527,-1.4757930459790758,-11.510763511857265,-12.00848625795106,10.070329168543697,8.791443820970475
17,0.25,2,washout_1_drift,-0.015982717780459222,0.45633114124544255,0.0,-1.9580813390358527,-1.5329311535141772,-11.510763511857265,-12.076140346292314,10.070329168543697,9.711211707916043
17,0.25,4,shift_level,-0.04859600768785277,0.34707228383190336,0.0,-1.9580813390358527,-2.459547470044815,-11.510763511857265,-12.228393216380192,10.070329168543697,9.429513477404715
17,0.25,4,washout_1,0.0897872679613171,0.29173538050740105,0.0,-1.9580813390358527,-2.479095527913743,-11.510763511857265,-11.216308298566506,10.070329168543697,9.978411971291932
17,0.25,4,lag1_exog,0.06416589333950742,0.2875732965224718,0.0,-1.9580813390358527,-2.671547951705645,-11.510763511857265,-11.386210543809913,10.070329168543697,9.931952058563734
17,0.25,4,block_mean,0.10980695294435942,0.3787567152269174,0.0,-1.9580813390358527,-2.4961564217033643,-11.510763511857265,-10.734750604134241,10.070329168543697,9.98717487031348
17,0.25,4,shift_level_drift,-0.03996901045268789,0.3118569945241063,0.0,-1.9580813390358527,-1.80157520303094,-11.510763511857265,-12.230670463032393,10.070329168543697,9.430404625986718
17,0.25,4,washout_1_drift,0.08424450298438978,0.2372368760460673,0.0,-1.9580813390358527,-1.8621210171553286,-11.510763511857265,-11.228109653454057,10.070329168543697,9.9864300909961
17,0.25,8,shift_level,-0.1408734347384105,0.31524404318785254,0.0,-1.9580813390358527,-1.636098799024856,-11.510763511857265,-11.575336820842534,10.070329168543697,9.54069709528552
17,0.25,8,washout_1,-0.0786717597955923,0.2539064891238776,0.0,-1.9580813390358527,-1.5534792994706994,-11.510763511857265,-11.45315508545368,10.070329168543697,9.836713504301443
17,0.25,8,lag1_exog,-0.07944188532809104,0.26084110586861803,0.0,-1.9580813390358527,-1.5343955080033718,-11.510763511857265,-11.386627257116823,10.070329168543697,9.866011558484168
17,0.25,8,block_mean,-0.04882292018548998,0.3413297490967419,0.0,-1.9580813390358527,-1.5594766019996924,-11.510763511857265,-11.338735769178724,10.070329168543697,9.830708755724846
17,0.25,8,shift_level_drift,-0.028942425324550818,0.25701258568383556,0.0,-1.9580813390358527,-1.505854610372248,-11.510763511857265,-11.55488690339747,10.070329168543697,9.56071306753321
17,0.25,8,washout_1_drift,0.024565763275937295,0.20512367374630833,0.0,-1.9580813390358527,-1.44438918070999,-11.510763511857265,-11.424286806886174,10.070329168543697,9.847692364963807
17,0.5,1,shift_level,-0.3167981534853847,1.0077679882176214,0.0,-2.0598031512465624,-1.0996106856396632,-11.510763511857265,-11.390876421476896,10.06985969813186,6.337961918162449
17,0.5,1,lag1_exog,-0.15472801670355935,0.5794108969834979,0.0,-2.0598031512465624,-1.1386081766639848,-11.510763511857265,-13.372495568987306,10.06985969813186,8.609066266558811
17,0.5,1,shift_level_drift,-0.33000537996615914,1.007403982184121,0.0,-2.0598031512465624,-1.1237924366431578,-11.510763511857265,-11.385707416016027,10.06985969813186,6.335784620196957
17,0.5,2,shift_level,-0.2497148657473533,0.7933771943230561,0.0,-2.0598031512465624,-1.6264060325294876,-11.510763511857265,-11.955734499675849,10.06985969813186,7.198946918231699
17,0.5,2,washout_1,-0.12520464836091377,0.5764132782325302,0.0,-2.0598031512465624,-1.6366521722135854,-11.510763511857265,-11.977762266510654,10.06985969813186,8.594360653040475
17,0.5,2,lag1_exog,-0.1402892870058028,0.5251339992421616,0.0,-2.0598031512465624,-1.715105106487297,-11.510763511857265,-12.249243035506563,10.06985969813186,8.734598916063252
17,0.5,2,block_mean,-0.12520464836091377,0.5764132782325302,0.0,-2.0598031512465624,-1.6366521722135854,-11.510763511857265,-11.977762266510654,10.06985969813186,8.594360653040475
17,0.5,2,shift_level_drift,-0.2419091303730856,0.7976102360926857,0.0,-2.0598031512465624,-1.3755430099902957,-11.510763511857265,-11.995500986657355,10.06985969813186,7.214776928695594
17,0.5,2,washout_1_drift,-0.11287227470911268,0.5831740264449404,0.0,-2.0598031512465624,-1.5023196530241754,-11.510763511857265,-12.063696658832322,10.06985969813186,8.610945080282573
17,0.5,4,shift_level,-0.1369422115085467,0.4917974448316149,0.0,-2.0598031512465624,-2.4229929963968053,-11.510763511857265,-12.219849867642647,10.06985969813186,8.50320129263262
17,0.5,4,washout_1,0.03508551938204082,0.32513197331754734,0.0,-2.0598031512465624,-2.474316321797915,-11.510763511857265,-11.200831699227667,10.06985969813186,9.405562348976783
17,0.5,4,lag1_exog,0.011493448770897046,0.30945435309477404,0.0,-2.0598031512465624,-2.6656052076420567,-11.510763511857265,-11.372935385651386,10.06985969813186,9.422028652262906
17,0.5,4,block_mean,0.05602537944121489,0.40905187536053694,0.0,-2.0598031512465624,-2.4934165902751433,-11.510763511857265,-10.71486805463634,10.06985969813186,9.412761901729795
17,0.5,4,shift_level_drift,-0.12392758515243243,0.4795059825470546,0.0,-2.0598031512465624,-1.7740929221955783,-11.510763511857265,-12.21974508952011,10.06985969813186,8.503193779143945
17,0.5,4,washout_1_drift,0.03431874454343799,0.29157341290827143,0.0,-2.0598031512465624,-1.8426528944978764,-11.510763511857265,-11.207527255323823,10.06985969813186,9.411677993573319
17,0.5,8,shift_level,-0.14644013976678624,0.3673158773356659,0.0,-2.0598031512465624,-1.5534721689311424,-11.510763511857265,-11.557402824430637,10.06985969813186,9.007581376382944
17,0.5,8,washout_1,-0.0697759606616786,0.2589711813593109,0.0,-2.0598031512465624,-1.508038908305998,-11.510763511857265,-11.453286231603826,10.06985969813186,9.556196188609041
17,0.5,8,lag1_exog,-0.0689825613217102,0.2625578863889622,0.0,-2.0598031512465624,-1.487899325572851,-11.510763511857265,-11.384899740179735,10.06985969813186,9.579660025838027
17,0.5,8,block_mean,-0.03911609273712261,0.34452910111259233,0.0,-2.0598031512465624,-1.5066899155563607,-11.510763511857265,-11.350510867244939,10.06985969813186,9.559845423145902
17,0.5,8,shift_level_drift,-0.06243742457748897,0.3432166233770871,0.0,-2.0598031512465624,-1.4126000626602273,-11.510763511857265,-11.550711488972158,10.06985969813186,9.020450850093171
17,0.5,8,washout_1_drift,0.005652233478360529,0.23639479930234186,0.0,-2.0598031512465624,-1.3750966593575409,-11.510763511857265,-11.448533768374645,10.06985969813186,9.558777529662915
17,0.75,1,shift_level,-0.4780650524372313,1.488128345046909,0.0,-2.112530357797109,-0.9766231078240468,-11.510763511857263,-11.384105118324044,10.069412713922029,4.432996065367886
17,0.75,1,lag1_exog,-0.3307183700142548,0.9348345752093019,0.0,-2.112530357797109,-1.1077880521175294,-11.510763511857263,-13.343197323128948,10.069412713922029,6.841500854152288
17,0.75,1,shift_level_drift,-0.48838144639411063,1.488070986267948,0.0,-2.112530357797109,-1.002790714944191,-11.510763511857263,-11.375652913378591,10.069412713922029,4.429182718646256
17,0.75,2,shift_level,-0.41401927124334537,1.236650961035092,0.0,-2.112530357797109,-1.4726820178550717,-11.510763511857263,-11.971270186326574,10.069412713922029,5.330042889661525
17,0.75,2,washout_1,-0.295186810328715,0.9284119455443316,0.0,-2.112530357797109,-1.5272851417156277,-11.510763511857263,-12.014939053402253,10.069412713922029,6.818712805167955
17,0.75,2,lag1_exog,-0.2963705147754559,0.8379660353227208,0.0,-2.112530357797109,-1.6175235542919482,-11.510763511857263,-12.279792955733122,10.069412713922029,7.121997341978186
17,0.75,2,block_mean,-0.295186810328715,0.9284119455443316,0.0,-2.112530357797109,-1.5272851417156277,-11.510763511857263,-12.014939053402253,10.069412713922029,6.818712805167955
17,0.75,2,shift_level_drift,-0.40926191026787173,1.2369284830266167,0.0,-2.112530357797109,-1.2899890549456188,-11.510763511857263,-11.996808320514845,10.069412713922029,5.347239087684549
17,0.75,2,washout_1_drift,-0.28699008341993315,0.9292773961224056,0.0,-2.112530357797109,-1.4590353552859407,-11.510763511857263,-12.076926155345722,10.069412713922029,6.8382197030953
17,0.75,4,shift_level,-0.27911827793558,0.8086792140423827,0.0,-2.112530357797109,-2.383201993805625,-11.510763511857263,-12.208245290383964,10.069412713922029,7.075276504263112
17,0.75,4,washout_1,-0.0919397767496164,0.5481449916610621,0.0,-2.112530357797109,-2.458411242568518,-11.510763511857263,-11.181532734030807,10.069412713922029,8.162147714928802
17,0.75,4,lag1_exog,-0.11009250211513742,0.509370561494874,0.0,-2.112530357797109,-2.6459680112533785,-11.510763511857263,-11.357753056233275,10.069412713922029,8.275806125080875
17,0.75,4,block_mean,-0.06995397077687515,0.6046908184225629,0.0,-2.112530357797109,-2.4782147518208864,-11.510763511857263,-10.692160041903803,10.069412713922029,8.166378052465703
17,0.75,4,shift_level_drift,-0.2626060308956474,0.8071511490232266,0.0,-2.112530357797109,-1.750714561413591,-11.510763511857263,-12.207179241703898,10.069412713922029,7.076088290233379
17,0.75,4,washout_1_drift,-0.08906087904454536,0.5334881237453679,0.0,-2.112530357797109,-1.8258432184284719,-11.510763511857263,-11.184873871858388,10.069412713922029,8.16591750096912
17,0.75,8,shift_level,-0.20685428499570205,0.5535632076087449,0.0,-2.112530357797109,-1.496328892747431,-11.510763511857263,-11.552524941822282,10.069412713922029,8.099257162241228
17,0.75,8,washout_1,-0.11967902710866943,0.3764041707019732,0.0,-2.112530357797109,-1.4770940954306964,-11.510763511857263,-11.46357219947308,10.069412713922029,8.845611516037001
17,0.75,8,lag1_exog,-0.11629150312710523,0.37230262798187996,0.0,-2.112530357797109,-1.4541966985966266,-11.510763511857263,-11.3929716881496,10.069412713922029,8.883709792507975
17,0.75,8,block_mean,-0.08746529526613878,0.4349898267373768,0.0,-2.112530357797109,-1.4696391273617775,-11.510763511857263,-11.368085103674819,10.069412713922029,8.865015099114183
17,0.75,8,shift_level_drift,-0.1413057662123097,0.5413303635248639,0.0,-2.112530357797109,-1.3523079760627588,-11.510763511857263,-11.551215734015061,10.069412713922029,8.104065950561921
17,0.75,8,washout_1_drift,-0.0626191133033248,0.36580780702779625,0.0,-2.112530357797109,-1.3304834231583647,-11.510763511857263,-11.469499363990295,10.069412713922029,8.840616059698938
17,1.0,1,shift_level,-0.6369094361583932,1.9605050014361094,0.0,-2.141439901497887,-0.8901345004359504,-11.510763511857265,-11.375841813731729,10.068789156579829,2.5802045780698206
17,1.0,1,lag1_exog,-0.5762802546061049,1.4986551445219944,0.0,-2.141439901497887,-1.094179674796646,-11.510763511857265,-13.318728979340042,10.068789156579829,4.448336510527352
17,1.0,1,shift_level_drift,-0.6446752442495904,1.9611116675456706,0.0,-2.141439901497887,-0.9136308062169916,-11.510763511857265,-11.363273846634218,10.068789156579829,2.577707264957737
17,1.0,2,shift_level,-0.6011052375452213,1.739886782298197,0.0,-2.141439901497887,-1.355018536911618,-11.510763511857265,-11.984073695652869,10.068789156579829,3.2788340268873624
17,1.0,2,washout_1,-0.525552681438815,1.4672674261028646,0.0,-2.141439901497887,-1.4446231635492033,-11.510763511857265,-12.060623364123153,10.068789156579829,4.488975547933393
17,1.0,2,lag1_exog,-0.5250754387113019,1.365259485145015,0.0,-2.141439901497887,-1.5413668038807793,-11.510763511857265,-12.313213066286389,10.068789156579829,4.8236297705619
17,1.0,2,block_mean,-0.525552681438815,1.4672674261028646,0.0,-2.141439901497887,-1.4446231635492033,-11.510763511857265,-12.060623364123153,10.068789156579829,4.488975547933393
17,1.0,2,shift_level_drift,-0.5989268790242566,1.738637848271973,0.0,-2.141439901497887,-1.222315345883041,-11.510763511857265,-11.999931481317251,10.068789156579829,3.2931465367696573
17,1.0,2,washout_1_drift,-0.5219412387441883,1.4660018045410579,0.0,-2.141439901497887,-1.4235906133769693,-11.510763511857265,-12.103059452763208,10.068789156579829,4.50736133060023
17,1.0,4,shift_level,-0.49609834168189065,1.338441890113045,0.0,-2.141439901497887,-2.340314019639391,-11.510763511857265,-12.198614024429403,10.068789156579829,4.899892256095113
17,1.0,4,washout_1,-0.32237165074993657,1.0768385476285574,0.0,-2.141439901497887,-2.432836959009074,-11.510763511857265,-11.169079592990865,10.068789156579829,5.915654740133713
17,1.0,4,lag1_exog,-0.336957508566997,1.0217986741409801,0.0,-2.141439901497887,-2.615515212673645,-11.510763511857265,-11.348033651924291,10.068789156579829,6.097903623184534
17,1.0,4,block_mean,-0.2991294465357065,1.1075222079227935,0.0,-2.141439901497887,-2.452046767163375,-11.510763511857265,-10.677623875427056,10.068789156579829,5.918007517396713
17,1.0,4,shift_level_drift,-0.47826764026785495,1.340681330525842,0.0,-2.141439901497887,-1.733847762312721,-11.510763511857265,-12.197527163844459,10.068789156579829,4.902484991904454
17,1.0,4,washout_1_drift,-0.31766700505012196,1.0716558460164878,0.0,-2.141439901497887,-1.8080332597079074,-11.510763511857265,-11.170926876494175,10.068789156579829,5.916473716558988
17,1.0,8,shift_level,-0.36233534819592467,0.9780404457931865,0.0,-2.141439901497887,-1.4509370921513658,-11.510763511857265,-11.559605642382628,10.068789156579829,6.353365756192432
17,1.0,8,washout_1,-0.27613978736348266,0.770961259116989,0.0,-2.141439901497887,-1.4505914934232937,-11.510763511857265,-11.480851843171802,10.068789156579829,7.163965493013179
17,1.0,8,lag1_exog,-0.26826952678243965,0.7516526332677074,0.0,-2.141439901497887,-1.4259683071687446,-11.510763511857265,-11.40793112921171,10.068789156579829,7.24454174242881
17,1.0,8,block_mean,-0.24230085152226,0.7920944423878892,0.0,-2.141439901497887,-1.4381889095380562,-11.510763511857265,-11.390757816334204,10.068789156579829,7.2071235529271975
17,1.0,8,shift_level_drift,-0.3098578773207939,0.9699786709997597,0.0,-2.141439901497887,-1.3068492154631688,-11.510763511857265,-11.560571877834512,10.068789156579829,6.34797021120525
17,1.0,8,washout_1_drift,-0.23160338801716066,0.76585065325456,0.0,-2.141439901497887,-1.2981219506528934,-11.510763511857265,-11.49181768101933,10.068789156579829,7.1503695232019595
18,0.0,1,shift_level,0.004156093410046645,0.20762264758372295,0.0,-1.9073939859540712,-2.109684266261714,-11.35558151142492,-11.783855852580762,10.08136367173931,10.01018737722944
18,0.0,1,lag1_exog,0.1016285701856344,0.5130903501952262,0.0,-1.9073939859540712,-2.3276527869042143,-11.35558151142492,-11.446035554828338,10.08136367173931,10.248089911775786
18,0.0,1,shift_level_drift,0.026780457428483125,0.20744488733306513,0.0,-1.9073939859540712,-2.0664993204067437,-11.35558151142492,-11.697923149809089,10.08136367173931,10.012155339114019
18,0.0,2,shift_level,0.12394564359759655,0.29733250173856174,0.0,-1.9073939859540712,-1.7492257806093852,-11.35558151142492,-10.456060652607633,10.08136367173931,9.993219976419025
18,0.0,2,washout_1,0.19965556974512746,0.5493857931103088,0.0,-1.9073939859540712,-1.8481241740840484,-11.35558151142492,-9.150059059688674,10.08136367173931,9.928873906655918
18,0.0,2,lag1_exog,0.1486895959260099,0.3686651570524274,0.0,-1.9073939859540712,-1.6759713643080474,-11.35558151142492,-10.414095680870975,10.08136367173931,9.975611080973607
18,0.0,2,block_mean,0.19965556974512746,0.5493857931103088,0.0,-1.9073939859540712,-1.8481241740840484,-11.35558151142492,-9.150059059688674,10.08136367173931,9.928873906655918
18,0.0,2,shift_level_drift,0.04488401660969333,0.15916693581884866,0.0,-1.9073939859540712,-1.9223099143311435,-11.35558151142492,-10.825779735519605,10.08136367173931,9.989275674358831
18,0.0,2,washout_1_drift,0.11791305338751427,0.43861046046136426,0.0,-1.9073939859540712,-2.000485729484617,-11.35558151142492,-9.537809923094336,10.08136367173931,9.936451399833
18,0.0,4,shift_level,-0.21012632414682755,0.44159012686987154,0.05263157894736842,-1.9073939859540712,-2.274062675598047,-11.35558151142492,-12.493465093404561,10.08136367173931,10.012696053220427
18,0.0,4,washout_1,-0.2630204425123144,0.5412183617385399,0.05263157894736842,-1.9073939859540712,-2.2396630576225975,-11.35558151142492,-13.189124979345944,10.08136367173931,10.011557432786518
18,0.0,4,lag1_exog,-0.256486004714419,0.514094488491997,0.05263157894736842,-1.9073939859540712,-2.2404478248572572,-11.35558151142492,-12.766335672013248,10.08136367173931,10.085212858342377
18,0.0,4,block_mean,-0.20603180188026485,0.41322338465400005,0.05263157894736842,-1.9073939859540712,-2.21353975955714,-11.35558151142492,-12.80456961066678,10.08136367173931,10.006514463318785
18,0.0,4,shift_level_drift,-0.1318544627889516,0.3701239795086213,0.0,-1.9073939859540712,-2.094078842872676,-11.35558151142492,-12.304530541567091,10.08136367173931,10.0131794402535
18,0.0,4,washout_1_drift,-0.18780218597595372,0.46556319725825146,0.0,-1.9073939859540712,-2.007230363590285,-11.35558151142492,-12.994838893957013,10.08136367173931,10.01007700071973
18,0.0,8,shift_level,0.024905620674633203,0.36367822309700687,0.05263157894736842,-1.9073939859540712,-2.3324044549250083,-11.35558151142492,-10.69184698297173,10.08136367173931,9.830867607841544
18,0.0,8,washout_1,-0.0019562523027925305,0.38277460212386755,0.05263157894736842,-1.9073939859540712,-2.474861300739738,-11.35558151142492,-10.878899151277288,10.08136367173931,9.86172058248233
18,0.0,8,lag1_exog,0.007836869616443897,0.38297909297292837,0.05263157894736842,-1.9073939859540712,-2.380531608523195,-11.35558151142492,-10.861288493696932,10.08136367173931,9.819364244665673
18,0.0,8,block_mean,-0.011858999892846089,0.4081161624018424,0.05263157894736842,-1.9073939859540712,-2.410655899345559,-11.35558151142492,-11.39233732945123,10.08136367173931,9.842598101957837
18,0.0,8,shift_level_drift,0.006590367933084532,0.27470317268911976,0.05263157894736842,-1.9073939859540712,-2.14726745947017,-11.35558151142492,-10.51539280370114,10.08136367173931,9.842928432268778
18,0.0,8,washout_1_drift,-0.008035270272614076,0.28320375388570407,0.05263157894736842,-1.9073939859540712,-2.1294413480070657,-11.35558151142492,-10.717685519737351,10.08136367173931,9.872575553675293
18,0.25,1,shift_level,-0.1401366712418192,0.5642527506938413,0.0,-2.132673335356267,-1.7896463598832073,-11.35558151142492,-11.816143764249782,10.081485413581994,8.080993245803684
18,0.25,1,lag1_exog,0.09224121995076964,0.5194247000018467,0.0,-2.132673335356267,-2.0463990223892194,-11.35558151142492,-11.465142606299402,10.081485413581994,9.837256135719844
18,0.25,1,shift_level_drift,-0.12131100668258546,0.5677747423952917,0.0,-2.132673335356267,-1.7845764322276896,-11.35558151142492,-11.72630243632634,10.081485413581994,8.08093208694179
18,0.25,2,shift_level,0.03467453040248521,0.41445992449424746,0.0,-2.132673335356267,-1.505355498620378,-11.35558151142492,-10.540070615894763,10.081485413581994,8.95925016686927
18,0.25,2,washout_1,0.1867205790725937,0.5323932589384205,0.0,-2.132673335356267,-1.6703806378544241,-11.35558151142492,-9.246576474494947,10.081485413581994,9.640759639637304
18,0.25,2,lag1_exog,0.1340569153181952,0.34393220398294944,0.0,-2.132673335356267,-1.5263196397375465,-11.35558151142492,-10.506941853091229,10.081485413581994,9.775775245182063
18,0.25,2,block_mean,0.1867205790725937,0.5323932589384205,0.0,-2.132673335356267,-1.6703806378544241,-11.35558151142492,-9.246576474494947,10.081485413581994,9.640759639637304
18,0.25,2,shift_level_drift,-0.029741949563820036,0.3403926636373981,0.0,-2.132673335356267,-1.6914145443515876,-11.35558151142492,-10.836971519489339,10.081485413581994,8.948363114569288
18,0.25,2,washout_1_drift,0.11762042411504217,0.43656869213136557,0.0,-2.132673335356267,-1.8569852812910572,-11.35558151142492,-9.568300040720024,10.081485413581994,9.648882382909301
18,0.25,4,shift_level,-0.254550210614276,0.454545313526915,0.05263157894736842,-2.132673335356267,-2.193127345237963,-11.35558151142492,-12.530948870505801,10.081485413581994,9.426937322722663
18,0.25,4,washout_1,-0.2667517957444934,0.5353872186599843,0.05263157894736842,-2.132673335356267,-2.2339391262433668,-11.35558151142492,-13.200537799474645,10.081485413581994,9.887155708170523
18,0.25,4,lag1_exog,-0.2623811520746932,0.5071626476834442,0.05263157894736842,-2.132673335356267,-2.2416879943148604,-11.35558151142492,-12.781410845105247,10.081485413581994,9.951346058952257
18,0.25,4,block_mean,-0.2121992834882366,0.4126229831956508,0.05263157894736842,-2.132673335356267,-2.2254242693942174,-11.35558151142492,-12.815134547484739,10.081485413581994,9.882427200589524
18,0.25,4,shift_level_drift,-0.17286179568061585,0.3919928756071476,0.0,-2.132673335356267,-1.9989312519319673,-11.35558151142492,-12.349966746294376,10.081485413581994,9.41438333549389
18,0.25,4,washout_1_drift,-0.18393197556276894,0.4613682411371952,0.0,-2.132673335356267,-1.962993145304175,-11.35558151142492,-13.019765857818024,10.081485413581994,9.881098669714897
18,0.25,8,shift_level,-0.002334630142699777,0.3515188738738182,0.05263157894736842,-2.132673335356267,-2.4484018524057003,-11.35558151142492,-10.775952903581427,10.081485413581994,9.555249303676737
18,0.25,8,washout_1,-0.010239264103567127,0.366660116972365,0.05263157894736842,-2.132673335356267,-2.611675507125589,-11.35558151142492,-10.972316270851472,10.081485413581994,9.801940385408058
18,0.25,8,lag1_exog,-0.0018055708649467148,0.3691562836609286,0.05263157894736842,-2.132673335356267,-2.533801459794721,-11.35558151142492,-10.950092013889508,10.081485413581994,9.77125105986747
18,0.25,8,block_mean,-0.02088546685399902,0.39528356484730354,0.05263157894736842,-2.132673335356267,-2.5500943822485214,-11.35558151142492,-11.4831298503456,10.081485413581994,9.787428679009793
18,0.25,8,shift_level_drift,0.006309519555237532,0.2753136862920311,0.05263157894736842,-2.132673335356267,-2.0740003369296547,-11.35558151142492,-10.613602570610677,10.081485413581994,9.565222752172176
18,0.25,8,washout_1_drift,0.01186968375727727,0.27303696049990933,0.05263157894736842,-2.132673335356267,-2.0437970987273038,-11.35558151142492,-10.826096908298743,10.081485413581994,9.81042835570259
18,0.5,1,shift_level,-0.2982706092302487,1.0483584352862816,0.0,-2.2413367498628594,-1.570735623973603,-11.355581511424917,-11.831099308445523,10.081665799446863,6.150454922798679
18,0.5,1,lag1_exog,-0.009802097455849154,0.6290450860022866,0.0,-2.2413367498628594,-1.8755603362725037,-11.355581511424917,-11.462355071521754,10.081665799446863,8.670776822187271
18,0.5,1,shift_level_drift,-0.28064745175634914,1.0518252206426508,0.0,-2.2413367498628594,-1.58855832273588,-11.355581511424917,-11.74160150019978,10.081665799446863,6.148343188183911
18,0.5,2,shift_level,-0.10351022929018965,0.72010238038073,0.0,-2.2413367498628594,-1.3291240187397526,-11.355581511424917,-10.606111297607795,10.081665799446863,7.583637561946634
18,0.5,2,washout_1,0.08478325189899309,0.6132480807517353,0.0,-2.2413367498628594,-1.5464878579568473,-11.355581511424917,-9.31451524741692,10.081665799446863,8.711636332089173
18,0.5,2,lag1_exog,0.04536172350720386,0.41712578113428433,0.0,-2.2413367498628594,-1.4221019728346083,-11.355581511424917,-10.576039237080309,10.081665799446863,9.019450981260594
18,0.5,2,block_mean,0.08478325189899309,0.6132480807517353,0.0,-2.2413367498628594,-1.5464878579568473,-11.355581511424917,-9.31451524741692,10.081665799446863,8.711636332089173
18,0.5,2,shift_level_drift,-0.15719511002978756,0.6852905078473012,0.0,-2.2413367498628594,-1.5118601726261687,-11.355581511424917,-10.84665630302786,10.081665799446863,7.568026121702976
18,0.5,2,washout_1_drift,0.026957198412610635,0.5442519852047836,0.0,-2.2413367498628594,-1.7547225618274511,-11.355581511424917,-9.566699693483638,10.081665799446863,8.715923628953352
18,0.5,4,shift_level,-0.33208884092046326,0.5705327837315776,0.0,-2.2413367498628594,-2.1607873235494655,-11.355581511424917,-12.539557070939043,10.081665799446863,8.55393800216837
18,0.5,4,washout_1,-0.31397288368038645,0.5601946068841634,0.0,-2.2413367498628594,-2.260546692683836,-11.355581511424917,-13.1842400929213,10.081665799446863,9.369789173921095
18,0.5,4,lag1_exog,-0.30536866329014456,0.5270226588858421,0.0,-2.2413367498628594,-2.2680071475256236,-11.355581511424917,-12.77095021456962,10.081665799446863,9.474612458104074
18,0.5,4,block_mean,-0.26066382618726586,0.4459007071727778,0.0,-2.2413367498628594,-2.2650456116017397,-11.355581511424917,-12.79847183062197,10.081665799446863,9.364674474397667
18,0.5,4,shift_level_drift,-0.2520071052284174,0.5339127704888182,0.0,-2.2413367498628594,-1.9501240416680288,-11.355581511424917,-12.378976212622362,10.081665799446863,8.52008657054619
18,0.5,4,washout_1_drift,-0.2282308770677697,0.4988659425314158,0.0,-2.2413367498628594,-1.943787375738617,-11.355581511424917,-13.035719499821678,10.081665799446863,9.349106875069607
18,0.5,8,shift_level,-0.04956127746613871,0.3904887080902292,0.0,-2.2413367498628594,-2.511693277934267,-11.355581511424917,-10.830890958834452,10.081665799446863,9.132603279868476
18,0.5,8,washout_1,-0.041042708073871594,0.37569226707141323,0.0,-2.2413367498628594,-2.6820610623289554,-11.355581511424917,-11.037012591146881,10.081665799446863,9.574706692830162
18,0.5,8,lag1_exog,-0.031936469819917664,0.3783242857003076,0.0,-2.2413367498628594,-2.615362830879559,-11.355581511424917,-11.011401287158783,10.081665799446863,9.5664581379813
18,0.5,8,block_mean,-0.05065400425322732,0.40596958343878703,0.0,-2.2413367498628594,-2.6230023017559687,-11.355581511424917,-11.545473398983214,10.081665799446863,9.567116567272986
18,0.5,8,shift_level_drift,-0.025698268635996804,0.32931216770965344,0.0,-2.2413367498628594,-2.033023726210927,-11.355581511424917,-10.67832282534022,10.081665799446863,9.138399766031304
18,0.5,8,washout_1_drift,-0.002857373857820137,0.2880382223166185,0.0,-2.2413367498628594,-1.9924056520348987,-11.355581511424917,-10.900722486098267,10.081665799446863,9.579816827854398
18,0.75,1,shift_level,-0.45553610426511015,1.5365962635505255,0.0,-2.299532210734033,-1.4119731609498491,-11.355581511424917,-11.838648370176717,10.081861782895455,4.239350958698099
18,0.75,1,lag1_exog,-0.18777113855874022,0.9870178829410302,0.0,-2.299532210734033,-1.7620594044252844,-11.355581511424917,-11.454567794875508,10.081861782895455,6.783254713955189
18,0.75,1,shift_level_drift,-0.4365941597689376,1.5405060188407267,0.0,-2.299532210734033,-1.4397886732111385,-11.355581511424917,-11.748117004837953,10.081861782895455,4.2362250325096245
18,0.75,2,shift_level,-0.2786422011668802,1.144241299149103,0.0,-2.299532210734033,-1.2040571682661034,-11.355581511424917,-10.644170181938133,10.081861782895455,5.847943733530196
18,0.75,2,washout_1,-0.0923687139989269,0.9056119791971876,0.0,-2.299532210734033,-1.4678759277088496,-11.355581511424917,-9.355454882651822,10.081861782895455,7.115478012506974
18,0.75,2,lag1_exog,-0.11893992509898853,0.7119676244399775,0.0,-2.299532210734033,-1.3599722577209437,-11.355581511424917,-10.61941355099427,10.081861782895455,7.566062790802787
18,0.75,2,block_mean,-0.0923687139989269,0.9056119791971876,0.0,-2.299532210734033,-1.4678759277088496,-11.355581511424917,-9.355454882651822,10.081861782895455,7.115478012506974
18,0.75,2,shift_level_drift,-0.3246041742174892,1.1258101995068275,0.0,-2.299532210734033,-1.3752329015791032,-11.355581511424917,-10.849209815837455,10.081861782895455,5.827631769450367
18,0.75,2,washout_1_drift,-0.14313783794227827,0.8668544505147808,0.0,-2.299532210734033,-1.6856688845400538,-11.355581511424917,-9.552833624874845,10.081861782895455,7.1132636540467615
18,0.75,4,shift_level,-0.45843264438577147,0.836337908088555,0.0,-2.299532210734033,-2.157285768024119,-11.355581511424917,-12.526156547458246,10.081861782895455,7.230787211816807
18,0.75,4,washout_1,-0.4272314260026867,0.7065406797960276,0.0,-2.299532210734033,-2.30701951381593,-11.355581511424917,-13.146467310829479,10.081861782895455,8.233772854719437
18,0.75,4,lag1_exog,-0.40867852772171487,0.6561397126168272,0.0,-2.299532210734033,-2.309801512467458,-11.355581511424917,-12.741185272461024,10.081861782895455,8.423732877706891
18,0.75,4,block_mean,-0.3747915716019872,0.6205818811786139,0.0,-2.299532210734033,-2.320888716202785,-11.355581511424917,-12.761187068426683,10.081861782895455,8.22750271615182
18,0.75,4,shift_level_drift,-0.3806801889933412,0.8262485430953078,0.0,-2.299532210734033,-1.9249449260824953,-11.355581511424917,-12.387473899880494,10.081861782895455,7.169801067299335
18,0.75,4,washout_1_drift,-0.34285499723990276,0.673436290199576,0.0,-2.299532210734033,-1.943854969247173,-11.355581511424917,-13.038828409079589,10.081861782895455,8.18744832559974
18,0.75,8,shift_level,-0.12426729247745845,0.5160670824582256,0.0,-2.299532210734033,-2.5452549347979767,-11.355581511424917,-10.871564728889624,10.081861782895455,8.409715049983527
18,0.75,8,washout_1,-0.10304087446887751,0.4425972851146588,0.0,-2.299532210734033,-2.718029434951484,-11.355581511424917,-11.085672534828664,10.081861782895455,9.0040449121996
18,0.75,8,lag1_exog,-0.09121467706209904,0.4391374388090483,0.0,-2.299532210734033,-2.6580430074162327,-11.355581511424917,-11.056860981984308,10.081861782895455,9.03872925155985
18,0.75,8,block_mean,-0.1107454687697464,0.4682168202182405,0.0,-2.299532210734033,-2.660417462491533,-11.355581511424917,-11.592919994097894,10.081861782895455,9.006226858338128
18,0.75,8,shift_level_drift,-0.08942459561236474,0.4739805628719772,0.0,-2.299532210734033,-2.003785622670389,-11.355581511424917,-10.725295442284917,10.081861782895455,8.40950861861863
18,0.75,8,washout_1_drift,-0.05343960288499246,0.37144174995405355,0.0,-2.299532210734033,-1.9584347724300823,-11.355581511424917,-10.957192737956369,10.081861782895455,9.005344738921384
18,1.0,1,shift_level,-0.6073149463650124,2.006254331420731,0.0,-2.3312909803007065,-1.3043702958460335,-11.355581511424917,-11.8374994978635,10.081910418061167,2.4134520632955123
18,1.0,1,lag1_exog,-0.43019707280664227,1.5655522987636847,0.0,-2.3312909803007065,-1.6884768117669458,-11.355581511424917,-11.435986894658443,10.081910418061167,4.307296906243552
18,1.0,1,shift_level_drift,-0.5869430507988592,2.01003205313342,0.0,-2.3312909803007065,-1.3403331257230584,-11.355581511424917,-11.750056740242538,10.081910418061167,2.41157561891211
18,1.0,2,shift_level,-0.4854991811741212,1.6703064963537413,0.0,-2.3312909803007065,-1.1151844806518318,-11.355581511424917,-10.669229308303947,10.081910418061167,3.7283363198119206
18,1.0,2,washout_1,-0.33855054963496534,1.430799648990596,0.0,-2.3312909803007065,-1.4098230688333127,-11.355581511424917,-9.387782598094125,10.081910418061167,4.81920264539041
18,1.0,2,lag1_exog,-0.36455586305296617,1.2662490816780003,0.0,-2.3312909803007065,-1.3115488230769214,-11.355581511424917,-10.652904567759196,10.081910418061167,5.260427102938792
18,1.0,2,block_mean,-0.33855054963496534,1.430799648990596,0.0,-2.3312909803007065,-1.4098230688333127,-11.355581511424917,-9.387782598094125,10.081910418061167,4.81920264539041
18,1.0,2,shift_level_drift,-0.5267606914086457,1.6595047201091664,0.0,-2.3312909803007065,-1.2731992564650372,-11.355581511424917,-10.855909463213148,10.081910418061167,3.7058366778322998
18,1.0,2,washout_1_drift,-0.38454636709066375,1.409785864174901,0.0,-2.3312909803007065,-1.6234612078349153,-11.355581511424917,-9.542115559292164,10.081910418061167,4.811904171444488
18,1.0,4,shift_level,-0.6556655906195863,1.2985147244719686,0.0,-2.3312909803007065,-2.1807440424033215,-11.355581511424917,-12.5001657085148,10.081910418061167,5.241136615880841
18,1.0,4,washout_1,-0.634490944164023,1.1199543619836627,0.0,-2.3312909803007065,-2.3660017765758408,-11.355581511424917,-13.09831069468252,10.081910418061167,6.186992971388722
18,1.0,4,lag1_exog,-0.6073124012558372,1.0496853675064906,0.0,-2.3312909803007065,-2.3585828163496583,-11.355581511424917,-12.702018241366275,10.081910418061167,6.4496658211593125
18,1.0,4,block_mean,-0.5827953670226229,1.0687206492763492,0.0,-2.3312909803007065,-2.3865417699967124,-11.355581511424917,-12.713510759807015,10.081910418061167,6.179510422689915
18,1.0,4,shift_level_drift,-0.5816730166125252,1.3070645889079602,0.0,-2.3312909803007065,-1.9262557915235436,-11.355581511424917,-12.388202541479616,10.081910418061167,5.1592836319279485
18,1.0,4,washout_1_drift,-0.5551909064059494,1.1172828116719147,0.0,-2.3312909803007065,-1.95854597831296,-11.355581511424917,-13.037359709873261,10.081910418061167,6.11498197820189
18,1.0,8,shift_level,-0.26274638511128284,0.8250174612903205,0.0,-2.3312909803007065,-2.564648874509425,-11.355581511424917,-10.892847001438419,10.081910418061167,7.005535332216462
18,1.0,8,washout_1,-0.2389025687312252,0.7018675766609608,0.0,-2.3312909803007065,-2.738855415301382,-11.355581511424917,-11.109933104717765,10.081910418061167,7.649016653539579
18,1.0,8,lag1_exog,-0.22057341790038082,0.6791102548441028,0.0,-2.3312909803007065,-2.6822361760674074,-11.355581511424917,-11.079359206543788,10.081910418061167,7.7561981442583345
18,1.0,8,block_mean,-0.24252279309769342,0.7097645620738474,0.0,-2.3312909803007065,-2.6822013063346692,-11.355581511424917,-11.616483253393657,10.081910418061167,7.663619290778979
18,1.0,8,shift_level_drift,-0.22182973631417166,0.8002333700730853,0.0,-2.3312909803007065,-1.988794670382068,-11.355581511424917,-10.755239958343232,10.081910418061167,7.000352913066282
18,1.0,8,washout_1_drift,-0.18345506467095998,0.658488458705409,0.0,-2.3312909803007065,-1.942660415600426,-11.355581511424917,-10.994075466162235,10.081910418061167,7.64918370380027
19,0.0,1,shift_level,0.04907399021804482,0.17523167238055642,0.0,-1.5213974582553478,-1.199781625139699,-11.870843524107514,-11.577882860550783,10.018482600682685,9.878340549685703
19,0.0,1,lag1_exog,0.08975071943418188,0.3979428121612418,0.0,-1.5213974582553478,-1.0995748662563947,-11.870843524107514,-11.112859967779979,10.018482600682685,9.854239117811709
19,0.0,1,shift_level_drift,-0.014680103471501865,0.14276113365065146,0.0,-1.5213974582553478,-1.4931906344315027,-11.870843524107514,-11.735932858485828,10.018482600682685,9.87048628659883
19,0.0,2,shift_level,0.016291200882064115,0.19555174101321898,0.0,-1.5213974582553478,-1.6281598502979984,-11.870843524107514,-11.14607430629936,10.018482600682685,10.050526861700586
19,0.0,2,washout_1,0.0575087350201733,0.4137878355341812,0.0,-1.5213974582553478,-1.6792876532320093,-11.870843524107514,-11.042572503920436,10.018482600682685,10.09936563977066
19,0.0,2,lag1_exog,0.0541276233264435,0.40932148269631097,0.0,-1.5213974582553478,-1.7993057766489413,-11.870843524107514,-10.496695323666016,10.018482600682685,9.991479574187446
19,0.0,2,block_mean,0.0575087350201733,0.4137878355341812,0.0,-1.5213974582553478,-1.6792876532320093,-11.870843524107514,-11.042572503920436,10.018482600682685,10.09936563977066
19,0.0,2,shift_level_drift,0.01991490264171946,0.18927651268019238,0.0,-1.5213974582553478,-1.622786419786943,-11.870843524107514,-11.187694472683916,10.018482600682685,10.046691223323737
19,0.0,2,washout_1_drift,0.10023921023644,0.43610584070494945,0.0,-1.5213974582553478,-1.6457073449103743,-11.870843524107514,-11.002543338140141,10.018482600682685,10.104398110953822
19,0.0,4,shift_level,0.04318741276557036,0.4197819977721315,0.0,-1.5213974582553478,-1.8102706539759044,-11.870843524107514,-10.631664930115981,10.018482600682685,10.065419801257493
19,0.0,4,washout_1,0.0629727400314649,0.441629296507599,0.0,-1.5213974582553478,-1.7538278130000997,-11.870843524107514,-10.954330435147925,10.018482600682685,10.111885509691149
19,0.0,4,lag1_exog,0.05035673314877846,0.4457295728646563,0.0,-1.5213974582553478,-1.8552802734477067,-11.870843524107514,-10.728724774518028,10.018482600682685,10.11081529757841
19,0.0,4,block_mean,0.06376374078893124,0.39281345252074484,0.0,-1.5213974582553478,-1.7427823998672325,-11.870843524107514,-11.337518497405938,10.018482600682685,10.135692932600035
19,0.0,4,shift_level_drift,0.08218111508211565,0.3781629333560636,0.0,-1.5213974582553478,-1.4324430997484947,-11.870843524107514,-10.607689562353878,10.018482600682685,10.06991082237601
19,0.0,4,washout_1_drift,0.09612902527870766,0.4007715054068706,0.0,-1.5213974582553478,-1.4690261035591095,-11.870843524107514,-10.896404138723705,10.018482600682685,10.123494599522228
19,0.0,8,shift_level,-0.10656320115176802,0.3163938738872112,0.0,-1.5213974582553478,-1.6359600516273485,-11.870843524107514,-11.292068951817786,10.018482600682685,10.047274312693846
19,0.0,8,washout_1,-0.07299552637522687,0.3570380953981884,0.0,-1.5213974582553478,-1.6249768371976292,-11.870843524107514,-10.935155253327169,10.018482600682685,10.035058114698826
19,0.0,8,lag1_exog,-0.10276484474809668,0.3617265034986259,0.0,-1.5213974582553478,-1.599147344997618,-11.870843524107514,-11.189192931751544,10.018482600682685,10.014433057853378
19,0.0,8,block_mean,-0.04231442374544308,0.37130096351930714,0.0,-1.5213974582553478,-1.6179832051955012,-11.870843524107514,-10.638967103890415,10.018482600682685,10.023308149488226
19,0.0,8,shift_level_drift,-0.08225345729855402,0.30690896289997077,0.0,-1.5213974582553478,-1.4790589997599848,-11.870843524107514,-11.302093562604231,10.018482600682685,10.04745208416935
19,0.0,8,washout_1_drift,-0.06768868670187447,0.3531041827154683,0.0,-1.5213974582553478,-1.5041157400145944,-11.870843524107514,-10.983541428788143,10.018482600682685,10.033162227211172
19,0.25,1,shift_level,-0.1070543648309709,0.5401067325805367,0.0,-1.6830516974136067,-1.0434607832064462,-11.870843524107514,-11.584186469372774,10.01835937435857,8.038693946993117
19,0.25,1,lag1_exog,0.05879429103791123,0.3997376102542915,0.0,-1.6830516974136067,-1.0818452953287514,-11.870843524107514,-11.145340847143975,10.01835937435857,9.504758942428627
19,0.25,1,shift_level_drift,-0.16055928273606393,0.5251941620586412,0.0,-1.6830516974136067,-1.2867483682131526,-11.870843524107514,-11.692498567461573,10.01835937435857,8.028639047708653
19,0.25,2,shift_level,-0.06964537894806506,0.32853192052500935,0.0,-1.6830516974136067,-1.5356223580344126,-11.870843524107514,-11.157185949457439,10.01835937435857,9.020203599157927
19,0.25,2,washout_1,0.02629497965771162,0.42011307887105875,0.0,-1.6830516974136067,-1.6351635071540191,-11.870843524107514,-11.061802463527446,10.01835937435857,9.779645075464892
19,0.25,2,lag1_exog,0.037501537885400164,0.4123638944423762,0.0,-1.6830516974136067,-1.772535897440227,-11.870843524107514,-10.525715559012419,10.01835937435857,9.775458354605664
19,0.25,2,block_mean,0.02629497965771162,0.42011307887105875,0.0,-1.6830516974136067,-1.6351635071540191,-11.870843524107514,-11.061802463527446,10.01835937435857,9.779645075464892
19,0.25,2,shift_level_drift,-0.05791549353440705,0.3261627017478271,0.0,-1.6830516974136067,-1.5358387312926476,-11.870843524107514,-11.16746336517139,10.01835937435857,9.019070070537065
19,0.25,2,washout_1_drift,0.07279622776299588,0.4331436191194293,0.0,-1.6830516974136067,-1.6021752359072905,-11.870843524107514,-11.021870451888994,10.01835937435857,9.787265237605746
19,0.25,4,shift_level,0.039780579224241046,0.4345979453506974,0.0,-1.6830516974136067,-1.7478103983132474,-11.870843524107514,-10.593570476608692,10.01835937435857,9.505391059082939
19,0.25,4,washout_1,0.08830146117284139,0.44468555960344947,0.0,-1.6830516974136067,-1.751384692234597,-11.870843524107514,-10.926649882107975,10.01835937435857,9.968976202677544
19,0.25,4,lag1_exog,0.08179229171276155,0.44359773919402345,0.0,-1.6830516974136067,-1.846715286788255,-11.870843524107514,-10.700019697220835,10.01835937435857,9.984460621786104
19,0.25,4,block_mean,0.08854342652019018,0.394648408685067,0.0,-1.6830516974136067,-1.7415616012075856,-11.870843524107514,-11.319115099350824,10.01835937435857,9.993551416033693
19,0.25,4,shift_level_drift,0.051570852124133724,0.4117745948449493,0.0,-1.6830516974136067,-1.3968077773753773,-11.870843524107514,-10.616276770579368,10.01835937435857,9.500842572586368
19,0.25,4,washout_1_drift,0.10052848259698478,0.42064458782681596,0.0,-1.6830516974136067,-1.456039992687352,-11.870843524107514,-10.91391243655619,10.01835937435857,9.973101865780444
19,0.25,8,shift_level,-0.11215318141550865,0.2945203869836883,0.0,-1.6830516974136067,-1.603804884092689,-11.870843524107514,-11.493534239974306,10.01835937435857,9.767264758612331
19,0.25,8,washout_1,-0.06564607778169809,0.32404677876254706,0.0,-1.6830516974136067,-1.62108328891629,-11.870843524107514,-11.158591790589679,10.01835937435857,9.97044700346687
19,0.25,8,lag1_exog,-0.09376900549054482,0.33731467062888226,0.0,-1.6830516974136067,-1.5969942364019216,-11.870843524107514,-11.402252060663164,10.01835937435857,9.960189289008802
19,0.25,8,block_mean,-0.03539094492271456,0.33433855122926076,0.0,-1.6830516974136067,-1.6193626178671892,-11.870843524107514,-10.863579653177686,10.01835937435857,9.96131054715913
19,0.25,8,shift_level_drift,-0.08916669376211883,0.29545452978458675,0.0,-1.6830516974136067,-1.3967684053492642,-11.870843524107514,-11.487711679768559,10.01835937435857,9.767465207754896
19,0.25,8,washout_1_drift,-0.056562537335801945,0.32836850286159913,0.0,-1.6830516974136067,-1.427213082959598,-11.870843524107514,-11.166566685641515,10.01835937435857,9.970042095979855
19,0.5,1,shift_level,-0.26836255930480096,1.006022451833084,0.0,-1.7610275822109172,-0.974783411820308,-11.870843524107517,-11.588553687760974,10.018322014687179,6.185268698701941
19,0.5,1,lag1_exog,-0.042615179910099374,0.5371259455457508,0.0,-1.7610275822109172,-1.0906489697872406,-11.870843524107517,-11.159688414959835,10.018322014687179,8.454458152270838
19,0.5,1,shift_level_drift,-0.3125737493862527,0.9982837860022059,0.0,-1.7610275822109172,-1.1776939313778203,-11.870843524107517,-11.666095650218413,10.018322014687179,6.174499341298601
19,0.5,2,shift_level,-0.1912698376560295,0.6447574763183935,0.0,-1.7610275822109172,-1.4896566800656674,-11.870843524107517,-11.160532192193068,10.018322014687179,7.6689667728329285
19,0.5,2,washout_1,-0.06565037697526784,0.5094571177906839,0.0,-1.7610275822109172,-1.6148949004674926,-11.870843524107517,-11.068645904625939,10.018322014687179,8.844459314744928
19,0.5,2,lag1_exog,-0.032763789377631324,0.47852776265756847,0.0,-1.7610275822109172,-1.7620410543158465,-11.870843524107517,-10.532828956078172,10.018322014687179,9.033452893306173
19,0.5,2,block_mean,-0.06565037697526784,0.5094571177906839,0.0,-1.7610275822109172,-1.6148949004674926,-11.870843524107517,-11.068645904625939,10.018322014687179,8.844459314744928
19,0.5,2,shift_level_drift,-0.17356799544556262,0.6439739962726311,0.0,-1.7610275822109172,-1.4826865676799559,-11.870843524107517,-11.153834233092057,10.018322014687179,7.669858722353034
19,0.5,2,washout_1_drift,-0.018339287086409067,0.5120709477176582,0.0,-1.7610275822109172,-1.5758440195101031,-11.870843524107517,-11.044013246530238,10.018322014687179,8.85545249764396
19,0.5,4,shift_level,-0.012349659800805926,0.539506728775662,0.0,-1.7610275822109172,-1.6971826065748046,-11.870843524107517,-10.573136400326439,10.018322014687179,8.667083610297757
19,0.5,4,washout_1,0.05626691413506735,0.46590206831631503,0.0,-1.7610275822109172,-1.7442420376709218,-11.870843524107517,-10.915754768104891,10.018322014687179,9.457843938640206
19,0.5,4,lag1_exog,0.05954604081613451,0.4594862898546363,0.0,-1.7610275822109172,-1.8340129642932856,-11.870843524107517,-10.690174308766675,10.018322014687179,9.528750601951758
19,0.5,4,block_mean,0.0562577957309347,0.41567963884889797,0.0,-1.7610275822109172,-1.7356216540386427,-11.870843524107517,-11.31306294564872,10.018322014687179,9.485168890601539
19,0.5,4,shift_level_drift,-0.013492888085153334,0.527058834222959,0.0,-1.7610275822109172,-1.3584612337400306,-11.870843524107517,-10.609157900689732,10.018322014687179,8.660570664558294
19,0.5,4,washout_1_drift,0.05990281817115448,0.4516109312424273,0.0,-1.7610275822109172,-1.444205898326032,-11.870843524107517,-10.91387633389976,10.018322014687179,9.458842717618968
19,0.5,8,shift_level,-0.14230701074258365,0.33135437547451724,0.0,-1.7610275822109172,-1.5832570683308536,-11.870843524107517,-11.625964226709877,10.018322014687179,9.345003948556943
19,0.5,8,washout_1,-0.083637657883454,0.3185738757110985,0.0,-1.7610275822109172,-1.620204738237212,-11.870843524107517,-11.304965854864665,10.018322014687179,9.738224511986774
19,0.5,8,lag1_exog,-0.1084740670168676,0.3369163459377006,0.0,-1.7610275822109172,-1.5965787611330615,-11.870843524107517,-11.540970578139572,10.018322014687179,9.748946243614744
19,0.5,8,block_mean,-0.0528179855366119,0.3239654856181564,0.0,-1.7610275822109172,-1.6193733943755824,-11.870843524107517,-11.00922933200475,10.018322014687179,9.733230701775792
19,0.5,8,shift_level_drift,-0.11762768112567709,0.3366701364591882,0.0,-1.7610275822109172,-1.3441564148621445,-11.870843524107517,-11.62104303937829,10.018322014687179,9.346923114730355
19,0.5,8,washout_1_drift,-0.06897384235663363,0.3266137465606696,0.0,-1.7610275822109172,-1.3723241873259535,-11.870843524107517,-11.304993036384957,10.018322014687179,9.738164486140807
19,0.75,1,shift_level,-0.4383655754245682,1.4766686600514198,0.0,-1.7983419575861772,-0.9476774728119528,-11.870843524107514,-11.602740889679605,10.018210193628482,4.334854599644313
19,0.75,1,lag1_exog,-0.22484345930265257,0.9065212094591754,0.0,-1.7983419575861772,-1.1090094198424556,-11.870843524107514,-11.176145797650582,10.018210193628482,6.722308675309126
19,0.75,1,shift_level_drift,-0.4725587566527655,1.471958597504054,0.0,-1.7983419575861772,-1.1134970217871185,-11.870843524107514,-11.652796882370904,10.018210193628482,4.327256002922974
19,0.75,2,shift_level,-0.34874165208954333,1.0668063816823772,0.0,-1.7983419575861772,-1.4756283572794853,-11.870843524107514,-11.150944111226302,10.018210193628482,5.980538323895456
19,0.75,2,washout_1,-0.22046055952711854,0.8160476384439749,0.0,-1.7983419575861772,-1.5983585470929187,-11.870843524107514,-11.055497398873518,10.018210193628482,7.273240086916193
19,0.75,2,lag1_exog,-0.16999745803928015,0.7351923875207963,0.0,-1.7983419575861772,-1.7546354661204366,-11.870843524107514,-10.523820636589168,10.018210193628482,7.6382946124816105
19,0.75,2,block_mean,-0.22046055952711854,0.8160476384439749,0.0,-1.7983419575861772,-1.5983585470929187,-11.870843524107514,-11.055497398873518,10.018210193628482,7.273240086916193
19,0.75,2,shift_level_drift,-0.3257405874728866,1.066257610592579,0.0,-1.7983419575861772,-1.45036700522701,-11.870843524107514,-11.137358426800319,10.018210193628482,5.983109160626781
19,0.75,2,washout_1_drift,-0.1711692258123406,0.8127250058309339,0.0,-1.7983419575861772,-1.537902686055732,-11.870843524107514,-11.047080053503866,10.018210193628482,7.288433807983305
19,0.75,4,shift_level,-0.11994362494179127,0.7896676007612693,0.0,-1.7983419575861772,-1.6546435935801593,-11.870843524107514,-10.577916548674317,10.018210193628482,7.379486683273921
19,0.75,4,washout_1,-0.04596189060711469,0.6083995634787982,0.0,-1.7983419575861772,-1.7323004916042304,-11.870843524107514,-10.932072099192995,10.018210193628482,8.349256517386296
19,0.75,4,lag1_exog,-0.028521723146215476,0.5799452803825421,0.0,-1.7983419575861772,-1.8163316000990628,-11.870843524107514,-10.704536741028823,10.018210193628482,8.51056113313506
19,0.75,4,block_mean,-0.0460329986347079,0.5675346775756455,0.0,-1.7983419575861772,-1.7249549153190438,-11.870843524107514,-11.332673404064932,10.018210193628482,8.379617486199278
19,0.75,4,shift_level_drift,-0.1268941595531478,0.7830195754720541,0.0,-1.7983419575861772,-1.3265767989254864,-11.870843524107514,-10.60871632915924,10.018210193628482,7.377001418069986
19,0.75,4,washout_1_drift,-0.04517746887159028,0.6015985935278689,0.0,-1.7983419575861772,-1.434046894202263,-11.870843524107514,-10.931623900889644,10.018210193628482,8.349807990970545
19,0.75,8,shift_level,-0.20358420945538963,0.461908510709797,0.0,-1.7983419575861772,-1.560961225102747,-11.870843524107514,-11.71090606386051,10.018210193628482,8.637240963090052
19,0.75,8,washout_1,-0.13594616917276658,0.3771664153570974,0.0,-1.7983419575861772,-1.6082394846192403,-11.870843524107514,-11.39881946261821,10.018210193628482,9.172247743953044
19,0.75,8,lag1_exog,-0.1563667456635208,0.38854597488327686,0.0,-1.7983419575861772,-1.5860873269880025,-11.870843524107514,-11.630932109189915,10.018210193628482,9.223675738259347
19,0.75,8,block_mean,-0.10432476851579729,0.3788795068738491,0.0,-1.7983419575861772,-1.6079543849903981,-11.870843524107514,-11.101039127672525,10.018210193628482,9.172285812525002
19,0.75,8,shift_level_drift,-0.17691960303466742,0.46767902691332097,0.0,-1.7983419575861772,-1.3062682548139806,-11.870843524107514,-11.713556395760865,10.018210193628482,8.642744726913412
19,0.75,8,washout_1_drift,-0.11672093583494023,0.3862283730244876,0.0,-1.7983419575861772,-1.3287393485702153,-11.870843524107514,-11.401317138324995,10.018210193628482,9.17295392030145
19,1.0,1,shift_level,-0.6083672461339736,1.9383469560494366,0.0,-1.813852479003983,-0.9465146526410769,-11.87084352410751,-11.611065893015216,10.017520599598107,2.5256938584177093
19,1.0,1,lag1_exog,-0.47555551866905665,1.470724543301542,0.0,-1.813852479003983,-1.148881695083825,-11.87084352410751,-11.190546514731661,10.017520599598107,4.3767347345814684
19,1.0,1,shift_level_drift,-0.6339524408500304,1.9345858349212184,0.0,-1.813852479003983,-1.0825275268819672,-11.87084352410751,-11.639499604922875,10.017520599598107,2.523204032743752
19,1.0,2,shift_level,-0.5434300236585741,1.5831069714860198,0.0,-1.813852479003983,-1.4689581763612738,-11.87084352410751,-11.138902477796856,10.017520599598107,3.919702783874911
19,1.0,2,washout_1,-0.44138492882819147,1.3433260494526986,0.0,-1.813852479003983,-1.5836946185972196,-11.87084352410751,-11.042680360409438,10.017520599598107,5.0236111411636495
19,1.0,2,lag1_exog,-0.3863886332593044,1.243109048143216,0.0,-1.813852479003983,-1.7460279905567797,-11.87084352410751,-10.510026424518149,10.017520599598107,5.431455721788488
19,1.0,2,block_mean,-0.44138492882819147,1.3433260494526986,0.0,-1.813852479003983,-1.5836946185972196,-11.87084352410751,-11.042680360409438,10.017520599598107,5.0236111411636495
19,1.0,2,shift_level_drift,-0.5168434183733266,1.582100981558521,0.0,-1.813852479003983,-1.4244992919412067,-11.87084352410751,-11.126060338038489,10.017520599598107,3.9235729668417605
19,1.0,2,washout_1_drift,-0.39158159981715945,1.3373340503121496,0.0,-1.813852479003983,-1.5068143828593268,-11.87084352410751,-11.050138739049856,10.017520599598107,5.041420293286526
19,1.0,4,shift_level,-0.29907906992222033,1.2406186932412993,0.0,-1.813852479003983,-1.619887237960224,-11.87084352410751,-10.586792576607133,10.017520599598107,5.418514523975201
19,1.0,4,washout_1,-0.24294510872709527,1.0268119271415626,0.0,-1.813852479003983,-1.7184161187258966,-11.87084352410751,-10.950893868603288,10.017520599598107,6.338349991438628
19,1.0,4,lag1_exog,-0.21209616601452277,0.970631696385042,0.0,-1.813852479003983,-1.7981770481697759,-11.87084352410751,-10.722208188599597,10.017520599598107,6.577319922101656
19,1.0,4,block_mean,-0.24331480862982832,0.9996867123057371,0.0,-1.813852479003983,-1.711905648392432,-11.87084352410751,-11.354189448360708,10.017520599598107,6.370188512051729
19,1.0,4,shift_level_drift,-0.30813330067917505,1.2351402440720705,0.0,-1.813852479003983,-1.3026896585459227,-11.87084352410751,-10.608333478059858,10.017520599598107,5.422365131768593
19,1.0,4,washout_1_drift,-0.242040226269763,1.023647983716475,0.0,-1.813852479003983,-1.4250937180122303,-11.87084352410751,-10.952288270652048,10.017520599598107,6.338078993501775
19,1.0,8,shift_level,-0.32666905753772324,0.7931332105617824,0.0,-1.813852479003983,-1.544093235904841,-11.87084352410751,-11.76505606935523,10.017520599598107,7.256853302099659
19,1.0,8,washout_1,-0.25848784746213305,0.6558303576167784,0.0,-1.813852479003983,-1.5960208228562762,-11.87084352410751,-11.4586416560075,10.017520599598107,7.839262801764874
19,1.0,8,lag1_exog,-0.2727868553328741,0.6422653740650404,0.0,-1.813852479003983,-1.5769443106288183,-11.87084352410751,-11.687674565964665,10.017520599598107,7.953916743013304
19,1.0,8,block_mean,-0.22630730058000267,0.6557009611927195,0.0,-1.813852479003983,-1.5961138160923496,-11.87084352410751,-11.15944722498654,10.017520599598107,7.84067158662203
19,1.0,8,shift_level_drift,-0.2964522840787093,0.7974151018728308,0.0,-1.813852479003983,-1.2771188462210221,-11.87084352410751,-11.776585672557147,10.017520599598107,7.267582000147712
19,1.0,8,washout_1_drift,-0.23460369516300147,0.6628471871844905,0.0,-1.813852479003983,-1.296579459985982,-11.87084352410751,-11.466078220444308,10.017520599598107,7.842118988407248
20,0.0,1,shift_level,-0.00962450309983216,0.26349141742152105,0.0,-1.7035369107663803,-1.4220021864835992,-11.901973036909041,-12.715949332029048,10.066462436643956,10.257944748214115
20,0.0,1,lag1_exog,0.10470755651951304,0.2631127619742471,0.0,-1.7035369107663803,-1.1332197672936957,-11.901973036909041,-11.10373075287449,10.066462436643956,10.28589103871495
20,0.0,1,shift_level_drift,-0.04374744624081573,0.25540482733211567,0.0,-1.7035369107663803,-1.560779126813841,-11.901973036909041,-12.792505002310673,10.066462436643956,10.260077527958181
20,0.0,2,shift_level,0.07297655525953654,0.2127225756592798,0.0,-1.7035369107663803,-1.8702830747470474,-11.901973036909041,-11.225832752217647,10.066462436643956,10.222273389538913
20,0.0,2,washout_1,0.056029756517077055,0.33728282848419927,0.0,-1.7035369107663803,-1.912449264256062,-11.901973036909041,-10.71771560057472,10.066462436643956,9.989705843529556
20,0.0,2,lag1_exog,0.07903094219521302,0.3146575036480255,0.0,-1.7035369107663803,-1.987844806665044,-11.901973036909041,-10.62289984377119,10.066462436643956,10.22057603754599
20,0.0,2,block_mean,0.056029756517077055,0.33728282848419927,0.0,-1.7035369107663803,-1.912449264256062,-11.901973036909041,-10.71771560057472,10.066462436643956,9.989705843529556
20,0.0,2,shift_level_drift,0.030068717369661983,0.17254430398063755,0.0,-1.7035369107663803,-1.7043532178253824,-11.901973036909041,-11.415205452847838,10.066462436643956,10.24024341760311
20,0.0,2,washout_1_drift,-0.0004277735302291655,0.30454277999154483,0.0,-1.7035369107663803,-1.7961020987738414,-11.901973036909041,-11.033886590244705,10.066462436643956,9.997098797185124
20,0.0,4,shift_level,-0.014333917518254986,0.15131341297585654,0.0,-1.7035369107663803,-1.813636014507531,-11.901973036909041,-12.27547612321089,10.066462436643956,10.134178149281569
20,0.0,4,washout_1,-0.01320202008634869,0.17445567640475765,0.0,-1.7035369107663803,-1.7653858128908777,-11.901973036909041,-12.276380784750863,10.066462436643956,10.09157953111848
20,0.0,4,lag1_exog,-0.021155012175809552,0.1820326953120529,0.0,-1.7035369107663803,-1.7916453099299918,-11.901973036909041,-12.244384958845517,10.066462436643956,10.111264013542664
20,0.0,4,block_mean,-0.020159247903401924,0.16311306588358143,0.0,-1.7035369107663803,-1.7532903271619182,-11.901973036909041,-12.148324140393871,10.066462436643956,10.083723709811292
20,0.0,4,shift_level_drift,0.03537506216995558,0.11070820895188269,0.0,-1.7035369107663803,-1.6329314763559863,-11.901973036909041,-12.082630915085915,10.066462436643956,10.133953932640543
20,0.0,4,washout_1_drift,0.00966756561599865,0.1351206786942074,0.0,-1.7035369107663803,-1.6648280555793342,-11.901973036909041,-12.134606288472058,10.066462436643956,10.094221958946752
20,0.0,8,shift_level,0.00767075380289279,0.40247651415596786,0.0,-1.7035369107663803,-1.8675458830622085,-11.901973036909041,-11.991894775311232,10.066462436643956,10.432011784480054
20,0.0,8,washout_1,-0.0014933075352199841,0.42362438875702263,0.0,-1.7035369107663803,-1.8712165318169807,-11.901973036909041,-12.042075236825363,10.066462436643956,10.413762877014742
20,0.0,8,lag1_exog,0.000818447342426018,0.4603558947342168,0.0,-1.7035369107663803,-1.8735076311315684,-11.901973036909041,-11.756241997928255,10.066462436643956,10.38756685851388
20,0.0,8,block_mean,0.06860959400377507,0.3361900167197641,0.0,-1.7035369107663803,-1.7743399312616541,-11.901973036909041,-11.785416579454068,10.066462436643956,10.421876096540904
20,0.0,8,shift_level_drift,-0.06853094015804391,0.3705467729029625,0.0,-1.7035369107663803,-1.7603128759913036,-11.901973036909041,-12.210946691121379,10.066462436643956,10.417615110369102
20,0.0,8,washout_1_drift,-0.08083407242351083,0.3972660582238561,0.0,-1.7035369107663803,-1.6906750543363966,-11.901973036909041,-12.26891398846354,10.066462436643956,10.39525273240366
20,0.25,1,shift_level,-0.17380848740917174,0.5487292474360239,0.0,-1.8735579562216138,-1.1718734727178821,-11.901973036909045,-12.702842029228172,10.06657958429416,8.218897523018871
20,0.25,1,lag1_exog,0.08707565956426273,0.2739317273301488,0.0,-1.8735579562216138,-1.0317822621509005,-11.901973036909045,-11.145041227806246,10.06657958429416,9.894624506002092
20,0.25,1,shift_level_drift,-0.21531713578972034,0.5430864266096085,0.0,-1.8735579562216138,-1.3162570959565696,-11.901973036909045,-12.820399110794309,10.06657958429416,8.222702447434575
20,0.25,2,shift_level,-0.044379797216003665,0.35030483628830617,0.0,-1.8735579562216138,-1.766984703293414,-11.901973036909045,-11.251647527713953,10.06657958429416,8.95188501923296
20,0.25,2,washout_1,0.018072433312603657,0.33206560719377226,0.0,-1.8735579562216138,-1.8737046491552027,-11.901973036909045,-10.771946472473852,10.06657958429416,9.676091883552152
20,0.25,2,lag1_exog,0.03862829903238272,0.2974011410770453,0.0,-1.8735579562216138,-1.995789595440328,-11.901973036909045,-10.676329304227426,10.06657958429416,9.940414096829935
20,0.25,2,block_mean,0.018072433312603657,0.33206560719377226,0.0,-1.8735579562216138,-1.8737046491552027,-11.901973036909045,-10.771946472473852,10.06657958429416,9.676091883552152
20,0.25,2,shift_level_drift,-0.08065082395786895,0.3331814948342584,0.0,-1.8735579562216138,-1.6156387045552436,-11.901973036909045,-11.428879131286742,10.06657958429416,8.967823682351016
20,0.25,2,washout_1_drift,-0.025731386086508514,0.31356107421493296,0.0,-1.8735579562216138,-1.7491796800317667,-11.901973036909045,-11.064665405810294,10.06657958429416,9.687447371971828
20,0.25,4,shift_level,-0.07452699085975405,0.21302247027165883,0.0,-1.8735579562216138,-1.7752018077620932,-11.901973036909045,-12.201091394507522,10.06657958429416,9.397865274475125
20,0.25,4,washout_1,-0.020968246254423856,0.18261343070515393,0.0,-1.8735579562216138,-1.7896552947886173,-11.901973036909045,-12.195968194532036,10.06657958429416,9.92820917802513
20,0.25,4,lag1_exog,-0.03223480696046699,0.185060860176775,0.0,-1.8735579562216138,-1.8165272309301264,-11.901973036909045,-12.154357456800355,10.06657958429416,9.95003180831404
20,0.25,4,block_mean,-0.027803759235181573,0.17368694391245026,0.0,-1.8735579562216138,-1.779236413939084,-11.901973036909045,-12.06557347625783,10.06657958429416,9.91998577460338
20,0.25,4,shift_level_drift,-0.016814966283541195,0.19531803325658775,0.0,-1.8735579562216138,-1.5849980605529441,-11.901973036909045,-12.008864106503678,10.06657958429416,9.39985942118746
20,0.25,4,washout_1_drift,0.009160663557677402,0.1472554746872933,0.0,-1.8735579562216138,-1.6374026168259583,-11.901973036909045,-12.070097859718091,10.06657958429416,9.930734973414568
20,0.25,8,shift_level,-0.03428930757109237,0.37357583763166585,0.0,-1.8735579562216138,-1.8636579116535756,-11.901973036909045,-11.939611383290746,10.06657958429416,10.007004208442751
20,0.25,8,washout_1,-0.018980931347977396,0.40431906297937253,0.0,-1.8735579562216138,-1.9175668403908306,-11.901973036909045,-12.004636851483136,10.06657958429416,10.331716486956793
20,0.25,8,lag1_exog,-0.01590440256607916,0.43877215143817655,0.0,-1.8735579562216138,-1.9156466866224835,-11.901973036909045,-11.716246480891012,10.06657958429416,10.30321192680441
20,0.25,8,block_mean,0.04922788143822777,0.30882846401418085,0.0,-1.8735579562216138,-1.8318756799047333,-11.901973036909045,-11.745310714999698,10.06657958429416,10.3401591272331
20,0.25,8,shift_level_drift,-0.0923963866112615,0.34974072151805163,0.0,-1.8735579562216138,-1.687153694748495,-11.901973036909045,-12.093109245793535,10.06657958429416,9.98925433454888
20,0.25,8,washout_1_drift,-0.07623883713799015,0.3847485488809498,0.0,-1.8735579562216138,-1.632826020522658,-11.901973036909045,-12.163845839275558,10.06657958429416,10.3128197686441
20,0.5,1,shift_level,-0.3447867255027024,1.0234712523132166,0.0,-1.9538146510806786,-1.0226395049609098,-11.901973036909048,-12.700260952441502,10.066862954307307,6.2238366646253835
20,0.5,1,lag1_exog,-0.026954293645650013,0.42660773444892425,0.0,-1.9538146510806786,-1.004645421312091,-11.901973036909048,-11.192343851833016,10.066862954307307,8.743314027187651
20,0.5,1,shift_level_drift,-0.39060711283309113,1.0190539998179178,0.0,-1.9538146510806786,-1.162683368484334,-11.901973036909048,-12.841681433824968,10.066862954307307,6.227768841747761
20,0.5,2,shift_level,-0.19948031845579522,0.7153716832521233,0.0,-1.9538146510806786,-1.7322804973609667,-11.901973036909048,-11.27685509964791,10.066862954307307,7.342323844092676
20,0.5,2,washout_1,-0.09745246301496165,0.47356735539137745,0.0,-1.9538146510806786,-1.8791906396173284,-11.901973036909048,-10.823214367153597,10.066862954307307,8.613142927421897
20,0.5,2,lag1_exog,-0.0684001470058806,0.38510680906712424,0.0,-1.9538146510806786,-2.036760361417694,-11.901973036909048,-10.73216664341838,10.066862954307307,9.014213002605167
20,0.5,2,block_mean,-0.09745246301496165,0.47356735539137745,0.0,-1.9538146510806786,-1.8791906396173284,-11.901973036909048,-10.823214367153597,10.066862954307307,8.613142927421897
20,0.5,2,shift_level_drift,-0.22939387551985138,0.7069826522500907,0.0,-1.9538146510806786,-1.5860168857076944,-11.901973036909048,-11.432029165626684,10.066862954307307,7.356844834134852
20,0.5,2,washout_1_drift,-0.1281666233910874,0.4642476258083497,0.0,-1.9538146510806786,-1.7373800562935533,-11.901973036909048,-11.08400140007027,10.066862954307307,8.624579599271055
20,0.5,4,shift_level,-0.17526389844657128,0.45148382420871624,0.0,-1.9538146510806786,-1.7771121828472323,-11.901973036909048,-12.14988797419627,10.066862954307307,8.308722954990142
20,0.5,4,washout_1,-0.08173867331098904,0.2638541014978731,0.0,-1.9538146510806786,-1.8304942727050781,-11.901973036909048,-12.146851161549334,10.066862954307307,9.28057328441536
20,0.5,4,lag1_exog,-0.09181985463762195,0.2506207236985584,0.0,-1.9538146510806786,-1.8547501389220271,-11.901973036909048,-12.094711176826078,10.066862954307307,9.346632645180598
20,0.5,4,block_mean,-0.08847511931275982,0.2598636172610513,0.0,-1.9538146510806786,-1.8218494249337511,-11.901973036909048,-12.01433938553645,10.066862954307307,9.272776496591426
20,0.5,4,shift_level_drift,-0.11422326703941747,0.4454050868203082,0.0,-1.9538146510806786,-1.5692243469144556,-11.901973036909048,-11.969076985054592,10.066862954307307,8.312273902221339
20,0.5,4,washout_1_drift,-0.048469800406024686,0.24220969933291697,0.0,-1.9538146510806786,-1.6267401848071015,-11.901973036909048,-12.041065814701863,10.066862954307307,9.283168785101543
20,0.5,8,shift_level,-0.10287844195145354,0.4138032494618584,0.0,-1.9538146510806786,-1.8662625528465622,-11.901973036909048,-11.937851072632894,10.066862954307307,9.353169827857272
20,0.5,8,washout_1,-0.06321279707056614,0.3996440823261017,0.0,-1.9538146510806786,-1.944188000760681,-11.901973036909048,-12.008494923746568,10.066862954307307,9.987122318753658
20,0.5,8,lag1_exog,-0.058638008891462375,0.4324248660992697,0.0,-1.9538146510806786,-1.9375586068443835,-11.901973036909048,-11.718727833173148,10.066862954307307,9.966440738865444
20,0.5,8,block_mean,0.003959736450474135,0.2973033816331344,0.0,-1.9538146510806786,-1.8660787759078798,-11.901973036909048,-11.747256255079611,10.066862954307307,9.996525727470114
20,0.5,8,shift_level_drift,-0.1474285171807006,0.3995088108603819,0.0,-1.9538146510806786,-1.6465101888655902,-11.901973036909048,-12.045537430277943,10.066862954307307,9.334143069152665
20,0.5,8,washout_1_drift,-0.10332215042627882,0.38631659048505107,0.0,-1.9538146510806786,-1.5919386581779884,-11.901973036909048,-12.11428590589085,10.066862954307307,9.969722478939126
20,0.75,1,shift_level,-0.5094071168065463,1.507334485304035,0.0,-1.9968653647510957,-0.9213531755695574,-11.901973036909048,-12.697891764928714,10.067327281159734,4.289849988744011
20,0.75,1,lag1_exog,-0.2161195441967315,0.8379116093064497,0.0,-1.9968653647510957,-1.0119455263975992,-11.901973036909048,-11.22887515797325,10.067327281159734,6.882427730086562
20,0.75,1,shift_level_drift,-0.5572822745964391,1.5034630023667759,0.0,-1.9968653647510957,-1.0480278223176027,-11.901973036909048,-12.848819658940316,10.067327281159734,4.292442852248046
20,0.75,2,shift_level,-0.3809882036301037,1.1750138862178192,0.0,-1.9968653647510957,-1.736116475082147,-11.901973036909048,-11.30388449755024,10.067327281159734,5.458371921434155
20,0.75,2,washout_1,-0.2833247037355204,0.8509270591785699,0.0,-1.9968653647510957,-1.9136765530862694,-11.901973036909048,-10.86532673692776,10.067327281159734,6.869571312478682
20,0.75,2,lag1_exog,-0.24269014031017708,0.7202834303307247,0.0,-1.9968653647510957,-2.093644175210498,-11.901973036909048,-10.784844217776334,10.067327281159734,7.382617639248304
20,0.75,2,block_mean,-0.2833247037355204,0.8509270591785699,0.0,-1.9968653647510957,-1.9136765530862694,-11.901973036909048,-10.86532673692776,10.067327281159734,6.869571312478682
20,0.75,2,shift_level_drift,-0.40559602537505063,1.1689264103464998,0.0,-1.9968653647510957,-1.5905393838935336,-11.901973036909048,-11.439574620151834,10.067327281159734,5.4714905495989115
20,0.75,2,washout_1_drift,-0.3040263438099771,0.845505443452132,0.0,-1.9968653647510957,-1.7582126166227543,-11.901973036909048,-11.09837914934861,10.067327281159734,6.8797587175362525
20,0.75,4,shift_level,-0.32863830089602464,0.8405365124892288,0.0,-1.9968653647510957,-1.7835649997232919,-11.901973036909048,-12.1210507364154,10.067327281159734,6.703186531807364
20,0.75,4,washout_1,-0.22178954936979078,0.562053716587789,0.0,-1.9968653647510957,-1.8643914451132426,-11.901973036909048,-12.118205935091098,10.067327281159734,7.8946767263645405
20,0.75,4,lag1_exog,-0.22478508098440922,0.5232930819187771,0.0,-1.9968653647510957,-1.885687544288201,-11.901973036909048,-12.06346902483041,10.067327281159734,8.04215376813401
20,0.75,4,block_mean,-0.2284976139496893,0.5610674896926684,0.0,-1.9968653647510957,-1.8573725092004678,-11.901973036909048,-11.983832883258158,10.067327281159734,7.888456998637336
20,0.75,4,shift_level_drift,-0.2668409083676469,0.8380773995896184,0.0,-1.9968653647510957,-1.5582971005086392,-11.901973036909048,-11.951339754086447,10.067327281159734,6.7080849774224145
20,0.75,4,washout_1_drift,-0.18730870464340946,0.5521693984172503,0.0,-1.9968653647510957,-1.6243288587703026,-11.901973036909048,-12.027754795668802,10.067327281159734,7.898558276900304
20,0.75,8,shift_level,-0.2094870905342339,0.591438684799598,0.0,-1.9968653647510957,-1.867332876550134,-11.901973036909048,-11.944248533033885,10.067327281159734,8.243376042637733
20,0.75,8,washout_1,-0.1521945594404651,0.46668368553620093,0.0,-1.9968653647510957,-1.9596548758430787,-11.901973036909048,-12.016728910775454,10.067327281159734,9.115142157164863
20,0.75,8,lag1_exog,-0.14379466721335757,0.4915678726515269,0.0,-1.9968653647510957,-1.9502150823295932,-11.901973036909048,-11.726003908171807,10.067327281159734,9.120267133308062
20,0.75,8,block_mean,-0.08566742138195313,0.37827466743437343,0.0,-1.9968653647510957,-1.8875747417304418,-11.901973036909048,-11.754207559983854,10.067327281159734,9.125497519108253
20,0.75,8,shift_level_drift,-0.24504990163353416,0.585847924941833,0.0,-1.9968653647510957,-1.6227526335128974,-11.901973036909048,-12.022855389022077,10.067327281159734,8.224077595562964
20,0.75,8,washout_1_drift,-0.18018212083562427,0.46132610575409244,0.0,-1.9968653647510957,-1.5645075941526774,-11.901973036909048,-12.085182034511481,10.067327281159734,9.098358971865801
20,1.0,1,shift_level,-0.6706420050545769,1.978887464052192,0.0,-2.01967127366085,-0.8586116416907194,-11.901973036909045,-12.697203531681922,10.067986985355908,2.4605226896216394
20,1.0,1,lag1_exog,-0.47485034868612835,1.4434909745287965,0.0,-2.01967127366085,-1.040994211222409,-11.901973036909045,-11.256146870726429,10.067986985355908,4.427141670392053
20,1.0,1,shift_level_drift,-0.7190591404334007,1.976057975732311,0.0,-2.01967127366085,-0.9649688128663895,-11.901973036909045,-12.851174891816434,10.067986985355908,2.459282636391128
20,1.0,2,shift_level,-0.5915912984793658,1.7036001071626894,0.0,-2.01967127366085,-1.7637570335599757,-11.901973036909045,-11.337976739735907,10.067986985355908,3.3733054085297685
20,1.0,2,washout_1,-0.5330202440930292,1.4183167576382698,0.0,-2.01967127366085,-1.9539552775465143,-11.901973036909045,-10.906523250888728,10.067986985355908,4.546222966068752
20,1.0,2,lag1_exog,-0.49678523460852775,1.2934863782969195,0.0,-2.01967127366085,-2.144617789158871,-11.901973036909045,-10.837675298554366,10.067986985355908,5.0255144208662275
20,1.0,2,block_mean,-0.5330202440930292,1.4183167576382698,0.0,-2.01967127366085,-1.9539552775465143,-11.901973036909045,-10.906523250888728,10.067986985355908,4.546222966068752
20,1.0,2,shift_level_drift,-0.6099421617399985,1.6995880181934322,0.0,-2.01967127366085,-1.611275304749872,-11.901973036909045,-11.455931460011712,10.067986985355908,3.381622702487588
20,1.0,2,washout_1_drift,-0.542756931327526,1.4149872390505533,0.0,-2.01967127366085,-1.7765747044184645,-11.901973036909045,-11.113834676077154,10.067986985355908,4.551800954870892
20,1.0,4,shift_level,-0.5507085830104913,1.3900250890052903,0.0,-2.01967127366085,-1.7910271408737695,-11.901973036909045,-12.10785650905352,10.067986985355908,4.490529783961849
20,1.0,4,washout_1,-0.46326958876760443,1.1256348700246517,0.0,-2.01967127366085,-1.887160424902324,-11.901973036909045,-12.109143563600623,10.067986985355908,5.57105645441835
20,1.0,4,lag1_exog,-0.461057474991942,1.0691740273268484,0.0,-2.01967127366085,-1.9055211654823352,-11.901973036909045,-12.053835333835394,10.067986985355908,5.786855904940359
20,1.0,4,block_mean,-0.470020229568824,1.125422343198695,0.0,-2.01967127366085,-1.8816046359604888,-11.901973036909045,-11.97337323232213,10.067986985355908,5.56739149739429
20,1.0,4,shift_level_drift,-0.49026641109003205,1.3889417991194823,0.0,-2.01967127366085,-1.5496121912007035,-11.901973036909045,-11.953290661438178,10.067986985355908,4.495161839138255
20,1.0,4,washout_1_drift,-0.42824177349166087,1.1202275412006448,0.0,-2.01967127366085,-1.6180443857724358,-11.901973036909045,-12.032286675062544,10.067986985355908,5.577124584369105
20,1.0,8,shift_level,-0.407735333022904,1.0378191319162362,0.0,-2.01967127366085,-1.868193630208844,-11.901973036909045,-11.949304490373738,10.067986985355908,6.189937533777375
20,1.0,8,washout_1,-0.3490307007106645,0.8360370104670848,0.0,-2.01967127366085,-1.9683110313113772,-11.901973036909045,-12.025333201030914,10.067986985355908,7.12190857451215
20,1.0,8,lag1_exog,-0.33414597056376305,0.8360893442150521,0.0,-2.01967127366085,-1.956500612678545,-11.901973036909045,-11.732921452277504,10.067986985355908,7.178098203856589
20,1.0,8,block_mean,-0.28359664870771484,0.7871034131983871,0.0,-2.01967127366085,-1.900206865159299,-11.901973036909045,-11.76099982579689,10.067986985355908,7.1311046779481195
20,1.0,8,shift_level_drift,-0.4361853270427442,1.0376437137601968,0.0,-2.01967127366085,-1.6105785329480433,-11.901973036909045,-12.008921619250875,10.067986985355908,6.171014535243739
20,1.0,8,washout_1_drift,-0.3676667390463152,0.8376972425191006,0.0,-2.01967127366085,-1.5470770389694521,-11.901973036909045,-12.067786759916428,10.067986985355908,7.104793139293098
21,0.0,1,shift_level,0.024197380950850462,0.36057139017128365,0.0,-1.5054759216709783,-1.5159526185891514,-11.14849193341924,-11.398592970912588,9.984036582939654,9.876526234004004
21,0.0,1,lag1_exog,-0.04183868556291202,0.4852386236562296,0.0,-1.5054759216709783,-1.4031581254575398,-11.14849193341924,-11.877210413687177,9.984036582939654,10.131792133274677
21,0.0,1,shift_level_drift,-0.012487255742330132,0.366708073335576,0.0,-1.5054759216709783,-1.59200807223347,-11.14849193341924,-11.368494861249872,9.984036582939654,9.87395757461711
21,0.0,2,shift_level,-0.05255624997834257,0.32226149058273446,0.0,-1.5054759216709783,-1.1418516107158085,-11.14849193341924,-11.991145122846333,9.984036582939654,10.01486484670168
21,0.0,2,washout_1,-0.08831437088391814,0.5190799370834467,0.0,-1.5054759216709783,-1.0591553232376345,-11.14849193341924,-12.361651414661083,9.984036582939654,10.06763976941957
21,0.0,2,lag1_exog,-0.05795444567744589,0.4253102838921981,0.0,-1.5054759216709783,-0.9200909438104121,-11.14849193341924,-12.084331521397132,9.984036582939654,10.02556022047347
21,0.0,2,block_mean,-0.08831437088391814,0.5190799370834467,0.0,-1.5054759216709783,-1.0591553232376345,-11.14849193341924,-12.361651414661083,9.984036582939654,10.06763976941957
21,0.0,2,shift_level_drift,-0.08496751586072802,0.3345913109373959,0.0,-1.5054759216709783,-1.3653184755658265,-11.14849193341924,-11.971426405725062,9.984036582939654,10.014114291573259
21,0.0,2,washout_1_drift,-0.11881081026920072,0.5309872753713977,0.0,-1.5054759216709783,-1.2673081276661824,-11.14849193341924,-12.352947080747164,9.984036582939654,10.067793145759705
21,0.0,4,shift_level,0.03611293596955346,0.35398260890526023,0.0,-1.5054759216709783,-1.3992935201562424,-11.14849193341924,-9.694548988038225,9.984036582939654,9.938822996721221
21,0.0,4,washout_1,0.0508458373058116,0.375095584593091,0.0,-1.5054759216709783,-1.3533578331553187,-11.14849193341924,-9.718603330741423,9.984036582939654,9.77399783012859
21,0.0,4,lag1_exog,0.07158365591591306,0.44732106872472854,0.0,-1.5054759216709783,-1.4009132563510875,-11.14849193341924,-9.201676218073525,9.984036582939654,9.833275767130143
21,0.0,4,block_mean,0.018726927541318154,0.29746139489882534,0.0,-1.5054759216709783,-1.3697402368534575,-11.14849193341924,-10.22469537294441,9.984036582939654,9.733645606458284
21,0.0,4,shift_level_drift,0.0635077402452494,0.3363452964641612,0.0,-1.5054759216709783,-1.4288961873488877,-11.14849193341924,-9.756620206753542,9.984036582939654,9.936751284086121
21,0.0,4,washout_1_drift,0.07887727263193621,0.36355727403655336,0.0,-1.5054759216709783,-1.388193939884519,-11.14849193341924,-9.799903923169357,9.984036582939654,9.76555940625247
21,0.0,8,shift_level,-0.06653255772467334,0.262785278965996,0.0,-1.5054759216709783,-1.0788435561556007,-11.14849193341924,-11.360190555824548,9.984036582939654,9.914411765423665
21,0.0,8,washout_1,-0.10509937069561681,0.3724596093813625,0.0,-1.5054759216709783,-1.103293593068279,-11.14849193341924,-11.770779583009828,9.984036582939654,9.993906313964954
21,0.0,8,lag1_exog,-0.07242719186454159,0.2828118914887527,0.0,-1.5054759216709783,-1.1019167905605252,-11.14849193341924,-11.508827352120052,9.984036582939654,9.934318288993198
21,0.0,8,block_mean,-0.08530692933240337,0.361192734531785,0.0,-1.5054759216709783,-1.0971292057686635,-11.14849193341924,-11.663050981470423,9.984036582939654,9.9926148139391
21,0.0,8,shift_level_drift,-0.07255224159218791,0.23050688566153388,0.0,-1.5054759216709783,-1.3579449142408269,-11.14849193341924,-11.446003809806822,9.984036582939654,9.926220779709464
21,0.0,8,washout_1_drift,-0.11403297611979342,0.35998254174410027,0.0,-1.5054759216709783,-1.409670676111065,-11.14849193341924,-11.847155897081555,9.984036582939654,10.004606270840636
21,0.25,1,shift_level,-0.14124200218897814,0.6266244630875227,0.0,-1.626554150388083,-1.4017663273051357,-11.148491933419244,-11.374687406883517,9.984021397426204,7.995820319658568
21,0.25,1,lag1_exog,-0.07975333312053602,0.4955503804053789,0.0,-1.626554150388083,-1.4057138171299846,-11.148491933419244,-11.859590288937994,9.984021397426204,9.70201746288603
21,0.25,1,shift_level_drift,-0.1748327835068108,0.6262525238903652,0.0,-1.626554150388083,-1.4647328066112246,-11.148491933419244,-11.351324738764625,9.984021397426204,7.994769594053361
21,0.25,2,shift_level,-0.1568006460980807,0.4412980716353599,0.0,-1.626554150388083,-1.045812477182201,-11.148491933419244,-11.951818932369761,9.984021397426204,8.878028093747453
21,0.25,2,washout_1,-0.13254217985757985,0.5192184982598679,0.0,-1.626554150388083,-1.0527408028413803,-11.148491933419244,-12.308892894828315,9.984021397426204,9.714979319809988
21,0.25,2,lag1_exog,-0.0961231943723995,0.42982411722942665,0.0,-1.626554150388083,-0.9465353473607716,-11.148491933419244,-12.034954341950458,9.984021397426204,9.773404063158477
21,0.25,2,block_mean,-0.13254217985757985,0.5192184982598679,0.0,-1.626554150388083,-1.0527408028413803,-11.148491933419244,-12.308892894828315,9.984021397426204,9.714979319809988
21,0.25,2,shift_level_drift,-0.18366021930137608,0.442706399128282,0.0,-1.626554150388083,-1.2602834045958955,-11.148491933419244,-11.926386640350916,9.984021397426204,8.877713013575981
21,0.25,2,washout_1_drift,-0.16019903221751655,0.5265313830702809,0.0,-1.626554150388083,-1.2451342199316853,-11.148491933419244,-12.30434669275878,9.984021397426204,9.715288295003644
21,0.25,4,shift_level,0.0108092672726138,0.36256753171751704,0.0,-1.626554150388083,-1.4251266932148052,-11.148491933419244,-9.732375199391607,9.984021397426204,9.386961480793081
21,0.25,4,washout_1,0.06783490749572385,0.35501535362214154,0.0,-1.626554150388083,-1.4272122102317193,-11.148491933419244,-9.783810273198274,9.984021397426204,9.666187346767535
21,0.25,4,lag1_exog,0.08648700471666577,0.4273948916480068,0.0,-1.626554150388083,-1.4846954520358022,-11.148491933419244,-9.26063657202781,9.984021397426204,9.731735402496366
21,0.25,4,block_mean,0.03489454578441502,0.27777155023992195,0.0,-1.626554150388083,-1.4426376240506715,-11.148491933419244,-10.291653502930055,9.984021397426204,9.62981584216477
21,0.25,4,shift_level_drift,0.024588888407622803,0.3455472441891561,0.0,-1.626554150388083,-1.404288699329534,-11.148491933419244,-9.819287884741282,9.984021397426204,9.380321569471906
21,0.25,4,washout_1_drift,0.08391996358190566,0.3451034374396257,0.0,-1.626554150388083,-1.393660704931476,-11.148491933419244,-9.871565372265607,9.984021397426204,9.651007429314834
21,0.25,8,shift_level,-0.0825807248372153,0.2686314536633453,0.0,-1.626554150388083,-1.1389414690731414,-11.148491933419244,-11.397150461551005,9.984021397426204,9.64243529268646
21,0.25,8,washout_1,-0.10196943700576108,0.3622899378399991,0.0,-1.626554150388083,-1.1947891579059466,-11.148491933419244,-11.80189083915353,9.984021397426204,9.918020347283294
21,0.25,8,lag1_exog,-0.06628117295126416,0.273164340345434,0.0,-1.626554150388083,-1.1964225922784433,-11.148491933419244,-11.55055057224971,9.984021397426204,9.877548934020597
21,0.25,8,block_mean,-0.08297231829490223,0.34951672379738463,0.0,-1.626554150388083,-1.1886813570433368,-11.148491933419244,-11.70003355604255,9.984021397426204,9.919653170926209
21,0.25,8,shift_level_drift,-0.08841574221833907,0.24670350801702914,0.0,-1.626554150388083,-1.3250876819167747,-11.148491933419244,-11.471935784808686,9.984021397426204,9.64884901104348
21,0.25,8,washout_1_drift,-0.1084402941993693,0.3543765035621224,0.0,-1.626554150388083,-1.3917649904277793,-11.148491933419244,-11.860057163173133,9.984021397426204,9.922611312579736
21,0.5,1,shift_level,-0.30947383553799074,1.0588984288956411,0.0,-1.6920422380465316,-1.3261614954736791,-11.148491933419239,-11.36167567047747,9.98404892558991,6.122150578141254
21,0.5,1,lag1_exog,-0.19461625411399977,0.6147227536219985,0.0,-1.6920422380465316,-1.3951001252598187,-11.148491933419239,-11.853751061821882,9.98404892558991,8.582123942380267
21,0.5,1,shift_level_drift,-0.34005695718689133,1.0578593078774354,0.0,-1.6920422380465316,-1.3820519328000311,-11.148491933419239,-11.338022251289832,9.98404892558991,6.122204345533511
21,0.5,2,shift_level,-0.2998215836606438,0.7534571529170258,0.0,-1.6920422380465316,-0.9923960648671796,-11.148491933419239,-11.934086231474879,9.98404892558991,7.3857006823875295
21,0.5,2,washout_1,-0.24703765475640502,0.606560653704722,0.0,-1.6920422380465316,-1.0561727153497955,-11.148491933419239,-12.277856958572364,9.98404892558991,8.680305207091074
21,0.5,2,lag1_exog,-0.19414583709681138,0.508352932959856,0.0,-1.6920422380465316,-0.9770577506384118,-11.148491933419239,-12.005202877409848,9.98404892558991,8.913656630006123
21,0.5,2,block_mean,-0.24703765475640502,0.606560653704722,0.0,-1.6920422380465316,-1.0561727153497955,-11.148491933419239,-12.277856958572364,9.98404892558991,8.680305207091074
21,0.5,2,shift_level_drift,-0.3204813768010841,0.7508320713346053,0.0,-1.6920422380465316,-1.19769419778356,-11.148491933419239,-11.895075848791372,9.98404892558991,7.386038117014137
21,0.5,2,washout_1_drift,-0.2701321675999917,0.6091743331080852,0.0,-1.6920422380465316,-1.231597808917086,-11.148491933419239,-12.26838129391812,9.98404892558991,8.681308125177667
21,0.5,4,shift_level,-0.058282403198555606,0.490965174466843,0.0,-1.6920422380465316,-1.4764089738817192,-11.148491933419239,-9.769020247116096,9.98404892558991,8.565719596149426
21,0.5,4,washout_1,0.030177355697990463,0.38143356152450636,0.0,-1.6920422380465316,-1.49299153603676,-11.148491933419239,-9.83816820001783,9.98404892558991,9.19772511968634
21,0.5,4,lag1_exog,0.05061920917831369,0.4396271735341667,0.0,-1.6920422380465316,-1.5622997487841923,-11.148491933419239,-9.31284799738479,9.98404892558991,9.308271566567218
21,0.5,4,block_mean,-0.003098508519825855,0.3178429127166568,0.0,-1.6920422380465316,-1.5074269066323014,-11.148491933419239,-10.34537506203935,9.98404892558991,9.162286657156573
21,0.5,4,shift_level_drift,-0.048487373251319875,0.4808224314878484,0.0,-1.6920422380465316,-1.4110344400631982,-11.148491933419239,-9.851669791721466,9.98404892558991,8.554079804138237
21,0.5,4,washout_1_drift,0.04272726298432202,0.377526559772328,0.0,-1.6920422380465316,-1.3986186883548193,-11.148491933419239,-9.913638094606895,9.98404892558991,9.178506158764804
21,0.5,8,shift_level,-0.1206311773299571,0.3234383939794025,0.0,-1.6920422380465316,-1.201103598917907,-11.148491933419239,-11.434036852077298,9.98404892558991,9.224491396380834
21,0.5,8,washout_1,-0.1224238483696312,0.3668728418568116,0.0,-1.6920422380465316,-1.276618057444068,-11.148491933419239,-11.831709452233266,9.98404892558991,9.679521418714534
21,0.5,8,lag1_exog,-0.08312470699550137,0.28180894406096496,0.0,-1.6920422380465316,-1.276780071885954,-11.148491933419239,-11.586404501675524,9.98404892558991,9.664988329949026
21,0.5,8,block_mean,-0.10351843523264069,0.353758243452326,0.0,-1.6920422380465316,-1.2704538598465291,-11.148491933419239,-11.731479845935315,9.98404892558991,9.6829054675581
21,0.5,8,shift_level_drift,-0.1256145806445696,0.30982766468421663,0.0,-1.6920422380465316,-1.3171966848408967,-11.148491933419239,-11.503888520190591,9.98404892558991,9.228511748263246
21,0.5,8,washout_1_drift,-0.1264653804847821,0.36213102766570515,0.0,-1.6920422380465316,-1.388679449865157,-11.148491933419239,-11.880082767510109,9.98404892558991,9.681641589132767
21,0.75,1,shift_level,-0.4759199961811295,1.5159203042261185,0.0,-1.7315394412073983,-1.2462413634873688,-11.148491933419242,-11.359541995588856,9.984132007187604,4.281421579395436
21,0.75,1,lag1_exog,-0.3801506994341783,0.9574545430727739,0.0,-1.7315394412073983,-1.3657238908042526,-11.148491933419242,-11.859330495122506,9.984132007187604,6.814405923662621
21,0.75,1,shift_level_drift,-0.5036706198006209,1.5152564029101434,0.0,-1.7315394412073983,-1.2947515128702363,-11.148491933419242,-11.338469620471603,9.984132007187604,4.282280222252829
21,0.75,2,shift_level,-0.47595680487435754,1.187716583901635,0.0,-1.7315394412073983,-0.9670260660141727,-11.148491933419242,-11.91745562321249,9.984132007187604,5.5510681765059005
21,0.75,2,washout_1,-0.4269661533659278,0.9133972249884457,0.0,-1.7315394412073983,-1.0715850693894686,-11.148491933419242,-12.241345326306202,9.984132007187604,6.962640313750235
21,0.75,2,lag1_exog,-0.3581986427397897,0.7977615806411317,0.0,-1.7315394412073983,-1.0088705441189165,-11.148491933419242,-11.973286726049043,9.984132007187604,7.333606493975902
21,0.75,2,block_mean,-0.4269661533659278,0.9133972249884457,0.0,-1.7315394412073983,-1.0715850693894686,-11.148491933419242,-12.241345326306202,9.984132007187604,6.962640313750235
21,0.75,2,shift_level_drift,-0.4905359854924982,1.1843363046064341,0.0,-1.7315394412073983,-1.1643460310621498,-11.148491933419242,-11.863877760927712,9.984132007187604,5.552675533778771
21,0.75,2,washout_1_drift,-0.4447141153124355,0.9127884485165795,0.0,-1.7315394412073983,-1.2319921355981578,-11.148491933419242,-12.224908935620418,9.984132007187604,6.96481933237754
21,0.75,4,shift_level,-0.183417207933504,0.7909305917404995,0.0,-1.7315394412073983,-1.5221512567122581,-11.148491933419242,-9.805045770776143,9.984132007187604,7.27924024938949
21,0.75,4,washout_1,-0.08120873066097996,0.58059652825186,0.0,-1.7315394412073983,-1.5425270148584016,-11.148491933419242,-9.886674534064136,9.984132007187604,8.124752395457602
21,0.75,4,lag1_exog,-0.054128022311947945,0.5921343816970404,0.0,-1.7315394412073983,-1.6236088462212668,-11.148491933419242,-9.35932327049311,9.984132007187604,8.311659470490138
21,0.75,4,block_mean,-0.11520542344836185,0.548069108613359,0.0,-1.7315394412073983,-1.556542881847192,-11.148491933419242,-10.391473433479328,9.984132007187604,8.082604161002065
21,0.75,4,shift_level_drift,-0.17437534365375656,0.7865040199196641,0.0,-1.7315394412073983,-1.420794038289874,-11.148491933419242,-9.878577807135255,9.984132007187604,7.264811889878302
21,0.75,4,washout_1_drift,-0.06936691520768798,0.5819258752671269,0.0,-1.7315394412073983,-1.4026880388928937,-11.148491933419242,-9.949747620068658,9.984132007187604,8.104297474119756
21,0.75,8,shift_level,-0.18951935658761979,0.47063906694253255,0.0,-1.7315394412073983,-1.2609677110939583,-11.148491933419242,-11.454077648031138,9.984132007187604,8.509273568293704
21,0.75,8,washout_1,-0.17762946822546336,0.4271880621235454,0.0,-1.7315394412073983,-1.3454115830356848,-11.148491933419242,-11.846567437030279,9.984132007187604,9.102468198891339
21,0.75,8,lag1_exog,-0.13463017722906012,0.3521068162442742,0.0,-1.7315394412073983,-1.3434204251806454,-11.148491933419242,-11.605536837042008,9.984132007187604,9.132278949857264
21,0.75,8,block_mean,-0.15882692891320177,0.4164876958816761,0.0,-1.7315394412073983,-1.3390970791909735,-11.148491933419242,-11.74641313241992,9.984132007187604,9.105081662925352
21,0.75,8,shift_level_drift,-0.19392598018389826,0.46296030583586556,0.0,-1.7315394412073983,-1.3126312654717798,-11.148491933419242,-11.520811588946012,9.984132007187604,8.515032116590616
21,0.75,8,washout_1_drift,-0.1804565573279199,0.42421464750289994,0.0,-1.7315394412073983,-1.3799996017440601,-11.148491933419242,-11.888204407381972,9.984132007187604,9.106421666142174
21,1.0,1,shift_level,-0.6375190981274466,1.9689529493308235,0.0,-1.7535527250836234,-1.1788756910923635,-11.14849193341924,-11.361073303456102,9.984223899321897,2.5031160640969676
21,1.0,1,lag1_exog,-0.6270197765628426,1.504446132486086,0.0,-1.7535527250836234,-1.3304781351285535,-11.14849193341924,-11.869341740339935,9.984223899321897,4.467872450706537
21,1.0,1,shift_level_drift,-0.6634084396057714,1.9688285484288977,0.0,-1.7535527250836234,-1.2192602137743562,-11.14849193341924,-11.343993863402599,9.984223899321897,2.504480602083288
21,1.0,2,shift_level,-0.6785504645580305,1.7011135941003963,0.0,-1.7535527250836234,-0.9585912576778925,-11.14849193341924,-11.897254097107524,9.984223899321897,3.4692390826125092
21,1.0,2,washout_1,-0.6676203812978108,1.4400608939953672,0.0,-1.7535527250836234,-1.089713186838805,-11.14849193341924,-12.208478278933459,9.984223899321897,4.639386120431705
21,1.0,2,lag1_exog,-0.5966522335663209,1.3291794840249282,0.0,-1.7535527250836234,-1.0366699983507797,-11.14849193341924,-11.944107005824035,9.984223899321897,5.021876572248564
21,1.0,2,block_mean,-0.6676203812978108,1.4400608939953672,0.0,-1.7535527250836234,-1.089713186838805,-11.14849193341924,-12.208478278933459,9.984223899321897,4.639386120431705
21,1.0,2,shift_level_drift,-0.688129286432288,1.697716312177555,0.0,-1.7535527250836234,-1.1505471959289246,-11.14849193341924,-11.834811453472724,9.984223899321897,3.4725126477229895
21,1.0,2,washout_1_drift,-0.6809973579828427,1.4383263362635663,0.0,-1.7535527250836234,-1.2373083425135185,-11.14849193341924,-12.19101338037392,9.984223899321897,4.641848434526564
21,1.0,4,shift_level,-0.38957155568774465,1.3028013860108485,0.0,-1.7535527250836234,-1.565196720423283,-11.14849193341924,-9.838901357552125,9.984223899321897,5.24000645630507
21,1.0,4,washout_1,-0.2979412666303755,1.078472766692325,0.0,-1.7535527250836234,-1.5871768991161121,-11.14849193341924,-9.934583583286072,9.984223899321897,6.081158979010494
21,1.0,4,lag1_exog,-0.2649774806149993,1.045988148099275,0.0,-1.7535527250836234,-1.675191414362874,-11.14849193341924,-9.401105835475317,9.984223899321897,6.328279997583601
21,1.0,4,block_mean,-0.33349420668801877,1.0695262455363703,0.0,-1.7535527250836234,-1.601279152253963,-11.14849193341924,-10.436517903327218,9.984223899321897,6.024955030309311
21,1.0,4,shift_level_drift,-0.38045255319014043,1.3010883082204203,0.0,-1.7535527250836234,-1.435299892607598,-11.14849193341924,-9.90272936883826,9.984223899321897,5.225748651234861
21,1.0,4,washout_1_drift,-0.28596610203559086,1.0809916035056073,0.0,-1.7535527250836234,-1.413951416252155,-11.14849193341924,-9.986151412326077,9.984223899321897,6.062902466410929
21,1.0,8,shift_level,-0.3313389350101306,0.8155141867575176,0.0,-1.7535527250836234,-1.3061647482061276,-11.14849193341924,-11.458984943026522,9.984223899321897,7.109442094061434
21,1.0,8,washout_1,-0.3176253134157526,0.6988366768036381,0.0,-1.7535527250836234,-1.3963679536046103,-11.14849193341924,-11.84767630435103,9.984223899321897,7.743759658096611
21,1.0,8,lag1_exog,-0.2679687137787097,0.6352054002486878,0.0,-1.7535527250836234,-1.3930185524097216,-11.14849193341924,-11.61010543819166,9.984223899321897,7.844235009921123
21,1.0,8,block_mean,-0.29956737870066574,0.6946750706820909,0.0,-1.7535527250836234,-1.3899197080174797,-11.14849193341924,-11.746793228664487,9.984223899321897,7.741882828801566
21,1.0,8,shift_level_drift,-0.33685541069293545,0.8106349415102068,0.0,-1.7535527250836234,-1.3082265573417593,-11.14849193341924,-11.52624481832206,9.984223899321897,7.1232500084559565
21,1.0,8,washout_1_drift,-0.3212359586807911,0.6965217420483706,0.0,-1.7535527250836234,-1.3698220236107326,-11.14849193341924,-11.886463648119872,9.984223899321897,7.756263375070396
22,0.0,1,shift_level,-0.10435614778855973,0.3029364093796833,0.0,-1.1699776134751518,-0.7599266323890067,-11.3329308245694,-12.186905247783297,9.97587415078194,9.83174522047939
22,0.0,1,lag1_exog,-0.12589713421108698,0.49201268966147504,0.0,-1.1699776134751518,-0.41336421779821164,-11.3329308245694,-11.808468987892915,9.97587415078194,10.052582623273508
22,0.0,1,shift_level_drift,-0.10578884175937835,0.28414531040407925,0.0,-1.1699776134751518,-0.9393924986161956,-11.3329308245694,-12.181953331459106,9.97587415078194,9.831458478142217
22,0.0,2,shift_level,0.0242098485114567,0.16687353899184745,0.0,-1.1699776134751518,-0.9851253073515212,-11.3329308245694,-11.788642614091945,9.97587415078194,9.934777365277982
22,0.0,2,washout_1,-0.021382148357889624,0.2542318471052004,0.0,-1.1699776134751518,-0.9948360183587229,-11.3329308245694,-12.447682252040366,9.97587415078194,9.892382558282556
22,0.0,2,lag1_exog,-0.01196936554311869,0.19549046785646493,0.0,-1.1699776134751518,-0.8836185922012343,-11.3329308245694,-12.112651826088301,9.97587415078194,10.02081618869326
22,0.0,2,block_mean,-0.021382148357889624,0.2542318471052004,0.0,-1.1699776134751518,-0.9948360183587229,-11.3329308245694,-12.447682252040366,9.97587415078194,9.892382558282556
22,0.0,2,shift_level_drift,0.008511668773266591,0.15742831391854634,0.0,-1.1699776134751518,-1.117284723841216,-11.3329308245694,-11.813321704067228,9.97587415078194,9.937345955989134
22,0.0,2,washout_1_drift,-0.06821702099657487,0.2650378835901289,0.0,-1.1699776134751518,-1.193008941401144,-11.3329308245694,-12.49231681655001,9.97587415078194,9.891047353130126
22,0.0,4,shift_level,0.07377367777615475,0.1942746886257744,0.0,-1.1699776134751518,-1.2203249316709306,-11.3329308245694,-11.06361176746918,9.97587415078194,10.031001418279496
22,0.0,4,washout_1,0.014756191715706333,0.14108587209521595,0.0,-1.1699776134751518,-1.1516055304935593,-11.3329308245694,-11.435108694985313,9.97587415078194,9.94882836753076
22,0.0,4,lag1_exog,0.04289308942443226,0.15820976073473905,0.0,-1.1699776134751518,-1.234968466798963,-11.3329308245694,-11.43215209334057,9.97587415078194,9.998449777442659
22,0.0,4,block_mean,0.0015086222409458458,0.15894001734225838,0.0,-1.1699776134751518,-1.1550752315087838,-11.3329308245694,-11.467629478585977,9.97587415078194,9.94014123612893
22,0.0,4,shift_level_drift,0.04567738799801727,0.17039872452892046,0.0,-1.1699776134751518,-1.1561329477724254,-11.3329308245694,-11.129125521964083,9.97587415078194,10.03510667448705
22,0.0,4,washout_1_drift,-0.021765718498795626,0.11841150903781589,0.0,-1.1699776134751518,-1.1239607267778065,-11.3329308245694,-11.477380822003841,9.97587415078194,9.951889450672425
22,0.0,8,shift_level,0.10655340425716904,0.38628071491231314,0.0,-1.1699776134751518,-1.6497497966168648,-11.3329308245694,-11.18548753264654,9.97587415078194,10.095863540919298
22,0.0,8,washout_1,0.13772627466521328,0.4289289802148833,0.0,-1.1699776134751518,-1.5370226626965242,-11.3329308245694,-11.1152923033138,9.97587415078194,10.079837541535431
22,0.0,8,lag1_exog,0.1264568813848358,0.38841658145013164,0.0,-1.1699776134751518,-1.6029823574796267,-11.3329308245694,-11.134467922481189,9.97587415078194,10.097840942441687
22,0.0,8,block_mean,0.11192301130851082,0.3598527957540664,0.0,-1.1699776134751518,-1.5264198424651805,-11.3329308245694,-10.97799997228929,9.97587415078194,10.064412975362186
22,0.0,8,shift_level_drift,0.0987570637234023,0.34742269418756805,0.0,-1.1699776134751518,-1.1883977019291796,-11.3329308245694,-11.187755363988337,9.97587415078194,10.100494037315423
22,0.0,8,washout_1_drift,0.12690524472870615,0.3987501538665489,0.0,-1.1699776134751518,-1.1159472911832582,-11.3329308245694,-11.125151766528528,9.97587415078194,10.085376643995975
22,0.25,1,shift_level,-0.2529980007197374,0.5763179145297077,0.0,-1.2369136550063056,-0.6548553355258315,-11.332930824569402,-12.170438655972665,9.976028694323585,8.028922586905807
22,0.25,1,lag1_exog,-0.13978951581620033,0.49314548769232525,0.0,-1.2369136550063056,-0.3879851554971976,-11.332930824569402,-11.79278613913084,9.976028694323585,9.671553488087131
22,0.25,1,shift_level_drift,-0.25776702810784935,0.5669769834125448,0.0,-1.2369136550063056,-0.824365342567672,-11.332930824569402,-12.161195782126281,9.976028694323585,8.028227513648153
22,0.25,2,shift_level,-0.055512999896457894,0.3306696894299149,0.0,-1.2369136550063056,-0.8751816800285056,-11.332930824569402,-11.7860242921242,9.976028694323585,8.836808762766434
22,0.25,2,washout_1,-0.0379227676494789,0.2724979846872697,0.0,-1.2369136550063056,-0.9304156239225037,-11.332930824569402,-12.42199134657439,9.976028694323585,9.576878989487675
22,0.25,2,lag1_exog,-0.021568421361570944,0.20630995226618176,0.0,-1.2369136550063056,-0.8432459579015177,-11.332930824569402,-12.097191657552603,9.976028694323585,9.757508645687764
22,0.25,2,block_mean,-0.0379227676494789,0.2724979846872697,0.0,-1.2369136550063056,-0.9304156239225037,-11.332930824569402,-12.42199134657439,9.976028694323585,9.576878989487675
22,0.25,2,shift_level_drift,-0.07318242633967058,0.3209505212410997,0.0,-1.2369136550063056,-1.0072567915132633,-11.332930824569402,-11.79950991046681,9.976028694323585,8.838500205462667
22,0.25,2,washout_1_drift,-0.08814595640195756,0.27265806611332505,0.0,-1.2369136550063056,-1.154278593988821,-11.332930824569402,-12.45190366903811,9.976028694323585,9.578224447982045
22,0.25,4,shift_level,0.03460151367912245,0.24296894509178202,0.0,-1.2369136550063056,-1.252333857603349,-11.332930824569402,-11.029556022656639,9.976028694323585,9.509706250472966
22,0.25,4,washout_1,0.009385531791461246,0.1381729451846698,0.0,-1.2369136550063056,-1.2108530889704032,-11.332930824569402,-11.411544582859202,9.976028694323585,9.84985762755879
22,0.25,4,lag1_exog,0.038777572746632925,0.15945480778988977,0.0,-1.2369136550063056,-1.3005969196577567,-11.332930824569402,-11.401078600885155,9.976028694323585,9.900919143478836
22,0.25,4,block_mean,-0.00401973523351218,0.15440359621795574,0.0,-1.2369136550063056,-1.2145336112052378,-11.332930824569402,-11.445317579242522,9.976028694323585,9.84201280318578
22,0.25,4,shift_level_drift,0.0025936914832424135,0.21610399462312765,0.0,-1.2369136550063056,-1.1312802258614794,-11.332930824569402,-11.083908514270291,9.976028694323585,9.514730465424105
22,0.25,4,washout_1_drift,-0.027711824897398273,0.11676604515875418,0.0,-1.2369136550063056,-1.1202920930866247,-11.332930824569402,-11.44253749753821,9.976028694323585,9.85614618960111
22,0.25,8,shift_level,0.08695692851003235,0.37872351573583174,0.0,-1.2369136550063056,-1.6226370360989022,-11.332930824569402,-11.122526269160133,9.976028694323585,9.815061844562656
22,0.25,8,washout_1,0.13863557630818887,0.42570706203370756,0.0,-1.2369136550063056,-1.5184285144739897,-11.332930824569402,-11.045006845312018,9.976028694323585,10.03177491516605
22,0.25,8,lag1_exog,0.12608572149045047,0.38282165723960454,0.0,-1.2369136550063056,-1.5853319719582522,-11.332930824569402,-11.067227962613316,9.976028694323585,10.04710240016979
22,0.25,8,block_mean,0.11154642911756749,0.35550436669785423,0.0,-1.2369136550063056,-1.5095291453913653,-11.332930824569402,-10.901462843337578,9.976028694323585,10.016569349637464
22,0.25,8,shift_level_drift,0.08023336626073051,0.34802574234420947,0.0,-1.2369136550063056,-1.1607904269356681,-11.332930824569402,-11.130549087159551,9.976028694323585,9.817542694276083
22,0.25,8,washout_1_drift,0.1288739557506495,0.4021860225362587,0.0,-1.2369136550063056,-1.083417758179537,-11.332930824569402,-11.061086668196728,9.976028694323585,10.03525608991029
22,0.5,1,shift_level,-0.40532854479831304,1.0054040063862413,0.0,-1.2730802280677374,-0.6029600189709281,-11.332930824569399,-12.156686058680465,9.976157429646548,6.179660978687981
22,0.5,1,lag1_exog,-0.23204306477763822,0.5953140145693276,0.0,-1.2730802280677374,-0.41342234784047693,-11.332930824569399,-11.767927018000105,9.976157429646548,8.563718345460156
22,0.5,1,shift_level_drift,-0.41584035923734813,1.000863328923453,0.0,-1.2730802280677374,-0.7651028160076684,-11.332930824569399,-12.150473749564611,9.976157429646548,6.179371754178805
22,0.5,2,shift_level,-0.17490076106575908,0.6493832199447945,0.0,-1.2730802280677374,-0.8163182732562271,-11.332930824569399,-11.771780144039282,9.976157429646548,7.400601953600043
22,0.5,2,washout_1,-0.1262874397734617,0.41385321936387903,0.0,-1.2730802280677374,-0.9140048290780587,-11.332930824569399,-12.383602702222554,9.976157429646548,8.597422250353176
22,0.5,2,lag1_exog,-0.09511237242598372,0.3157911946357307,0.0,-1.2730802280677374,-0.8388078080199379,-11.332930824569399,-12.070945826577276,9.976157429646548,8.917799590357436
22,0.5,2,block_mean,-0.1262874397734617,0.41385321936387903,0.0,-1.2730802280677374,-0.9140048290780587,-11.332930824569399,-12.383602702222554,9.976157429646548,8.597422250353176
22,0.5,2,shift_level_drift,-0.19073454103367693,0.6436288134476055,0.0,-1.2730802280677374,-0.9420737716904055,-11.332930824569399,-11.773091432470055,9.976157429646548,7.400793761734502
22,0.5,2,washout_1_drift,-0.1730290602912081,0.4089328631605246,0.0,-1.2730802280677374,-1.1407001052806693,-11.332930824569399,-12.395931617868136,9.976157429646548,8.598350915234164
22,0.5,4,shift_level,-0.03713291453990265,0.38873627618091267,0.0,-1.2730802280677374,-1.2796525791542352,-11.332930824569399,-11.006797431461138,9.976157429646548,8.715248087155416
22,0.5,4,washout_1,-0.036233330572401544,0.19417193257327803,0.0,-1.2730802280677374,-1.256429708683449,-11.332930824569399,-11.399185439476776,9.976157429646548,9.391602863539415
22,0.5,4,lag1_exog,-0.0007374108722840147,0.19064923983901635,0.0,-1.2730802280677374,-1.3483516886471671,-11.332930824569399,-11.382067096730207,9.976157429646548,9.484962554814615
22,0.5,4,block_mean,-0.050124141487680705,0.20723018228482148,0.0,-1.2730802280677374,-1.259474306618399,-11.332930824569399,-11.435351809852657,9.976157429646548,9.382526688458805
22,0.5,4,shift_level_drift,-0.06954861981100868,0.37023313969221466,0.0,-1.2730802280677374,-1.1198417238962626,-11.332930824569399,-11.052652638175093,9.976157429646548,8.721142226222106
22,0.5,4,washout_1_drift,-0.07044907735247549,0.18010210824881256,0.0,-1.2730802280677374,-1.1271941585583551,-11.332930824569399,-11.420157978629344,9.976157429646548,9.400145389131145
22,0.5,8,shift_level,0.052188984531080056,0.3967037851464198,0.0,-1.2730802280677374,-1.6012254423171997,-11.332930824569399,-11.09300848070266,9.976157429646548,9.385143689879246
22,0.5,8,washout_1,0.121792741250068,0.4230503833534969,0.0,-1.2730802280677374,-1.5075204992351476,-11.332930824569399,-11.011842499147184,9.976157429646548,9.81204031223482
22,0.5,8,lag1_exog,0.10899879667486463,0.3785630377647008,0.0,-1.2730802280677374,-1.5751014762808788,-11.332930824569399,-11.034230023833771,9.976157429646548,9.831587705646276
22,0.5,8,block_mean,0.09427292854348987,0.35323378726256865,0.0,-1.2730802280677374,-1.499495447228037,-11.332930824569399,-10.8648303073705,9.976157429646548,9.79585997039316
22,0.5,8,shift_level_drift,0.04708396685531861,0.3720700190758669,0.0,-1.2730802280677374,-1.1466550746116781,-11.332930824569399,-11.103119730250501,9.976157429646548,9.384742692225206
22,0.5,8,washout_1_drift,0.11318092780914235,0.40298153490660354,0.0,-1.2730802280677374,-1.0715804384057446,-11.332930824569399,-11.02894303385541,9.976157429646548,9.812919834459594
22,0.75,1,shift_level,-0.5643271528199326,1.4668724580123713,0.0,-1.29017993745288,-0.5791979077463655,-11.3329308245694,-12.153567152323973,9.976309077763574,4.3073293553276955
22,0.75,1,lag1_exog,-0.4058392391437537,0.9312999680037896,0.0,-1.29017993745288,-0.4673795753427754,-11.3329308245694,-11.74841869692648,9.976309077763574,6.743986076169847
22,0.75,1,shift_level_drift,-0.5795623117101449,1.4641900633688063,0.0,-1.29017993745288,-0.7328218679313043,-11.3329308245694,-12.148355866582524,9.976309077763574,4.30734474214013
22,0.75,2,shift_level,-0.33214095656060877,1.0717025454298974,0.0,-1.29017993745288,-0.7788094395483707,-11.3329308245694,-11.748793848318948,9.976309077763574,5.620251278136313
22,0.75,2,washout_1,-0.28184754741079354,0.7692261633409578,0.0,-1.29017993745288,-0.9029250166833469,-11.3329308245694,-12.348470933966151,9.976309077763574,6.946972197938033
22,0.75,2,lag1_exog,-0.23940904519053308,0.6447383806518182,0.0,-1.29017993745288,-0.84007501073106,-11.3329308245694,-12.040066661717075,9.976309077763574,7.379465459410845
22,0.75,2,block_mean,-0.28184754741079354,0.7692261633409578,0.0,-1.29017993745288,-0.9029250166833469,-11.3329308245694,-12.348470933966151,9.976309077763574,6.946972197938033
22,0.75,2,shift_level_drift,-0.34619075484490097,1.0680547723502865,0.0,-1.29017993745288,-0.896005123670989,-11.3329308245694,-11.743273801823438,9.976309077763574,5.619213593222405
22,0.75,2,washout_1_drift,-0.3234527500937861,0.7641510068113866,0.0,-1.29017993745288,-1.1160657068111548,-11.3329308245694,-12.347295519952432,9.976309077763574,6.946851967524259
22,0.75,4,shift_level,-0.16110183954094265,0.6761878977786657,0.0,-1.29017993745288,-1.278675570490384,-11.3329308245694,-11.0003746410299,9.976309077763574,7.476173145345888
22,0.75,4,washout_1,-0.1479502447740227,0.4348844134544804,0.0,-1.29017993745288,-1.28039602204049,-11.3329308245694,-11.395542696278257,9.976309077763574,8.343935186045574
22,0.75,4,lag1_exog,-0.1042495059901777,0.39299416608031545,0.0,-1.29017993745288,-1.369292059383858,-11.3329308245694,-11.37268600216274,9.976309077763574,8.520019746741463
22,0.75,4,block_mean,-0.1624934159747299,0.44317011105203685,0.0,-1.29017993745288,-1.282844900086674,-11.3329308245694,-11.433963953061827,9.976309077763574,8.330548413238734
22,0.75,4,shift_level_drift,-0.19122897783082204,0.664211551989051,0.0,-1.29017993745288,-1.1052511304023935,-11.3329308245694,-11.036781900385245,9.976309077763574,7.483486245348626
22,0.75,4,washout_1_drift,-0.17793471243755446,0.42587374311995546,0.0,-1.29017993745288,-1.1410043153907805,-11.3329308245694,-11.407211042024418,9.976309077763574,8.353797182726407
22,0.75,8,shift_level,-0.017469478328871735,0.49059965200129435,0.0,-1.29017993745288,-1.585286530311426,-11.3329308245694,-11.068554279599631,9.976309077763574,8.637283266768875
22,0.75,8,washout_1,0.06587220232614704,0.4551307424267574,0.0,-1.29017993745288,-1.4979571498929218,-11.3329308245694,-10.983256477997566,9.976309077763574,9.23188938854781
22,0.75,8,lag1_exog,0.05481499936513914,0.40939075421912446,0.0,-1.29017993745288,-1.5665350078729123,-11.3329308245694,-11.005744210302268,9.976309077763574,9.26859283439267
22,0.75,8,block_mean,0.038308200904724345,0.3924577729571893,0.0,-1.29017993745288,-1.490386069366853,-11.3329308245694,-10.833791622103417,9.976309077763574,9.21221900699339
22,0.75,8,shift_level_drift,-0.02156115812009261,0.47210276367470994,0.0,-1.29017993745288,-1.1346732055774247,-11.3329308245694,-11.078001566762232,9.976309077763574,8.633908254331981
22,0.75,8,washout_1_drift,0.05791618503354445,0.43685495290584153,0.0,-1.29017993745288,-1.061163207888838,-11.3329308245694,-10.996355149015335,9.976309077763574,9.230424748756965
22,1.0,1,shift_level,-0.7242544223205013,1.934271636545989,0.0,-1.298922936849813,-0.5863932194851325,-11.332930824569399,-12.152092218906791,9.976539738808459,2.466428601432389
22,1.0,1,lag1_exog,-0.6533156021036941,1.4917645168324771,0.0,-1.298922936849813,-0.5307777599083456,-11.332930824569399,-11.743025775919183,9.976539738808459,4.300834953796501
22,1.0,1,shift_level_drift,-0.7431960679084261,1.93268972015437,0.0,-1.298922936849813,-0.7294859347912164,-11.332930824569399,-12.149606527242444,9.976539738808459,2.466554813964853
22,1.0,2,shift_level,-0.5306992721387263,1.5956882017495195,0.0,-1.298922936849813,-0.7434812891070556,-11.332930824569399,-11.729514346774542,9.976539738808459,3.5092472318976604
22,1.0,2,washout_1,-0.5126372621928111,1.3256116486474865,0.0,-1.298922936849813,-0.8939882742738922,-11.332930824569399,-12.316127827964479,9.976539738808459,4.631444057883474
22,1.0,2,lag1_exog,-0.47107876007721927,1.2082869541203793,0.0,-1.298922936849813,-0.8399839829067639,-11.332930824569399,-12.010312608435537,9.976539738808459,5.03712736991382
22,1.0,2,block_mean,-0.5126372621928111,1.3256116486474865,0.0,-1.298922936849813,-0.8939882742738922,-11.332930824569399,-12.316127827964479,9.976539738808459,4.631444057883474
22,1.0,2,shift_level_drift,-0.5428478296425042,1.5935003461497284,0.0,-1.298922936849813,-0.8532777759155301,-11.332930824569399,-11.717221098934477,9.976539738808459,3.506544620946704
22,1.0,2,washout_1_drift,-0.5493819344535339,1.3217208840939925,0.0,-1.298922936849813,-1.0968193165206082,-11.332930824569399,-12.303718834638833,9.976539738808459,4.630088010602062
22,1.0,4,shift_level,-0.3503937592880169,1.1488624837240757,0.0,-1.298922936849813,-1.26048362107833,-11.332930824569399,-10.994103699145587,9.976539738808459,5.564150832323449
22,1.0,4,washout_1,-0.34860675762235493,0.922662650299195,0.0,-1.298922936849813,-1.280235175226056,-11.332930824569399,-11.38974675187133,9.976539738808459,6.400544736750329
22,1.0,4,lag1_exog,-0.2974432827435448,0.8552877208665804,0.0,-1.298922936849813,-1.3700051017176333,-11.332930824569399,-11.363228304324089,9.976539738808459,6.65668244517415
22,1.0,4,block_mean,-0.3637860378766048,0.9297657186836735,0.0,-1.298922936849813,-1.2821894715193096,-11.332930824569399,-11.429841008642152,9.976539738808459,6.3797738513988875
22,1.0,4,shift_level_drift,-0.37803865918110724,1.138481234753519,0.0,-1.298922936849813,-1.0880719062914437,-11.332930824569399,-11.02367735806995,9.976539738808459,5.575674810722934
22,1.0,4,washout_1_drift,-0.37505659563494254,0.913961965154787,0.0,-1.298922936849813,-1.1444002299905007,-11.332930824569399,-11.3946879075302,9.976539738808459,6.413167022343195
22,1.0,8,shift_level,-0.1613911353350169,0.7861502616154432,0.0,-1.298922936849813,-1.5686443601424958,-11.332930824569399,-11.04850172517257,9.976539738808459,7.123642598235201
22,1.0,8,washout_1,-0.07408113563338357,0.6765801129512038,0.0,-1.298922936849813,-1.4878041813577323,-11.332930824569399,-10.959699223535255,9.976539738808459,7.7891498260156204
22,1.0,8,lag1_exog,-0.08124955411643343,0.6310645515409894,0.0,-1.298922936849813,-1.5570639361368004,-11.332930824569399,-10.98221272444095,9.976539738808459,7.859055944215925
22,1.0,8,block_mean,-0.10163465956351923,0.6382249514244617,0.0,-1.298922936849813,-1.4805147318248575,-11.332930824569399,-10.808888787265055,9.976539738808459,7.759976536976078
22,1.0,8,shift_level_drift,-0.1656500118369508,0.7749927587398313,0.0,-1.298922936849813,-1.1265970496190914,-11.332930824569399,-11.05646358112808,9.976539738808459,7.119476788650809
22,1.0,8,washout_1_drift,-0.08235274505718883,0.6640317954742276,0.0,-1.298922936849813,-1.054478941570792,-11.332930824569399,-10.967518818240041,9.976539738808459,7.787519228520121
23,0.0,1,shift_level,0.003896125708218389,0.2130276884944194,0.0,-1.4478539537643584,-1.2039250093747513,-12.143643546248367,-11.976398677391115,10.091679166770632,10.143508999284713
23,0.0,1,lag1_exog,0.10408275863810089,0.30025023942618256,0.0,-1.4478539537643584,-0.9999689581902549,-12.143643546248367,-12.02509155113028,10.091679166770632,10.330652210205066
23,0.0,1,shift_level_drift,-0.03652548884881573,0.20882789348768094,0.0,-1.4478539537643584,-1.2642649978833749,-12.143643546248367,-12.069386196818686,10.091679166770632,10.141974584333065
23,0.0,2,shift_level,-0.02655292525596895,0.18911794956335,0.0,-1.4478539537643584,-1.2344565479474658,-12.143643546248367,-11.754243660214104,10.091679166770632,10.090758889931429
23,0.0,2,washout_1,0.042082287206210156,0.406421688597327,0.0,-1.4478539537643584,-1.272261761987021,-12.143643546248367,-10.669416518157696,10.091679166770632,10.241761862220567
23,0.0,2,lag1_exog,0.025498411084751222,0.36775549974029037,0.0,-1.4478539537643584,-1.1635864111507033,-12.143643546248367,-11.002274737430989,10.091679166770632,10.12258437666087
23,0.0,2,block_mean,0.042082287206210156,0.406421688597327,0.0,-1.4478539537643584,-1.272261761987021,-12.143643546248367,-10.669416518157696,10.091679166770632,10.241761862220567
23,0.0,2,shift_level_drift,-0.03432557250178382,0.20368474108894166,0.0,-1.4478539537643584,-1.4089612359145083,-12.143643546248367,-11.650082587133777,10.091679166770632,10.09393421653933
23,0.0,2,washout_1_drift,0.04073983815534711,0.4369544804117859,0.0,-1.4478539537643584,-1.4834943789256205,-12.143643546248367,-10.500251507335388,10.091679166770632,10.223831932428649
23,0.0,4,shift_level,0.010451878228459732,0.4173373640367845,0.0,-1.4478539537643584,-1.397348599229832,-12.143643546248367,-12.981918039944526,10.091679166770632,10.268924471614024
23,0.0,4,washout_1,0.011274817190113792,0.4799056645125192,0.0,-1.4478539537643584,-1.3752186079849789,-12.143643546248367,-13.176043993191909,10.091679166770632,10.298142890692446
23,0.0,4,lag1_exog,0.02288482719664884,0.44328039440600875,0.0,-1.4478539537643584,-1.3719558633457845,-12.143643546248367,-12.914437276186101,10.091679166770632,10.347769341883321
23,0.0,4,block_mean,0.05294123824317636,0.3932429508085742,0.0,-1.4478539537643584,-1.3687706806401823,-12.143643546248367,-13.036969253472703,10.091679166770632,10.287848208082275
23,0.0,4,shift_level_drift,-0.04993329510139288,0.38819260470068745,0.0,-1.4478539537643584,-1.5265023571505658,-12.143643546248367,-12.996718688374653,10.091679166770632,10.266267575638054
23,0.0,4,washout_1_drift,-0.05761909344538907,0.4517201730537898,0.0,-1.4478539537643584,-1.4354491112442544,-12.143643546248367,-13.216115334275987,10.091679166770632,10.290145248766311
23,0.0,8,shift_level,-0.09868364565692778,0.4389126032737046,0.0,-1.4478539537643584,-1.5786488337482416,-12.143643546248367,-12.941682521732503,10.091679166770632,10.305403153888257
23,0.0,8,washout_1,-0.08222601197315813,0.41672392287392634,0.0,-1.4478539537643584,-1.6202685379020259,-12.143643546248367,-12.951768165732341,10.091679166770632,10.34142045423526
23,0.0,8,lag1_exog,-0.0784124532608048,0.419677707484669,0.05263157894736842,-1.4478539537643584,-1.5590089796872881,-12.143643546248367,-12.93771674658489,10.091679166770632,10.317550040812463
23,0.0,8,block_mean,-0.02412282636322351,0.23028772144542245,0.05263157894736842,-1.4478539537643584,-1.5408594674571856,-12.143643546248367,-12.61368910230943,10.091679166770632,10.325844690176961
23,0.0,8,shift_level_drift,-0.06858320404219488,0.39720528673838273,0.0,-1.4478539537643584,-1.461477128483626,-12.143643546248367,-12.845831762621778,10.091679166770632,10.273437948006869
23,0.0,8,washout_1_drift,-0.053517537204549145,0.3654944145495519,0.0,-1.4478539537643584,-1.435654184996011,-12.143643546248367,-12.841052777736985,10.091679166770632,10.31051432905623
23,0.25,1,shift_level,-0.15517730470383834,0.5539331375566495,0.0,-1.583219778264663,-0.9953038528559859,-12.14364354624837,-11.958246942151634,10.091304411504545,8.206197473350821
23,0.25,1,lag1_exog,0.0685771583768255,0.303406964809475,0.0,-1.583219778264663,-0.8706999698525,-12.14364354624837,-12.074261014981271,10.091304411504545,9.941436888432323
23,0.25,1,shift_level_drift,-0.19129644752330308,0.5479614139662866,0.0,-1.583219778264663,-1.0858527193219447,-12.14364354624837,-12.030843808425821,10.091304411504545,8.202037905871551
23,0.25,2,shift_level,-0.10503171097050712,0.37177022651415714,0.0,-1.583219778264663,-1.0717402918260361,-12.14364354624837,-11.741091793623479,10.091304411504545,8.913442854287947
23,0.25,2,washout_1,0.03273322534325541,0.4280823146128111,0.0,-1.583219778264663,-1.1900083751121706,-12.14364354624837,-10.650559136685532,10.091304411504545,9.849225997764696
23,0.25,2,lag1_exog,0.028646252447816274,0.38489764694077677,0.0,-1.583219778264663,-1.0918163677668047,-12.14364354624837,-10.955821336936992,10.091304411504545,9.83370595496401
23,0.25,2,block_mean,0.03273322534325541,0.4280823146128111,0.0,-1.583219778264663,-1.1900083751121706,-12.14364354624837,-10.650559136685532,10.091304411504545,9.849225997764696
23,0.25,2,shift_level_drift,-0.12574934770986007,0.37740692325282904,0.0,-1.583219778264663,-1.3072864512191642,-12.14364354624837,-11.653184935885754,10.091304411504545,8.915983033208743
23,0.25,2,washout_1_drift,0.018060580924377654,0.45373458162045016,0.0,-1.583219778264663,-1.4565475927196614,-12.14364354624837,-10.512142156698566,10.091304411504545,9.838405838463128
23,0.25,4,shift_level,-0.035036157252022984,0.4458412921879177,0.0,-1.583219778264663,-1.5095981592983767,-12.14364354624837,-12.894246885919788,10.091304411504545,9.645431673499782
23,0.25,4,washout_1,0.003117076642534252,0.47187373840201324,0.0,-1.583219778264663,-1.5109544890281552,-12.14364354624837,-13.097930104021962,10.091304411504545,10.151672046979838
23,0.25,4,lag1_exog,0.016003765439065766,0.4360642113431649,0.0,-1.583219778264663,-1.520715423709029,-12.14364354624837,-12.830808084532816,10.091304411504545,10.205011103617883
23,0.25,4,block_mean,0.04471591674738481,0.3831662319266207,0.0,-1.583219778264663,-1.508244158939214,-12.14364354624837,-12.957896480935153,10.091304411504545,10.141672362988993
23,0.25,4,shift_level_drift,-0.0895662814917618,0.41638117166303323,0.0,-1.583219778264663,-1.4967753386688492,-12.14364354624837,-12.946348192472833,10.091304411504545,9.631700054493738
23,0.25,4,washout_1_drift,-0.05848405377948989,0.4467474264891784,0.0,-1.583219778264663,-1.4073126856175837,-12.14364354624837,-13.173912243680627,10.091304411504545,10.13348156343336
23,0.25,8,shift_level,-0.11433956811394076,0.4238510282159157,0.0,-1.583219778264663,-1.7297402975156309,-12.14364354624837,-12.882161071739171,10.091304411504545,10.004937146452695
23,0.25,8,washout_1,-0.07981300486753988,0.40567094943826754,0.05555555555555555,-1.583219778264663,-1.7705047886427705,-12.14364354624837,-12.903163596458503,10.091304411504545,10.27402816505509
23,0.25,8,lag1_exog,-0.07595254195113567,0.4053525173144921,0.05555555555555555,-1.583219778264663,-1.719509263728357,-12.14364354624837,-12.884083407984823,10.091304411504545,10.252449526781419
23,0.25,8,block_mean,-0.01912558378557266,0.21299780621609354,0.05555555555555555,-1.583219778264663,-1.6778366135840486,-12.14364354624837,-12.54907166830849,10.091304411504545,10.260636352248463
23,0.25,8,shift_level_drift,-0.08346888528776841,0.39807501724314354,0.0,-1.583219778264663,-1.4041527332309789,-12.14364354624837,-12.839327207110333,10.091304411504545,9.981933496138772
23,0.25,8,washout_1_drift,-0.04810936425102098,0.3677351611190689,0.0,-1.583219778264663,-1.366018424890159,-12.14364354624837,-12.84779641853191,10.091304411504545,10.251473046294615
23,0.5,1,shift_level,-0.3187361854711224,1.0292006879113331,0.0,-1.6587264145880471,-0.8503959723583003,-12.143643546248365,-11.937718971287484,10.091029679756975,6.312716973136733
23,0.5,1,lag1_exog,-0.04639261733052576,0.45648875058137606,0.0,-1.6587264145880471,-0.7847282201552492,-12.143643546248365,-12.107589182509596,10.091029679756975,8.863848171808007
23,0.5,1,shift_level_drift,-0.35321365272557464,1.0248917995451348,0.0,-1.6587264145880471,-0.9461114291814934,-12.143643546248365,-12.006697885174443,10.091029679756975,6.305378418535545
23,0.5,2,shift_level,-0.2296384359996532,0.7411957402035154,0.0,-1.6587264145880471,-0.9645117356516071,-12.143643546248365,-11.724225370500168,10.091029679756975,7.391709175505503
23,0.5,2,washout_1,-0.06444292194853828,0.5648178324257959,0.0,-1.6587264145880471,-1.1420606679043668,-12.143643546248365,-10.613543462424794,10.091029679756975,8.768165533608382
23,0.5,2,lag1_exog,-0.04340220510512575,0.49614877014134967,0.0,-1.6587264145880471,-1.049629978921609,-12.143643546248365,-10.908408128927087,10.091029679756975,8.940384289132368
23,0.5,2,block_mean,-0.06444292194853828,0.5648178324257959,0.0,-1.6587264145880471,-1.1420606679043668,-12.143643546248365,-10.613543462424794,10.091029679756975,8.768165533608382
23,0.5,2,shift_level_drift,-0.25899817598710423,0.7428718089609967,0.0,-1.6587264145880471,-1.243994407828676,-12.143643546248365,-11.641787999977097,10.091029679756975,7.3970633983505065
23,0.5,2,washout_1_drift,-0.08767596621000007,0.5813255751385827,0.0,-1.6587264145880471,-1.4400049998254072,-12.143643546248365,-10.499302611530748,10.091029679756975,8.766032015494936
23,0.5,4,shift_level,-0.12165358102713854,0.5698410250407104,0.0,-1.6587264145880471,-1.595863494323408,-12.143643546248365,-12.844555564059016,10.091029679756975,8.692788384483235
23,0.5,4,washout_1,-0.05644292344378916,0.4851561788514858,0.0,-1.6587264145880471,-1.6150031347912144,-12.143643546248365,-13.057353575256403,10.091029679756975,9.577330480131591
23,0.5,4,lag1_exog,-0.037901240740958235,0.4465750335791118,0.0,-1.6587264145880471,-1.6319025242239293,-12.143643546248365,-12.784568038060911,10.091029679756975,9.676490344248794
23,0.5,4,block_mean,-0.014427986082232043,0.4018566740850093,0.0,-1.6587264145880471,-1.6157182246209436,-12.143643546248365,-12.917061703128214,10.091029679756975,9.56815598375273
23,0.5,4,shift_level_drift,-0.1699111414457284,0.5489124891326741,0.0,-1.6587264145880471,-1.4848703263350616,-12.143643546248365,-12.902616184762406,10.091029679756975,8.674346590048897
23,0.5,4,washout_1_drift,-0.10927648595487131,0.4675277237386848,0.0,-1.6587264145880471,-1.3914040644076682,-12.143643546248365,-13.135475179187104,10.091029679756975,9.559174871899211
23,0.5,8,shift_level,-0.1545541410794614,0.44397593988342393,0.0,-1.6587264145880471,-1.817381488035951,-12.143643546248365,-12.87243783755003,10.091029679756975,9.536818160360468
23,0.5,8,washout_1,-0.10495390179394705,0.40303347819010293,0.0,-1.6587264145880471,-1.8551821032246776,-12.143643546248365,-12.90175927329584,10.091029679756975,10.017006367993828
23,0.5,8,lag1_exog,-0.09912370769763221,0.40201890538030255,0.0,-1.6587264145880471,-1.8119471999752563,-12.143643546248365,-12.879145752296175,10.091029679756975,10.00967878735603
23,0.5,8,block_mean,-0.04240376225185031,0.20998853036379117,0.0,-1.6587264145880471,-1.7561029413257752,-12.143643546248365,-12.538328930820802,10.091029679756975,10.0115745284773
23,0.5,8,shift_level_drift,-0.12181147420397634,0.4294505322755802,0.0,-1.6587264145880471,-1.3627432450192813,-12.143643546248365,-12.851599179401791,10.091029679756975,9.515665713544905
23,0.5,8,washout_1_drift,-0.07040695035105511,0.3750761529560528,0.0,-1.6587264145880471,-1.3215921842973568,-12.143643546248365,-12.872899451663757,10.091029679756975,9.996293585326825
23,0.75,1,shift_level,-0.48429066486463446,1.510333972260903,0.0,-1.7007324302247149,-0.7437071700587787,-12.143643546248372,-11.927182392829595,10.090972412776914,4.441150210013857
23,0.75,1,lag1_exog,-0.23772963122099774,0.8627548326819695,0.0,-1.7007324302247149,-0.7168227142794643,-12.143643546248372,-12.131102753812975,10.090972412776914,7.087383461690512
23,0.75,1,shift_level_drift,-0.5191775043623869,1.5071480065235414,0.0,-1.7007324302247149,-0.8349377866663535,-12.143643546248372,-12.001001472636945,10.090972412776914,4.431527452443387
23,0.75,2,shift_level,-0.3907815830529322,1.2077813653399723,0.0,-1.7007324302247149,-0.9017813891458235,-12.143643546248372,-11.698621487332023,10.090972412776914,5.544267845294577
23,0.75,2,washout_1,-0.2350837660449144,0.9295446976508784,0.0,-1.7007324302247149,-1.1198930832912217,-12.143643546248372,-10.554491804638639,10.090972412776914,7.009783098248086
23,0.75,2,lag1_exog,-0.19328480556093688,0.8253824762830446,0.0,-1.7007324302247149,-1.0322508184450219,-12.143643546248372,-10.856877928291638,10.090972412776914,7.337711205512159
23,0.75,2,block_mean,-0.2350837660449144,0.9295446976508784,0.0,-1.7007324302247149,-1.1198930832912217,-12.143643546248372,-10.554491804638639,10.090972412776914,7.009783098248086
23,0.75,2,shift_level_drift,-0.42637798835940843,1.2082779562814359,0.0,-1.7007324302247149,-1.2075010129329589,-12.143643546248372,-11.619507443763187,10.090972412776914,5.555522202893375
23,0.75,2,washout_1_drift,-0.2638032805112236,0.937815095679576,0.0,-1.7007324302247149,-1.4251694911450914,-12.143643546248372,-10.458095681895532,10.090972412776914,7.018376656865819
23,0.75,4,shift_level,-0.2616300993820339,0.8648418521556488,0.0,-1.7007324302247149,-1.6456418441275016,-12.143643546248372,-12.821978649490202,10.090972412776914,7.219742289269586
23,0.75,4,washout_1,-0.18503418482094172,0.6543289321889377,0.0,-1.7007324302247149,-1.675697773158763,-12.143643546248372,-13.042720536260559,10.090972412776914,8.31026628921144
23,0.75,4,lag1_exog,-0.15729605943113117,0.6018693217936284,0.0,-1.7007324302247149,-1.6975213126854143,-12.143643546248372,-12.764936100032013,10.090972412776914,8.4931209376549
23,0.75,4,block_mean,-0.14204147803378367,0.5969376610303395,0.0,-1.7007324302247149,-1.6790177630628902,-12.143643546248372,-12.902250836481734,10.090972412776914,8.302639794002136
23,0.75,4,shift_level_drift,-0.3048740428612387,0.8513654045447941,0.0,-1.7007324302247149,-1.4736043284758775,-12.143643546248372,-12.873930925046846,10.090972412776914,7.206501182624926
23,0.75,4,washout_1_drift,-0.23111230934640856,0.644374786963009,0.0,-1.7007324302247149,-1.378449155172237,-12.143643546248372,-13.111938244127224,10.090972412776914,8.301886413794838
23,0.75,8,shift_level,-0.23101797297902063,0.5468030581236869,0.0,-1.7007324302247149,-1.859783223018992,-12.143643546248372,-12.876483576175424,10.090972412776914,8.733666764617023
23,0.75,8,washout_1,-0.17086116531949028,0.4466970131076266,0.0,-1.7007324302247149,-1.896780399649208,-12.143643546248372,-12.9119689804181,10.090972412776914,9.378752093803561
23,0.75,8,lag1_exog,-0.16096717295717408,0.4418498072681256,0.0,-1.7007324302247149,-1.8601525658685483,-12.143643546248372,-12.886415623994761,10.090972412776914,9.405835153584718
23,0.75,8,block_mean,-0.10749607115334145,0.2834731953167315,0.0,-1.7007324302247149,-1.794968272128762,-12.143643546248372,-12.54371902393693,10.090972412776914,9.389214482428558
23,0.75,8,shift_level_drift,-0.19687564555356327,0.5415374644900087,0.0,-1.7007324302247149,-1.3269250118899931,-12.143643546248372,-12.867316920873357,10.090972412776914,8.710713470467503
23,0.75,8,washout_1_drift,-0.1336359904605125,0.42862087677944644,0.0,-1.7007324302247149,-1.2909301341178059,-12.143643546248372,-12.8977762272771,10.090972412776914,9.355849504446391
23,1.0,1,shift_level,-0.6442004456371494,1.9845697855481785,0.0,-1.7254405607260095,-0.671434313043032,-12.143643546248365,-11.924003323059583,10.09131500671363,2.5857160689188556
23,1.0,1,lag1_exog,-0.4966482769876927,1.4717142809869852,0.0,-1.7254405607260095,-0.6765674041206626,-12.143643546248365,-12.147938262746594,10.09131500671363,4.613893193076624
23,1.0,1,shift_level_drift,-0.6773849620471812,1.9813886854866898,0.0,-1.7254405607260095,-0.752656777340994,-12.143643546248365,-11.997473937948469,10.09131500671363,2.578123122260283
23,1.0,2,shift_level,-0.5862958127079941,1.7442855781689994,0.0,-1.7254405607260095,-0.8816426161389497,-12.143643546248365,-11.681200255953843,10.09131500671363,3.428045093321083
23,1.0,2,washout_1,-0.47303214704653723,1.494242476093883,0.0,-1.7254405607260095,-1.1263707984386249,-12.143643546248365,-10.508412014402094,10.09131500671363,4.630033611162369
23,1.0,2,lag1_exog,-0.4276519480265296,1.3893260676686705,0.0,-1.7254405607260095,-1.0396908909123803,-12.143643546248365,-10.815890429506382,10.09131500671363,4.977386969484018
23,1.0,2,block_mean,-0.47303214704653723,1.494242476093883,0.0,-1.7254405607260095,-1.1263707984386249,-12.143643546248365,-10.508412014402094,10.09131500671363,4.630033611162369
23,1.0,2,shift_level_drift,-0.6260808066142555,1.7445266777795068,0.0,-1.7254405607260095,-1.1986334299722405,-12.143643546248365,-11.603993587388178,10.09131500671363,3.445111988094962
23,1.0,2,washout_1_drift,-0.5046735092540136,1.4979955017778108,0.0,-1.7254405607260095,-1.4237225389931032,-12.143643546248365,-10.427547742906233,10.09131500671363,4.647217619607554
23,1.0,4,shift_level,-0.4787872870085021,1.3802664810356877,0.0,-1.7254405607260095,-1.6750366360928837,-12.143643546248365,-12.812924091855947,10.09131500671363,5.0057315626687116
23,1.0,4,washout_1,-0.41748727921889633,1.1394626755233972,0.0,-1.7254405607260095,-1.7136121023023871,-12.143643546248365,-13.0429552102264,10.09131500671363,6.031778399637262
23,1.0,4,lag1_exog,-0.38175444034149253,1.0746417020571406,0.0,-1.7254405607260095,-1.7360604818218444,-12.143643546248365,-12.76088558111607,10.09131500671363,6.278059955939347
23,1.0,4,block_mean,-0.3728877731127045,1.1072842059484063,0.0,-1.7254405607260095,-1.7185926921525636,-12.143643546248365,-12.902373195654175,10.09131500671363,6.028115746998593
23,1.0,4,shift_level_drift,-0.5170248836774926,1.3684521275392945,0.0,-1.7254405607260095,-1.4650290242773178,-12.143643546248365,-12.855221166461213,10.09131500671363,5.008389446283745
23,1.0,4,washout_1_drift,-0.4570014795346517,1.1308587938107022,0.0,-1.7254405607260095,-1.3696962969654025,-12.143643546248365,-13.099082831758656,10.09131500671363,6.040789176530825
23,1.0,8,shift_level,-0.3838634366423202,0.860298229394218,0.0,-1.7254405607260095,-1.8796917262488526,-12.143643546248365,-12.878296073996161,10.09131500671363,7.16611289483821
23,1.0,8,washout_1,-0.32297497704748845,0.704897476756165,0.0,-1.7254405607260095,-1.9170352877478944,-12.143643546248365,-12.915875554523291,10.09131500671363,7.870507529677443
23,1.0,8,lag1_exog,-0.30685116545351276,0.6849144028564074,0.0,-1.7254405607260095,-1.8850279863809418,-12.143643546248365,-12.890223599811774,10.09131500671363,7.957064459461731
23,1.0,8,block_mean,-0.25898729021395345,0.6083129850446336,0.0,-1.7254405607260095,-1.8156181379315242,-12.143643546248365,-12.544501291904767,10.09131500671363,7.910404008243747
23,1.0,8,shift_level_drift,-0.3493147787324266,0.861652175363018,0.0,-1.7254405607260095,-1.2964347343392926,-12.143643546248365,-12.877803732481983,10.09131500671363,7.138677330365891
23,1.0,8,washout_1_drift,-0.28426536484377213,0.6987780334481255,0.0,-1.7254405607260095,-1.2674308235870337,-12.143643546248365,-12.91354187051839,10.09131500671363,7.841500658145596
24,0.0,1,shift_level,-0.0803716565576307,0.398518768368234,0.0,-1.662820053939325,-1.7627429897496627,-12.381379043754489,-13.935254610126318,10.02187544993373,10.055559664432625
24,0.0,1,lag1_exog,-0.04684245466501886,0.38006618244760737,0.0,-1.662820053939325,-2.047695622251715,-12.381379043754489,-13.21352298361348,10.02187544993373,9.908943644960205
24,0.0,1,shift_level_drift,-0.07351140714303492,0.3925441725084669,0.0,-1.662820053939325,-1.6890935389504347,-12.381379043754489,-13.930077656618964,10.02187544993373,10.055091418611624
24,0.0,2,shift_level,0.11836789673934854,0.3696250013713404,0.0,-1.662820053939325,-1.3726641246690807,-12.381379043754489,-10.890129057231151,10.02187544993373,9.930312243526716
24,0.0,2,washout_1,0.03380213701848268,0.307519961966111,0.0,-1.662820053939325,-1.375087700829105,-12.381379043754489,-11.334636514263275,10.02187544993373,9.712464864827652
24,0.0,2,lag1_exog,0.09916613176028209,0.4554218153959472,0.0,-1.662820053939325,-1.4003643058159112,-12.381379043754489,-10.567364758241304,10.02187544993373,9.793768379839731
24,0.0,2,block_mean,0.03380213701848268,0.307519961966111,0.0,-1.662820053939325,-1.375087700829105,-12.381379043754489,-11.334636514263275,10.02187544993373,9.712464864827652
24,0.0,2,shift_level_drift,0.05227135003349052,0.25142238674868267,0.0,-1.662820053939325,-1.6293896367762515,-12.381379043754489,-11.245667259526199,10.02187544993373,9.956147063529382
24,0.0,2,washout_1_drift,-0.03869084118714445,0.201875874136663,0.0,-1.662820053939325,-1.6227637366120538,-12.381379043754489,-11.67584846681801,10.02187544993373,9.749904360356663
24,0.0,4,shift_level,-0.014478810037438292,0.2445520961516141,0.0,-1.662820053939325,-1.2320240361654018,-12.381379043754489,-12.296500567827584,10.02187544993373,10.168576500576469
24,0.0,4,washout_1,-0.03946814299283424,0.299401876413812,0.0,-1.662820053939325,-1.2111111144040945,-12.381379043754489,-12.864171058421924,10.02187544993373,10.098293722389016
24,0.0,4,lag1_exog,-0.01693691831987049,0.23300867346031937,0.0,-1.662820053939325,-1.2286865810778091,-12.381379043754489,-12.541656716094748,10.02187544993373,10.081944911875995
24,0.0,4,block_mean,-0.061391655236625785,0.30591994835645114,0.0,-1.662820053939325,-1.219816508752971,-12.381379043754489,-13.26597873200944,10.02187544993373,10.099142912181696
24,0.0,4,shift_level_drift,-0.0034861828297140965,0.24016499729041804,0.0,-1.662820053939325,-1.541668032423999,-12.381379043754489,-12.320184854405287,10.02187544993373,10.168458157734438
24,0.0,4,washout_1_drift,-0.035126206014271466,0.2944472044101332,0.0,-1.662820053939325,-1.5641255310651423,-12.381379043754489,-12.846584424597006,10.02187544993373,10.098463624188675
24,0.0,8,shift_level,0.10201312976601717,0.4368591367189888,0.0,-1.662820053939325,-1.346484469671247,-12.381379043754489,-11.48264728252394,10.02187544993373,9.857933195163127
24,0.0,8,washout_1,0.060518853357238986,0.4115820172154974,0.0,-1.662820053939325,-1.2467314660272828,-12.381379043754489,-11.436044374202782,10.02187544993373,9.838757267298181
24,0.0,8,lag1_exog,0.07464563019996681,0.44162766737390524,0.0,-1.662820053939325,-1.3304794262839428,-12.381379043754489,-11.342838387395265,10.02187544993373,9.810511620561105
24,0.0,8,block_mean,-0.007306320987167214,0.38099860881350966,0.0,-1.662820053939325,-1.2554437011948527,-12.381379043754489,-11.404906439229045,10.02187544993373,9.838815574431498
24,0.0,8,shift_level_drift,0.03375095720404529,0.3738911625545607,0.0,-1.662820053939325,-1.4445817184692173,-12.381379043754489,-11.800065930352982,10.02187544993373,9.882959156783588
24,0.0,8,washout_1_drift,0.0073637741856628575,0.3636740717759987,0.0,-1.662820053939325,-1.365255650511493,-12.381379043754489,-11.64522443813066,10.02187544993373,9.854841268739568
24,0.25,1,shift_level,-0.24301406682104343,0.620989414678764,0.0,-1.8322477912588102,-1.537656123024046,-12.38137904375449,-13.903370266714155,10.022104774252519,8.20447713693347
24,0.25,1,lag1_exog,-0.0544909016902669,0.37613791044865746,0.0,-1.8322477912588102,-1.9164706097904918,-12.38137904375449,-13.186819838299199,10.022104774252519,9.608647741881606
24,0.25,1,shift_level_drift,-0.24233070729798767,0.620737490087682,0.0,-1.8322477912588102,-1.4972785353551925,-12.38137904375449,-13.906839524710406,10.022104774252519,8.204700538904202
24,0.25,2,shift_level,0.007714440566147224,0.46405608137760224,0.0,-1.8322477912588102,-1.251465002520796,-12.38137904375449,-10.984882935465066,10.022104774252519,8.948524035816497
24,0.25,2,washout_1,-0.005472975903276518,0.311055605865546,0.0,-1.8322477912588102,-1.3468720028191485,-12.38137904375449,-11.440683431377398,10.022104774252519,9.482707571507735
24,0.25,2,lag1_exog,0.061074251223803076,0.42341440195484653,0.0,-1.8322477912588102,-1.380146835586381,-12.38137904375449,-10.689091688494285,10.022104774252519,9.63431318321592
24,0.25,2,block_mean,-0.005472975903276518,0.311055605865546,0.0,-1.8322477912588102,-1.3468720028191485,-12.38137904375449,-11.440683431377398,10.022104774252519,9.482707571507735
24,0.25,2,shift_level_drift,-0.04047943810330206,0.39551705840969803,0.0,-1.8322477912588102,-1.4939594285084756,-12.38137904375449,-11.24775192446577,10.022104774252519,8.963017563482643
24,0.25,2,washout_1_drift,-0.05613302081061561,0.24664121420797344,0.0,-1.8322477912588102,-1.5748164853510427,-12.38137904375449,-11.642690858961188,10.022104774252519,9.511119408577095
24,0.25,4,shift_level,-0.05244636200205765,0.27031851672259294,0.0,-1.8322477912588102,-1.2312077648371762,-12.38137904375449,-12.313523230155738,10.022104774252519,9.66121255132914
24,0.25,4,washout_1,-0.03703423684555673,0.30261377026542446,0.0,-1.8322477912588102,-1.2761347686692845,-12.38137904375449,-12.881968692285424,10.022104774252519,9.999583493658653
24,0.25,4,lag1_exog,-0.00845650723012868,0.23450835506767947,0.0,-1.8322477912588102,-1.318441110625699,-12.38137904375449,-12.557847383975012,10.022104774252519,10.004341677907169
24,0.25,4,block_mean,-0.05907548911837441,0.30856932692997463,0.0,-1.8322477912588102,-1.2968953606030915,-12.38137904375449,-13.283547061705402,10.022104774252519,9.999800012606357
24,0.25,4,shift_level_drift,-0.04198219396958217,0.25371015570312255,0.0,-1.8322477912588102,-1.456936456092809,-12.38137904375449,-12.339910762013723,10.022104774252519,9.661305959237806
24,0.25,4,washout_1_drift,-0.030532122360254765,0.285989198787955,0.0,-1.8322477912588102,-1.521600908110231,-12.38137904375449,-12.871367806972705,10.022104774252519,9.999504604207116
24,0.25,8,shift_level,0.03978424848803565,0.4398085892002274,0.0,-1.8322477912588102,-1.393829033103576,-12.38137904375449,-11.65719681400299,10.022104774252519,9.613771321037746
24,0.25,8,washout_1,0.023862088838709366,0.40789647374163696,0.0,-1.8322477912588102,-1.3472838846534207,-12.38137904375449,-11.623824809383148,10.022104774252519,9.800604643993225
24,0.25,8,lag1_exog,0.038049056636875744,0.43506893210932585,0.0,-1.8322477912588102,-1.430923245374956,-12.38137904375449,-11.528239300693008,10.022104774252519,9.776510659128748
24,0.25,8,block_mean,-0.041820002484491046,0.37227322456964373,0.0,-1.8322477912588102,-1.3549756400217108,-12.38137904375449,-11.590799382344283,10.022104774252519,9.800817249808462
24,0.25,8,shift_level_drift,0.00995606003714997,0.393756290460184,0.0,-1.8322477912588102,-1.3673729377691555,-12.38137904375449,-11.82804169389956,10.022104774252519,9.631453691140141
24,0.25,8,washout_1_drift,0.008710527413424679,0.3657565231846687,0.0,-1.8322477912588102,-1.3062217428292764,-12.38137904375449,-11.706634303215754,10.022104774252519,9.807674315375555
24,0.5,1,shift_level,-0.41102659651135315,1.0547989851713346,0.0,-1.9246822052831343,-1.3950342356733225,-12.381379043754489,-13.887460082563154,10.022506527377441,6.3083714557669985
24,0.5,1,lag1_exog,-0.15595708044527604,0.5199235639123542,0.0,-1.9246822052831343,-1.8578610631030195,-12.381379043754489,-13.180472673366829,10.022506527377441,8.557332606632391
24,0.5,1,shift_level_drift,-0.41466006772581243,1.0550351880556552,0.0,-1.9246822052831343,-1.3736886020199868,-12.381379043754489,-13.89639834835862,10.022506527377441,6.308686489197884
24,0.5,2,shift_level,-0.14706083873537779,0.7476593464453759,0.0,-1.9246822052831343,-1.172522828792299,-12.381379043754489,-11.065676461540274,10.022506527377441,7.619656027833758
24,0.5,2,washout_1,-0.12454296923955288,0.45973904764956647,0.0,-1.9246822052831343,-1.3327073248484822,-12.381379043754489,-11.54143003568306,10.022506527377441,8.62183470865828
24,0.5,2,lag1_exog,-0.04490461591286012,0.48822943879972225,0.0,-1.9246822052831343,-1.3690536677728384,-12.381379043754489,-10.799809252706684,10.022506527377441,8.930820814425367
24,0.5,2,block_mean,-0.12454296923955288,0.45973904764956647,0.0,-1.9246822052831343,-1.3327073248484822,-12.381379043754489,-11.54143003568306,10.022506527377441,8.62183470865828
24,0.5,2,shift_level_drift,-0.18006427152822843,0.714309348195568,0.0,-1.9246822052831343,-1.393528179147773,-12.381379043754489,-11.26268635317242,10.022506527377441,7.632982824373459
24,0.5,2,washout_1_drift,-0.15893799348964174,0.43059808872188965,0.0,-1.9246822052831343,-1.5360950385397376,-12.381379043754489,-11.65787479432458,10.022506527377441,8.643317980087414
24,0.5,4,shift_level,-0.13214483965051324,0.4109607804820191,0.0,-1.9246822052831343,-1.2372258599332873,-12.381379043754489,-12.31354424160224,10.022506527377441,8.894944062192302
24,0.5,4,washout_1,-0.08807534090539774,0.3281598568111711,0.0,-1.9246822052831343,-1.3210592345667103,-12.381379043754489,-12.879321995759586,10.022506527377441,9.557968060957831
24,0.5,4,lag1_exog,-0.04960867766946691,0.26099751287910555,0.0,-1.9246822052831343,-1.3766527928078012,-12.381379043754489,-12.556461811728012,10.022506527377441,9.626015533574364
24,0.5,4,block_mean,-0.11013688878285761,0.3340327840144912,0.0,-1.9246822052831343,-1.348165235178275,-12.381379043754489,-13.28150444610345,10.022506527377441,9.55763230903294
24,0.5,4,shift_level_drift,-0.11880293475958317,0.39824282469110717,0.0,-1.9246822052831343,-1.4072163387232877,-12.381379043754489,-12.332084440509004,10.022506527377441,8.89487099707279
24,0.5,4,washout_1_drift,-0.07709951223400151,0.30992282631384965,0.0,-1.9246822052831343,-1.4902967596990884,-12.381379043754489,-12.868865531479162,10.022506527377441,9.55780879261166
24,0.5,8,shift_level,-0.031592693800505556,0.4846568262765737,0.0,-1.9246822052831343,-1.4270029426677402,-12.381379043754489,-11.758726684464852,10.022506527377441,9.235318048057156
24,0.5,8,washout_1,-0.024376166893472447,0.4245663522079447,0.0,-1.9246822052831343,-1.4106633445051322,-12.381379043754489,-11.730582665132438,10.022506527377441,9.608440104344863
24,0.5,8,lag1_exog,-0.009332049492594491,0.44957211232922584,0.0,-1.9246822052831343,-1.496207957786205,-12.381379043754489,-11.635036733779115,10.022506527377441,9.599752035514545
24,0.5,8,block_mean,-0.08797451834161794,0.38447794090251325,0.0,-1.9246822052831343,-1.4182945875024888,-12.381379043754489,-11.6965584546067,10.022506527377441,9.609598008986517
24,0.5,8,shift_level_drift,-0.03877421388151594,0.4489199457216505,0.0,-1.9246822052831343,-1.3176946262608695,-12.381379043754489,-11.849889098185468,10.022506527377441,9.248038101916196
24,0.5,8,washout_1_drift,-0.017653171712647842,0.38552920719004846,0.0,-1.9246822052831343,-1.268454582244184,-12.381379043754489,-11.758497590586162,10.022506527377441,9.610835457787939
24,0.75,1,shift_level,-0.5774322404221346,1.5229143839206583,0.0,-1.9744014317172711,-1.291600984045201,-12.381379043754489,-13.892436046469648,10.023134133515391,4.400739451245545
24,0.75,1,lag1_exog,-0.3379537714958359,0.9044727669128798,0.0,-1.9744014317172711,-1.819230312154191,-12.381379043754489,-13.20037394434462,10.023134133515391,6.7833494938972025
24,0.75,1,shift_level_drift,-0.5828886846640247,1.5232099993381951,0.0,-1.9744014317172711,-1.2660525975153871,-12.381379043754489,-13.906648866650325,10.023134133515391,4.401062313844628
24,0.75,2,shift_level,-0.33246802209256704,1.163839061454198,0.0,-1.9744014317172711,-1.115157287545602,-12.381379043754489,-11.121733709930734,10.023134133515391,5.899986338890299
24,0.75,2,washout_1,-0.3147258640278613,0.826482843508363,0.0,-1.9744014317172711,-1.3160567530012675,-12.381379043754489,-11.615084008944823,10.023134133515391,7.0789134378884535
24,0.75,2,lag1_exog,-0.22086103437181323,0.7695193502379687,0.0,-1.9744014317172711,-1.3549140271690971,-12.381379043754489,-10.87979593844289,10.023134133515391,7.520553533682615
24,0.75,2,block_mean,-0.3147258640278613,0.826482843508363,0.0,-1.9744014317172711,-1.3160567530012675,-12.381379043754489,-11.615084008944823,10.023134133515391,7.0789134378884535
24,0.75,2,shift_level_drift,-0.3551392264856673,1.1446532631831465,0.0,-1.9744014317172711,-1.317152143951105,-12.381379043754489,-11.273776325307301,10.023134133515391,5.9194511186098975
24,0.75,2,washout_1_drift,-0.3388594006589162,0.8131331196327813,0.0,-1.9744014317172711,-1.4940674862566385,-12.381379043754489,-11.67995214065212,10.023134133515391,7.100067754704566
24,0.75,4,shift_level,-0.27270080257996515,0.7068807731817476,0.0,-1.9744014317172711,-1.2402943404175046,-12.381379043754489,-12.299515431507993,10.023134133515391,7.672434027617226
24,0.75,4,washout_1,-0.2163876288344408,0.5096066652950882,0.0,-1.9744014317172711,-1.3511254168287994,-12.381379043754489,-12.863512571301392,10.023134133515391,8.53455717923971
24,0.75,4,lag1_exog,-0.16574927917723192,0.43958009647439555,0.0,-1.9744014317172711,-1.411649389379075,-12.381379043754489,-12.542144487890289,10.023134133515391,8.700575724856542
24,0.75,4,block_mean,-0.23855695144019107,0.5138643249101263,0.0,-1.9744014317172711,-1.3815964258527647,-12.381379043754489,-13.26670474888102,10.023134133515391,8.53449119468117
24,0.75,4,shift_level_drift,-0.25650992932575967,0.6987531387626582,0.0,-1.9744014317172711,-1.3776715702596394,-12.381379043754489,-12.314413091389635,10.023134133515391,7.671709480805994
24,0.75,4,washout_1_drift,-0.20178893517968824,0.49808175892467993,0.0,-1.9744014317172711,-1.4722572284867992,-12.381379043754489,-12.857799715872602,10.023134133515391,8.534668738894831
24,0.75,8,shift_level,-0.13124136281337184,0.6071730749492201,0.0,-1.9744014317172711,-1.4367388492056152,-12.381379043754489,-11.811897402078653,10.023134133515391,8.582447665915431
24,0.75,8,washout_1,-0.10652732689600865,0.49280179246010736,0.0,-1.9744014317172711,-1.4394651597439982,-12.381379043754489,-11.78383159735353,10.023134133515391,9.100467353194896
24,0.75,8,lag1_exog,-0.08893282752521833,0.5113327686472202,0.0,-1.9744014317172711,-1.5278449798585187,-12.381379043754489,-11.68964947170108,10.023134133515391,9.127753061391191
24,0.75,8,block_mean,-0.16833552522959597,0.45500111071775595,0.0,-1.9744014317172711,-1.447329096153304,-12.381379043754489,-11.749995983442941,10.023134133515391,9.103070352377856
24,0.75,8,shift_level_drift,-0.1265308639289305,0.5813371889069933,0.0,-1.9744014317172711,-1.2828906391638113,-12.381379043754489,-11.860914160575877,10.023134133515391,8.591015075733836
24,0.75,8,washout_1_drift,-0.08911000826490847,0.460093033447646,0.0,-1.9744014317172711,-1.2468735443631995,-12.381379043754489,-11.790648843144647,10.023134133515391,9.100827534708271
24,1.0,1,shift_level,-0.7363563127702382,1.9842015554127534,0.0,-2.000451453921639,-1.2222299709376574,-12.381379043754484,-13.910215318187863,10.023868954660916,2.5466468833976066
24,1.0,1,lag1_exog,-0.585696390059427,1.479395961656971,0.0,-2.000451453921639,-1.798712390318947,-12.381379043754484,-13.22999786355101,10.023868954660916,4.393756568381292
24,1.0,1,shift_level_drift,-0.7417313816278608,1.984401563165607,0.0,-2.000451453921639,-1.1861482094222744,-12.381379043754484,-13.924583063078666,10.023868954660916,2.547069160921298
24,1.0,2,shift_level,-0.5389742744507939,1.6804316316262187,0.0,-2.000451453921639,-1.0649719956647221,-12.381379043754484,-11.16403441206202,10.023868954660916,3.7617880919780897
24,1.0,2,washout_1,-0.5632771751897688,1.3877223472340832,0.0,-2.000451453921639,-1.297572704258971,-12.381379043754484,-11.673472565173794,10.023868954660916,4.803591128512183
24,1.0,2,lag1_exog,-0.46664160183550063,1.304469852524969,0.0,-2.000451453921639,-1.3348604674084956,-12.381379043754484,-10.939411750980359,10.023868954660916,5.2349794218684895
24,1.0,2,block_mean,-0.5632771751897688,1.3877223472340832,0.0,-2.000451453921639,-1.297572704258971,-12.381379043754484,-11.673472565173794,10.023868954660916,4.803591128512183
24,1.0,2,shift_level_drift,-0.554964682944697,1.6680094805151244,0.0,-2.000451453921639,-1.2516222732742084,-12.381379043754484,-11.279472917535145,10.023868954660916,3.785880534549402
24,1.0,2,washout_1_drift,-0.5821986297394505,1.3802007297683136,0.0,-2.000451453921639,-1.4590153738709577,-12.381379043754484,-11.69988649841942,10.023868954660916,4.824093431620475
24,1.0,4,shift_level,-0.4987145997930199,1.2099570526970713,0.0,-2.000451453921639,-1.2495852924651927,-12.381379043754484,-12.287589236895393,10.023868954660916,5.657313975310967
24,1.0,4,washout_1,-0.4572027890599698,0.9894637024314095,0.0,-2.000451453921639,-1.3758353078610437,-12.381379043754484,-12.850497389125604,10.023868954660916,6.5260894231136755
24,1.0,4,lag1_exog,-0.39631108159998096,0.9120027135255538,0.0,-2.000451453921639,-1.4366727670136625,-12.381379043754484,-12.530115026228575,10.023868954660916,6.77190655012671
24,1.0,4,block_mean,-0.47886174759714384,0.9913966918538534,0.0,-2.000451453921639,-1.4072819322767902,-12.381379043754484,-13.254667809178914,10.023868954660916,6.5287841347544395
24,1.0,4,shift_level_drift,-0.4786734375150646,1.2033357719779287,0.0,-2.000451453921639,-1.3587809278588638,-12.381379043754484,-12.299700500645603,10.023868954660916,5.655247707207356
24,1.0,4,washout_1_drift,-0.43776157679223104,0.982055178490549,0.0,-2.000451453921639,-1.4561737097557834,-12.381379043754484,-12.847218080944156,10.023868954660916,6.526688502330002
24,1.0,8,shift_level,-0.3131350955426422,0.9194665904333496,0.0,-2.000451453921639,-1.447436462399146,-12.381379043754484,-11.844267190844523,10.023868954660916,7.269230343060231
24,1.0,8,washout_1,-0.2844337028293702,0.7608368082329795,0.0,-2.000451453921639,-1.4578248630820643,-12.381379043754484,-11.815246852337069,10.023868954660916,7.846150317570113
24,1.0,8,lag1_exog,-0.2613525922075513,0.7592904399977508,0.0,-2.000451453921639,-1.5487797654433404,-12.381379043754484,-11.722139462154114,10.023868954660916,7.934018932850245
24,1.0,8,block_mean,-0.3461882456384418,0.7382296415446352,0.0,-2.000451453921639,-1.466069334959754,-12.381379043754484,-11.781386826816263,10.023868954660916,7.848412766448716
24,1.0,8,shift_level_drift,-0.30111187956196,0.9048564845251527,0.0,-2.000451453921639,-1.263162883582528,-12.381379043754484,-11.8693920001345,10.023868954660916,7.2732691880508895
24,1.0,8,washout_1_drift,-0.2607912572572138,0.7414843912739061,0.0,-2.000451453921639,-1.234574775423204,-12.381379043754484,-11.815242354960523,10.023868954660916,7.846151421371922
25,0.0,1,shift_level,0.02048771544905262,0.2725622259920943,0.0,-1.3319729055979233,-1.5682889415630326,-10.76288943688296,-10.188394897905741,10.062350816593092,10.10034398204099
25,0.0,1,lag1_exog,-0.014876745740451459,0.3842518543013438,0.0,-1.3319729055979233,-1.8052254439614412,-10.76288943688296,-9.450705712529853,10.062350816593092,10.278814847962616
25,0.0,1,shift_level_drift,0.03918203884405636,0.2698394670587389,0.0,-1.3319729055979233,-1.4407187276329878,-10.76288943688296,-10.191443655130726,10.062350816593092,10.100554810000789
25,0.0,2,shift_level,-0.04041010317823753,0.2732105882989037,0.0,-1.3319729055979233,-1.461483230170899,-10.76288943688296,-10.223335949460221,10.062350816593092,9.972266337832407
25,0.0,2,washout_1,-0.00980759367818588,0.29301285124197596,0.0,-1.3319729055979233,-1.295679131790966,-10.76288943688296,-10.092875131590192,10.062350816593092,9.976675430751818
25,0.0,2,lag1_exog,-0.049715981801236854,0.2867839494198633,0.0,-1.3319729055979233,-1.500106276502317,-10.76288943688296,-10.27586108895686,10.062350816593092,10.045513531359479
25,0.0,2,block_mean,-0.00980759367818588,0.29301285124197596,0.0,-1.3319729055979233,-1.295679131790966,-10.76288943688296,-10.092875131590192,10.062350816593092,9.976675430751818
25,0.0,2,shift_level_drift,-0.0027376844996057754,0.2647757296216393,0.0,-1.3319729055979233,-1.3121166385664478,-10.76288943688296,-10.123407223958203,10.062350816593092,9.973439522735545
25,0.0,2,washout_1_drift,0.040748961894483966,0.31054695192608417,0.0,-1.3319729055979233,-1.0522738669737923,-10.76288943688296,-9.973813593105694,10.062350816593092,9.981621683163088
25,0.0,4,shift_level,-0.029945460332245422,0.34985081592077205,0.0,-1.3319729055979233,-1.280922930747576,-10.76288943688296,-11.899066239380824,10.062350816593092,10.07266125438308
25,0.0,4,washout_1,0.013511243498635276,0.3420165169407018,0.05263157894736842,-1.3319729055979233,-1.3143044608134407,-10.76288943688296,-11.577088717327705,10.062350816593092,9.983603638075826
25,0.0,4,lag1_exog,0.00460378624605282,0.34685628115544753,0.05263157894736842,-1.3319729055979233,-1.2054889386295309,-10.76288943688296,-11.482586604255124,10.062350816593092,10.025321595225995
25,0.0,4,block_mean,0.04691405543306583,0.32014603839581285,0.05263157894736842,-1.3319729055979233,-1.3161660077305637,-10.76288943688296,-10.78536768348101,10.062350816593092,9.999131692223077
25,0.0,4,shift_level_drift,-0.06550561991441615,0.2800080332018963,0.0,-1.3319729055979233,-1.308205883413887,-10.76288943688296,-11.881882231951453,10.062350816593092,10.066772645747998
25,0.0,4,washout_1_drift,-0.021678714990285043,0.2450025182883022,0.0,-1.3319729055979233,-1.2996183452835637,-10.76288943688296,-11.579842766204838,10.062350816593092,9.975225536380368
25,0.0,8,shift_level,0.17873926006273547,0.3693206328720219,0.0,-1.3319729055979233,-0.6832280135838296,-10.76288943688296,-11.1152630505939,10.062350816593092,9.951084865756085
25,0.0,8,washout_1,0.22026429667413452,0.3903430957252864,0.0,-1.3319729055979233,-0.708841476830853,-10.76288943688296,-10.793970211844043,10.062350816593092,9.916657090054514
25,0.0,8,lag1_exog,0.21932078776744232,0.3918405554999643,0.0,-1.3319729055979233,-0.6806881737944207,-10.76288943688296,-10.888584425298607,10.062350816593092,9.966821534508892
25,0.0,8,block_mean,0.21123753153853628,0.3461269296263453,0.0,-1.3319729055979233,-0.731296534129638,-10.76288943688296,-10.904737868161256,10.062350816593092,9.918721532387035
25,0.0,8,shift_level_drift,0.09189352375096159,0.2867900073136854,0.0,-1.3319729055979233,-1.0490647762322038,-10.76288943688296,-11.128991052670674,10.062350816593092,9.951956557770945
25,0.0,8,washout_1_drift,0.12454523371597472,0.2817714901532983,0.0,-1.3319729055979233,-1.0632516320253622,-10.76288943688296,-10.817791151805121,10.062350816593092,9.918242811154824
25,0.25,1,shift_level,-0.14726257707437493,0.5348943083442275,0.0,-1.439158880181898,-1.4104405259712576,-10.76288943688296,-10.187949608224828,10.061737938038693,8.294339033277753
25,0.25,1,lag1_exog,-0.0475143606337874,0.38328223097781944,0.0,-1.439158880181898,-1.7189562123045754,-10.76288943688296,-9.437601627936493,10.061737938038693,9.900369765805173
25,0.25,1,shift_level_drift,-0.13340979792745586,0.5360369680071555,0.0,-1.439158880181898,-1.3265257953144132,-10.76288943688296,-10.18988505044695,10.061737938038693,8.294606240182118
25,0.25,2,shift_level,-0.13114363241857616,0.401539784802918,0.0,-1.439158880181898,-1.4089515474040044,-10.76288943688296,-10.197074945651769,10.061737938038693,8.946173796744553
25,0.25,2,washout_1,-0.026117139053095217,0.3119058596159276,0.0,-1.439158880181898,-1.2642315693259536,-10.76288943688296,-10.068956753820919,10.061737938038693,9.666540528400223
25,0.25,2,lag1_exog,-0.05856330402238078,0.2900164153918539,0.0,-1.439158880181898,-1.4979757278543506,-10.76288943688296,-10.241430648558811,10.061737938038693,9.814391277491296
25,0.25,2,block_mean,-0.026117139053095217,0.3119058596159276,0.0,-1.439158880181898,-1.2642315693259536,-10.76288943688296,-10.068956753820919,10.061737938038693,9.666540528400223
25,0.25,2,shift_level_drift,-0.0942433772629754,0.4024967957680829,0.0,-1.439158880181898,-1.2460769569234067,-10.76288943688296,-10.124525859820828,10.061737938038693,8.947248521049321
25,0.25,2,washout_1_drift,0.019771787678286825,0.3335569708533174,0.0,-1.439158880181898,-0.9971061769074832,-10.76288943688296,-9.986812208242867,10.061737938038693,9.670460876222318
25,0.25,4,shift_level,-0.08366241898777786,0.3696988676945962,0.05555555555555555,-1.439158880181898,-1.2437282859668626,-10.76288943688296,-11.961076608624193,10.061737938038693,9.53119889601097
25,0.25,4,washout_1,-0.002882078441277372,0.3347512138023213,0.05555555555555555,-1.439158880181898,-1.3116781997423006,-10.76288943688296,-11.632201481572778,10.061737938038693,9.870745185862468
25,0.25,4,lag1_exog,-0.009335929756270607,0.3322053322468352,0.05555555555555555,-1.439158880181898,-1.2046856300920046,-10.76288943688296,-11.546361943449028,10.061737938038693,9.921076066859236
25,0.25,4,block_mean,0.030732433455713876,0.3070967184395859,0.05555555555555555,-1.439158880181898,-1.3125145735118924,-10.76288943688296,-10.845720772953777,10.061737938038693,9.8858643107748
25,0.25,4,shift_level_drift,-0.10640671417715886,0.3205243190942107,0.0,-1.439158880181898,-1.2362092402249345,-10.76288943688296,-11.96662255938036,10.061737938038693,9.525248869777565
25,0.25,4,washout_1_drift,-0.023455002791977757,0.2628107008057758,0.0,-1.439158880181898,-1.2456903172341138,-10.76288943688296,-11.670755921586355,10.061737938038693,9.864643721441453
25,0.25,8,shift_level,0.15363106327261966,0.35900428108199706,0.0,-1.439158880181898,-0.7651027068193822,-10.76288943688296,-11.087119733790516,10.061737938038693,9.760648178932401
25,0.25,8,washout_1,0.21192071180561195,0.37157920313157927,0.0,-1.439158880181898,-0.8028923631588537,-10.76288943688296,-10.759396803995928,10.061737938038693,9.895521102068011
25,0.25,8,lag1_exog,0.20774344472318867,0.36913516444012573,0.0,-1.439158880181898,-0.7770174689607497,-10.76288943688296,-10.857553795673045,10.061737938038693,9.930522821766868
25,0.25,8,block_mean,0.20297270713708343,0.32403193879837566,0.0,-1.439158880181898,-0.8205595099581147,-10.76288943688296,-10.863850851592455,10.061737938038693,9.898766687449399
25,0.25,8,shift_level_drift,0.08680743360188094,0.2957145823129322,0.0,-1.439158880181898,-0.9950794243167176,-10.76288943688296,-11.108069950455597,10.061737938038693,9.760680278045697
25,0.25,8,washout_1_drift,0.13718926840776913,0.2888951876800248,0.0,-1.439158880181898,-1.010570744590838,-10.76288943688296,-10.793942404923705,10.061737938038693,9.8977417881216
25,0.5,1,shift_level,-0.3139897648304644,0.9845388015357279,0.0,-1.4876262214069342,-1.2994173957456752,-10.762889436882954,-10.185105493011726,10.061063773055897,6.447863071381765
25,0.5,1,lag1_exog,-0.15431887287569562,0.5033073239330134,0.0,-1.4876262214069342,-1.6690690659368088,-10.762889436882954,-9.427802772962371,10.061063773055897,8.827041121038778
25,0.5,1,shift_level_drift,-0.3014036314256258,0.98590488371484,0.0,-1.4876262214069342,-1.246404438168833,-10.762889436882954,-10.182467637261066,10.061063773055897,6.447390325821813
25,0.5,2,shift_level,-0.25967120210503203,0.7117344100719329,0.0,-1.4876262214069342,-1.3734434535954199,-10.762889436882954,-10.167983559657246,10.061063773055897,7.585057948519951
25,0.5,2,washout_1,-0.11756643112334142,0.4602128931210573,0.0,-1.4876262214069342,-1.2414535987670967,-10.762889436882954,-10.044821845455614,10.061063773055897,8.72814400730267
25,0.5,2,lag1_exog,-0.12937512690683065,0.3910611670431068,0.0,-1.4876262214069342,-1.496319032118234,-10.762889436882954,-10.209898511092259,10.061063773055897,9.034999467018359
25,0.5,2,block_mean,-0.11756643112334142,0.4602128931210573,0.0,-1.4876262214069342,-1.2414535987670967,-10.762889436882954,-10.044821845455614,10.061063773055897,8.72814400730267
25,0.5,2,shift_level_drift,-0.225768798021752,0.7141453583771418,0.0,-1.4876262214069342,-1.2131228688405322,-10.762889436882954,-10.122768270454849,10.061063773055897,7.586441695692023
25,0.5,2,washout_1_drift,-0.07879374754899583,0.47485289149806315,0.0,-1.4876262214069342,-0.9649077110002556,-10.762889436882954,-9.998762010901755,10.061063773055897,8.72955482165743
25,0.5,4,shift_level,-0.17130846342303,0.4778691481736214,0.0,-1.4876262214069342,-1.1948135660164194,-10.762889436882954,-11.96880847719628,10.061063773055897,8.72076940581412
25,0.5,4,washout_1,-0.06407358068833088,0.35256047867544144,0.0,-1.4876262214069342,-1.2907768527801688,-10.762889436882954,-11.630706098875415,10.061063773055897,9.40055446221318
25,0.5,4,lag1_exog,-0.0626146065705409,0.34081001175130266,0.0,-1.4876262214069342,-1.1826914389048697,-10.762889436882954,-11.551646411670673,10.061063773055897,9.500213264374594
25,0.5,4,block_mean,-0.02988999487810066,0.3250217862232664,0.0,-1.4876262214069342,-1.2903013565674208,-10.762889436882954,-10.846316859707985,10.061063773055897,9.417461238841062
25,0.5,4,shift_level_drift,-0.18664102587577355,0.45133954157432343,0.0,-1.4876262214069342,-1.1894809411259715,-10.762889436882954,-11.992087249445659,10.061063773055897,8.71756704771449
25,0.5,4,washout_1_drift,-0.07609826724391813,0.30412992293102914,0.0,-1.4876262214069342,-1.219138163420383,-10.762889436882954,-11.692142331767897,10.061063773055897,9.401560222453488
25,0.5,8,shift_level,0.11440348273215883,0.3709920266971219,0.0,-1.4876262214069342,-0.840523849834318,-10.762889436882954,-11.050833174127632,10.061063773055897,9.47056336501495
25,0.5,8,washout_1,0.18612463113963357,0.3601708355835936,0.0,-1.4876262214069342,-0.8830397155920755,-10.762889436882954,-10.722011196626715,10.061063773055897,9.757341071661479
25,0.5,8,lag1_exog,0.18249677949663856,0.3564446649986659,0.0,-1.4876262214069342,-0.8574999967180672,-10.762889436882954,-10.819216809748664,10.061063773055897,9.787979849619504
25,0.5,8,block_mean,0.17712117770217814,0.30866283748456025,0.0,-1.4876262214069342,-0.8995029014002407,-10.762889436882954,-10.825298344925455,10.061063773055897,9.763834333171044
25,0.5,8,shift_level_drift,0.057542848712045444,0.32525698416673976,0.0,-1.4876262214069342,-0.9854630798903264,-10.762889436882954,-11.079386446201989,10.061063773055897,9.466375319166595
25,0.5,8,washout_1_drift,0.12241455361678502,0.2950164990822641,0.0,-1.4876262214069342,-0.9972397480108436,-10.762889436882954,-10.761985236645797,10.061063773055897,9.757343478415587
25,0.75,1,shift_level,-0.4752500283719816,1.4588629024483208,0.0,-1.5158262354694862,-1.2116196941429331,-10.762889436882961,-10.183675283208785,10.060380845385843,4.561644301463276
25,0.75,1,lag1_exog,-0.3304744234374792,0.8700354457645763,0.0,-1.5158262354694862,-1.6327443252165517,-10.762889436882961,-9.418900609754843,10.060380845385843,7.036850052257409
25,0.75,1,shift_level_drift,-0.46205504386465623,1.460256548228061,0.0,-1.5158262354694862,-1.1783313207402637,-10.762889436882961,-10.177057648561595,10.060380845385843,4.560656657383451
25,0.75,2,shift_level,-0.4248876346126786,1.1374167886978035,0.0,-1.5158262354694862,-1.3477668235133873,-10.762889436882961,-10.149882585987548,10.060380845385843,5.864663080871002
25,0.75,2,washout_1,-0.283503042911979,0.8201594298842353,0.0,-1.5158262354694862,-1.2352406761353014,-10.762889436882961,-10.038452336252288,10.060380845385843,7.132219477119928
25,0.75,2,lag1_exog,-0.2778394529877501,0.7085639485869419,0.0,-1.5158262354694862,-1.5052145065447955,-10.762889436882961,-10.191526350301858,10.060380845385843,7.569014682494314
25,0.75,2,block_mean,-0.283503042911979,0.8201594298842353,0.0,-1.5158262354694862,-1.2352406761353014,-10.762889436882961,-10.038452336252288,10.060380845385843,7.132219477119928
25,0.75,2,shift_level_drift,-0.3940981831752301,1.1393969982496845,0.0,-1.5158262354694862,-1.200856792261254,-10.762889436882961,-10.12408416912919,10.060380845385843,5.866828553019734
25,0.75,2,washout_1_drift,-0.2508003279233648,0.8276556961908322,0.0,-1.5158262354694862,-0.966180460674303,-10.762889436882961,-10.016632568003963,10.060380845385843,7.132586469067354
25,0.75,4,shift_level,-0.30301084557828833,0.7367115262129694,0.0,-1.5158262354694862,-1.1446239972530512,-10.762889436882961,-11.958685763337193,10.060380845385843,7.472570902143035
25,0.75,4,washout_1,-0.18622642620863314,0.5220894081021995,0.0,-1.5158262354694862,-1.2639645351129323,-10.762889436882961,-11.614109582132553,10.060380845385843,8.349770662022125
25,0.75,4,lag1_exog,-0.17367382839279566,0.4839853927669845,0.0,-1.5158262354694862,-1.1552682403859265,-10.762889436882961,-11.539426020545779,10.060380845385843,8.535659572950607
25,0.75,4,block_mean,-0.15105919574998478,0.5024375494915081,0.0,-1.5158262354694862,-1.2625023529995048,-10.762889436882961,-10.83076398550307,10.060380845385843,8.368246327230857
25,0.75,4,shift_level_drift,-0.3136894513344008,0.7236889958274756,0.0,-1.5158262354694862,-1.1511797809864137,-10.762889436882961,-11.990934487872494,10.060380845385843,7.476348582071743
25,0.75,4,washout_1_drift,-0.19342162149531766,0.49747106780950756,0.0,-1.5158262354694862,-1.2048439215894824,-10.762889436882961,-11.683937157416775,10.060380845385843,8.362818748045598
25,0.75,8,shift_level,0.042107040395146296,0.44027336149759505,0.0,-1.5158262354694862,-0.9003497321487095,-10.762889436882961,-11.028686221703406,10.060380845385843,8.969266911786226
25,0.75,8,washout_1,0.12301404375247275,0.37863371343984276,0.0,-1.5158262354694862,-0.9459825837415988,-10.762889436882961,-10.70252066347741,10.060380845385843,9.372653335833535
25,0.75,8,lag1_exog,0.12218006482297548,0.37111581313037806,0.0,-1.5158262354694862,-0.9212783063880222,-10.762889436882961,-10.797333526289474,10.060380845385843,9.422132039994121
25,0.75,8,block_mean,0.11439079654039562,0.3266848743632913,0.0,-1.5158262354694862,-0.9625453508819546,-10.762889436882961,-10.806000306123085,10.060380845385843,9.386016535470565
25,0.75,8,shift_level_drift,-0.007631855051233316,0.41522039828356455,0.0,-1.5158262354694862,-0.9857881654416343,-10.762889436882961,-11.054735903757715,10.060380845385843,8.957880827141475
25,0.75,8,washout_1_drift,0.06774079508993604,0.3340058966506829,0.0,-1.5158262354694862,-0.9949564841434687,-10.762889436882961,-10.73682798584534,10.060380845385843,9.367159921342491
25,1.0,1,shift_level,-0.6354735449195849,1.9321007607019252,0.0,-1.5309954653579902,-1.1464857807854953,-10.762889436882958,-10.193202229676837,10.059800692327656,2.6780113301132595
25,1.0,1,lag1_exog,-0.5775822949305774,1.4503753703230569,0.0,-1.5309954653579902,-1.6037568689094936,-10.762889436882958,-9.422346836816187,10.059800692327656,4.586412041745886
25,1.0,1,shift_level_drift,-0.6214632847069225,1.933130822521579,0.0,-1.5309954653579902,-1.1265632448186524,-10.762889436882958,-10.183985144931263,10.059800692327656,2.677713258545798
25,1.0,2,shift_level,-0.6261513513506259,1.6612098743294026,0.0,-1.5309954653579902,-1.3380728727859146,-10.762889436882958,-10.139656432500622,10.059800692327656,3.7617648274845785
25,1.0,2,washout_1,-0.5201950412017896,1.3798004461745064,0.0,-1.5309954653579902,-1.2357185616526718,-10.762889436882958,-10.044813424308394,10.059800692327656,4.844376810109619
25,1.0,2,lag1_exog,-0.5134849943269854,1.267400277640561,0.0,-1.5309954653579902,-1.5184817205290568,-10.762889436882958,-10.184513045386602,10.059800692327656,5.269445725983319
25,1.0,2,block_mean,-0.5201950412017896,1.3798004461745064,0.0,-1.5309954653579902,-1.2357185616526718,-10.762889436882958,-10.044813424308394,10.059800692327656,4.844376810109619
25,1.0,2,shift_level_drift,-0.5987126280640868,1.6626766200883532,0.0,-1.5309954653579902,-1.1985288859220529,-10.762889436882958,-10.128094137798904,10.059800692327656,3.7639636444431415
25,1.0,2,washout_1_drift,-0.49266187107002113,1.3837654109548776,0.0,-1.5309954653579902,-0.969693950901933,-10.762889436882958,-10.040025481739544,10.059800692327656,4.844482726893769
25,1.0,4,shift_level,-0.5047947937909479,1.19476596109835,0.0,-1.5309954653579902,-1.1037910585017667,-10.762889436882958,-11.940420298293452,10.059800692327656,5.543899860414442
25,1.0,4,washout_1,-0.4015266911620624,0.9696815131614286,0.0,-1.5309954653579902,-1.243623974009054,-10.762889436882958,-11.596698806604783,10.059800692327656,6.402897804548697
25,1.0,4,lag1_exog,-0.3794536018502134,0.9053341443031159,0.0,-1.5309954653579902,-1.1346774024759196,-10.762889436882958,-11.521378410471495,10.059800692327656,6.6620472269892055
25,1.0,4,block_mean,-0.3654077179398408,0.9576279458038358,0.0,-1.5309954653579902,-1.241498464818872,-10.762889436882958,-10.813696492487615,10.059800692327656,6.4197712883515
25,1.0,4,shift_level_drift,-0.5126085283238424,1.1879539575010702,0.0,-1.5309954653579902,-1.1187048888302762,-10.762889436882958,-11.977063408818815,10.059800692327656,5.558795779124869
25,1.0,4,washout_1_drift,-0.40620555896286714,0.9580234209102618,0.0,-1.5309954653579902,-1.1958592363966782,-10.762889436882958,-11.66784739677378,10.059800692327656,6.430464670540332
25,1.0,8,shift_level,-0.0967656924146494,0.6761438388553248,0.0,-1.5309954653579902,-0.9473128059601588,-10.762889436882958,-11.016670255465982,10.059800692327656,7.936288536885882
25,1.0,8,washout_1,-0.01512850828718825,0.5618740054835722,0.0,-1.5309954653579902,-0.9943654994011134,-10.762889436882958,-10.692447232175793,10.059800692327656,8.388546557441067
25,1.0,8,lag1_exog,-0.010039021370235404,0.5391324449037316,0.0,-1.5309954653579902,-0.9709127546136265,-10.762889436882958,-10.785671938159588,10.059800692327656,8.489097956613353
25,1.0,8,block_mean,-0.022569219583688904,0.5240877626364914,0.0,-1.5309954653579902,-1.0111352802984424,-10.762889436882958,-10.795943855988895,10.059800692327656,8.415127596521327
25,1.0,8,shift_level_drift,-0.14072808729850042,0.6696231277169661,0.0,-1.5309954653579902,-0.9866244813667169,-10.762889436882958,-11.03500486266881,10.059800692327656,7.92025679831772
25,1.0,8,washout_1_drift,-0.06382828054230465,0.5434115598198221,0.0,-1.5309954653579902,-0.9944295226824226,-10.762889436882958,-10.716196552269004,10.059800692327656,8.379232411609939
26,0.0,1,shift_level,0.09659343274816953,0.48252572388365494,0.0,-1.4991960480827995,-1.5245874237650257,-11.202738213748937,-9.322605689493043,9.984987997802712,10.145568599033862
26,0.0,1,lag1_exog,-0.00027957267594119366,0.44468526094136923,0.0,-1.4991960480827995,-1.9828171365607568,-11.202738213748937,-9.55387577820783,9.984987997802712,9.945821853311058
26,0.0,1,shift_level_drift,0.15161474823635976,0.5236828646588604,0.0,-1.4991960480827995,-1.5188664432458943,-11.202738213748937,-9.208776971575498,9.984987997802712,10.148913157311604
26,0.0,2,shift_level,0.018072555384532982,0.21550019880939633,0.0,-1.4991960480827995,-1.4991684639548528,-11.202738213748937,-10.919755347277446,9.984987997802712,10.093889221385297
26,0.0,2,washout_1,-0.0484782695111229,0.28345868213113506,0.0,-1.4991960480827995,-1.4507756199254798,-11.202738213748937,-11.691602871173693,9.984987997802712,10.031679596188287
26,0.0,2,lag1_exog,0.007628431880886468,0.2055759858419793,0.0,-1.4991960480827995,-1.4892300294262601,-11.202738213748937,-11.323048047764921,9.984987997802712,10.031966740880083
26,0.0,2,block_mean,-0.0484782695111229,0.28345868213113506,0.0,-1.4991960480827995,-1.4507756199254798,-11.202738213748937,-11.691602871173693,9.984987997802712,10.031679596188287
26,0.0,2,shift_level_drift,-0.004919142398658183,0.18625374068293893,0.0,-1.4991960480827995,-1.5116977033259618,-11.202738213748937,-10.84132310467612,9.984987997802712,10.091104180574348
26,0.0,2,washout_1_drift,-0.0444942717394909,0.24535022928693032,0.0,-1.4991960480827995,-1.4453030972657825,-11.202738213748937,-11.585567939186742,9.984987997802712,10.033218284864828
26,0.0,4,shift_level,-0.04735998303928473,0.31353256809927177,0.0,-1.4991960480827995,-1.7852260086163907,-11.202738213748937,-10.444976980434365,9.984987997802712,9.715739936182366
26,0.0,4,washout_1,-0.0458595839012352,0.3074855431709747,0.0,-1.4991960480827995,-1.841100975330354,-11.202738213748937,-10.542173663773152,9.984987997802712,9.768912254552232
26,0.0,4,lag1_exog,-0.060517217121227054,0.36454878778835015,0.0,-1.4991960480827995,-1.9623515022017024,-11.202738213748937,-10.408090618943344,9.984987997802712,9.78729483252421
26,0.0,4,block_mean,-0.0427905758070822,0.2709913952743071,0.0,-1.4991960480827995,-1.8726130926815832,-11.202738213748937,-10.9468650419052,9.984987997802712,9.759308011429022
26,0.0,4,shift_level_drift,-0.012241919418079176,0.25076039500251845,0.0,-1.4991960480827995,-1.664219766138263,-11.202738213748937,-10.570127319803682,9.984987997802712,9.7113341142888
26,0.0,4,washout_1_drift,0.003904877813440556,0.24422248800443339,0.0,-1.4991960480827995,-1.668826247984818,-11.202738213748937,-10.640104327264456,9.984987997802712,9.761720513677124
26,0.0,8,shift_level,-0.009860450547505019,0.6355194869955862,0.0,-1.4991960480827995,-1.3158865155373813,-11.202738213748937,-13.411045184915206,9.984987997802712,10.220794558523117
26,0.0,8,washout_1,-0.03450052474014231,0.4987868833988381,0.0,-1.4991960480827995,-1.3356063545902674,-11.202738213748937,-13.0491233931027,9.984987997802712,10.209966003818726
26,0.0,8,lag1_exog,-0.020170984852793266,0.5218076740629214,0.0,-1.4991960480827995,-1.3144010341628647,-11.202738213748937,-13.20128979332172,9.984987997802712,10.260383736629596
26,0.0,8,block_mean,0.01941259143641275,0.2537084226969392,0.0,-1.4991960480827995,-1.2947066345846863,-11.202738213748937,-11.992941692834252,9.984987997802712,10.158738353174595
26,0.0,8,shift_level_drift,-0.01803160617202879,0.578178187971451,0.0,-1.4991960480827995,-1.5034065725875627,-11.202738213748937,-13.34740012143186,9.984987997802712,10.221095543503921
26,0.0,8,washout_1_drift,-0.024902276219634315,0.4554093835777513,0.0,-1.4991960480827995,-1.4814922776494872,-11.202738213748937,-12.969351808518246,9.984987997802712,10.208367771196286
26,0.25,1,shift_level,-0.053445662710482886,0.6883085923323398,0.0,-1.6207887577134263,-1.378564688498368,-11.202738213748939,-9.29824842244949,9.985065972030835,8.23114751106284
26,0.25,1,lag1_exog,-0.008949954714848564,0.44719886866027986,0.0,-1.6207887577134263,-1.9280542200263742,-11.202738213748939,-9.5396313295486,9.985065972030835,9.63229142234226
26,0.25,1,shift_level_drift,-0.008425901439185327,0.7171666127101407,0.0,-1.6207887577134263,-1.4275919091858174,-11.202738213748939,-9.196215677581247,9.985065972030835,8.233789855901833
26,0.25,2,shift_level,-0.08257613534810303,0.315658971960485,0.0,-1.6207887577134263,-1.3874243927231436,-11.202738213748939,-11.00958026144172,9.985065972030835,9.009349580737666
26,0.25,2,washout_1,-0.07864787587524087,0.2870771693706894,0.0,-1.6207887577134263,-1.3582537671676194,-11.202738213748939,-11.778341154595621,9.985065972030835,9.725450426023414
26,0.25,2,lag1_exog,-0.012636121449832045,0.19156327471084814,0.05555555555555555,-1.6207887577134263,-1.434781276048858,-11.202738213748939,-11.404217166787687,9.985065972030835,9.80735823610302
26,0.25,2,block_mean,-0.07864787587524087,0.2870771693706894,0.0,-1.6207887577134263,-1.3582537671676194,-11.202738213748939,-11.778341154595621,9.985065972030835,9.725450426023414
26,0.25,2,shift_level_drift,-0.09190932198743387,0.30165142713836646,0.0,-1.6207887577134263,-1.386822308531285,-11.202738213748939,-10.936091399723164,9.985065972030835,9.004794538837864
26,0.25,2,washout_1_drift,-0.06826378068845518,0.2590187229792389,0.0,-1.6207887577134263,-1.3483009839603446,-11.202738213748939,-11.694215470022606,9.985065972030835,9.724652551880176
26,0.25,4,shift_level,-0.07807671785186333,0.352674494476611,0.0,-1.6207887577134263,-1.8364652693847714,-11.202738213748939,-10.412639443538216,9.985065972030835,9.208805469069858
26,0.25,4,washout_1,-0.03602485466489896,0.3042618219590901,0.0,-1.6207887577134263,-1.9299169400481602,-11.202738213748939,-10.503820705957255,9.985065972030835,9.649386497653843
26,0.25,4,lag1_exog,-0.04692674741313642,0.3589493370325282,0.0,-1.6207887577134263,-2.0528856457364504,-11.202738213748939,-10.358806141017304,9.985065972030835,9.682304138033484
26,0.25,4,block_mean,-0.033143050639608505,0.26493376052678114,0.0,-1.6207887577134263,-1.9636634582932113,-11.202738213748939,-10.908460307381349,9.985065972030835,9.640225182254662
26,0.25,4,shift_level_drift,-0.05020529666536146,0.29719661168174377,0.0,-1.6207887577134263,-1.635764382292068,-11.202738213748939,-10.527803445392415,9.985065972030835,9.209189629576992
26,0.25,4,washout_1_drift,0.007007854942616671,0.24081993580597266,0.0,-1.6207887577134263,-1.6466675908233472,-11.202738213748939,-10.58566977085503,9.985065972030835,9.641797205202598
26,0.25,8,shift_level,-0.03509503803753922,0.5955959475382996,0.0,-1.6207887577134263,-1.4609581037786492,-11.202738213748939,-13.276259454859026,9.985065972030835,9.901076985836351
26,0.25,8,washout_1,-0.03880690133200287,0.45459803940781135,0.0,-1.6207887577134263,-1.527970887525482,-11.202738213748939,-12.901773403993099,9.985065972030835,10.137343738978336
26,0.25,8,lag1_exog,-0.024981188116754854,0.47442648092226614,0.0,-1.6207887577134263,-1.5047674797129496,-11.202738213748939,-13.048597545337786,9.985065972030835,10.19523172332515
26,0.25,8,block_mean,0.013255916563719935,0.22095789413152633,0.0,-1.6207887577134263,-1.4884970966883073,-11.202738213748939,-11.870836168644631,9.985065972030835,10.08558434357694
26,0.25,8,shift_level_drift,-0.035093059511291116,0.5673876856058897,0.0,-1.6207887577134263,-1.4704536915194413,-11.202738213748939,-13.218157493145178,9.985065972030835,9.901167652265645
26,0.25,8,washout_1_drift,-0.021971607329072117,0.43832758109808645,0.0,-1.6207887577134263,-1.4694877410252407,-11.202738213748939,-12.84685090846172,9.985065972030835,10.13599493804993
26,0.5,1,shift_level,-0.20859353745552814,1.0965083092684595,0.0,-1.6916596287856063,-1.2998874766385593,-11.202738213748937,-9.275499626030008,9.98528552232435,6.311346941438918
26,0.5,1,lag1_exog,-0.1020922349996912,0.5757211257755736,0.0,-1.6916596287856063,-1.9389102271615295,-11.202738213748937,-9.52154248996455,9.98528552232435,8.574050573017939
26,0.5,1,shift_level_drift,-0.17192896745744682,1.1121671954127665,0.0,-1.6916596287856063,-1.3658984753505998,-11.202738213748937,-9.196197497743931,9.98528552232435,6.314348239175164
26,0.5,2,shift_level,-0.21682497170323642,0.6521234433287632,0.0,-1.6916596287856063,-1.3023806171231909,-11.202738213748937,-11.054963446251826,9.98528552232435,7.571930136672131
26,0.5,2,washout_1,-0.1764734455530413,0.4153645190732577,0.0,-1.6916596287856063,-1.3024602316270082,-11.202738213748937,-11.821539143807138,9.98528552232435,8.752734787831617
26,0.5,2,lag1_exog,-0.09300720269798203,0.2997819339970366,0.0,-1.6916596287856063,-1.4045627572915906,-11.202738213748937,-11.439836522551971,9.98528552232435,9.000491021453794
26,0.5,2,block_mean,-0.1764734455530413,0.4153645190732577,0.0,-1.6916596287856063,-1.3024602316270082,-11.202738213748937,-11.821539143807138,9.98528552232435,8.752734787831617
26,0.5,2,shift_level_drift,-0.21901735507087425,0.6487881449272385,0.0,-1.6916596287856063,-1.2950888027651888,-11.202738213748937,-10.997600728926393,9.98528552232435,7.568357805223245
26,0.5,2,washout_1_drift,-0.16396692255909118,0.4034403915686544,0.0,-1.6916596287856063,-1.291731766897045,-11.202738213748937,-11.767325563319751,9.98528552232435,8.754386149074985
26,0.5,4,shift_level,-0.14853707865975663,0.4854001834716703,0.0,-1.6916596287856063,-1.8730074497655205,-11.202738213748937,-10.395757746297294,9.98528552232435,8.436501123160335
26,0.5,4,washout_1,-0.07592610585114394,0.3479411508392952,0.0,-1.6916596287856063,-1.9906512386420816,-11.202738213748937,-10.48369304949409,9.98528552232435,9.176811349825751
26,0.5,4,lag1_exog,-0.07970821970748627,0.38892718715433655,0.0,-1.6916596287856063,-2.1120487424925787,-11.202738213748937,-10.330489456443043,9.98528552232435,9.266282094403035
26,0.5,4,block_mean,-0.0732610183978092,0.31308418715924446,0.0,-1.6916596287856063,-2.025617343507397,-11.202738213748937,-10.888192532454882,9.98528552232435,9.168879988863752
26,0.5,4,shift_level_drift,-0.11993463409141193,0.4492506625428724,0.0,-1.6916596287856063,-1.6159987087727934,-11.202738213748937,-10.477161002779765,9.98528552232435,8.444729198112691
26,0.5,4,washout_1_drift,-0.03072372859027594,0.2995745904027573,0.0,-1.6916596287856063,-1.618635916438695,-11.202738213748937,-10.532678294827285,9.98528552232435,9.174513660515363
26,0.5,8,shift_level,-0.08176421964732349,0.5926370143261862,0.0,-1.6916596287856063,-1.559402528517602,-11.202738213748937,-13.191036540203731,9.98528552232435,9.409627272576728
26,0.5,8,washout_1,-0.06847609089534368,0.4334221096426625,0.0,-1.6916596287856063,-1.6526927477247204,-11.202738213748937,-12.813775352107829,9.98528552232435,9.873181788770001
26,0.5,8,lag1_exog,-0.053101648070739596,0.44955155030882304,0.0,-1.6916596287856063,-1.6249688384464704,-11.202738213748937,-12.95674399312363,9.98528552232435,9.945822495099163
26,0.5,8,block_mean,-0.01768040640343166,0.213791395360362,0.0,-1.6916596287856063,-1.6131561428532253,-11.202738213748937,-11.797302490078922,9.98528552232435,9.819788160649365
26,0.5,8,shift_level_drift,-0.07485357354230715,0.5821054922399399,0.0,-1.6916596287856063,-1.4481980834599064,-11.202738213748937,-13.134291376690715,9.98528552232435,9.409780613931758
26,0.5,8,washout_1_drift,-0.045164515825631676,0.4309142568570567,0.0,-1.6916596287856063,-1.4567316570560702,-11.202738213748937,-12.773508736941906,9.98528552232435,9.872133117643754
26,0.75,1,shift_level,-0.3633302958357566,1.5465575252992472,0.0,-1.7355942135185183,-1.247937585642143,-11.202738213748937,-9.255196535542233,9.985606329705842,4.421145648193571
26,0.75,1,lag1_exog,-0.2696708132519884,0.9323799882825275,0.0,-1.7355942135185183,-1.972302829257433,-11.202738213748937,-9.507204156714607,9.985606329705842,6.827713557884696
26,0.75,1,shift_level_drift,-0.33339742647843684,1.555434963659044,0.0,-1.7355942135185183,-1.3157864546697633,-11.202738213748937,-9.193962247873074,9.985606329705842,4.424877844194574
26,0.75,2,shift_level,-0.3791888448533722,1.1008106961277662,0.0,-1.7355942135185183,-1.2343978694749564,-11.202738213748937,-11.069624999597043,9.985606329705842,5.775514190564885
26,0.75,2,washout_1,-0.34196072663186994,0.784141444986913,0.0,-1.7355942135185183,-1.2722127274773807,-11.202738213748937,-11.834581753575847,9.985606329705842,7.095622353204213
26,0.75,2,lag1_exog,-0.24222956287543962,0.6519842782668664,0.0,-1.7355942135185183,-1.3878927842769642,-11.202738213748937,-11.444182663793391,9.985606329705842,7.479960842282824
26,0.75,2,block_mean,-0.34196072663186994,0.784141444986913,0.0,-1.7355942135185183,-1.2722127274773807,-11.202738213748937,-11.834581753575847,9.985606329705842,7.095622353204213
26,0.75,2,shift_level_drift,-0.3799752769165771,1.0999718522739723,0.0,-1.7355942135185183,-1.227609525036784,-11.202738213748937,-11.029886656426832,9.985606329705842,5.775504355581986
26,0.75,2,washout_1_drift,-0.33202148929708025,0.7799753155946287,0.0,-1.7355942135185183,-1.2651393326521354,-11.202738213748937,-11.806919592651807,9.985606329705842,7.103181525129562
26,0.75,4,shift_level,-0.27947194061386144,0.7556156675292488,0.0,-1.7355942135185183,-1.8963592687339843,-11.202738213748937,-10.386285160522949,9.985606329705842,7.225615645140623
26,0.75,4,washout_1,-0.19515281822650224,0.544492199148283,0.0,-1.7355942135185183,-2.0342199662861145,-11.202738213748937,-10.464764275449792,9.985606329705842,8.124177044140028
26,0.75,4,lag1_exog,-0.18700651975767077,0.5437580944013506,0.0,-1.7355942135185183,-2.151897093134437,-11.202738213748937,-10.306826039360956,9.985606329705842,8.30647221199331
26,0.75,4,block_mean,-0.19251591976672583,0.5223718227584692,0.0,-1.7355942135185183,-2.0716198782160102,-11.202738213748937,-10.86753937923088,9.985606329705842,8.119300295672812
26,0.75,4,shift_level_drift,-0.24936376285931486,0.7343876432297173,0.0,-1.7355942135185183,-1.6021868597488926,-11.202738213748937,-10.44016851104201,9.985606329705842,7.24406401477709
26,0.75,4,washout_1_drift,-0.14732297896246718,0.5172187559733288,0.0,-1.7355942135185183,-1.6004468596698314,-11.202738213748937,-10.488639892627939,9.985606329705842,8.13182839211185
26,0.75,8,shift_level,-0.1595840301133535,0.6628657238007334,0.0,-1.7355942135185183,-1.6155250640813876,-11.202738213748937,-13.142995640742914,9.985606329705842,8.571369672935687
26,0.75,8,washout_1,-0.13468971793697032,0.4649849451958289,0.0,-1.7355942135185183,-1.7263000656321568,-11.202738213748937,-12.765443785027049,9.985606329705842,9.216388166339453
26,0.75,8,lag1_exog,-0.11563454462657304,0.47086945127445834,0.0,-1.7355942135185183,-1.6971867541572654,-11.202738213748937,-12.904854690786289,9.985606329705842,9.319471467103895
26,0.75,8,block_mean,-0.08534570765083685,0.2932620375241775,0.0,-1.7355942135185183,-1.686325729889616,-11.202738213748937,-11.75696465747303,9.985606329705842,9.158180267283411
26,0.75,8,shift_level_drift,-0.14822815349699667,0.662742045829267,0.0,-1.7355942135185183,-1.4256072093565915,-11.202738213748937,-13.090172099098389,9.985606329705842,8.571046892630454
26,0.75,8,washout_1_drift,-0.10690784453880624,0.4695923692438864,0.0,-1.7355942135185183,-1.4362635369343049,-11.202738213748937,-12.736541175200069,9.985606329705842,9.2149948502806
26,1.0,1,shift_level,-0.5081148039190791,1.9981544833287768,0.0,-1.7640115998412682,-1.2162546071136255,-11.202738213748939,-9.231021812064402,9.986055709892511,2.5997791494645357
26,1.0,1,lag1_exog,-0.49630105263735935,1.4890495184680799,0.0,-1.7640115998412682,-1.995061651147418,-11.202738213748939,-9.483140746392863,9.986055709892511,4.487956495734265
26,1.0,1,shift_level_drift,-0.4847628277449063,2.002897357826692,0.0,-1.7640115998412682,-1.2818211085587818,-11.202738213748939,-9.187579674356483,9.986055709892511,2.604535193100622
26,1.0,2,shift_level,-0.5713406727422828,1.6266288293593638,0.0,-1.7640115998412682,-1.1799444025130996,-11.202738213748939,-11.07107773248675,9.986055709892511,3.6755060330322156
26,1.0,2,washout_1,-0.5768632195508333,1.34869044198945,0.0,-1.7640115998412682,-1.2469546288319997,-11.202738213748939,-11.826602692187453,9.986055709892511,4.790266280535024
26,1.0,2,lag1_exog,-0.4740316227178848,1.2217622844093543,0.0,-1.7640115998412682,-1.3743348294427604,-11.202738213748939,-11.430176059219317,9.986055709892511,5.183047003540035
26,1.0,2,block_mean,-0.5768632195508333,1.34869044198945,0.0,-1.7640115998412682,-1.2469546288319997,-11.202738213748939,-11.826602692187453,9.986055709892511,4.790266280535024
26,1.0,2,shift_level_drift,-0.5715021987155231,1.626272024942445,0.0,-1.7640115998412682,-1.1764439280369046,-11.202738213748939,-11.044113505104441,9.986055709892511,3.679217073215972
26,1.0,2,washout_1_drift,-0.5695575849060975,1.3461610470390037,0.0,-1.7640115998412682,-1.2400877633719125,-11.202738213748939,-11.816060240425475,9.986055709892511,4.802886428202499
26,1.0,4,shift_level,-0.4831278836210133,1.2084388954355478,0.0,-1.7640115998412682,-1.9068929224157474,-11.202738213748939,-10.384011744307545,9.986055709892511,5.353352172567579
26,1.0,4,washout_1,-0.4126593570594134,0.9951749835058479,0.0,-1.7640115998412682,-2.06059581899191,-11.202738213748939,-10.4534077885728,9.986055709892511,6.193804105924904
26,1.0,4,lag1_exog,-0.3957904185253782,0.9541079871930725,0.0,-1.7640115998412682,-2.1765739927306127,-11.202738213748939,-10.29272492511587,9.986055709892511,6.45299981452728
26,1.0,4,block_mean,-0.4098429764570037,0.9820966078187636,0.0,-1.7640115998412682,-2.100626048709875,-11.202738213748939,-10.85392010370535,9.986055709892511,6.195643166535188
26,1.0,4,shift_level_drift,-0.45122266372270686,1.1969357702674615,0.0,-1.7640115998412682,-1.586027389734784,-11.202738213748939,-10.41776134372691,9.986055709892511,5.380962477609358
26,1.0,4,washout_1_drift,-0.3628414680995999,0.9833733166787282,0.0,-1.7640115998412682,-1.581075768231627,-11.202738213748939,-10.460418357302522,9.986055709892511,6.211900365878056
26,1.0,8,shift_level,-0.3124822344626703,0.9248452449979072,0.0,-1.7640115998412682,-1.6372486792868624,-11.202738213748939,-13.10763566190579,9.986055709892511,6.938724024228144
26,1.0,8,washout_1,-0.28557023022595374,0.704473184490881,0.0,-1.7640115998412682,-1.7610928103586765,-11.202738213748939,-12.729660424812517,9.986055709892511,7.655307894641282
26,1.0,8,lag1_exog,-0.26135402872195057,0.686182731491633,0.0,-1.7640115998412682,-1.7330061961969347,-11.202738213748939,-12.866379537123935,9.986055709892511,7.807829098314709
26,1.0,8,block_mean,-0.237840842591006,0.6203301290913596,0.0,-1.7640115998412682,-1.720327712515982,-11.202738213748939,-11.727306057129356,9.986055709892511,7.583807470753768
26,1.0,8,shift_level_drift,-0.29833382111622975,0.9289043216281362,0.0,-1.7640115998412682,-1.4012625336111606,-11.202738213748939,-13.06033701948621,9.986055709892511,6.936673549529829
26,1.0,8,washout_1_drift,-0.2558634281743981,0.7104911834755283,0.0,-1.7640115998412682,-1.4173174699819657,-11.202738213748939,-12.710948734403853,9.986055709892511,7.652557316716727
27,0.0,1,shift_level,-0.12527472119553157,0.40872046008300583,0.0,-1.7293263902513019,-1.9964623649407887,-12.556897147090773,-14.337585957366175,10.066648300826357,10.11443316413829
27,0.0,1,lag1_exog,-0.14401834532338478,0.2748201792460621,0.05263157894736842,-1.7293263902513019,-2.36009925812282,-12.556897147090773,-12.947911007571834,10.066648300826357,10.08488425785188
27,0.0,1,shift_level_drift,-0.11312728839402232,0.40097322420575593,0.0,-1.7293263902513019,-2.041505265918721,-12.556897147090773,-14.247992235648294,10.066648300826357,10.117655698591754
27,0.0,2,shift_level,0.014679321587732582,0.2513349784293388,0.0,-1.7293263902513019,-1.4418208424990042,-12.556897147090773,-12.206143077010486,10.066648300826357,10.184753119660698
27,0.0,2,washout_1,0.01731504357341118,0.3792909863450145,0.0,-1.7293263902513019,-1.4260644341757014,-12.556897147090773,-11.979214174258626,10.066648300826357,10.25302278150007
27,0.0,2,lag1_exog,0.06680880167167517,0.3183850760711176,0.0,-1.7293263902513019,-1.382556858929024,-12.556897147090773,-11.340811169355238,10.066648300826357,10.27473836413165
27,0.0,2,block_mean,0.01731504357341118,0.3792909863450145,0.0,-1.7293263902513019,-1.4260644341757014,-12.556897147090773,-11.979214174258626,10.066648300826357,10.25302278150007
27,0.0,2,shift_level_drift,-0.03223181536578316,0.24900277161329432,0.0,-1.7293263902513019,-1.6273501739338911,-12.556897147090773,-12.281223605022355,10.066648300826357,10.178958670224102
27,0.0,2,washout_1_drift,-0.029916500838126366,0.37545949803194506,0.0,-1.7293263902513019,-1.6489564617026682,-12.556897147090773,-12.031688820046213,10.066648300826357,10.243420002398206
27,0.0,4,shift_level,0.09129216810523043,0.3350200178369369,0.0,-1.7293263902513019,-1.9980029369549066,-12.556897147090773,-12.89421974271567,10.066648300826357,10.073944029903451
27,0.0,4,washout_1,0.083925769797851,0.31228827476078985,0.0,-1.7293263902513019,-1.943391728475906,-12.556897147090773,-12.623918562446878,10.066648300826357,10.067688111794109
27,0.0,4,lag1_exog,0.06003218725219598,0.32317514075470033,0.0,-1.7293263902513019,-2.055353377267837,-12.556897147090773,-13.13826232413798,10.066648300826357,10.03902304243013
27,0.0,4,block_mean,0.08062957085848534,0.29674430156584114,0.0,-1.7293263902513019,-1.928623747637381,-12.556897147090773,-12.477206058951575,10.066648300826357,10.059331363244084
27,0.0,4,shift_level_drift,0.025953307028982433,0.2616715618974254,0.0,-1.7293263902513019,-1.6513961970007456,-12.556897147090773,-13.029549013786621,10.066648300826357,10.068531698293388
27,0.0,4,washout_1_drift,0.01079802474928063,0.26309572317881585,0.0,-1.7293263902513019,-1.6535206867711423,-12.556897147090773,-12.729253672733694,10.066648300826357,10.063767338831452
27,0.0,8,shift_level,-0.13609554281459704,0.282355667689723,0.0,-1.7293263902513019,-1.91959536542653,-12.556897147090773,-13.061820750066277,10.066648300826357,9.931811462527545
27,0.0,8,washout_1,-0.1649946124885295,0.3099225734088513,0.0,-1.7293263902513019,-2.0701596488906104,-12.556897147090773,-12.784278724737439,10.066648300826357,9.868027424137322
27,0.0,8,lag1_exog,-0.1511929716454418,0.27680310788886475,0.0,-1.7293263902513019,-2.0424971576206774,-12.556897147090773,-12.83090906515695,10.066648300826357,9.884079102143739
27,0.0,8,block_mean,-0.1277909950192895,0.32918954848001747,0.0,-1.7293263902513019,-2.0620902076859484,-12.556897147090773,-12.88776002669021,10.066648300826357,9.816268251388713
27,0.0,8,shift_level_drift,-0.10139205359815663,0.25146525254929747,0.0,-1.7293263902513019,-1.7803470884720833,-12.556897147090773,-13.10800949858583,10.066648300826357,9.931590578999796
27,0.0,8,washout_1_drift,-0.09811246059476071,0.2365806275440365,0.0,-1.7293263902513019,-1.842256081582832,-12.556897147090773,-12.781382839303761,10.066648300826357,9.867972572609576
27,0.25,1,shift_level,-0.28383501572689046,0.6487101811127322,0.0,-1.9270354840014958,-1.8307726837586527,-12.556897147090787,-14.328045835993422,10.06670195596125,8.11219566412847
27,0.25,1,lag1_exog,-0.1576483599570804,0.27309057470943743,0.0,-1.9270354840014958,-2.320764377363965,-12.556897147090787,-12.97100135456824,10.06670195596125,9.681980345124376
27,0.25,1,shift_level_drift,-0.2737554537473143,0.6458637977346238,0.0,-1.9270354840014958,-1.8772281598195848,-12.556897147090787,-14.247119120558075,10.06670195596125,8.113855835557729
27,0.25,2,shift_level,-0.07683505704375879,0.39798280889477433,0.0,-1.9270354840014958,-1.2489001579484411,-12.556897147090787,-12.184956654628795,10.06670195596125,8.94227436404864
27,0.25,2,washout_1,-0.0014594584875831373,0.3912938719556983,0.0,-1.9270354840014958,-1.3049930620400014,-12.556897147090787,-11.927450043479258,10.06670195596125,9.864345042958625
27,0.25,2,lag1_exog,0.05348216914402234,0.33860378962876186,0.0,-1.9270354840014958,-1.2886570867771023,-12.556897147090787,-11.31491003336009,10.06670195596125,9.97822402617466
27,0.25,2,block_mean,-0.0014594584875831373,0.3912938719556983,0.0,-1.9270354840014958,-1.3049930620400014,-12.556897147090787,-11.927450043479258,10.06670195596125,9.864345042958625
27,0.25,2,shift_level_drift,-0.12000008955805176,0.3853873618139321,0.0,-1.9270354840014958,-1.4489964082028877,-12.556897147090787,-12.245911855839562,10.06670195596125,8.934778622884128
27,0.25,2,washout_1_drift,-0.04265131579506858,0.3748625106705519,0.0,-1.9270354840014958,-1.5310968541456966,-12.556897147090787,-11.944536628658998,10.06670195596125,9.851568566810068
27,0.25,4,shift_level,0.05435463197363517,0.3576256723781608,0.0,-1.9270354840014958,-1.920076285509658,-12.556897147090787,-12.78913621411267,10.06670195596125,9.487739884238277
27,0.25,4,washout_1,0.08593051322403888,0.30391199902563876,0.0,-1.9270354840014958,-1.9220168547172887,-12.556897147090787,-12.510199689275378,10.06670195596125,9.942381122542944
27,0.25,4,lag1_exog,0.06403355884768584,0.3082651133533548,0.0,-1.9270354840014958,-2.0542418343773634,-12.556897147090787,-13.028804855504074,10.06670195596125,9.926294466507766
27,0.25,4,block_mean,0.0816511844367671,0.2938677286146237,0.0,-1.9270354840014958,-1.9094337722774966,-12.556897147090787,-12.363271201972655,10.06670195596125,9.934375309736419
27,0.25,4,shift_level_drift,-0.004654194046472408,0.3132318773391907,0.0,-1.9270354840014958,-1.5350058897124585,-12.556897147090787,-12.87029200969377,10.06670195596125,9.471999463276745
27,0.25,4,washout_1_drift,0.020362228058644644,0.27911327716231027,0.0,-1.9270354840014958,-1.5767919795362064,-12.556897147090787,-12.566336018590043,10.06670195596125,9.935393750325977
27,0.25,8,shift_level,-0.1580302326505618,0.3029166978327532,0.0,-1.9270354840014958,-2.04846915046195,-12.556897147090787,-13.219522168871872,10.06670195596125,9.625547708656011
27,0.25,8,washout_1,-0.16950951217655744,0.30491967227955613,0.0,-1.9270354840014958,-2.2209388109964583,-12.556897147090787,-12.942009723838657,10.06670195596125,9.822697945702636
27,0.25,8,lag1_exog,-0.154491800164116,0.27743213696293734,0.0,-1.9270354840014958,-2.199981660072586,-12.556897147090787,-12.990010905069175,10.06670195596125,9.836046129679264
27,0.25,8,block_mean,-0.13023422492625167,0.3255137100735881,0.0,-1.9270354840014958,-2.2172437506063014,-12.556897147090787,-13.040135123743301,10.06670195596125,9.768821434287911
27,0.25,8,shift_level_drift,-0.10675935778921113,0.27592178240907217,0.0,-1.9270354840014958,-1.689943215436882,-12.556897147090787,-13.235980879915932,10.06670195596125,9.625800516811612
27,0.25,8,washout_1_drift,-0.08498618931003675,0.2354096274243616,0.0,-1.9270354840014958,-1.7529299297982615,-12.556897147090787,-12.924005130999642,10.06670195596125,9.822535707077403
27,0.5,1,shift_level,-0.44344702302520744,1.086354637583552,0.0,-2.022973979183888,-1.71128354386563,-12.55689714709078,-14.319310375474249,10.066420511192053,6.16604103462293
27,0.5,1,lag1_exog,-0.2524596687761597,0.455884452359543,0.0,-2.022973979183888,-2.326919603465478,-12.55689714709078,-12.977729352428069,10.066420511192053,8.561016458384493
27,0.5,1,shift_level_drift,-0.4363801280560981,1.0856460482647308,0.0,-2.022973979183888,-1.7601529781831187,-12.55689714709078,-14.250641826004703,10.066420511192053,6.168224324446859
27,0.5,2,shift_level,-0.21573543300043754,0.7459854757174412,0.0,-2.022973979183888,-1.1398601004316045,-12.55689714709078,-12.180811071962221,10.066420511192053,7.353979879215586
27,0.5,2,washout_1,-0.10651297292812367,0.5182328794207834,0.0,-2.022973979183888,-1.242694817573093,-12.55689714709078,-11.911646959532455,10.066420511192053,8.752794060830375
27,0.5,2,lag1_exog,-0.037044399972279866,0.43639016146575793,0.0,-2.022973979183888,-1.2572603226081156,-12.55689714709078,-11.31659693092281,10.066420511192053,9.03932333308989
27,0.5,2,block_mean,-0.10651297292812367,0.5182328794207834,0.0,-2.022973979183888,-1.242694817573093,-12.55689714709078,-11.911646959532455,10.066420511192053,8.752794060830375
27,0.5,2,shift_level_drift,-0.2544930218367781,0.7372245864141623,0.0,-2.022973979183888,-1.328954634547825,-12.55689714709078,-12.229715452932908,10.066420511192053,7.345629252686132
27,0.5,2,washout_1_drift,-0.1409992117584454,0.5037674086195019,0.0,-2.022973979183888,-1.451005951918192,-12.55689714709078,-11.90185338873636,10.066420511192053,8.736900394516313
27,0.5,4,shift_level,-0.023201444203952377,0.4964239924433012,0.0,-2.022973979183888,-1.8649925440554398,-12.55689714709078,-12.719548459159775,10.066420511192053,8.596793894047064
27,0.5,4,washout_1,0.035987880539031576,0.3418996033554028,0.0,-2.022973979183888,-1.9074430366120774,-12.55689714709078,-12.43512599104873,10.066420511192053,9.409683420935467
27,0.5,4,lag1_exog,0.02167893543146125,0.33437377485687425,0.0,-2.022973979183888,-2.0490725875458353,-12.55689714709078,-12.95707390363929,10.066420511192053,9.456225100141886
27,0.5,4,block_mean,0.03089196233966513,0.33752600190112225,0.0,-2.022973979183888,-1.8963494975235224,-12.55689714709078,-12.289985116490397,10.066420511192053,9.39648395555378
27,0.5,4,shift_level_drift,-0.07855859729400042,0.4764066038834616,0.0,-2.022973979183888,-1.4690822409053517,-12.55689714709078,-12.771903510883435,10.066420511192053,8.570565342743429
27,0.5,4,washout_1_drift,-0.023320190151490332,0.33415453824009345,0.0,-2.022973979183888,-1.5272313093281176,-12.55689714709078,-12.4603800259466,10.066420511192053,9.397869498349074
27,0.5,8,shift_level,-0.20391080872095455,0.36127904433940683,0.0,-2.022973979183888,-2.1301512644109706,-12.55689714709078,-13.285118648315635,10.066420511192053,9.155974461915108
27,0.5,8,washout_1,-0.19678873514252723,0.3197533869515379,0.0,-2.022973979183888,-2.313824897756134,-12.55689714709078,-13.004071295037066,10.066420511192053,9.589242284834445
27,0.5,8,lag1_exog,-0.18084941491829923,0.29560933615557466,0.0,-2.022973979183888,-2.2973473050229036,-12.55689714709078,-13.054752932974642,10.066420511192053,9.61239150092126
27,0.5,8,block_mean,-0.1567021187331959,0.3406423040133161,0.0,-2.022973979183888,-2.3138627009942505,-12.55689714709078,-13.10078129148636,10.066420511192053,9.532693256042773
27,0.5,8,shift_level_drift,-0.14323553400972008,0.3415975622222982,0.0,-2.022973979183888,-1.643761525235192,-12.55689714709078,-13.29235532058625,10.066420511192053,9.156372319846206
27,0.5,8,washout_1_drift,-0.10321631884622558,0.25716934162452093,0.0,-2.022973979183888,-1.704381230807881,-12.55689714709078,-12.984566997466514,10.066420511192053,9.589060273704415
27,0.75,1,shift_level,-0.5961957956101328,1.5447596086388542,0.0,-2.0739819160062876,-1.630197400849566,-12.556897147090782,-14.309537245544576,10.065838915147204,4.298633168432268
27,0.75,1,lag1_exog,-0.4157341343387452,0.8642351828231727,0.0,-2.0739819160062876,-2.343476109103243,-12.556897147090782,-12.968486647085395,10.065838915147204,6.801284101332782
27,0.75,1,shift_level_drift,-0.591951133474946,1.5444707370214013,0.0,-2.0739819160062876,-1.6718860622843372,-12.556897147090782,-14.254012355688864,10.065838915147204,4.303112963872314
27,0.75,2,shift_level,-0.3938788275631126,1.203550520186517,0.0,-2.0739819160062876,-1.0858864856946366,-12.556897147090782,-12.183898708997248,10.065838915147204,5.4592200976589496
27,0.75,2,washout_1,-0.2890235088191059,0.8805462729671458,0.0,-2.0739819160062876,-1.2304028146725137,-12.556897147090782,-11.912798597083466,10.065838915147204,6.953478940393188
27,0.75,2,lag1_exog,-0.20657068799510725,0.7641279281784967,0.0,-2.0739819160062876,-1.2593441080212935,-12.556897147090782,-11.326120120315881,10.065838915147204,7.372754976338319
27,0.75,2,block_mean,-0.2890235088191059,0.8805462729671458,0.0,-2.0739819160062876,-1.2304028146725137,-12.556897147090782,-11.912798597083466,10.065838915147204,6.953478940393188
27,0.75,2,shift_level_drift,-0.42710558561547385,1.1975788110436827,0.0,-2.0739819160062876,-1.2592937230617505,-12.556897147090782,-12.220648108155322,10.065838915147204,5.452345099389717
27,0.75,2,washout_1_drift,-0.3165908265960239,0.8724052654458837,0.0,-2.0739819160062876,-1.418543637969715,-12.556897147090782,-11.88136630976016,10.065838915147204,6.938437271359417
27,0.75,4,shift_level,-0.15799231637757746,0.79305902609605,0.0,-2.0739819160062876,-1.8258735531237913,-12.556897147090782,-12.674819289542464,10.065838915147204,7.213172604784926
27,0.75,4,washout_1,-0.08691724625210895,0.5525191757252305,0.0,-2.0739819160062876,-1.900130320224624,-12.556897147090782,-12.383614300389642,10.065838915147204,8.220192869974488
27,0.75,4,lag1_exog,-0.08999996002502209,0.5167784796287774,0.0,-2.0739819160062876,-2.0418927602857346,-12.556897147090782,-12.910679395250181,10.065838915147204,8.370068145914283
27,0.75,4,block_mean,-0.09272371924001117,0.5551584988295987,0.0,-2.0739819160062876,-1.8890741755732454,-12.556897147090782,-12.23879803009257,10.065838915147204,8.194147893401027
27,0.75,4,shift_level_drift,-0.21036967520418762,0.788495110793994,0.0,-2.0739819160062876,-1.4337705172400064,-12.556897147090782,-12.70994627928155,10.065838915147204,7.1780422084291065
27,0.75,4,washout_1_drift,-0.14016711837806461,0.5552702405518817,0.0,-2.0739819160062876,-1.5051480698117548,-12.556897147090782,-12.385843016339491,10.065838915147204,8.202034200581494
27,0.75,8,shift_level,-0.28050632275088744,0.5026680122189338,0.0,-2.0739819160062876,-2.1793661285043795,-12.556897147090782,-13.317488279062555,10.065838915147204,8.347170936546698
27,0.75,8,washout_1,-0.2588406684772811,0.39523219209327576,0.0,-2.0739819160062876,-2.3742501490698826,-12.556897147090782,-13.027238289743403,10.065838915147204,8.966681745941656
27,0.75,8,lag1_exog,-0.23980302626346603,0.3699105524883561,0.0,-2.0739819160062876,-2.3576595158522604,-12.556897147090782,-13.081274024257453,10.065838915147204,9.022477011583637
27,0.75,8,block_mean,-0.2193529015397746,0.4166632890438394,0.0,-2.0739819160062876,-2.3777748816257467,-12.556897147090782,-13.123389673580984,10.065838915147204,8.907622295291619
27,0.75,8,shift_level_drift,-0.2150780057449091,0.4906973131435049,0.0,-2.0739819160062876,-1.6146251687180353,-12.556897147090782,-13.321053267584281,10.065838915147204,8.347593197124711
27,0.75,8,washout_1_drift,-0.16187716143845246,0.34839192884840614,0.0,-2.0739819160062876,-1.6775630647050428,-12.556897147090782,-13.00920913075792,10.065838915147204,8.965840897433564
27,1.0,1,shift_level,-0.744570973266888,1.9908630971690444,0.0,-2.101907431634687,-1.5624412742721332,-12.55689714709078,-14.296948803595818,10.065187025503421,2.5348295810219867
27,1.0,1,lag1_exog,-0.6441279143788616,1.4339795452947395,0.0,-2.101907431634687,-2.3383524088257928,-12.55689714709078,-12.961985196851504,10.065187025503421,4.502162520176794
27,1.0,1,shift_level_drift,-0.7426493262769337,1.9905475454290245,0.0,-2.101907431634687,-1.5937658825271108,-12.55689714709078,-14.253573999231183,10.065187025503421,2.542171021044628
27,1.0,2,shift_level,-0.6049963056735942,1.732763183516242,0.0,-2.101907431634687,-1.0510950592103716,-12.55689714709078,-12.187682782126465,10.065187025503421,3.3547581213759434
27,1.0,2,washout_1,-0.5399604333123935,1.446168348447741,0.0,-2.101907431634687,-1.231975315835121,-12.55689714709078,-11.912539851516547,10.065187025503421,4.567806053169682
27,1.0,2,lag1_exog,-0.4605336875155106,1.3318016419330472,0.0,-2.101907431634687,-1.2695949260962496,-12.55689714709078,-11.3330518895213,10.065187025503421,4.983427311208041
27,1.0,2,block_mean,-0.5399604333123935,1.446168348447741,0.0,-2.101907431634687,-1.231975315835121,-12.55689714709078,-11.912539851516547,10.065187025503421,4.567806053169682
27,1.0,2,shift_level_drift,-0.6329351992720239,1.7281212061384106,0.0,-2.101907431634687,-1.2099215051627463,-12.55689714709078,-12.214963701352978,10.065187025503421,3.3504440984133854
27,1.0,2,washout_1_drift,-0.5611860288384997,1.441128878209288,0.0,-2.101907431634687,-1.404885872959865,-12.55689714709078,-11.862834135758694,10.065187025503421,4.556854504556698
27,1.0,4,shift_level,-0.3647876316537295,1.2956743630683447,0.0,-2.101907431634687,-1.7928861391493427,-12.55689714709078,-12.648638709753287,10.065187025503421,5.100751999393725
27,1.0,4,washout_1,-0.30755139049832453,1.051525889862248,0.0,-2.101907431634687,-1.8891385570025516,-12.55689714709078,-12.35628542180731,10.065187025503421,6.0516346428825125
27,1.0,4,lag1_exog,-0.30052598026086635,0.9908269669070086,0.0,-2.101907431634687,-2.0296207126742836,-12.55689714709078,-12.884090375594184,10.065187025503421,6.287298214726297
27,1.0,4,block_mean,-0.31363575980542885,1.0590730164044246,0.0,-2.101907431634687,-1.8779332692026878,-12.55689714709078,-12.212656655385574,10.065187025503421,6.007142751750155
27,1.0,4,shift_level_drift,-0.41515548853176437,1.2994906405635454,0.0,-2.101907431634687,-1.4065816505080386,-12.55689714709078,-12.668704868376567,10.065187025503421,5.05795627115657
27,1.0,4,washout_1_drift,-0.35701631383460136,1.059552009184014,0.0,-2.101907431634687,-1.487178275005833,-12.55689714709078,-12.33463655952902,10.065187025503421,6.023428157679353
27,1.0,8,shift_level,-0.42688612716598084,0.8387830143376602,0.0,-2.101907431634687,-2.2155611210946127,-12.55689714709078,-13.327285403788183,10.065187025503421,6.781017192780284
27,1.0,8,washout_1,-0.40175457431427103,0.6860780811028595,0.0,-2.101907431634687,-2.415304816691448,-12.55689714709078,-13.027600276235894,10.065187025503421,7.467131884656929
27,1.0,8,lag1_exog,-0.376739665344959,0.6497346245555706,0.0,-2.101907431634687,-2.398635728185027,-12.55689714709078,-13.085787062052798,10.065187025503421,7.586894294960398
27,1.0,8,block_mean,-0.362549985441304,0.7051655833209531,0.0,-2.101907431634687,-2.42211816454616,-12.55689714709078,-13.121432511049576,10.065187025503421,7.411824271788338
27,1.0,8,shift_level_drift,-0.3602820240198423,0.8337101011749785,0.0,-2.101907431634687,-1.5903990751997865,-12.55689714709078,-13.33245195420113,10.065187025503421,6.781911237009689
27,1.0,8,washout_1_drift,-0.3046127021475699,0.6627589247730967,0.0,-2.101907431634687,-1.6557484214661133,-12.55689714709078,-13.013260733226659,10.065187025503421,7.465834291953907
28,0.0,1,shift_level,-0.008983383108594088,0.3100630098956906,0.0,-1.6456133233878614,-1.8018137990282446,-11.117614091290202,-10.704253635962466,10.063422986443733,10.137631135566277
28,0.0,1,lag1_exog,0.043783900721077365,0.5004958876398599,0.0,-1.6456133233878614,-1.7737005265204329,-11.117614091290202,-9.859601014297887,10.063422986443733,10.254645505447852
28,0.0,1,shift_level_drift,0.017325386035255883,0.3242606250593637,0.0,-1.6456133233878614,-1.4637139821229699,-11.117614091290202,-10.711356720233741,10.063422986443733,10.136234641966762
28,0.0,2,shift_level,0.01130480737135597,0.3200259321099026,0.0,-1.6456133233878614,-1.3880261141148518,-11.117614091290202,-9.814137292359707,10.063422986443733,9.801142215347397
28,0.0,2,washout_1,-0.004617874890517891,0.47324243123971477,0.0,-1.6456133233878614,-1.5919031238734371,-11.117614091290202,-9.205553031944628,10.063422986443733,9.885602874054396
28,0.0,2,lag1_exog,0.00997563577685045,0.390922000055492,0.0,-1.6456133233878614,-1.3977889802957044,-11.117614091290202,-9.735039748440318,10.063422986443733,9.744799147704057
28,0.0,2,block_mean,-0.004617874890517891,0.47324243123971477,0.0,-1.6456133233878614,-1.5919031238734371,-11.117614091290202,-9.205553031944628,10.063422986443733,9.885602874054396
28,0.0,2,shift_level_drift,-0.0039331229992106325,0.3201756051488812,0.0,-1.6456133233878614,-1.5709877115535191,-11.117614091290202,-9.829390382796769,10.063422986443733,9.800961121643416
28,0.0,2,washout_1_drift,-0.013540931482812534,0.47439433458249025,0.0,-1.6456133233878614,-1.8634479629592937,-11.117614091290202,-9.207076395961321,10.063422986443733,9.885521198527055
28,0.0,4,shift_level,0.05589619224818644,0.40731905175448563,0.0,-1.6456133233878614,-1.4704121606044906,-11.117614091290202,-11.478937292239989,10.063422986443733,10.007764707998575
28,0.0,4,washout_1,0.07531385444997625,0.4197700649139254,0.0,-1.6456133233878614,-1.5246660736906128,-11.117614091290202,-11.187030422926345,10.063422986443733,9.95370452372779
28,0.0,4,lag1_exog,0.09205902376303762,0.4656821998235799,0.0,-1.6456133233878614,-1.4043325781358493,-11.117614091290202,-11.124932960931075,10.063422986443733,9.974830371425917
28,0.0,4,block_mean,0.08570561393796208,0.37672389268107304,0.0,-1.6456133233878614,-1.468360774934495,-11.117614091290202,-10.783493379597697,10.063422986443733,9.947217377124163
28,0.0,4,shift_level_drift,0.012389476998626473,0.3309618920846199,0.0,-1.6456133233878614,-1.6007137792735295,-11.117614091290202,-11.591646546180716,10.063422986443733,9.99023023973542
28,0.0,4,washout_1_drift,0.04250480381671722,0.3261330615001697,0.0,-1.6456133233878614,-1.6306349040706771,-11.117614091290202,-11.256778838644824,10.063422986443733,9.949287401592763
28,0.0,8,shift_level,0.006571690529357026,0.22581585515412683,0.0,-1.6456133233878614,-1.706164239998775,-11.117614091290202,-10.895922663754188,10.063422986443733,10.109617674181434
28,0.0,8,washout_1,-0.033442269875018485,0.21261146688709884,0.0,-1.6456133233878614,-1.745560718078188,-11.117614091290202,-11.127640740003063,10.063422986443733,10.107348522926356
28,0.0,8,lag1_exog,-0.018884335337645535,0.2501368536513348,0.0,-1.6456133233878614,-1.7500547646540832,-11.117614091290202,-10.681500906626244,10.063422986443733,10.10487670923785
28,0.0,8,block_mean,-0.03203242944466276,0.21517130691689645,0.0,-1.6456133233878614,-1.830265085744634,-11.117614091290202,-11.373364260944701,10.063422986443733,10.112438097358586
28,0.0,8,shift_level_drift,0.031717667265353564,0.20134519932115305,0.0,-1.6456133233878614,-1.7436797058458193,-11.117614091290202,-10.81667086605176,10.063422986443733,10.108845386219699
28,0.0,8,washout_1_drift,0.00017115631642848728,0.16273720736074754,0.0,-1.6456133233878614,-1.7726719232826835,-11.117614091290202,-11.086260139620192,10.063422986443733,10.099737856316446
28,0.25,1,shift_level,-0.16233510436429496,0.5736118433518632,0.0,-1.8032507435879666,-1.5540268902396202,-11.117614091290204,-10.719395674659633,10.063461480183653,8.224121580916773
28,0.25,1,lag1_exog,0.040532225974055494,0.5023720477763058,0.0,-1.8032507435879666,-1.6184209911792395,-11.117614091290204,-9.885484817913246,10.063461480183653,9.879376261945616
28,0.25,1,shift_level_drift,-0.144044825637579,0.5873274534278312,0.0,-1.8032507435879666,-1.285410787994031,-11.117614091290204,-10.733529605857079,10.063461480183653,8.220655958799757
28,0.25,2,shift_level,-0.07265561029328069,0.465203821233211,0.0,-1.8032507435879666,-1.2594728914286426,-11.117614091290204,-9.832067867763234,10.063461480183653,8.730223752841463
28,0.25,2,washout_1,-0.020186405152128335,0.47790224914717516,0.0,-1.8032507435879666,-1.5246521764343273,-11.117614091290204,-9.252540390721775,10.063461480183653,9.538998436132884
28,0.25,2,lag1_exog,0.0037286313371376312,0.40467063410677817,0.0,-1.8032507435879666,-1.357632933540248,-11.117614091290204,-9.784309742505457,10.063461480183653,9.511596674173052
28,0.25,2,block_mean,-0.020186405152128335,0.47790224914717516,0.0,-1.8032507435879666,-1.5246521764343273,-11.117614091290204,-9.252540390721775,10.063461480183653,9.538998436132884
28,0.25,2,shift_level_drift,-0.08838524853602282,0.4598264957769441,0.0,-1.8032507435879666,-1.4542032374202218,-11.117614091290204,-9.849205393052246,10.063461480183653,8.730200855713806
28,0.25,2,washout_1_drift,-0.030572783517772355,0.4728845194099706,0.0,-1.8032507435879666,-1.7966092614482256,-11.117614091290204,-9.26118246118783,10.063461480183653,9.538542658616073
28,0.25,4,shift_level,0.00890350913361614,0.4433729175765423,0.0,-1.8032507435879666,-1.4607670417245948,-11.117614091290204,-11.54223054905849,10.063461480183653,9.478034471020884
28,0.25,4,washout_1,0.06877192347264681,0.4161398944069311,0.0,-1.8032507435879666,-1.5783174064510708,-11.117614091290204,-11.240311379592633,10.063461480183653,9.846757740689858
28,0.25,4,lag1_exog,0.08382223646046687,0.45659804775360485,0.0,-1.8032507435879666,-1.474416023559891,-11.117614091290204,-11.18700332345994,10.063461480183653,9.871890339131694
28,0.25,4,block_mean,0.07930827441387067,0.3698350391283785,0.0,-1.8032507435879666,-1.5247263768145987,-11.117614091290204,-10.837529527101088,10.063461480183653,9.842617319173604
28,0.25,4,shift_level_drift,-0.026895692933139904,0.37953911265083184,0.0,-1.8032507435879666,-1.5172761557392587,-11.117614091290204,-11.625104354481564,10.063461480183653,9.465576584648073
28,0.25,4,washout_1_drift,0.046743622005727126,0.3339599129024805,0.0,-1.8032507435879666,-1.5716433991330214,-11.117614091290204,-11.276643952521956,10.063461480183653,9.843972077964857
28,0.25,8,shift_level,-0.008175671136511345,0.2431210289783141,0.0,-1.8032507435879666,-1.7436265194806628,-11.117614091290204,-10.856858932949661,10.063461480183653,9.826604327551326
28,0.25,8,washout_1,-0.02882312719370147,0.21561942807602655,0.0,-1.8032507435879666,-1.8115522536679876,-11.117614091290204,-11.077146157249063,10.063461480183653,10.057755120775287
28,0.25,8,lag1_exog,-0.012170433679794321,0.25684209074065123,0.0,-1.8032507435879666,-1.817746629582174,-11.117614091290204,-10.628373134140983,10.063461480183653,10.0551995830325
28,0.25,8,block_mean,-0.026774557373699166,0.21560944462684617,0.0,-1.8032507435879666,-1.8878720462113834,-11.117614091290204,-11.327526774684987,10.063461480183653,10.062833536228803
28,0.25,8,shift_level_drift,0.020744664503896674,0.22081126332835524,0.0,-1.8032507435879666,-1.6584623050743732,-11.117614091290204,-10.811944171706642,10.063461480183653,9.823614235058761
28,0.25,8,washout_1_drift,0.01046388543784818,0.16806119878243084,0.0,-1.8032507435879666,-1.6955494802573026,-11.117614091290204,-11.072368767591712,10.063461480183653,10.052379094752629
28,0.5,1,shift_level,-0.3219684694830636,1.0372201924281181,0.0,-1.888755007963245,-1.3726973842764665,-11.117614091290198,-10.728021132550367,10.063456133340853,6.2958855861241005
28,0.5,1,lag1_exog,-0.0516580154596337,0.6142193240387536,0.0,-1.888755007963245,-1.5071155422291487,-11.117614091290198,-9.897779302552827,10.063456133340853,8.76190592088961
28,0.5,1,shift_level_drift,-0.309466565830825,1.0449802755676023,0.0,-1.888755007963245,-1.167421052714181,-11.117614091290198,-10.743680637177983,10.063456133340853,6.2909263805407925
28,0.5,2,shift_level,-0.19861356009824896,0.7820117318346782,0.0,-1.888755007963245,-1.1836457433230843,-11.117614091290198,-9.855961679645457,10.063456133340853,7.32507527031548
28,0.5,2,washout_1,-0.11081947286509587,0.5919129715440162,0.0,-1.888755007963245,-1.493779108254473,-11.117614091290198,-9.306291117901592,10.063456133340853,8.552863414114686
28,0.5,2,lag1_exog,-0.07110186235283658,0.509420294525178,0.0,-1.888755007963245,-1.3539741256665152,-11.117614091290198,-9.829096976206586,10.063456133340853,8.721367242171366
28,0.5,2,block_mean,-0.11081947286509587,0.5919129715440162,0.0,-1.888755007963245,-1.493779108254473,-11.117614091290198,-9.306291117901592,10.063456133340853,8.552863414114686
28,0.5,2,shift_level_drift,-0.21500588675825036,0.7766103975090406,0.0,-1.888755007963245,-1.3787720306741393,-11.117614091290198,-9.872435248575798,10.063456133340853,7.324863529524332
28,0.5,2,washout_1_drift,-0.12326447576642166,0.5860779121919336,0.0,-1.888755007963245,-1.7622877777782198,-11.117614091290198,-9.316869657207993,10.063456133340853,8.552187444953741
28,0.5,4,shift_level,-0.08254568826428031,0.5554409744436037,0.0,-1.888755007963245,-1.4953545605184189,-11.117614091290198,-11.576221341914977,10.063456133340853,8.676679507673843
28,0.5,4,washout_1,0.010860556660966822,0.43792892712874343,0.0,-1.888755007963245,-1.637797163699672,-11.117614091290198,-11.258711856282375,10.063456133340853,9.382639956913057
28,0.5,4,lag1_exog,0.02753640902764732,0.46411604722197947,0.0,-1.888755007963245,-1.5455624618727177,-11.117614091290198,-11.219613555643884,10.063456133340853,9.45146071538424
28,0.5,4,block_mean,0.021604894292043892,0.39351989514240737,0.0,-1.888755007963245,-1.5860981655383761,-11.117614091290198,-10.856774028672513,10.063456133340853,9.38252350064784
28,0.5,4,shift_level_drift,-0.10709679717606689,0.5167606443541571,0.0,-1.888755007963245,-1.47684352291326,-11.117614091290198,-11.631140805837683,10.063456133340853,8.670579638454672
28,0.5,4,washout_1_drift,0.0027829103254930687,0.37912713315990415,0.0,-1.888755007963245,-1.514948836949943,-11.117614091290198,-11.269369472795479,10.063456133340853,9.381393604409558
28,0.5,8,shift_level,-0.043439933260046325,0.30051442597337574,0.0,-1.888755007963245,-1.752117260828182,-11.117614091290198,-10.810700642021168,10.063456133340853,9.390867400922462
28,0.5,8,washout_1,-0.04681946398191902,0.22449697106465638,0.0,-1.888755007963245,-1.837657861597731,-11.117614091290198,-11.024048181542183,10.063456133340853,9.830889489310096
28,0.5,8,lag1_exog,-0.027229462249912746,0.2671248979729523,0.0,-1.888755007963245,-1.8440142827320498,-11.117614091290198,-10.573143478737851,10.063456133340853,9.839368504053585
28,0.5,8,block_mean,-0.043467877496255546,0.22353229003539773,0.0,-1.888755007963245,-1.9083927643160752,-11.117614091290198,-11.278096260070694,10.063456133340853,9.83591333072518
28,0.5,8,shift_level_drift,-0.01387609138566751,0.2872619620124904,0.0,-1.888755007963245,-1.6022029285454398,-11.117614091290198,-10.785176676047367,10.063456133340853,9.382809806572599
28,0.5,8,washout_1_drift,-0.006214020639997825,0.1857467719899119,0.0,-1.888755007963245,-1.643284549754282,-11.117614091290198,-11.04139364049789,10.063456133340853,9.823951696889896
28,0.75,1,shift_level,-0.4793006251567264,1.5218705277965978,0.0,-1.9392910410556778,-1.224369541369544,-11.117614091290198,-10.726484379096286,10.063337455637924,4.369926748933841
28,0.75,1,lag1_exog,-0.21888217940838833,0.9650051366421191,0.0,-1.9392910410556778,-1.4195412854444993,-11.117614091290198,-9.894160728759925,10.063337455637924,6.918881211890407
28,0.75,1,shift_level_drift,-0.4702872790672786,1.526954627022119,0.0,-1.9392910410556778,-1.0610914136945346,-11.117614091290198,-10.739942373804773,10.063337455637924,4.363981086831467
28,0.75,2,shift_level,-0.36024598691609133,1.2173800000799826,0.0,-1.9392910410556778,-1.143973584847498,-11.117614091290198,-9.882529906722006,10.063337455637924,5.574365865973572
28,0.75,2,washout_1,-0.27179602180816376,0.9290732178653269,0.0,-1.9392910410556778,-1.486188298705579,-11.117614091290198,-9.361014380959496,10.063337455637924,6.9100946838104775
28,0.75,2,lag1_exog,-0.22021603817161953,0.8204909820819145,0.0,-1.9392910410556778,-1.3755595205231093,-11.117614091290198,-9.873054526094766,10.063337455637924,7.2441628127178195
28,0.75,2,block_mean,-0.27179602180816376,0.9290732178653269,0.0,-1.9392910410556778,-1.486188298705579,-11.117614091290198,-9.361014380959496,10.063337455637924,6.9100946838104775
28,0.75,2,shift_level_drift,-0.3773189575354215,1.2130936155238055,0.0,-1.9392910410556778,-1.331584097648996,-11.117614091290198,-9.89525749733686,10.063337455637924,5.573248306460872
28,0.75,2,washout_1_drift,-0.2857493773924134,0.9257374566289195,0.0,-1.9392910410556778,-1.7393754510430457,-11.117614091290198,-9.366921962572228,10.063337455637924,6.9091478840216185
28,0.75,4,shift_level,-0.21941191905327503,0.8241042712070845,0.0,-1.9392910410556778,-1.5202695346168555,-11.117614091290198,-11.585011645893779,10.063337455637924,7.4270526067332945
28,0.75,4,washout_1,-0.10861583765044602,0.6071306024785145,0.0,-1.9392910410556778,-1.6798721672378238,-11.117614091290198,-11.250578329379406,10.063337455637924,8.328576919427482
28,0.75,4,lag1_exog,-0.08556785872118404,0.5990426824197593,0.0,-1.9392910410556778,-1.596352549047667,-11.117614091290198,-11.223927975291213,10.063337455637924,8.480149095893424
28,0.75,4,block_mean,-0.09762188588691265,0.5753325055355721,0.0,-1.9392910410556778,-1.6288101498166991,-11.117614091290198,-10.849765501246148,10.063337455637924,8.3335739901703
28,0.75,4,shift_level_drift,-0.2370015789493045,0.8032799805166084,0.0,-1.9392910410556778,-1.445952830015702,-11.117614091290198,-11.62156384176858,10.063337455637924,7.423095633557217
28,0.75,4,washout_1_drift,-0.1091481814447202,0.5748915622968299,0.0,-1.9392910410556778,-1.4725337170123238,-11.117614091290198,-11.242816647572338,10.063337455637924,8.326983670072032
28,0.75,8,shift_level,-0.11451307507733677,0.45454637642282475,0.0,-1.9392910410556778,-1.7484692326454816,-11.117614091290198,-10.776458786112471,10.063337455637924,8.632507721221074
28,0.75,8,washout_1,-0.10584167170107016,0.3093932886881402,0.0,-1.9392910410556778,-1.8460458875945918,-11.117614091290198,-10.985347506419942,10.063337455637924,9.235264458126503
28,0.75,8,lag1_exog,-0.08148416136544864,0.33669694281737644,0.0,-1.9392910410556778,-1.852448691532158,-11.117614091290198,-10.533247136088203,10.063337455637924,9.274296422102406
28,0.75,8,block_mean,-0.10108285066653525,0.3096301017199624,0.0,-1.9392910410556778,-1.9131795614025684,-11.117614091290198,-11.241614167762389,10.063337455637924,9.239591580707788
28,0.75,8,shift_level_drift,-0.08537505904520316,0.45137954723377394,0.0,-1.9392910410556778,-1.560341498589143,-11.117614091290198,-10.764087075513725,10.063337455637924,8.615972198601632
28,0.75,8,washout_1_drift,-0.06596643913558205,0.2891953150714255,0.0,-1.9392910410556778,-1.604782066022571,-11.117614091290198,-11.01789446693466,10.063337455637924,9.221258031552303
28,1.0,1,shift_level,-0.6319967973313503,1.9908209422848864,0.0,-1.9636797877721044,-1.110101791885064,-11.117614091290204,-10.718131651662038,10.062909223515106,2.507061867972361
28,1.0,1,lag1_exog,-0.45014022392229425,1.5199312677483285,0.0,-1.9636797877721044,-1.3542402886589122,-11.117614091290204,-9.893784170365574,10.062909223515106,4.459669333439994
28,1.0,1,shift_level_drift,-0.625606015416581,1.9943834136108527,0.0,-1.9636797877721044,-0.9830860468526333,-11.117614091290204,-10.728144691449973,10.062909223515106,2.5004833607929715
28,1.0,2,shift_level,-0.5577733206342731,1.735246879188219,0.0,-1.9636797877721044,-1.1261949597484393,-11.117614091290204,-9.91266140893037,10.062909223515106,3.4979149936426315
28,1.0,2,washout_1,-0.5092048714025414,1.4762884586126124,0.0,-1.9636797877721044,-1.4926032422144666,-11.117614091290204,-9.413765084932843,10.062909223515106,4.6161945965022015
28,1.0,2,lag1_exog,-0.4544698195842561,1.3634384323100337,0.0,-1.9636797877721044,-1.4016122418907864,-11.117614091290204,-9.912964648743593,10.062909223515106,4.9777088177681375
28,1.0,2,block_mean,-0.5092048714025414,1.4762884586126124,0.0,-1.9636797877721044,-1.4926032422144666,-11.117614091290204,-9.413765084932843,10.062909223515106,4.6161945965022015
28,1.0,2,shift_level_drift,-0.5746583474263959,1.7322755221965458,0.0,-1.9636797877721044,-1.303093863902633,-11.117614091290204,-9.918518666117283,10.062909223515106,3.4951380769921023
28,1.0,2,washout_1_drift,-0.5228630185707005,1.4750396658461264,0.0,-1.9636797877721044,-1.7258877672888018,-11.117614091290204,-9.409061322863632,10.062909223515106,4.614468174012405
28,1.0,4,shift_level,-0.43000390127868277,1.3110264220503047,0.0,-1.9636797877721044,-1.535571042789842,-11.117614091290204,-11.586115137578112,10.062909223515106,5.456406396618482
28,1.0,4,washout_1,-0.3269283838144607,1.0741454512350357,0.0,-1.9636797877721044,-1.7115582945386525,-11.117614091290204,-11.23173415415374,10.062909223515106,6.3382849784935775
28,1.0,4,lag1_exog,-0.29781988631266065,1.0304321177728424,0.0,-1.9636797877721044,-1.6320664084724004,-11.117614091290204,-11.215119981125675,10.062909223515106,6.565005039604848
28,1.0,4,block_mean,-0.315600939231664,1.0553754353041482,0.0,-1.9636797877721044,-1.6608518060272985,-11.117614091290204,-10.831349524122308,10.062909223515106,6.348059322119842
28,1.0,4,shift_level_drift,-0.443990316939707,1.300337198383229,0.0,-1.9636797877721044,-1.4262850434387107,-11.117614091290204,-11.611791627441807,10.062909223515106,5.448370885277242
28,1.0,4,washout_1_drift,-0.3243495394273733,1.0593393182817579,0.0,-1.9636797877721044,-1.4511048930735198,-11.117614091290204,-11.212570875976615,10.062909223515106,6.3338894542844
28,1.0,8,shift_level,-0.2662380769161479,0.8198130210415345,0.0,-1.9636797877721044,-1.7437675075426518,-11.117614091290204,-10.753180266337534,10.062909223515106,7.130229075956279
28,1.0,8,washout_1,-0.2576022311968864,0.6417417440950938,0.0,-1.9636797877721044,-1.8479290277182072,-11.117614091290204,-10.959625403066882,10.062909223515106,7.788487788953381
28,1.0,8,lag1_exog,-0.22515312186247044,0.6351506784068361,0.0,-1.9636797877721044,-1.853395846614844,-11.117614091290204,-10.506749128549153,10.062909223515106,7.8853517986745185
28,1.0,8,block_mean,-0.25158654742495135,0.6440777722230074,0.0,-1.9636797877721044,-1.911817228467323,-11.117614091290204,-11.218019491875866,10.062909223515106,7.787996728459704
28,1.0,8,shift_level_drift,-0.23919585828519194,0.8243011527151173,0.0,-1.9636797877721044,-1.5309535815606823,-11.117614091290204,-10.750161280733137,10.062909223515106,7.1016423346674475
28,1.0,8,washout_1_drift,-0.22073487429885966,0.6397945335791084,0.0,-1.9636797877721044,-1.5749410918461377,-11.117614091290204,-11.001008384074755,10.062909223515106,7.76100341093176
29,0.0,1,shift_level,-0.04699042053034103,0.3434895192148114,0.0,-1.3285572168468578,-1.5956527678914596,-12.089862997290137,-12.47963434299501,10.039195580888276,10.030513748137746
29,0.0,1,lag1_exog,-0.12358953633004459,0.5563854518690654,0.0,-1.3285572168468578,-1.7952325815174865,-12.089862997290137,-13.518545239565084,10.039195580888276,10.060162734039539
29,0.0,1,shift_level_drift,-0.05197372292080823,0.33454203917982345,0.0,-1.3285572168468578,-1.3751085189262935,-12.089862997290137,-12.542531891748043,10.039195580888276,10.03779624781027
29,0.0,2,shift_level,-0.03276623215968673,0.18498821587866637,0.0,-1.3285572168468578,-1.6499189203046218,-12.089862997290137,-11.913815066159035,10.039195580888276,9.889543976315665
29,0.0,2,washout_1,0.05837825415524951,0.5507633550491009,0.0,-1.3285572168468578,-1.6856564300665633,-12.089862997290137,-10.654817568460079,10.039195580888276,9.841106933795302
29,0.0,2,lag1_exog,-0.0029184268897610465,0.4135208339649449,0.0,-1.3285572168468578,-1.7657774814174059,-12.089862997290137,-10.662859665238487,10.039195580888276,9.873011453980535
29,0.0,2,block_mean,0.05837825415524951,0.5507633550491009,0.0,-1.3285572168468578,-1.6856564300665633,-12.089862997290137,-10.654817568460079,10.039195580888276,9.841106933795302
29,0.0,2,shift_level_drift,0.013837912981044967,0.17739100816839773,0.0,-1.3285572168468578,-1.4730865579934593,-12.089862997290137,-11.865263510031506,10.039195580888276,9.887734589694148
29,0.0,2,washout_1_drift,0.1360664668029507,0.5678553623689819,0.0,-1.3285572168468578,-1.4102500860897895,-12.089862997290137,-10.5929379324625,10.039195580888276,9.853185287542935
29,0.0,4,shift_level,0.0119123942338599,0.22942430815724144,0.0,-1.3285572168468578,-1.3127103459225642,-12.089862997290137,-11.825380058021205,10.039195580888276,10.039808612741133
29,0.0,4,washout_1,0.024707634980376415,0.32852232298507483,0.0,-1.3285572168468578,-1.2970122849793302,-12.089862997290137,-11.714727354708758,10.039195580888276,10.018626423725408
29,0.0,4,lag1_exog,0.05828889564033469,0.29013220405583534,0.0,-1.3285572168468578,-1.3170502552140706,-12.089862997290137,-11.343374395568361,10.039195580888276,10.0268429635432
29,0.0,4,block_mean,0.03929521507379421,0.34828518370124806,0.0,-1.3285572168468578,-1.3076931915758676,-12.089862997290137,-11.69378517535237,10.039195580888276,10.013023228031463
29,0.0,4,shift_level_drift,-0.017201779291829727,0.21254319354274748,0.0,-1.3285572168468578,-1.353201541346189,-12.089862997290137,-11.872220496651092,10.039195580888276,10.041797059850843
29,0.0,4,washout_1_drift,-0.01742957209407172,0.3062929598011757,0.0,-1.3285572168468578,-1.381797861348058,-12.089862997290137,-11.750225380743458,10.039195580888276,10.005080376502054
29,0.0,8,shift_level,-0.17298499787181787,0.3930762755030983,0.05263157894736842,-1.3285572168468578,-1.5081546230395833,-12.089862997290137,-12.562928254105254,10.039195580888276,10.252605694153884
29,0.0,8,washout_1,-0.16379266438488194,0.42057725668675433,0.05263157894736842,-1.3285572168468578,-1.5128475734440836,-12.089862997290137,-12.564020254000617,10.039195580888276,10.274712836332538
29,0.0,8,lag1_exog,-0.19212808776389206,0.42257861429893834,0.05263157894736842,-1.3285572168468578,-1.5420402029307896,-12.089862997290137,-12.658915395312647,10.039195580888276,10.266233935642813
29,0.0,8,block_mean,-0.15682270354999156,0.41601755196847273,0.05263157894736842,-1.3285572168468578,-1.4662140508597818,-12.089862997290137,-12.18793228188506,10.039195580888276,10.197058366460718
29,0.0,8,shift_level_drift,-0.06238124630988696,0.25811853773022625,0.0,-1.3285572168468578,-1.351256596183339,-12.089862997290137,-12.491874067332333,10.039195580888276,10.296187826637851
29,0.0,8,washout_1_drift,-0.06018519540421411,0.3054147665141691,0.0,-1.3285572168468578,-1.3699434297972195,-12.089862997290137,-12.49989692514693,10.039195580888276,10.335406815453895
29,0.25,1,shift_level,-0.20132036895615008,0.5728158144039965,0.0,-1.440500065973131,-1.4321723175562733,-12.089862997290142,-12.485928974953833,10.039082436969743,8.228728700595317
29,0.25,1,lag1_exog,-0.1539397232657493,0.5396960153251331,0.0,-1.440500065973131,-1.7317251011465316,-12.089862997290142,-13.510013502086895,10.039082436969743,9.720733553700319
29,0.25,1,shift_level_drift,-0.2074684615434798,0.5651779225886406,0.0,-1.440500065973131,-1.2661325169105266,-12.089862997290142,-12.541580406357042,10.039082436969743,8.237330432901915
29,0.25,2,shift_level,-0.10870126249148215,0.34239125530323006,0.0,-1.440500065973131,-1.52817069449004,-12.089862997290142,-11.885054352212496,10.039082436969743,8.933141974680783
29,0.25,2,washout_1,0.04580494962009417,0.5659949541449911,0.0,-1.440500065973131,-1.6179696694901813,-12.089862997290142,-10.62633395388057,10.039082436969743,9.570458092185484
29,0.25,2,lag1_exog,-0.003860214154398688,0.4208840723562966,0.0,-1.440500065973131,-1.6872740872859502,-12.089862997290142,-10.616225931285737,10.039082436969743,9.682907363622267
29,0.25,2,block_mean,0.04580494962009417,0.5659949541449911,0.0,-1.440500065973131,-1.6179696694901813,-12.089862997290142,-10.62633395388057,10.039082436969743,9.570458092185484
29,0.25,2,shift_level_drift,-0.06830309308231612,0.3486709580622025,0.0,-1.440500065973131,-1.4135553914074608,-12.089862997290142,-11.837860408768812,10.039082436969743,8.92881847753658
29,0.25,2,washout_1_drift,0.11151664135637754,0.5830765182337176,0.0,-1.440500065973131,-1.416831763055814,-12.089862997290142,-10.57673999625252,10.039082436969743,9.577382636264407
29,0.25,4,shift_level,-0.018779661972342956,0.26735012258906776,0.0,-1.440500065973131,-1.3112657357395454,-12.089862997290142,-11.803011907020064,10.039082436969743,9.557276268082212
29,0.25,4,washout_1,0.026059249600820705,0.3283416170420595,0.0,-1.440500065973131,-1.3312482586146046,-12.089862997290142,-11.698128357366617,10.039082436969743,9.921821182481311
29,0.25,4,lag1_exog,0.06103731239595605,0.2908071557903853,0.0,-1.440500065973131,-1.3722734146284903,-12.089862997290142,-11.334443517969122,10.039082436969743,9.941218619653542
29,0.25,4,block_mean,0.041090377950319286,0.34693032131392953,0.0,-1.440500065973131,-1.338545839918351,-12.089862997290142,-11.676232247733031,10.039082436969743,9.91984490280463
29,0.25,4,shift_level_drift,-0.05335278280069763,0.24941577073794124,0.0,-1.440500065973131,-1.2690852465900693,-12.089862997290142,-11.839918543364686,10.039082436969743,9.55006864584749
29,0.25,4,washout_1_drift,-0.018419751362705076,0.3067157629363014,0.0,-1.440500065973131,-1.328840742070873,-12.089862997290142,-11.695277413271137,10.039082436969743,9.899343701593937
29,0.25,8,shift_level,-0.17435285157118646,0.34438970078532255,0.05263157894736842,-1.440500065973131,-1.4826284003329377,-12.089862997290142,-12.513431712788424,10.039082436969743,10.016594202998627
29,0.25,8,washout_1,-0.14710053166309983,0.37761728338155953,0.05263157894736842,-1.440500065973131,-1.5094769037916336,-12.089862997290142,-12.516843555536497,10.039082436969743,10.221906358891385
29,0.25,8,lag1_exog,-0.17615759518965063,0.37854917242984176,0.05263157894736842,-1.440500065973131,-1.5410401139940166,-12.089862997290142,-12.612659352797323,10.039082436969743,10.217554574496639
29,0.25,8,block_mean,-0.13899295367444314,0.37390371847883724,0.05263157894736842,-1.440500065973131,-1.4616690729956248,-12.089862997290142,-12.141697097631967,10.039082436969743,10.146632650142264
29,0.25,8,shift_level_drift,-0.07895290631361408,0.24546170349803237,0.0,-1.440500065973131,-1.2956246253451433,-12.089862997290142,-12.501310611643307,10.039082436969743,10.064468750179522
29,0.25,8,washout_1_drift,-0.057358676643395466,0.2950475012392049,0.0,-1.440500065973131,-1.3287029864980346,-12.089862997290142,-12.515217108533227,10.039082436969743,10.280249556991317
29,0.5,1,shift_level,-0.3603744562007073,1.0056742246727883,0.0,-1.4965671536006209,-1.3027659899626982,-12.089862997290144,-12.507427342278351,10.039015232931177,6.358891279045204
29,0.5,1,lag1_exog,-0.26098877793931713,0.6332127122759299,0.0,-1.4965671536006209,-1.6860544851918942,-12.089862997290144,-13.527456258041617,10.039015232931177,8.644191608458453
29,0.5,1,shift_level_drift,-0.3665730205358639,0.998670254386731,0.0,-1.4965671536006209,-1.182942244678784,-12.089862997290144,-12.564310510686933,10.039015232931177,6.372103128379274
29,0.5,2,shift_level,-0.2229716967572141,0.6534427869514949,0.0,-1.4965671536006209,-1.4797133384932204,-12.089862997290144,-11.877581495205224,10.039015232931177,7.63823277542415
29,0.5,2,washout_1,-0.03851317762922917,0.6534789101274955,0.0,-1.4965671536006209,-1.6141128467991408,-12.089862997290144,-10.631199659083899,10.039015232931177,8.700046368807119
29,0.5,2,lag1_exog,-0.06703084737849621,0.4924499555576985,0.0,-1.4965671536006209,-1.6770887538436656,-12.089862997290144,-10.60048090158683,10.039015232931177,8.969209149353254
29,0.5,2,block_mean,-0.03851317762922917,0.6534789101274955,0.0,-1.4965671536006209,-1.6141128467991408,-12.089862997290144,-10.631199659083899,10.039015232931177,8.700046368807119
29,0.5,2,shift_level_drift,-0.18726813002449066,0.6609547489302484,0.0,-1.4965671536006209,-1.388382526607257,-12.089862997290144,-11.829779860022693,10.039015232931177,7.631462455823238
29,0.5,2,washout_1_drift,0.01852517234660323,0.6706285400153964,0.0,-1.4965671536006209,-1.4435865172253015,-12.089862997290144,-10.581002623307185,10.039015232931177,8.698242979199687
29,0.5,4,shift_level,-0.09073559525143847,0.3992917308604466,0.0,-1.4965671536006209,-1.3142500494026552,-12.089862997290144,-11.809038356805816,10.039015232931177,8.81781045986472
29,0.5,4,washout_1,-0.022745558406879297,0.35162570686670186,0.0,-1.4965671536006209,-1.35794119427055,-12.089862997290144,-11.706511794398944,10.039015232931177,9.490041645503663
29,0.5,4,lag1_exog,0.017978916635837224,0.3105848310616079,0.0,-1.4965671536006209,-1.4084214486683084,-12.089862997290144,-11.347878596742605,10.039015232931177,9.562704942762325
29,0.5,4,block_mean,-0.007275536050217689,0.3676006437200491,0.0,-1.4965671536006209,-1.3620878113368018,-12.089862997290144,-11.682625113761265,10.039015232931177,9.48719281874426
29,0.5,4,shift_level_drift,-0.12623118364831967,0.3917820196962882,0.0,-1.4965671536006209,-1.2270874874649307,-12.089862997290144,-11.830951189455824,10.039015232931177,8.796798046210908
29,0.5,4,washout_1_drift,-0.06508374030184293,0.3403752720668003,0.0,-1.4965671536006209,-1.3063493882756745,-12.089862997290144,-11.673444769302149,10.039015232931177,9.455523067570617
29,0.5,8,shift_level,-0.20572802346754168,0.3465503892117891,0.0,-1.4965671536006209,-1.4695456629173882,-12.089862997290144,-12.496616996647235,10.039015232931177,9.659170998600743
29,0.5,8,washout_1,-0.16297781850344767,0.3621283544805831,0.0,-1.4965671536006209,-1.5105306057682657,-12.089862997290144,-12.501158372452407,10.039015232931177,10.025434290424617
29,0.5,8,lag1_exog,-0.19102318816682048,0.3639102563720933,0.0,-1.4965671536006209,-1.5430207268360632,-12.089862997290144,-12.596923285667396,10.039015232931177,10.03895779809231
29,0.5,8,block_mean,-0.15380776689210343,0.35980607365850925,0.0,-1.4965671536006209,-1.4639211082166004,-12.089862997290144,-12.125516061605536,10.039015232931177,9.947496677467399
29,0.5,8,shift_level_drift,-0.11751276887761075,0.27068910844510324,0.0,-1.4965671536006209,-1.2643792114669588,-12.089862997290144,-12.520158596201952,10.039015232931177,9.702707082695571
29,0.5,8,washout_1_drift,-0.07917972007842893,0.2935250212891072,0.0,-1.4965671536006209,-1.3049912633282696,-12.089862997290144,-12.538054723791712,10.039015232931177,10.076740596689197
29,0.75,1,shift_level,-0.5288326952271778,1.4753194026300214,0.0,-1.5268090646362076,-1.2053012248108506,-12.08986299729014,-12.528504975359482,10.03895419303655,4.446024609577497
29,0.75,1,lag1_exog,-0.4508748227037779,0.9565341884315824,0.0,-1.5268090646362076,-1.6474446934622233,-12.08986299729014,-13.541973053819573,10.03895419303655,6.832578238218683
29,0.75,1,shift_level_drift,-0.5340972435123328,1.4682866587120398,0.0,-1.5268090646362076,-1.122292587289232,-12.08986299729014,-12.588443731144558,10.03895419303655,4.465938508629614
29,0.75,2,shift_level,-0.3792219119171804,1.0754317989886895,0.0,-1.5268090646362076,-1.4680986919749635,-12.08986299729014,-11.876982756679746,10.03895419303655,5.931786439912067
29,0.75,2,washout_1,-0.19280691509536224,0.9266368365570566,0.0,-1.5268090646362076,-1.6284861089847276,-12.08986299729014,-10.639930709785492,10.03895419303655,7.152982903852707
29,0.75,2,lag1_exog,-0.20542493789787158,0.7526571985924027,0.0,-1.5268090646362076,-1.6887301783867312,-12.08986299729014,-10.595257603490642,10.03895419303655,7.541880255655384
29,0.75,2,block_mean,-0.19280691509536224,0.9266368365570566,0.0,-1.5268090646362076,-1.6284861089847276,-12.08986299729014,-10.639930709785492,10.03895419303655,7.152982903852707
29,0.75,2,shift_level_drift,-0.3466487540740581,1.0824557719145478,0.0,-1.5268090646362076,-1.384070618586929,-12.08986299729014,-11.827897736118835,10.03895419303655,5.923238959750491
29,0.75,2,washout_1_drift,-0.14211241597058819,0.9425089731006738,0.0,-1.5268090646362076,-1.4627875651231252,-12.08986299729014,-10.586656334616558,10.03895419303655,7.142982467528952
29,0.75,4,shift_level,-0.21062383274266436,0.6680244101838193,0.0,-1.5268090646362076,-1.3123837466620447,-12.08986299729014,-11.825472238791681,10.03895419303655,7.6381655306820795
29,0.75,4,washout_1,-0.13265255627533207,0.5107059884283146,0.0,-1.5268090646362076,-1.3774594533734619,-12.08986299729014,-11.72089421947526,10.03895419303655,8.49617438516163
29,0.75,4,lag1_exog,-0.08178485220255423,0.45323491722354214,0.0,-1.5268090646362076,-1.4307916680383226,-12.08986299729014,-11.364707296209371,10.03895419303655,8.657653121668911
29,0.75,4,block_mean,-0.11667663178238506,0.5216914301577025,0.0,-1.5268090646362076,-1.3788778403051547,-12.08986299729014,-11.695217431868635,10.03895419303655,8.487617279410617
29,0.75,4,shift_level_drift,-0.24521622235482013,0.6703138248811199,0.0,-1.5268090646362076,-1.2040217331410443,-12.08986299729014,-11.832586477312688,10.03895419303655,7.602244335587751
29,0.75,4,washout_1_drift,-0.1718684024981447,0.5136851603727914,0.0,-1.5268090646362076,-1.2972865199467543,-12.08986299729014,-11.664759570385609,10.03895419303655,8.445918339268932
29,0.75,8,shift_level,-0.27361528521693795,0.42583895451294057,0.0,-1.5268090646362076,-1.459625930425386,-12.08986299729014,-12.486485543987495,10.03895419303655,9.048341437220278
29,0.75,8,washout_1,-0.21934829270915643,0.3870809398973396,0.0,-1.5268090646362076,-1.5086781878527826,-12.08986299729014,-12.492034584170906,10.03895419303655,9.538033568863954
29,0.75,8,lag1_exog,-0.24398164756528837,0.385321470277302,0.0,-1.5268090646362076,-1.5424883433650374,-12.08986299729014,-12.587941444276394,10.03895419303655,9.589653131923647
29,0.75,8,block_mean,-0.21020037966166147,0.39164811130369337,0.0,-1.5268090646362076,-1.4636376711269692,-12.08986299729014,-12.1163615512732,10.03895419303655,9.448772987574946
29,0.75,8,shift_level_drift,-0.19006937509633973,0.37370103347277567,0.0,-1.5268090646362076,-1.2445519889659458,-12.08986299729014,-12.539036577321363,10.03895419303655,9.081008844696342
29,0.75,8,washout_1_drift,-0.13902140473636018,0.32916078555430095,0.0,-1.5268090646362076,-1.2876603612130804,-12.08986299729014,-12.560697080540828,10.03895419303655,9.57853686763264
29,1.0,1,shift_level,-0.6965810142063426,1.9468934182771944,0.0,-1.5421751189676174,-1.1303616210244556,-12.089862997290135,-12.546013295334877,10.038827349356417,2.563539639832666
29,1.0,1,lag1_exog,-0.7045111560835302,1.503779963184397,0.0,-1.5421751189676174,-1.6081045031314243,-12.089862997290135,-13.553067345373941,10.038827349356417,4.395632987561561
29,1.0,1,shift_level_drift,-0.7000944312062133,1.94041988063924,0.0,-1.5421751189676174,-1.074648411229739,-12.089862997290135,-12.608934535750185,10.038827349356417,2.585884471465489
29,1.0,2,shift_level,-0.5798708965424685,1.610868014824546,0.0,-1.5421751189676174,-1.4740964474110696,-12.089862997290135,-11.872152829368133,10.038827349356417,3.752066389032212
29,1.0,2,washout_1,-0.4234066929801029,1.4352762544630053,0.0,-1.5421751189676174,-1.65272604823233,-12.089862997290135,-10.639878546653716,10.038827349356417,4.832569124583017
29,1.0,2,lag1_exog,-0.43441945879682503,1.281313241761071,0.0,-1.5421751189676174,-1.70723251548823,-12.089862997290135,-10.589103419574123,10.038827349356417,5.190168198315966
29,1.0,2,block_mean,-0.4234066929801029,1.4352762544630053,0.0,-1.5421751189676174,-1.65272604823233,-12.089862997290135,-10.639878546653716,10.038827349356417,4.832569124583017
29,1.0,2,shift_level_drift,-0.5477809436292568,1.6167250202170165,0.0,-1.5421751189676174,-1.3897093602274853,-12.089862997290135,-11.821798430945007,10.038827349356417,3.744854631627698
29,1.0,2,washout_1_drift,-0.3734464715616787,1.448429379324107,0.0,-1.5421751189676174,-1.4808765565720905,-12.089862997290135,-10.584366063811249,10.038827349356417,4.820856141413465
29,1.0,4,shift_level,-0.3991630719319175,1.1297897379750608,0.0,-1.5421751189676174,-1.313648126568234,-12.089862997290135,-11.839310955410001,10.038827349356417,5.710795351217834
29,1.0,4,washout_1,-0.3318591118872627,0.9392935923556716,0.0,-1.5421751189676174,-1.3951915161081299,-12.089862997290135,-11.731408680691588,10.038827349356417,6.566482773401635
29,1.0,4,lag1_exog,-0.27257124717165093,0.8642252486821878,0.0,-1.5421751189676174,-1.450606359953015,-12.089862997290135,-11.37738823621461,10.038827349356417,6.801502620757679
29,1.0,4,block_mean,-0.31548489858674106,0.946418276510548,0.0,-1.5421751189676174,-1.3947335325822774,-12.089862997290135,-11.704598283743426,10.038827349356417,6.549662543152309
29,1.0,4,shift_level_drift,-0.431836760773811,1.1379785112859364,0.0,-1.5421751189676174,-1.1907571321251242,-12.089862997290135,-11.831891455810037,10.038827349356417,5.6654704569622005
29,1.0,4,washout_1_drift,-0.36722311950790865,0.9511487745843213,0.0,-1.5421751189676174,-1.2914523855044913,-12.089862997290135,-11.654603753955016,10.038827349356417,6.504459028946951
29,1.0,8,shift_level,-0.41053668119148906,0.6839213505942524,0.0,-1.5421751189676174,-1.4525147404480998,-12.089862997290135,-12.479600105494448,10.038827349356417,7.815813878592183
29,1.0,8,washout_1,-0.3552660849549313,0.5836823164844245,0.0,-1.5421751189676174,-1.5074650146352517,-12.089862997290135,-12.486221829972477,10.038827349356417,8.35351252002993
29,1.0,8,lag1_exog,-0.3731985339895317,0.5635066416410913,0.0,-1.5421751189676174,-1.542451027609009,-12.089862997290135,-12.581812804241896,10.038827349356417,8.468920793522543
29,1.0,8,block_mean,-0.34748814465754274,0.603302839606299,0.0,-1.5421751189676174,-1.464068972243664,-12.089862997290135,-12.110988482308175,10.038827349356417,8.239937217002714
29,1.0,8,shift_level_drift,-0.32956897050543016,0.6537342826478385,0.0,-1.5421751189676174,-1.2336111372129352,-12.089862997290135,-12.553924858130113,10.038827349356417,7.840472890224116
29,1.0,8,washout_1_drift,-0.27648217148232795,0.5449668837972,0.0,-1.5421751189676174,-1.2784621802357876,-12.089862997290135,-12.57910506327624,10.038827349356417,8.388030666615174
