J_base,bias_naive_logged_overlap,rmse_naive_logged_overlap,rev0.25_naive_logged_overlap,rev0.5_naive_logged_overlap,rev1.0_naive_logged_overlap,bias_naive_logged_nooverlap,rmse_naive_logged_nooverlap,rev0.25_naive_logged_nooverlap,rev0.5_naive_logged_nooverlap,rev1.0_naive_logged_nooverlap,bias_naive_unlogged_overlap,rmse_naive_unlogged_overlap,rev0.25_naive_unlogged_overlap,rev0.5_naive_unlogged_overlap,rev1.0_naive_unlogged_overlap,bias_naive_unlogged_nooverlap,rmse_naive_unlogged_nooverlap,rev0.25_naive_unlogged_nooverlap,rev0.5_naive_unlogged_nooverlap,rev1.0_naive_unlogged_nooverlap,bias_adjusted_logged_overlap,rmse_adjusted_logged_overlap,rev0.25_adjusted_logged_overlap,rev0.5_adjusted_logged_overlap,rev1.0_adjusted_logged_overlap,bias_adjusted_logged_nooverlap,rmse_adjusted_logged_nooverlap,rev0.25_adjusted_logged_nooverlap,rev0.5_adjusted_logged_nooverlap,rev1.0_adjusted_logged_nooverlap,bias_adjusted_unlogged_overlap,rmse_adjusted_unlogged_overlap,rev0.25_adjusted_unlogged_overlap,rev0.5_adjusted_unlogged_overlap,rev1.0_adjusted_unlogged_overlap,bias_adjusted_unlogged_nooverlap,rmse_adjusted_unlogged_nooverlap,rev0.25_adjusted_unlogged_nooverlap,rev0.5_adjusted_unlogged_nooverlap,rev1.0_adjusted_unlogged_nooverlap,bias_switchback,rmse_switchback,rev0.25_switchback,rev0.5_switchback,rev1.0_switchback,cover_adjusted_logged_overlap,cover_adjusted_logged_nooverlap,cover_adjusted_unlogged_overlap,cover_adjusted_unlogged_nooverlap,cover_switchback,directJ_equals_sum,red_pf_oracle,short_pf_oracle,ero_pf_oracle,nogain_pf_oracle,red_causal_oracle,short_causal_oracle,ero_causal_oracle,nogain_causal_oracle,red_silo_true,short_silo_true,ero_silo_true,nogain_silo_true,red_silo_est,short_silo_est,ero_silo_est,nogain_silo_est,red_silo_est72,short_silo_est72,ero_silo_est72,nogain_silo_est72,red_silo_est144,short_silo_est144,ero_silo_est144,nogain_silo_est144,red_best_fixed,short_best_fixed,ero_best_fixed,nogain_best_fixed,red_pwi_ols_sw,short_pwi_ols_sw,ero_pwi_ols_sw,nogain_pwi_ols_sw,red_pwi_gbm_sw,short_pwi_gbm_sw,ero_pwi_gbm_sw,nogain_pwi_gbm_sw,red_pwi_ols_hist_LO,short_pwi_ols_hist_LO,ero_pwi_ols_hist_LO,nogain_pwi_ols_hist_LO,red_pwi_ols_hist_LN,short_pwi_ols_hist_LN,ero_pwi_ols_hist_LN,nogain_pwi_ols_hist_LN,red_pwi_ols_hist_UO,short_pwi_ols_hist_UO,ero_pwi_ols_hist_UO,nogain_pwi_ols_hist_UO,red_pwi_ols_sw72,short_pwi_ols_sw72,ero_pwi_ols_sw72,nogain_pwi_ols_sw72,red_pwi_ols_sw144,short_pwi_ols_sw144,ero_pwi_ols_sw144,nogain_pwi_ols_sw144,red_pwi_svc_ols_sw,short_pwi_svc_ols_sw,ero_pwi_svc_ols_sw,nogain_pwi_svc_ols_sw,red_pwi_directJ_gbm_sw,short_pwi_directJ_gbm_sw,ero_pwi_directJ_gbm_sw,nogain_pwi_directJ_gbm_sw,coupling_intensity,world,p_sB,p_topup,p_wipB,p_wipQ,p_batch_wait,p_trig,p_stop0,p_stopz,p_insp,p_motw,p_motK,p_bsd,p_zsd,p_flip,p_short,p_kappa
78.86429755078022,0.9324233190571928,2.8395851745515865,0.15,0.1052631578947368,0.0588235294117647,0.773779229307457,2.734016488837128,0.25,0.2105263157894736,0.1176470588235294,1.2233396216263863,3.95143324706812,0.25,0.2105263157894736,0.1176470588235294,1.0314705352612328,3.891750664344083,0.3,0.2631578947368421,0.1764705882352941,0.4889332473904161,1.8394718504758705,0.05,0.0,0.0,0.4970634806152918,1.835325412308042,0.0,0.0,0.0,0.9135972153320514,3.4231386849302066,0.15,0.1052631578947368,0.0588235294117647,1.090260947265039,3.5402069229884336,0.05,0.0526315789473684,0.0588235294117647,-0.015852842330111,0.3607567079514178,0.0,0.0,0.0,0.7142857142857143,0.7142857142857143,0.5,0.4285714285714285,1.0,1.7053025658242404e-13,27.513767159991065,0.2585537694493348,-0.5709754806238551,0.0,26.22837036755502,0.3426468849221574,-0.4334815286455634,0.0,21.388779581921643,0.2161492007782616,0.0590744384254122,0.0,21.45629331730968,0.2161492007782616,0.0573554291074722,0.0,2.786471541138724,0.9128489571232375,0.8195215544107747,0.0066666666666666,21.908242382373523,0.5871238791291612,-0.0290190170370558,0.0,25.468124056065623,0.6699330459398486,-0.4652527821157619,0.0,25.05357248090606,0.7083097574356759,-0.4975296758516867,0.0066666666666666,25.5084721535243,0.4418929476410079,-0.4068892993901511,0.0066666666666666,24.92273405654271,1.0268271464614218,-0.5822804355027917,0.0233333333333333,24.437583562076025,1.0888062033175894,-0.6140239273015358,0.03,21.617663759223444,2.442048063517098,-1.1013574958547434,0.09,20.959005691047494,0.9789143879956748,-0.3526187702190393,0.0133333333333333,25.54908963007418,0.8208038226454014,-0.5636269713200271,0.0,15.280898835365411,0.7392395383256574,-0.3516315914241379,0.3566666666666667,24.90167098165666,0.8887473134755318,-0.4727997622916801,0.0033333333333333,2.302935601307281,0,"[1.0, 0.5215739254701744, 0.32378373037331076]","[0.0, 2.8817621553063653, 7.0090260171522765]",0.4259008011715814,0.790518245853265,22.62859591692935,0.4064119150938292,9.79177204027698,193.89679878112003,0.3867848800649562,0.9198501605372782,9.53806206216977,0.6010928388316346,0.0132121517485129,0.2564738145938925,4.0,"{""overproduction"": 1.0418614449207457, ""waiting"": 0.6057692642453363, ""defects"": 2.8660744644130136, ""inventory"": 0.24725381141737812, ""transport"": 0.6769274991348744, ""motion"": 0.3775111242659002, ""over_processing"": 0.3226713084684468}"
72.26721799693638,0.7544993497253137,1.8654386820970152,0.05,0.0526315789473684,0.0666666666666666,1.1721473778190636,2.2843557182768754,0.05,0.0526315789473684,0.0666666666666666,1.1164022428752516,2.93276382750224,0.05,0.0526315789473684,0.0666666666666666,1.4899174827845216,3.338029953719079,0.05,0.0526315789473684,0.0666666666666666,0.1481640187498651,0.9687268297955268,0.0,0.0,0.0,0.0631616503449204,1.023131726007283,0.0,0.0,0.0,0.7590767480942475,2.476848797475363,0.05,0.0526315789473684,0.0666666666666666,0.9982755699902393,2.7938672513587246,0.05,0.0526315789473684,0.0666666666666666,-0.0488076230080353,0.2653388484735384,0.0,0.0,0.0,0.75,0.6428571428571429,0.5714285714285714,0.4285714285714285,0.9642857142857144,1.7053025658242404e-13,12.15299031553926,0.3898008103834428,-0.2324596857057896,0.0,10.817226976701738,0.4058149630987749,-0.5272703858212089,0.0,7.101175143036563,1.1484890470671003,0.1405738282114735,0.0,4.060633099098928,1.6600197185821648,0.4478693512799873,0.0033333333333333,3.399024718077868,2.0759197060596093,0.4533977255258654,0.0266666666666666,5.755490835965713,0.8242108717880495,0.2540427774404361,0.0566666666666666,10.201168856923012,0.7887469547565147,-0.7181865028592477,0.0,9.855656031623395,0.8276194847524028,-0.3971123266515126,0.0,10.539136160956108,0.6683013190866232,-0.4227837476208533,0.0,10.604792419201152,0.4896887712380451,-0.4374447742988008,0.0,7.75744310637792,0.5429676074725754,-0.3072824314186214,0.2166666666666666,7.330470785417609,1.4673859094630333,0.1319032403400638,0.0,4.567616344389598,0.8635688496852297,0.3457059494790063,0.1266666666666666,9.554430379748668,0.9176772588637088,-0.4903933128569266,0.0133333333333333,6.971393598617397,0.8764535822451357,-0.013124032310438,0.1666666666666666,9.350286839517306,0.9417811792478056,-0.5386674581321493,0.0566666666666666,2.025031058212936,1,"[1.0, 0.45513619294672264, 0.24183986365666163]","[0.0, 1.9644131393677438, 5.477712016985871]",0.7138390452072634,0.4353131559506445,7.499787593628746,0.4256496727417317,13.119360857882691,518.3505050889312,0.2426838706739916,0.3451005786672921,14.202296864694729,0.5253509498010182,0.0120586783546793,0.2751123997510555,4.0,"{""overproduction"": 1.022485776056399, ""waiting"": 0.5969874409351339, ""defects"": 4.077416793423212, ""inventory"": 0.42966748656975073, ""transport"": 0.6421463532759213, ""motion"": 0.22469562134878585, ""over_processing"": 0.5802413359850679}"
63.38533675843177,0.647970743673912,1.6583493722854938,0.0526315789473684,0.0555555555555555,0.0666666666666666,0.736345068058642,1.786412944344947,0.0526315789473684,0.0555555555555555,0.0666666666666666,0.8327271439055141,2.37424340373151,0.1052631578947368,0.1111111111111111,0.1333333333333333,0.9751316272430764,2.521492870073844,0.1052631578947368,0.1111111111111111,0.1333333333333333,0.1660722088795707,0.6655971978016655,0.0,0.0,0.0,0.2049309476691324,0.7128450892753432,0.0,0.0,0.0,0.6169383731376108,1.9264552970656352,0.1052631578947368,0.1111111111111111,0.1333333333333333,0.6697387860589578,1.9977346505402591,0.1052631578947368,0.1111111111111111,0.1333333333333333,-0.0712639840930175,0.3797264636821754,0.0,0.0,0.0,0.8214285714285714,0.75,0.5714285714285714,0.4642857142857143,0.9285714285714286,5.684341886080803e-14,19.42672340195586,0.7358959432921336,-0.7833322222472487,0.0,14.947624084319804,2.3372296989049013,-0.5126539071204376,0.0,12.816752540378726,2.925624171725824,-0.6981118667260711,0.0,9.132014055197963,4.248551298837113,-0.4795208991348534,0.0,7.901234391604172,2.3724847691457223,0.0723090919315529,0.0033333333333333,11.804779991506985,2.684854403004769,-0.7085794288092836,0.07,8.544500526046692,2.484618629995212,-0.5011703560609572,0.0,14.157381993542364,1.9247004081692884,-0.5763229306457358,0.0,12.312216009841697,2.868089582033423,-0.4324884509238978,0.03,12.108681058788331,3.366928063772181,-0.3911135482602815,0.0033333333333333,9.413584693278608,4.0440620232051945,-0.0016941543435967,0.0133333333333333,6.790471278832646,7.063242473547809,0.0045730196033794,0.0166666666666666,7.352019769811303,4.416131152638106,-1.0570317018397175,0.2066666666666666,11.939775825028653,3.506203860985839,-0.4983095896022319,0.0266666666666666,13.754706752915611,0.9871311409571216,-0.3431260571866558,0.01,12.535712702986352,2.5539774793443164,-0.4354172794223483,0.01,3.021381985003324,2,"[1.0, 0.6820113812082225, 0.23160969955659785]","[0.0, 5.095411990348575, 10.96860987537667]",0.7458039115511251,0.3721443167968299,10.504831498015848,0.5968978067502337,7.049563686092547,439.165494852255,0.2308710017984797,0.4162706429924663,0.0270353041022852,0.6176124243102017,0.0132713790960206,0.1316361659528175,4.0,"{""overproduction"": 0.9879404429567851, ""waiting"": 0.35414865580921234, ""defects"": 2.1118777814877188, ""inventory"": 0.2850223170329523, ""transport"": 0.4847947877415904, ""motion"": 0.2179477921216787, ""over_processing"": 0.5503619321543918}"
76.59402309429676,0.5291519608421943,1.646196672006709,0.0476190476190476,0.0555555555555555,0.0666666666666666,0.5441417191313491,1.715266591640409,0.0476190476190476,0.0555555555555555,0.0666666666666666,0.7385572720154366,2.395829854178797,0.0476190476190476,0.0555555555555555,0.0666666666666666,0.7244230689595244,2.4613434343355256,0.0476190476190476,0.0555555555555555,0.0666666666666666,-0.0006784349639689,0.4273931902023207,0.0,0.0,0.0,0.024054706865469,0.4621049794652183,0.0,0.0,0.0,0.5681697224442195,1.929842488141266,0.0476190476190476,0.0555555555555555,0.0666666666666666,0.6783385375059984,2.174698389614963,0.0476190476190476,0.0555555555555555,0.0666666666666666,0.0572259482560147,0.2825370852214975,0.0,0.0,0.0,0.7142857142857143,0.75,0.5,0.5714285714285714,0.9642857142857144,1.9895196601282805e-13,25.0754743832922,0.7727857672476286,-0.8285010354472192,0.0,24.322635625045283,1.2857667690570918,-0.8876911114108065,0.0,9.094623413973796,0.1450073398833912,0.6048680196287621,0.0,9.089733471665456,0.1450073398833912,0.6056250906593486,0.0,8.76230053591679,0.1450073398833912,0.6129089250739328,0.0,8.889631587464562,0.1450073398833912,0.6102794310563111,0.0,22.73165617115089,2.364991609666903,-1.0921564496498462,0.0233333333333333,22.86118830630735,2.250495650247722,-1.0671406312654768,0.02,23.83767433995596,1.656002413797569,-1.051115071084436,0.01,23.56113783199784,1.398814530553463,-0.8101788737725231,0.0033333333333333,23.527279171289752,1.398814530553463,-0.8061920920041097,0.0033333333333333,22.68927539941685,2.364991609666903,-1.30769275582098,0.02,22.687430303393523,2.328764073224019,-1.3526176754642514,0.0333333333333333,22.7156879235133,2.352690919135561,-1.4297090442875555,0.05,14.661563425443838,0.2112436269833,0.1184996063967008,0.0933333333333333,23.003460661290987,2.2065270084557382,-1.0895760748483228,0.01,3.26739820618923,3,"[1.0, 0.6166283849260119, 0.4338481529422906]","[0.0, 8.144819059805256, 14.376966014460507]",0.7451225582400594,0.1602743126680698,23.67655208279157,0.3141794572030656,4.465641846312922,183.04877051538728,0.2687303926890819,0.4873630660725114,1.3933282313617084,0.3051431550979721,0.0144604204548309,0.1728708330852315,4.0,"{""overproduction"": 1.2243256497003359, ""waiting"": 0.5884740277721124, ""defects"": 3.418556374456963, ""inventory"": 0.25972776323008673, ""transport"": 0.6340892841853804, ""motion"": 0.28011196548669565, ""over_processing"": 0.2595990683985257}"
67.83369591960718,0.596643355274926,2.068665695622999,0.1578947368421052,0.125,0.1333333333333333,0.6728610387585053,2.1050582294659823,0.1578947368421052,0.125,0.1333333333333333,0.9293608061179676,3.1757763570347075,0.2105263157894736,0.1875,0.2,1.0263088667489502,3.2515435183971264,0.2105263157894736,0.1875,0.2,0.0008503105579022,0.3910293973919367,0.0,0.0,0.0,-0.0006423863188923,0.6972957917067638,0.0,0.0,0.0,0.6936098713398738,2.4416101670433235,0.2631578947368421,0.1875,0.2,0.7649056542114563,2.518958741505876,0.2631578947368421,0.1875,0.2,-0.0102384109287298,0.0958143355511718,0.0,0.0,0.0,0.8214285714285714,0.7857142857142857,0.7142857142857143,0.6428571428571429,1.0,5.684341886080803e-14,15.817522494860436,1.1833784230423066,-0.4240857836424485,0.0,14.158642040736996,2.185419901508568,-0.3252302707966852,0.0,-0.4480060222437904,0.8482280387667568,1.031236813019312,0.0,-0.4088510895249687,0.8050429233739907,1.0283065211704243,0.0,-1.2844708062342625,0.8559828485050939,1.0998997803595731,0.0033333333333333,2.0637696916803923,0.7342264436157319,0.8516098388213924,0.0,12.858123532800724,3.512153834546572,-0.2218667073258148,0.0,13.475662108829413,2.686233466183749,-0.2612826377928654,0.0,13.182796335487303,2.3586498967446,-0.3206198551349851,0.0033333333333333,14.000861951999134,2.4522191588163427,-0.3168099833307967,0.0,13.20729743352982,2.847550472461696,-0.2348028691784226,0.0,12.826560253305397,3.512153834546572,-0.8445417086261489,0.0566666666666666,12.125959311072018,1.9886226170817627,-0.2301799229717128,0.03,13.486964529735808,1.9948060194752308,-0.2812395075585591,0.0033333333333333,7.913060061097435,1.7882467005828049,-0.1618320656495454,0.36,12.413769261033728,2.7492115384013696,-0.2498356040653728,0.0066666666666666,2.869001626203615,4,"[1.0, 0.668424091960257, 0.5338050632415248]","[0.0, 1.6787770923778143, 3.498948093002081]",0.9770916742459804,0.1347614516211299,15.387706858971676,0.5417000853177444,11.490545121994243,44.01433440335138,0.2427257524136813,0.8570786899866468,9.42521793544636,0.4285350781814083,0.0151811447829064,0.1345382106840026,4.0,"{""overproduction"": 1.2860438912207575, ""waiting"": 0.4936682474764417, ""defects"": 3.5953852606183903, ""inventory"": 0.4743980306976993, ""transport"": 1.195528896135683, ""motion"": 0.2265800903276834, ""over_processing"": 0.15713667198962727}"
51.6295078974038,0.4595044058375647,1.9866967762484211,0.238095238095238,0.2105263157894736,0.2,0.5249672152771685,2.059360593327946,0.1904761904761904,0.1578947368421052,0.2,0.7328337581654907,2.8889399998849314,0.1904761904761904,0.1578947368421052,0.2,0.7540426739849379,2.925150492615548,0.1904761904761904,0.1578947368421052,0.2,0.2165278832692458,0.9757374631059812,0.0,0.0,0.0,0.19821912798163,1.0103877879756116,0.0,0.0,0.0,0.6348718152264379,2.415918663129067,0.1904761904761904,0.1578947368421052,0.2,0.6266328209991361,2.4483466609459708,0.1904761904761904,0.1578947368421052,0.2,-0.0880906552921802,0.1728142846910892,0.0,0.0,0.0,0.7857142857142857,0.7857142857142857,0.6071428571428571,0.4642857142857143,0.9642857142857144,9.947598300641405e-14,11.046733376163886,0.7735626966039917,-0.1759487600387688,0.01,5.061865027871078,2.710224752444726,0.3639041097190318,0.01,-2.840010453909229,1.7111630560891278,1.3749642881781592,0.0,-4.019533589736781,1.80910006844744,1.5399763002543727,0.0033333333333333,-6.304468282330292,1.1432399013141443,1.894006854337693,0.1366666666666666,-5.575503389467404,2.537991372269188,1.8231006854952747,0.0933333333333333,1.1580015222095748,2.2533025042762773,0.5461264620069453,0.0,4.077248782840567,1.928602390063015,0.4141088573584679,0.19,4.166020983728487,2.942511806950212,0.3777221406891243,0.1866666666666666,2.64746970352662,3.2750407608048677,0.6654243107526523,0.2133333333333333,1.7539814870727748,3.3855244789650425,0.7724451584094884,0.24,-2.577655808432392,6.768124889024879,1.340536828509488,0.11,-7.585132447726628,7.298654583149654,3.102797045514916,0.2633333333333333,2.45448832173416,2.603530888375178,0.524390919353941,0.1233333333333333,3.394569533022884,1.709918266261467,0.4082830383472376,0.3133333333333333,2.0537321094487,3.845387088757823,0.6813944880620337,0.1933333333333333,2.5155391394638627,5,"[1.0, 0.6564330350550928, 0.4180708471566652]","[0.0, 5.373274672038434, 13.217792690242852]",0.3824147597264942,0.313666741563808,2.946241113109882,0.6979100187943588,12.294818721558157,307.4531595609427,0.2233189587794189,0.9584801136956184,10.483727574787329,0.5980139546590607,0.0184529770022634,0.1039476440210297,4.0,"{""overproduction"": 1.0871868252158097, ""waiting"": 0.3449822249307512, ""defects"": 1.4705420429686862, ""inventory"": 0.27204679598987574, ""transport"": 1.0653812068460382, ""motion"": 0.17965842942704707, ""over_processing"": 0.2987495706875037}"
45.6729462645333,0.4240116437637473,1.2661315057004068,0.0555555555555555,0.0666666666666666,0.0769230769230769,0.4253917106410103,1.2758368229611683,0.0555555555555555,0.0666666666666666,0.0769230769230769,0.593475301053207,1.905010155502506,0.0555555555555555,0.0666666666666666,0.0769230769230769,0.6234321914983089,1.9489899489096705,0.0555555555555555,0.0666666666666666,0.0769230769230769,-0.015317341025541,0.4336901891266265,0.0,0.0,0.0,0.0348967891812822,0.4445120579301886,0.0,0.0,0.0,0.4100924277516364,1.4835511586546817,0.0555555555555555,0.0666666666666666,0.0769230769230769,0.5012311008277263,1.5785624736223098,0.0555555555555555,0.0666666666666666,0.0769230769230769,0.0327967028017236,0.2983534834425916,0.0,0.0,0.0,0.6428571428571429,0.6785714285714286,0.6428571428571429,0.4285714285714285,0.9642857142857144,8.526512829121202e-14,9.020220701751189,0.1729316177047983,0.0364277444477862,0.0,7.401105993494096,0.1841368513229357,-0.0439729308322619,0.0,-5.599223115493986,0.4764708663642968,1.5292114632481193,0.0,-8.270078443083166,0.3538793568538538,1.7754031980278833,0.0,-13.00930326562183,0.8204780373112132,2.3928782747575856,0.0,-11.989028787977718,0.746338053891368,2.2450367751861195,0.0,6.514085075521391,0.256064499871144,-0.1096387864164973,0.0,6.121362332757761,0.5079848191571084,0.1633182859448139,0.0,6.80012821113244,0.3259748464351802,0.0885588397003103,0.0366666666666666,4.743091140115212,0.3486171342865418,0.2978236116771475,0.13,3.407254908438025,0.3636586255494273,0.3824960840519661,0.3333333333333333,4.575844016736464,1.2208309305577445,0.5325292012896621,0.0266666666666666,5.56513979294273,0.3795684763998014,-0.0081748531950446,0.0433333333333333,3.005068905329735,0.7306230189617402,0.5603279930441779,0.13,4.895962002453153,0.4862482040697748,0.1898719105803085,0.18,5.696607663324126,0.6500715034136921,0.2080626689266258,0.1,1.906189108700708,6,"[1.0, 0.49067430283286534, 0.23496968566699233]","[0.0, 5.274458277903225, 14.452271221807182]",0.1363655923058107,0.3676794247370077,2.5245198026495523,0.4603193591017628,13.716841831543867,207.20835293962668,0.2343558058187303,0.2387447795549515,10.019698865977572,0.3510625550659529,0.017057331365857,0.1557365111928982,4.0,"{""overproduction"": 1.1036791069528278, ""waiting"": 0.4819698195906618, ""defects"": 2.2262772386883114, ""inventory"": 0.5384473664694973, ""transport"": 0.4855796051339786, ""motion"": 0.25597654852269736, ""over_processing"": 0.15908297467249277}"
74.3757564897242,0.5576201259493918,1.360473878056515,0.0526315789473684,0.0714285714285714,0.0769230769230769,0.6859058739801954,1.5576182834466354,0.0526315789473684,0.0714285714285714,0.0769230769230769,0.9000958577744387,2.099143871274148,0.1052631578947368,0.1428571428571428,0.1538461538461538,1.0169534069931063,2.283148425233026,0.1052631578947368,0.1428571428571428,0.1538461538461538,0.0917179224687216,0.5254893362706187,0.1052631578947368,0.0,0.0,0.0863007521193776,0.545819425154314,0.1052631578947368,0.0,0.0,0.4980907761257202,1.5131712704439244,0.0,0.0,0.0,0.6343712667617142,1.7242141279797425,0.0526315789473684,0.0714285714285714,0.0769230769230769,0.0198900833908358,0.1947553339510989,0.0526315789473684,0.0,0.0,0.7857142857142857,0.7857142857142857,0.6071428571428571,0.5,0.9642857142857144,1.5631940186722204e-13,7.706841252255294,0.6958317438433884,-0.1960395076243156,0.0,5.394082547216639,1.6602082123067394,-0.0995777414014799,0.0,-5.1359462093967805,8.862385760499082,1.6697058203586626,0.0,-5.1488288998028,8.505224997974226,1.6789202611986966,0.0,-4.796431661933893,8.525616883892125,1.659287152874017,0.0,-4.902010157873335,8.525616883892125,1.6591095265069635,0.0,4.81380701369338,1.305174632680726,-0.6052548163237588,0.0,5.266305795832088,1.5008489827496103,-0.2380957374252265,0.0,4.0337614131505175,2.2712294597848306,0.233828369834726,0.01,3.792338973680779,1.6095394856596583,-0.0222710038765211,0.1966666666666666,3.475751190779296,1.5516900624644396,0.0444443580013023,0.2033333333333333,2.427632843381578,3.572989584216325,0.54057082438814,0.02,2.483590799285685,1.8041712213075616,0.3447707747413903,0.0933333333333333,4.021129358856686,1.4123394663491673,0.0303239777541561,0.1333333333333333,3.400765199542414,1.4841760710589815,-0.1302655393458384,0.3066666666666666,2.445816765986008,2.816492088355889,0.5221601482489053,0.0666666666666666,1.9481840767024183,7,"[1.0, 0.4672362762538383, 0.359713225390945]","[0.0, 0.15360693956860255, 0.45697212187342573]",0.5589750371944552,0.2078549415719337,8.378375939652386,0.6405391451600044,14.367629283884298,608.6029457675991,0.029558390338094,0.8533136562599993,2.5173548269836776,0.6245731490012933,0.0101488610498747,0.2294585893207245,4.0,"{""overproduction"": 0.8878018257072622, ""waiting"": 0.2682454264047136, ""defects"": 4.940204522239399, ""inventory"": 0.3445052988729023, ""transport"": 0.8122362597690919, ""motion"": 0.5880120309203223, ""over_processing"": 0.5209765995985355}"
63.497854726958295,0.7137774456927328,2.0140867410839727,0.1111111111111111,0.125,0.0714285714285714,0.7279907584603805,1.93209028929844,0.1666666666666666,0.125,0.0714285714285714,0.9203990119937338,2.811083088675509,0.1111111111111111,0.125,0.0714285714285714,0.979018665187198,2.810886240189935,0.1666666666666666,0.125,0.0714285714285714,0.2292847398223482,0.6913237500072457,0.0,0.0,0.0,0.2328478547515202,0.7671229301388226,0.0,0.0,0.0,0.6487767246092587,2.2087476069712983,0.1666666666666666,0.125,0.0714285714285714,0.6757054567499555,2.227429500569358,0.1666666666666666,0.125,0.0714285714285714,-0.0458851365205983,0.258580374261311,0.0,0.0,0.0,0.8214285714285714,0.7142857142857143,0.6428571428571429,0.6428571428571429,1.0,1.1368683772161605e-13,25.51804718551792,0.185721049238295,-0.0640579826319309,0.0,24.54686592314307,0.1886699810601002,0.0456017006697065,0.0033333333333333,24.182186978795286,0.1612714696337508,0.0884103441370185,0.0,24.182186978795286,0.1612714696337508,0.0884103441370185,0.0,22.329886571796667,0.9179271208012988,0.0835453515195366,0.0066666666666666,24.229506874475508,0.168559313857066,0.0809020145653796,0.0,24.182186978795286,0.1612714696337508,0.0884103441370185,0.0,23.995513953054857,0.2557358159690943,-0.0208771253632105,0.0033333333333333,23.1661401485691,0.5033386983082522,-0.0056769355126139,0.01,24.157296260757107,0.3059474824779835,-0.0121859772698637,0.01,23.91305463595432,0.3344447693810013,-0.0185371197415484,0.01,16.797333354482983,1.6016055431053422,-0.418636198226739,0.05,16.938804729842857,1.535079135075575,-0.1510274013779908,0.0066666666666666,23.72441846057867,0.2376495724819843,-0.0223172631013768,0.0033333333333333,21.204628244220437,0.2565402575783707,-0.0340936355079545,0.09,23.940028278959243,0.3207200306921601,0.0241408056748222,0.0066666666666666,1.893655944733084,8,"[1.0, 0.7151845351075395, 0.29956404551852833]","[0.0, 1.1258626008327783, 2.422035639914263]",0.5542603164930812,0.5770798329599061,16.04793976008392,0.599201316809101,13.577260611587043,115.64422895415288,0.1155166596037701,0.356221641180085,11.615730301179914,0.5608392467463817,0.0088899175208793,0.236110472648479,4.0,"{""overproduction"": 1.3169488711194475, ""waiting"": 0.5369970537239842, ""defects"": 1.784887606019253, ""inventory"": 0.24001505565574816, ""transport"": 0.9107781438290337, ""motion"": 0.3080932399048455, ""over_processing"": 0.36741517178111316}"
56.64523111074159,0.718514119650895,1.8172331029258824,0.0666666666666666,0.0714285714285714,0.0,0.8254947706260598,2.0332703265635863,0.0666666666666666,0.0714285714285714,0.0,0.9854066931654952,2.700598468317508,0.0666666666666666,0.0714285714285714,0.0,1.0698996142640331,2.867433699537866,0.0666666666666666,0.0714285714285714,0.0,0.1545028016260378,0.664209026894363,0.0,0.0,0.0,0.0784722344555245,0.701568716254328,0.0,0.0,0.0,0.5962443978138386,1.9869205984242,0.0666666666666666,0.0714285714285714,0.0,0.7157594377115155,2.1646673386559883,0.0666666666666666,0.0714285714285714,0.0,-0.0047562936202195,0.2558595249387773,0.0,0.0,0.0,0.7857142857142857,0.7857142857142857,0.7142857142857143,0.6785714285714286,0.8214285714285714,1.1368683772161605e-13,26.93290789279689,0.9622001329320304,-0.258724812590271,0.0,26.87224909631649,0.9544934031517414,-0.2405620599757614,0.0,25.10837753916911,1.1210177245352309,-0.1823353327655325,0.0,23.697922962831296,1.1210177245352309,-0.121280405859812,0.0,18.906152529554863,0.7990428229374684,-0.0018536696651321,0.0,25.757019195695342,0.94313143983733,-0.2061065357416037,0.0,26.87224909631649,0.9544934031517414,-0.2461383025895474,0.0,24.967663353214355,1.0366048255848226,-0.2987305412288597,0.02,26.86019680986761,0.9544934031517414,-0.2411892628792543,0.0,26.319119825162865,0.9981970717837294,-0.2796743619461244,0.0,25.20502810138022,0.932334349406186,-0.2370754313743615,0.0033333333333333,21.5273545845702,1.208333811893772,-0.3796691244142126,0.0233333333333333,25.700382053226424,0.9389478817544756,-0.2805495096096974,0.0,25.1807928625046,1.048673050877584,-0.298042815231706,0.0,17.014028844284738,1.0703652294694954,-0.1901934919929585,0.2566666666666666,26.87224909631649,0.9544934031517414,-0.2405620599757614,0.0,1.3860318040842683,9,"[1.0, 0.5550733033790725, 0.27699737040808214]","[0.0, 0.12080820785408977, 0.31417266243609077]",0.3248170817350922,0.919130490952074,14.699255415820636,0.4065098960589695,6.413468138120097,320.40850542347016,0.2549440469704225,0.5324478498483587,6.314890610165151,0.4243172047101217,0.0140499931232264,0.2939580034176823,4.0,"{""overproduction"": 0.9449254368129987, ""waiting"": 0.5109946237385732, ""defects"": 3.068757393612682, ""inventory"": 0.3173622824487492, ""transport"": 0.6441044992454286, ""motion"": 0.17431796432774196, ""over_processing"": 0.23789717814106986}"
110.48723004326938,0.4920170803824307,1.552899526195746,0.1304347826086956,0.0,0.0,0.4838598435268877,1.541157199878607,0.0869565217391304,0.0,0.0,0.637527053142832,2.149097666799212,0.0869565217391304,0.0,0.0,0.603348581644446,1.960598842745648,0.0869565217391304,0.0555555555555555,0.0666666666666666,0.0629219285685594,0.4907161879155551,0.0434782608695652,0.0,0.0,0.0073529781749708,0.8681917516530165,0.0434782608695652,0.0,0.0,0.4098415365515013,1.4883094854315233,0.0,0.0,0.0,0.5367566173753879,1.5096323782502317,0.0,0.0,0.0,0.0443964640621167,0.1608062205752118,0.0,0.0,0.0,0.6785714285714286,0.5714285714285714,0.4642857142857143,0.5714285714285714,0.8928571428571429,3.979039320256561e-13,27.887274942507343,0.2092953386410177,-0.774155940145614,0.0,26.26803437167815,1.0306874577380742,-0.6940127985730987,0.0,15.882306074848442,0.0618118029289809,0.243117444587055,0.0,15.615014861711934,0.0347230580396294,0.2586076474001672,0.0,23.715134406553748,0.4696572472719795,-0.3272570447609941,0.0,19.35182801546662,0.0376371300460139,0.0351203922458317,0.0,25.59305259248005,1.7744335675894,-0.6359816907082253,0.0,26.07991014669317,1.314495733487631,-0.6664066726147857,0.0,25.83090337908991,1.0331481800232307,-0.7020492817919661,0.0,25.887030787086736,0.9838216590826248,-0.7785858811743012,0.0,25.682590581645325,0.9312864042577628,-0.7504802605294297,0.0,25.907065741307104,1.4858482731136553,-0.6716005954496433,0.0,24.90290392716857,1.3765294130873356,-0.7720519491458047,0.0,25.14469648544099,1.48544433264004,-0.7068246017049763,0.0,21.486286387598067,0.420924028729064,-0.6177081167522422,0.07,25.726699710289,1.080481561313476,-0.6757630597632602,0.0,2.802288793080089,10,"[1.0, 0.5975217154725314, 0.2526112470635792]","[0.0, 4.1719574246644, 10.182446948303243]",0.5222816488879379,0.7768482879275864,23.65457431301988,0.8961941120487873,7.2737285551069935,89.8098857503295,0.0099694409740421,0.4946567055580882,1.1453248722799214,0.3470852319929378,0.0092877471128578,0.2979982744853744,4.0,"{""overproduction"": 1.5187172128080308, ""waiting"": 0.6526080198098593, ""defects"": 3.5441127908069863, ""inventory"": 0.8420163687083472, ""transport"": 1.9447098405171084, ""motion"": 0.4226569235441284, ""over_processing"": 0.43989423569131697}"
76.16021305321078,0.4724840313355424,1.851702813625564,0.15,0.1052631578947368,0.1176470588235294,0.6337306632376345,2.133093047675497,0.15,0.1578947368421052,0.1764705882352941,0.6522070717018666,2.724055345470826,0.2,0.1578947368421052,0.1764705882352941,0.7864965624562762,3.039047964648517,0.15,0.1578947368421052,0.1764705882352941,0.1981027606300721,0.5484187195476938,0.0,0.0,0.0,0.1769049729339566,0.5581218679836532,0.0,0.0,0.0,0.5301942338137702,2.0048010293927083,0.2,0.2105263157894736,0.1764705882352941,0.5776165971824472,2.295324822905044,0.15,0.1578947368421052,0.1764705882352941,-0.0296681981524033,0.3519551286425662,0.0,0.0,0.0,0.8928571428571429,0.8571428571428571,0.6071428571428571,0.5,0.9285714285714286,1.7053025658242404e-13,28.12517107554441,1.4644608479317005,-1.2045590703197369,0.0,24.344362307431933,3.2347534147042536,-1.0383425077108124,0.0333333333333333,11.863373288034577,1.6255876531058,-0.1061863371426534,0.0,8.021594252082478,1.4772537163490236,0.2749133020284164,0.0,6.897777871681604,1.6991685280452544,0.1809899838899758,0.0333333333333333,7.848372920306222,1.0304792252111297,0.3076008017517237,0.0,22.056128816031165,6.238783002441773,-1.137900538626286,0.0333333333333333,24.382406402315283,3.1417875009583973,-1.06385928459223,0.0266666666666666,23.447453381058168,2.9329828068596795,-1.1317068105996784,0.0233333333333333,23.2100420403134,4.1572001674914745,-1.2509562866736197,0.0233333333333333,23.32325708397912,4.280011642644404,-1.392287352704212,0.0433333333333333,22.628358332798683,5.330690704114352,-1.4796809641689648,0.0133333333333333,10.869737913311058,2.841771080723175,-0.3666680713023137,0.05,20.244420126473518,3.279148433108604,-1.165600716585558,0.0766666666666666,9.60326013854477,1.2944677180116149,-0.3107413755685929,0.25,23.32187334012051,4.26781245730742,-1.2651765954029155,0.0433333333333333,5.608057087287413,11,"[1.0, 0.8404402541428273, 0.47973472648523685]","[0.0, 6.686903319884068, 14.802604147918306]",0.5276883407213105,0.7854340014599015,16.10619173325847,0.4203182140099414,7.724089289935211,10.698648666215016,0.3502639406252715,0.5424458861963711,0.6928054281514673,0.6751035704331246,0.0199921105487965,0.2343263563218151,4.0,"{""overproduction"": 1.5956667861101403, ""waiting"": 0.3011892863324395, ""defects"": 3.1008934172346896, ""inventory"": 0.21561506036990286, ""transport"": 0.42173939454380416, ""motion"": 0.3778587435842076, ""over_processing"": 0.35964244649334637}"
115.48462541943672,0.7441078972634659,2.8813514419358333,0.1304347826086956,0.1052631578947368,0.1176470588235294,0.9432661093916802,3.0441663018548764,0.1304347826086956,0.1052631578947368,0.1176470588235294,1.113434029929222,3.795534386174506,0.1304347826086956,0.1052631578947368,0.1176470588235294,1.2046279857704305,3.847458357132356,0.1304347826086956,0.1052631578947368,0.1176470588235294,0.5340471845963,1.874594550772534,0.0,0.0,0.0,0.4369312102159776,1.9170597724700915,0.0,0.0,0.0,0.9443815528785544,3.3204598265492526,0.1304347826086956,0.1052631578947368,0.1176470588235294,0.9896001202795184,3.339202040893806,0.1304347826086956,0.1052631578947368,0.1176470588235294,0.1630170506323562,0.4180545115340947,0.0,0.0,0.0,0.7857142857142857,0.75,0.5,0.5357142857142857,0.9642857142857144,1.9895196601282805e-13,38.88534067291015,1.338328932484644,-0.6253296279431786,0.0,36.16262087022692,3.129619103705873,-0.5713187822021711,0.0,34.243103303630505,5.925952390547115,-0.3923171092927302,0.0,31.459963282021345,5.649563468860572,-0.2768840212585099,0.0,33.897175262065616,4.751352181776546,-0.3781353115526699,0.0,32.45274698018709,4.746000002730304,-0.3149692770736647,0.0,33.56692041096184,6.837787780681212,-0.3648956230494329,0.0,34.88730391201111,5.261869148216135,-0.4544973740166328,0.0,34.57828310658318,4.853519480604732,-0.4814678507001061,0.0,33.56692041096184,6.837787780681212,-0.3648956230494329,0.0,33.56692041096184,6.837787780681212,-0.3648956230494329,0.0,33.56692041096184,6.837787780681212,-0.3648956230494329,0.0,35.4197261388088,3.164476436196368,-0.6508489588865288,0.0,35.63537643148217,3.300571897992472,-0.6099374407220658,0.0,28.766500667477764,1.4621223016958875,-0.7469220029529745,0.0,33.37232625460416,6.679225176342931,-0.3609592985637506,0.0,4.326002496211851,12,"[1.0, 0.5182919106353017, 0.18114996148097942]","[0.0, 5.9257543887862045, 10.461958999629587]",1.0556007027570884,0.7419162010314087,24.58918250211677,0.6132552639544666,11.61703159463219,271.1653323522588,0.1413022642466352,0.9108220921659664,6.460605056172041,0.5985884147834943,0.0129583166198058,0.0780532310170794,4.0,"{""overproduction"": 1.2151020464595426, ""waiting"": 0.546661338495986, ""defects"": 1.8303048381847218, ""inventory"": 0.9138364710687089, ""transport"": 1.1268954286086525, ""motion"": 0.31864544495716607, ""over_processing"": 0.35710730672205254}"
63.07421955682421,0.5077800212316947,1.1938727594562597,0.0625,0.0769230769230769,0.1,0.5431673999934563,1.2748492548196066,0.0625,0.0769230769230769,0.1,0.6399943934496183,1.6879701880780602,0.0625,0.0769230769230769,0.1,0.7761755164663621,1.9405152095403988,0.0625,0.0769230769230769,0.1,0.0836645625333743,0.3874566408193767,0.0,0.0,0.0,0.0584961935816031,0.6415519486158406,0.0,0.0,0.0,0.463345031058785,1.4345161477897408,0.0625,0.0769230769230769,0.1,0.5746800236713911,1.6112957250091164,0.0625,0.0769230769230769,0.1,0.0207234893868163,0.1717703154790341,0.0,0.0,0.0,0.9285714285714286,0.8214285714285714,0.6428571428571429,0.75,1.0,1.2789769243681806e-13,18.44711968422342,0.2529546761894098,-0.1991038427210895,0.0,17.67049273658044,0.2949056463658926,-0.0762951187889157,0.0033333333333333,11.99841021503446,0.228199031347062,0.4894488652020257,0.0,12.043046959878684,0.228199031347062,0.4895769837441646,0.0,12.744825400001298,0.228199031347062,0.4437414256279171,0.0,11.492818994897064,0.228199031347062,0.5009677489492605,0.0,17.140238653154945,0.5033845222468102,-0.0044268875045457,0.0,17.4865958293547,0.3944201945156957,-0.0382605844042558,0.0,16.998008861066182,0.5311181704608543,-0.1574207979970613,0.0,16.678621514200074,0.7935548455106279,-0.2701441343820794,0.0033333333333333,16.3732973109661,0.8826232663684574,-0.2380569247576163,0.01,14.0811699225312,1.5357667193121576,-0.8213605726151705,0.0566666666666666,14.95500344892353,1.2739775705239136,-0.081807853820201,0.0233333333333333,16.104042168516294,0.4558675547335015,0.0722630076156738,0.0066666666666666,15.00377543497684,0.3720409717285006,0.0124503789449342,0.05,16.37433082357739,0.6936994943544105,-0.1812416783686321,0.0033333333333333,2.194092952269638,13,"[1.0, 0.5780479870070154, 0.3358224991942077]","[0.0, 2.5725822649846495, 5.8774945846619655]",0.0605507383325508,0.1830154148320949,21.04738959379813,0.6071288564191768,13.27676559037724,557.245650576288,0.0772679902794638,0.3995968392250302,7.886674501193544,0.3390060598541417,0.0071949862641707,0.2603716396009205,4.0,"{""overproduction"": 2.102527664297146, ""waiting"": 0.5113899397637656, ""defects"": 5.395014700099534, ""inventory"": 0.38458596022271374, ""transport"": 0.430110737749174, ""motion"": 0.2386860460526117, ""over_processing"": 0.24176975292761374}"
91.9104504461058,0.7889233101379449,3.0023503082890257,0.2105263157894736,0.2222222222222222,0.125,0.7936805823730758,3.0105327089288907,0.2105263157894736,0.2222222222222222,0.125,1.270721701753676,4.374462396407118,0.2105263157894736,0.2222222222222222,0.125,1.2856293525246862,4.408546494322135,0.1578947368421052,0.1666666666666666,0.125,0.170705092477343,1.0714223694323104,0.0,0.0,0.0,0.0698706094886626,1.0689743792120283,0.0,0.0,0.0,0.8314299235234675,3.425353971472835,0.1052631578947368,0.1111111111111111,0.125,0.8896346558974856,3.486158125107783,0.1578947368421052,0.1666666666666666,0.125,0.0089915988336509,0.2620274073786454,0.0,0.0,0.0,0.6071428571428571,0.6071428571428571,0.5,0.5714285714285714,1.0,2.273736754432321e-13,27.705781975324637,1.5191525486727877,-0.9065618972970372,0.0,23.398260622430485,3.6326418905071134,-0.7022972631287552,0.0,21.699828432961752,1.295849585351427,-0.5096654298122968,0.0,17.514245496103268,1.1434616088705718,-0.2341950238593349,0.0,7.664126480366333,3.969648197491775,0.2221097900250565,0.08,10.211774488817458,3.20265459378655,0.0195133455574413,0.0666666666666666,20.825321309926743,3.299092508945308,-1.2767422306948968,0.0,23.3432998312839,3.4066870417670585,-0.6563558246420581,0.0,23.08601075929087,4.3620566373930725,-0.8087413418737944,0.0133333333333333,22.344924848191827,5.301466791626432,-0.6145639553384984,0.0,22.37984147233647,5.311144539985746,-0.6160517897491141,0.0,20.78964896490596,7.255639732422469,-0.6473388375026603,0.0,14.60654455448433,3.7124605866673854,-1.08936214408176,0.2166666666666666,19.957469277916434,3.55706959272959,-1.2667107941507734,0.12,22.046868584918236,2.4261008817130434,-0.6622292936434311,0.0,22.81293976083101,4.911554064613363,-0.8646549069778663,0.0133333333333333,5.602634239017142,14,"[1.0, 0.8071825322852503, 0.6050198111931233]","[0.0, 2.6247637376654107, 4.649456327568025]",0.4784627237303218,0.6823799448443975,17.787763770332493,0.5410109813550061,12.406407105200389,302.47861609921955,0.3842754808110952,0.9366989347480372,13.503981257292926,0.6633413844217291,0.0080586516431843,0.2120835252762692,4.0,"{""overproduction"": 0.8206114866193291, ""waiting"": 0.4698766014963042, ""defects"": 2.4659954451356736, ""inventory"": 0.6962095928816018, ""transport"": 0.6675063313248993, ""motion"": 0.35204933618624307, ""over_processing"": 0.3997201786481954}"
93.86281912204416,0.9198621405189302,1.9197768299154645,0.0909090909090909,0.1052631578947368,0.1111111111111111,1.0785978509426972,2.179683123402353,0.0909090909090909,0.1052631578947368,0.1111111111111111,0.9883187499728522,2.443220536006456,0.0909090909090909,0.1052631578947368,0.1111111111111111,1.159607525732812,2.704196200105953,0.0909090909090909,0.1052631578947368,0.1111111111111111,0.0889852401428886,0.7059591005715913,0.0,0.0,0.0,0.1140151156531171,0.7758169536097292,0.0,0.0,0.0,0.5690194112902629,1.7580880359448834,0.1363636363636363,0.1052631578947368,0.1111111111111111,0.7407201283143048,2.0523453256081763,0.1363636363636363,0.1052631578947368,0.1111111111111111,-0.0182159012923177,0.4076296179452989,0.0,0.0,0.0,0.75,0.7142857142857143,0.5714285714285714,0.5357142857142857,1.0,1.7053025658242404e-13,19.95084038546843,0.9656690889699808,-0.5074232353531573,0.0,17.263394563118403,2.971261327828541,-0.3792556634098671,0.0,15.615908432051375,3.482071816248607,-0.5165186709178405,0.0,7.174038165845423,4.951936063156833,0.2113620410500046,0.0,8.285903091511601,5.679391964436557,-0.038142945508508,0.0333333333333333,8.9550822203132,5.6340949619090175,-0.0810829908180068,0.0133333333333333,15.68627904257315,5.471390384324189,-0.2766944527046648,0.0,15.935513398241053,3.400890780561619,-0.390522468678015,0.0,14.95821786935658,3.417524735500218,-0.4286380924794652,0.0,15.744486631556782,2.491154849283641,-0.4012633802530048,0.0,15.768232962144436,2.491154849283641,-0.4126454795243187,0.0033333333333333,16.146090353734245,4.275898364699877,-0.4165379372816063,0.0,10.132951250504371,2.995462178205781,-0.523229935249707,0.3666666666666666,13.843608782201002,4.07100853850624,-0.3820549163244481,0.1066666666666666,9.85086439525192,1.5527578400658888,-0.5077915718680492,0.19,14.648111919674164,4.0758682530968615,-0.3571970476258221,0.01,3.673842520340125,15,"[1.0, 0.7412787885208754, 0.18786211337622394]","[0.0, 1.8996787480733022, 6.183781662202751]",0.7924472057927604,0.2929158759379945,11.692502107135368,0.4718692319942847,7.736616489639748,427.4703940051853,0.0667653435141902,0.7770490207042496,11.737730494361294,0.6768662526637397,0.0113297333600922,0.2682828155103974,4.0,"{""overproduction"": 1.7148488542755989, ""waiting"": 0.3428935115179969, ""defects"": 4.8547781008813, ""inventory"": 0.7237282568518768, ""transport"": 1.0446797039743387, ""motion"": 0.4116703756483188, ""over_processing"": 0.6705932037295964}"
95.83720732448351,1.6295470685481157,4.700091550896691,0.0909090909090909,0.1,0.125,1.6514655409035612,4.699689868182999,0.0909090909090909,0.1,0.125,2.156951560099063,6.871599003681782,0.1818181818181818,0.15,0.1875,2.144615814220083,6.848775795651959,0.1818181818181818,0.15,0.1875,0.8372624012041356,2.3825386163054683,0.0909090909090909,0.05,0.0625,0.8861462968118603,2.344910948452556,0.0909090909090909,0.05,0.0625,1.6869383340814852,5.892660267804239,0.1363636363636363,0.1,0.125,1.7492175403853838,5.906678442126018,0.1363636363636363,0.1,0.125,0.2053156596272669,0.708694901400535,0.0,0.0,0.0,0.7857142857142857,0.7142857142857143,0.5357142857142857,0.5357142857142857,1.0,1.5631940186722204e-13,21.55179219877287,0.3123112617357517,-0.0072041138546823,0.0,18.45032566772684,0.4465578852480826,0.1446634530410534,0.0,16.79198914870097,0.1817840436146898,0.2775047219223244,0.0,15.798694789968634,0.0452930320923959,0.3139527461730575,0.0,8.594265501433274,1.2087214274245224,0.4794627977391824,0.0766666666666666,13.044642996474895,0.0819444964471085,0.3623681530861966,0.0433333333333333,16.928023861542968,0.0798732650183704,0.2719297869988389,0.0,15.948427497776551,0.3941988703177092,0.1470637053007994,0.0366666666666666,15.955625112923434,0.6477977745069649,0.1392775537795746,0.01,16.6351453485772,0.9534440848800224,0.0502567645809017,0.1766666666666666,15.669568571842042,1.2821973582960742,0.0771290379655222,0.2033333333333333,8.406193836732287,3.766496899366486,-2.7252035753220927,0.6833333333333333,7.399087774137001,1.2906189530881176,0.2973385701708161,0.25,10.795745160188622,0.7013082997734413,0.1181881932775202,0.18,15.948427497776551,0.3941988703177092,0.1470637053007994,0.0366666666666666,14.60615887574276,0.7099011095838427,0.0931751211939617,0.0433333333333333,1.2635621824843593,16,"[1.0, 0.8349605774743594, 0.23459448623457613]","[0.0, 5.456127682542008, 13.377326463498305]",0.2835488204309547,0.6571231551575867,0.7547117314872398,0.6152818348964699,7.10407782099206,31.528336178377188,0.1736728932883154,0.3049191826586233,3.7297229874697897,0.6721174995652311,0.014376155829867,0.088539375735689,4.0,"{""overproduction"": 1.1417113452600307, ""waiting"": 0.9534443391190719, ""defects"": 4.12138227953178, ""inventory"": 0.4031480735333407, ""transport"": 0.7394939240984694, ""motion"": 0.40740403890977045, ""over_processing"": 0.4066175770368506}"
53.72642364145005,0.8633153924959108,1.7032105057289484,0.1176470588235294,0.1428571428571428,0.1666666666666666,0.985134663366456,1.958531148117103,0.1176470588235294,0.1428571428571428,0.1666666666666666,0.9805646138468456,2.3338721879011075,0.1764705882352941,0.2142857142857142,0.25,1.1202569987401108,2.6145323032139034,0.1764705882352941,0.2142857142857142,0.25,0.1169137727977102,0.3020328543248765,0.0,0.0,0.0,0.1495617599677367,0.4401153638092111,0.0588235294117647,0.0,0.0,0.3986882754202249,1.411537718302638,0.1176470588235294,0.1428571428571428,0.1666666666666666,0.5397831124352924,1.745731705164948,0.1764705882352941,0.1428571428571428,0.1666666666666666,0.0447581059076704,0.1887795820541302,0.0,0.0,0.0,0.9285714285714286,0.8571428571428571,0.6785714285714286,0.6785714285714286,0.9642857142857144,9.947598300641405e-14,9.724619946623918,0.6428805838071086,-0.1073373831172409,0.0,6.8713388308191385,1.944541604550271,0.1583101290600087,0.0066666666666666,-8.548515829513343,1.327781413887728,1.8712889986873291,0.0,-9.74521730529507,1.32814747047341,2.011262927864154,0.0,-9.71441265019654,0.5246411168074464,2.087040198529944,0.03,-8.242339176910708,0.6836167643902297,1.849987870073813,0.0,3.5930590374360234,3.76911342571529,0.5514994624754578,0.0,6.130178774633058,1.6036312885882404,0.2077261630592567,0.0033333333333333,6.217979669569715,1.9827056530609244,0.1848439606995806,0.0,3.5045637552741384,1.590633871505377,0.3242478231892193,0.2866666666666667,2.2757511599967297,1.4661218166726753,0.5925930731295908,0.3,3.090231917534872,2.800544190660328,0.5215343739579559,0.1066666666666666,1.94207726470782,1.331666075575482,0.7179521469860269,0.13,3.020164293631901,1.1411439160146326,0.6212848398036586,0.01,4.505550294353381,1.1394459886384658,0.2690107965760287,0.1666666666666666,5.476185249704355,2.3188519661659104,0.2464346413826754,0.0233333333333333,2.978057015726087,17,"[1.0, 0.7824230750453023, 0.479107074527483]","[0.0, 3.317493318213823, 9.079028917611817]",0.304755054965016,0.3953770523791057,0.8468174545428003,0.3328386859804335,9.94023102928596,205.71106417454885,0.2880977904121988,0.0748264425542218,11.101968749443948,0.3856715320482155,0.0181737217780968,0.2766330606143746,4.0,"{""overproduction"": 1.5841116288484798, ""waiting"": 0.45255804347522105, ""defects"": 2.5412546127690923, ""inventory"": 0.42897380446750333, ""transport"": 0.575757232241564, ""motion"": 0.1756030208685375, ""over_processing"": 0.23727829340518378}"
73.95920721625622,1.0438509780033498,3.3412908316560586,0.0555555555555555,0.0588235294117647,0.0,1.1475171980986865,3.4195284491595053,0.0555555555555555,0.0588235294117647,0.0,1.579666725769663,4.878288321848117,0.1111111111111111,0.1176470588235294,0.0769230769230769,1.67348295390214,4.923198685539499,0.1111111111111111,0.1176470588235294,0.0769230769230769,0.7447877782772397,2.4805003092035465,0.0,0.0,0.0,0.6379865683767735,2.406740626799396,0.0,0.0,0.0,1.391597513380964,4.381476271118032,0.0555555555555555,0.0588235294117647,0.0,1.431275402214386,4.403754984625309,0.0555555555555555,0.0588235294117647,0.0,0.177235125815293,0.5650240133770755,0.0,0.0,0.0,0.75,0.7142857142857143,0.5,0.5,0.9285714285714286,7.105427357601003e-14,11.876425493669744,0.3045408563029239,-0.1045360962730569,0.0,9.336604531404353,0.3865763857280232,-0.0290553290622674,0.0,3.568220750752789,0.5254841011591895,0.7333755053576102,0.0,2.736458733074606,0.4354269971559849,0.8030853355434548,0.0,-1.1664923755559735,1.223122933312309,1.138848354429526,0.0266666666666666,2.8260090108596474,0.678641053433927,0.7797412156255769,0.0,7.771694199182712,0.631618301191502,-0.0961467672588813,0.0,8.916520961179257,0.4307073170188549,-0.0411912869122467,0.0133333333333333,7.908236085857962,1.1726679723598603,-0.145361131862443,0.0433333333333333,7.179861380398128,0.6939900644279665,0.3350429568838622,0.02,6.584392051973977,0.69431589499009,0.3559307486521936,0.06,3.323146763464503,2.7615660094335506,0.4995477946423431,0.0833333333333333,5.346351767397553,0.6964122908095368,0.2957191792652818,0.06,6.84379191126135,0.983320810178,0.0439723506415509,0.0266666666666666,5.377856248183223,0.4024886739021893,0.2838673555544194,0.3166666666666666,7.385043012677717,1.0944056809833809,-0.1149756032675807,0.1,1.6966100467562957,18,"[1.0, 0.45246226773411535, 0.24138673163720192]","[0.0, 4.974716010162934, 9.19885022505288]",0.3487270893218912,0.2320455161199844,8.277342017836462,0.3355167880262367,13.972492001672316,572.4128025851483,0.240854468072524,0.0745874242219639,1.2544147718602343,0.6728329634312951,0.0077499938212018,0.0864171854636921,4.0,"{""overproduction"": 1.425207218834752, ""waiting"": 0.6346470537824836, ""defects"": 3.615194571834836, ""inventory"": 0.5202611209641916, ""transport"": 0.6285703307548128, ""motion"": 0.4994133222067149, ""over_processing"": 0.49338039837364994}"
91.52558435818268,1.5922802421641835,4.623237863121891,0.0,0.0,0.0,1.6557804975654264,4.730646026911508,0.1,0.0666666666666666,0.0909090909090909,2.272456428804725,7.364578836287885,0.2,0.2,0.2727272727272727,2.317906341108336,7.340399356839512,0.25,0.2,0.2727272727272727,0.7120913108090713,2.3343680455458893,0.0,0.0,0.0,0.7923921890153098,2.4007741237330418,0.0,0.0,0.0,1.750360125163964,6.307442465473875,0.05,0.0666666666666666,0.0909090909090909,1.8094350593981745,6.324595665338359,0.2,0.2,0.1818181818181818,0.0152844757025468,0.4705050907342736,0.0,0.0,0.0,0.7142857142857143,0.6785714285714286,0.4642857142857143,0.4285714285714285,0.8928571428571429,2.415845301584341e-13,33.99651849910956,0.2422161995124268,-0.1083187064554586,0.0,33.611161793739164,0.3309863947680073,-0.0749116231055914,0.0,33.57044237130503,0.3930074873754701,-0.0674453456220525,0.0,33.28938810321654,0.3930074873754701,-0.0604832784558697,0.0,29.41659576267266,0.3624495372800586,0.0009600690995564,0.0,25.823875510756817,0.2817276290397092,0.0757497811350353,0.0,33.57044237130503,0.3930074873754701,-0.0674453456220525,0.0,33.36694623308941,0.3930074873754701,-0.0707644067037891,0.0,32.368454521510074,0.4045421772507361,-0.0773420357641695,0.0,32.93411959738417,0.472556415692661,-0.0806132551284064,0.0,32.04990161458686,0.453302588945224,-0.1303747082853386,0.0066666666666666,17.24802136167062,3.5462930785797275,-0.2814461872121779,0.1433333333333333,29.588009321244165,0.3762696120614771,-0.0455371890379221,0.01,31.2439368694402,0.3615664785055632,-0.0754191474386117,0.0,31.42410124955153,0.4607929301706288,-0.092482622850732,0.0033333333333333,30.68390330882714,0.4576844968459793,-0.0622563196475997,0.0033333333333333,0.9039466337298164,19,"[1.0, 0.6483756576750703, 0.26571204066593446]","[0.0, 1.5366825732720981, 2.9186533142369124]",0.2634095898169773,0.6089078108765937,15.035104478221712,0.8779485539089462,1.344310956569324,134.88827477432568,0.2646212228879259,0.3308994849976768,1.9287430780078263,0.6581474411806292,0.0162406695158932,0.1056380380639929,4.0,"{""overproduction"": 0.628385231376169, ""waiting"": 0.9771813807853249, ""defects"": 3.539670111294382, ""inventory"": 0.515484063856555, ""transport"": 0.745210853340511, ""motion"": 0.179926714877619, ""over_processing"": 0.3722340958687377}"
53.24338743261245,0.5460807440341625,1.299239274009043,0.0,0.0,0.0,0.6730570663170685,1.393357044464817,0.0,0.0,0.0,0.8002296236425911,2.0031377392097705,0.2142857142857142,0.2142857142857142,0.25,0.8773835808887799,2.0585407676987946,0.2142857142857142,0.2142857142857142,0.25,0.1993528480094749,0.6053583661544496,0.0,0.0,0.0,0.1475694908981161,0.6750204532039286,0.0,0.0,0.0,0.5160945806811654,1.583281209697582,0.0714285714285714,0.0714285714285714,0.0833333333333333,0.5504810648975954,1.6133256558495557,0.0714285714285714,0.0714285714285714,0.0833333333333333,-0.0159444046975116,0.14216304274276,0.0,0.0,0.0,0.7142857142857143,0.6785714285714286,0.6071428571428571,0.5,1.0,1.3500311979441906e-13,21.10694210635057,0.7854680842407658,-0.0682379478020885,0.0,18.737056254649826,1.2222598659109851,-0.068649461453852,0.0,10.135907143004864,5.651865013135988,0.5469654100871826,0.0,1.96855113708816,5.758732532991401,0.9120136220142244,0.0,10.012332997763572,5.645462970193696,0.5524886811100285,0.0,4.656304663294495,5.582033394769836,0.7918817680664548,0.0,16.148488191806045,1.7431335775326413,-0.0728813349567809,0.0,18.25259489363827,1.5299242485611149,-0.0036062763551301,0.0,16.38910074946513,2.2766469261056765,0.1257809781863836,0.0,15.029608088410733,1.5491426433302362,0.0128764885187568,0.04,14.097693071136144,1.5524061957433473,-0.0016164122295145,0.0833333333333333,14.557675659725868,3.5184339533381377,0.2974387797570658,0.0033333333333333,12.90956404682521,4.207895301115709,0.3699667271892658,0.0033333333333333,14.890503862769894,1.7285060287169869,0.1518760965106917,0.0033333333333333,16.687974599343768,1.2956430446878158,-0.0763165321787033,0.0433333333333333,15.05279632078187,2.6479836507942665,0.207193348021041,0.0333333333333333,2.8575170622494395,20,"[1.0, 0.6171651664502937, 0.40114739512493536]","[0.0, 0.027001255179618138, 0.064502861257279]",0.4845941413790451,0.6710113104026503,4.874048130518258,0.8256428692960311,4.876321842508255,537.4251875443674,0.3310490492873643,0.8848800971002195,3.882436165137053,0.6359463097060419,0.0092271031488758,0.1498607505000868,4.0,"{""overproduction"": 0.8499628307522293, ""waiting"": 0.25874998471260274, ""defects"": 2.8245804287204637, ""inventory"": 0.6713419448028611, ""transport"": 0.8558372360627887, ""motion"": 0.13337779060226895, ""over_processing"": 0.2161565624425465}"
83.214239678303,0.792822549107367,2.83768986368417,0.0476190476190476,0.05,0.0588235294117647,0.8496565679182911,2.9113058376861503,0.0476190476190476,0.05,0.0588235294117647,1.162060048926206,4.078349557083616,0.1428571428571428,0.15,0.1764705882352941,1.2195141155141485,4.126414429059763,0.1428571428571428,0.15,0.1764705882352941,0.3194562802351746,1.704808721593222,0.0,0.0,0.0,0.3113479130030524,1.6320088199578764,0.0,0.0,0.0,1.0461430190703087,3.6516124125497016,0.1904761904761904,0.2,0.1764705882352941,1.0781229929364302,3.6840106005292608,0.1904761904761904,0.2,0.1764705882352941,0.0560842996157824,0.3148195301138899,0.0,0.0,0.0,0.7142857142857143,0.75,0.5357142857142857,0.4642857142857143,0.8928571428571429,1.2789769243681806e-13,31.283512006062505,0.3587869105865542,-1.7107846393456885,0.0,28.467367751095583,0.9924964501024096,-1.5507049964682909,0.0,23.031297457575,0.9166443351262216,-0.6729992297667866,0.0,24.17587477046312,1.0935936418177878,-0.836400759218999,0.0,23.90229618658854,0.6949156473212316,-0.8251760261644281,0.0,21.809517632246827,0.6654236830218924,-0.6653535873727012,0.0,23.34567294349858,5.012166652074632,-1.1856548276952603,0.0,27.738977935442005,1.922182856961349,-1.5376721340279973,0.0,27.28040670944017,2.0253205811646504,-1.5545073139707877,0.0,23.55552075725297,4.836422311251234,-1.2161868262290962,0.0,23.612597101265624,4.809857706477339,-1.2765161577587003,0.0,23.34567294349858,5.012166652074632,-2.014444722269685,0.0666666666666666,27.67017644097784,1.51218285424535,-1.662214937130897,0.0133333333333333,26.88614554167491,1.5748415592509748,-1.5979363645017717,0.0033333333333333,17.28868902970827,0.7132914627495283,-1.284719252133515,0.2966666666666667,25.992271136519097,2.925674751408432,-1.4445463570391153,0.0066666666666666,2.5219587640538843,21,"[1.0, 0.5030059690596324, 0.30107032670172906]","[0.0, 4.200286343145388, 7.966237948999301]",0.8383136900832325,0.8250134678055777,19.83209163348625,0.6497159672367875,5.24946281640073,69.82842953447336,0.0655271171902988,0.8712075744884107,3.997509388985735,0.6576122679359144,0.0102852088020398,0.0643142647754646,4.0,"{""overproduction"": 1.3710916224556744, ""waiting"": 0.47852489332691667, ""defects"": 5.0466939880562744, ""inventory"": 0.30843195895306996, ""transport"": 0.5424546603073742, ""motion"": 0.35740152602226277, ""over_processing"": 0.2594071628358998}"
117.15645273301004,1.2316572140458903,2.894590040041197,0.1363636363636363,0.1052631578947368,0.1176470588235294,1.493713855561258,3.3557552192140507,0.1363636363636363,0.1052631578947368,0.1176470588235294,1.788030248340603,4.606769161260878,0.1363636363636363,0.1578947368421052,0.1764705882352941,2.1658742238880886,5.039392517351756,0.1363636363636363,0.1578947368421052,0.1764705882352941,0.222080299804854,1.1761838489857943,0.0909090909090909,0.0526315789473684,0.0588235294117647,0.2899204849777072,1.3749424355307902,0.0909090909090909,0.0526315789473684,0.0588235294117647,0.8708388003986552,3.05761790271507,0.0909090909090909,0.1052631578947368,0.1176470588235294,1.0763413834843492,3.2221964637724234,0.0909090909090909,0.1052631578947368,0.1176470588235294,-0.0154702885681212,0.5682125193696271,0.0,0.0,0.0,0.8928571428571429,0.7857142857142857,0.6428571428571429,0.5714285714285714,0.9642857142857144,1.1368683772161605e-13,32.60401784533866,0.9273639920501876,-0.5001758044250237,0.0,30.86955422305237,1.7105732097187876,-0.4737894339106199,0.0,29.350712485393935,1.5761165311165233,-0.3591666141598714,0.0,18.049678443138003,3.3615075875786564,0.1533408109372234,0.0,20.70386850768196,2.255511518081818,0.0326812347190979,0.0,15.658168738005545,3.2513655571443683,0.2444004832143083,0.0,29.382631996808684,4.1109964619984725,-0.4803124795757039,0.0,30.96081313249924,2.4416093157896017,-0.5045855685405471,0.0,30.459690328309364,1.5192484933704082,-0.4717184338384729,0.0,30.77780425659221,2.348645146691446,-0.4875015649042092,0.0,28.756695320718705,2.4591360300177203,-0.4778060437730027,0.0033333333333333,29.441425684209584,3.906883728351683,-0.4932680855445226,0.0,28.35405257613874,2.939303724838489,-0.4810050422435756,0.0233333333333333,29.22549455423904,2.3289544434270444,-0.4839242753644883,0.0,19.769862932657272,0.4119468881180364,-0.1598249572748619,0.09,29.890844602943293,1.5150350002148585,-0.490005617929832,0.0,4.171564879857305,22,"[1.0, 0.8495091800700851, 0.27908603317391256]","[0.0, 4.865264009044111, 8.158719865719167]",0.5948693201961557,0.5914193066587919,13.667660398124312,0.3691615207426937,10.742032864733655,592.8478627427911,0.3706305531458603,0.586668750518576,5.287669305426822,0.5702041214281555,0.0192246394609591,0.2945339648633474,4.0,"{""overproduction"": 1.4852116329151346, ""waiting"": 0.6918420543999853, ""defects"": 3.3508083146639738, ""inventory"": 1.2415872514398947, ""transport"": 0.9648270151443028, ""motion"": 0.3034311150713874, ""over_processing"": 0.43338032645626506}"
72.30714096012302,0.7279891564452289,2.058768910711524,0.1363636363636363,0.15,0.1666666666666666,0.7593767877052878,2.1891202431792824,0.1363636363636363,0.15,0.1666666666666666,0.9429962488496092,2.701267433453392,0.1363636363636363,0.15,0.1666666666666666,0.9468561275149546,2.835978184263069,0.1363636363636363,0.15,0.1666666666666666,0.2545416033046415,0.7094130025899903,0.0,0.0,0.0,0.2610175205624575,0.7496605805808139,0.0,0.0,0.0,0.6383132496356071,1.9361800553766224,0.0909090909090909,0.1,0.1111111111111111,0.7063974255772492,2.158045821339161,0.0909090909090909,0.1,0.1111111111111111,-0.0468509835863996,0.2276617849552136,0.0454545454545454,0.05,0.0,0.8214285714285714,0.7142857142857143,0.4642857142857143,0.4642857142857143,0.9285714285714286,1.1368683772161605e-13,25.83300928188808,0.9303958381199656,-1.1107366160633083,0.0,21.293366018762253,3.755226488238697,-1.0116584499567698,0.0166666666666666,8.330533327106666,5.029229406760336,0.2613388564066303,0.0,1.8335463760495865,2.849137300254984,0.8333093472713549,0.0266666666666666,8.375914473710244,6.0475823551280605,0.1415923756285107,0.0233333333333333,4.907130017048476,4.877395742874816,0.5468446574877609,0.0366666666666666,12.622106338852522,3.304186555581163,-0.8489522007046352,0.0,19.72725670346194,3.3880830377377578,-0.9549478998306352,0.0,17.416986240491358,4.295128672481303,-0.7227030607219113,0.01,19.61551818667485,3.186363338658767,-0.9485857470203934,0.0033333333333333,18.38761988160416,3.285481043227281,-0.8663173512407812,0.0233333333333333,13.853336648701198,9.684803967900924,-0.3887280901123411,0.0133333333333333,14.715735191742253,8.960355210256497,-0.4458027268615352,0.01,20.321404382730144,3.820185842068668,-0.9553494060153158,0.0033333333333333,11.198584473253003,2.006878539384541,-0.6475451300685846,0.25,14.199673637686464,5.316475027961543,-0.4131650105180569,0.0133333333333333,3.714329514782933,23,"[1.0, 0.6660483248774248, 0.19640329153915348]","[0.0, 5.201317923621644, 10.868816975409308]",0.6939445639283233,0.8472292340199105,19.243229833173952,0.3550292128829232,11.432086291843756,351.95268407699723,0.0755122587230196,0.3471792790332324,7.637911249130906,0.6435383119079214,0.0183466401576358,0.0755255408140767,4.0,"{""overproduction"": 1.6351807531981148, ""waiting"": 0.26372395636564977, ""defects"": 3.8427644772879015, ""inventory"": 0.2732982612446833, ""transport"": 0.8765927909158201, ""motion"": 0.2593872197576457, ""over_processing"": 0.3526759919900767}"
65.7226041215715,0.4984529572266526,1.6876464331159904,0.0952380952380952,0.0588235294117647,0.0588235294117647,0.5913156389013956,1.7474745411828525,0.0476190476190476,0.0,0.0,0.7637030522249422,2.9700909231949644,0.238095238095238,0.1764705882352941,0.1764705882352941,0.8371673056519412,2.989250569999248,0.238095238095238,0.1764705882352941,0.1764705882352941,0.1452635153430258,0.3038735975494139,0.0,0.0,0.0,0.1195390262887217,0.375587037786065,0.0,0.0,0.0,0.7573581605717621,2.6264341864269207,0.0952380952380952,0.0588235294117647,0.0588235294117647,0.7826479879434999,2.628533786829841,0.0952380952380952,0.0588235294117647,0.0588235294117647,0.031733285412269,0.1975227370553137,0.0,0.0,0.0,0.8928571428571429,0.8214285714285714,0.6071428571428571,0.5357142857142857,1.0,1.1368683772161605e-13,18.86855612162579,1.0353998933366635,-0.4910698220406531,0.0,15.37633452973003,2.62114875749763,-0.3250737508855216,0.0,9.200211755139351,1.706784037836136,0.2942982196447458,0.0,7.820311636660586,1.1444875925911493,0.3707743655782332,0.0,-3.274743174147013,2.7441830895038786,1.4163252469426637,0.1666666666666666,5.113419571861813,1.4658006850933618,0.4730091686733517,0.0166666666666666,14.13984949914609,1.4219473848219504,-0.9129339963441018,0.0,14.69531688401186,2.1711417665615143,-0.243951043971666,0.0,13.772188700012858,2.9667587637599,-0.1896028473642722,0.0,14.086008480263851,2.0921595263895565,-0.5542940612182348,0.0466666666666666,11.991164103316205,2.0625432007428897,-0.5154490670780211,0.15,12.684727285916567,4.479722351870665,0.013180677877686,0.02,11.190431295528176,2.904474741645873,-0.0930056151013703,0.0966666666666666,15.06872673883584,2.657482529740575,-0.3528349071452252,0.0033333333333333,11.26256113510433,1.7016356158118933,-0.2691519701193865,0.0833333333333333,13.714823735663764,3.613245893256913,-0.0479569942616194,0.0066666666666666,3.540571371675392,24,"[1.0, 0.6560619363072511, 0.5130510098670714]","[0.0, 1.9770766445722163, 5.336284107519071]",0.8986295642760724,0.419580930338459,12.108766454713743,0.8859518909003972,10.119680942278055,436.7018208218434,0.3735553314199588,0.7162948143876834,14.321585634226729,0.5533212019859544,0.0142238086679222,0.1210566066328994,4.0,"{""overproduction"": 0.7152974898195007, ""waiting"": 0.40189677559906706, ""defects"": 2.3064207989346803, ""inventory"": 0.4798452494175612, ""transport"": 0.6378330054835603, ""motion"": 0.20075170440794785, ""over_processing"": 0.35602997310363377}"
64.82379342439059,0.5676506211669307,1.362772694786906,0.0476190476190476,0.0588235294117647,0.0714285714285714,0.6948515495367384,1.5809554096081244,0.0476190476190476,0.0588235294117647,0.0714285714285714,0.8184174719964378,2.335299632216711,0.0952380952380952,0.0588235294117647,0.0714285714285714,1.0140002393947438,2.586595839460593,0.0952380952380952,0.0588235294117647,0.0714285714285714,-0.0563208697554561,0.4290295742816567,0.0,0.0,0.0,0.0276742527615523,0.3773487624981493,0.0,0.0,0.0,0.5257112448425593,1.6661137558643395,0.0,0.0,0.0,0.6785605964740288,1.8440347426370656,0.0476190476190476,0.0588235294117647,0.0714285714285714,-0.0851803301182255,0.2476530070596076,0.0,0.0,0.0,1.0,0.8928571428571429,0.75,0.5357142857142857,1.0,1.1368683772161605e-13,16.1826722237224,0.3677132885476851,-0.1445348617707349,0.0,12.693755046310471,1.153023592177633,-0.019759439080497,0.0,3.411044446909464,0.1330084949547997,0.7920589205635812,0.0,1.9322870700036847,0.0589113591967024,0.8816473675951491,0.0,-2.739981167222549,1.4846636509653723,1.2120221532323443,0.0233333333333333,2.0583163203914303,0.2828445316679885,0.8705951078605944,0.0,8.464883971226401,0.8845444365092798,-0.3449816422738681,0.0,12.635502768664043,0.8516827645470308,0.0440289206691562,0.0,9.266870654815971,1.508856033415157,0.2809714322925404,0.0,10.931832539314287,0.7634279983611145,-0.0301664824936696,0.0266666666666666,10.169059551377034,0.6477794099879681,0.0333196415491952,0.0433333333333333,11.59869811485208,2.1968950108793965,-0.2582718529601325,0.03,3.818032507193781,1.5568466095712523,0.523010296263196,0.1066666666666666,10.302186406049923,1.4017064692801235,0.059578332356071,0.0,6.135099922564529,0.0739897998771865,0.4849243424682998,0.0466666666666666,10.17246744294581,1.615732652108246,0.175826033012158,0.0033333333333333,2.322488187717697,25,"[1.0, 0.6971297383420711, 0.3322742942419977]","[0.0, 2.9914505558935436, 8.83448832214889]",1.034982800830135,0.2589351675039948,9.36010653071196,0.5696220133105849,8.892438840990701,637.3371159091613,0.0837716717354994,0.1623851961891701,2.1800493663657416,0.609893219473165,0.0113543797934294,0.2817416768211537,4.0,"{""overproduction"": 0.7678477433062502, ""waiting"": 0.4532518090903655, ""defects"": 2.957710837866899, ""inventory"": 0.4153889255008359, ""transport"": 0.7178220299252202, ""motion"": 0.397829416395904, ""over_processing"": 0.33749021158336573}"
100.08141072341176,0.1902044179463482,1.4455058632343594,0.2272727272727272,0.1578947368421052,0.125,0.3721348892760439,1.510454732821105,0.2272727272727272,0.1578947368421052,0.125,0.4272482174182871,2.178743412560112,0.3636363636363636,0.2631578947368421,0.1875,0.6559349629998336,2.3763264439801963,0.3181818181818182,0.2105263157894736,0.1875,0.0234985921540831,0.4818438539285518,0.0,0.0,0.0,0.1316904311761254,0.6476818976844712,0.0,0.0,0.0,0.5414985110072374,1.818626304169173,0.0454545454545454,0.0526315789473684,0.0625,0.736448101562979,2.033007713141639,0.1363636363636363,0.1052631578947368,0.125,-0.0186247578803493,0.1564482205470324,0.0,0.0,0.0,0.8928571428571429,0.7857142857142857,0.6428571428571429,0.5714285714285714,1.0,1.7053025658242404e-13,26.533887749596687,1.5882925656756606,-1.220752722002425,0.0,26.22046921311875,2.164379498912421,-1.380618177840281,0.0,6.185638597552355,0.4515084105158913,0.7591394730964659,0.0,6.185638597552355,0.4515084105158913,0.7591394730964659,0.0,5.820611178607956,0.4515084105158913,0.7700553272865012,0.0,6.185638597552355,0.4515084105158913,0.7591394730964659,0.0,25.24566182928751,3.333950472107732,-1.5575036674095275,0.0,25.402617951903604,3.1415379224090763,-1.5164135624870945,0.0,25.24566182928751,3.333950472107732,-1.582019968807274,0.0033333333333333,24.735405350582734,3.390000919338988,-1.552566709191422,0.0033333333333333,23.8326752650278,3.3891610139321533,-1.5918079049179532,0.0066666666666666,25.24566182928751,3.333950472107732,-1.5862110787871118,0.0033333333333333,23.525912611536945,3.333950472107732,-1.4198895778771596,0.0,25.228020810229072,3.333950472107732,-1.478533765430532,0.0,14.071998241117235,1.2349634468153845,-0.2006359280146399,0.2166666666666666,24.78371468794266,2.927699028645159,-1.457807291909231,0.0033333333333333,3.9442222644598286,26,"[1.0, 0.8126146210758785, 0.2842414079660074]","[0.0, 4.401735546320989, 8.97683592878476]",1.088557018947772,0.0932556167095393,20.143009917866213,0.710093842868554,12.909141206649553,395.7580932832505,0.1815090628473441,0.7963263969226773,4.2627671221761005,0.3221672815003383,0.0164995110530842,0.2530934686001245,4.0,"{""overproduction"": 1.5956815824855413, ""waiting"": 0.686252245019508, ""defects"": 2.5728849489755907, ""inventory"": 0.6510289518702438, ""transport"": 1.1033604918856366, ""motion"": 0.28728762674668645, ""over_processing"": 0.4505584601854625}"
85.86663192083576,0.4679050680303724,1.648554198270842,0.0,0.0,0.0,0.4863295975027704,1.624040251534978,0.0476190476190476,0.0555555555555555,0.0,0.7087344360194949,2.718585981337722,0.0476190476190476,0.0555555555555555,0.0,0.7882275943216348,2.786040081528917,0.0476190476190476,0.0555555555555555,0.0,0.0981556645013614,0.6208543934302024,0.0,0.0,0.0,0.0425018594836985,0.738891391260078,0.0,0.0,0.0,0.6713805114948342,2.450880592551119,0.0,0.0,0.0,0.6583710799537156,2.4556079760891274,0.0,0.0,0.0,-0.0439158419386579,0.1215879626794384,0.0,0.0,0.0,0.7857142857142857,0.7857142857142857,0.7142857142857143,0.6071428571428571,1.0,5.684341886080803e-14,36.28413640672928,0.3895738838293679,-0.9858959262592564,0.0,35.05099645317868,0.6732277616843123,-1.0139432195436373,0.0,24.5638061483989,0.0286109139395832,0.0410293841205221,0.0,24.5638061483989,0.0286109139395832,0.0410293841205221,0.0,25.067452762058696,0.189952526583645,-0.0078429800419389,0.0,24.60435461461692,0.0286109139395832,0.0388703584639035,0.0,33.368851517401275,1.6507216405079024,-1.083948215883788,0.0,34.20421326604106,0.9267545239448396,-1.0941102557132407,0.0,34.107967825654654,0.7435262753253579,-1.067040411022624,0.0,34.10314406366253,0.741919133187537,-1.1174700859115168,0.0,33.83922934533076,0.8534100921226127,-1.1274997803148032,0.0,33.77111950518814,1.44382786544714,-1.303019670399132,0.0,33.16384296139845,0.5810319385441204,-0.9755962479410576,0.0,34.01271560360467,0.6946091960436297,-1.0892125928545002,0.0,26.45833011420321,0.4624881447380725,-0.7816612460998349,0.1066666666666666,33.38592342739543,1.2039254409387503,-1.0611658836614668,0.0,3.059076559612689,27,"[1.0, 0.5908417056118977, 0.24320163338259304]","[0.0, 4.933688591073344, 8.757875928818013]",0.7299499277247097,0.9700481051284774,23.065347413136163,0.7264318729998271,10.603407895016606,115.73492076449274,0.1364197764032253,0.8101457296942176,6.006845186962938,0.3912226780602734,0.006883726003266,0.1057616207233081,4.0,"{""overproduction"": 1.5005081707436116, ""waiting"": 0.641120547815602, ""defects"": 2.815206700382122, ""inventory"": 0.4705809174511466, ""transport"": 0.8298687800604322, ""motion"": 0.1847308790015139, ""over_processing"": 0.28735219027852366}"
66.96754991797872,0.3524036328601951,0.9829856375271022,0.0,0.0,0.0,0.3499084297799325,0.9776059052476972,0.0,0.0,0.0,0.6355897164626144,1.775571956926119,0.0,0.0,0.0,0.6963613816121331,1.8363038183735192,0.0476190476190476,0.0555555555555555,0.0625,0.0139401658361073,0.258272983819812,0.0,0.0,0.0,0.0264895304653797,0.380684450186218,0.0,0.0,0.0,0.3564643613765491,1.261974716702705,0.0,0.0,0.0,0.4364362529921844,1.3372209590247837,0.0,0.0,0.0,0.0308470870987971,0.1585949128865111,0.0,0.0,0.0,0.8571428571428571,0.6785714285714286,0.7142857142857143,0.6428571428571429,1.0,7.105427357601003e-14,30.70850263600584,0.5572837905142802,-1.106235082146843,0.0,30.05991035350964,0.9360656978523496,-1.135166501083053,0.0,14.6357598439109,0.1786938270004615,0.3885977716668525,0.0,14.6357598439109,0.1786938270004615,0.3885977716668525,0.0,15.5744855181008,0.1826651659038536,0.3374615862417154,0.0,14.97653249305558,0.1786938270004615,0.3715852865721471,0.0,27.997986134037188,2.320025221734028,-1.0959954637076126,0.0,28.962257903366694,1.7015476799313467,-1.1281807476015102,0.0,29.133894926468653,1.025714141411859,-1.0409757175848031,0.0,28.35221418578654,2.108456041698834,-1.116888839635328,0.0,28.386462565594936,2.090787160759035,-1.2110808990096733,0.0,28.198647477593536,2.207567036877252,-1.2623506644206397,0.0,29.25343927959881,1.4917970055931948,-1.2542385541919825,0.0,28.785460953252805,1.8140090827237456,-1.0861363910960844,0.0,19.839526472117385,0.786661373468332,-0.6336455142188829,0.17,28.82684267111568,1.4320007895568116,-1.097233957273432,0.0,3.48464163936233,28,"[1.0, 0.6510242427216597, 0.33237581649048437]","[0.0, 5.01747474084372, 13.621643002330426]",1.1047528526548984,0.9175002153456928,23.938643350376307,0.8346763617111799,7.886019493535043,443.14883194052544,0.2131985962067319,0.3017469668019382,14.859594021146926,0.3099884218388829,0.0095213895832971,0.2821613466778205,4.0,"{""overproduction"": 0.8632129009707373, ""waiting"": 0.4685977708065445, ""defects"": 2.5081990408012858, ""inventory"": 0.24627442722750695, ""transport"": 0.843763455356852, ""motion"": 0.28527493570449874, ""over_processing"": 0.20968387368411323}"
63.10989270371123,0.3309089941919989,1.0794124317622769,0.1111111111111111,0.0588235294117647,0.0666666666666666,0.4409224498201464,1.390792817115808,0.1111111111111111,0.0588235294117647,0.0666666666666666,0.4513925631568763,1.4652732553189909,0.1111111111111111,0.0588235294117647,0.0666666666666666,0.5483697866804048,1.7451514548786928,0.1111111111111111,0.0588235294117647,0.0666666666666666,0.0931191044896682,0.4266376489945812,0.0,0.0,0.0,0.1182425397558773,0.5322746106100918,0.0,0.0,0.0,0.411420623725506,1.190512319257931,0.0555555555555555,0.0588235294117647,0.0,0.5733385892606887,1.4980760240128626,0.1666666666666666,0.1176470588235294,0.0666666666666666,-0.007335831576596,0.169092893493903,0.0,0.0,0.0,0.8928571428571429,0.8214285714285714,0.6785714285714286,0.6785714285714286,1.0,9.947598300641405e-14,22.81141057422014,0.4887570086314745,-0.0585210094021369,0.0,22.5250512759308,0.4884698736108377,-0.0024454903181206,0.0,22.272362589858115,0.5985452581590652,0.0104358391606517,0.0,21.806648863099376,0.5789911034511244,0.0271615142634691,0.0,21.967034972412712,0.5789911034511244,0.0221035905949835,0.0,21.967034972412712,0.5789911034511244,0.0221035905949835,0.0,22.52530432175953,0.4884698736108377,-0.0002407269041853,0.0,20.467898546142155,0.7572699153597648,-0.0728949338804096,0.0,22.29931312701094,0.5147236965540813,-0.0209711386591011,0.0,22.15419399051691,0.5548160611552769,-0.0475772180270472,0.0,21.932813517351622,0.7080503550551324,-0.0314532477944938,0.0,16.787666464869723,1.7088550447290844,-0.2485019816786494,0.0433333333333333,17.404818118939517,0.8872999694299775,-0.2722250606583513,0.02,20.05972918644804,0.6519886034901977,-0.0500770426807003,0.01,9.104167358003618,0.8725140517635817,0.1339711222368912,0.2066666666666666,21.93563166937101,0.6047326340699875,-0.0277147982803253,0.0,2.048715845665982,29,"[1.0, 0.5999134598914393, 0.17851369446877208]","[0.0, 0.4804199411562245, 1.2675633444113714]",0.5932236458540533,0.7741195095586619,14.721976736605628,0.6245775116855219,11.94895717469934,551.2008115524349,0.1759375668149205,0.607166702087762,13.819101540395083,0.3319241554537732,0.0145246918789421,0.244128145429425,4.0,"{""overproduction"": 1.7773209116819284, ""waiting"": 0.4732761693326237, ""defects"": 2.7527585718044567, ""inventory"": 0.22151362860933768, ""transport"": 1.0701290790375084, ""motion"": 0.3077487183506082, ""over_processing"": 0.3182520407166107}"
73.16386414136811,1.0532547035066344,2.2564956263472005,0.2,0.1764705882352941,0.1538461538461538,1.2566200133975447,2.664783179574885,0.2,0.1764705882352941,0.1538461538461538,1.273512661927565,2.9949077483746427,0.25,0.2352941176470588,0.2307692307692307,1.525686682978519,3.5003760508260804,0.25,0.2352941176470588,0.2307692307692307,0.1180230347339489,0.6688458356427757,0.0,0.0,0.0,0.1828060488842687,0.869643663510926,0.05,0.0588235294117647,0.0,0.6770497482110921,2.014971946766511,0.25,0.2352941176470588,0.1538461538461538,0.8224131301533261,2.478533905694709,0.25,0.2352941176470588,0.1538461538461538,-0.0075710238839683,0.2724078601838469,0.05,0.0,0.0,0.6785714285714286,0.75,0.6428571428571429,0.75,1.0,1.1368683772161605e-13,20.27297259836177,0.3442358292037043,-0.6454963520375737,0.0,16.665849142142978,1.5815232109777588,-0.4752041162108393,0.0033333333333333,11.880539495496487,2.1921291613621,0.008661253978212,0.0,7.539861534903581,1.4795555588868168,0.372257265798265,0.0766666666666666,10.360189930851872,1.354394132887105,-0.1917836476474184,0.2266666666666666,12.0158733983432,3.2504174956082394,-1.004499817176958,0.0833333333333333,11.977495385171872,1.4850447282709565,-0.8096851313442356,0.0,15.725947129347182,2.1827898682933387,-0.4955601474159607,0.0033333333333333,15.087224384253773,2.7681110437883967,-0.5077377987706038,0.0266666666666666,15.625042650164351,1.557213750303888,-0.4131769446842168,0.0066666666666666,14.739968510811805,1.3915967449260107,-0.3917177086014562,0.0066666666666666,14.962981360729996,3.169053737522298,-0.6412616561058749,0.0066666666666666,13.174266174559891,1.9689069740357223,-0.7375352122935609,0.0233333333333333,14.620966269144356,3.523848185732074,-0.6940741024611451,0.0,12.965057944632369,0.8599001196503501,-0.3782505885084662,0.0066666666666666,14.972581443570212,2.857292899884017,-0.5514030049959371,0.0233333333333333,2.5201262035111123,30,"[1.0, 0.8298866332428785, 0.42121017160060403]","[0.0, 1.6798160136035174, 4.477604623023756]",0.4793921269182453,0.5778802937632774,12.943913089044097,0.5293167723961544,1.166539924476696,637.4923887958064,0.0062847670261669,0.9197663366514504,0.4767964784781253,0.5021707697867073,0.0169965489942679,0.2158938945055596,4.0,"{""overproduction"": 1.7810068744887435, ""waiting"": 0.37145786743399223, ""defects"": 5.835367807467654, ""inventory"": 0.47754988741483645, ""transport"": 0.8894952894339412, ""motion"": 0.1365358554221897, ""over_processing"": 0.348700695390339}"
103.91928093452366,0.979744622007568,4.824770328519819,0.0909090909090909,0.1052631578947368,0.1538461538461538,1.082185620241683,4.829944816195032,0.1363636363636363,0.1578947368421052,0.2307692307692307,1.2742946748443251,6.914342790837329,0.1818181818181818,0.1578947368421052,0.2307692307692307,1.3449809085718565,6.941133135967207,0.1818181818181818,0.1578947368421052,0.2307692307692307,0.4664937957450686,1.6298611816335655,0.0,0.0,0.0,0.5180626623695833,1.677840970382471,0.0,0.0,0.0,1.304347680114327,5.428186304236808,0.0909090909090909,0.1052631578947368,0.1538461538461538,1.4383496295765996,5.455503682915286,0.1363636363636363,0.1578947368421052,0.2307692307692307,0.1622634891690798,0.4074673983588804,0.0,0.0,0.0,0.8214285714285714,0.7857142857142857,0.5714285714285714,0.6071428571428571,0.8928571428571429,1.4210854715202006e-13,29.569773804215988,1.5295653531538052,-1.195925515444365,0.0,25.786214393390853,3.1265427393910827,-1.0136300343284532,0.0066666666666666,6.675580029278138,1.3249462536896277,0.6118889688262242,0.0,6.095198534804072,1.237474983415539,0.6393758719754756,0.0,16.82817657030829,2.3282111866033754,-0.2596785443931279,0.0,4.187574212617701,1.5337674012277815,0.7428665153730032,0.0,23.984881725358804,5.529400675287138,-1.1757400099080055,0.0033333333333333,25.326392047258317,3.6892883581134464,-1.0929841202256838,0.0033333333333333,22.569423753127097,4.285820702650821,-1.411222191148566,0.0866666666666666,25.22630693091896,3.6455171673440594,-1.5011081683873997,0.02,25.166704205573076,3.6797251026402304,-1.4398233770289526,0.0133333333333333,25.09795548686178,4.455869278456873,-2.224446413225786,0.08,24.4582457019682,3.182430930442394,-1.1858110912490982,0.0366666666666666,25.199454803773342,3.157787751946998,-1.311722774142366,0.03,9.490343585881364,1.822464980544368,-0.0639094744581696,0.4066666666666667,20.71195046113255,4.601625158181895,-1.5029259236824688,0.15,3.63132610243864,31,"[1.0, 0.7720615753672665, 0.6517171018274621]","[0.0, 5.2169943089363215, 10.78983925891814]",0.6323466989924913,0.5228323970774745,15.998822945812751,0.6748072004914165,0.0212160906045011,97.01655051464571,0.1667048339444732,0.2875922450562092,10.117761657883875,0.6962661458547124,0.0097217505852289,0.2526737571088318,4.0,"{""overproduction"": 2.608405289265339, ""waiting"": 0.8625679348518032, ""defects"": 4.179122838001769, ""inventory"": 0.5971203997694222, ""transport"": 0.7038274489060046, ""motion"": 0.22907805788452038, ""over_processing"": 0.26030535799074134}"
70.16521287248223,0.6841774096155339,2.2078555725020954,0.1428571428571428,0.1111111111111111,0.0666666666666666,0.7806770295259133,2.351494358937468,0.1904761904761904,0.1666666666666666,0.0666666666666666,1.0326393995528396,3.56720194219628,0.1428571428571428,0.1111111111111111,0.1333333333333333,1.101484988679323,3.6796198582872166,0.1904761904761904,0.1666666666666666,0.1333333333333333,0.2306541963452695,0.6921527266977618,0.0476190476190476,0.0555555555555555,0.0,0.2760926594507659,0.7903460752204532,0.0476190476190476,0.0555555555555555,0.0,0.6927707847510448,2.7483321962045677,0.0952380952380952,0.0555555555555555,0.0666666666666666,0.7631080128336326,2.8339766077462007,0.0952380952380952,0.0555555555555555,0.0666666666666666,-0.0620998613086642,0.1412914085089035,0.0,0.0,0.0,0.9285714285714286,0.8928571428571429,0.5714285714285714,0.5714285714285714,1.0,2.842170943040401e-13,14.540565356660805,1.464609574755281,-0.7732059186876069,0.0,10.367331896395886,3.361821767918173,-0.4161334531868663,0.0,5.875285561537092,3.199066504562643,0.3092198782900995,0.0,6.562069361400602,4.153421136379623,0.2312918106972107,0.0,6.87727366012698,4.260950792853989,0.1669316478568669,0.0033333333333333,5.960998747819409,4.828898646207452,0.2814811160045311,0.0,6.445763690899905,6.721889265390798,0.1691852007400223,0.0033333333333333,10.010448769707455,3.1717830175803554,-0.5326539081448636,0.0,9.328933811989142,3.4668240341463563,-0.5733810947717776,0.0166666666666666,8.687456200057413,4.534032862340567,-0.2851269124787429,0.1266666666666666,7.991596429829734,5.327696183953737,0.0291127394587463,0.0033333333333333,7.810122537229772,5.852152261379337,0.0114775287564582,0.0333333333333333,8.218469263939912,4.636772608502024,-0.2465170286687988,0.0233333333333333,7.982442620100144,3.370040299815749,-0.3423834473856144,0.0366666666666666,6.77910819594878,2.1365992441543784,-0.7900866913501479,0.3133333333333333,9.119786569055542,3.3510964215695465,-0.3932171829512712,0.12,4.707552979338107,32,"[1.0, 0.658695329009351, 0.5028532527126998]","[0.0, 3.628947023215433, 10.421253328555318]",1.0240342309922754,0.2309896023857639,1.8425025256726344,0.3509292737514367,11.76377611976356,546.2354375162961,0.3522550284919621,0.7543904956801237,13.410427496271378,0.6710407413685481,0.0135202812818216,0.2080647560586292,4.0,"{""overproduction"": 1.7553484347064194, ""waiting"": 0.44692209340732536, ""defects"": 1.3047596726729074, ""inventory"": 0.3180619142704296, ""transport"": 1.0467431633685405, ""motion"": 0.4441206677946273, ""over_processing"": 0.39749571064365513}"
79.63468062466724,0.5918692491740086,1.6149344954464904,0.0909090909090909,0.0555555555555555,0.0625,0.6757335253427514,1.8096754770328085,0.1363636363636363,0.0555555555555555,0.0625,0.7565603451808782,2.2006425923363317,0.1818181818181818,0.1666666666666666,0.1875,0.7952141745851282,2.3277252788067955,0.2272727272727272,0.1666666666666666,0.1875,0.0320488892305275,0.5067488380145504,0.0454545454545454,0.0555555555555555,0.0,0.0962784359133631,0.5381528191659719,0.0,0.0,0.0,0.4276610650805054,1.6815062006229635,0.0909090909090909,0.0555555555555555,0.0625,0.5678322689056304,1.85017449196839,0.1818181818181818,0.1111111111111111,0.125,0.001427060202822,0.1245319402252149,0.0,0.0,0.0,0.5357142857142857,0.5714285714285714,0.3928571428571428,0.5357142857142857,1.0,1.1368683772161605e-13,25.28936319711128,0.8284290161324992,-1.387281763197778,0.0,24.274063736960912,1.787335254896235,-1.2608325403070757,0.0,19.691863091328795,1.671909262786757,-0.6243539628338697,0.0,20.66868640748388,1.746397100626368,-0.7300446379504509,0.0,12.538130425397531,1.476652924546877,-0.0295618769404974,0.0033333333333333,15.71616102759203,1.537220060230022,-0.2808999691414436,0.0033333333333333,23.773852638677905,2.515379689259135,-1.203038042524776,0.0,24.143083480686272,1.8728505160483928,-1.2945009425419602,0.0,22.98194299924372,2.001551003518454,-1.2030266060718346,0.0,23.773852638677905,2.515379689259135,-1.2792757345332155,0.0033333333333333,23.365319331259208,2.49585649350534,-1.356104708638708,0.0033333333333333,23.773852638677905,2.515379689259135,-1.3143565974365763,0.0033333333333333,22.803304927039505,1.801142505156444,-1.401679815623662,0.0033333333333333,23.692678438483014,2.0954891151132475,-1.4486092622011268,0.0233333333333333,12.861501112051974,0.7397267106227565,-0.5648243091603198,0.1,22.88008967136321,1.7732912330528916,-1.1912270430756482,0.0,4.62917632741686,33,"[1.0, 0.7477449790764951, 0.4513754466531197]","[0.0, 2.7856150240365323, 7.29655689296613]",0.676002675234774,0.7385845901125128,14.030343072859704,0.7598351943467319,14.506732774262703,415.62178582019385,0.2831512371949568,0.8492845872814717,8.29752346009868,0.4153399072441218,0.0171089197515503,0.2562078380951462,4.0,"{""overproduction"": 2.0399574938090943, ""waiting"": 0.45992893966756626, ""defects"": 2.9289132344865836, ""inventory"": 0.33188656672300815, ""transport"": 1.3051099412289948, ""motion"": 0.4432762750374429, ""over_processing"": 0.2447795098557139}"
68.50597094512015,0.5500935529791103,1.5282427046153977,0.1904761904761904,0.1764705882352941,0.2142857142857142,0.6756063249210368,1.6193249063489423,0.1904761904761904,0.1764705882352941,0.2142857142857142,0.7976859670675828,2.426306035276366,0.1904761904761904,0.1764705882352941,0.2142857142857142,0.940903451938493,2.548645506555796,0.1904761904761904,0.1764705882352941,0.2142857142857142,0.1104855016893796,0.3611005507367696,0.0,0.0,0.0,0.163271255003573,0.6187878995783658,0.0,0.0,0.0,0.5438799647960461,1.7230081869866554,0.1428571428571428,0.1176470588235294,0.1428571428571428,0.6672163154901761,1.8664558313652853,0.238095238095238,0.1764705882352941,0.2142857142857142,-0.0054081143749873,0.150947426431994,0.0,0.0,0.0,0.9642857142857144,0.7857142857142857,0.6785714285714286,0.5714285714285714,0.9642857142857144,2.700062395888381e-13,20.40199356540866,2.88467515148717,-0.9432923796322684,0.0,16.387279184425182,4.747789181454801,-0.7087261684942117,0.0066666666666666,10.340653182018173,2.615950341283311,0.2642722841496832,0.0,10.153626877954377,2.615950341283311,0.2771381536189745,0.0,5.425404116525703,7.419550406877019,0.4782863226404327,0.0466666666666666,3.0561831745755152,7.86836982990467,0.7068382304707151,0.0833333333333333,9.777935031850836,9.669757353868924,-0.5759314576606115,0.0366666666666666,14.687199851842498,4.019941903556914,-0.3720825380787879,0.0066666666666666,12.925998689136067,5.37996426251209,-0.588635087756811,0.0433333333333333,13.132574134387005,4.576462885522679,-0.2925690193572193,0.01,10.951219227741536,4.6293969641327735,-0.1377901608905881,0.0233333333333333,10.934179251121067,8.440193342736501,-0.6308996582045002,0.02,4.346844266286685,8.738494564949184,-0.1034855579407346,0.3466666666666667,6.262352163232033,9.18565255960478,-0.2045446302039613,0.2366666666666666,11.869789596183576,3.3573506534623894,-0.076220107940343,0.0733333333333333,12.99947361025291,5.324915318909595,-0.729809104951474,0.0533333333333333,3.4775979747049632,34,"[1.0, 0.8496723186927309, 0.5954578687576028]","[0.0, 3.1183455216435547, 5.791229882958497]",0.2961780017178039,0.2845492949397507,19.40970826084028,0.717109717208265,11.772229557859973,253.06896263615525,0.0739203621864359,0.4345208878444201,11.110237736033548,0.6385316837576497,0.0186312948555751,0.2981678118877009,4.0,"{""overproduction"": 1.6327669555416517, ""waiting"": 0.31083924714433053, ""defects"": 2.4236770225905033, ""inventory"": 0.4069642539647842, ""transport"": 0.7405973664763515, ""motion"": 0.3335489746295212, ""over_processing"": 0.2824664953047516}"
61.712747085658826,1.040545460165603,2.0271631420805254,0.05,0.0625,0.0769230769230769,1.0750836085615472,2.064156318890459,0.05,0.0625,0.0769230769230769,1.315353579431584,2.979033513971096,0.15,0.1875,0.2307692307692307,1.3978984070852467,3.03953916641959,0.15,0.1875,0.2307692307692307,0.128735713782426,0.7391335067298643,0.05,0.0,0.0,0.1404205192696897,0.7746669403187646,0.05,0.0,0.0,0.7929271438883261,2.4230109217855533,0.15,0.125,0.1538461538461538,0.8547065267565994,2.482487855551422,0.15,0.125,0.1538461538461538,-0.0712731007391286,0.2636833725254724,0.0,0.0,0.0,0.75,0.7142857142857143,0.5,0.4285714285714285,1.0,1.4210854715202006e-13,8.056410274819905,0.3874607017708357,-0.0466389207743427,0.0,7.514151445637176,0.4484959422049932,-0.0367273524628785,0.0,-5.860516790985996,2.0161621873891438,2.6056137502051877,0.0,-9.7383644480779,1.811700811312583,4.146280515426108,0.02,-15.769916259340665,2.1592935277991985,7.010103455397619,0.1933333333333333,-12.72017486872663,1.532642590687843,5.856129553123143,0.14,7.355014481735965,0.5854886382348966,-0.000381622144729,0.0,6.485884362632429,0.3891273627241294,-0.0322780341751172,0.0,6.888098415551508,0.5460053709772882,0.0317088918669231,0.01,3.2299862108751336,0.8062331174203602,0.2856146810890647,0.1933333333333333,2.583167191048126,0.7139544250944739,0.2841963030803998,0.26,1.2244579408597152,1.86126123841618,0.831840041582732,0.0233333333333333,4.094640431902215,1.3646607966824769,0.2103636651915961,0.1833333333333333,3.7633118476217113,1.456679127456041,0.3559666720102799,0.0933333333333333,3.3288173141961868,0.3891273627241294,0.0221456198000318,0.3666666666666666,6.409455461652397,0.5858797014575678,0.0860148732300075,0.0466666666666666,2.2099192788977584,35,"[1.0, 0.5539007165622849, 0.43573228150215093]","[0.0, 1.8393123416457222, 3.5469057536807536]",0.2213844285330096,0.7572403376957872,1.2704763520583695,0.654099786358957,5.234578307196177,428.4159002851002,0.3547173478594461,0.3221285700990419,14.266052703834855,0.4807480941834209,0.0115984532036492,0.1011314919444211,4.0,"{""overproduction"": 1.0473327091407258, ""waiting"": 0.4465627923390438, ""defects"": 4.229686394256305, ""inventory"": 0.4075945204422718, ""transport"": 0.7581032206709852, ""motion"": 0.3705193242946557, ""over_processing"": 0.44180071348037}"
66.5867402290422,0.6731983438725327,1.6649775730927443,0.0,0.0,0.0,0.8134601191858951,1.8818275513482157,0.05,0.0625,0.0714285714285714,0.9817950248673152,2.8105305861622765,0.05,0.0625,0.0714285714285714,1.182928153799873,2.9573526850124114,0.05,0.0625,0.0714285714285714,0.176802882085917,0.6639478467706588,0.0,0.0,0.0,0.2423490046685485,0.7111263282882033,0.0,0.0,0.0,0.700180419665962,2.385162279472317,0.0,0.0,0.0,0.859597431608529,2.5120783823995985,0.15,0.0625,0.0714285714285714,0.0463873660501706,0.257405835012557,0.05,0.0,0.0,0.8928571428571429,0.75,0.6785714285714286,0.5714285714285714,1.0,8.526512829121202e-14,22.82750295370973,0.1490548164167946,0.0292628669811135,0.0,21.031492249771603,0.1971940462216126,0.1502803980765604,0.0,20.513302263081847,0.0418894986112178,0.1929554912808952,0.0,19.59617649732495,0.0418894986112178,0.2260794748604284,0.0,7.327618542681504,0.3057167031936603,0.5783770631976214,0.0466666666666666,16.8032346001742,0.0418894986112178,0.3257188420687334,0.0,20.513302263081847,0.0418894986112178,0.1929554912808952,0.0,19.972300233124454,0.6776696755198198,0.0711064510254006,0.0,20.486226217970664,0.1946711317635159,0.1578138897483283,0.0,20.22480780456489,0.6253394891536973,0.1272381383177558,0.0,19.992357432970493,0.7002515973703879,0.1154822152398361,0.0,13.811485220728509,1.9111380634575448,0.136539883259995,0.0,17.285775127787925,0.6585252191007699,0.0909607330754881,0.0466666666666666,18.52788583199379,0.581845143814923,-0.0141233575168383,0.0033333333333333,17.76461204797452,0.302060134425846,0.1137897753377283,0.0366666666666666,20.115898730940277,0.3877752404998959,0.1581257797651934,0.0,1.514952377778436,36,"[1.0, 0.6339483295343376, 0.17454705909918064]","[0.0, 1.4673236299593329, 2.886305894078887]",1.0691858872285478,0.4822008617482844,9.760286614958982,0.8000505419377801,0.6026694769172203,389.0742924816789,0.3884920433581827,0.4300393691139389,4.527765487531019,0.4489720308214055,0.0140440340787802,0.2704378619078508,4.0,"{""overproduction"": 0.6435528593053967, ""waiting"": 0.6952254885692974, ""defects"": 2.89382418279465, ""inventory"": 0.3804578121483704, ""transport"": 0.7824407337258021, ""motion"": 0.2151273547719358, ""over_processing"": 0.242943506003804}"
98.59281113645042,1.114588722977029,3.516957799137292,0.1,0.1176470588235294,0.1428571428571428,1.2691330467221182,3.699697755660062,0.1,0.1176470588235294,0.1428571428571428,1.437228456053507,4.634652339166676,0.1,0.1176470588235294,0.1428571428571428,1.6056056893200543,4.798744089809127,0.1,0.1176470588235294,0.1428571428571428,0.5251551766872823,2.0843770992976896,0.05,0.0588235294117647,0.0714285714285714,0.3723396358651824,2.195854824907883,0.05,0.0588235294117647,0.0714285714285714,1.1860501031035022,4.054461827372438,0.1,0.0588235294117647,0.0714285714285714,1.190991046981812,4.087035450803535,0.15,0.1176470588235294,0.1428571428571428,-0.001239697376168,0.3660100954025044,0.0,0.0,0.0,0.9285714285714286,0.75,0.5714285714285714,0.5714285714285714,0.9285714285714286,2.273736754432321e-13,31.525377655767397,0.1652597079307312,-0.1162277585802845,0.0,28.292034773363707,0.4094116228323152,-0.0145763085961294,0.01,27.057717155702004,0.0385398243538213,0.1938156549570649,0.0,27.057717155702004,0.0385398243538213,0.1938156549570649,0.0,20.525081172702485,3.076328579063832,0.2697558062157816,0.0533333333333333,27.057717155702004,0.0385398243538213,0.1938156549570649,0.0,27.057717155702004,0.0385398243538213,0.1938156549570649,0.0,28.044991008849387,0.0866966048259015,0.0140078016410529,0.0066666666666666,26.91616961542266,0.4986841144743899,-0.0314389955454861,0.01,27.52884640342064,0.9121248846522834,-0.0250967786276137,0.0166666666666666,26.81466523437388,1.009825304548271,-0.0240214540111833,0.02,21.091229701353168,3.6025032642415225,-0.4954990942150496,0.0666666666666666,12.880406120869834,7.063255092999234,-0.4046912644194343,0.1533333333333333,24.962554555580816,1.07941382394942,-0.0612495411055457,0.01,27.47545994612199,0.084327142613011,0.0207841850531355,0.01,26.369467226916704,1.0122333918462187,-0.0334869069132559,0.0233333333333333,1.6926881199781274,37,"[1.0, 0.7488056301389701, 0.2134534106065977]","[0.0, 4.010205180323645, 11.638146551492474]",0.1037725190095518,0.5572078546815494,19.524645218404373,0.6698243709015415,9.10084929823262,59.98307809829303,0.231625144464089,0.5148822734681908,0.2146006515926518,0.6063814815697943,0.0090747837735088,0.1658917541767952,4.0,"{""overproduction"": 1.5052881081953886, ""waiting"": 0.7740362131698239, ""defects"": 5.495815107596943, ""inventory"": 0.45537063476711126, ""transport"": 0.49039237633112864, ""motion"": 0.4265076308855594, ""over_processing"": 0.24708004114508472}"
72.55052551840535,0.8265084932746608,1.8826317191470896,0.0909090909090909,0.1,0.0588235294117647,0.9209075428925316,2.096390556235433,0.0909090909090909,0.1,0.0588235294117647,0.8944472490701445,2.4887122916731608,0.1818181818181818,0.2,0.1764705882352941,1.0558405484519409,2.720358831654313,0.1818181818181818,0.2,0.1764705882352941,0.2587001922669686,0.7735013507794665,0.0,0.0,0.0,0.3056580014037826,1.0280283246291126,0.0,0.0,0.0,0.5010819484410508,1.7591278113189162,0.0454545454545454,0.05,0.0588235294117647,0.55717159250372,1.9781071088285855,0.1818181818181818,0.15,0.1176470588235294,0.0468689552156649,0.2581214022284835,0.0,0.0,0.0,0.75,0.7142857142857143,0.6071428571428571,0.5,0.9642857142857144,1.7053025658242404e-13,17.63856960557789,1.213112353718388,-0.7705895806446008,0.0,14.33894807375381,3.1113208914608657,-0.5783822863522504,0.02,11.583574699507745,6.005864436673449,-7.287231117795839,0.0,7.016294853300343,6.00342586036337,-3.271102880265312,0.0,4.227628567662941,4.510272555603083,-1.448829712613856,0.2233333333333333,5.425427492068248,5.034866650442147,-2.0317877787331167,0.1,11.583574699507745,6.005864436673449,-0.3428502426682235,0.05,13.40639726009072,3.417931214612414,-0.5371273062713648,0.0166666666666666,13.173851849510427,3.853418076491204,-0.6191287692765032,0.04,13.347032595581837,4.050435156979857,-0.5452241066536111,0.0166666666666666,13.013869752394552,3.892169870255076,-0.5426904110124098,0.01,12.792142988919412,5.100489751452365,-0.722741154463373,0.0366666666666666,12.879962315023052,2.990576339316969,-0.4790058382601015,0.02,12.655770897979323,2.869725019182752,-0.498038341794538,0.0166666666666666,7.074548398576365,1.867346787926665,-0.3476584525644775,0.3866666666666666,12.791565381041943,3.782424945972816,-0.561185497189435,0.0466666666666666,4.850170821988653,38,"[1.0, 0.5961670095860301, 0.39884055086056736]","[0.0, 3.575678397254452, 8.21750237926525]",0.7252843459059867,0.3809775475075534,21.45282704410433,0.7485655949764514,11.94020954954489,644.380269202567,0.2748431148572093,0.6520653244378435,11.49393211759256,0.5530901612769434,0.0193706270512776,0.1516544231674172,4.0,"{""overproduction"": 2.1664692537702317, ""waiting"": 0.26851857702203347, ""defects"": 2.185483686456978, ""inventory"": 0.24972384749488719, ""transport"": 1.0284780635363964, ""motion"": 0.16618973621303074, ""over_processing"": 0.8195795489501211}"
63.67976621608859,0.5241192554701277,1.6455999436573547,0.0,0.0,0.0,0.4976399991106697,1.7980283834145168,0.0833333333333333,0.05,0.0625,0.7841026430785224,2.556042946409441,0.0833333333333333,0.05,0.0625,0.7762227237714271,2.6589079438600405,0.125,0.05,0.0625,0.2118039023602627,0.6846870584365121,0.0,0.0,0.0,0.2007681816354486,0.7508575302946783,0.0,0.0,0.0,0.5709567731293773,2.0964465988436043,0.0416666666666666,0.0,0.0,0.6880201151398888,2.2314581769381774,0.125,0.05,0.0625,0.0542513118968247,0.2417704898515702,0.0,0.0,0.0,0.9642857142857144,0.8214285714285714,0.6428571428571429,0.5714285714285714,0.9642857142857144,1.4210854715202006e-13,11.757530045706863,0.5258664993162027,0.0227273704072902,0.0,7.520387928628932,1.7267384938042178,0.2395067043238652,0.0,-1.9859788335665047,3.109641819046532,1.1795311681599965,0.0,-2.399322242064948,2.712258029578723,1.221672281086451,0.01,-7.081756369029852,5.0941819439673095,1.7190286736026634,0.0133333333333333,-6.33011357059272,3.947230392227173,1.6532867844139818,0.0266666666666666,1.6973335422168454,6.04273479966746,0.8529750855933138,0.0,7.161142718190577,1.7438800338105238,0.2005029655175403,0.0066666666666666,4.97831156436861,3.025344101186393,0.502357227665036,0.12,6.477425477914904,2.410643601572921,0.2490586859720993,0.1266666666666666,5.311827886720447,2.610628447871414,0.4236118217417073,0.18,3.7712801504557993,4.775182069789394,0.6565078657924351,0.0933333333333333,0.5860030698814048,3.0056767217519584,0.8924372593671884,0.23,4.60359812437917,2.5809512255119382,0.4211598609007155,0.2466666666666666,3.6769531393975736,0.9164532456143144,0.1639001448826348,0.34,4.917845046969122,2.753572100638822,0.5273322103842737,0.06,2.2127300458839847,39,"[1.0, 0.5025407025048751, 0.21107691822375924]","[0.0, 4.941958639982992, 11.858295044986606]",0.5291477472364952,0.2009998030507608,3.907156239502344,0.8151935274646309,8.87694565997262,511.04236425553546,0.1466332836152152,0.4866878941503999,13.737277450708472,0.6620974562099294,0.0143380846098837,0.2203535359779928,4.0,"{""overproduction"": 1.8069237991177824, ""waiting"": 0.40573517356208433, ""defects"": 3.6515813090711995, ""inventory"": 0.5837950528343171, ""transport"": 1.2597559215877, ""motion"": 0.2169228686350851, ""over_processing"": 0.2755584420705662}"
72.19243616290778,0.3861563121683848,1.1553205472116157,0.1111111111111111,0.0666666666666666,0.0833333333333333,0.4529851498168781,1.103081498484989,0.1666666666666666,0.1333333333333333,0.1666666666666666,0.5875287051900829,1.790880369939557,0.1666666666666666,0.1333333333333333,0.1666666666666666,0.7158256326297737,1.898818254965956,0.1666666666666666,0.1333333333333333,0.1666666666666666,0.0153624947476974,0.4021561648445129,0.0,0.0,0.0,-0.0294385975728988,0.516377264797467,0.0,0.0,0.0,0.4084369671488575,1.3657927095297695,0.1111111111111111,0.0666666666666666,0.0833333333333333,0.5322982455573496,1.4999756010619707,0.1666666666666666,0.1333333333333333,0.1666666666666666,-0.0282206510863127,0.2623762163945855,0.0,0.0,0.0,0.8928571428571429,0.7142857142857143,0.75,0.5,1.0,1.1368683772161605e-13,19.6210812346046,0.7029094162667402,-0.3730347787283342,0.0,16.50816606536851,2.139262434490086,-0.295623427520324,0.0,6.08225486222386,0.2954234783642456,0.70084080769623,0.0,5.34442861020719,0.4719334872304495,0.7360941519302797,0.0,6.487392074114845,0.4162436199681424,0.6584864656493716,0.0,5.410343452164601,0.2299996017366745,0.7328795815684566,0.0,12.58178217350483,4.695755142353977,-0.2450533807213292,0.0,15.866726870373231,2.568092376679687,-0.252725655386487,0.0,13.814103230370762,2.9447726653910062,-0.1591205530852957,0.0066666666666666,15.597907096324612,1.476410786674445,-0.2363910588964169,0.0,14.65036542768245,1.4754065863686228,-0.2163439593532003,0.01,13.970071718718668,3.4284126021988337,-0.5193232117942482,0.0033333333333333,14.613974727964688,3.3737288830700214,-0.2866645087593805,0.0,13.562880700459154,3.866945953728147,-0.2530960803687484,0.0,8.419105610909694,2.266205961965936,0.2202013547717053,0.13,11.39238440292566,4.285117953687192,-0.2077412035316936,0.0166666666666666,2.9037572546070294,40,"[1.0, 0.8140395577757142, 0.2668061139088135]","[0.0, 4.8275448561315475, 10.768597309432021]",0.8796092385977444,0.4055637897834451,8.843359890525601,0.6866256617245476,14.447962147895288,447.5324215625468,0.0064415626410335,0.0309138069825111,3.199612128102709,0.4413032232856886,0.0082326371284677,0.2883739582145167,4.0,"{""overproduction"": 1.3687785201829417, ""waiting"": 0.46218601274456483, ""defects"": 2.842803203355804, ""inventory"": 0.3686045613773128, ""transport"": 1.0837104643017006, ""motion"": 0.2696906766564781, ""over_processing"": 0.4437257607500265}"
49.58937703147269,0.3924642684347627,1.5625067034659623,0.2222222222222222,0.1428571428571428,0.0909090909090909,0.4653301646747715,1.6590782671307616,0.2222222222222222,0.1428571428571428,0.0909090909090909,0.7298125127478221,2.644767194956319,0.2222222222222222,0.2142857142857142,0.1818181818181818,0.7771392205682268,2.729931682533644,0.2222222222222222,0.2142857142857142,0.1818181818181818,-0.1008437245852068,0.4894071689954109,0.0555555555555555,0.0,0.0,-0.0962804321963313,0.5239983536734824,0.0555555555555555,0.0,0.0,0.5070438600251354,1.8013920767341898,0.1666666666666666,0.1428571428571428,0.0909090909090909,0.6024615737892852,1.9148589520296893,0.1111111111111111,0.1428571428571428,0.0909090909090909,-0.0202451572798532,0.2787635453305058,0.0555555555555555,0.0,0.0,0.8928571428571429,0.9642857142857144,0.7142857142857143,0.5714285714285714,1.0,7.105427357601003e-14,5.6614047515336425,0.689371643091842,0.182079968688409,0.0,4.263154158000597,0.9388066292655194,0.2417452232834838,0.0,-3.0917652944168736,0.9597250496464136,1.6172821776044797,0.0,-6.794823985160534,0.9873373564029464,2.4623341340818974,0.0,-5.009204751928163,0.8943889183786993,2.2143924492157065,0.05,-5.780034755765396,0.8588872814242611,2.5610821516799667,0.0533333333333333,3.795450019625725,1.0324103871491626,0.1778882163636771,0.0,2.0030359273398712,1.200971808157712,0.5537222653879355,0.2366666666666666,2.92714920078773,1.283782202598791,0.4657604036263954,0.0233333333333333,0.7693495690721096,0.8353189761502013,0.7036903922201774,0.56,0.7783245870112794,0.7872904933435774,0.7364838499880113,0.5,1.1404358799813687,1.7153811751404229,0.7139052438081752,0.3433333333333333,-0.3257521211761737,0.8997581715965643,1.0995450171264272,0.36,0.5283296442915085,0.948581786277516,0.841586640624255,0.5033333333333333,0.4422545808828778,0.9635323482316211,0.7566526029266885,0.72,2.147078073726569,1.2497023383021206,0.5943435971328713,0.14,2.777150081485858,41,"[1.0, 0.7491302028901106, 0.6339530607864086]","[0.0, 1.2947849127641895, 3.533098037301521]",0.9062591932072922,0.4542050554701274,1.0092676786020216,0.3288838987368033,14.720658718033048,470.1737673269361,0.2061259768698515,0.158165774871523,13.65514946881554,0.4500684058644173,0.0105938264454021,0.2475146587720358,4.0,"{""overproduction"": 0.8222990002943666, ""waiting"": 0.48020910162731606, ""defects"": 2.7185977567075406, ""inventory"": 0.2199853607179123, ""transport"": 0.5234397760620638, ""motion"": 0.24381517671163905, ""over_processing"": 0.2874606697890288}"
80.36339193438234,0.718231491501512,2.351240361604907,0.238095238095238,0.1666666666666666,0.1428571428571428,0.7421124961100161,2.3743184910419743,0.238095238095238,0.1666666666666666,0.1428571428571428,1.1751219409327405,3.9718348796574094,0.2857142857142857,0.2777777777777778,0.2857142857142857,1.172240119667272,3.911636474341498,0.3333333333333333,0.3333333333333333,0.2857142857142857,0.1321586317049968,1.1455077511918097,0.1428571428571428,0.0555555555555555,0.0,0.1243707587171223,1.165282867053404,0.1428571428571428,0.0555555555555555,0.0,1.066196513351292,3.675704653054047,0.1904761904761904,0.1666666666666666,0.2142857142857142,1.114340960871395,3.700153512400594,0.1904761904761904,0.1666666666666666,0.2142857142857142,0.068870306865214,0.3865313616185966,0.0,0.0,0.0,0.6785714285714286,0.6785714285714286,0.4642857142857143,0.4642857142857143,0.9285714285714286,2.273736754432321e-13,16.180526598342773,1.2570706341043278,-0.4619428897712983,0.0,14.418044261336036,1.4323386852950954,-0.2278702159471405,0.0066666666666666,10.0930254882619,1.1232651764073276,0.3440613308703829,0.0,9.667892153245829,1.2217411901154436,0.3648057195412794,0.0,11.067587147943238,1.1232651764073276,0.1752193341243614,0.0,10.616895430180508,1.1429311253413907,0.2981184483493578,0.0033333333333333,13.100914111288144,1.9468844847754896,-0.0980526299850078,0.0,13.528957456304514,1.8897448793645129,-0.1888473126586385,0.0066666666666666,12.87147023930592,2.395909686864352,-0.2016903649255517,0.0066666666666666,13.206428682490914,1.431524955566711,-0.0113017309509444,0.0033333333333333,12.936386029460213,1.2858435691962509,-0.0023800240775317,0.0333333333333333,8.4474518855743,5.56796251927664,-0.6579071808408754,0.1333333333333333,12.700397880397563,2.149711313631409,-0.3891452654882977,0.1,13.065637752241107,2.59431014174759,-0.3254984512412645,0.0,11.401763030623435,1.6738586756560796,-0.0614935118462428,0.1466666666666666,12.567313597393982,2.6205533993794603,-0.2672136914297727,0.02,3.6214010454722936,42,"[1.0, 0.7133546069396983, 0.56875222200513]","[0.0, 4.506673806750915, 9.630727762438802]",0.1449424185409691,0.2570828630151657,19.970780959768213,0.3816628647596334,14.103486423632726,615.7738269060595,0.2556213110916997,0.3022190922656018,13.861566915420896,0.6190389580881179,0.0163178538454102,0.0854126769789216,4.0,"{""overproduction"": 0.8286474814486996, ""waiting"": 0.48011099689826525, ""defects"": 3.100416789651859, ""inventory"": 0.6238660870093664, ""transport"": 0.708119885594996, ""motion"": 0.5198732590603445, ""over_processing"": 0.45823898785776734}"
53.87439764957095,0.5278821895439992,1.5015303735748744,0.0625,0.0,0.0,0.6650968616166167,1.5870581529281098,0.0625,0.0,0.0,0.7834551140036352,2.595927312668278,0.1875,0.1428571428571428,0.1666666666666666,0.9133105890723944,2.642732232668846,0.1875,0.1428571428571428,0.1666666666666666,0.1071630971523787,0.424658741564322,0.0,0.0,0.0,0.2278993550771427,0.7350207081492564,0.0,0.0,0.0,0.5716566250842904,2.168826695045577,0.125,0.1428571428571428,0.1666666666666666,0.6379338723253267,2.1662689437512057,0.125,0.1428571428571428,0.1666666666666666,-0.0977186744762147,0.2255555443690689,0.0,0.0,0.0,0.7142857142857143,0.6428571428571429,0.7142857142857143,0.6428571428571429,0.9642857142857144,1.1368683772161605e-13,12.25577128700813,0.3710214804086452,-0.5432575675820209,0.0,11.561549331471992,0.3647670967288868,-0.6290478711074361,0.0,5.615363048842739,1.448121141368216,0.2482213764283427,0.0,5.488048031993206,1.569882288896089,0.2522219791365871,0.0,2.541631960577352,2.1889730973793515,0.5756887890914753,0.0133333333333333,3.8012625186560185,1.868887001242652,0.4350473675787241,0.0,11.36061565091171,0.3647670967288868,-0.6807003148075454,0.0,11.035314831549814,0.4774658568118733,-0.5136935004087159,0.0,11.32822533963672,0.4060760935431851,-0.6829921298841183,0.0033333333333333,8.39892392471327,0.4023238513301108,-0.5779660460657807,0.1,8.236963721995876,0.4061615887286526,-0.4604518841084685,0.0933333333333333,3.571830663250692,1.6724286589423354,0.1343279410796036,0.1966666666666666,3.8640612602305504,1.3222157625935398,-3.4307754763157807,0.3766666666666666,7.116156776224403,0.714577639649118,-0.2766113131568531,0.0866666666666666,10.502941755425091,0.4774658568118733,-0.5071544127418292,0.05,10.798875233520068,0.48380612925139,-0.6739040867201586,0.0033333333333333,1.887970643460475,43,"[1.0, 0.680647827232259, 0.4554634449060585]","[0.0, 1.3635985967555786, 2.3128888351350403]",0.1865587515806395,0.8243563002918738,0.2293292053613782,0.7317002970249554,4.569851479288827,245.97860835493515,0.3518702289803611,0.3934927499414655,8.009077457676801,0.5465206386889943,0.0061623010833566,0.2228608747370808,4.0,"{""overproduction"": 1.0634570060904933, ""waiting"": 0.4630412905803213, ""defects"": 1.5880581725725142, ""inventory"": 0.25703868605981844, ""transport"": 0.6959517112569377, ""motion"": 0.6389992380843864, ""over_processing"": 0.2154169106760448}"
67.59621805298102,0.7072935466353835,1.730329321236641,0.1818181818181818,0.1333333333333333,0.1666666666666666,0.7197693679821301,1.9458087771411652,0.2272727272727272,0.2,0.1666666666666666,0.9714142860851768,2.3936150472439435,0.1818181818181818,0.1333333333333333,0.1666666666666666,0.9357402512485988,2.575096064684999,0.1818181818181818,0.2,0.1666666666666666,0.1589117523814735,0.45956518500812,0.0,0.0,0.0,0.1958989748661975,0.5371510072496966,0.0,0.0,0.0,0.5188677100445327,1.5005300795399024,0.1363636363636363,0.1333333333333333,0.1666666666666666,0.6212231856291036,1.812725751287935,0.1818181818181818,0.2,0.1666666666666666,0.0376662609145872,0.3121685730304646,0.0,0.0,0.0,0.7857142857142857,0.8214285714285714,0.5714285714285714,0.5714285714285714,1.0,1.1368683772161605e-13,19.33008619412676,0.8842244531894501,-0.2577099708565439,0.0,17.12338303896335,2.017002258297525,-0.1982526285310928,0.0,12.937009134558991,1.9928716793143804,0.1121280085145033,0.0,7.260883440321041,1.6318839232675777,0.4911400402859481,0.0,7.988945489885601,2.2712025391043498,0.3755132721193067,0.01,8.044499736330044,1.817961154017524,0.444799795960025,0.0,15.45424128036365,3.377705510083348,-0.1684219388099067,0.0,16.353140743416734,1.979887180177194,-0.1781704092077726,0.0,16.648307109069272,1.9967341546172896,-0.1598941267434336,0.0,16.72410584420299,2.1258765491724985,-0.1725794556182757,0.0,15.753791190169824,2.075536102584699,-0.1102506835311046,0.0,16.419543595961535,2.663838924169835,-0.2025016753440457,0.0,12.555154490066114,2.572097791637354,0.0009322386009412,0.0233333333333333,15.811178183335016,2.2288021100909123,-0.1800946660043307,0.0133333333333333,6.355370342044576,0.7621780118686244,0.299431590105146,0.35,15.269901974308825,2.908605821493936,-0.1228625527224519,0.0,2.685439773935786,44,"[1.0, 0.7047156380776036, 0.16298696302055296]","[0.0, 7.576937316346008, 14.846899473279155]",0.3228841676560848,0.6044756331609129,1.3748480807677792,0.6988865948614018,12.650403803837024,525.0843922805456,0.0516015796862555,0.1479295726827744,9.873177215154408,0.4140294477663231,0.0190165101367273,0.1927384656871058,4.0,"{""overproduction"": 1.4036190727181461, ""waiting"": 0.4812388898857277, ""defects"": 2.910543064435779, ""inventory"": 0.6304990832805153, ""transport"": 0.6742337775124599, ""motion"": 0.23757195217827598, ""over_processing"": 0.22100479137550028}"
75.51496076193504,0.5667971737516491,1.7314487334064603,0.217391304347826,0.1111111111111111,0.125,0.7510436115271626,1.946658485660492,0.217391304347826,0.1111111111111111,0.125,0.7748689197481115,2.3666101431694897,0.1739130434782608,0.1111111111111111,0.125,1.0149089675345329,2.6686660387770265,0.1304347826086956,0.1111111111111111,0.125,0.1629458408328597,0.8220613676573152,0.0869565217391304,0.0555555555555555,0.0625,0.2919916530217534,0.9593512800436212,0.0434782608695652,0.0555555555555555,0.0625,0.7026782049232276,1.9202637384664112,0.0869565217391304,0.0555555555555555,0.0625,0.7996558300114598,2.2279109366640504,0.1739130434782608,0.1111111111111111,0.125,0.0197937172214575,0.2691516755726672,0.0,0.0,0.0,0.9642857142857144,0.7857142857142857,0.75,0.6785714285714286,1.0,1.1368683772161605e-13,23.53461335893862,0.879348392441356,-0.5794379649808923,0.0,20.635114546498244,1.699277060972303,-0.469595424598225,0.0,17.13280266802313,2.0779711247112225,-0.1993186024669782,0.0,14.99497411212761,2.7835923069373947,-0.086391678948439,0.01,9.59899625671306,1.4351792125225644,0.2885498121677273,0.0,15.76125915895448,1.3622119324268576,-0.0734308229272282,0.02,12.891106985397128,7.524164318796972,-0.205792156562849,0.0,19.505281468940964,2.942043957629249,-0.4259102736366152,0.0,19.09847960153316,2.1766580663560933,-0.4520667153254388,0.0033333333333333,18.65010199370092,2.4618911046009395,-0.375684394385243,0.0,18.331256774707143,2.4507614661978128,-0.3465924653198364,0.0,18.07784635820911,4.235225977877718,-0.4807203314371736,0.0033333333333333,11.525612305184048,4.352268056018135,-0.545721934586149,0.16,17.917885482851183,2.48649631832744,-0.3949134484857566,0.0,14.964642839172347,1.658992494353461,-0.3541347709657667,0.1833333333333333,19.687130517095483,2.2301839502730405,-0.5468347851681475,0.0,2.446861456128432,45,"[1.0, 0.8077673979231332, 0.1805598157947544]","[0.0, 2.9940243832935485, 5.272366717898354]",0.7039678071497123,0.3196444370098902,8.82999096972613,0.6988240137949386,10.338994907875987,96.15553905764264,0.1788006963315828,0.8347595745491668,12.504800972941664,0.5795470079582763,0.0173177413622722,0.2216681204275332,4.0,"{""overproduction"": 0.8005881322209317, ""waiting"": 0.35616253092421335, ""defects"": 4.714566114438694, ""inventory"": 0.5397792159148291, ""transport"": 1.0866887256840296, ""motion"": 0.3242197433325864, ""over_processing"": 0.2622202881973947}"
55.72139687527364,0.837810199808197,2.15252660446116,0.125,0.0769230769230769,0.0909090909090909,0.8454646481007987,2.137317270990829,0.125,0.0769230769230769,0.0909090909090909,1.1599272329847998,3.258659063291506,0.125,0.1538461538461538,0.1818181818181818,1.220473710231942,3.333582304731948,0.1875,0.1538461538461538,0.1818181818181818,0.1965186100302336,0.8160294375915478,0.0,0.0,0.0,0.1597649766457635,0.8380918095641409,0.0,0.0,0.0,0.9033901425713856,2.8120254523587884,0.125,0.1538461538461538,0.1818181818181818,1.0357504291991189,2.959013639231362,0.125,0.1538461538461538,0.1818181818181818,-0.0257702609673282,0.2143105615536895,0.0625,0.0,0.0,0.7857142857142857,0.8214285714285714,0.5714285714285714,0.5714285714285714,0.9642857142857144,8.526512829121202e-14,2.608290930643305,0.1977216808176535,0.5807614943062515,0.0,1.6999353844635074,0.3286392998188332,0.678899166730369,0.0,-6.600908916340135,0.4212295522545599,1.64573502190181,0.0,-5.43444267552218,0.1781257279444043,1.515311617638686,0.0033333333333333,-15.77766437967098,1.2976005112361713,5.036769014677264,0.2466666666666666,-14.035898384372924,0.8759525284606762,3.4420923849371814,0.19,1.2812775707344026,0.5498531434972498,0.7315433782434216,0.0,-0.0742402495245211,0.6545713787274675,1.0165331243034323,0.0433333333333333,-1.0457804609856376,0.8745945631297471,1.339692281633989,0.36,0.8235496065349854,0.3422740424702567,0.8314301586153408,0.27,0.7032738552829748,0.2769378604698572,0.8324639033216752,0.4366666666666666,-5.7689482053826655,1.5284323404017497,2.4425852681097777,0.0033333333333333,-9.606380599969173,1.270299755926787,8.915321433302664,0.3766666666666666,-6.652135326497352,1.114714840061775,8.373681499575591,0.36,-0.1703531579739337,0.6545713787274675,1.0409867168893436,0.1133333333333333,-1.559633461114578,0.5736042326146042,1.468807581546679,0.3566666666666667,1.4900313865722563,46,"[1.0, 0.5259216266827994, 0.3753869918522539]","[0.0, 1.7715017924445295, 5.3361737605422315]",0.4437523229977307,0.0090929628751329,5.021504875905783,0.3877821267126943,14.634902662731012,281.55986679075374,0.2195370353332375,0.0560272129170265,0.8866036630587276,0.5405797268013668,0.0107299381304379,0.1241946004277924,4.0,"{""overproduction"": 1.4043565365805395, ""waiting"": 0.5296112592805229, ""defects"": 4.153317662595396, ""inventory"": 0.2197762065066936, ""transport"": 0.8049457255895365, ""motion"": 0.33334872615615, ""over_processing"": 0.39334692259365156}"
49.51201977919284,0.3816217068126528,1.1654538199202835,0.1428571428571428,0.0833333333333333,0.1111111111111111,0.5398062978343169,1.335786308600185,0.1428571428571428,0.0833333333333333,0.1111111111111111,0.6352254480253353,1.8218523059673373,0.1428571428571428,0.1666666666666666,0.2222222222222222,0.8130660726320228,1.9455886420747648,0.1428571428571428,0.1666666666666666,0.2222222222222222,0.0753213436109096,0.3720670898136224,0.0,0.0,0.0,0.0317603493703967,0.4365595080047091,0.0,0.0,0.0,0.4103874637238213,1.3498653996327274,0.0714285714285714,0.0833333333333333,0.1111111111111111,0.5139558511872827,1.490344026486142,0.0714285714285714,0.0833333333333333,0.1111111111111111,0.0467946607032057,0.2133288428690698,0.0,0.0,0.0,0.9642857142857144,0.9285714285714286,0.75,0.7142857142857143,0.75,1.5631940186722204e-13,13.243748849490316,0.2027690388571949,0.0196630215921286,0.0,12.955677083440722,0.2077426819020199,0.0744482394965693,0.0,5.022787121672829,1.1509017014227405,0.6081059949294916,0.0,1.8394695544863808,1.302245038213674,0.8521560600640086,0.0,0.6950388407441322,1.401947197516919,0.9437469915393903,0.0,2.253028339974968,1.376122357348879,0.8196240304492506,0.0,12.92693379731021,0.2023148080495152,0.0852552348038338,0.0,11.835246003517518,0.3405121101312426,0.0424089080890789,0.0233333333333333,11.72281766034106,0.3668080238947533,-0.0171260131394625,0.01,12.73005942550164,0.2595601967084059,0.0347509258733335,0.0,8.496074453943924,0.2541323228559012,0.1176973199101878,0.2733333333333333,9.510893546967814,0.7109098317705098,-0.0638105862532613,0.0366666666666666,11.881198039594237,0.3490002795379892,0.071327013156824,0.0266666666666666,11.882851317380537,0.2868936623842677,0.0699534979056694,0.0233333333333333,10.140184743752886,0.3590756335591121,0.0521067714259227,0.09,11.76786906753062,0.4476363613309161,0.0466915860124764,0.0033333333333333,1.755670433172674,47,"[1.0, 0.5757943007591607, 0.41769602748880097]","[0.0, 0.682708607750806, 1.2505897308080711]",0.0660504904529458,0.537729980775812,19.163003721216647,0.5035894881207822,13.143869924775478,495.551985866257,0.2564393917429331,0.3596297459793652,2.0435541749103976,0.5380783344112523,0.0088579501295707,0.2698077963339702,4.0,"{""overproduction"": 1.1863245598668348, ""waiting"": 0.2876164121903066, ""defects"": 3.975378699010163, ""inventory"": 0.24902395824389947, ""transport"": 0.9275488923234925, ""motion"": 0.28629526166657904, ""over_processing"": 0.3106105279860148}"
78.6844476433739,1.2071991197687224,2.868881908714881,0.0476190476190476,0.05,0.0588235294117647,1.2244954250541282,2.974822900459733,0.0476190476190476,0.05,0.0588235294117647,1.588536648731263,4.280510753014074,0.1428571428571428,0.15,0.1764705882352941,1.716983428648739,4.552013225427263,0.1428571428571428,0.15,0.1764705882352941,0.2300567006657703,0.7952053075356365,0.0,0.0,0.0,0.2650884356306894,0.8912421906748309,0.0,0.0,0.0,1.0143115713882551,3.17352485694777,0.0952380952380952,0.1,0.1176470588235294,1.2370006824329474,3.47303402218021,0.0952380952380952,0.1,0.1176470588235294,0.0253295140066754,0.5194580335186535,0.0,0.0,0.0,0.9285714285714286,0.8928571428571429,0.6428571428571429,0.5,0.9642857142857144,1.5631940186722204e-13,12.261450225957748,1.1089070935648346,-0.1152218426193639,0.0,9.446458946309027,2.0385911474642784,1.969191142659009e-05,0.0,-6.584359061067085,2.754267557196304,1.657771901624719,0.0,-8.327601190487426,1.1616219866862936,1.822059122432634,0.01,-11.925364578342364,2.65126494198141,2.483676465396148,0.02,-11.701577665493948,2.3907564056888244,2.3631876974335086,0.0233333333333333,0.8936501116119476,6.822923896557088,0.9135021533836248,0.0,7.850225990910005,2.109377836476737,0.2946905138371538,0.0,5.202523982740206,3.5997948644941054,0.4324350637131443,0.1,8.543435835925232,3.030801447002317,0.235869787928541,0.0,8.218666702054803,3.0459519148988567,0.271949116559582,0.0166666666666666,6.712409781320925,4.810938915131343,0.3395373554919805,0.1066666666666666,4.230589163320188,3.621626602987465,0.2127182397317499,0.22,7.197061095675212,3.998947172506778,0.3075821988927901,0.02,3.4088591140876,0.6770673322967989,0.4336797592247157,0.37,5.419140113445503,3.488068325535606,0.4646766653670301,0.0266666666666666,2.576514735746379,48,"[1.0, 0.6513577701553788, 0.4282279900001992]","[0.0, 3.2496390709046166, 10.263231151986819]",1.1063851746152729,0.2051215722542739,5.841814149441199,0.3534596750210409,7.440987680256854,600.8351708922377,0.2650614968155269,0.4913496130204209,12.889218281675085,0.6798257196344948,0.0138556317044681,0.2482483650582679,4.0,"{""overproduction"": 0.8908780877136228, ""waiting"": 0.5430643171058103, ""defects"": 4.928129681970976, ""inventory"": 0.5064293064437851, ""transport"": 0.9413740258046212, ""motion"": 0.2418753993133812, ""over_processing"": 0.32167344556644367}"
81.96001095505021,0.8390906937325696,2.855120528593188,0.2777777777777778,0.1875,0.1333333333333333,0.8641897100937541,2.9011305220841352,0.2777777777777778,0.1875,0.1333333333333333,1.3100456969347472,4.6822023538667885,0.2777777777777778,0.1875,0.1333333333333333,1.3062349506973427,4.71927698596903,0.2777777777777778,0.1875,0.1333333333333333,0.4047558439371626,1.4412382845331322,0.1111111111111111,0.0625,0.0666666666666666,0.3962704771002645,1.5321317989386,0.1111111111111111,0.0625,0.0666666666666666,1.108086194960338,4.175348671139108,0.1666666666666666,0.1875,0.1333333333333333,1.1280546670135714,4.240401142104695,0.1666666666666666,0.1875,0.1333333333333333,-0.0831511446871823,0.2747107003885041,0.0,0.0,0.0,0.75,0.7142857142857143,0.5714285714285714,0.5357142857142857,0.9642857142857144,1.5631940186722204e-13,17.99831787392648,1.3398187742915315,-0.4518881962823506,0.0,15.265669025612032,2.7732650986629865,-0.3279633275119589,0.0,8.324508931341263,0.9080865120472432,0.2684216131146589,0.0,7.904136418363534,1.1018057548401012,0.2852032382902929,0.0,1.9869954573700928,2.5182498758669087,0.689940648632195,0.18,3.911449984881667,2.552618543769131,0.2687956308372941,0.24,11.715218137866406,2.351206556842755,-0.8129574426835114,0.0,14.503477527928744,2.901410733841656,-0.5442753922781743,0.0033333333333333,13.841644030367,3.5328938683097664,-0.3174856086855696,0.0166666666666666,12.626532278692563,3.061437625566233,-0.1456720092013096,0.09,10.8078826462319,3.3298423798551937,-0.0233262290493965,0.0566666666666666,11.946097616568618,5.261458234015478,-0.0333561925674038,0.0133333333333333,6.1876706224410505,2.942666989639485,-0.0313074593918354,0.2866666666666667,11.746428538261709,2.552513010473161,-0.5456737461316734,0.12,7.439967090984796,2.2083764058711246,-0.4382095270505002,0.4666666666666667,13.256898594458631,3.7643301506989126,-0.235014346445463,0.0366666666666666,3.778413208096587,49,"[1.0, 0.8040506221800361, 0.6379739731200964]","[0.0, 1.0804098159298832, 2.0646299351103234]",0.8389160266306408,0.4619216034467432,9.937720550061504,0.4944397077176627,10.760792559868197,294.1076913064673,0.271100965680727,0.6989471733513501,14.717931462318177,0.5734166297881031,0.0071042721727256,0.1054178593924374,4.0,"{""overproduction"": 1.5396198094291764, ""waiting"": 0.5530741253591889, ""defects"": 4.267555304870838, ""inventory"": 0.49158472553575594, ""transport"": 1.0703918397710206, ""motion"": 0.2482850117818408, ""over_processing"": 0.33251867346153746}"
53.89829375305664,0.6378754066097746,1.4826691839351365,0.0588235294117647,0.0666666666666666,0.0,0.6640731919570426,1.497532932139567,0.0588235294117647,0.0666666666666666,0.0,0.8531552559193936,2.439236397305576,0.1176470588235294,0.1333333333333333,0.0909090909090909,0.9357859073493492,2.505945051555526,0.1176470588235294,0.1333333333333333,0.0909090909090909,0.189677272915085,0.6781508048092942,0.0,0.0,0.0,0.2119086770404354,0.7350592936712813,0.0,0.0,0.0,0.6161217744831493,2.2077464179014745,0.0588235294117647,0.0666666666666666,0.0909090909090909,0.6549552067464569,2.2161063742160154,0.1176470588235294,0.1333333333333333,0.0909090909090909,0.018868154972915,0.110291245254103,0.0,0.0,0.0,0.8214285714285714,0.7142857142857143,0.5714285714285714,0.5357142857142857,0.9642857142857144,5.684341886080803e-14,16.091040149781534,0.5354406865816791,-0.5853421905234363,0.0,15.075684985171462,0.6017702982367972,-0.5042562369870459,0.0,12.471580405576494,0.5236048601251917,0.0414053850100205,0.0,11.61414068266255,0.7065975407620277,0.0983949027024824,0.0,9.320741559186969,1.0519229943210144,0.1622818004417383,0.0266666666666666,10.087450430086736,0.987125626482014,0.0081331612784311,0.0433333333333333,14.423784844474827,0.906934999559786,-0.540726024886057,0.0,14.561309501969514,0.6118588168875982,-0.4726532294254902,0.0,12.936625911933708,0.8781138738046854,-0.3851274753458448,0.02,14.123754807822545,0.9835831397814364,-0.5449482309122827,0.0066666666666666,13.67132751044274,0.9835831397814364,-0.5347245363046808,0.0233333333333333,3.8903586241058887,3.871562857262772,0.1058827025215001,0.1566666666666666,9.44514806302915,0.780843449231601,0.0397491896675563,0.0233333333333333,9.027662358893844,1.6198752118819644,0.0619786038100679,0.0033333333333333,11.044247726804953,0.6083383500706634,-0.3015331552585844,0.1466666666666666,12.807123362797787,1.0438144164289995,-0.468990338677933,0.0333333333333333,2.306668969011377,50,"[1.0, 0.5179578051294387, 0.4014642007617616]","[0.0, 2.8540436353951657, 4.910540347860675]",0.1178435975475025,0.6040155277723563,13.224788508441138,0.6808726207237696,12.712210740543586,253.42834377018616,0.2661312943998893,0.2113034888859071,11.786781372367438,0.5137846742899276,0.0071252468334116,0.1232471774417982,4.0,"{""overproduction"": 1.2182595026366028, ""waiting"": 0.39010824500287405, ""defects"": 2.234158062677613, ""inventory"": 0.4297159877403518, ""transport"": 0.5530495771053887, ""motion"": 0.3049845063086453, ""over_processing"": 0.32966058240572516}"
66.42690800275169,0.9898924202924124,2.759107523850564,0.0588235294117647,0.0666666666666666,0.0,0.9989666598703228,2.744508478585244,0.0588235294117647,0.0666666666666666,0.0,1.3852572047715572,4.0870393287593565,0.1176470588235294,0.1333333333333333,0.1,1.414600591309735,4.037913564826999,0.1176470588235294,0.1333333333333333,0.1,0.27710798355418,1.111654078755997,0.0,0.0,0.0,0.2450929355702821,1.1401173949086847,0.0,0.0,0.0,1.0616140179826652,3.4071592835181286,0.1176470588235294,0.0666666666666666,0.0,1.0911963346994236,3.426078606263085,0.1176470588235294,0.0666666666666666,0.0,-0.0682212722656051,0.3873839959289286,0.0,0.0,0.0,0.8571428571428571,0.8571428571428571,0.4642857142857143,0.5357142857142857,1.0,1.4210854715202006e-13,23.445806693001156,0.2406098738661622,0.0499584667645216,0.0,22.66407017811099,0.2544414160082222,0.1179867415617927,0.0,21.770805085547067,0.5763565690253245,0.1575347076037513,0.01,21.19268920179947,0.7371266854647842,0.1549477674636788,0.01,14.222504874364605,1.2788129501301626,0.0878823692346806,0.1733333333333333,15.280228627943687,2.452214248225576,0.2437214456716221,0.0466666666666666,15.049637879515908,1.689536642158903,0.0544320186170227,0.0033333333333333,22.007265849121406,0.2953838608221233,0.1482982383389323,0.0,20.398963290539317,0.5277021821706821,0.0930177697660611,0.0233333333333333,21.827839913853825,0.3204270428223797,0.1582620231139797,0.0,19.801837040077128,0.3691186510077062,0.160101609754838,0.01,10.669561736818862,2.9030831488387383,0.0471111581119537,0.0933333333333333,12.415534456224494,1.1413238193431428,0.0425198254232763,0.14,15.156510380429218,1.161668641928291,0.141677524566286,0.0666666666666666,15.801953660265632,0.2953838608221233,0.1594863940575369,0.0766666666666666,20.53931639645751,0.4063988853011782,0.1165921926266883,0.0266666666666666,0.8903606647742565,51,"[1.0, 0.5108192274710798, 0.24676062008494815]","[0.0, 2.906921197929471, 5.687324229017031]",0.0976441339148755,0.1399603147575161,19.852823951292027,0.529415656261956,4.491175168876824,68.28289863267624,0.0338412255813638,0.4189741629970366,6.899621620415563,0.6879646993823889,0.0153018729792251,0.105510177799523,4.0,"{""overproduction"": 0.78659631407583, ""waiting"": 0.5343245208800702, ""defects"": 1.4417283032881587, ""inventory"": 0.4662771046089854, ""transport"": 0.6408847520927121, ""motion"": 0.18331136176801502, ""over_processing"": 0.5037836865221981}"
96.92588046348165,1.5374406116928292,3.8672294894474986,0.0588235294117647,0.0833333333333333,0.0,1.566676040255444,3.8948879373361938,0.0588235294117647,0.0833333333333333,0.0,2.202052379355305,6.204952863198832,0.1176470588235294,0.1666666666666666,0.1,2.2474067749861737,6.272954116937494,0.1176470588235294,0.1666666666666666,0.1,0.5765998240758459,1.836719597134604,0.0,0.0,0.0,0.6038520005040355,1.8737402225369613,0.0,0.0,0.0,1.685238801200694,5.321497526092984,0.1764705882352941,0.1666666666666666,0.1,1.738031903232953,5.406248182048765,0.1764705882352941,0.1666666666666666,0.1,0.0296488817364718,0.4732155620810075,0.0,0.0,0.0,0.8571428571428571,0.7857142857142857,0.5357142857142857,0.5714285714285714,1.0,2.273736754432321e-13,44.51092683377125,0.913863481677582,-0.0592673507401465,0.0,44.51092683377125,0.913863481677582,-0.0592673507401465,0.0,44.51092683377125,0.913863481677582,-0.0592673507401465,0.0,44.51092683377125,0.913863481677582,-0.0592673507401465,0.0,43.801670290045976,0.9277004109894976,-0.0468848606257006,0.0,37.369829772600326,0.8746491163593451,0.0618771574060721,0.0,44.51092683377125,0.913863481677582,-0.0592673507401465,0.0,44.51092683377125,0.913863481677582,-0.0592673507401465,0.0,44.51092683377125,0.913863481677582,-0.0592673507401465,0.0,44.34437180992356,0.92867516767968,-0.0605590671709644,0.0,44.07368085344085,0.9178516765685476,-0.0597139987619058,0.0033333333333333,44.05229668453062,0.9493434089480378,-0.063189678513975,0.0,44.42571196671018,0.913863481677582,-0.0598697980766037,0.0,41.83684805640988,1.023910772712335,-0.028932511779428,0.0,42.03272689609838,0.9768665088169016,-0.0652969494329498,0.02,44.48123420575099,0.913863481677582,-0.059609863196758,0.0,1.1312662424421145,52,"[1.0, 0.6720100221535351, 0.1794654477180585]","[0.0, 0.3533657816288432, 0.9265532388536468]",0.1130941065478392,0.2878606235000028,22.14002995134813,0.4844626929619966,4.940879602974258,540.1659243804824,0.30437535968212,0.3226415537320861,7.535564981779295,0.5240440011946699,0.0161203952044212,0.0834865224519274,4.0,"{""overproduction"": 1.18164635873494, ""waiting"": 0.9550449147256459, ""defects"": 1.8588190229514643, ""inventory"": 0.7880070083281726, ""transport"": 0.6052535373274659, ""motion"": 0.26030026963422903, ""over_processing"": 0.37602157783804824}"
70.45867852475897,0.7602515433934506,1.3024557966051962,0.0,0.0,0.0,0.8480020588590527,1.464058530209286,0.0476190476190476,0.0625,0.0714285714285714,0.990282481056342,1.8778996527699447,0.1428571428571428,0.125,0.1428571428571428,1.1305355698643218,2.0597613757490367,0.1428571428571428,0.125,0.1428571428571428,0.1065342374379857,0.3741749826125998,0.0,0.0,0.0,0.1659008782037014,0.4066000345769262,0.0,0.0,0.0,0.3910767163434442,1.2358188191466146,0.0,0.0,0.0,0.5052786482453889,1.3990674074366225,0.1428571428571428,0.0625,0.0714285714285714,-0.0078118389846515,0.2092058069187263,0.0476190476190476,0.0,0.0,0.9642857142857144,0.8928571428571429,0.75,0.6785714285714286,1.0,1.9895196601282805e-13,19.89482903437665,0.7936483535345934,-0.5640856806731154,0.0,18.30640883463099,1.6661141819563845,-0.5512300253236402,0.0,15.310879122995589,4.066950279435238,-1.9643492495500765,0.0,5.740405123210807,3.902688301680864,-0.0581176977829611,0.0266666666666666,4.719290096948554,4.241569338910446,0.2187546934238511,0.1433333333333333,7.343730012852731,3.755016439590162,-0.1910753814655685,0.03,14.240597272663312,4.868640981166404,-0.0090687131853559,0.0,18.0691112957594,1.9432494928812465,-0.475620601177961,0.0,17.89437640140253,1.9169515445249132,-0.6723173694366242,0.0,16.129593739681404,3.599801151184292,-0.158818955587686,0.0,15.812807227303455,3.785080432838977,-0.1289770794284398,0.0,15.635709816978336,4.010006037218279,-0.1457197791410653,0.0,16.95053295337991,1.9582652677483705,-0.5355196848602006,0.0366666666666666,17.80105745552893,2.104950142868848,-0.4364404157326177,0.0,16.686213033129466,1.4858002616974777,-0.4900472655306716,0.0033333333333333,17.252341561984945,2.4557594047870417,-0.4254052613206709,0.0,3.676824126188124,53,"[1.0, 0.5432047489620706, 0.300615979622441]","[0.0, 1.239248862325088, 2.8582952619628808]",0.7031315932426234,0.770788533030745,20.349318005323223,0.8330303516111865,7.291886638223191,594.4122364691967,0.3584585300549768,0.4887058292200799,1.642862577061237,0.4458648614792376,0.0164413162975748,0.190103907919992,4.0,"{""overproduction"": 0.849711533458143, ""waiting"": 0.2779690556767248, ""defects"": 2.702392802120072, ""inventory"": 0.40756685908753615, ""transport"": 1.004923499854816, ""motion"": 0.2946695018644675, ""over_processing"": 0.5336979468592514}"
56.79142289425797,0.22231654669575,0.9828182296640716,0.0454545454545454,0.0555555555555555,0.0,0.2558392439281436,1.036145682504125,0.0454545454545454,0.0555555555555555,0.0,0.4892131854218245,1.6459955152966947,0.0909090909090909,0.1111111111111111,0.0714285714285714,0.5500011503786004,1.699569965052347,0.0909090909090909,0.1111111111111111,0.0714285714285714,0.1460448877088886,0.4032312380677185,0.0,0.0,0.0,0.1113907964677374,0.5160728625795916,0.0,0.0,0.0,0.4531991705217156,1.4121101018291564,0.0454545454545454,0.0555555555555555,0.0,0.48985211729377,1.438600361255654,0.0454545454545454,0.0555555555555555,0.0,0.0163554417617685,0.1001394429044267,0.0,0.0,0.0,0.8214285714285714,0.5714285714285714,0.4642857142857143,0.4285714285714285,1.0,7.105427357601003e-14,13.87825281757306,0.5203804104105081,-0.3703567838177385,0.0,12.96411946960616,0.899252748866803,-0.3163893853898092,0.0,7.49175329192016,1.1682619983130933,-0.6794454165094153,0.0,5.269345936860657,1.0707373277053054,-0.1561470433142783,0.0,7.11954061685761,0.5344227666286715,-0.4388941866932078,0.0066666666666666,4.3083185254085645,1.0462742169954389,0.0285366961503268,0.0,11.761029059534645,1.679667514277133,-0.2065990081014029,0.0,12.327371776597284,1.0315386094322734,-0.2725049038449169,0.0033333333333333,12.249196251810766,1.0967351705059143,-0.2595612117658883,0.0,11.761029059534645,1.679667514277133,-0.2002070457596332,0.0,11.10426424364668,1.679667514277133,-0.1315450120948961,0.0,11.761029059534645,1.679667514277133,-0.2007592660712015,0.0,11.696732274511607,0.945331793963932,-0.2753143789848039,0.0033333333333333,12.051632725614946,1.1278467123372349,-0.2545609409789757,0.0033333333333333,8.154307067596251,0.4610550821915124,-0.0835539418867192,0.17,12.052231507205068,1.4192668565077242,-0.2155418819489974,0.0,3.895401250211676,54,"[1.0, 0.6594661450849724, 0.3712001009568676]","[0.0, 7.41424734791473, 14.670822980864852]",0.3284009717651324,0.4170475832995577,2.797113921134109,0.5129648964318254,12.110576522351804,262.7746071485776,0.3238473023412636,0.3149073364532385,9.345111959087472,0.3294093351821792,0.0078705296819984,0.1522010353295255,4.0,"{""overproduction"": 0.8304239121077224, ""waiting"": 0.38858269177708804, ""defects"": 1.9150834376677008, ""inventory"": 0.4960798093619371, ""transport"": 0.6686707345010047, ""motion"": 0.32313505465004244, ""over_processing"": 0.4117962459540956}"
72.62780707286629,0.9107155380120464,2.688183743957126,0.1818181818181818,0.1666666666666666,0.1875,0.9450342100490908,2.7140331104958197,0.1818181818181818,0.1666666666666666,0.1875,1.2292064060445858,3.970054475572946,0.1818181818181818,0.1666666666666666,0.1875,1.2560140896838643,3.985378566362275,0.1818181818181818,0.1666666666666666,0.1875,0.068903448911848,0.7599898944739854,0.0,0.0,0.0,0.086959292406596,0.7801215492298599,0.0,0.0,0.0,0.8607982224162237,3.0246218189868204,0.2272727272727272,0.2222222222222222,0.1875,0.882244262943473,3.04435276528695,0.2272727272727272,0.2222222222222222,0.1875,-0.0655498574024282,0.1931241960332387,0.0,0.0,0.0,0.9285714285714286,0.7857142857142857,0.75,0.6428571428571429,1.0,1.2789769243681806e-13,13.477490979192682,1.253527090565751,-0.5649042964928449,0.0,10.716583013341287,1.8804237082920316,-0.4141934032728269,0.0,7.621616775593408,1.2941973275029492,0.2524329662883429,0.0,3.469482446538485,1.2764751211003953,0.6302631926260274,0.0,-7.856915410116455,1.5860666573127662,2.958467892941749,0.18,-2.82487766429288,1.3747650061943055,1.4297912923485707,0.04,4.236329364194334,6.340009428595419,0.3783689531330743,0.0,8.593909349124562,3.054371168056072,-0.546916234840147,0.0166666666666666,6.342556018652926,3.914380283973334,-0.1848731137504077,0.1066666666666666,7.498755984973428,2.173874605497324,-0.0107521722943683,0.0366666666666666,6.738295380183513,2.2026865779716065,0.0664141511670223,0.0666666666666666,7.615222569871594,4.341257967426013,-0.6923609468158156,0.0766666666666666,-3.665685771379177,1.9674778609954504,2.010499945106396,0.2033333333333333,1.9001707884961587,2.0893622328714403,0.6768732056808848,0.0833333333333333,4.443948467731955,2.3286221359771284,0.0052934376089834,0.2533333333333333,5.630495190577365,4.310195491436783,-0.0637953323572776,0.1433333333333333,1.887927748210622,55,"[1.0, 0.7069025817352665, 0.49516917071779]","[0.0, 3.0420654319684286, 5.69655410330705]",0.5875957928974409,0.710259600164908,6.466982239897637,0.7228327002297946,3.505917625874806,218.26588704540228,0.1137784054040999,0.4379231181728464,3.2320193853063355,0.5416530611369403,0.0150387216383506,0.1069347795319597,4.0,"{""overproduction"": 1.3821908078568355, ""waiting"": 0.5420436453725052, ""defects"": 2.277057831875321, ""inventory"": 0.2374775846904021, ""transport"": 1.0314249423209199, ""motion"": 0.37411628763274923, ""over_processing"": 0.4105092507861878}"
67.96139104404918,0.5208665916631486,2.129435212589696,0.1428571428571428,0.1578947368421052,0.125,0.6612327411827474,2.2828124424687024,0.1904761904761904,0.2105263157894736,0.125,0.9265321710065358,3.667482819144196,0.1428571428571428,0.1578947368421052,0.125,1.0086871047408863,3.6976030246830303,0.238095238095238,0.2631578947368421,0.1875,0.1180157725625763,0.7707492179847226,0.0476190476190476,0.0526315789473684,0.0625,0.1025076077974299,0.8800106918494578,0.0476190476190476,0.0526315789473684,0.0625,0.6832829259500155,3.0356439587216326,0.0952380952380952,0.1052631578947368,0.125,0.6887126329154329,3.0664561918446083,0.238095238095238,0.2631578947368421,0.25,-0.0037189476361428,0.3954573395670708,0.0,0.0,0.0,0.9285714285714286,0.75,0.6785714285714286,0.5714285714285714,1.0,1.1368683772161605e-13,24.446562615734837,2.24664293034095,-0.8796330545829034,0.0,22.656145878295494,3.4584909291069086,-0.8431639614297065,0.0033333333333333,2.878037371870771,1.6769143107428712,0.8346341891754284,0.0,3.863739419641927,1.7340092474226807,0.7743563895933162,0.0,8.633605901500657,1.8079138703458184,0.4390387778886367,0.0633333333333333,4.885377298084251,1.678300650331158,0.714029813909639,0.0,21.402551835934457,4.763009788475396,-1.0226500171335784,0.0066666666666666,21.462932654769293,4.333759740605404,-0.9098935172804158,0.0066666666666666,19.899311572106,4.240125331849235,-0.6390736185569162,0.0066666666666666,21.76113826197506,4.2600317666820535,-0.8937317530304719,0.0133333333333333,19.867563420009063,4.137877720090211,-0.9506320384616967,0.04,21.293826902086103,4.763009788475396,-0.914620723488828,0.0133333333333333,11.595508134170643,2.2954260882618374,-0.0158625926306924,0.1633333333333333,18.79226558326785,3.282439116933596,-0.4780734689853126,0.0333333333333333,17.150740434447986,3.484430088076292,-0.2760595255330402,0.0066666666666666,20.197723860972683,4.15822277586847,-0.7114343971441589,0.01,4.524736238888304,56,"[1.0, 0.8434909555752688, 0.7170194365065123]","[0.0, 1.8170276253747262, 5.34824875014424]",1.1162719040193902,0.3127389898656713,21.636947862496587,0.8973335576301145,9.317913187586605,186.2191998274969,0.2656099594260614,0.8449447862568075,2.553795912850798,0.6508256339646957,0.0160624530793704,0.2807987474374264,4.0,"{""overproduction"": 1.6231742308004795, ""waiting"": 0.4594474680424923, ""defects"": 2.226665571407429, ""inventory"": 0.2589341988455137, ""transport"": 1.127092324477194, ""motion"": 0.20267950608234117, ""over_processing"": 0.3235532464455545}"
64.5755238254299,0.5128445372090359,1.4811158240078517,0.1333333333333333,0.1538461538461538,0.0909090909090909,0.4875187678149218,1.528280505518981,0.2,0.1538461538461538,0.0909090909090909,0.7427947403507541,2.274722433229689,0.2,0.2307692307692307,0.1818181818181818,0.746606186236061,2.3394562454510663,0.2,0.2307692307692307,0.1818181818181818,0.1780137241425779,0.6900213330434687,0.0666666666666666,0.0769230769230769,0.0909090909090909,0.1940617372022517,0.7612628084501707,0.0666666666666666,0.0769230769230769,0.0909090909090909,0.5309402384844286,1.847207096611275,0.2,0.2307692307692307,0.1818181818181818,0.6248966500702364,1.926645235524356,0.2,0.2307692307692307,0.1818181818181818,0.0298336046452312,0.145876680251301,0.0,0.0,0.0,0.7857142857142857,0.7142857142857143,0.5714285714285714,0.5714285714285714,0.9642857142857144,7.105427357601003e-14,32.93643350873664,0.8187443957433531,-0.4286906899412342,0.0,31.39410917735802,1.445693010231277,-0.3788488729433066,0.0,27.51626887428548,0.945084149235782,-0.2830072329072153,0.0,22.82283136348652,0.7211837810901786,-0.0680323348908387,0.0,19.382996190529525,1.2037606534092429,0.0689204092108227,0.0,20.906135139889383,1.1033811156770297,0.0396843610028805,0.0,30.26570898296869,2.578756852980965,-0.3169260308751027,0.0,31.471120143649745,1.744443414873975,-0.3772537361249283,0.0,31.041690807578107,1.4445182549239066,-0.3922501116639727,0.0,30.26570898296869,2.578756852980965,-0.3169260308751027,0.0,30.214787668940826,2.578756852980965,-0.3161533124900826,0.0,30.26570898296869,2.578756852980965,-0.3169260308751027,0.0,28.879373497989413,2.458797572787525,-0.2577982058975226,0.0,30.30482107516688,2.241379080481591,-0.3157760908223356,0.0,25.797344161120662,1.1172524712286072,-0.3464049782355783,0.0033333333333333,30.33835035180923,2.2918238361710115,-0.3351320206520956,0.0,5.1087470741082806,57,"[1.0, 0.8345870917041481, 0.49329192859943305]","[0.0, 2.378610085605142, 4.1303048285835935]",0.9918178758785858,0.938350405322768,16.177469355401445,0.4312793515704013,8.974347872931563,330.25426057052346,0.2030658783005215,0.0143512236696492,3.859272628799362,0.4077360944255508,0.0072326353852958,0.1446784451638514,4.0,"{""overproduction"": 1.569764850531944, ""waiting"": 0.3953966461697705, ""defects"": 3.2693016384846856, ""inventory"": 0.43074484021005505, ""transport"": 0.7195877752059578, ""motion"": 0.16117929367936543, ""over_processing"": 0.21349923539554277}"
77.50131686960547,1.1518170532194971,3.4024557785826794,0.1363636363636363,0.0588235294117647,0.0714285714285714,1.428320195589216,3.709726733421254,0.1363636363636363,0.0588235294117647,0.0714285714285714,1.71121216007934,5.325150642811551,0.0909090909090909,0.0588235294117647,0.0714285714285714,1.9890244559064825,5.511444537351665,0.0909090909090909,0.0588235294117647,0.0714285714285714,0.308473302394804,1.4282112116794752,0.0454545454545454,0.0,0.0,0.3604538263203328,1.4445968037624972,0.0454545454545454,0.0,0.0,1.1993080403082292,4.163111741283029,0.0909090909090909,0.0588235294117647,0.0714285714285714,1.4450154790980847,4.159982629528813,0.0909090909090909,0.0588235294117647,0.0714285714285714,0.0519845275972557,0.5665927820157635,0.0,0.0,0.0,0.8928571428571429,0.8571428571428571,0.7142857142857143,0.5,0.9642857142857144,1.4210854715202006e-13,24.74333233020817,0.0914166915960343,0.0298567974688069,0.0,24.086987160503327,0.0914166915960343,0.0893386585850222,0.0,23.681698614063272,0.2192183613510999,0.1195353673121666,0.0,24.050616011321388,0.0804580409459995,0.1064561361318196,0.0,16.904202549954135,0.6979751173304498,0.1692620494095014,0.1166666666666666,18.33325604805474,0.1755848209229951,0.1927576395217686,0.0233333333333333,24.050616011321388,0.0804580409459995,0.1064561361318196,0.0,23.70712261150809,0.0966075340991125,0.0871791563057582,0.0,21.3489983471916,0.1664655066691494,-0.0207651111407098,0.0,23.62278582501883,0.1015856355148588,0.0527501726932209,0.0,22.09466777897129,0.1015856355148588,0.0740953819610741,0.0266666666666666,16.396501965439825,0.4594469415515756,-0.1359794012493442,0.06,12.359534362028937,1.1058142642533122,-0.0142895409602177,0.2033333333333333,11.943061466770734,0.2429809784312859,0.2675749243046802,0.16,20.290792357310423,0.0966075340991125,0.1141457289089561,0.01,22.126396724371897,0.1860047330613546,0.0691134787886023,0.0,0.9228080528961988,58,"[1.0, 0.5093980260359787, 0.21671571032427062]","[0.0, 2.238362403737028, 6.06294920985188]",0.3062034965143564,0.7836793737726518,9.067766048715152,0.5294429980728315,11.731688635435193,499.3550283784998,0.286554398435694,0.5812782457398945,0.9491963452766844,0.6440083278099218,0.0147771060124752,0.2850840206557503,4.0,"{""overproduction"": 0.8431141237676292, ""waiting"": 0.9248971498157823, ""defects"": 2.615249552173379, ""inventory"": 0.3069359904527356, ""transport"": 1.2720632692403355, ""motion"": 0.30397316957577425, ""over_processing"": 0.2325101110718595}"
79.8224163776406,1.0737272743805053,2.5583333954122205,0.0909090909090909,0.1111111111111111,0.1333333333333333,1.1761954622354622,2.878728240322408,0.1363636363636363,0.1111111111111111,0.1333333333333333,1.3905046278670654,3.515357846204594,0.1363636363636363,0.1111111111111111,0.1333333333333333,1.4909871465113729,3.897153443111786,0.1363636363636363,0.1111111111111111,0.1333333333333333,0.0777197654582399,0.7612613497650604,0.0,0.0,0.0,0.0438694622530245,1.0763227789363363,0.0909090909090909,0.0,0.0,0.7786830053437332,2.448306251624467,0.0909090909090909,0.0555555555555555,0.0666666666666666,1.018455312697874,2.85152554265849,0.0909090909090909,0.0555555555555555,0.0666666666666666,0.0548720730016997,0.4197763194909866,0.0454545454545454,0.0,0.0,0.9642857142857144,0.8214285714285714,0.75,0.6071428571428571,0.8928571428571429,1.1368683772161605e-13,10.44176873966453,0.4934005473279724,0.0938021857801036,0.0,8.208756352942718,1.3977831947910777,0.2167367583623043,0.0,-2.967250332794267,0.2438459070995772,1.216884610752605,0.0,-3.1206720643045545,0.0687841961761345,1.228282600465575,0.0,-3.2979064630829966,0.2055722255022927,1.2579800989831118,0.05,-5.418698759967736,0.1388322363409109,1.4073541342356568,0.0166666666666666,7.786626958724505,2.022462304997208,0.1971285515437493,0.0,7.974157895107976,1.8537410867019704,0.202828202206399,0.0,7.320178419244849,1.2064887719619637,0.2250733056775386,0.0,6.816719518339416,0.9311279339650912,0.2988814092317263,0.0066666666666666,6.290426491665614,0.8939785854873925,0.3287704628214908,0.04,7.574271949480017,1.8610808464515345,0.0357038791721457,0.0266666666666666,6.25533253011881,1.3741025004397591,0.2044488497301969,0.1766666666666666,6.947786167347285,1.3716164864978069,0.2467293752233129,0.05,4.304752828710995,1.0621639942478358,0.3843107233939147,0.08,7.527113529174262,1.6472989736487351,0.1981445923340197,0.0,2.422775884270236,59,"[1.0, 0.7006346668600004, 0.3038222344702701]","[0.0, 6.066531725626888, 12.305774766839738]",0.875250584499879,0.2862807469741661,0.5497503528087949,0.5478885436629821,10.753847919913166,593.062140022589,0.1232013284696341,0.4589350946803638,13.224081541276794,0.4004269636245069,0.0155359645452501,0.2708403459291219,4.0,"{""overproduction"": 1.1869786227077728, ""waiting"": 0.7956465734071175, ""defects"": 2.706523410407171, ""inventory"": 0.4646735537735934, ""transport"": 0.8958846831743412, ""motion"": 0.3148583058275044, ""over_processing"": 0.40150101768533664}"
86.0640374039616,0.8712125132386188,2.1817635415381105,0.0454545454545454,0.05,0.0,1.1149752756480311,2.4368159361688218,0.0454545454545454,0.05,0.0,1.195111726776732,3.2317521191388194,0.0454545454545454,0.05,0.0,1.3841615279627786,3.437967581885081,0.0454545454545454,0.05,0.0,0.2048581725598498,0.8289028737788006,0.0,0.0,0.0,0.1881690201754588,0.8552508348068949,0.0,0.0,0.0,0.6984844632760893,2.4965117604754976,0.0454545454545454,0.05,0.0,0.7892379895074103,2.6255449309420507,0.0454545454545454,0.05,0.0,-0.00736340732109,0.1612708742008276,0.0,0.0,0.0,0.8571428571428571,0.8928571428571429,0.6428571428571429,0.6071428571428571,1.0,1.1368683772161605e-13,20.19157478662541,0.2873831766205461,-0.6956606012802375,0.0,18.894689503896934,0.5659750562624037,-0.6224159723862158,0.0,7.616537200901416,0.0215296999205475,0.6056524862218198,0.0,7.616537200901416,0.0215296999205475,0.6056524862218198,0.0,0.8438638822816252,0.1208013374785429,0.939967924733864,0.1566666666666666,2.514355223714104,0.0931149612210062,0.836148085010661,0.1266666666666666,15.95434383360505,0.1577585512285029,-0.1173806579830527,0.0,18.506720875033107,0.7301281945070066,-0.6337433508517493,0.0,18.4809250351412,0.7711320133585495,-0.7601146607681283,0.0266666666666666,18.088928459724468,1.2761963305593496,-0.7083057357573932,0.0,18.282188915405676,1.2570708230639516,-0.7305506163813994,0.0,17.64387537634091,1.5719441187553544,-0.9068191325987944,0.0033333333333333,14.10316352363676,0.5737797055757502,-0.4680648865594559,0.0366666666666666,15.180695674279624,0.9946160830020756,-0.6754186639234516,0.0933333333333333,8.290746746591696,0.2946518786254236,-0.357042778233898,0.4633333333333333,17.573057952567847,0.8166838244804916,-0.7505826790661371,0.0333333333333333,2.319559203890235,60,"[1.0, 0.5360436020789758, 0.34785131289215876]","[0.0, 4.6694293996201495, 8.603966038896624]",0.8065325500290593,0.8254801373084067,18.24085546909036,0.3496019473230106,7.108840460317716,39.78233548981835,0.1143265403684115,0.2809169120182934,7.0224447658553615,0.4317034939919113,0.0092519328320555,0.264997422541268,4.0,"{""overproduction"": 1.9360642833120258, ""waiting"": 0.6736810192190708, ""defects"": 2.8897696720070503, ""inventory"": 0.28844010932753233, ""transport"": 1.8601844102018785, ""motion"": 0.21388281384735114, ""over_processing"": 0.5722597587437508}"
52.95512161469776,0.6950795783994257,2.02387447974628,0.0588235294117647,0.0625,0.0714285714285714,0.7997514920906978,2.1234386088513406,0.0588235294117647,0.0625,0.0714285714285714,0.9945134654590984,2.8089024935655966,0.1176470588235294,0.125,0.1428571428571428,1.103602699688778,2.942798871219362,0.1176470588235294,0.125,0.1428571428571428,0.28006165463673,1.2613408336753436,0.0,0.0,0.0,0.3069969357562833,1.332800502417944,0.0,0.0,0.0,0.6784454841813058,2.431166412176466,0.0,0.0,0.0,0.7221775819129024,2.467761942716612,0.0588235294117647,0.0625,0.0714285714285714,0.0005188583035487,0.1946519173666422,0.0,0.0,0.0,0.6785714285714286,0.5357142857142857,0.5357142857142857,0.4285714285714285,1.0,5.684341886080803e-14,25.377199259934702,0.1997289787048161,-0.2774737550670161,0.0,22.35749841410405,0.3640858609530499,-0.1714560107654135,0.0,18.705577904466235,0.1123851351889921,0.2980271927022689,0.0,18.705577904466235,0.1123851351889921,0.2980271927022689,0.0,2.613698398484982,0.2566468282880896,0.8786712026461851,0.0,19.039046695839893,0.1123851351889921,0.2811655735853677,0.0,21.42756501330812,0.399989353385476,-0.2160587136602398,0.0,21.833182875517394,0.5051323180446358,-0.2002844616117598,0.0,22.296409512199304,0.4480090743027483,-0.1505111395905503,0.0,21.78577368338854,0.6139610057954595,-0.0538083802531962,0.0,21.75590633188311,0.6154828714466517,-0.0521687098578254,0.0,12.952134493013428,3.6075683228083766,-0.4311964564962456,0.08,18.42118364216502,0.7376580188597338,0.01607176070226,0.0233333333333333,21.559360778329165,0.6712722563751612,-0.1218289900211287,0.0,13.729466151064566,0.4934830996048301,-0.0481800332705868,0.32,21.68367776802921,0.4249897875203631,-0.182756891192251,0.0,2.364380125762751,61,"[1.0, 0.4702136331964646, 0.1633816670653335]","[0.0, 3.6157323587167567, 7.056929026519635]",1.047935457086862,0.5071654469063878,24.119368804374552,0.7025032917528613,14.290786716831004,555.8430093828173,0.3581646041025204,0.0307053102473495,13.20536237676422,0.5630391548748723,0.0079980307243613,0.0709080883021966,4.0,"{""overproduction"": 0.757289282750472, ""waiting"": 0.3868657735766263, ""defects"": 2.591203364480468, ""inventory"": 0.2545398550269063, ""transport"": 0.495602817269404, ""motion"": 0.1719762758388142, ""over_processing"": 0.3374620318758199}"
120.05145356416676,0.7847100851754695,3.787775151634356,0.1904761904761904,0.1578947368421052,0.1764705882352941,0.8611851409076982,3.8449727687080735,0.1904761904761904,0.1578947368421052,0.1764705882352941,1.3354863687884695,5.684487976348148,0.1904761904761904,0.1578947368421052,0.1764705882352941,1.385046982329747,5.714288305705289,0.1904761904761904,0.1578947368421052,0.1764705882352941,0.6271747049109181,2.397270628796027,0.0476190476190476,0.0526315789473684,0.0588235294117647,0.5889440239128657,2.3664963928633784,0.0476190476190476,0.0526315789473684,0.0588235294117647,1.4030212827344677,5.31688929447262,0.1904761904761904,0.1578947368421052,0.1764705882352941,1.43550084106798,5.3374451549569,0.1904761904761904,0.1578947368421052,0.1764705882352941,0.0289703772476881,0.3364922615152795,0.0,0.0,0.0,0.8214285714285714,0.8214285714285714,0.4642857142857143,0.5357142857142857,0.8928571428571429,2.557953848736361e-13,30.602336379970502,0.7372176562095644,-1.1620009723087452,0.0,27.299340911771484,3.245192211280944,-1.0121110390746628,0.0033333333333333,23.879530012275094,2.362723663647281,-0.6381032319820152,0.0,25.50844681288591,2.809794347460485,-0.7374451742671462,0.0,25.66262869166965,4.693270433992751,-0.8686492063310799,0.0,23.092915372871623,3.843279967803892,-0.6191794193091507,0.0,26.903586990843365,4.524480888374071,-0.8922957252848794,0.0,26.985588815999023,3.775490211579693,-0.9457827792067176,0.0,27.19075138647605,3.4322851439196453,-0.997218110596509,0.0,26.952079164279542,4.340120238732932,-1.0082620841144636,0.0033333333333333,26.94830068960668,4.318723744254921,-1.007419631793293,0.0,26.903586990843365,4.524480888374071,-0.9077565167698076,0.0,26.000916508073622,4.640530022120225,-0.8770385799485684,0.0,27.066675171107192,4.404181197431086,-0.9549804241535612,0.0,17.094369634388826,1.114505041475508,-0.5169060314761267,0.0633333333333333,25.338771033210456,3.738877351716452,-0.9037497455226372,0.0,3.9763750042613655,62,"[1.0, 0.7135468928163442, 0.44602417040860975]","[0.0, 6.873763436428636, 14.700781319280198]",1.1199092567416482,0.6531862784698638,11.184779840920749,0.7195096192450726,6.4759949204824165,125.09211267601476,0.0221250274264176,0.9238690214779002,5.504712371197284,0.635082918521626,0.0120761955874947,0.0667739054461097,4.0,"{""overproduction"": 1.024226006379288, ""waiting"": 0.7062978960380895, ""defects"": 4.518073570722305, ""inventory"": 0.4353175967048453, ""transport"": 1.0150247506341923, ""motion"": 0.6091986861109097, ""over_processing"": 0.3347651730503597}"
57.51959023690556,0.5592841547097863,2.208068247392617,0.1578947368421052,0.0625,0.0,0.656184452988872,2.242545808413798,0.2631578947368421,0.125,0.0,0.9219433301501114,3.329304945274669,0.2105263157894736,0.125,0.0,1.0502907457751756,3.3670000206260378,0.2631578947368421,0.125,0.0,0.2119325629463184,1.1813616134139049,0.0526315789473684,0.0,0.0,0.1788315230470763,1.1722216248008137,0.0526315789473684,0.0,0.0,0.7371686765072683,2.85438284035514,0.0526315789473684,0.0,0.0,0.8166595090995222,2.887051033222088,0.0,0.0,0.0,0.1224578650534754,0.4260400787673435,0.0,0.0,0.0,0.5357142857142857,0.5,0.6071428571428571,0.5357142857142857,0.9285714285714286,1.4210854715202006e-13,7.181354998551879,0.1216283236676008,-0.3505932343780874,0.0,6.565210682857613,0.0960400543478939,-0.428198004716996,0.0,1.457843652427487,0.4611502077286229,0.8206494396733036,0.0,-0.0728908818141693,0.2053765162395079,1.0089213265362214,0.0,-5.208028791267449,0.1729235418202519,1.7979119430582928,0.0666666666666666,-0.7877508502656376,0.3376084887194669,1.1159484285822536,0.0166666666666666,6.5739195604640965,0.1121008765672142,-0.579754754483121,0.0,4.915146223968807,0.2535007990246748,-0.1219660944122267,0.07,5.5319734317444285,0.1523445398833346,-0.2167499674880792,0.0,4.150481651565114,0.2135169956751377,-0.0614995045035083,0.2166666666666666,2.84706030898418,0.2064003445461759,0.0927247103662014,0.29,2.341696124555839,0.3998527758337584,0.1286175064111996,0.26,0.7236453601130267,0.7463308224452531,0.7306103814564877,0.1366666666666666,4.017950457330695,0.6394782794263013,0.0518930810258161,0.0466666666666666,1.7348608980065354,0.2546913466661883,0.5536079135964502,0.3633333333333333,6.021659011685735,0.1909712575921107,-0.4956525787728815,0.0133333333333333,1.3890431539650692,63,"[1.0, 0.49920344633631314, 0.3847471191716979]","[0.0, 1.962481880877254, 4.117206932329498]",0.4682836952694357,0.2161894808447467,3.97653115503172,0.6563476799976035,6.9600929968396885,623.5909372699022,0.3317916761005544,0.8198478937425377,0.9921015692306469,0.4806251702986343,0.0060461485840481,0.2622029362893621,4.0,"{""overproduction"": 1.1567648466404044, ""waiting"": 0.6550424389367691, ""defects"": 2.432084928412756, ""inventory"": 0.30584127445559034, ""transport"": 0.5451251393958731, ""motion"": 0.431016847544997, ""over_processing"": 0.2536379004741124}"
65.27207997846038,0.8171376370904088,2.5836035100531896,0.1666666666666666,0.1428571428571428,0.1818181818181818,0.8263589310274193,2.588020321703433,0.1666666666666666,0.1428571428571428,0.1818181818181818,1.115442136695649,3.839088847777258,0.2222222222222222,0.2142857142857142,0.2727272727272727,1.1356843759347484,3.9037500261798415,0.2222222222222222,0.2142857142857142,0.2727272727272727,0.3686736123149021,1.3431357570957476,0.0555555555555555,0.0714285714285714,0.0909090909090909,0.3697751639904982,1.3399304720761411,0.0555555555555555,0.0714285714285714,0.0909090909090909,0.9178610182991648,3.367015928033436,0.2222222222222222,0.2142857142857142,0.2727272727272727,0.9566159303222116,3.42180590119907,0.2222222222222222,0.2142857142857142,0.2727272727272727,0.0309008087739442,0.3971664253383823,0.0555555555555555,0.0,0.0,0.8214285714285714,0.8214285714285714,0.4285714285714285,0.4285714285714285,1.0,1.5631940186722204e-13,14.133714179645692,1.176516599048108,0.0854684756542692,0.0,9.394896745809683,2.760918537113602,0.3192758929140779,0.0166666666666666,1.5044813604369132,1.4540465413358283,0.8608333770405426,0.0,-1.782538462636218,1.6066333889156206,1.168193222901056,0.0166666666666666,-8.21399362961299,4.391095807076715,2.339927954526428,0.0966666666666666,-1.3354943054760318,1.0085830139842022,1.131102807446723,0.0333333333333333,2.4893270727174035,6.096414258738411,0.7999655162800734,0.0833333333333333,8.87124760290392,1.862565530068499,0.3557409559808682,0.0066666666666666,7.938787979573976,2.596382578191599,0.3654354612557535,0.05,5.359889612863591,3.585566996763468,0.3897708277894313,0.3066666666666666,6.310776287520725,3.196011880279597,0.2921964529377389,0.3033333333333333,4.394408631783667,5.231940467310304,0.6021271136243256,0.17,4.910631871905578,4.256327659917534,0.4757157012195834,0.25,7.429225842942015,3.2318914219278017,0.4579367227076621,0.03,4.203089128606905,0.8864907483801282,0.5308563570462879,0.0466666666666666,6.598186511922375,3.091684911919413,0.4868281215895988,0.0433333333333333,2.1029222442567828,64,"[1.0, 0.7604739274301484, 0.39972643204554625]","[0.0, 6.898725096916179, 12.70282319453994]",0.0275738620125723,0.4893250569257021,0.9062461958728146,0.5321781618014424,5.5488722638063175,519.2477286562277,0.091690725648022,0.5878122976758001,6.995590427774116,0.6305219496966864,0.0173718781574484,0.0665647405936666,4.0,"{""overproduction"": 1.536063535868736, ""waiting"": 0.4620990570427674, ""defects"": 2.707634397406209, ""inventory"": 0.26315850841693506, ""transport"": 0.9396104691286411, ""motion"": 0.3691620913470766, ""over_processing"": 0.25811650392128055}"
59.09199134148728,0.6341181188028602,1.6104962811588095,0.1111111111111111,0.0714285714285714,0.0769230769230769,0.7605378781421004,1.938439768335506,0.1666666666666666,0.0714285714285714,0.0769230769230769,0.9755579099806378,2.634300797427381,0.1666666666666666,0.0714285714285714,0.0769230769230769,1.1930541226483715,2.938536712297917,0.1111111111111111,0.0714285714285714,0.0769230769230769,0.0090823777999984,0.501642098950254,0.0,0.0,0.0,-0.0765789602600635,0.6756948747938849,0.0,0.0,0.0,0.6902837966154635,2.10992271873666,0.0555555555555555,0.0714285714285714,0.0769230769230769,0.8118262253069778,2.25394357370042,0.0555555555555555,0.0714285714285714,0.0769230769230769,0.0985812356240314,0.2742924636898735,0.0,0.0,0.0,0.9642857142857144,0.8571428571428571,0.7857142857142857,0.5714285714285714,1.0,8.526512829121202e-14,15.698350976643782,0.2356395698230174,0.2658574397415426,0.0,15.23166146942387,0.2330477918042638,0.3350679334814388,0.0,14.07053337305027,0.3519798906625861,0.3831234141723093,0.0,14.187227490726016,0.2330477918042638,0.3782710943137113,0.0,10.537868031300906,1.099895728878874,0.480955993968663,0.0366666666666666,11.76898746812668,0.4610792980718431,0.4646173775348296,0.0,15.214059150471906,0.2330477918042638,0.3382156821267918,0.0,15.01413968461255,0.2512160228210581,0.3253976293966401,0.0,14.837729545381244,0.3236793474805067,0.3236073995396469,0.0166666666666666,13.68961105126687,0.4440033640027441,0.283381102665625,0.0433333333333333,11.474736598094127,0.3196515865203562,0.3086218689766369,0.0966666666666666,11.091439549822956,0.8310872028619163,0.2135066882073577,0.2166666666666666,10.23865403605053,1.2824997835323817,0.3148449451594361,0.1233333333333333,12.69119304953542,0.8258194107709788,0.3316311896948098,0.0,12.345514586135533,0.4287992994627137,0.3430048138983532,0.0033333333333333,13.436014736703738,0.4147794152819303,0.3222576070264989,0.03,1.2015022467443996,65,"[1.0, 0.6325078918791073, 0.22974245214520758]","[0.0, 1.3029276352940071, 3.3655805573267914]",0.4213837445412686,0.068538971812421,8.135053293759015,0.3294177495082693,0.8244687870719603,563.9573646342636,0.2718802143002808,0.7618227765790141,10.220396571421883,0.4260048792672606,0.0153190074533672,0.2702009248941565,4.0,"{""overproduction"": 0.8465520028101198, ""waiting"": 0.6433742325284904, ""defects"": 3.044722073443994, ""inventory"": 0.24620522303118575, ""transport"": 0.6942400290613895, ""motion"": 0.28266170334801555, ""over_processing"": 0.27956641132153903}"
65.21621170048525,0.5839729201652115,1.4512330842812036,0.0,0.0,0.0,0.7659687667731102,1.6266118362982545,0.0476190476190476,0.0526315789473684,0.0625,0.8802004878986514,2.4558491038490877,0.0476190476190476,0.0526315789473684,0.0625,1.0849572227560458,2.632923787379075,0.0476190476190476,0.0526315789473684,0.0625,-0.0646604846930353,0.6026514418696003,0.0,0.0,0.0,-0.0580831580896924,0.5723837461837364,0.0,0.0,0.0,0.6000496200923313,2.1406461221164714,0.0,0.0,0.0,0.6525926517609048,2.1989264876346843,0.0952380952380952,0.0526315789473684,0.0625,-0.0208425694436306,0.1286457049044803,0.0,0.0,0.0,0.7142857142857143,0.6785714285714286,0.5714285714285714,0.4285714285714285,0.9642857142857144,7.105427357601003e-14,9.116776125691093,0.0472672325742828,-0.4767562498822352,0.0,8.29492347349858,0.0581076745680212,-0.5318200512344365,0.0,-0.0998393492043454,0.5810229212050173,1.0106978237570794,0.0,-2.3397576686222084,0.5155335761435409,1.2271251785543795,0.0,-24.60482781683665,0.5160591442550754,4.722495810188534,0.0533333333333333,-13.72746742639909,0.979272082082259,2.634750007016596,0.0,7.820675029621488,0.1326929721178404,-0.6522357924003602,0.0,7.5980600939482095,0.2371036905506061,-0.4575285624598191,0.0,7.843817426664142,0.2635443664391211,-0.4732149216344167,0.0,7.260441768327204,0.2398367006990827,-0.3787656565831092,0.0,7.253708754559529,0.2984006112318146,-0.4434305798887918,0.0,4.0640079114605125,1.1618004041505268,0.4252538539015561,0.0,5.022134266912049,0.2891682316997132,-0.3250703513703643,0.26,5.7577291757079605,0.362789030072272,-0.1712039989298601,0.15,5.974812416148638,0.1402134416869982,-0.5475174789525478,0.2133333333333333,7.336955862097521,0.4065105520651373,-0.352822290879719,0.0166666666666666,2.1932560681628823,66,"[1.0, 0.5334091170398102, 0.2909849492707923]","[0.0, 2.896128357544239, 9.412189961249261]",0.3722093191779066,0.3866699293118283,5.699495376198016,0.7302444255924752,3.379512645174643,383.7104876455775,0.3311842924360344,0.9276479065637084,2.6357741560709744,0.3908877517470686,0.0098109426006381,0.1353226057332267,4.0,"{""overproduction"": 1.1002896344856732, ""waiting"": 0.553705204830042, ""defects"": 2.312318619234103, ""inventory"": 0.4563505715884615, ""transport"": 1.0817831290439455, ""motion"": 0.2924143082195577, ""over_processing"": 0.4929950887966885}"
58.72515480074642,0.4238043953713579,1.1442740239533755,0.0,0.0,0.0,0.4769085694525773,1.228147361019428,0.0952380952380952,0.1111111111111111,0.0714285714285714,0.686034207393342,1.870019038985921,0.1428571428571428,0.1111111111111111,0.1428571428571428,0.7140842765016552,1.952786057125239,0.1428571428571428,0.1666666666666666,0.1428571428571428,0.0941991055357599,0.2716836958354609,0.0,0.0,0.0,0.064092034611633,0.3396913026194897,0.0,0.0,0.0,0.4428465551082764,1.445633771398993,0.0952380952380952,0.0555555555555555,0.0714285714285714,0.4814758811232783,1.5568384999829303,0.1428571428571428,0.1111111111111111,0.1428571428571428,-0.0390590757502355,0.2109710333237371,0.0476190476190476,0.0555555555555555,0.0,1.0,0.9285714285714286,0.5714285714285714,0.4642857142857143,1.0,1.5631940186722204e-13,18.48902088003236,0.7560347069679804,-0.2859665937046717,0.0,14.613106214776412,1.908936772524284,-0.1238206793216519,0.0,11.254611376318628,1.764400246412362,0.2414031427560147,0.0,-0.1952742076461453,2.029510334293457,1.0134758994700035,0.0,-13.01509363277366,1.5504583876032556,1.9418865766644813,0.0033333333333333,-10.751962369815502,1.9753197973755672,1.764579314208386,0.0033333333333333,8.076439493585918,6.318285692605826,0.3651122306209289,0.0,13.859440991455225,1.971850471698972,-0.0142596179619472,0.01,13.812790682311151,1.5075875928005558,-0.1698213935325866,0.0366666666666666,12.200609475806734,1.983828401280933,-0.2110521537667719,0.0166666666666666,11.654327582712517,1.7488774288528597,-0.2376984299073791,0.0866666666666666,10.852754191810318,4.597172437118632,0.0652208529819584,0.0033333333333333,4.41046877866655,1.869188613535792,0.5992600323074693,0.1833333333333333,7.723695751496872,2.136656477541453,0.3720485983257365,0.0733333333333333,10.39315412107102,0.6223338395649066,-0.0731556304909853,0.1833333333333333,13.04648079862855,1.5699458618167264,-0.1546642261206174,0.0566666666666666,3.2171756973885874,67,"[1.0, 0.7039695156919026, 0.188619879965857]","[0.0, 3.7280874420536354, 10.541982392320921]",0.7588232245282251,0.3481085270278008,1.932160632009292,0.7191825515465491,0.047536967077299,489.61070514986153,0.3613992983485821,0.2098915630446808,7.24722932243078,0.5877532976343548,0.0102132497788279,0.1994741710665877,4.0,"{""overproduction"": 1.3158546914540132, ""waiting"": 0.34508276599171733, ""defects"": 2.3279497097964503, ""inventory"": 0.4526344227197366, ""transport"": 0.8120263205359177, ""motion"": 0.4236562645209068, ""over_processing"": 0.26130903909928316}"
64.39163546444955,1.3522151328391208,3.291155847759576,0.1363636363636363,0.1333333333333333,0.1538461538461538,1.343044831574661,3.199492729716797,0.1363636363636363,0.1333333333333333,0.1538461538461538,1.6904228858939416,4.5041515924225015,0.2272727272727272,0.2,0.2307692307692307,1.687254705844163,4.464341053876906,0.1818181818181818,0.2,0.2307692307692307,0.3818501091887946,1.4240125718463548,0.0,0.0,0.0,0.40528076385662,1.415520303498631,0.0,0.0,0.0,1.1982898701551823,3.678774283258274,0.2272727272727272,0.1333333333333333,0.1538461538461538,1.2384767035032636,3.687528642423787,0.1818181818181818,0.1333333333333333,0.1538461538461538,0.0665955675142555,0.3717927074278007,0.0,0.0,0.0,0.6785714285714286,0.75,0.5,0.4642857142857143,0.9642857142857144,1.1368683772161605e-13,15.79013846223578,0.2850089450596416,0.1952525196958842,0.0,14.83403901322228,0.3178965855309438,0.2832499560446692,0.0,13.2715664067761,0.8557544303571057,0.3726898412961583,0.0,14.027706341341146,0.5442210509751804,0.3366102983168367,0.0,7.074788180018,0.6851196066748353,0.6059509114791267,0.0033333333333333,13.049877485756417,0.3652521181874751,0.356571637248595,0.0,14.93131449580067,0.2775297911363852,0.2872246988149455,0.0,14.444744041569328,0.3119051810988503,0.2652327223661727,0.0,14.65307155815584,0.3082672930293968,0.2691017216659466,0.0033333333333333,10.901518135038328,0.6237576437212401,0.3618420355705251,0.0133333333333333,10.543071376569092,0.5853478642037536,0.3699424207140719,0.01,-3.273875159405865,3.237000521419993,,0.69,10.62760119286966,0.6853242579011337,0.1788507563070568,0.1266666666666666,12.93574940125847,0.3679246100995027,0.2612900386345549,0.0333333333333333,11.893291974020274,0.3877947674224358,0.3022789407968055,0.0833333333333333,14.438913629397009,0.2954670804519185,0.2841216491684491,0.0033333333333333,1.499809016241535,68,"[1.0, 0.705081884350069, 0.3047158617579543]","[0.0, 2.612025936861226, 4.766754106306573]",0.6346303582867009,0.4432502201451402,4.803272887731599,0.7441157482671984,13.013816094952444,433.4601261258053,0.2884423379479657,0.1094958411137759,4.744576497406388,0.4875624559130723,0.0169378782550929,0.0745290874259151,4.0,"{""overproduction"": 1.0183258678224736, ""waiting"": 0.6514426179864184, ""defects"": 3.3319167813652317, ""inventory"": 0.24993128104299306, ""transport"": 0.935397068290905, ""motion"": 0.30076713677297157, ""over_processing"": 0.2887523695406433}"
122.17104929732564,0.5514446445334007,1.85667497114432,0.05,0.0526315789473684,0.0555555555555555,0.9656978015114456,2.3937668570306894,0.05,0.0526315789473684,0.0555555555555555,0.9794856411205364,2.9076647450002358,0.15,0.1578947368421052,0.1666666666666666,1.253745956943661,3.2967705368274403,0.15,0.1578947368421052,0.1666666666666666,0.0256669009395338,0.3616981426347974,0.0,0.0,0.0,-0.110013699844323,0.7487187047721056,0.0,0.0,0.0,0.6915350488062735,2.1011426463089897,0.1,0.1052631578947368,0.1111111111111111,0.9104938147792992,2.4293142472688216,0.1,0.1052631578947368,0.1111111111111111,0.0423718369565193,0.2283846610166955,0.0,0.0,0.0,0.8214285714285714,0.6785714285714286,0.5714285714285714,0.4642857142857143,1.0,1.4210854715202006e-13,28.311832118602062,0.9780525983361268,-0.4696433106112074,0.0,27.883419880570223,1.6162186510365948,-0.4282682300585061,0.0,17.05062481150354,0.6807262922235041,-0.3122616165059615,0.0,17.039786775797552,0.7613864491947716,-0.4051768347835311,0.0,7.679660580865896,1.2079210765860806,0.4647014800215536,0.01,12.61220216732863,1.2640813079762294,0.1223762960183741,0.0033333333333333,27.605953028541748,1.9395201978016023,-0.4035407723075966,0.0,27.852461580673904,1.6162186510365948,-0.4306133352655917,0.0,27.554407761236934,1.5542112631829683,-0.4486245839720182,0.0,27.688148881691152,1.7652552597353042,-0.4244067098936464,0.0,27.722229179592137,1.7652552597353042,-0.4221596450932058,0.0,27.67121634163912,1.8612594858970315,-0.4136121706503606,0.0,26.887630172705254,0.9732002284820176,-0.5590657663052626,0.0,27.14890730500987,1.0427402119239455,-0.5316597837154459,0.0,15.428780205824276,0.7474481014371043,-0.5327032402641235,0.3766666666666666,27.475284294437312,1.2649635309096638,-0.496808664906837,0.0,6.990887220938018,69,"[1.0, 0.7445474096008553, 0.619814544164756]","[0.0, 4.301753068825939, 10.51383525045483]",1.1605087542140409,0.8025329189442894,16.960483420404746,0.4605757123362812,11.299196602407273,589.2298192152683,0.2554870630213914,0.3835309558317628,14.70326374139242,0.3234570348083788,0.0105049627948312,0.2905339626508539,4.0,"{""overproduction"": 0.6846190556861798, ""waiting"": 0.736152014091059, ""defects"": 3.922485747161825, ""inventory"": 0.6842743948466019, ""transport"": 0.6868058867318928, ""motion"": 0.20430913398443262, ""over_processing"": 1.0231780812502933}"
82.72848672550865,1.0353600681924,3.1048200887328865,0.1111111111111111,0.0714285714285714,0.0833333333333333,1.0233571082646282,3.1534317841565533,0.1111111111111111,0.0714285714285714,0.0833333333333333,1.5776591122125592,4.955210802549331,0.1111111111111111,0.0714285714285714,0.0833333333333333,1.578719629941737,4.975544137480609,0.1666666666666666,0.0714285714285714,0.0833333333333333,0.2714473470322466,1.448537281958301,0.0,0.0,0.0,0.253361914079154,1.707159704773363,0.0,0.0,0.0,1.2078541464899704,3.905237361674871,0.1666666666666666,0.1428571428571428,0.0833333333333333,1.3099001462426207,3.968431908859226,0.1666666666666666,0.1428571428571428,0.0833333333333333,0.0068583513501252,0.2470068420967297,0.0,0.0,0.0,0.9285714285714286,0.7857142857142857,0.6428571428571429,0.6785714285714286,0.9285714285714286,7.105427357601003e-14,31.105075993717364,0.0007846362970214,0.1911271771846694,0.0,31.045594656491662,0.0007846362970214,0.1984071508967362,0.0,31.04711575866872,0.0007846362970214,0.1988477180681394,0.0,31.04711575866872,0.0007846362970214,0.1988477180681394,0.0,30.807311317375245,0.0007846362970214,0.2016904676609642,0.0,30.94903404791568,0.0007846362970214,0.2006027516922415,0.0,31.04711575866872,0.0007846362970214,0.1988477180681394,0.0,30.9064089746176,0.025683069597559,0.1945520547508265,0.0,30.45519043889968,0.0007846362970214,0.1910216103433767,0.0,31.045594656491662,0.0007846362970214,0.1984071508967362,0.0,26.490354266639255,0.0040096995328853,0.2164409364963525,0.0066666666666666,26.92230164887789,0.1538343771373284,0.1525205440441692,0.0066666666666666,30.566329544259904,0.0291661412808751,0.1881779902529202,0.0,30.887969010460363,0.0007846362970214,0.1988770303957035,0.0,22.23215526334076,0.0426533605218391,0.2114396477882398,0.0933333333333333,30.36178463037946,0.0007846362970214,0.1912043422625204,0.0,0.969879599026904,70,"[1.0, 0.5373324189474057, 0.2056605705270692]","[0.0, 2.4386280431823684, 4.5521636375813115]",0.6327135948503224,0.223897481012386,20.906251475181964,0.5614652918507474,2.305018332320871,407.62735891850696,0.0213931163283907,0.0223495750937803,11.706866366425578,0.4232100063547656,0.0146782525491932,0.1614088933398347,4.0,"{""overproduction"": 0.9088511055755697, ""waiting"": 0.9934796444492692, ""defects"": 1.9134779648628983, ""inventory"": 0.2938830629483146, ""transport"": 1.2914401594068057, ""motion"": 0.2376818862710707, ""over_processing"": 0.4299366561310943}"
59.77355301230668,0.5295736744831614,1.5076000245264398,0.0555555555555555,0.0,0.0,0.4808879215773419,1.5579155090107306,0.0555555555555555,0.0,0.0,0.7853621254135019,2.370257180126068,0.1111111111111111,0.0625,0.0714285714285714,0.8029727357373228,2.4149362208063274,0.1111111111111111,0.0625,0.0714285714285714,0.1203995281125713,0.363310290370542,0.0,0.0,0.0,0.0815978412197584,0.5050923680117038,0.0,0.0,0.0,0.5262617494044379,1.7705945666250171,0.0555555555555555,0.0,0.0,0.6116603614633105,1.8513629787381247,0.0555555555555555,0.0,0.0,-0.0543207750824331,0.2308956474362727,0.0,0.0,0.0,0.8928571428571429,0.75,0.7142857142857143,0.6428571428571429,1.0,1.5631940186722204e-13,19.843677640193512,0.2607984122456516,-0.5833574040833486,0.0,18.427192063372253,0.542537500974607,-0.5807811181881387,0.0,11.504532031902643,0.6895235789583682,0.1021156891103624,0.0,7.040449331163138,0.6827057428520185,0.4414285534163655,0.0,7.145834894687697,0.9462962121408562,0.3421706127025228,0.0,4.76071879713362,0.7050837556434519,0.5310229088084263,0.0,18.42529415160313,0.2965138310215074,-0.7467884213067835,0.0,18.034183576410022,0.8273760304640573,-0.4086873773310661,0.0,17.93396017784121,0.6046980601881812,-0.5830094618297695,0.0,18.38442535302699,0.6430792589932012,-0.6497091613671284,0.0,18.4213919927041,0.6116667341079487,-0.6933621670878725,0.0,14.035858831210025,2.31148034330928,0.0299770289170447,0.0,15.739174236833732,0.7638711671665406,-0.3666306732506176,0.01,16.55303534863673,0.9525627274892172,-0.2846261062842689,0.0,10.226523451547138,0.8190128156933127,-0.171400574915529,0.3633333333333333,18.16163131461799,0.6313731859471411,-0.5536019020092268,0.0,2.487938145684264,71,"[1.0, 0.4972049126496034, 0.3946544756048972]","[0.0, 1.6406107254011517, 4.381705907365487]",0.6523010010648637,0.8838969635785733,13.6324265032063,0.3091260238427769,4.875760416835815,410.1975115735634,0.1909167868652084,0.213559281917735,5.247968162729021,0.4711097836874057,0.0061545165720639,0.2057983462382921,4.0,"{""overproduction"": 1.4877862938832347, ""waiting"": 0.38927394758487366, ""defects"": 3.7155597210926956, ""inventory"": 0.3622725935137835, ""transport"": 0.7522901018257939, ""motion"": 0.3244980225884266, ""over_processing"": 0.26953152230140803}"
66.54596596493522,0.446748339305656,1.4557534002942665,0.0,0.0,0.0,0.4756584997856544,1.401762741760664,0.05,0.0625,0.0714285714285714,0.7171812786936078,2.427411874314411,0.0,0.0,0.0,0.7559420510426099,2.427648459224394,0.05,0.0625,0.0714285714285714,0.1071841433565775,0.4534900644529579,0.0,0.0,0.0,0.1388307977772172,0.668493380258404,0.0,0.0,0.0,0.5550104101898429,2.02392726784862,0.0,0.0,0.0,0.621135263405599,2.062656365694465,0.0,0.0,0.0,0.0334941963474171,0.2823516128854549,0.0,0.0,0.0,0.8928571428571429,0.7142857142857143,0.8214285714285714,0.6071428571428571,0.8928571428571429,1.1368683772161605e-13,15.557029187243993,0.1924850223975695,-0.1601999047829679,0.0,14.830922237941932,0.2066348669489847,-0.0972888148083544,0.0,12.173370206729114,0.1507452497270213,0.3480645717186886,0.0,12.173370206729114,0.1507452497270213,0.3480645717186886,0.0,9.16704806990055,0.1949959070257514,0.451373070007155,0.02,12.173370206729114,0.1507452497270213,0.3480645717186886,0.0,14.4944781878227,0.2810044860508244,-0.0956428507063161,0.0,14.622199906140128,0.2127488898049104,-0.0569012258185826,0.0,13.990780175572311,0.2443335563719711,-0.1437253064892932,0.03,14.700152552541963,0.19119470379196,-0.0592705212240476,0.0,14.140957953798354,0.1852919172959213,-0.0483546246029241,0.01,9.51098650067161,1.4111409059600566,-0.6732403727818935,0.1066666666666666,12.917836645462655,0.282934203548181,0.1190826683817592,0.0066666666666666,13.31132318856912,0.4304096561969972,-0.293286681312381,0.05,11.04337256438639,0.2388222664065663,-0.0571153221969502,0.2266666666666666,13.619824528268742,0.3235195954246797,-0.1303089309063304,0.0333333333333333,1.659304453221231,72,"[1.0, 0.5722298920482738, 0.4120909371969358]","[0.0, 3.859736186097524, 6.554735688666997]",0.327735844823279,0.2376793288168406,13.395994972132224,0.7858055537467754,11.935200319938444,153.99777322502035,0.0784389366033481,0.332503844779714,6.031276809805393,0.37541872719297,0.0084662703801396,0.2354358838092813,4.0,"{""overproduction"": 0.8454836567440451, ""waiting"": 0.6571739403108671, ""defects"": 3.2668041808393564, ""inventory"": 0.5451421698081476, ""transport"": 0.6717776197532639, ""motion"": 0.34587707480260255, ""over_processing"": 0.26473152383548726}"
94.778665987628,1.4328168059364228,5.057055721291027,0.0476190476190476,0.0555555555555555,0.0625,1.6023041737517552,5.2354452471826125,0.0952380952380952,0.1111111111111111,0.125,1.7521759553988612,6.365880002734987,0.1428571428571428,0.1111111111111111,0.125,1.9200841108021471,6.542517996932465,0.1428571428571428,0.1111111111111111,0.125,0.7833382855776342,3.359765338757612,0.0,0.0,0.0,0.8058967326493708,3.605208665433859,0.0,0.0,0.0,1.5394655664237402,5.496958089508532,0.0476190476190476,0.0555555555555555,0.0625,1.6135423126400108,5.5920054917574085,0.1904761904761904,0.1666666666666666,0.1875,0.0413002218078297,0.3547705062919926,0.0,0.0,0.0,0.8214285714285714,0.6428571428571429,0.6071428571428571,0.6071428571428571,0.9285714285714286,1.8474111129762605e-13,24.44663056550777,0.4930650971258009,-0.1245384950632085,0.0,18.764935454458826,1.5968460542725018,-0.044872213757108,0.0,10.724982963314558,0.1572849524400646,0.6536101950030462,0.0,10.639672006464815,0.1572849524400646,0.6563655229889617,0.0,9.751047425812128,0.226294398937469,0.6537553391724585,0.0,7.513276025667576,0.1031777643556593,0.7350332246409227,0.01,14.42184314043139,1.7579206916942227,-0.1372846638846143,0.0,18.008140408426826,1.5613277644713408,0.0741943041241466,0.0,15.936321716782404,2.6914224812981944,0.0963602984519063,0.02,17.938314209730294,2.1523171691954945,-0.0624814083248841,0.0233333333333333,15.843666885964147,1.974902575951431,-0.0655898817278874,0.0733333333333333,13.795175057628924,4.986281209383352,-0.8203597742898703,0.1133333333333333,8.874044536670525,4.815668372374401,0.1144838865577742,0.07,11.927847762842276,1.454073954260938,0.1739706670223261,0.0633333333333333,13.276123878472497,0.5745920670228837,0.3219548843992901,0.2733333333333333,14.6037369361116,2.638962383391961,0.1379926454854939,0.0433333333333333,1.5553656504047817,73,"[1.0, 0.6245341301417207, 0.16615851369977544]","[0.0, 5.2256145626504535, 13.597621144771248]",0.7251749354659035,0.2557610363426642,14.680714955101855,0.8113564401414004,2.701592853378818,273.6375484335715,0.2102003738785388,0.1041215279676134,8.940192892183738,0.6997565064445969,0.0172995213485479,0.1796259934343766,4.0,"{""overproduction"": 1.9067898324573345, ""waiting"": 0.8186814878774968, ""defects"": 2.9808298778246094, ""inventory"": 0.6482299719827642, ""transport"": 0.7515144543713312, ""motion"": 0.18349571187110394, ""over_processing"": 0.3329272262009022}"
64.99694202827489,0.5252823860946865,1.2646408681386652,0.0625,0.0714285714285714,0.0,0.6778004962503356,1.3878950025082355,0.0625,0.0714285714285714,0.0,0.7771472590341435,2.186504443013541,0.0625,0.0714285714285714,0.0,1.05729803300725,2.3557573028749106,0.0625,0.0714285714285714,0.0,0.0616642986814726,0.2722273777345176,0.0,0.0,0.0,0.0869983202511917,0.275042245695091,0.0,0.0,0.0,0.4943577837145247,1.6281886882943897,0.0625,0.0714285714285714,0.0,0.6303652128015179,1.7256035662321758,0.0625,0.0714285714285714,0.0,-0.0827631501273017,0.2629855839292329,0.0,0.0,0.0,0.9642857142857144,0.9285714285714286,0.7142857142857143,0.6428571428571429,0.9642857142857144,7.105427357601003e-14,10.098080593417563,0.7555067920440032,0.222206687742081,0.0,8.27807347362435,0.9464084701838944,0.322281685576667,0.0,6.6541736571144,0.5245962291933769,0.5624609382203143,0.0,6.6541736571144,0.5245962291933769,0.5624609382203143,0.0,5.4446396742306495,0.8256648056597727,0.5621608920896363,0.0233333333333333,6.443272636294096,0.6225345210147512,0.5632468483354833,0.02,6.950268149517698,1.0021052649595854,-0.0799146342059086,0.0,7.703805031953355,0.8622854605398746,0.2753967783238999,0.01,8.041617862673482,0.9663354231507132,0.3199487082714009,0.0,5.494342257264121,1.0259460000026654,0.2761370499272552,0.2233333333333333,4.822886929087823,0.874439814059768,0.5283030761401968,0.0066666666666666,5.414202697044734,1.31372749987865,-0.0504586388392502,0.3166666666666666,7.142957095537822,1.0553611480247524,0.0740262425288527,0.0,7.362125054908596,1.1026661765572416,0.126832010863524,0.01,5.891772452997782,0.8622254306210264,0.3577861503278067,0.1966666666666666,7.45295874643475,0.9354228387328316,0.2396414248843739,0.0,2.186087650835591,74,"[1.0, 0.6788351482341982, 0.3670711129432398]","[0.0, 0.2769470205611528, 0.6660244336870402]",0.7784707536165899,0.13368891403694,6.763806039864118,0.4347319222743013,11.09539830942612,250.8750841699644,0.2566548067531407,0.3993841268200979,6.424942011949189,0.3493953124196998,0.0120003875342414,0.2996122023489151,4.0,"{""overproduction"": 1.208120853650509, ""waiting"": 0.6184632713772766, ""defects"": 2.3121469303597455, ""inventory"": 0.5051239522007841, ""transport"": 0.5929922489806293, ""motion"": 0.31894768553181635, ""over_processing"": 0.42727250045064485}"
67.63126542373692,0.7390548890710614,1.833018882323063,0.1176470588235294,0.1176470588235294,0.1333333333333333,0.7698071580380861,1.8757307143266684,0.1176470588235294,0.1176470588235294,0.1333333333333333,1.022924235224503,2.6402838425647834,0.1176470588235294,0.1176470588235294,0.1333333333333333,1.0124638183755497,2.60913959926239,0.1176470588235294,0.1176470588235294,0.1333333333333333,0.3588782432552591,0.971287741105048,0.0588235294117647,0.0588235294117647,0.0666666666666666,0.3420169480947029,1.0147509203986684,0.1176470588235294,0.1176470588235294,0.0666666666666666,0.6782418170263991,2.1957532630786187,0.1764705882352941,0.1764705882352941,0.1333333333333333,0.7158095031958084,2.293847002716839,0.1764705882352941,0.1764705882352941,0.1333333333333333,0.1230803173695912,0.4588507655470058,0.0,0.0,0.0,0.8928571428571429,0.7142857142857143,0.5714285714285714,0.3928571428571428,0.9285714285714286,9.947598300641405e-14,34.03121270744007,0.4468972555239527,-0.6128804205626942,0.0,31.847876908302023,0.9005858297188344,-0.5060924462867886,0.0,30.78576264257122,1.2911956014764874,-0.4643472800341374,0.0,30.1100082651472,1.0446714513619373,-0.4276520591080826,0.0,18.60056025247309,5.757629959644138,-0.2212852639832575,0.0966666666666666,26.82137715739604,1.4041130007129994,-0.3599342753065188,0.0,31.25027317129296,0.8284760085723691,-0.4724665859411556,0.0,30.283748624215807,1.0513630574628403,-0.5404707614392431,0.0,31.590329735069652,0.8598296245953236,-0.484695803255431,0.0,31.241366715665425,1.1826527099344468,-0.5410866377133579,0.0033333333333333,29.05692219464262,1.2644651379734653,-0.5339928713531901,0.0066666666666666,20.289726075214453,5.272660870569072,-0.4427088421782607,0.0033333333333333,21.527438385454165,5.6532065482988685,-0.5132846384671731,0.0633333333333333,30.11503451167709,0.8850451934176544,-0.5673992954422588,0.0,26.12814953047563,0.9604521351227786,-0.5298256973322483,0.17,30.408449544508656,0.9748354652971832,-0.4883643794437509,0.0,2.1272160074128794,75,"[1.0, 0.8157526412233914, 0.18574213817146584]","[0.0, 0.7762380844090517, 1.3465733393234642]",0.4926468495599742,0.945322913852986,11.898538512183467,0.5603989696423066,12.098479839655056,302.0947111356089,0.0712649088714323,0.4293486170105348,3.1098360349387155,0.661757108980104,0.0179297186973173,0.0813687523381029,4.0,"{""overproduction"": 2.0270608845157785, ""waiting"": 0.36456711468221364, ""defects"": 2.531535994325652, ""inventory"": 0.3907043127410436, ""transport"": 0.660400531227086, ""motion"": 0.33731261622267417, ""over_processing"": 0.18751574094191642}"
70.42766299834003,0.4710511233197664,1.3703190538207912,0.1666666666666666,0.0666666666666666,0.0833333333333333,0.5585167970665849,1.6116233235097557,0.1666666666666666,0.0666666666666666,0.0833333333333333,0.7610897168747727,2.157378821675712,0.1666666666666666,0.0666666666666666,0.0833333333333333,0.8068870321081495,2.3859626579794453,0.1666666666666666,0.0666666666666666,0.0833333333333333,0.0535334010009218,0.271268146198752,0.0,0.0,0.0,0.0218284992734222,0.2743298859388366,0.0,0.0,0.0,0.5753957859308295,1.5348671526280533,0.1111111111111111,0.0666666666666666,0.0833333333333333,0.6486206107270808,1.8849463342274533,0.1111111111111111,0.0666666666666666,0.0833333333333333,-0.0452485138418638,0.2814332585925181,0.0555555555555555,0.0,0.0,0.7857142857142857,0.8214285714285714,0.6785714285714286,0.6071428571428571,0.8928571428571429,1.5631940186722204e-13,29.52793783016324,0.0842325592681489,-0.1470601458022382,0.0,28.41953509274286,0.2130196359358283,-0.1203660304360851,0.0,25.578591851497453,0.3841015110250957,-0.0036309057414679,0.0,26.53777315819469,0.2426264983020994,-0.068463803357765,0.0066666666666666,27.019007599743965,0.2090292148884555,-0.144576976375011,0.01,27.642724595029783,0.2426264983020994,-0.0944312689879929,0.0066666666666666,26.205539989191912,0.286084281094945,0.0237727645045457,0.0,28.519874808892745,0.187644963277073,-0.1353605872897184,0.0,27.973624262523234,0.2127133265436932,-0.0879458271868765,0.0,28.43793494162813,0.1648262154280682,-0.1348687473849035,0.0,27.815501540618115,0.1362796893953596,-0.1441741377588364,0.0,25.1223675941445,0.3910182382528565,0.0070060469120104,0.0,25.326768872232044,0.4654907030750136,-0.1658803537584432,0.0066666666666666,26.939141780120213,0.2697919742478136,-0.2007466315360525,0.0066666666666666,26.833501386952783,0.2503008617685981,-0.1492054119222874,0.0,27.68258764305437,0.2505711451226036,-0.0652082000766691,0.0,1.0360378717262329,76,"[1.0, 0.5199301142555459, 0.20760348828161013]","[0.0, 0.9630792757144853, 2.040329648003346]",0.2417913402743162,0.6198444458862084,24.43588073822807,0.6715030544857619,3.5327166248997024,106.6219538950677,0.1127338054426343,0.4804472636918431,3.1946186443092968,0.3028771465878104,0.0170732470058897,0.1901915747910281,4.0,"{""overproduction"": 0.4896092324257334, ""waiting"": 0.5521406335489588, ""defects"": 5.781480872179982, ""inventory"": 0.21643150015030588, ""transport"": 1.0358405396791879, ""motion"": 0.3275069942153118, ""over_processing"": 0.1814648144464438}"
87.1946283345431,0.6912925238719521,2.400088157496892,0.1363636363636363,0.1052631578947368,0.1176470588235294,0.7201551018490983,2.4064395846979734,0.1363636363636363,0.1052631578947368,0.1176470588235294,0.8416600666942823,3.446034900652472,0.1363636363636363,0.1052631578947368,0.1176470588235294,0.8985775578301899,3.490734755040447,0.1363636363636363,0.1052631578947368,0.1176470588235294,0.1635210435280368,0.7467539662007501,0.0,0.0,0.0,0.2637025853372993,0.6929930652744997,0.0,0.0,0.0,0.7211267049672118,2.764777443987008,0.1363636363636363,0.1052631578947368,0.1176470588235294,0.8263381362577107,2.8099962269084777,0.1363636363636363,0.1052631578947368,0.1176470588235294,0.0247079254060854,0.2623691769183186,0.0,0.0,0.0,0.8928571428571429,0.8928571428571429,0.4642857142857143,0.5,0.9642857142857144,1.7053025658242404e-13,28.671559730458537,1.5506752566005526,-1.2803295138407105,0.0,26.23168181742431,2.978620915645098,-1.1789180527765153,0.0,7.75315187098689,1.0862163274581214,0.4324326300483122,0.0,7.522930070100558,1.0862163274581214,0.442562765455811,0.0,13.94519452345197,1.2437780840169683,-0.2989670916721374,0.06,10.720352485342802,1.4459583344048554,0.1087904145501267,0.0033333333333333,24.7584032668355,4.465776849407728,-1.1580978860579816,0.0,26.07540916803764,2.945902360961782,-1.1567554957026729,0.0,25.42554454090449,2.301137336208387,-1.107070388714083,0.0033333333333333,25.19027607709321,4.022384333154442,-1.5263076404868714,0.0166666666666666,25.16334918930236,4.021799946675321,-1.5263652395023015,0.0166666666666666,24.7584032668355,4.465776849407728,-2.3281785572529,0.02,24.805678863848385,4.149314574144039,-1.6675544572023635,0.03,24.17174132624984,2.975677076222428,-1.3395712095367602,0.02,11.848032894778871,1.463831568350252,-0.1236854112789794,0.1466666666666666,24.813398915508493,2.6003242346462714,-1.1508722412400278,0.01,5.548199770466463,77,"[1.0, 0.8384146264355237, 0.611202810836297]","[0.0, 6.4341461698350955, 13.459531186764163]",0.3004146298087998,0.8457274810351767,18.20235300498528,0.3866301172009724,14.745825765055155,611.4780961644751,0.1493240355546578,0.4479484119590289,6.1448542675202775,0.5016383362724041,0.0097595813740298,0.0900613301746773,4.0,"{""overproduction"": 1.6312355962822758, ""waiting"": 0.4484887303390298, ""defects"": 1.4124365671750958, ""inventory"": 0.6003729624698014, ""transport"": 1.4660433339078667, ""motion"": 0.24675387189288056, ""over_processing"": 0.5629366103384791}"
59.53327653052919,0.5423134550680799,1.1735937348004175,0.0555555555555555,0.0769230769230769,0.0,0.6872536707862736,1.417999972392406,0.1111111111111111,0.1538461538461538,0.0909090909090909,0.8823614215394436,2.268148070685822,0.1111111111111111,0.1538461538461538,0.0909090909090909,1.0315500302781218,2.509769155675677,0.1666666666666666,0.1538461538461538,0.0909090909090909,-0.0466788256914156,0.3322248708653816,0.0,0.0,0.0,-0.008443067414647,0.3368517725105168,0.0,0.0,0.0,0.5794884796489905,1.723894880552824,0.1111111111111111,0.1538461538461538,0.0909090909090909,0.6682659383005457,1.8321210005840516,0.1111111111111111,0.1538461538461538,0.0909090909090909,-0.036322698388145,0.1735214876381975,0.0,0.0,0.0,0.9642857142857144,0.9285714285714286,0.6785714285714286,0.6428571428571429,1.0,5.684341886080803e-14,17.615282147654874,0.3462096454168492,0.0121206131925478,0.0,15.582335521931366,0.7286369740561719,0.1537612996997064,0.0,15.208995901389764,0.2597465115905604,0.2471757101896359,0.0,15.213756541844807,0.2545075533986842,0.2494717464945806,0.0,12.41438682478128,0.4005049673014014,0.2808175728671003,0.0033333333333333,12.4901249733866,0.5755238862704918,0.224054583198474,0.0566666666666666,15.213756541844807,0.2545075533986842,0.2494717464945806,0.0,15.110005759496328,0.591000155176678,0.1709929450255959,0.0,14.340604361794105,1.0002754614339178,0.0700556494201152,0.0,12.571596242724272,1.6856278279299624,0.1728863742315459,0.05,8.881622687655073,1.7309436943192549,0.3314455051246438,0.1433333333333333,9.36221340578254,2.958276633044896,-0.3410583461399873,0.03,9.42592601961618,1.009070170297051,0.2034116672250372,0.0166666666666666,9.816859741424718,1.141234039563324,0.2059596267091021,0.0233333333333333,14.237946897406523,0.451726239127507,0.1837171029046178,0.02,13.610033814566323,1.1428197398085245,0.098261146328978,0.0,2.0966402198382355,78,"[1.0, 0.8495180204936561, 0.3803548074592247]","[0.0, 3.1694314401738564, 6.246039954598391]",0.3657440574197005,0.4447442161600801,8.717793989697553,0.3142694893773016,8.81623833737246,374.19254645843694,0.139706201663951,0.3708778587220465,0.5709487180181594,0.4235125762947005,0.0163151153899902,0.1727319107926898,4.0,"{""overproduction"": 0.6491146848606062, ""waiting"": 0.47441206477880504, ""defects"": 2.05955860017559, ""inventory"": 0.5333704885320693, ""transport"": 1.2068450666960677, ""motion"": 0.1737932204265099, ""over_processing"": 0.20649289334889284}"
54.92342954985235,0.4787020762539012,1.1733698767541385,0.05,0.0,0.0,0.6097392551455928,1.3019210516433166,0.05,0.0,0.0,0.6074424030055617,1.66363081930179,0.1,0.0625,0.0769230769230769,0.654500210422348,1.737723840813611,0.1,0.0625,0.0769230769230769,0.0835680161868364,0.4792269636979073,0.0,0.0,0.0,0.099991195003277,0.5715873573061327,0.0,0.0,0.0,0.3479692675769956,1.3001107507519627,0.05,0.0,0.0,0.4381554300784808,1.3936237416249522,0.05,0.0,0.0,-0.0567224222744274,0.252153532502784,0.0,0.0,0.0,0.8214285714285714,0.75,0.6428571428571429,0.5357142857142857,0.9285714285714286,9.947598300641405e-14,20.13437965107532,0.2916267442445841,-0.2494834686766687,0.0,18.68005619180208,0.6603976507946501,-0.1463191553568491,0.0,14.817248880374583,1.1941707015470973,0.081193356423051,0.0,-2.759096109693724,1.9443936652682132,1.1724207976652632,0.0,-4.694512434991146,1.7750743341117845,1.3770752758049365,0.0,-3.070231103346046,1.9686089430140683,1.189302490302981,0.0,14.170081230287376,0.5418896937110291,-0.2749766963582484,0.0,17.439392329622297,0.9940465942553264,-0.1832532394297713,0.0,16.774849292940072,0.9683329518419168,-0.1313058093948676,0.0,17.14260502770916,1.5492549450508537,-0.0565353918524856,0.0,16.672902538170007,1.5487518799493352,-0.0537239651095246,0.0,16.084920043040427,2.1873110204826505,0.0651419710264201,0.0,15.150533293488152,1.4926934006837302,-0.072484062768569,0.0266666666666666,16.79348130835372,1.058139115372501,-0.1327295224307149,0.0,11.211362666387815,0.4626742484430616,-0.290698950641546,0.3133333333333333,17.074326391363535,1.151033515685308,-0.0588099397241304,0.0,4.2455333198674365,79,"[1.0, 0.6078074381744463, 0.26765270639115896]","[0.0, 2.898411686196719, 9.342266260160551]",0.8444918408113042,0.8024004474991243,9.1437459323953,0.3178218741160504,10.54947795901328,412.4505854243335,0.301399758953107,0.1399525481009533,8.57628876980231,0.4542097803829006,0.0068716310141259,0.2087397154584729,4.0,"{""overproduction"": 1.2278339049188944, ""waiting"": 0.3401685319785133, ""defects"": 1.4250106733315429, ""inventory"": 0.3410780767681246, ""transport"": 0.8183169166775986, ""motion"": 0.2507573985048811, ""over_processing"": 0.41791370062301236}"
59.00761312601893,0.4285735393349902,1.1699829361535874,0.0454545454545454,0.0,0.0,0.4445027157849429,1.1565716403637254,0.0454545454545454,0.0,0.0,0.6033136669619962,1.70686183791098,0.0909090909090909,0.0526315789473684,0.0666666666666666,0.5945142438444788,1.6570536108579277,0.0909090909090909,0.0526315789473684,0.0666666666666666,0.065765416718586,0.4204212413366278,0.0,0.0,0.0,0.0686263103445179,0.4439276182465432,0.0,0.0,0.0,0.4176202678467272,1.3777038848814684,0.0454545454545454,0.0,0.0,0.4553883756749384,1.432152251228365,0.1363636363636363,0.0526315789473684,0.0666666666666666,-0.0137347795267663,0.1330454776570143,0.0,0.0,0.0,0.6785714285714286,0.8571428571428571,0.6071428571428571,0.7142857142857143,0.9642857142857144,9.947598300641405e-14,16.384161606507046,0.2043747976339456,-0.553692027788206,0.0,13.924006080990672,0.7965975414792112,-0.4074106550614976,0.0,3.702352689340651,0.4002438743526869,0.7379231526988946,0.0,2.427230935697072,0.2247332183194947,0.8259750686068269,0.0033333333333333,0.9652721417687437,0.5747660744692985,0.9148408720994088,0.0066666666666666,3.4755211418449434,0.2655632215100485,0.7464907034352626,0.0033333333333333,9.12728909800179,3.451497601908236,-0.3187397331959323,0.0,13.505134227807233,1.319307898030769,-0.4662728753465425,0.0,13.556345931432546,1.021887619030966,-0.4626335171438691,0.0,12.573962028515783,1.582716327732408,-0.3457554379888316,0.0,10.63678944549906,1.7551646010961046,-0.049848399576102,0.0066666666666666,9.629287199228234,3.246848478697551,-0.5592494362420348,0.0533333333333333,12.394793946935488,1.0140693720157097,-0.5287805864209817,0.06,11.35825501747622,2.4477912567458957,-0.4855000181679986,0.0066666666666666,3.922932597723201,0.2470800280428561,0.0758339899524464,0.6533333333333333,13.09729528147908,1.1992430023885496,-0.4515136581909605,0.0,2.6483578126106813,80,"[1.0, 0.47850335631716107, 0.3691073761166793]","[0.0, 6.849856951365081, 12.346625723363683]",0.5871118288953667,0.3778874872166224,18.110881852147585,0.8927188983914496,11.33232313186429,59.32262485528138,0.3202763364348928,0.4547147533906973,0.1869425974382371,0.4017374606894028,0.0186782586550136,0.171834864719179,4.0,"{""overproduction"": 0.6402960534814296, ""waiting"": 0.3648027736903768, ""defects"": 2.9197821349836475, ""inventory"": 0.2863169169946176, ""transport"": 0.8750627266185677, ""motion"": 0.29220225747364165, ""over_processing"": 0.3118524177177047}"
78.92368325456563,1.101326275694565,2.8163274353611376,0.1111111111111111,0.125,0.1538461538461538,1.175352989047613,2.7470981069837386,0.1111111111111111,0.125,0.1538461538461538,1.3260537390848868,3.9525856338462666,0.2222222222222222,0.1875,0.2307692307692307,1.4780641703033148,3.960767586786086,0.2222222222222222,0.1875,0.2307692307692307,0.2800077378051811,1.420464709600402,0.0,0.0,0.0,0.2598084170349654,1.5686102268891569,0.0,0.0,0.0,0.8921891944834334,3.2703135869592703,0.1666666666666666,0.125,0.1538461538461538,1.043220951604508,3.2931208055579857,0.1666666666666666,0.125,0.1538461538461538,-0.0134248462148354,0.563127231115453,0.0,0.0,0.0,0.9285714285714286,0.8571428571428571,0.6071428571428571,0.4642857142857143,0.9642857142857144,1.9895196601282805e-13,23.6043096760676,1.5039531940444857,-0.0724045567373058,0.0,21.96135465093793,1.5365507815147512,0.0457160855655337,0.0133333333333333,21.10337308684223,1.2918445791305382,0.1598756183808724,0.0,20.632979864082028,1.2907058438105832,0.1687212342112861,0.0033333333333333,13.289597345457894,4.347659324476688,0.2218835965299776,0.0866666666666666,18.22852552488712,2.0391287674693848,0.2154947750157883,0.0166666666666666,21.043223011390378,1.2775904311401305,0.1644069081682648,0.0,21.370876218459724,1.3716149805671405,0.0690927349699051,0.0,20.357194310074323,2.1757968766137554,-0.0341698475964568,0.0166666666666666,21.39801785857841,1.7886262326222708,-0.0695205846631298,0.0333333333333333,20.62398085806002,1.582647093921932,0.0141677423868707,0.0166666666666666,6.153916389293098,8.959101124946553,-0.095358523962675,0.2133333333333333,15.030711416925008,1.6015517163108832,0.1902091523012658,0.0733333333333333,15.59285968598455,2.1508596165088445,0.1945942697883811,0.0166666666666666,17.998330600715754,1.3554659332145809,0.0995098717181041,0.1833333333333333,19.430554330865142,2.1691318806494078,0.002516140698521,0.0166666666666666,1.8502135474606964,81,"[1.0, 0.6946296529551733, 0.2599529240634828]","[0.0, 0.3853112533527115, 0.7075420483883016]",0.8371352347199975,0.1278877551592367,19.56188443107149,0.5313488662255932,11.77460653627668,557.3920877062938,0.0627459551269145,0.4813264634777643,11.523102571236103,0.6827718725842549,0.0152878905266973,0.2136535854104316,4.0,"{""overproduction"": 1.7553069585532965, ""waiting"": 0.5026244895215064, ""defects"": 1.8903951209870882, ""inventory"": 0.2842501370159823, ""transport"": 0.7608134453665957, ""motion"": 0.5061338513459458, ""over_processing"": 0.4110437409248999}"
68.44499375857573,0.6280367071614119,1.3005693538188514,0.0714285714285714,0.0714285714285714,0.0,0.8139670971487858,1.565463850912455,0.0714285714285714,0.0714285714285714,0.0,0.680016366547739,1.5581611296485236,0.0714285714285714,0.0714285714285714,0.0,0.8817029571030348,1.881159356580599,0.0714285714285714,0.0714285714285714,0.0,0.0126679868972383,0.3047745337594129,0.0,0.0,0.0,0.0046769904141801,0.4261308936900403,0.0,0.0,0.0,0.3110856201204353,0.8954932687221255,0.0714285714285714,0.0714285714285714,0.0,0.4121669695383639,1.061145378596878,0.0714285714285714,0.0714285714285714,0.0,-0.0130487791818449,0.1012870808527674,0.0,0.0,0.0,0.8928571428571429,0.75,0.6785714285714286,0.6428571428571429,0.8928571428571429,1.1368683772161605e-13,16.800900807486926,0.7847487810406183,-0.3683099722829237,0.0,15.746651703653422,0.8282834636374053,-0.3002023507890172,0.0,13.230621826658108,1.6945098507009475,-1.6344098028385132,0.0,1.761751101342493,0.7612665881988736,0.6503541252848906,0.7433333333333333,5.251140064450272,0.7533473551153126,-0.0851610663335678,0.75,6.293366720482366,0.8022465399028745,-0.438274100321232,0.5633333333333334,15.229419598775245,0.94508989291028,-0.1171629868280675,0.0,15.51501559515616,0.8860400692239866,-0.2678102611933189,0.0,15.01987797180585,0.9742021095763712,-0.2144486974671148,0.01,15.568467471824327,0.9519710670454584,-0.2970935857484197,0.0,15.460935590017192,0.9514482112888892,-0.271330554541797,0.0,15.384617948246063,1.0999987052963478,-0.5075078544073658,0.01,14.953790043740884,0.9156802188702032,-0.3809979784398258,0.0,14.920034255787549,0.8770245762029818,-0.4334457757939204,0.0,7.748385835521337,0.8824478587340798,-0.1168183899012176,0.4433333333333333,15.16737538316726,0.8723226452711443,-0.3382717206459716,0.0033333333333333,2.530307375703447,82,"[1.0, 0.47798605985458276, 0.23760762826603504]","[0.0, 0.013562766697486218, 0.026336576332410266]",1.071728724920276,0.1786235109693399,22.237817865805287,0.4482514142420327,0.3969867587312747,207.2801255125967,0.1766790940488763,0.8395235875238811,8.64151473091431,0.3335663455024775,0.0089511466454051,0.2312520690888193,4.0,"{""overproduction"": 0.8360726359371099, ""waiting"": 0.4195815019944785, ""defects"": 2.7510463518968646, ""inventory"": 0.3390840792160344, ""transport"": 0.48069071924539586, ""motion"": 0.20051862202430815, ""over_processing"": 0.7215528493522685}"
77.61539183430256,0.861488314279429,2.5693852451684336,0.1,0.1176470588235294,0.0666666666666666,0.8383889283045917,2.56640816897002,0.1,0.1176470588235294,0.0666666666666666,1.1823813847314757,3.865634775565168,0.15,0.1764705882352941,0.1333333333333333,1.1315553596051642,3.77947459970459,0.15,0.1764705882352941,0.1333333333333333,0.3915037359227528,1.2934420343032424,0.0,0.0,0.0,0.367034794095662,1.3005457186688345,0.0,0.0,0.0,0.860594188223632,3.3244581139260863,0.1,0.1176470588235294,0.1333333333333333,0.9025550225306744,3.326186086301795,0.15,0.1764705882352941,0.1333333333333333,0.0687248636333245,0.2611250042665117,0.0,0.0,0.0,0.7857142857142857,0.7857142857142857,0.6428571428571429,0.5714285714285714,1.0,1.5631940186722204e-13,19.597295974677618,0.253762951131655,-0.4965472620938181,0.0,17.786559478318026,0.3633107098236132,-0.3611471203861792,0.0,14.731671429687962,0.1443904596262081,0.2003419928176442,0.0,14.694101899710144,0.1407809439840478,0.2043282333882118,0.0,11.001737327747746,0.1912662787756111,0.2741016383848906,0.0,13.926691833261271,0.2986075008266321,0.0982099562573722,0.0,16.14092778926082,0.6389972074896115,-0.3538107314609062,0.0,17.58439201956748,0.8750997048691751,-0.4840119519670392,0.0,16.91421727533008,0.5148332078045095,-0.4286120288875702,0.0166666666666666,17.08609949448994,0.9404648080664686,-0.70563455994901,0.03,17.327632867510093,0.9468503264519804,-0.7010297284496056,0.02,14.881394535266818,2.3187597567121294,-1.4158380562518982,0.0733333333333333,13.139108421842748,1.2592972913759777,-0.5030480935689321,0.02,16.35874570428385,0.8726998557431801,-0.5869880105919163,0.0133333333333333,17.206425273497864,0.5675884720912436,-0.3561627105888791,0.0066666666666666,16.636716843734188,0.5029456577592029,-0.3594097952180308,0.02,2.181005735903248,83,"[1.0, 0.6867919359202674, 0.402776612084207]","[0.0, 2.006774705592586, 4.596146510501403]",0.3935159292223945,0.4711411612118443,19.696115081682063,0.6816013333338269,6.669599906401807,116.38922917594688,0.0909152068543607,0.7561329070989913,4.319161997117754,0.5792909868386826,0.0080650099214642,0.0853522972131984,4.0,"{""overproduction"": 0.8968626136992804, ""waiting"": 0.4698268401613217, ""defects"": 2.726450331772087, ""inventory"": 0.503054900904611, ""transport"": 1.220679723474947, ""motion"": 0.39073267052112254, ""over_processing"": 0.44261333653224383}"
64.16789086075521,0.3859925064586909,0.9902203786363184,0.1,0.1052631578947368,0.0,0.5998657089834609,1.2885206392162076,0.05,0.0526315789473684,0.0,0.4872336184302371,1.1811632803073613,0.05,0.0526315789473684,0.0,0.6264668680373148,1.4760396165218916,0.05,0.0526315789473684,0.0,-0.0382497837060753,0.3545455251183599,0.0,0.0,0.0,0.0094832379079511,0.3227099191759944,0.0,0.0,0.0,0.2257250384952147,0.7551397486217022,0.05,0.0526315789473684,0.0,0.3618610765783602,1.0099878277981515,0.05,0.0526315789473684,0.0,0.0182893082102116,0.1209965684885178,0.0,0.0,0.0,0.6428571428571429,0.8571428571428571,0.6785714285714286,0.7142857142857143,0.9285714285714286,5.684341886080803e-14,21.792932188581457,0.4617496283119531,-0.4059830006024771,0.0,20.33052799176087,1.6556464902716093,-0.2656777700432393,0.0,18.501669897082788,3.0971361618349578,-12.80284144363476,0.0,14.29757910426877,3.0885794508807014,-9.313276829203696,0.0,12.57675109037836,2.407698772116991,-7.157671758373567,0.3166666666666666,13.160432857870632,3.040231195861292,-11.537012821280728,0.0666666666666666,18.501669897082788,3.0971361618349578,-0.1080075810101126,0.0,19.810551936685048,1.9663740231729805,-0.2286110782545391,0.0,19.26989603269412,1.8744246108250395,-0.2448159447577814,0.0,18.501669897082788,3.0971361618349578,-0.1080075810101126,0.0,18.501669897082788,3.0971361618349578,-0.1080075810101126,0.0,18.501669897082788,3.0971361618349578,-0.1080075810101126,0.0,18.651854104627414,2.6518759375443803,-0.1551351119411826,0.0,18.619914434377705,2.1523072097868763,-0.1946597740688326,0.0,10.337204475990983,0.6040033812282858,-0.264088082425516,0.3966666666666666,18.90734170793411,2.515507640860855,-0.1551724954437156,0.0,5.148408830120035,84,"[1.0, 0.5389343585423437, 0.24796046798631796]","[0.0, 3.770798586952581, 10.442917732152804]",0.9041059674738164,0.9726223773831724,18.22243347114218,0.346596495364629,3.7981260345557817,77.02476549299044,0.2345151136521575,0.2506611837597886,4.539285770785305,0.3114718769717287,0.0149646436653496,0.2220003195334352,4.0,"{""overproduction"": 0.933932923252199, ""waiting"": 0.24532378163262, ""defects"": 2.235447241491795, ""inventory"": 0.3222459878654299, ""transport"": 0.8801834309699992, ""motion"": 0.19570171020418092, ""over_processing"": 0.6360818246395906}"
67.26880955287385,0.4808650531334731,0.9093822655408916,0.0555555555555555,0.0625,0.0666666666666666,0.5544808250288799,1.060219696699422,0.0555555555555555,0.0625,0.0666666666666666,0.5361335744967154,1.2087243485046195,0.1111111111111111,0.125,0.1333333333333333,0.6067619567029663,1.3887636165871244,0.1111111111111111,0.125,0.1333333333333333,0.0455318299110163,0.2580191613485977,0.0,0.0,0.0,0.0480169948565964,0.2756098830455951,0.0,0.0,0.0,0.2952503036297921,0.8376108027660212,0.1111111111111111,0.125,0.1333333333333333,0.3554725023660964,1.0078439976716995,0.1111111111111111,0.125,0.1333333333333333,-0.0743843073615545,0.134890166854686,0.0,0.0,0.0,0.8571428571428571,0.8928571428571429,0.6785714285714286,0.6428571428571429,1.0,8.526512829121202e-14,32.06974404288928,0.4878259064468909,-0.4515699552505954,0.0,30.88660811410728,1.288720041250757,-0.3998399156914779,0.0,30.586038263517416,1.8647493504892136,-0.3641628414916767,0.0,24.11014062517033,1.5766495537955505,-0.0685005706239524,0.0,26.654012498397005,2.470504611622646,-0.1785214287734431,0.0,26.0493277883387,2.729364407077981,-0.1593722887522973,0.0,30.576188276590933,1.877306407615112,-0.3519425300915161,0.0,30.65589997757531,1.819733266935034,-0.3564994677115412,0.0,30.54306969646316,1.529053977489217,-0.3766922347158056,0.0,30.407482760956324,1.7678281565881575,-0.3560894964761878,0.0,30.412940667867552,1.7552710994622591,-0.356332904004961,0.0,30.576188276590933,1.877306407615112,-0.3519425300915161,0.0,29.60000173547376,2.0932898864198326,-0.3152215050762283,0.0,29.452482365129192,1.206239674525386,-0.3861741494318463,0.0,20.71491717785193,0.5386690408466344,-0.2105476477286143,0.06,30.03155109003003,1.6863791477819552,-0.3577214587135017,0.0,5.991126567103498,85,"[1.0, 0.7335031196344355, 0.23514808096930567]","[0.0, 5.476847466708834, 14.971953483944235]",0.4616485320401283,0.9399145587107938,24.859792077152598,0.4860291191070435,14.080480480749014,105.45208274582124,0.093943147583451,0.0612992418957241,10.331793385360916,0.3291484704999472,0.0137572812594664,0.1595371175782337,4.0,"{""overproduction"": 0.7513297664947162, ""waiting"": 0.20815264174425807, ""defects"": 3.335992274156646, ""inventory"": 0.6844874315114665, ""transport"": 0.5979254560564308, ""motion"": 0.22338619746043084, ""over_processing"": 0.3641825455355228}"
77.51249075349556,0.272477649745868,1.736558438812182,0.1363636363636363,0.1666666666666666,0.0714285714285714,0.2821558815980519,1.777151276378516,0.0909090909090909,0.1111111111111111,0.0714285714285714,0.6003770821103969,2.941068314858982,0.1363636363636363,0.1666666666666666,0.0714285714285714,0.6398425865824421,2.9264904899896846,0.0909090909090909,0.1111111111111111,0.0714285714285714,0.1525451428359749,0.7852925437511572,0.0,0.0,0.0,0.0883423489370155,0.8568552603715758,0.0,0.0,0.0,0.7767162433895084,2.689892130195323,0.0909090909090909,0.1111111111111111,0.0714285714285714,0.8437364273077811,2.6852870407667035,0.0909090909090909,0.1111111111111111,0.0714285714285714,0.0481545922988578,0.4726551832672962,0.0,0.0,0.0,0.8571428571428571,0.75,0.6428571428571429,0.6071428571428571,1.0,7.105427357601003e-14,33.5421427705414,0.6099258987506327,-1.0631071439443347,0.0,31.80346292052694,1.1363708899493674,-1.0448191746007591,0.0,17.43205514837746,0.0099171543642377,0.3981147908047641,0.0,17.43205514837746,0.0099171543642377,0.3981147908047641,0.0,12.294205473250038,0.5894113072671949,0.4615807269578934,0.0,17.43205514837746,0.0099171543642377,0.3981147908047641,0.0,31.701085475266115,1.7692129526194087,-1.386964552627762,0.0,31.39623017414187,1.2551786953357238,-1.0297667626491,0.0,31.575860374384938,1.1140927078062208,-1.1009724252840307,0.0033333333333333,31.33733797973618,1.6010423629348978,-1.2841399891008198,0.0,31.35259848351254,1.6010423629348978,-1.3182164789178867,0.0,31.74848046038953,1.7256568185468075,-1.6603011436517372,0.0,21.85942463835481,2.2639864434214028,-0.8343393894089056,0.0033333333333333,31.61608839733444,1.7692129526194087,-1.3925639029305024,0.0,24.57510166693928,0.2916704851013296,-0.175165763191778,0.04,31.374765987118312,1.2411083598756116,-1.243896737154382,0.01,3.2581833252712027,86,"[1.0, 0.8429196357663731, 0.2649122854650384]","[0.0, 8.4668051232218, 14.474785543978825]",1.1018054154233212,0.4235748535953356,19.59914265644504,0.5915230807868253,12.298124648473722,171.33958882256593,0.3046531960497669,0.1614815212434436,4.396478676094196,0.4707925503784887,0.0080973351006726,0.1189377831412578,4.0,"{""overproduction"": 0.8981910245628404, ""waiting"": 0.6044180051664796, ""defects"": 2.4566032265557736, ""inventory"": 0.4306313976043308, ""transport"": 0.8336971236075947, ""motion"": 0.2571499491740615, ""over_processing"": 0.2566036008803182}"
70.44229135408851,0.3805344414280526,0.9834777365007596,0.0476190476190476,0.05,0.0588235294117647,0.4990463534136594,1.1380628203862309,0.0476190476190476,0.05,0.0588235294117647,0.580196036882325,1.5673699392265377,0.0476190476190476,0.05,0.0588235294117647,0.678508584874123,1.7681880097806986,0.0476190476190476,0.05,0.0588235294117647,0.0170350214341686,0.2778167382728874,0.0,0.0,0.0,0.087227573484795,0.5380540445366119,0.0,0.0,0.0,0.4157162681494973,1.2071863351822507,0.0476190476190476,0.05,0.0588235294117647,0.5665054562402781,1.4541236269979343,0.0476190476190476,0.05,0.0588235294117647,0.0845322358249638,0.24624583701509,0.0,0.0,0.0,0.8571428571428571,0.8928571428571429,0.5,0.5357142857142857,0.8928571428571429,7.105427357601003e-14,17.431801182737434,0.4079528207927715,-0.4572425902029567,0.0,15.196429253522274,1.5347195775959728,-0.3559640322313485,0.0,11.885585578778707,2.469006024124536,-0.2969279868596699,0.0,9.18837431592448,2.1736719263223123,0.0628976591925756,0.0,-0.8497514621934059,2.237362004920586,1.0795741856232473,0.01,8.962165959898542,1.6692481558956525,0.0380482779153424,0.09,12.96606973626517,3.197876496241356,-0.1337262941938231,0.0,14.508206172214098,2.0181384435751526,-0.2780700287929395,0.0,14.545567859455064,1.4266463152026971,-0.3382136074212287,0.0,14.09080619953963,1.0340431213125096,-0.3722313140480493,0.0,13.857049715173634,0.9753940163140252,-0.3483095174988913,0.0133333333333333,14.257039470124798,2.203385731546493,-0.3094435509497237,0.0,14.11835003789296,2.070944126266765,-0.3843138929702225,0.03,13.662034843085582,1.4998424100243049,-0.3144977431427001,0.04,11.055697996004753,0.8249555441216839,-0.1866682207432508,0.0933333333333333,13.924895008194811,1.640051837511718,-0.2458570187969324,0.0,2.630927623740982,87,"[1.0, 0.45737241326568095, 0.1576791743474155]","[0.0, 6.483197949957998, 12.543272338230535]",0.3586945831984887,0.7488775345850122,7.823264534224564,0.63515575694017,11.61279556808626,124.44696947250615,0.1452860309196892,0.3529589087440534,10.092576469464666,0.3865507719530863,0.0146644253244601,0.2385857097730016,4.0,"{""overproduction"": 1.3865906619843191, ""waiting"": 0.3929459856788923, ""defects"": 3.5674413221348162, ""inventory"": 0.4849716419215315, ""transport"": 0.8220556576839672, ""motion"": 0.250845971690275, ""over_processing"": 0.44064895166276935}"
68.09651053436055,0.5581210327039646,1.6794014680039624,0.0625,0.0625,0.0666666666666666,0.7155853818396878,1.977266009189551,0.125,0.125,0.1333333333333333,0.8319099767942765,2.5537960621510134,0.1875,0.1875,0.2,0.983593304445458,2.880040402113951,0.1875,0.1875,0.2,0.024154924656271,0.2222400465060769,0.0,0.0,0.0,0.069939976999055,0.2532621524047637,0.0,0.0,0.0,0.532409955424251,1.861905127535886,0.1875,0.1875,0.2,0.6365986999354194,2.199119249444705,0.1875,0.1875,0.2,-0.0416642569425714,0.1895153821355811,0.0,0.0,0.0,0.9285714285714286,1.0,0.7142857142857143,0.7142857142857143,1.0,1.2789769243681806e-13,19.991113474068197,1.4391086231083312,-0.3600985428300652,0.0,19.46697271417319,1.7718729746718282,-0.33009000350538,0.0,11.5659185196041,1.1342114186831391,-0.0769398543451726,0.0,1.9032211309224156,1.839349309922371,0.8249953279899047,0.0033333333333333,-1.673732657921991,2.3041210444147637,1.2242746655462005,0.0166666666666666,-1.7610687319949911,2.33958927069692,1.1745593373732246,0.0333333333333333,13.333351989815084,1.4052158511175905,-0.7478729852451222,0.0,19.25865826652239,2.3364129207186517,-0.2792281013199293,0.0,18.422314307649643,2.1212397829723417,-0.3476549159188685,0.0033333333333333,18.73734615844777,2.272359386128199,-0.2840293851142398,0.0066666666666666,16.46676793835621,2.208510505456191,-0.1956860266853558,0.02,19.146506054958603,2.3364129207186517,-0.2761143012742037,0.0,17.967669238101582,2.334144153287689,-0.2950180021518491,0.0133333333333333,18.011010022486126,1.7764544450731652,-0.3440354000575409,0.04,5.902260770964231,1.437949404827232,-0.3735056350198008,0.5933333333333334,17.91610910188186,2.3158166691237843,-0.2595394645779321,0.0033333333333333,4.385061154527014,88,"[1.0, 0.7955860221663603, 0.6111140717849783]","[0.0, 0.8337161803346889, 1.7474749492564228]",0.8210614104889417,0.4631182774048072,6.882550282333014,0.3902428430364858,11.2832423961031,10.89226880645589,0.2103712642080905,0.9938348744333848,10.806882056733285,0.3665267433656071,0.0178808951300729,0.2141840089725101,4.0,"{""overproduction"": 1.0999482160250105, ""waiting"": 0.4498357807060392, ""defects"": 4.185165167953808, ""inventory"": 0.5100087432464434, ""transport"": 0.5029481311695231, ""motion"": 0.20142083753280302, ""over_processing"": 0.30269842280300163}"
66.44297358183535,0.7833482736913455,1.73634625335359,0.0,0.0,0.0,0.904898412938795,1.9385628976464804,0.1052631578947368,0.0714285714285714,0.0769230769230769,1.029612101161454,2.561673497406104,0.1052631578947368,0.0714285714285714,0.0769230769230769,1.0985928366881197,2.624776771039397,0.1052631578947368,0.0714285714285714,0.0769230769230769,0.2581279061259006,0.9009230742216324,0.0,0.0,0.0,0.3051368308238196,0.9658307613803369,0.0,0.0,0.0,0.639421880686413,2.150450275021846,0.0,0.0,0.0,0.7293504264580386,2.227146576031088,0.1052631578947368,0.0714285714285714,0.0769230769230769,0.0498506960917305,0.347455355925215,0.0,0.0,0.0,0.8571428571428571,0.6785714285714286,0.6785714285714286,0.4642857142857143,0.9642857142857144,7.105427357601003e-14,17.387523761281393,0.169710620887357,-0.1318227884203127,0.0,14.79665269309043,0.4032116773468679,-0.1625805076202604,0.0,13.387549480111057,0.9001186326589357,0.2275577928090602,0.0,12.411405683518254,0.3823658074419677,0.2887637805825012,0.0033333333333333,11.235894127884494,0.7565619318289386,0.3022173874433474,0.0233333333333333,12.561059229136957,0.474322781528326,0.2813576279885906,0.0033333333333333,13.531614168866342,0.5060866020548634,-0.4806386468925324,0.0,13.767063173261604,0.6791052801459011,-0.0132621944536646,0.0,13.067609574816773,0.4713361583282282,0.09314189228952,0.0166666666666666,13.424366058796116,0.7630552356042423,0.0028834390264355,0.0,13.5784377277678,0.7496575693029613,0.0007612730551599,0.0,9.781138364605832,2.314665457997697,0.2855088641736845,0.0,12.005888743995712,1.229449088868385,0.2076112805106007,0.03,10.871421027395137,1.719836749547798,0.3229822403226152,0.0066666666666666,11.091608498568151,0.38384893841456,0.0759268890021398,0.08,12.694529894029351,0.8523756735946995,0.0990120731254829,0.0133333333333333,1.5213348736273145,89,"[1.0, 0.4538864929659902, 0.1651150455771129]","[0.0, 1.2849867351303939, 2.289556035834747]",0.7310773492012649,0.4444239486245163,12.989542089407976,0.8655300456847974,5.872864748674275,260.88131745724564,0.0706233119751482,0.1479192655738428,0.3473074924732239,0.5215752179463057,0.0139675830698255,0.1817997557295549,4.0,"{""overproduction"": 2.2610236797434635, ""waiting"": 0.46858554906599725, ""defects"": 3.192201379328923, ""inventory"": 0.531257515219808, ""transport"": 0.9815925428624838, ""motion"": 0.28516927841151574, ""over_processing"": 0.3256542182938455}"
58.7515962732203,0.6696193944940839,1.377492344929368,0.0526315789473684,0.0588235294117647,0.0666666666666666,0.728680157114541,1.5731453700721818,0.0526315789473684,0.0588235294117647,0.0666666666666666,1.0239937309836735,2.2611511879727813,0.1052631578947368,0.1176470588235294,0.1333333333333333,1.0807887422309217,2.4339027082270013,0.1052631578947368,0.1176470588235294,0.1333333333333333,0.0995562662750158,0.3389243241248489,0.0,0.0,0.0,0.1630766715618297,0.4845420339548566,0.0,0.0,0.0,0.5294975803234088,1.6366858447587145,0.1052631578947368,0.0588235294117647,0.0666666666666666,0.6436810917806411,1.9117037078489816,0.1052631578947368,0.0588235294117647,0.0666666666666666,-0.0043191224827747,0.2895117975031735,0.0,0.0,0.0,0.8928571428571429,0.8214285714285714,0.6428571428571429,0.6071428571428571,1.0,1.5631940186722204e-13,9.966239413449127,0.4010340518076371,0.0227559079833661,0.0,6.793066726661732,1.54751204094692,0.2406443520565781,0.0,2.930528850592845,2.4282411005010167,0.7409074771302991,0.0,-0.5297927599264484,2.620278484621331,1.046609756180662,0.0,0.2838280519214773,2.6918813378958784,0.974702063938618,0.0,2.1110686761389483,2.646071233117202,0.8141779805208865,0.0033333333333333,3.527410939031652,3.5543135623550977,0.6809297776297429,0.0,6.598418721458674,1.0547233788087822,0.1400070676528121,0.0366666666666666,6.976397553957234,1.0448969214619812,0.1941656770205973,0.0066666666666666,6.608589536396532,0.9939178250535295,0.2558534622298299,0.0,3.9281489144430393,0.8349588974169209,0.564616835976389,0.0166666666666666,6.295839269314433,2.0974260310622324,0.3804626729594904,0.0,5.632547794300004,0.7227950805331805,-0.0288078788260798,0.18,5.134633332975067,0.8391688724104809,0.1131361611861716,0.19,4.517085107515374,0.7650891517859735,0.1277127491914287,0.34,6.416052892755491,1.662160926044045,0.2861535818718198,0.0,2.0854327351973803,90,"[1.0, 0.4938373194454663, 0.39019076741231057]","[0.0, 1.8402446597356514, 5.226497046524218]",0.6865914608557465,0.1201987590307939,9.30536408501044,0.6279157090144492,0.1156976947278487,576.4925314826578,0.0966074093029861,0.5734913389951621,10.099429393957449,0.462709763798672,0.0187238483729356,0.2447874698745319,4.0,"{""overproduction"": 1.1584071591226082, ""waiting"": 0.3732203008476961, ""defects"": 3.6668096191251047, ""inventory"": 0.6077806665005602, ""transport"": 0.7860775470392186, ""motion"": 0.228818045703029, ""over_processing"": 0.26970987346746167}"
103.7788414669157,1.462268205841999,5.2793995528260425,0.2272727272727272,0.2105263157894736,0.1428571428571428,1.3889772586445177,5.316052054200143,0.1818181818181818,0.2105263157894736,0.1428571428571428,2.2352354022672616,7.908546729101505,0.2272727272727272,0.2105263157894736,0.2142857142857142,2.1339864415118512,7.875867847074124,0.1818181818181818,0.2105263157894736,0.2142857142857142,0.8857253748637343,3.118967456608766,0.0454545454545454,0.0526315789473684,0.0,0.8520741228752499,3.209862413100819,0.0454545454545454,0.0526315789473684,0.0,1.8409180478539156,6.571621570705015,0.1363636363636363,0.1578947368421052,0.1428571428571428,1.8560723297393007,6.62910803364842,0.1363636363636363,0.1578947368421052,0.1428571428571428,0.1336697089353775,0.7048130989600729,0.0,0.0,0.0,0.7142857142857143,0.6428571428571429,0.5357142857142857,0.6071428571428571,0.9642857142857144,3.410605131648481e-13,28.50773262674177,0.9026537884209636,-0.0550128907471242,0.0,26.30922379399651,0.954757056815695,0.0707168936612653,0.0,21.85701816099792,0.8962690110342466,0.3520359790795109,0.0,21.85701816099792,0.8962690110342466,0.3520359790795109,0.0,10.757101766101894,3.2348702899763118,0.5238468879767385,0.0,21.85701816099792,0.8962690110342466,0.3520359790795109,0.0,21.85701816099792,0.8962690110342466,0.3520359790795109,0.0,25.194820395159056,1.1410041293232636,0.0974176166626185,0.01,23.692252689253504,1.509423691418343,0.0226937710022782,0.04,24.419586770478737,1.584364664400052,0.0669466723316579,0.0266666666666666,21.110179023235283,1.5656869447766777,0.0944655971939424,0.0266666666666666,15.631977926171638,5.588429192280434,-0.5047251663696796,0.1366666666666666,16.851285489117867,2.244953452269898,0.0602621105768485,0.19,22.495425852356423,1.264100886654003,0.1173161206517993,0.0366666666666666,20.465220421878097,1.106061616118027,0.1694214586334745,0.2,24.19975900612994,1.4793874068002328,-0.0119065676962481,0.0366666666666666,1.5506081765472906,91,"[1.0, 0.5961941183397041, 0.26688971944200945]","[0.0, 5.7968203479494385, 14.999346406402607]",0.4127045556616601,0.8329580706241374,20.26498572592755,0.5766710703605497,13.083732187975134,9.719605951408312,0.289808294627049,0.0795949743787951,2.567423041830758,0.6845648247454877,0.0198226607928205,0.2090239677425882,4.0,"{""overproduction"": 1.511640681188238, ""waiting"": 1.091280272387496, ""defects"": 2.824036196777496, ""inventory"": 0.2530652336386678, ""transport"": 1.5914943599796407, ""motion"": 0.28951918362564527, ""over_processing"": 0.3355559835399149}"
83.69252066568552,0.3548444814707042,1.7959890181111506,0.0434782608695652,0.05,0.0,0.2782624388656214,1.8184734971990664,0.0434782608695652,0.05,0.0,0.6540453469662113,2.765003848375788,0.1304347826086956,0.1,0.0666666666666666,0.5943821721570716,2.701921693172032,0.0869565217391304,0.1,0.0666666666666666,0.2379494344329502,1.0165106285695835,0.0,0.0,0.0,0.2033926856583549,1.05526298896115,0.0434782608695652,0.05,0.0,0.7366519784470774,2.541121763637179,0.0434782608695652,0.05,0.0,0.7615264700644758,2.586899209665618,0.0434782608695652,0.05,0.0,-0.0492810899629523,0.3358300712071872,0.0,0.0,0.0,0.9285714285714286,0.8214285714285714,0.6071428571428571,0.4642857142857143,0.9642857142857144,1.4210854715202006e-13,23.415787634061523,0.5141469732830126,-0.2223447664093443,0.0,21.948300179613597,1.2301132221018876,-0.1505347089261555,0.0,21.27499477611983,1.427032731545755,-0.0931104331632592,0.0,13.235655755234834,1.6372524697696471,0.3222886164222575,0.0,7.595915837150374,1.112935212033448,0.5964145530742748,0.02,8.778516286729335,1.6141299564568263,0.5526687387561362,0.0,21.18511281174079,2.0808284236055905,-0.0772585272564743,0.0,21.861276122061025,0.973160124670202,-0.1694820120689513,0.0,21.52361371744225,1.19546149570035,-0.1532755176246519,0.0,21.199661138714045,1.3799413005182934,-0.1550767399007539,0.0,21.42620135043224,1.3432116386605333,-0.2112104924232288,0.0,21.18511281174079,2.0808284236055905,-0.1269634596045875,0.0,21.47870707485481,1.839838345701534,-0.109843167352085,0.0066666666666666,21.048529904988765,1.4565183796787364,-0.1269111915216457,0.0233333333333333,10.372657573944153,0.3795443658717816,-0.1409706543619965,0.48,21.53203066894347,1.2165346232147654,-0.1551658276752108,0.0,3.201413077048978,92,"[1.0, 0.5779340434896005, 0.23088569810456483]","[0.0, 5.435867326855874, 10.983164286861799]",1.003571031621764,0.8896202966430242,2.7532609363569134,0.8939327037617624,12.77173651938961,228.98224071313143,0.2283590327073399,0.0734300295874523,3.1791457570236368,0.4265357365002593,0.0131404592593588,0.0723937025767286,4.0,"{""overproduction"": 1.8464142714540792, ""waiting"": 0.5671466116535353, ""defects"": 3.206936288369943, ""inventory"": 0.488055708741602, ""transport"": 0.8145062698476253, ""motion"": 0.6063563437254994, ""over_processing"": 0.3120012652067422}"
53.65518993838717,0.5857094592484943,1.6379583946023186,0.15,0.125,0.0,0.650277370327273,1.7012632011942328,0.15,0.0625,0.0,0.9071247425508272,2.6407612331788712,0.15,0.125,0.0833333333333333,0.9996593183886552,2.713596666596458,0.1,0.0625,0.0,0.0156652073586663,0.7081949167596562,0.0,0.0,0.0,0.0372291981387331,0.6845029931951297,0.0,0.0,0.0,0.6276167908583202,2.200391162492366,0.05,0.0625,0.0,0.7110906484738074,2.27782395703952,0.05,0.0625,0.0,0.0464267979009415,0.2446850752205522,0.0,0.0,0.0,0.7857142857142857,0.7857142857142857,0.6071428571428571,0.6428571428571429,1.0,2.415845301584341e-13,5.548373755972849,0.0921183224731936,0.0594835283937618,0.0,4.042063584595514,0.2429778858478094,0.0923799802845452,0.0,-4.666035776458108,1.5078812707510458,1.5396139918058538,0.0,-5.516055027725763,0.5132687653952602,1.6405244690135987,0.0,-13.102110298741264,0.7860754181304292,4.452520411008611,0.2166666666666666,-4.867069631123686,0.7370559184559533,1.882896587209748,0.1533333333333333,3.482337436161164,0.4873763913482876,0.0471828024465252,0.0,2.695915377661149,0.5350573614049089,0.2730695201238822,0.1266666666666666,1.5950681618372513,0.8112706448737128,0.6441956594958271,0.1466666666666666,1.4381499195933358,0.1237597456286096,0.7484912545911077,0.2866666666666667,1.4506808606360968,0.1203335445666168,0.7533732592135555,0.2866666666666667,-1.544073923988203,1.860111393704791,2.045289380316457,0.4633333333333333,-3.370102046840054,0.6966377170530158,3.2034788161140426,0.1733333333333333,1.0127691388164586,0.4669744094704915,0.666121670750576,0.09,1.894469575567364,0.5050720818542707,0.4410275088270146,0.2566666666666666,0.9263590476540396,1.191294395423977,0.7603305644018394,0.12,1.6738586402144342,93,"[1.0, 0.5039767632390246, 0.3114227380395854]","[0.0, 3.9491212932076514, 12.626819516461955]",0.1007268786652989,0.2562979201817424,4.066673492438572,0.3552731007720593,11.306739317690225,157.14112450046483,0.299965300533502,0.2912148299832183,6.668788262724041,0.5950778976757154,0.0187747222302883,0.1648916851968045,4.0,"{""overproduction"": 0.6610322938481153, ""waiting"": 0.4265828029639017, ""defects"": 1.920259681568098, ""inventory"": 0.5896117840293607, ""transport"": 0.8779939956455955, ""motion"": 0.37920599869748767, ""over_processing"": 0.2850836752390808}"
62.30821198501542,0.5956615667163648,1.5452799049166888,0.1764705882352941,0.2,0.1428571428571428,0.6622964827576477,1.6828395184798797,0.1764705882352941,0.2,0.1428571428571428,0.9217736183672204,2.599374889346428,0.1764705882352941,0.2,0.1428571428571428,0.940838976339524,2.595521904113128,0.1764705882352941,0.2,0.1428571428571428,0.1483430939918243,0.4953140948485222,0.0,0.0,0.0,0.0915685919600622,0.5736346835593723,0.0,0.0,0.0,0.5557367139726608,2.025695520090223,0.1176470588235294,0.1333333333333333,0.1428571428571428,0.6373464746341206,2.087560317060019,0.1764705882352941,0.2,0.1428571428571428,0.0797838693293958,0.3067033193540284,0.0,0.0,0.0,0.9285714285714286,0.8571428571428571,0.5714285714285714,0.5,0.9642857142857144,2.131628207280301e-13,27.52688882305689,1.1344617255952558,-0.9282153628540328,0.0,24.312213332656803,2.01613147287966,-0.7575553361108316,0.0,15.397663678697858,0.8503561767789374,-0.0186670733549902,0.0,15.686988267470332,0.8928819975517214,-0.0437944177828397,0.0,15.583127477499318,0.9329150937802824,-0.0743185775539541,0.0,14.626763524756203,1.1852076805244849,-0.0271236562709193,0.0,19.96090016025042,5.5108576731763215,-0.3966432342838825,0.0,23.28372847954482,3.412420060313837,-0.6383545128980778,0.0,21.4125241233794,3.7338894777262657,-0.6787074751756739,0.0166666666666666,22.73054182787174,2.735321997969726,-0.7801551182100358,0.0,17.125350107326653,3.420747551147908,-0.321175779642702,0.0,21.718133886646047,4.535497949784262,-0.6754892045379456,0.0,22.12041133742676,2.8729430211783358,-0.5520297375969074,0.0,22.225636635200807,3.9111316608978313,-0.5785241341489371,0.0,23.46642721241831,1.794879848155571,-0.7241382138015949,0.0066666666666666,18.08919644775878,5.2439234214846415,-0.5249971596908329,0.05,3.799023343241992,94,"[1.0, 0.70324187530384, 0.5726825827394058]","[0.0, 2.2647871751013606, 4.317997326168168]",0.7559083462885157,0.9476344772600274,24.1139292395563,0.5824337703114153,6.079045278801544,544.9426436287196,0.008848132471051,0.7366511487300702,12.612987864581624,0.655922579807471,0.0062804135125826,0.2030582230103638,4.0,"{""overproduction"": 1.0846416512270054, ""waiting"": 0.32060239729751855, ""defects"": 2.522604102165958, ""inventory"": 0.3056179119751669, ""transport"": 1.1649018082182154, ""motion"": 0.17857169542776546, ""over_processing"": 0.2935790076539066}"
46.40143056662506,0.5360340086696855,1.9251852493016448,0.2857142857142857,0.2727272727272727,0.375,0.5453084229109655,1.9223054968528737,0.3571428571428571,0.3636363636363636,0.5,0.9327835013935928,3.3270369042112407,0.2857142857142857,0.2727272727272727,0.375,0.9533423726977248,3.3189241884669123,0.2857142857142857,0.2727272727272727,0.375,0.0537590137239107,0.7328268132455911,0.0,0.0,0.0,0.0031974312808118,0.8746105608338397,0.0714285714285714,0.0909090909090909,0.125,0.7897966848910307,2.943886079207145,0.1428571428571428,0.1818181818181818,0.25,0.8323911053076135,2.9616841214294807,0.2142857142857142,0.2727272727272727,0.375,-0.084149685294467,0.3052437848747429,0.0714285714285714,0.0909090909090909,0.125,0.8214285714285714,0.7857142857142857,0.5714285714285714,0.5,1.0,1.5631940186722204e-13,6.408338164302685,1.0710814469451235,-0.1538766021403129,0.1833333333333333,5.604895454914439,1.101153057148594,-0.0232042635576639,0.1466666666666666,1.1767989290618603,1.3964336150208416,0.8580914202981604,0.0,2.007856675541951,1.3597858629107882,0.7385663142443184,0.0,-5.51018288669118,2.3626908323788705,9.27666037088706,0.43,1.8583360555269743,1.4024444935123224,0.7506614742972603,0.0333333333333333,0.0,2.664725233423634,,1.0,2.8406365683652086,1.9159853537969296,0.2951424873831101,0.43,0.447223085058856,2.440799965487599,0.8260279189551085,0.54,-0.6460111304305703,2.2543809403599155,1.1494033962512586,0.22,0.1533295570810073,2.265869869100221,0.967835684131448,0.28,-10.325253478846667,5.37510814836965,,0.86,-4.86217760783494,2.144669509401516,,0.5,-0.0255672229538954,1.9048998113077475,1.0091942911633367,0.3733333333333333,1.7728539984326457,2.2817140846543134,0.5043058332042589,0.48,0.2764522482403417,2.33810513681566,0.9290065330966208,0.26,0.925559539225807,95,"[1.0, 0.7714705489513822, 0.5812367277246139]","[0.0, 0.9982969617031432, 2.2078268903703906]",0.1690451879216428,0.1183741774829159,3.1511542631737,0.772968005389914,11.770917055832903,290.2308779649725,0.0717735904599382,0.0251120705485147,1.1674067787052262,0.6666208344571338,0.010578617681503,0.0798317181701262,4.0,"{""overproduction"": 0.8288751157426849, ""waiting"": 0.36896265463796085, ""defects"": 2.683885775316839, ""inventory"": 0.26802240399131844, ""transport"": 1.3203730329003027, ""motion"": 0.4188128739011434, ""over_processing"": 0.1631685726203529}"
56.78195874733445,0.8488695574656463,1.9659042683408092,0.0,0.0,0.0,0.9099342859863838,2.176802075840728,0.125,0.0833333333333333,0.1111111111111111,1.065670573435804,2.7545337939604804,0.1875,0.1666666666666666,0.2222222222222222,1.1794686856790852,3.02751130382568,0.1875,0.1666666666666666,0.2222222222222222,0.071889839063593,0.4152143186815525,0.0,0.0,0.0,0.1200322857389272,0.6086512046881508,0.0625,0.0833333333333333,0.1111111111111111,0.6214861058087066,1.994171882190912,0.0,0.0,0.0,0.7425433186290249,2.236704377540316,0.25,0.25,0.2222222222222222,-0.0212166761733651,0.2451359230296944,0.0,0.0,0.0,0.8571428571428571,0.7857142857142857,0.6785714285714286,0.4285714285714285,0.9642857142857144,1.4210854715202006e-13,2.584226781564368,0.6186002356834467,0.2340781355039971,0.2533333333333333,2.325969483208154,0.6684053483879144,0.3753141736153475,0.0066666666666666,-24.533466500115686,3.796391503200872,3.536858030091,0.0,-14.168833408149794,2.565321479508959,2.4461675624471675,0.07,-14.089134756208244,1.283433824205366,3.050061348451012,0.1733333333333333,-10.5620658131463,1.2460089283285862,2.138302956003206,0.0933333333333333,2.323088891326605,0.6684053483879144,0.3429986259190694,0.0533333333333333,1.2988490837381326,0.7352520549373355,0.6839750849692546,0.16,0.9097513862461356,1.0472813438691209,0.7550362415104864,0.2266666666666666,0.941819671341285,0.9090698302233854,0.611618464083922,0.42,0.8979021255014253,0.7594108165875226,0.6388460592112553,0.3533333333333333,-1.606255756618322,1.2888310591910472,,0.8766666666666667,0.052722643375623,0.974157473327768,0.9792770491096288,0.16,0.0989540723126349,0.8571149770705713,0.9729567602034844,0.1033333333333333,1.2006619755696066,0.7501018800361317,0.6921583006775743,0.2166666666666666,1.4398684645575444,0.8511897480131828,0.4479088594497283,0.3166666666666666,0.8811560499196569,96,"[1.0, 0.5475854598042962, 0.42645833690474333]","[0.0, 0.3202901613299693, 0.8979449082394692]",0.0939669061410704,0.0370674953919779,2.4723136156936527,0.8521450347634982,14.223522197698207,636.6583966349494,0.1373205429965517,0.97475507496966,13.829254981425384,0.4294406514070365,0.0142148541845965,0.2084701736600295,4.0,"{""overproduction"": 1.355288192339414, ""waiting"": 0.5280753765280556, ""defects"": 5.222057751171617, ""inventory"": 0.28670129608731826, ""transport"": 1.0401983183251644, ""motion"": 0.22241370598998708, ""over_processing"": 0.33341479290993}"
88.56848783034057,1.1481958319445142,2.981615137283165,0.0476190476190476,0.0555555555555555,0.0769230769230769,1.2533560491403932,3.1134010728804027,0.0952380952380952,0.0555555555555555,0.0769230769230769,1.5213445357103066,4.343424077676696,0.0952380952380952,0.1111111111111111,0.1538461538461538,1.6399854913697924,4.393496847518975,0.0952380952380952,0.1111111111111111,0.1538461538461538,0.2401960846126492,1.106576837273591,0.0,0.0,0.0,0.2592277374783822,1.112603418446481,0.0476190476190476,0.0,0.0,0.9399374814575284,3.211378517487402,0.0476190476190476,0.0555555555555555,0.0,1.0484175731490646,3.325947289017237,0.0952380952380952,0.1111111111111111,0.0769230769230769,0.1722303265560034,0.8706270993778243,0.0,0.0,0.0,0.9285714285714286,0.8214285714285714,0.6785714285714286,0.5714285714285714,0.9285714285714286,1.5631940186722204e-13,10.747066262909268,0.0728494339027486,0.2468825298731514,0.0,9.01088562761843,0.0915272853519282,0.352498009052437,0.0033333333333333,2.4376481362506173,1.3717242311216788,0.8535699030413274,0.0,3.200275789216821,0.9369226198589284,0.8023643245943488,0.03,-0.7733310171750998,1.712060476355708,1.062280209248194,0.04,3.204623848051817,0.8604798485952097,0.8000810754517086,0.0166666666666666,7.892469085674925,0.0420506335079924,0.5301454285663586,0.0,6.723708059910741,0.4476436500735186,0.5316243669759557,0.0233333333333333,7.68057092113287,0.4625245251702968,0.4064609278064201,0.0133333333333333,7.953771708601505,0.3460948271399309,0.367571980516473,0.0533333333333333,7.526163258104851,0.3478815241818485,0.4354347366007247,0.06,0.3665119050486561,2.5475749634942093,0.8411061843491823,0.2133333333333333,5.49630264487619,0.0711429843588753,0.4657779780781972,0.14,7.380108034013907,0.3287653901410645,0.4659554436287974,0.1333333333333333,5.767182816466258,0.4547414740186771,0.5616463508787396,0.0666666666666666,7.381729592530467,0.5000886184781624,0.4529999450310624,0.0066666666666666,1.1522600842608433,97,"[1.0, 0.6181878937690469, 0.19311932631680268]","[0.0, 2.3071215722289713, 6.1447868795894935]",0.0866579019843389,0.1437363991469062,2.5548843477920524,0.7475652859793962,13.067356201510494,167.6225199953421,0.1656574548494201,0.8994807142222423,5.084509538633491,0.5494228541824635,0.0160886227545434,0.1996742585904336,4.0,"{""overproduction"": 2.058860197643693, ""waiting"": 0.7649712238096417, ""defects"": 6.676068434713692, ""inventory"": 0.7138435621945867, ""transport"": 0.510456518129909, ""motion"": 0.43095143468787084, ""over_processing"": 0.31701942202221084}"
87.94200133656025,0.9335596245449675,2.612327602949334,0.1875,0.2142857142857142,0.2142857142857142,1.0732971604025143,2.689922142536068,0.1875,0.2142857142857142,0.2142857142857142,1.2675389337223784,4.3560818392257055,0.1875,0.2142857142857142,0.2142857142857142,1.42190458141199,4.53410772815263,0.1875,0.2142857142857142,0.2142857142857142,0.3896568773514867,1.159918456641547,0.0625,0.0714285714285714,0.0714285714285714,0.4270401387409356,1.2188119633248475,0.0,0.0,0.0,1.1954431394725142,4.081188217376446,0.1875,0.1428571428571428,0.1428571428571428,1.2440531530694787,4.11190115406676,0.25,0.2142857142857142,0.2142857142857142,0.1021571165920773,0.2870246603412892,0.0,0.0,0.0,0.7857142857142857,0.75,0.6428571428571429,0.6785714285714286,0.8928571428571429,1.1368683772161605e-13,22.817573676485942,2.2219897874350885,-0.5296044710470948,0.0,21.68407797389329,2.576489291994097,-0.4926793962091216,0.0,18.729625650243936,2.312231973970276,0.0704692775605145,0.0,18.49799491368001,2.5594142114670504,0.0671020391663047,0.0,17.0179974575993,3.357070278313988,-0.0095730202338445,0.0,17.754950269686482,3.1428154492208527,0.0743097002234034,0.0,18.382229146968893,5.122128842367325,-1.1412812628566615,0.0133333333333333,20.40317659529737,3.6782100255547743,-0.8361375331550757,0.0,18.160508351575757,5.084202782254489,-0.9588870739156452,0.0166666666666666,19.02777952899348,4.701006926630769,-0.869161122736536,0.01,19.28247131283157,4.440869041610289,-0.8302224187545512,0.0066666666666666,18.382229146968893,5.122128842367325,-0.9509298591553972,0.0166666666666666,19.494641755918703,3.967591484305129,-0.6414343202762478,0.0033333333333333,20.371630451736117,3.658744252837353,-0.7111335342564449,0.0,12.362273087309385,3.300325773482201,-0.2250093528476593,0.2966666666666667,17.321881163587594,5.039718393977035,-0.9381826422570336,0.0133333333333333,3.1064213559604505,98,"[1.0, 0.813934282136854, 0.6477837908874327]","[0.0, 0.18159707189305993, 0.4299831981334562]",0.9988511757794816,0.4219920395936694,17.27532925260203,0.7936000839881158,10.139956019038433,182.5822158168136,0.2873199295298323,0.9425014374407856,6.408032300519246,0.4237084850859732,0.0149878476349768,0.1108234559496008,4.0,"{""overproduction"": 0.7805475546525978, ""waiting"": 0.7681323542087449, ""defects"": 4.932001819209182, ""inventory"": 0.18927474858604681, ""transport"": 0.5001262954315803, ""motion"": 0.29778694646795073, ""over_processing"": 0.24771788244101917}"
74.35999898546645,0.9406404235048124,3.206445641814294,0.1818181818181818,0.15,0.1764705882352941,0.9937334365799187,3.3486621642545296,0.1818181818181818,0.15,0.1764705882352941,1.2356519440154696,4.511923696119887,0.1363636363636363,0.15,0.1764705882352941,1.313350981566085,4.608997654401297,0.1363636363636363,0.15,0.1764705882352941,0.3089204085744158,1.0340014383798724,0.0909090909090909,0.05,0.0588235294117647,0.2398506514286601,1.2618674165167083,0.0909090909090909,0.05,0.0588235294117647,0.943216362717902,3.404403010531434,0.1363636363636363,0.15,0.1764705882352941,0.934807892696354,3.486866192365174,0.1363636363636363,0.15,0.1764705882352941,-0.0467459834105837,0.4001311381736318,0.0454545454545454,0.05,0.0,0.9285714285714286,0.8214285714285714,0.5714285714285714,0.4642857142857143,1.0,1.4210854715202006e-13,21.932814869161245,1.673919486422533,-0.765315551663485,0.0,16.730442179974922,3.6020316522021,-0.5000320772751388,0.0233333333333333,6.548531974972721,1.8532702652906985,0.4684040246269352,0.0,3.7474213759799855,1.944878199254348,0.681596036531284,0.0,-1.2462598792714896,3.6487798197360433,1.1233443471109992,0.0466666666666666,0.5809634065154817,1.7234553541815274,0.9439877885014224,0.04,7.247599594077875,9.967572162348471,0.0506423432808663,0.02,14.663163620454856,4.507591269939163,-0.3576645886669631,0.02,15.169660105838435,4.375895367582102,-0.4370293814521743,0.06,15.394928636927398,4.458186911454146,-0.557951468831105,0.07,10.8145312969253,4.783670650554802,-0.1429991160376833,0.0466666666666666,9.232664481073684,8.767412084583379,-19.14451762221752,0.3833333333333333,8.92302169425017,2.778987020198658,-0.0815400284337715,0.1566666666666666,9.419816319819832,6.6530835382321785,-0.5139858984677249,0.2066666666666666,11.398029285191193,3.342214949951903,-0.3017232946509668,0.2166666666666666,13.442181000353116,4.946951289000957,-0.4064319351100597,0.06,2.9780528938163653,99,"[1.0, 0.8152829442606855, 0.48791491899375616]","[0.0, 5.9133455610983585, 14.19721535308699]",0.2435204541115492,0.6443552781079288,5.170073266208047,0.4689658953641761,6.16725306548623,491.15627544198463,0.2170609628378597,0.5659030410581901,7.301255361834393,0.6799195583237223,0.0199587313484712,0.175227037449011,4.0,"{""overproduction"": 1.2660547547551988, ""waiting"": 0.47504011033577936, ""defects"": 3.2037308805066034, ""inventory"": 0.32846638114651117, ""transport"": 0.6193602428621352, ""motion"": 0.28911833922029834, ""over_processing"": 0.371629536476377}"
71.83045282734648,0.8574180175640885,2.11593113299446,0.1764705882352941,0.0833333333333333,0.1428571428571428,1.0119694317450725,2.4351116774653687,0.1176470588235294,0.0833333333333333,0.1428571428571428,1.3078731664989771,3.18354099081916,0.1176470588235294,0.0833333333333333,0.1428571428571428,1.4559833003746974,3.5048687652317434,0.1764705882352941,0.1666666666666666,0.2857142857142857,0.1177591538597572,0.5990500766682452,0.0,0.0,0.0,0.1429143139320546,0.6267820175358076,0.0,0.0,0.0,0.8145927890518345,2.4221322191295003,0.0588235294117647,0.0,0.0,0.9208785576474308,2.514344541573267,0.1176470588235294,0.0833333333333333,0.1428571428571428,0.0062604285802511,0.1261906907539195,0.0,0.0,0.0,0.7857142857142857,0.8214285714285714,0.6071428571428571,0.4642857142857143,1.0,7.105427357601003e-14,27.77833829550945,0.5763683004510238,0.0052357450584628,0.0,27.77833829550945,0.5763683004510238,0.0052357450584628,0.0,27.77833829550945,0.5763683004510238,0.0052357450584628,0.0,27.77833829550945,0.5763683004510238,0.0052357450584628,0.0,25.66955054015652,0.9962992048421948,0.018470481274727,0.0166666666666666,25.9604181516443,0.7415110275092315,0.0014050654133088,0.0,27.77833829550945,0.5763683004510238,0.0052357450584628,0.0,27.77833829550945,0.5763683004510238,0.0052357450584628,0.0,27.77833829550945,0.5763683004510238,0.0052357450584628,0.0,27.436151029936543,0.5763683004510238,0.005768331378078,0.0,27.230533628916078,0.5763683004510238,0.0061051605845604,0.0,27.02765781662026,0.5887440400656889,0.0024487404950278,0.0,26.0104096238192,0.7788920712703953,0.0099170276134767,0.0166666666666666,25.103813976842723,0.7445594322437191,-0.0020422834202024,0.0,18.564808217630315,0.7448296343525457,-0.0093300396541787,0.2233333333333333,27.737610668163043,0.5763683004510238,0.004896563932402,0.0,1.7956417381075152,100,"[1.0, 0.6219892749396567, 0.3611686514156007]","[0.0, 0.6937954828476782, 1.1859017257921545]",0.0635369683364519,0.1557441868740278,19.72243597964936,0.6924910751844957,12.739594834916696,589.8297621625219,0.3933616830202715,0.6081334584034084,8.61699461955583,0.3059810074595537,0.0126311368025388,0.1203269812456339,4.0,"{""overproduction"": 0.8924261798932928, ""waiting"": 0.7194119751441905, ""defects"": 3.4473758457384065, ""inventory"": 0.40869344086577386, ""transport"": 0.34171095440452437, ""motion"": 0.3425601705451045, ""over_processing"": 0.3350552453861204}"
68.17126553396643,0.8593849086291983,2.0249880617402822,0.125,0.0769230769230769,0.0909090909090909,1.1034092692783657,2.4906849526368977,0.125,0.0769230769230769,0.0909090909090909,1.1212155495899203,2.744281917683021,0.125,0.0769230769230769,0.0909090909090909,1.3730924646040472,3.248478807479408,0.125,0.0769230769230769,0.0909090909090909,0.1517637873543972,0.6808213393530582,0.0,0.0,0.0,0.1860563080823173,0.8020181485334795,0.0,0.0,0.0,0.6565424606627135,1.846420129195952,0.0625,0.0769230769230769,0.0,0.8131496197799369,2.216434190300413,0.1875,0.1538461538461538,0.0909090909090909,-0.1391217086955667,0.285864159438559,0.0,0.0,0.0,0.8571428571428571,0.6785714285714286,0.7142857142857143,0.6071428571428571,0.8571428571428571,8.526512829121202e-14,26.84791530320679,0.2663506730153496,0.0094929720202689,0.0,26.84733030852652,0.2663506730153496,0.0097979272817959,0.0,26.84733030852652,0.2663506730153496,0.0097979272817959,0.0,26.84733030852652,0.2663506730153496,0.0097979272817959,0.0,26.84733030852652,0.2663506730153496,0.0097979272817959,0.0,26.84733030852652,0.2663506730153496,0.0097979272817959,0.0,26.84733030852652,0.2663506730153496,0.0097979272817959,0.0,26.64909294258055,0.2933633551714587,0.0068822941726548,0.0,26.52880416564501,0.2921942851799268,0.0044477884976974,0.0,26.731709919762423,0.2763242236935353,0.0087913406611185,0.0,26.84733030852652,0.2663506730153496,0.0097979272817959,0.0,25.582823349905823,0.502162658051411,0.0117065339578452,0.0,25.720856814560165,0.3927820780898493,-0.0014252562334629,0.0,26.1430192684561,0.3442445649396698,0.0004212659709367,0.0,24.9164518963281,0.4155866825616404,-0.0140468619112099,0.0,26.40034741664161,0.3093435491804666,0.0025946840129307,0.0,1.3706929689078526,101,"[1.0, 0.4537463722746761, 0.22246631203865042]","[0.0, 0.6228842414550995, 1.6557848276039933]",0.0297871769732361,0.4917229894704847,19.432407681706334,0.7390076590192813,14.759602252972993,586.0257431181811,0.2827601132423144,0.7602272957574201,8.740353802699628,0.3070971519454815,0.0167116141179561,0.2035339122604519,4.0,"{""overproduction"": 1.3507767069229597, ""waiting"": 0.6784897846276112, ""defects"": 2.622339367804835, ""inventory"": 0.3460807157963206, ""transport"": 1.062538843414331, ""motion"": 0.2916527657091011, ""over_processing"": 0.3922804010145813}"
68.37884345256714,0.81269337220549,2.7869558065361044,0.0,0.0,0.0,0.8316353556619029,2.7940063901317678,0.1176470588235294,0.0625,0.0,1.1278576021297058,4.08527134320768,0.2352941176470588,0.1875,0.1428571428571428,1.1661788335496766,4.044623218914976,0.2352941176470588,0.1875,0.1428571428571428,0.4613841435253031,1.7331178419273128,0.0,0.0,0.0,0.5223293686330391,1.9399481959152696,0.0,0.0,0.0,0.9348368580056589,3.590554250851998,0.0588235294117647,0.0625,0.0714285714285714,1.0503186995886875,3.655476446214965,0.1176470588235294,0.125,0.0714285714285714,-0.0387388504378608,0.3667277124985101,0.0,0.0,0.0,0.8571428571428571,0.6071428571428571,0.6071428571428571,0.5,1.0,1.4210854715202006e-13,19.82436666904266,0.2521851831495053,-0.1006476758281206,0.0,15.891211208507352,0.8524397091019816,0.1035365726309134,0.0,15.611190814254698,0.4321440135685729,0.2327210904916896,0.0,13.902518460678328,0.25714435823782,0.318192210580297,0.0,10.15985593615612,1.0883298178712628,0.3956867484576905,0.02,13.72532129202722,0.276616138756908,0.3109618319574689,0.0033333333333333,14.14572376336231,0.1698526672668144,0.3255623941458386,0.0,14.796683288736988,1.1176591196802728,0.0903604316431826,0.0,8.49107639402021,3.100257409816208,0.3316696356009272,0.0666666666666666,10.162875581074552,2.8658538996297627,-0.1743166534630327,0.1166666666666666,8.412666560044302,2.8301715134174263,-0.0380620989907835,0.2,5.590726368242982,4.960682884484073,-0.4720405294873069,0.2166666666666666,7.326094641239164,2.145950169201857,0.3235219900361117,0.0366666666666666,9.31969697944706,2.056509785289852,0.2231027605577043,0.0,14.46451878196399,0.285648483022084,0.1102586808035445,0.0233333333333333,9.708356094307227,2.4187708434543578,0.2347769216453397,0.0633333333333333,1.846443000100156,102,"[1.0, 0.6630607011911615, 0.30582681028308945]","[0.0, 1.508288840439578, 2.707508612994967]",0.9629566746136904,0.2863105015921485,8.349862590804369,0.7594307634968707,6.8381637863426565,455.2652980018714,0.3668714712106224,0.8369385389904099,8.964102994021165,0.6151954911857753,0.008596225773727,0.2607488969006405,4.0,"{""overproduction"": 0.6631219988656744, ""waiting"": 0.632825383098395, ""defects"": 1.716884540482329, ""inventory"": 0.2615588271166911, ""transport"": 1.0061437313169674, ""motion"": 0.3927015520789554, ""over_processing"": 0.2295447473730204}"
74.15249233361251,0.7820208318166938,1.7383202541454994,0.05,0.0588235294117647,0.0666666666666666,0.8421542400774394,1.7380108698618677,0.1,0.0588235294117647,0.0666666666666666,1.0926158790253304,2.730001308315526,0.1,0.0588235294117647,0.0666666666666666,1.103726915581632,2.649084535110598,0.1,0.0588235294117647,0.0666666666666666,0.077011243780025,0.543807309776358,0.0,0.0,0.0,0.1031757701390256,0.5681295902378884,0.0,0.0,0.0,0.5714670810319056,2.0254597905460443,0.15,0.0588235294117647,0.0666666666666666,0.6722307671893056,2.084456758432402,0.15,0.0588235294117647,0.0666666666666666,-0.0257027361611577,0.1948214427983881,0.0,0.0,0.0,0.75,0.6785714285714286,0.6071428571428571,0.5,0.9642857142857144,8.526512829121202e-14,20.19232630259548,0.5814791148061842,-0.7266884039116047,0.0,19.083361042704603,0.9569663587323592,-0.8640218903769642,0.0,16.467100913163616,0.4933395472294567,-0.1771461569090247,0.0,16.389050544188606,0.4683672950230694,-0.1506524558203905,0.0,5.747945970826116,2.3341779088042967,0.5260209520728699,0.03,15.552904005483116,0.5082033914851461,-0.1184045748205535,0.0033333333333333,18.7380114479302,1.2683057625387857,-1.0845388555331998,0.0,18.233194272468413,1.5011698224218373,-0.8140976530345279,0.0,18.458376572761395,1.3063596391400984,-0.9284236380714324,0.0,18.3507553576688,1.105652952717425,-0.545958655772248,0.0,18.0238899684028,1.2279955606035162,-0.5451133724968399,0.0,12.173100496807132,3.6266475550519712,0.0249373304478671,0.0,15.264330693148995,1.038307313436394,-0.3699757868164376,0.0033333333333333,17.7473576744207,1.6905352439607635,-0.6625220540463927,0.0,12.93943973561705,1.3419652778131952,-0.7343048577174441,0.2766666666666666,18.10497311024004,1.4811064114363104,-0.8051212460079823,0.0066666666666666,2.677854498810161,103,"[1.0, 0.5615860083629911, 0.36823504598019974]","[0.0, 0.8121527059617758, 2.31076088940625]",0.6187432838790193,0.9008967880361728,11.807758695597704,0.6347634108108986,14.26168445722818,132.33251750606706,0.3365436446820667,0.7645466329173014,9.99946645011311,0.451769574316885,0.0181246630794089,0.2924386988514389,4.0,"{""overproduction"": 1.182420686005205, ""waiting"": 0.5688981344991467, ""defects"": 1.790262039996215, ""inventory"": 0.3772406849505306, ""transport"": 1.3193128444221915, ""motion"": 0.28250843669551834, ""over_processing"": 0.4062193457154916}"
74.95138992246302,1.0689344278923414,3.746048506737769,0.0952380952380952,0.0588235294117647,0.0714285714285714,1.0829379188892465,3.773371051857681,0.1904761904761904,0.1176470588235294,0.1428571428571428,1.5570010397939875,5.87953646526658,0.2857142857142857,0.2352941176470588,0.2857142857142857,1.637168351149893,5.928008733351902,0.2857142857142857,0.2352941176470588,0.2857142857142857,0.6310626259714451,2.423109499123615,0.0,0.0,0.0,0.5874840061315251,2.5133944296274864,0.0,0.0,0.0,1.5428700887438442,5.62782845703822,0.1428571428571428,0.1764705882352941,0.1428571428571428,1.64573383079114,5.654607241438393,0.238095238095238,0.2352941176470588,0.2142857142857142,0.0820039120336904,0.4237064652122403,0.0,0.0,0.0,0.75,0.7142857142857143,0.3928571428571428,0.3928571428571428,1.0,1.4210854715202006e-13,15.263261198454805,0.7791773569902873,-0.1225889415540194,0.0,11.560868410277887,1.1305344621020574,0.0822481888529905,0.0,2.268851588331274,0.4549590802509376,0.9009774654485,0.0,1.4979049422621344,0.4549590802509376,0.9337559407691828,0.0,-2.951299929375011,0.4662215836072613,1.1386759676669918,0.0133333333333333,-2.599944603181177,0.8312049890406664,1.1349593894734331,0.0,8.694801802263234,1.276646192691976,0.1636407621880369,0.0033333333333333,10.874833880337778,1.2009409811454617,0.2481907627345755,0.0133333333333333,9.85540511973594,1.9989181738144477,0.0295963307574917,0.1133333333333333,9.1824207341876,2.5125062698442844,0.0503523196562335,0.01,8.648953289690358,2.5006688287131973,0.1033235859477354,0.02,4.6452807951055375,4.679482582819246,,0.4866666666666667,6.758254045751672,0.7432516455615125,0.6153286832069176,0.0166666666666666,5.270991431881631,0.7005620112089818,0.6056727677570157,0.0033333333333333,6.734443274460683,0.6722787706986744,0.562430796158659,0.07,9.538095289224758,2.080322984895835,-0.0174263355764134,0.12,1.5623551876745605,104,"[1.0, 0.6264235315149512, 0.30509702314240084]","[0.0, 3.713872368536054, 9.456744561504554]",0.7431622006266396,0.1168414748050183,9.785322597776648,0.7846376998348923,2.082761562248754,455.3858410960489,0.2855920125548124,0.7411329331202301,0.4872599680696526,0.6305694796465134,0.0096400152860099,0.093382848883354,4.0,"{""overproduction"": 1.617830269213561, ""waiting"": 0.8090054505363907, ""defects"": 1.9419813328727054, ""inventory"": 0.3511044864761054, ""transport"": 1.1259225352040576, ""motion"": 0.323600479751931, ""over_processing"": 0.2622660886125174}"
76.74097500215292,0.6365875642925347,2.08702634227184,0.0454545454545454,0.05,0.0588235294117647,0.680320674028242,2.1724533236677965,0.0454545454545454,0.05,0.0588235294117647,0.8989495279261918,2.9541782039406628,0.0454545454545454,0.05,0.0588235294117647,0.9326212293325976,3.0276980569137875,0.0454545454545454,0.05,0.0588235294117647,0.282094437654801,1.0537513900441,0.0,0.0,0.0,0.2856021511724837,1.0625127052589447,0.0,0.0,0.0,0.7791138651007721,2.558088051484351,0.0909090909090909,0.1,0.0588235294117647,0.8367266984804669,2.6224216848593045,0.0909090909090909,0.1,0.0588235294117647,0.0172423647192966,0.3078775041621975,0.0,0.0,0.0,0.7142857142857143,0.75,0.6071428571428571,0.6428571428571429,1.0,1.2789769243681806e-13,21.463485828822325,0.4791027261189585,-0.4228242392591831,0.0,18.99870281133608,1.5170212323687826,-0.3496710094008933,0.0,6.124786631980658,0.3979335584064247,0.5714053702390897,0.0,6.341988563949683,0.6309361588347729,0.5180193089922253,0.0,9.829431738926916,0.93844761595835,-0.005481290632668,0.0066666666666666,9.865954139405952,1.3188491880452329,0.0596259196275642,0.0,17.456962667100317,3.0415797083009197,-0.2478847193009128,0.0266666666666666,18.479165245159408,2.03574188564645,-0.3315816661450576,0.0133333333333333,16.03651064315784,1.9969651687660048,-0.2117679018610377,0.0233333333333333,17.577894687012016,2.449869002993863,-0.2728177974243564,0.02,16.990611222265787,2.431532911593421,-0.237601139470912,0.01,18.214739196503466,2.598782019365672,-0.320073939886255,0.01,16.085772369919592,1.3592817146680864,-0.3420148317536416,0.0133333333333333,17.298195406391464,2.28212773527142,-0.3534367512203593,0.0466666666666666,6.4673227949324845,0.6209136933719293,-0.2213382567285291,0.54,16.93114813265639,1.9465654691201568,-0.2252358401799631,0.0033333333333333,2.4942781762956745,105,"[1.0, 0.5666681929050309, 0.2125515972662113]","[0.0, 5.75374272283643, 10.813551921613621]",0.5762377796523757,0.2625771271730057,11.399574554935826,0.7015179170398151,2.5497010518678214,340.444750491089,0.0947599927508736,0.7663965126465774,7.886388922019355,0.4945860269781284,0.0132157569081311,0.1359809471507288,4.0,"{""overproduction"": 2.118462625047357, ""waiting"": 0.5248427303639241, ""defects"": 3.192852401040052, ""inventory"": 0.2832089762690044, ""transport"": 0.6212334688738039, ""motion"": 0.44215461997906774, ""over_processing"": 0.29447991231396087}"
57.91767040222135,0.584071749646173,1.424496864467025,0.0526315789473684,0.0625,0.0625,0.7389848898410394,1.5994839239556724,0.1052631578947368,0.125,0.125,0.7997090373092712,2.141906270145405,0.1578947368421052,0.1875,0.1875,0.9507285851518998,2.264762162529136,0.1578947368421052,0.1875,0.1875,0.0878902977970211,0.4473435657341593,0.0,0.0,0.0,0.1544961829903897,0.5943608573913975,0.0,0.0,0.0,0.4424617174725992,1.6371069357441077,0.1578947368421052,0.125,0.125,0.5587276303457381,1.691978622297395,0.2105263157894736,0.1875,0.1875,0.0873533572115746,0.2379199291654972,0.0,0.0,0.0,0.8928571428571429,0.8928571428571429,0.6785714285714286,0.6428571428571429,0.9642857142857144,8.526512829121202e-14,12.294472616266878,0.7189340548147071,-0.6460598921096279,0.0,8.790036442143077,2.155665742429156,-0.4027097370453362,0.0,4.506508485911644,4.0384920819628105,0.5025030770992234,0.0,3.489455869151369,2.747221964057403,0.6076294808919542,0.0066666666666666,6.572058946083392,3.594955144175843,0.0676679822312791,0.0,7.502249458240138,2.802469538080996,0.0840866271985812,0.0,5.918015932463655,4.547195626961864,0.1233622543862994,0.0,8.044918819073029,2.563588698875416,-0.1522202507239475,0.0066666666666666,6.754334128729871,2.998211807907515,-0.2273001087486159,0.08,6.462298806110944,1.963390954766676,-0.19798200241527,0.0833333333333333,6.05944989251617,1.8750719299171277,-0.1679530113199646,0.1133333333333333,6.194512297782264,4.347997648558191,0.0970101096221098,0.0,3.908069863882649,2.610265642874499,-25.291556212781693,0.6533333333333333,3.468075920592138,2.4217391509315496,0.259570371281891,0.1,3.6003570106018365,1.344504680843832,0.1894372149115374,0.3866666666666666,7.93428636149773,2.9259586269839724,-0.3206777510155116,0.04,2.802368572501494,106,"[1.0, 0.6941993987276417, 0.47923599248483173]","[0.0, 1.5831538792674893, 4.139875143889318]",0.5471436998858565,0.3386480448096616,6.74067393312128,0.6881333239672756,4.114434615430911,451.6615824019365,0.1472131787598872,0.8427417089990726,14.211115222863183,0.5952794287194325,0.0109114905829207,0.2005456013563464,4.0,"{""overproduction"": 1.416792190158988, ""waiting"": 0.297418626677436, ""defects"": 3.7984966064977908, ""inventory"": 0.3066188927317202, ""transport"": 0.9056584137385496, ""motion"": 0.3594935510002851, ""over_processing"": 0.18090719728977128}"
74.45500338636442,0.8502387085364901,2.182958105813429,0.1111111111111111,0.1333333333333333,0.1,0.8491597100211605,2.160413064496509,0.0555555555555555,0.0666666666666666,0.1,1.0652794454823789,2.707794376872686,0.1111111111111111,0.0666666666666666,0.1,1.1228441894006829,2.8411689687329664,0.1111111111111111,0.0666666666666666,0.1,0.313909088419903,1.2601590744841855,0.0,0.0,0.0,0.3100307550309684,1.2404440427794026,0.0,0.0,0.0,0.8460095483847818,2.5568703595536144,0.0555555555555555,0.0666666666666666,0.1,0.8875767364953304,2.5910928343089963,0.0555555555555555,0.0666666666666666,0.1,0.1174111452002594,0.3519893580154277,0.0,0.0,0.0,0.8928571428571429,0.8214285714285714,0.6428571428571429,0.6428571428571429,1.0,2.273736754432321e-13,29.5365398702872,0.1255402030630042,0.0226783240669053,0.0,29.536002670756588,0.1255402030630042,0.0229752386258526,0.0,29.536002670756588,0.1255402030630042,0.0229752386258526,0.0,29.536002670756588,0.1255402030630042,0.0229752386258526,0.0,29.02230726407636,0.1696949089403337,0.0149238780852536,0.01,29.15391035607757,0.2551453053737837,0.0205812388497338,0.0033333333333333,29.536002670756588,0.1255402030630042,0.0229752386258526,0.0,29.536002670756588,0.1255402030630042,0.0229752386258526,0.0,29.536002670756588,0.1255402030630042,0.0229752386258526,0.0,29.536002670756588,0.1255402030630042,0.0229752386258526,0.0,29.536002670756588,0.1255402030630042,0.0229752386258526,0.0,29.39793686643417,0.1991837845886118,0.0255710171567532,0.0,29.484720650284075,0.1255402030630042,0.0215004235945199,0.0,29.536002670756588,0.1255402030630042,0.0229752386258526,0.0,21.118020465303964,0.1304261272080763,0.0497979097417031,0.02,29.536002670756588,0.1255402030630042,0.0229752386258526,0.0,1.866459200680949,107,"[1.0, 0.4855550825371883, 0.15512056220673384]","[0.0, 1.0012950693488551, 1.6910522345331875]",0.2087836980551774,0.3884219944562462,24.767602196686653,0.5415876967455613,12.9968718241747,171.42660061111835,0.3829268211266478,0.4432576699850077,9.96061712361134,0.4282882829953173,0.0089006822047409,0.0994826159832895,4.0,"{""overproduction"": 0.563304255563328, ""waiting"": 0.6084301626767384, ""defects"": 3.98793727561731, ""inventory"": 0.31617310826730294, ""transport"": 0.6856283605811361, ""motion"": 0.2782474292310724, ""over_processing"": 0.6106625059712599}"
78.52357789904774,1.5794673086677256,4.9282891256744765,0.0,0.0,0.0,1.667582941098226,5.111848047444087,0.0434782608695652,0.0526315789473684,0.0,2.3325277097532,7.548406988091061,0.0869565217391304,0.1052631578947368,0.1818181818181818,2.3857650621584674,7.617998369216428,0.1304347826086956,0.1578947368421052,0.1818181818181818,0.4091809178052425,1.8113329860187288,0.0,0.0,0.0,0.3988424027776374,1.9771051353034828,0.0,0.0,0.0,1.6999112381526589,5.759015596969307,0.0434782608695652,0.0526315789473684,0.0,1.7914899638836377,5.834333646252786,0.1304347826086956,0.1578947368421052,0.0909090909090909,0.0095200327406273,0.5256592739216438,0.0,0.0,0.0,0.8571428571428571,0.75,0.6071428571428571,0.5357142857142857,1.0,2.273736754432321e-13,7.905134513427658,0.4640194834742845,-0.0092643075942084,0.0,6.619395793621356,0.4455469749265465,-0.0951203800994384,0.0,-2.8012144578413274,0.4094567745360608,1.2740089307261526,0.0,-3.792141133062287,0.4306928839550228,1.4034339375148568,0.0033333333333333,-8.57670175848451,0.7000545504242486,2.701466204525094,0.24,-6.702909825172274,1.0247659583241773,2.048246242265929,0.08,5.873219681183925,0.6759454295382729,-0.2924743870041535,0.0,5.135784261478782,0.8936064633495892,0.1232850282403374,0.1066666666666666,4.272755612718929,0.7946134255939815,0.2794776472238126,0.06,5.269527117696563,1.0017327576164186,-0.2454358859142878,0.1633333333333333,-2.486643472013504,1.0918236802163537,1.5531471031256605,0.54,-0.3583590744701638,2.4311382428338764,1.043197769118166,0.0733333333333333,-1.7738124862882798,1.3450751283367883,4.926052222893701,0.58,0.823359556442509,0.8722396078806226,0.7599204383491849,0.2966666666666667,2.116514349911537,1.0624635157796765,0.5638161533715463,0.4533333333333333,3.249839758940682,1.0581277271540424,0.4797189087811623,0.0566666666666666,0.9783391311277668,108,"[1.0, 0.4944921100605502, 0.38081301191354944]","[0.0, 5.38094906247523, 11.40207781057559]",0.1325694982369849,0.4706511631276497,3.83388482415824,0.8879259250934024,6.250817136664697,427.1752823981226,0.046204302428915,0.4285399991451745,2.457062827142148,0.5305679056885515,0.0197439058673399,0.1590904491162187,4.0,"{""overproduction"": 1.6942956632766468, ""waiting"": 1.0368317917196026, ""defects"": 3.000710766265624, ""inventory"": 0.3988672716918473, ""transport"": 1.0369761699579392, ""motion"": 0.26777853035131605, ""over_processing"": 0.40890820143391177}"
89.50137720416508,0.3513808555761645,1.3949430085744463,0.0526315789473684,0.0526315789473684,0.0588235294117647,0.509067291933244,1.5099069742338735,0.1052631578947368,0.1052631578947368,0.1176470588235294,0.6185635704877891,1.992275620083337,0.0526315789473684,0.0526315789473684,0.0588235294117647,0.6745257433687389,2.044050351396133,0.1578947368421052,0.1578947368421052,0.1176470588235294,0.1026495655995495,0.5016001840530323,0.0,0.0,0.0,0.0584877194672251,0.5177972810307693,0.0,0.0,0.0,0.3877705731927271,1.400675386239948,0.0,0.0,0.0,0.4605952238591337,1.5184767513678303,0.0526315789473684,0.0526315789473684,0.0588235294117647,-0.028199892277656,0.2370934025133656,0.0,0.0,0.0,0.8214285714285714,0.7142857142857143,0.6428571428571429,0.4642857142857143,1.0,8.526512829121202e-14,29.99450562571465,0.8637803019791958,-1.504893554769927,0.0,29.599230931630046,1.298229303409224,-1.510137866896608,0.0,27.417488630314885,1.5422126048508389,-1.2648656944598182,0.0,26.797177840081044,1.515064273130485,-1.1756818618817502,0.0,28.67283298857741,2.1774675810126944,-1.606848201899571,0.0,28.759759622854386,2.1839554535420453,-1.6090590616329628,0.0,28.759759622854386,2.1839554535420453,-1.4613128703236586,0.0,28.759759622854386,2.1839554535420453,-1.4613128703236586,0.0,29.0432668790693,1.4308571943595512,-1.4928813385396291,0.0,28.65286528699026,2.1755821325754505,-1.4812107963258112,0.0,28.63359296794785,2.1755821325754505,-1.5078780224977686,0.0,28.728688142666535,2.1755821325754505,-1.6609358694523968,0.0,28.946539250814297,1.73156445093752,-1.5414232775829884,0.0,28.759759622854386,2.1839554535420453,-1.460495165113769,0.0,17.378469944935212,0.6364469263033257,-0.6582127361952592,0.1366666666666666,28.97649359823737,1.6032566011398075,-1.4792555173606718,0.0,5.29322246635316,109,"[1.0, 0.635222911407937, 0.37267657077351524]","[0.0, 3.6770359370639083, 9.18030867665997]",1.022746877247465,0.5201964393326287,21.861618709500178,0.7748266852822909,10.535363420142083,329.15470852059536,0.3332694636585604,0.6829240881322207,11.194248711939435,0.3248610007711972,0.0115653514177096,0.2142009530294245,4.0,"{""overproduction"": 0.8494846920459682, ""waiting"": 0.4822864537185281, ""defects"": 2.620289809349452, ""inventory"": 0.4169806012636431, ""transport"": 0.5628404296359196, ""motion"": 0.5755869315280453, ""over_processing"": 0.42019855207816015}"
87.64144743389717,1.1028250075471764,2.9692872576787104,0.0909090909090909,0.0526315789473684,0.0625,1.1240078307756685,3.010314807072348,0.0909090909090909,0.0526315789473684,0.0625,1.3399594420736765,4.029197699381508,0.1363636363636363,0.1052631578947368,0.125,1.4800320559604787,4.219288068176856,0.1363636363636363,0.1052631578947368,0.125,0.3456682351014646,1.508518263176131,0.0,0.0,0.0,0.3793692300322094,1.6443090724463647,0.0,0.0,0.0,1.0083329272756802,3.3724979345556174,0.0909090909090909,0.1052631578947368,0.0625,1.1359001377622715,3.533565435710888,0.1818181818181818,0.1578947368421052,0.125,-0.0694717587252526,0.4638239953096028,0.0,0.0,0.0,0.9285714285714286,0.7857142857142857,0.6785714285714286,0.6071428571428571,0.9642857142857144,2.273736754432321e-13,17.308595309922335,0.3785739910074801,-0.4283474167165308,0.0,14.574254710489328,1.4725613336933212,-0.2666930100273087,0.0,7.603146704322117,1.7508327133570067,0.1865604269791825,0.0,2.791812718977557,2.024909926277988,0.6625638682277518,0.0,-0.5973366840764693,3.468237023522304,1.069673605357382,0.0133333333333333,-3.895891707356717,2.9173955706181607,1.4507678203174104,0.0033333333333333,12.23576448749194,0.4031443060013653,-0.2033247592419497,0.0,14.266259084436156,1.1269773716003069,-0.2521712668766756,0.0,14.296851479952505,1.0936583496018606,-0.3051227968511462,0.0,13.740099172699606,2.3437521017835325,-0.1578463685809941,0.0,13.083218729409833,2.3064975129999525,-0.1169210072509647,0.0,11.927732061286976,3.9455089216410033,0.032189165129052,0.0,11.972934077829706,2.543588971920466,-0.1826774031948052,0.09,10.706020418367135,1.5679122899667004,-0.1039388860069945,0.04,2.4959962145578687,0.578151968078786,0.3093752336638511,0.6866666666666666,13.377966855030076,1.156061944842672,-0.2535967164329237,0.0266666666666666,2.383421910955827,110,"[1.0, 0.45416310278671723, 0.3401665676697751]","[0.0, 4.986460641637926, 10.678034575043363]",0.9267534827551612,0.2666696941728668,17.112071359011498,0.6577029597763786,4.49031688009469,189.1982819628278,0.1942353795023864,0.0877963549617771,10.752814795712265,0.6658591843605537,0.0186913138085145,0.1972651219911216,4.0,"{""overproduction"": 0.9039816649871774, ""waiting"": 0.5207811008798328, ""defects"": 3.4340493785982034, ""inventory"": 0.6442670095653122, ""transport"": 0.9272130356443905, ""motion"": 0.38459829739725815, ""over_processing"": 0.64671084013242}"
61.07058653678476,0.9043661171530648,2.5261504181622856,0.1333333333333333,0.1666666666666666,0.1,1.0602209114830574,2.614894584253951,0.1333333333333333,0.1666666666666666,0.1,1.124603464539758,3.619212870354895,0.2,0.25,0.2,1.3517202697980444,3.8007958933776327,0.2,0.25,0.2,0.0831121225898876,0.5828953328673269,0.0,0.0,0.0,0.054768191604371,0.5375942021182957,0.0,0.0,0.0,0.7254848794431827,2.600627725627772,0.1333333333333333,0.1666666666666666,0.1,0.8295640523232858,2.62418882227102,0.1333333333333333,0.1666666666666666,0.1,-0.0355322296850495,0.2615139432583206,0.0,0.0,0.0,1.0,0.8571428571428571,0.6785714285714286,0.6071428571428571,0.9642857142857144,1.5631940186722204e-13,14.058652637064116,0.4434521852145868,-0.0321397654766124,0.0,12.643410012550872,0.4121127934552498,-0.0442166479096737,0.0,11.416857382492392,0.3429948215055416,0.0738539737013287,0.0,9.4867965692275,0.490825402082347,0.2183042555958855,0.0,3.281840948571649,0.6285461409301505,0.6056880249935506,0.3066666666666666,7.650015409826577,0.3362572080328853,0.237630256794451,0.11,10.594860304001232,0.3016218925772608,0.190576801044358,0.0,11.529518103243044,0.5033362030125259,-0.1159018300450218,0.01,9.816530982786835,0.9271658095035048,0.1352840020414342,0.03,8.041665839370436,0.5420950227222336,0.0250349701596144,0.1233333333333333,4.410488548060387,0.4799480225470864,0.4822099418595183,0.2266666666666666,8.45539245732929,1.0653738843227212,-0.082993306419178,0.0733333333333333,5.49563463237848,1.2109283570162344,0.1907823988989573,0.2466666666666666,8.798561308323626,0.5361989297255603,-0.2552954427357514,0.12,8.986278228447516,0.4889473822164717,0.1086453058023107,0.21,9.84585671845833,0.7829689454385,0.0799581542758591,0.0066666666666666,1.9153791361883143,111,"[1.0, 0.6907351954149996, 0.4789267251623964]","[0.0, 0.24187408285079448, 0.5166396577948917]",0.8659221369029413,0.4331683654633044,7.536993880870993,0.3938962278939321,14.330947130019728,264.7298238545633,0.0781196978512945,0.0508011923810564,3.5181225565303533,0.6313687612872374,0.008593332956979,0.2176833613933556,4.0,"{""overproduction"": 1.3795633676955055, ""waiting"": 0.5118626089780146, ""defects"": 2.426476878319312, ""inventory"": 0.3800797543473417, ""transport"": 0.512413172328922, ""motion"": 0.31125510529248246, ""over_processing"": 0.48741036782788627}"
85.4153440415395,0.698576646905306,2.1587783838480563,0.1052631578947368,0.1428571428571428,0.0,0.7246372280759663,2.2065838402783413,0.1052631578947368,0.1428571428571428,0.0,1.050801457154248,3.3267495654781185,0.1578947368421052,0.2142857142857142,0.1666666666666666,0.9126982236114828,3.270934051155808,0.2105263157894736,0.2142857142857142,0.0833333333333333,0.1507375130702423,0.5409925991491827,0.0,0.0,0.0,0.1558677571845845,0.6907590506168757,0.0,0.0,0.0,0.6747384286926088,2.563209865719759,0.1052631578947368,0.0714285714285714,0.0,0.7663169658287732,2.589194421991857,0.1052631578947368,0.0714285714285714,0.0,0.0034881317601387,0.1686232910712829,0.0,0.0,0.0,0.8928571428571429,0.8571428571428571,0.6071428571428571,0.5714285714285714,0.8928571428571429,9.947598300641405e-14,19.92772611800737,0.5325261938229346,-0.5972705456896322,0.0,18.65404840611373,1.1332295192843618,-0.4567210992940145,0.0,4.116966471872272,0.248257112598623,0.7158721200007088,0.0,4.116966471872272,0.248257112598623,0.7158721200007088,0.0,2.529470642565503,0.2621458941243785,0.7514904909800215,0.0,5.652172116881094,0.2588846913448244,0.5427379810031534,0.0,17.486679127147895,2.126321068339762,-0.3296329970524566,0.0,17.838232278466176,1.9034054883128708,-0.3611721579877612,0.0,18.1236101088284,1.3438688155191716,-0.4152215883227345,0.0,17.881895891981813,1.7826560592934653,-0.4315502396132606,0.0,17.734733150162047,1.8442510039476776,-0.4657618048246194,0.0,17.498780673460438,2.126321068339762,-0.4332840688689289,0.0,11.674126837157576,1.3040667090485467,-0.8014194090822078,0.1766666666666666,16.793617965583856,1.558453667211475,-0.4327956164437796,0.0033333333333333,10.433547741829756,1.324379592768065,-0.2922913029500045,0.2966666666666667,17.7948232613077,1.6331283896115674,-0.3835257305442764,0.0,3.1514886652233067,112,"[1.0, 0.6441099719501885, 0.48477506353657474]","[0.0, 5.275866862226627, 11.216517057995038]",0.5206413424597998,0.5590290264139264,10.856900305418604,0.5804401516544468,4.5691493892686905,111.19553645994888,0.3857008255222202,0.0472968762387492,0.7605568367492965,0.3437343849074485,0.0115952457509678,0.177395268215327,4.0,"{""overproduction"": 1.660573210688801, ""waiting"": 0.7530178439555034, ""defects"": 1.70175894878146, ""inventory"": 0.6782362408204814, ""transport"": 0.9359886612899176, ""motion"": 0.4571572628724855, ""over_processing"": 0.3316656753044622}"
93.89494952218752,0.687763844550046,1.9342290163137847,0.2272727272727272,0.2,0.0666666666666666,0.7306420684500684,2.051911724130389,0.2272727272727272,0.2,0.0666666666666666,0.9580598651991276,2.964670361776668,0.2727272727272727,0.2,0.0666666666666666,0.9365944551448308,2.924647855848552,0.2272727272727272,0.2,0.0666666666666666,0.2726784069928708,0.8205788128279518,0.0,0.0,0.0,0.3021164190817089,0.9061745457451996,0.0,0.0,0.0,0.7414674285553744,2.3744957213826874,0.1363636363636363,0.15,0.0666666666666666,0.8529375408412955,2.5807334457343534,0.1363636363636363,0.15,0.0666666666666666,0.0421545134479586,0.401590466929745,0.0,0.0,0.0,0.7857142857142857,0.7142857142857143,0.5714285714285714,0.4285714285714285,1.0,1.9895196601282805e-13,24.87728149928308,0.2600359983947546,-0.4826569035270741,0.0,23.2122177545467,0.6049659233199187,-0.3546398718604718,0.0,20.8431153726741,0.3028998324077023,0.054229686978573,0.0,20.90503186394092,0.2951547510199317,0.0467886959478994,0.0,18.95750902451097,0.2961618219610644,0.0930262326831948,0.0,20.69161126296741,0.5158318298439396,0.0551091810359893,0.0,22.30048458272168,1.0412169818469326,-0.4528888012027434,0.0,21.86003842972328,1.420317191124736,-0.5280182278270465,0.0,21.732396519820146,1.2860450301437545,-0.4748885590764143,0.0,22.54518948413794,0.8268235674515112,-0.2712999892665312,0.0066666666666666,22.642197047500925,0.7802552467777285,-0.3067339222685937,0.0033333333333333,20.670063940597757,1.902537505432033,-1.0239598212593028,0.0333333333333333,19.02921159627688,1.475886874339661,-0.6054828465305891,0.0033333333333333,21.63281170307826,1.3843746876289869,-0.510468431023275,0.0066666666666666,18.372197070351085,0.7844376456064375,-0.0948025010021196,0.0166666666666666,21.3718474005514,1.2322353186235704,-0.4004234453225821,0.0,2.1118426117715057,113,"[1.0, 0.5691351707326561, 0.2815179602214649]","[0.0, 1.8486127244281876, 5.216694562864636]",0.4283572819563001,0.6445532391122344,24.39975855254116,0.5955894686444143,7.306706894638909,181.0924699844485,0.1602377684071233,0.8973500669605116,2.988048569838898,0.4862017964239252,0.0192225480163415,0.2261040065656283,4.0,"{""overproduction"": 0.9527338786126119, ""waiting"": 0.5906614510558833, ""defects"": 3.257911270670463, ""inventory"": 0.5899083031947495, ""transport"": 1.295883996724868, ""motion"": 0.3257259401125158, ""over_processing"": 0.4309263516320661}"
72.75696663315651,0.8306235833962096,2.39326727820328,0.1428571428571428,0.1111111111111111,0.1176470588235294,0.9285082898303302,2.4613197505369677,0.1428571428571428,0.1111111111111111,0.1176470588235294,1.256819343063307,3.4966369338852625,0.1904761904761904,0.1666666666666666,0.1764705882352941,1.3632459972811122,3.572563087297979,0.1904761904761904,0.1666666666666666,0.1764705882352941,0.1418556703735611,1.036523677104186,0.0,0.0,0.0,0.1337918699713602,1.0479446170569615,0.0,0.0,0.0,0.7557245524917773,2.8051048303076,0.1904761904761904,0.1666666666666666,0.1764705882352941,0.7662116626082767,2.8056736298972376,0.1428571428571428,0.1111111111111111,0.1176470588235294,-0.0594922507272958,0.2252563835359516,0.0,0.0,0.0,0.8214285714285714,0.7857142857142857,0.4285714285714285,0.4285714285714285,1.0,8.526512829121202e-14,18.161126945600127,0.4212030509811562,-0.5270410202911899,0.0,16.576034236453502,0.9069065638215356,-0.469378279920133,0.0,4.682218286633521,0.1692793692781157,0.6638911231898152,0.0,4.345026278202884,0.1282916985854738,0.6868891865717149,0.0,2.579413094885429,0.1282916985854738,0.8026183849129842,0.01,2.183130688359367,0.2356920821798096,0.8387953643006771,0.0033333333333333,13.881355683874665,2.7804585120164065,-0.0852771572199131,0.0,16.42185937247259,0.8332056920846943,-0.358264645507967,0.0,15.83819311328378,0.6356340754371737,-0.4303912845318978,0.0,13.954785573018023,2.140841224082973,-0.2174278212364185,0.0066666666666666,13.742788077170756,2.0078510766318693,-0.2257501636132834,0.0166666666666666,13.896338342443032,2.7804585120164065,-0.1086673827920458,0.0066666666666666,11.037596403997169,1.5047284113540125,0.1147321984273054,0.01,15.54618596243092,1.0469618250343298,-0.5006489126283566,0.0166666666666666,8.641771680701934,0.5144737617001349,0.147219420257756,0.1733333333333333,15.802760399285637,1.4206545982472354,-0.3182134724530435,0.0,3.2362366664974,114,"[1.0, 0.6443912527551707, 0.4333147517607858]","[0.0, 3.3652054197561796, 9.016249554425272]",0.7203670032363866,0.4903092182377534,10.2987401959931,0.6705301210601774,6.725049174094908,428.1198887888916,0.3705574567738885,0.5543481357651974,9.548247853002636,0.4118748779420357,0.0106638548252552,0.0804857777314491,4.0,"{""overproduction"": 0.9797124106656943, ""waiting"": 0.5770484792891025, ""defects"": 1.8742649848847055, ""inventory"": 0.495670628769187, ""transport"": 0.972114825575569, ""motion"": 0.3081382375287648, ""over_processing"": 0.37759977830064584}"
66.92602769343878,0.582603262237804,1.6462650575941435,0.1111111111111111,0.0666666666666666,0.0909090909090909,0.7355232570532727,1.763675207566792,0.1111111111111111,0.0666666666666666,0.0909090909090909,0.8099201002712643,2.4317112957879297,0.2222222222222222,0.2,0.2727272727272727,0.9994606133725812,2.629597043203592,0.2222222222222222,0.2,0.2727272727272727,0.0626953761396175,0.6147041657072948,0.0555555555555555,0.0666666666666666,0.0,0.0493444359431696,0.8015405087482642,0.0555555555555555,0.0666666666666666,0.0,0.5109999695136799,1.9319382229595736,0.0555555555555555,0.0666666666666666,0.0,0.5933632595009894,2.086079183572415,0.2222222222222222,0.2,0.1818181818181818,-0.0432769144211978,0.388926006584732,0.0,0.0,0.0,0.8571428571428571,0.8214285714285714,0.75,0.6428571428571429,1.0,8.526512829121202e-14,11.174562532067393,0.7394318233335884,0.1194436294770024,0.0,8.134644605402185,1.982687519240902,0.266207515085683,0.0,2.559370325315552,1.6822824329374408,0.8122060104380906,0.0,-3.415238591781497,1.4824854628648405,1.2428645810615324,0.0033333333333333,2.469127658753388,0.8335337794748818,0.8194940620476445,0.0,-4.119867022314861,2.39711646660245,1.3219190607197018,0.0033333333333333,2.3970257118837264,1.9573213268898788,0.5211744660531028,0.0,4.76174364479713,2.464184629941909,0.5181043788721132,0.0066666666666666,5.787337272307651,2.643002992459763,0.3298295964437717,0.0366666666666666,6.682557954286315,2.1389045984308632,0.3681214719526756,0.0866666666666666,5.649517989558893,2.0952608688131766,0.4427840786735021,0.1866666666666666,5.043189193510699,4.0191720761076,0.4749825280870203,0.13,2.310378210493727,3.99282189921904,0.7513034486427755,0.04,5.703231364500333,2.7293880314213226,0.3071422688902465,0.0066666666666666,2.0590089159333527,2.114666446730056,0.7016937143765993,0.16,4.452837747829405,3.463933951032783,0.5412935265484765,0.03,2.533476803585431,115,"[1.0, 0.7060346949407257, 0.3838826583818248]","[0.0, 3.385334717595856, 8.556915330930119]",1.1406710819164676,0.3241103778054383,1.9061297552510763,0.6596586783545753,13.792034054101482,122.25449648010874,0.0619793244557378,0.0176510097859191,13.396354684922192,0.5136351780288426,0.0165924275963884,0.298088990142137,4.0,"{""overproduction"": 1.0692681356709373, ""waiting"": 0.4754651058004299, ""defects"": 3.5541247395747755, ""inventory"": 0.42678142403850655, ""transport"": 1.1685719695082466, ""motion"": 0.3953001158591017, ""over_processing"": 0.2197813756779538}"
86.22680846990576,0.7363510244650975,1.6617139531824074,0.0526315789473684,0.0588235294117647,0.0,0.8962720252672166,1.8679359653423089,0.0526315789473684,0.0588235294117647,0.0,0.9520153778809908,2.4454549620620485,0.1578947368421052,0.1764705882352941,0.1428571428571428,1.1059378090100465,2.6257547125382543,0.1578947368421052,0.1764705882352941,0.1428571428571428,0.2175282670129756,0.5468030270972379,0.0,0.0,0.0,0.1990942473258963,0.5647553591712887,0.0,0.0,0.0,0.555763941980753,1.759579793177424,0.1052631578947368,0.1176470588235294,0.0714285714285714,0.6056572747898112,1.839148775067091,0.1052631578947368,0.1176470588235294,0.0714285714285714,-0.0291310237821527,0.1928720030985322,0.0,0.0,0.0,0.9642857142857144,0.9285714285714286,0.6785714285714286,0.5714285714285714,1.0,1.4210854715202006e-13,18.904814260661396,0.8416422557007822,-1.181370879455009,0.0,17.79873130158104,1.6061259188416177,-1.2457890746567952,0.0033333333333333,11.440736151520822,1.3670370035588904,-0.6274845109948753,0.0,4.791658140246658,1.160050188934984,0.3553800740347366,0.0,0.6524221629537886,1.6247268406673898,0.917630525109272,0.0066666666666666,7.167595937646888,1.180785356029065,-0.1239649210763332,0.0066666666666666,17.516641684515896,2.311127487219303,-1.3978809758222772,0.0066666666666666,17.560688928636836,2.090998543186372,-1.3289219586324736,0.0066666666666666,17.45386006903813,1.9093170620580813,-1.3371843763661198,0.0066666666666666,17.434178686021124,1.9825256694401792,-1.3399545350010955,0.01,17.1254730157106,1.9825256694401792,-1.2889688320379231,0.01,17.508415981759292,2.165016939888984,-1.3432108125832425,0.01,16.976934252400792,2.3128010967561803,-1.3616062537544955,0.0266666666666666,17.488686740027383,2.1233764677038773,-1.3999857191672218,0.0066666666666666,5.988205860966645,0.6153790220392036,0.2371237856643171,0.2466666666666666,17.29823785060748,2.129218804957416,-1.3625835297936342,0.0066666666666666,3.847287071902863,116,"[1.0, 0.7513816650904207, 0.4885105738032469]","[0.0, 4.163964805777107, 8.554233452019323]",0.5813302132099097,0.0692320309266527,24.66811553965317,0.4134051249586485,0.6611713168468342,335.00434557720905,0.0474451447787884,0.378047355220554,12.471124259675998,0.4675010578961455,0.0094865351536851,0.1808402310040337,4.0,"{""overproduction"": 1.463627238797953, ""waiting"": 0.39776315608247204, ""defects"": 2.224350413429822, ""inventory"": 0.6345736957416552, ""transport"": 1.0224839629143652, ""motion"": 0.40626111525653213, ""over_processing"": 0.7882726692401676}"
54.43484939516503,0.2944816796746957,0.754793642561392,0.1176470588235294,0.125,0.0,0.2986275799159707,0.8383810598199369,0.1176470588235294,0.0625,0.0,0.4201611864375008,1.0636425095576505,0.0588235294117647,0.0625,0.0,0.4841146934767625,1.2023083087529276,0.0588235294117647,0.0625,0.0,0.0294693188710472,0.2318206056679941,0.0,0.0,0.0,-0.0162678164304385,0.4734392235668881,0.0,0.0,0.0,0.2409906484224691,0.7712007034242525,0.0588235294117647,0.0625,0.0,0.3486528732437935,0.9186788865714328,0.0588235294117647,0.0625,0.0,-0.0200856316794055,0.1201345684996648,0.0,0.0,0.0,0.8571428571428571,0.7142857142857143,0.6428571428571429,0.6785714285714286,1.0,1.7763568394002505e-13,13.454269548808416,0.3492786112264705,-0.128016244988029,0.0,12.598967361212772,0.3884443325325046,-0.1735251895738309,0.0,3.606799312239601,2.778436057933695,0.7076778087308186,0.0,-9.315330529072334,2.509560818720535,1.7662018260708163,0.0533333333333333,-6.224679634728721,2.033147143607027,1.4549887233254457,0.05,-4.485285656083979,2.373410583290924,1.3766085414966258,0.0366666666666666,11.767310565539772,0.7047406277435203,-0.110169424128549,0.0,11.687471795760048,0.5819582564550372,0.0359937947575598,0.0,10.845751019370146,0.8900478037418903,0.0541408167000163,0.0,11.6491776223716,0.8376256304476484,0.0187273796596817,0.0,11.653666398443557,0.8376256304476484,0.0190774348401416,0.0,10.002299262010112,1.2060648299753212,0.2620810245707807,0.0,10.82723129209892,0.9126699799934628,0.1044720489904092,0.0,11.413616873527593,0.7701059115645963,0.0795761875132588,0.0,7.516818180860842,0.5414606787967344,0.1620331712227531,0.2633333333333333,10.371094716209438,1.0550322148617997,0.105543148458766,0.0166666666666666,2.290619794528291,117,"[1.0, 0.45023829575423063, 0.150689422232121]","[0.0, 0.9796888518009743, 2.0419439531184427]",0.634476552708899,0.8430607015397695,1.6060030251454722,0.573428202678255,11.840814207577504,419.0338185870762,0.1368335879012965,0.2010657241022124,6.190409093911724,0.3620243060691887,0.008312233096872,0.2550565607703042,4.0,"{""overproduction"": 0.8774293091231634, ""waiting"": 0.32195707610050556, ""defects"": 3.2593595897758822, ""inventory"": 0.3466322192270639, ""transport"": 0.4833472505112808, ""motion"": 0.39340303029617146, ""over_processing"": 0.4056754550914962}"
51.74664325990325,0.3236124606960699,1.0210107915555722,0.1052631578947368,0.1111111111111111,0.0,0.3905564855132792,1.0502922265445829,0.0526315789473684,0.0555555555555555,0.0,0.499514847745885,1.530555094627393,0.1052631578947368,0.1111111111111111,0.0666666666666666,0.5421519909362129,1.549323689629004,0.1052631578947368,0.1111111111111111,0.0666666666666666,0.0569169005615713,0.2300972693706797,0.0,0.0,0.0,0.0505193444059813,0.300641357046925,0.0,0.0,0.0,0.3445642029085056,1.2548847177973357,0.1052631578947368,0.1111111111111111,0.0666666666666666,0.37289045615642,1.28431849151505,0.1052631578947368,0.1111111111111111,0.0666666666666666,-0.0121080968037508,0.0880053705400689,0.0,0.0,0.0,0.8214285714285714,0.75,0.6071428571428571,0.5714285714285714,1.0,5.684341886080803e-14,19.956398574620817,0.4932218459135496,-1.138252862520272,0.0,19.148057284414254,0.9322347817852076,-1.0728977459515907,0.0,-3.0725414549252603,0.2331350095817632,1.2408021327506715,0.0,-3.4137022662578795,0.2137124294567363,1.2638519024560024,0.0,-3.1227958360961865,0.2593095031712787,1.2474428428265527,0.0,-2.3520477716546124,0.2350905217868036,1.186435242741641,0.0,12.39710084374201,0.2837910368688102,-0.2121251088935064,0.0,18.47298121142837,0.94908074074957,-1.0112346702507764,0.0033333333333333,17.778924683272457,0.8837961801629955,-0.8920655475442085,0.0033333333333333,18.528949612755625,1.346850089399514,-1.0722411688272424,0.0,18.544096981106197,1.3762562790997137,-1.1466899411987974,0.0,18.54865752081817,1.4757471318255535,-1.4179601781357616,0.0033333333333333,17.752961670896987,1.1716781583280864,-1.1377892921488473,0.0133333333333333,18.138979452880054,1.1857411505589364,-1.044905153718136,0.01,9.392990368750803,0.5393903672320295,-0.8359626277303334,0.45,17.842368621963136,0.9692157849823004,-0.9038070072475972,0.0033333333333333,4.611387588191308,118,"[1.0, 0.6260156801968936, 0.4807252586449997]","[0.0, 3.8843234489486815, 9.564235799918233]",0.5323637848354018,0.2196345494961068,17.476149617531362,0.6162439224413133,9.438030213200912,20.311065037294217,0.3497789654131429,0.893146937586559,10.847118341330368,0.3336685769740333,0.0108570877011668,0.1186199494788346,4.0,"{""overproduction"": 0.9399031630098189, ""waiting"": 0.30283712538430585, ""defects"": 1.9801525394878365, ""inventory"": 0.4471596885463007, ""transport"": 0.5697787462293399, ""motion"": 0.20444294162424376, ""over_processing"": 0.3237583281053102}"
60.17856525121497,0.4847411434961956,1.535087101865868,0.0,0.0,0.0,0.5265949541818398,1.604917397373599,0.05,0.0,0.0,0.7477064968369679,2.403426460698249,0.1,0.1333333333333333,0.1538461538461538,0.7721881469014946,2.424312132844353,0.15,0.1333333333333333,0.1538461538461538,0.1592861325762843,0.706419428196606,0.0,0.0,0.0,0.2558221618983068,0.7618899674958131,0.0,0.0,0.0,0.533687399273625,2.000077514448376,0.0,0.0,0.0,0.6271234551070531,2.028930490392641,0.1,0.0666666666666666,0.0769230769230769,0.0307884143026458,0.1961836342216674,0.0,0.0,0.0,0.8928571428571429,0.75,0.5714285714285714,0.5714285714285714,1.0,1.7053025658242404e-13,9.892466435124302,0.1701696016553262,-0.2583533456648584,0.0,7.588399571920958,0.4475881471951334,-0.1107885998543229,0.0,-4.139328299878778,6.312824671367103,2.5398724880624464,0.0,-3.3969292806703746,6.257055036244088,2.5599772199444994,0.0,-4.825959416889753,3.277818263181362,5.279281602055763,0.0566666666666666,-3.2770570304618056,5.865802452318227,2.355204593769268,0.0,6.496936031539362,0.4471208233395596,-0.1228972387088236,0.0,6.754903136807208,0.8809808550364854,-0.0099653239934718,0.0033333333333333,6.766334069336822,0.7105339872478053,-0.0857810022504482,0.01,7.027002462849306,0.7345311100967143,-0.1469511140346564,0.0633333333333333,6.109710753532313,0.7797447525625385,-0.1260164440183405,0.1533333333333333,6.498866800120638,1.7029224530279727,-0.0614136683455639,0.0733333333333333,1.176424684587669,1.2889673111107829,0.8015420851557248,0.13,0.0602171776550563,1.4426752280709674,0.9903050615056684,0.13,5.489772469385079,0.7600089247713178,0.0270873451713269,0.1533333333333333,4.808535484799346,0.8303879993066651,0.1626191678543571,0.16,2.2476212238187263,119,"[1.0, 0.45886411248912856, 0.25397321862082484]","[0.0, 5.219500655076851, 13.96609444911465]",0.0415100476839963,0.3289340824962559,11.0710796045205,0.8750005999893564,14.799535673180472,54.08773611222419,0.2498628898790507,0.3989996826062583,10.541315731678328,0.6598927622047984,0.0165512878310088,0.1635045212886523,4.0,"{""overproduction"": 1.0932708456846314, ""waiting"": 0.31737789787455767, ""defects"": 2.2831196797293503, ""inventory"": 0.3467737295533135, ""transport"": 0.8660745425043356, ""motion"": 0.7214663058557914, ""over_processing"": 0.2732210128348724}"
77.59235539637467,0.8989435902690722,2.164012254964007,0.0909090909090909,0.1111111111111111,0.1176470588235294,0.9089044171835,2.1838831430669345,0.1363636363636363,0.1111111111111111,0.1176470588235294,1.092459989169844,3.134837799907958,0.2272727272727272,0.1666666666666666,0.1764705882352941,1.1703882374263246,3.1824535424426648,0.2272727272727272,0.1666666666666666,0.1764705882352941,0.2449106943309743,1.0380702194296865,0.0454545454545454,0.0555555555555555,0.0588235294117647,0.2003683681735814,1.1158832538403491,0.0909090909090909,0.1111111111111111,0.1176470588235294,0.772688836657634,2.608876389458064,0.2272727272727272,0.1666666666666666,0.1764705882352941,0.8106358862517654,2.639417090776846,0.2272727272727272,0.1666666666666666,0.1764705882352941,-0.1265890842988823,0.451001868071021,0.0,0.0,0.0,0.8571428571428571,0.8214285714285714,0.5,0.5357142857142857,0.8928571428571429,2.415845301584341e-13,22.31278070009163,1.0658743629402123,-0.6281613997757268,0.0,19.22234228711295,1.912080890913321,-0.2862645236087299,0.0,16.802497061532897,1.2995985704559807,0.106169623990209,0.0,9.404813984391634,1.3642842656200502,0.4883430607631059,0.0,5.319361180842692,2.004933608844844,0.5473014669965132,0.0333333333333333,8.593895007266982,1.8885716720789305,0.5161410987636669,0.0,16.917378398730417,1.059603992173653,0.1099805172411255,0.0,18.33083842905945,2.1462147308621997,-0.2851795158401665,0.0,17.773997005811843,2.5367878781943203,-0.3181454302235158,0.0033333333333333,17.969902046471393,2.012511669522928,-0.2428305674233197,0.0233333333333333,16.217351393152164,1.7758461401549168,-0.1901008784797049,0.0133333333333333,13.864357114028747,6.06435223273622,-0.9593328475166366,0.0233333333333333,9.94797083916766,3.457263571207809,-0.1937779150046924,0.16,14.490122539673058,3.759001163572319,-0.5217242134779174,0.0,17.435650912779288,1.6853919079064368,-0.0878630036186981,0.0033333333333333,16.854105286989846,2.8104550823843084,-0.315616887311919,0.01,2.6519181677047587,120,"[1.0, 0.8365298976571547, 0.34710757177856205]","[0.0, 2.7083265614023393, 6.812462913774174]",0.2591491075169776,0.4369158207057919,18.824453175564997,0.7430014168780923,0.7075009317002823,212.80948471068524,0.3228867273581529,0.8314734221145124,4.901599002836273,0.6200646260929262,0.0160990675526492,0.1373421809146359,4.0,"{""overproduction"": 0.8753287026355845, ""waiting"": 0.40573136872094995, ""defects"": 2.6615834725661873, ""inventory"": 0.5449146647375105, ""transport"": 1.007191465902492, ""motion"": 0.3732313519616477, ""over_processing"": 0.3145976112797805}"
76.74080353080676,0.7738313953360503,2.411855921747576,0.1363636363636363,0.1111111111111111,0.1428571428571428,0.9139371618808766,2.491337966996919,0.1363636363636363,0.1111111111111111,0.1428571428571428,1.1541575938872348,3.580311381618454,0.1363636363636363,0.1111111111111111,0.1428571428571428,1.288076712896333,3.657271597178873,0.1363636363636363,0.1111111111111111,0.1428571428571428,0.2738604389035673,1.473736282275942,0.0454545454545454,0.0555555555555555,0.0714285714285714,0.2875926820968857,1.492552193656524,0.0454545454545454,0.0555555555555555,0.0714285714285714,0.9372266617451864,3.1629389718382144,0.0909090909090909,0.0555555555555555,0.0714285714285714,0.9723380432685936,3.162263623287601,0.1818181818181818,0.1111111111111111,0.1428571428571428,-0.0627660135164096,0.2353632846329562,0.0,0.0,0.0,0.7857142857142857,0.7142857142857143,0.6071428571428571,0.5,0.9285714285714286,1.2789769243681806e-13,21.0221849517388,0.1463180654224648,0.0765550335531336,0.0,19.410069908263203,0.2072976498948482,0.2127367817709957,0.0,19.28856022876661,0.3631334389647833,0.2073050834335872,0.0,19.13272575362989,0.1089428020586674,0.259488409039276,0.0,9.408247568113673,0.8912913891298264,0.3844843741178563,0.0,15.084481392774912,0.1644250967898405,0.3506184198121832,0.0,19.227810582754916,0.1089428020586674,0.2592553581895843,0.0,18.468173918608223,0.3328058502689019,0.1914613358392398,0.0133333333333333,19.352577806980605,0.2758215913082888,0.20459457143491,0.0033333333333333,16.70960559055761,0.2460791560713511,0.2436024776937498,0.0033333333333333,14.126485748937633,0.3486873547419685,0.2993768529739191,0.02,12.262158288571364,1.4713336615095758,-0.1859061824241068,0.2166666666666666,10.138551542558954,0.8458416113638376,0.1796077877024754,0.2666666666666666,13.478500844959624,0.4155134073376132,0.149458831496204,0.1633333333333333,15.232943569417513,0.3355476234093957,0.1605909722739384,0.1133333333333333,18.818554826372807,0.3144111137220214,0.2080440894201629,0.01,1.2646278612192954,121,"[1.0, 0.8063304109624239, 0.17592214186939534]","[0.0, 4.273413633107684, 12.89813045406668]",0.0996506476879331,0.3120503550310678,7.289623343032608,0.806901407458859,5.74502760377553,189.6843657985811,0.2154577164450294,0.94316537488091,4.226237675009145,0.6309273786253944,0.0161991869182561,0.1672762833268507,4.0,"{""overproduction"": 0.617206022511981, ""waiting"": 0.6408036500192688, ""defects"": 2.18208162500906, ""inventory"": 0.2995135700924446, ""transport"": 1.0989626265263535, ""motion"": 0.5500444075030857, ""over_processing"": 0.2682712602477438}"
80.94231513838287,0.8891883560477325,2.69284279842088,0.0952380952380952,0.0625,0.0714285714285714,0.9365421667686986,2.597270630150845,0.0952380952380952,0.0625,0.0714285714285714,1.1129180251929864,3.930170900798515,0.1428571428571428,0.125,0.1428571428571428,1.1822556899887082,3.8542308505462177,0.1904761904761904,0.1875,0.2142857142857142,0.1772149237994165,0.7613871893701094,0.0,0.0,0.0,0.2425374665594016,0.7684711270817748,0.0,0.0,0.0,0.7970135500283396,3.191355405108069,0.1428571428571428,0.125,0.1428571428571428,0.955342825775516,3.2605624371452726,0.238095238095238,0.1875,0.2142857142857142,-0.0499585739673648,0.3609906767380355,0.0,0.0,0.0,0.8571428571428571,0.8214285714285714,0.6785714285714286,0.5357142857142857,1.0,8.526512829121202e-14,19.38267549397093,0.7678779604990393,-0.2674087907726486,0.0,17.27426962895324,1.7561833644085785,-0.2235296068486885,0.0,12.433722727337384,0.5686691059123725,0.4515867523870459,0.0,12.21507550642883,0.5686691059123725,0.4582346228609225,0.0,13.873013390477402,0.9456524902232398,0.3025296504965596,0.0033333333333333,10.384177424142012,0.5686691059123725,0.4955329602173638,0.0,12.433722727337384,0.5686691059123725,0.4515867523870459,0.0,16.641183012110876,1.982297096462624,-0.2849640159981098,0.0,15.236361931135376,1.4563966195445293,-0.3014848820457561,0.01,16.00975692170054,1.9276135570237307,-0.127146377131207,0.0033333333333333,12.147872281935705,1.9882262204131167,-0.0007438382097749,0.0633333333333333,13.645763560792323,3.810983081445467,-1.256893926473229,0.0233333333333333,15.76221070280278,1.9354289049952207,-0.3718014298623392,0.0166666666666666,11.968678108457564,1.3988648907027783,-0.1795857289997922,0.0333333333333333,13.502660419251622,0.7860653450098386,0.2715077544027685,0.0166666666666666,13.189278175691356,2.078022557485756,-0.2298649559866757,0.0333333333333333,2.612569738517103,122,"[1.0, 0.8471582786852536, 0.506536448451744]","[0.0, 3.7417097683395286, 9.4051340182336]",0.7369651045565806,0.257203196708989,9.358755542532212,0.8874124171123647,11.48207135332232,280.7524480799295,0.2238386660140766,0.3101532205587952,10.552492253423528,0.4167918089780293,0.0177912089120019,0.2865910396572768,4.0,"{""overproduction"": 0.9883543815713518, ""waiting"": 0.8725568118868882, ""defects"": 2.099875431025903, ""inventory"": 0.4865447161060463, ""transport"": 0.6924844135006393, ""motion"": 0.20214061422608523, ""over_processing"": 0.2780531464013787}"
47.66200077332857,0.4121138094782005,0.7988958462452482,0.0,0.0,0.0,0.4453301224769724,0.8652612368398743,0.1428571428571428,0.1666666666666666,0.125,0.524214644427401,1.0803546301921327,0.2142857142857142,0.25,0.25,0.5834674672730494,1.1525565852170423,0.2142857142857142,0.25,0.25,0.0092159003761807,0.1121342912899579,0.0,0.0,0.0,0.011326280011639,0.157291204999072,0.0,0.0,0.0,0.2460803902531994,0.7377551440064067,0.0,0.0,0.0,0.2827358131957904,0.8044542559542145,0.2142857142857142,0.25,0.125,-0.0409991477329995,0.0984093461464243,0.0,0.0,0.0,0.9285714285714286,0.8214285714285714,0.75,0.6785714285714286,0.8928571428571429,9.947598300641405e-14,0.5583058848564896,0.5129306390984213,0.3173258188771588,0.6133333333333333,0.2696942129529686,0.6447421750510756,0.6522231618910345,0.4666666666666667,-10.423564857359718,2.4109211211053845,59.12824803281227,0.0,-7.81024340567093,2.35162537790523,48.98493783429265,0.14,-2.828439925391081,0.8724083947703843,142.96619937162947,0.6233333333333333,-5.697315712560628,2.158228048534117,43.8454940673785,0.49,0.0855786152161412,0.5892991494147284,0.9258153339746468,0.0366666666666666,-0.5931486067638538,0.7386361688966141,1.5918077352645288,0.49,-0.3145167633836473,0.6935932880027409,1.2830400655314005,0.3133333333333333,-0.3366410426705005,0.7068700680646661,1.3712261800136991,0.5766666666666667,-0.6462756281213123,0.7266980383022354,1.6195308607166106,0.6733333333333333,-2.64213755552913,1.2924449941473604,4.915240243844447,0.38,-1.0011061702440738,0.8153688756289499,5.466530142693728,0.7833333333333333,-1.4040829745462098,0.8243485973515324,1.948758702954129,0.5033333333333333,-0.5930881488260047,0.7386361688966141,1.5946956621114765,0.4933333333333333,-0.9610248509899472,0.7975744454683562,1.5886339229076474,0.21,1.7670788508895632,123,"[1.0, 0.516504826877572, 0.40027618029751233]","[0.0, 0.26324255062309276, 0.4390540225017836]",0.1247741182653534,0.4437719679283286,12.143156126406817,0.7447681507985311,13.717254603906603,250.6154521959621,0.2823305436568427,0.0247902349193744,0.3656505437669172,0.434343726023733,0.0113965898600439,0.1463774728600008,4.0,"{""overproduction"": 1.2964956725630554, ""waiting"": 0.15547669995835853, ""defects"": 2.8945668207418356, ""inventory"": 0.22802781852994994, ""transport"": 2.074785464913922, ""motion"": 0.39551391508217837, ""over_processing"": 0.48390290838499894}"
86.75612729809528,1.0441024003465638,3.1796759449958034,0.0,0.0,0.0,1.087488970868611,3.1932221608404703,0.05,0.0,0.0,1.5488705569617172,4.958313316004372,0.05,0.0526315789473684,0.0625,1.590160091593832,4.972382786976161,0.15,0.1052631578947368,0.125,0.2584438983387098,1.276703893879245,0.0,0.0,0.0,0.2262629400393032,1.3143916650617324,0.0,0.0,0.0,1.0714535779736687,4.0952442405941,0.0,0.0,0.0,1.019452535497933,4.129969134894751,0.05,0.0526315789473684,0.0,0.0959076358940909,0.7972504779627443,0.0,0.0,0.0,0.9285714285714286,0.9285714285714286,0.75,0.5357142857142857,0.9285714285714286,1.7053025658242404e-13,20.112407974635182,0.3814769417866074,-0.1497361890448746,0.0,17.55086771562787,0.9154986895063116,-0.0150278373441986,0.0066666666666666,14.501459935208674,0.2261055299437693,0.3354766800516757,0.0,6.125834196588929,0.2861083799494139,0.7021366431638784,0.0,5.874653953299342,0.3679705658285794,0.6756039747633218,0.0033333333333333,6.085582719492964,0.2879991217184814,0.6968920831581201,0.0,14.501459935208674,0.2261055299437693,0.3354766800516757,0.0,17.46158255569709,0.6980837408142592,0.0447223997413648,0.0033333333333333,13.8718695754941,2.452478703924704,0.0032802051639334,0.0566666666666666,16.60496412806767,1.8598983047980595,-0.1588667268246832,0.0133333333333333,16.383252361742045,1.8643873969093885,-0.1893296764203099,0.0133333333333333,12.79267676435587,3.4362316494021563,-0.4881772213391236,0.1166666666666666,13.881288914549389,0.8880735388841781,0.1561998179346032,0.0033333333333333,15.245610655212891,1.3790290626052906,0.0748224208799961,0.0366666666666666,16.843882750680457,0.5458356777712875,0.0513423605568042,0.04,13.614449196079978,2.5837877275077648,-0.1124609535378423,0.0866666666666666,1.730273276332209,124,"[1.0, 0.5249765817531932, 0.34922854410848936]","[0.0, 1.2074064205818664, 2.531579421813685]",0.8139363743754556,0.2767242647788726,20.61724114865409,0.8695085635697368,3.8382879858185777,223.11227637200813,0.2185726824584472,0.334108282364878,13.115996191181871,0.6955923757525416,0.0126216017411871,0.2222282924127002,4.0,"{""overproduction"": 1.489206277188164, ""waiting"": 0.6728050998075435, ""defects"": 2.06834288629837, ""inventory"": 0.4432838038124616, ""transport"": 1.1450442006114485, ""motion"": 0.4945977465179792, ""over_processing"": 0.4756137944109444}"
65.75679502621514,1.112646746844263,2.7584655330017123,0.1578947368421052,0.0833333333333333,0.1,1.113799273923837,2.865855931495045,0.1578947368421052,0.0833333333333333,0.1,1.4449353418696025,3.8512018816777966,0.2105263157894736,0.1666666666666666,0.2,1.504433004420448,4.009712800502469,0.2105263157894736,0.1666666666666666,0.2,0.1909790348969799,0.8868186453364066,0.1052631578947368,0.0,0.0,0.1265939279379649,1.0443490911221127,0.1052631578947368,0.0,0.0,0.9114200020253588,2.9420762669074416,0.1578947368421052,0.1666666666666666,0.2,1.0254936715080814,3.2025638910608167,0.2105263157894736,0.1666666666666666,0.2,0.0572530450800146,0.2355263146957527,0.0,0.0,0.0,0.8571428571428571,0.7857142857142857,0.7142857142857143,0.5714285714285714,1.0,1.4210854715202006e-13,11.999940086678684,0.939228120884706,-0.2689049647600517,0.0,11.470991042843638,1.1677715781664375,-0.192675605847458,0.0,-8.654005869416691,6.61288517400027,1.9069389789564628,0.0,-8.163165576635578,6.197330250888434,1.884990361538176,0.0066666666666666,-0.2411270243608122,2.879790081374899,1.0278825268060832,0.1433333333333333,-3.4001288470850395,3.846282026612597,1.3769001442943805,0.01,11.382743405080944,1.121538785121911,-0.1702417986693983,0.0066666666666666,9.42195181563527,1.2133464455214558,-0.137572588169195,0.03,8.362580706368758,1.8232901932195855,-0.0636203963656391,0.0166666666666666,6.974746574900735,1.831085200651947,0.0659470729572641,0.0633333333333333,6.2267766832598,1.7980761288499223,-0.0861371844291251,0.1033333333333333,4.170815565595577,2.5616907637311304,-0.7921261161271932,0.2933333333333333,7.101850453441613,1.6195092753706797,-0.3213989815122159,0.21,5.710340713139479,1.744847767577318,-0.0722419476614109,0.0833333333333333,6.387623670029107,1.5097633017836445,-0.0352231896343532,0.1166666666666666,8.203386595255553,1.6971433501488522,-0.0672611689787403,0.01,0.975034102386196,125,"[1.0, 0.476466004694269, 0.3403093736345567]","[0.0, 0.41696346813466967, 1.375589998458231]",0.1125317556882834,0.7190678932403167,8.851231801254421,0.3932010091922252,11.243317415335342,428.172970218766,0.0365731246761202,0.5780025803886205,7.046504876903841,0.6527369860421998,0.0182113498949737,0.1566239211274312,4.0,"{""overproduction"": 1.0877072006331132, ""waiting"": 0.44792025399822905, ""defects"": 5.01583641347068, ""inventory"": 0.2029041177452236, ""transport"": 1.086761681894562, ""motion"": 0.4351689038104381, ""over_processing"": 0.17384494828027208}"
89.79852526182793,0.8940602271397886,2.439031539800633,0.1,0.1111111111111111,0.1428571428571428,1.0840393825361176,2.6703163256238005,0.1,0.1111111111111111,0.1428571428571428,1.2004843436657455,3.5670225957738446,0.15,0.1666666666666666,0.2142857142857142,1.4029539700844766,3.8126163336217744,0.15,0.1666666666666666,0.2142857142857142,0.2872905711680458,1.020241450365219,0.05,0.0555555555555555,0.0714285714285714,0.3186476485985367,1.1024946679632894,0.05,0.0555555555555555,0.0714285714285714,0.8943278491584125,2.873916520131462,0.15,0.1666666666666666,0.1428571428571428,1.0607158819134994,3.128930827142484,0.15,0.1666666666666666,0.1428571428571428,0.1414078575453896,0.5504882505498646,0.0,0.0,0.0,0.8928571428571429,0.7857142857142857,0.6785714285714286,0.5,1.0,1.9895196601282805e-13,25.894952794640123,0.4874955122509868,-0.5023634435898632,0.0,22.637766953015,1.704344286828656,-0.5346883880820749,0.0,12.629399107066096,0.019559083866491,0.5084878055132224,0.0,12.301638838237237,0.1270265248609962,0.5199541424156138,0.0,5.168591248256711,0.4003311187412532,0.7884703917985434,0.0,7.555138941919226,0.2424187917385378,0.6875745268712218,0.0,19.215053537762408,4.971000355418415,-1.0568624350924722,0.0233333333333333,20.096359252230577,3.4329233729957065,-0.8328385921181775,0.0166666666666666,19.567411929994872,3.404642385617608,-0.5546271900856201,0.0,22.16780511696149,2.3839264338711352,-0.6262338462289504,0.0133333333333333,21.151119645649437,2.481331634821625,-0.6939698908383275,0.0166666666666666,19.215053537762408,4.971000355418415,-1.0917700673192432,0.0333333333333333,18.411980508150243,3.521773188021792,-0.9208527826028604,0.0533333333333333,18.90364975525401,4.941129915648268,-1.2561041216562994,0.0366666666666666,16.256306522961623,2.71618860115172,-0.5164396890868611,0.1566666666666666,19.24417392635813,3.560569486613455,-0.6438704801105081,0.0,3.689871561830111,126,"[1.0, 0.815441272100986, 0.3824606834623429]","[0.0, 1.7339714320501074, 4.762703888787457]",0.9457623012323328,0.1961438938476839,21.352507428868545,0.5021543034154601,2.988088694243747,647.7743001557276,0.3429869932402056,0.3517827434048862,3.425933891238654,0.5725887614719185,0.0145057680704507,0.2573974763455741,4.0,"{""overproduction"": 2.665456425228731, ""waiting"": 0.5907414022671509, ""defects"": 4.326456986935471, ""inventory"": 0.5018448321860295, ""transport"": 0.5538010511075625, ""motion"": 0.1823544430657362, ""over_processing"": 0.49233743658284634}"
90.14330453592098,0.7736313976260448,1.7339964732103796,0.238095238095238,0.1666666666666666,0.1875,0.8145666868618099,1.8199970978584303,0.238095238095238,0.1666666666666666,0.1875,0.9673948622947371,2.6494387389174805,0.1904761904761904,0.1666666666666666,0.1875,1.1541011548277182,2.8209745961121078,0.1904761904761904,0.1666666666666666,0.1875,0.0106702169587246,0.3319808443060484,0.0476190476190476,0.0,0.0,0.0387847024896405,0.5693907903974293,0.0,0.0,0.0,0.6336385102894209,1.9545851090030375,0.238095238095238,0.2222222222222222,0.1875,0.7451682093160924,2.0920425608752824,0.2857142857142857,0.2222222222222222,0.1875,-0.0484837937357286,0.3328540252498019,0.0,0.0,0.0,0.9285714285714286,0.7857142857142857,0.6428571428571429,0.5357142857142857,0.8928571428571429,9.947598300641405e-14,19.88196169173462,0.7704259393713031,-0.7875607508309788,0.0,18.42972899649572,1.835031393659292,-0.661460107915935,0.0,17.7080694045127,2.227111375686529,-1.3754882356943736,0.0,17.75601485212069,2.210554470732829,-1.3999763325125891,0.0,8.878088339094809,1.611071486032204,-0.4031933145509111,0.0,13.575226907127249,2.006079477600902,-0.9507619082064718,0.0,17.398432992680398,3.009644882305365,-0.487802697461684,0.0,18.198776776403005,1.424985351856964,-0.7298076167128911,0.0,18.1126356965187,2.064862463567466,-0.6248487465849608,0.0,18.00241798787497,1.404193577816221,-0.7333374819496776,0.0,17.625115198217305,1.742087360851001,-0.6628670505337901,0.0,17.773084902318303,2.448226606122005,-0.5723815216740057,0.01,17.175614312289976,1.8446554646640536,-0.7106171687208787,0.0133333333333333,17.8173339917725,1.5906073709182804,-0.775744325193423,0.0,12.692085816873728,1.0945566867878262,-0.6174011747983589,0.1466666666666666,17.55530340374157,2.4048214790937026,-0.5652417224717605,0.0,4.227407735574887,127,"[1.0, 0.8485275411959787, 0.6738716986894829]","[0.0, 1.6580441213194403, 3.0920007335639372]",0.1539164434178618,0.8828673404685516,6.7128003807715855,0.590757647258014,2.227806379554493,326.21457073890053,0.383547891983458,0.8658725134538137,5.817553066220354,0.3379310185390964,0.014558372120948,0.2313295645681732,4.0,"{""overproduction"": 1.2886830182567997, ""waiting"": 0.4927925850125524, ""defects"": 3.091538713242713, ""inventory"": 0.7392821251472913, ""transport"": 0.9673625925317144, ""motion"": 0.5248241332535161, ""over_processing"": 0.37559108677965763}"
69.26747892959916,0.5445083389999305,1.4306071277031265,0.0476190476190476,0.0588235294117647,0.0,0.5658015672200873,1.4700236297824028,0.0952380952380952,0.0588235294117647,0.0,0.7514517761582142,2.1060840864085493,0.0952380952380952,0.1176470588235294,0.0769230769230769,0.741847434713299,2.1189426397479854,0.0952380952380952,0.1176470588235294,0.0769230769230769,0.2175172452452996,0.573999804493229,0.0,0.0,0.0,0.2196577554467138,0.6876213997295277,0.0,0.0,0.0,0.5429913596166625,1.7583448124592156,0.0952380952380952,0.1176470588235294,0.0,0.6003593385555076,1.8693439907517089,0.0952380952380952,0.1176470588235294,0.0,-0.0223733579487636,0.1623256070638891,0.0,0.0,0.0,0.7142857142857143,0.7142857142857143,0.5357142857142857,0.5357142857142857,0.9642857142857144,8.526512829121202e-14,27.51531372647233,0.7578984702188631,-0.5477006380040342,0.0,26.71687311758081,1.4772586079092576,-0.523187745548448,0.0033333333333333,-9.0185203177146,0.206958246164545,1.5399131921500715,0.0,-8.672905768234017,0.2390069309352935,1.518837019303591,0.0,-8.449150341411103,0.3556481351140157,1.518005288642322,0.0,-7.509927411433628,0.3398544226448377,1.4577399925915169,0.0066666666666666,25.69142449006282,2.2284480323953835,-0.506857366552313,0.03,25.69142449006282,2.2284480323953835,-0.506857366552313,0.03,26.142247969048885,1.777067668294931,-0.5183380361140821,0.0133333333333333,25.433689247076646,2.2284480323953835,-0.4835374946744742,0.0133333333333333,25.31237152789491,2.2284480323953835,-0.4971376362963041,0.0,25.69142449006282,2.2284480323953835,-0.555872019514785,0.01,25.761753496457032,2.053194792908916,-0.5031704405778475,0.0233333333333333,25.65759883995563,2.2284480323953835,-0.510275806065146,0.0266666666666666,12.484688602456172,0.5665366687949929,-0.1229215047465862,0.1966666666666666,26.218782748317054,1.7355825461467331,-0.5217223822862319,0.0133333333333333,4.236294263743518,128,"[1.0, 0.6372456140796539, 0.39163859499507536]","[0.0, 4.589261145282219, 9.079598269290925]",0.6888230788619741,0.1278288027246964,20.28710604303919,0.7207417703086085,2.1611638084028173,425.41292443476686,0.0916650697358482,0.5155882824039943,6.8759074746866125,0.372641694903321,0.0116800180163559,0.1247442085611898,4.0,"{""overproduction"": 2.938877016162934, ""waiting"": 0.4046647685716394, ""defects"": 2.0398144518400634, ""inventory"": 0.3644457354973971, ""transport"": 0.8474534674957378, ""motion"": 0.33368533356799573, ""over_processing"": 0.311063535598663}"
95.28378624774612,0.5619619798233615,1.3096783138197683,0.0952380952380952,0.1052631578947368,0.0625,0.7211681827733921,1.518531944061278,0.0952380952380952,0.1052631578947368,0.0625,0.8522523701956632,2.2924097244788246,0.1428571428571428,0.1578947368421052,0.125,1.0084415050232007,2.4355289596562755,0.1428571428571428,0.1578947368421052,0.125,0.0119635439486349,0.3805909954684423,0.0,0.0,0.0,0.0058747460272806,0.7138563442316611,0.0,0.0,0.0,0.5963367597425098,1.87338779344258,0.0952380952380952,0.1052631578947368,0.0625,0.7219856335619169,2.0202274752363247,0.0952380952380952,0.1052631578947368,0.0625,-0.0375315084870004,0.1931560149539797,0.0,0.0,0.0,0.8928571428571429,0.7857142857142857,0.5,0.5357142857142857,1.0,2.415845301584341e-13,24.2338292651813,0.9724875358350032,-1.8435738893636855,0.0,24.197605607104816,1.0809448666555308,-1.8365046041099915,0.0,21.078567243079064,0.9047601458268302,-1.3262250588251732,0.0,23.37414385699564,1.0911813873920548,-1.6753677092880364,0.0,22.3127688216467,0.9854168693410874,-1.613733449985035,0.0,19.792754599757007,0.9405489188840735,-1.304628786759328,0.0,24.19091426147844,1.1655020551480682,-1.8398412199512024,0.0,24.11013268194219,1.1583489167713563,-1.8370453580690784,0.0,23.719934181196358,1.1236384228100456,-1.816206665805299,0.0,24.19091426147844,1.1655020551480682,-2.002781667310806,0.0,24.03045101511891,1.147785119729122,-2.0732068790286897,0.0,24.19091426147844,1.1655020551480682,-3.874076546703152,0.0066666666666666,23.922676974612017,1.1315809230909244,-1.862126567360176,0.0,23.316014617208893,1.1537543747235672,-1.7824252347330565,0.0,10.69846378743986,0.3476117572138595,-0.6802165214852061,0.0966666666666666,23.9694588979838,1.1431476084996273,-1.8284643120361168,0.0,5.701258795421096,129,"[1.0, 0.8208428230030484, 0.49577651904099607]","[0.0, 5.587646509288363, 12.38032962305256]",1.0360178806675926,0.0997820488240329,12.124202791236034,0.4728583921448588,3.901658401858164,375.86983828999934,0.0474594637928759,0.9090238390359816,4.867383086408041,0.3296016697470638,0.0092636867743619,0.140626567914022,4.0,"{""overproduction"": 1.2447373369090926, ""waiting"": 0.5293803372689904, ""defects"": 3.754904879766219, ""inventory"": 0.46906150333260294, ""transport"": 0.9351357325096794, ""motion"": 0.6011271089287322, ""over_processing"": 0.4468981990176155}"
85.8144364613232,1.0136465512257553,4.167497602242845,0.1904761904761904,0.1578947368421052,0.1176470588235294,1.0505435886850074,4.190563581767531,0.238095238095238,0.2105263157894736,0.1764705882352941,1.566262949585903,6.548020695958707,0.3333333333333333,0.2631578947368421,0.2352941176470588,1.601960869101968,6.566000642469594,0.238095238095238,0.2631578947368421,0.2352941176470588,0.5244103673507159,2.074140884578719,0.0476190476190476,0.0,0.0,0.5236223730933018,2.0259370874183427,0.0,0.0,0.0,1.6824181166816408,6.16921780592434,0.1428571428571428,0.1578947368421052,0.1176470588235294,1.722390774987442,6.209273551587033,0.238095238095238,0.2105263157894736,0.1764705882352941,-0.2065596115046427,0.8703253912208376,0.0,0.0,0.0,0.7142857142857143,0.75,0.5714285714285714,0.5357142857142857,1.0,1.7053025658242404e-13,19.558914060272645,0.4014491136812501,-0.3513873886867236,0.0,16.61797106067703,0.6733255627696445,-0.2226125155244877,0.0,14.10353478574634,0.2992728743166551,-0.0126811919939366,0.0,13.07083874980862,0.2900308920195025,0.0616482426298207,0.0,10.470626760507626,0.3984513222601384,-0.1188529451041072,0.21,0.1797614540657693,0.5108706031337061,0.9839307046290514,0.16,13.703932827202731,0.2855234790203224,0.028351615108366,0.0,16.15440276919323,0.9365347077426736,-0.2313844003892386,0.0,15.752429616882484,0.8579742757008756,-0.253230508560359,0.0,14.770423749461656,1.4839478692949004,-0.2719351205121578,0.0,14.626401552866884,1.4198059858382397,-0.3022754848095723,0.0,10.061762560749708,3.604825687727568,-8.607848513464488,0.4766666666666667,14.12365052670924,0.787450909853152,-0.4877313670015182,0.01,12.906343239977792,1.5065568135067955,-0.5137991116046747,0.0,12.870531734850877,0.6630032950621916,-0.1355525134591583,0.2233333333333333,15.52409347053092,0.9302556141328332,-0.2494563084506804,0.0,2.4193913897494106,130,"[1.0, 0.7483856390106502, 0.41811437607014945]","[0.0, 2.6920385939910974, 6.295702944126808]",0.3559101329515216,0.9907093856985412,3.1929190057987054,0.7800383050463131,4.478311844162571,560.3905064041633,0.3741349021981675,0.623985244573694,12.539312840914691,0.644674940793388,0.0105126022593669,0.0730454695779108,4.0,"{""overproduction"": 1.6576293665865165, ""waiting"": 0.8669997051546159, ""defects"": 2.0735946380793027, ""inventory"": 0.40697821733559175, ""transport"": 0.872871337338736, ""motion"": 0.34979525155211794, ""over_processing"": 0.5542554625058408}"
75.7905369665475,0.8719589986765798,3.741339906261582,0.1904761904761904,0.1666666666666666,0.2307692307692307,0.8658663696121133,3.7569206113687823,0.1904761904761904,0.1666666666666666,0.2307692307692307,1.3695648449462168,6.2995287169268925,0.1904761904761904,0.1666666666666666,0.2307692307692307,1.3348590072422148,6.297370317918767,0.1904761904761904,0.1666666666666666,0.2307692307692307,0.0277728866017316,0.6993466293755367,0.0,0.0,0.0,0.1015582316928167,0.8995208419744425,0.0476190476190476,0.0555555555555555,0.0,1.078584711484642,4.870561437458342,0.1904761904761904,0.2222222222222222,0.2307692307692307,1.138347157419494,4.8939856471689165,0.1904761904761904,0.2222222222222222,0.2307692307692307,-0.2501971434283357,0.971243890513336,0.0476190476190476,0.0,0.0,0.9285714285714286,0.9285714285714286,0.5357142857142857,0.5357142857142857,0.9642857142857144,1.1368683772161605e-13,10.692303927957138,1.4546474455960632,0.1065831663840574,0.0,8.872485498732487,1.9742032840108863,0.2123881823901282,0.0133333333333333,-10.351128902933477,0.9299187289831672,2.7899923155081243,0.0,-13.572928619979251,1.0826096180411942,3.988168557418224,0.0266666666666666,-11.2385151047364,2.319669451229553,5.838058674365191,0.1533333333333333,-10.602818796692306,1.6746196375536704,4.207500086951384,0.17,6.041255484071511,3.563272425998268,0.4579459730231695,0.09,6.187208260789543,2.0075726054469496,0.3110213000016719,0.2,5.933241095024896,2.2099163679358487,0.2368006520374186,0.24,5.768049065378972,1.5107522716572477,0.3528027791329467,0.1633333333333333,5.761381356421875,1.51588195898643,0.32201000607716,0.07,6.907829415209843,3.15621224163648,-0.0458051774332385,0.38,3.4611785347166,2.464438426996318,0.3213758631688634,0.3233333333333333,4.927921879925212,2.726971045840484,0.4176671398368319,0.14,1.2114332336289857,1.226112667507276,0.5171967237293918,0.5833333333333334,5.370923535038658,2.4732240901639604,0.337483590587696,0.1933333333333333,4.158014202454554,131,"[1.0, 0.8480671038547878, 0.7042453961027251]","[0.0, 5.459435117577522, 13.342566243982384]",0.2097765004427818,0.4461420279835162,0.3610931496969616,0.6658798217084367,4.943726267882785,3.5192326171957387,0.376815172650373,0.4214440421436216,12.92013455498598,0.5201253377420096,0.0113470703245373,0.1041107733251836,4.0,"{""overproduction"": 1.9237019707357592, ""waiting"": 0.7612570231900687, ""defects"": 1.7973394410615233, ""inventory"": 0.2690184201512746, ""transport"": 0.9110959864004035, ""motion"": 0.36974634769733933, ""over_processing"": 0.38672599669134416}"
62.0813798463969,0.768885016123436,1.6538064024023258,0.0555555555555555,0.0588235294117647,0.0625,0.7803584171818824,1.68830145039141,0.0555555555555555,0.0588235294117647,0.0625,1.053814770006242,2.439235411098758,0.1666666666666666,0.1764705882352941,0.1875,1.0303207184289278,2.4535798409493363,0.1666666666666666,0.1764705882352941,0.1875,0.1454319603420824,0.5497182948069596,0.0,0.0,0.0,0.0895327975119179,0.5556962294918596,0.0,0.0,0.0,0.591339536354906,1.9746793388182384,0.1111111111111111,0.1176470588235294,0.125,0.5993965699813515,2.0134352858039564,0.1111111111111111,0.1176470588235294,0.125,-0.0249865491534204,0.0987050854808613,0.0,0.0,0.0,0.8928571428571429,0.8928571428571429,0.75,0.7142857142857143,0.9642857142857144,7.105427357601003e-14,12.867078840387787,0.5673258873263328,0.1304412264403207,0.0,11.737507307475784,1.245176663859498,0.2233316859709102,0.0,8.660786482381198,1.3959588988945673,0.3919265947477808,0.0,-8.233599682347503,0.79448011428207,1.5869790016421723,0.0,-13.157596575626846,0.6529192517875977,2.4737500411757947,0.0,-6.486022211672459,1.0949085310143325,1.4996329965618669,0.0033333333333333,11.098480889782628,2.035303998178611,0.3194117523935386,0.0,11.538015948419316,1.204545059920995,0.199233009645384,0.0,10.98652076203394,1.0987381654981188,0.1752693401038081,0.0,11.096153790560662,2.029920038184007,0.318213526026084,0.0,11.110537023418887,2.02892225695832,0.3161155581976628,0.0,11.098480889782628,2.035303998178611,0.3194117523935386,0.0,10.783459095331654,0.9853511166844308,0.0800804893173114,0.0,10.884119195123285,1.2050483341963338,0.1664662185186854,0.0033333333333333,6.560181463991673,0.7335176485124415,0.0856290109220541,0.2966666666666667,11.08375342702067,1.116382281107274,0.1880519016927072,0.02,3.114652341790278,132,"[1.0, 0.6470565226037871, 0.44538829401886515]","[0.0, 1.6622730057347312, 3.973028826097461]",1.1344717212005793,0.4382460831557246,2.972740395436002,0.5041838535207196,3.272700343142663,0.9876090574248376,0.3846151720614132,0.4120907248525631,6.802189085656653,0.3149192240113008,0.0110621821757318,0.0731567457678717,4.0,"{""overproduction"": 0.7824069243289483, ""waiting"": 0.43746170787090943, ""defects"": 3.531553357228282, ""inventory"": 0.4027462625228598, ""transport"": 1.0198298810668742, ""motion"": 0.29126545603821086, ""over_processing"": 0.2987871827041084}"
68.9871840177873,0.6546880213693019,1.940034055744554,0.0526315789473684,0.0555555555555555,0.0769230769230769,0.7062314665529044,2.048025169249614,0.0526315789473684,0.0555555555555555,0.0769230769230769,0.9099219870638452,2.836609956678558,0.1578947368421052,0.1666666666666666,0.2307692307692307,0.9544103323148104,2.9127584783743186,0.1578947368421052,0.1111111111111111,0.1538461538461538,0.2488394817493099,0.9756804460632524,0.0,0.0,0.0,0.2921546663561426,1.0660457245082118,0.0,0.0,0.0,0.6276505462441542,2.380274925468077,0.1578947368421052,0.1111111111111111,0.1538461538461538,0.7577128399606706,2.548880844057204,0.1578947368421052,0.1111111111111111,0.1538461538461538,0.0170601128247264,0.2456523678410096,0.0,0.0,0.0,0.8214285714285714,0.6428571428571429,0.5357142857142857,0.4642857142857143,0.9642857142857144,1.2789769243681806e-13,16.756063708454104,0.8388986723521326,-0.5243017355227068,0.0,11.488246690157062,2.318863062405278,-0.194811499915548,0.0,2.9243806479495644,5.158993497939288,0.7246033186020531,0.0,-0.0566221413195337,4.835972682400265,1.005161600497922,0.0,-6.6482720541496905,7.207660309142337,1.6858088816478092,0.0,-1.349632673910721,6.472894301716205,1.1323921412721665,0.0,6.378434793687498,1.64934792245601,0.069558913255744,0.0,8.83471211395894,3.0932771212522714,-0.0504029589414323,0.0066666666666666,6.391313765703072,4.591029091798962,0.2551695620041016,0.02,7.464288527246984,5.299194878731725,0.2200048161517242,0.02,5.746399495599412,5.453712001357731,0.3551276931392457,0.0333333333333333,4.1230269514525135,7.793610757138473,0.254968125657493,0.13,2.799445152895562,7.319768280859183,0.396302448128304,0.2333333333333333,5.71232452025331,6.474020894545772,0.3688836747768226,0.05,6.343172303361222,2.276765331051109,0.077570890708127,0.1066666666666666,5.143455346739096,4.709540767382538,0.2898335513387442,0.0866666666666666,2.245283350108477,133,"[1.0, 0.5117575828704964, 0.3075836426571482]","[0.0, 6.27327681097109, 13.131825330717877]",0.3932675869162882,0.0658466597750161,13.491110676128434,0.6104055475063106,5.884687934048526,221.6884302844688,0.032085237740386,0.3496424090730919,8.405871767941846,0.6823402230688481,0.0177394350908774,0.133680545460814,4.0,"{""overproduction"": 1.0793458604266177, ""waiting"": 0.35054675646594347, ""defects"": 3.800285088447625, ""inventory"": 0.7978054751243889, ""transport"": 0.5114556306278263, ""motion"": 0.3301560681796601, ""over_processing"": 0.2590921926638677}"
92.15626243215702,1.2185644471559682,3.9207672579288415,0.1363636363636363,0.1,0.1111111111111111,1.3538527738773958,4.0374935853798855,0.1818181818181818,0.15,0.1666666666666666,1.7398072435846217,5.974117005441351,0.1818181818181818,0.15,0.1666666666666666,1.8710863707598115,6.112056168436557,0.1818181818181818,0.15,0.1666666666666666,0.4382380463686255,1.4989536609711276,0.0,0.0,0.0,0.3671765257439045,1.4642579150049932,0.0,0.0,0.0,1.34003398481796,4.9303557446985256,0.0909090909090909,0.1,0.1111111111111111,1.3289713366147662,4.954052152130682,0.2272727272727272,0.2,0.1666666666666666,-0.0069308427899048,0.3805245886350472,0.0,0.0,0.0,0.75,0.7857142857142857,0.6071428571428571,0.5714285714285714,0.9642857142857144,1.1368683772161605e-13,25.13936772662599,1.701798394143841,-0.8734393949561698,0.0,22.62035991221859,2.545778367135328,-0.705145167666178,0.0066666666666666,12.637841734319917,1.2368969708266115,0.3291645500537361,0.0,13.166141393189188,1.3939407000225217,0.2933156055033937,0.0,4.5602178121985535,1.993997846250844,0.6139852012387094,0.0533333333333333,5.360749446045627,1.375565634159414,0.6876608991645041,0.0,18.36403882166195,2.0045348667063254,-0.127049617694797,0.0,20.719470442917807,2.271322138195193,-0.4824664026574701,0.01,20.157723483769043,2.34318311213908,-0.4344225726766123,0.0,21.650463937028505,3.5004444395851504,-0.7801407997149887,0.01,21.321004253962418,3.440656730588083,-0.7913690045589536,0.0166666666666666,19.15724858420139,5.953844847812336,-1.0084309627973012,0.0433333333333333,14.95537097245944,3.5257843422242288,-0.3697582188393437,0.0666666666666666,19.13561981084676,2.696675184548626,-0.4330485035215163,0.0333333333333333,13.86077945879656,1.5447815871964343,0.0705329563018535,0.1033333333333333,19.11494949882485,2.5960677275747206,-0.3713736001772678,0.0033333333333333,2.998025920783789,134,"[1.0, 0.6797628174909001, 0.5683148291174233]","[0.0, 5.83173801214817, 9.861591921673096]",0.6334216896468011,0.5700374912214008,24.75372590054471,0.8211440989519876,4.481894667440007,246.95169720831345,0.3069215690660771,0.5331814467072885,0.5962638290621264,0.693055076633456,0.0132016141739008,0.1053780423690667,4.0,"{""overproduction"": 1.3782507842876697, ""waiting"": 0.6066098266928016, ""defects"": 4.421083249259656, ""inventory"": 0.260380096775275, ""transport"": 0.8909563806748371, ""motion"": 0.2220521576291236, ""over_processing"": 0.5740307520564504}"
53.68211998062896,0.3465375983620737,1.245662238067252,0.0,0.0,0.0,0.3170772689983504,1.2676734061657309,0.1578947368421052,0.1176470588235294,0.0,0.5003273451949746,1.6459316545470002,0.1052631578947368,0.0588235294117647,0.0,0.4990546039763813,1.690379236427639,0.1578947368421052,0.1176470588235294,0.0,0.0683339935111468,0.5571030546971363,0.0,0.0,0.0,0.082164634006602,0.5729210518256515,0.0,0.0,0.0,0.3472476854006818,1.2229807215622126,0.0526315789473684,0.0588235294117647,0.0,0.425598579362575,1.287952371880983,0.0526315789473684,0.0588235294117647,0.0,-0.0560286864737701,0.2384202610031652,0.0,0.0,0.0,0.7142857142857143,0.5714285714285714,0.5,0.5714285714285714,1.0,8.526512829121202e-14,21.33751350659877,0.106292347499756,-0.1916566643110497,0.0,19.19182028548263,0.1850079776675579,-0.1036235636072126,0.0,16.784999737380122,0.083961322036626,0.2614655237203734,0.0,16.9401128194692,0.0673363043465195,0.2591675113355298,0.0,5.031109747807604,0.4913804667362785,0.7070147359354906,0.0966666666666666,10.94716545315702,0.1985381289999253,0.4769517234908764,0.01,16.9401128194692,0.0673363043465195,0.2591675113355298,0.0,17.81483467327636,0.6715058593693127,-0.2866516826048069,0.0,18.08463580040326,0.5562419767698685,-0.1468918377861658,0.0,18.370807116654355,0.4064080067064865,-0.130511177747552,0.0066666666666666,18.478622389803466,0.3785183745823854,-0.1131977484237284,0.0,16.26566793129939,1.2462827981954157,-0.4400494132032437,0.0066666666666666,12.206410079929674,0.3596118704178917,0.17032069104064,0.0266666666666666,15.83235279004307,0.4322058235776395,-0.0760270416372182,0.0233333333333333,13.62880015029781,0.6802206311672025,-0.1498295726492053,0.1966666666666666,14.869564991373371,1.3888540557871538,-0.3162728959516003,0.0,2.041042320509165,135,"[1.0, 0.5713096583559298, 0.1543191271362137]","[0.0, 1.6501048842633874, 5.104124641500109]",0.458024841099679,0.5727821822227048,17.517029241558184,0.5339573449266288,8.986454125114799,318.94428369264136,0.306574297451877,0.5877427617712564,6.567541164934049,0.5554036883151774,0.0100734761624197,0.2772066105041167,4.0,"{""overproduction"": 0.9613395669669126, ""waiting"": 0.36344802043509183, ""defects"": 2.282522659262022, ""inventory"": 0.3912982748125291, ""transport"": 0.8226346575583148, ""motion"": 0.18645001670750325, ""over_processing"": 0.2825112398106182}"
66.10694810289151,0.3442182120498113,1.1988173647607436,0.0476190476190476,0.05,0.0555555555555555,0.4016563139431945,1.5086100498818265,0.0476190476190476,0.05,0.0555555555555555,0.4437311499463335,1.6278099749218788,0.0476190476190476,0.05,0.0555555555555555,0.5853213476534557,2.0532556421412838,0.0476190476190476,0.05,0.0555555555555555,0.0130493437248607,0.3015448148217096,0.0,0.0,0.0,0.0367587012940765,0.410084010682995,0.0,0.0,0.0,0.3577890715952511,1.1300213500054623,0.0476190476190476,0.05,0.0555555555555555,0.4828357322119214,1.5363950800556545,0.0476190476190476,0.05,0.0555555555555555,-0.0621671222480892,0.1541421107662574,0.0,0.0,0.0,0.9285714285714286,0.9285714285714286,0.7142857142857143,0.6071428571428571,1.0,1.2789769243681806e-13,21.824141592076195,0.5239133976599211,-0.7053396913794776,0.0,21.16008689107295,1.054259237487811,-0.6696418944074877,0.0,8.872124858950066,0.8474956099735869,-0.4580768527226783,0.0,5.705009598542182,0.3824542521538114,-0.0179317860173089,0.1133333333333333,8.582477235740495,0.739830872368796,-0.8453878438651681,0.09,6.002932408929659,0.549184680043579,-0.0490921385438877,0.0633333333333333,21.10338939971973,1.265995475185415,-0.6877230967005703,0.01,20.290543725887563,1.1567138829690984,-0.6654826633488021,0.0033333333333333,19.42749001338104,0.9738674810268516,-0.5886469376845715,0.0,20.953715184630536,1.2498140001449374,-0.6790030995860545,0.0,20.86023825007488,1.221465725906977,-0.7504139067057259,0.0033333333333333,21.10338939971973,1.265995475185415,-0.7301023437013783,0.0,8.137737373363505,0.786342771072594,0.0020349178660693,0.06,15.08795423953258,0.8720111139965325,-0.3523296353634189,0.02,8.732402799956827,0.2211087184002038,-0.0675000011967248,0.0966666666666666,19.388457780109917,0.946121499039046,-0.5752814609443226,0.0,4.003230350757183,136,"[1.0, 0.6604016123491925, 0.2914662623666183]","[0.0, 6.1444101995403955, 14.866574992060972]",0.4599818112050878,0.4990437630659436,18.99776746972973,0.3642473984461083,4.033493245906717,375.7736867167982,0.0750569141771156,0.5277289240200747,9.70406824155043,0.3954673006651166,0.009833608380284,0.2123360813552517,4.0,"{""overproduction"": 1.5009379625587187, ""waiting"": 0.2763583602220292, ""defects"": 5.414623699830203, ""inventory"": 0.18723844161061576, ""transport"": 1.0071593734152513, ""motion"": 0.3621700070115696, ""over_processing"": 0.28391375471279573}"
81.2362401536344,0.9604032216172992,2.4633273066795858,0.0,0.0,0.0,1.1225586577666236,2.6559801154979006,0.0,0.0,0.0,1.2884510859867502,3.602883072342847,0.0476190476190476,0.0588235294117647,0.0714285714285714,1.442492244176991,3.7873868626211142,0.0476190476190476,0.0588235294117647,0.0714285714285714,0.259034927722731,1.0928589569813,0.0,0.0,0.0,0.3305990974745044,1.056530020609794,0.0,0.0,0.0,0.8704905835541121,2.8992736254970826,0.0476190476190476,0.0,0.0,0.955215408839824,3.044009976538251,0.0476190476190476,0.0,0.0,0.0746891083828833,0.4057027354295185,0.0,0.0,0.0,0.7857142857142857,0.75,0.5357142857142857,0.4285714285714285,1.0,2.131628207280301e-13,25.67179460659357,0.2801467093531766,-0.3466471803798491,0.0,22.245871792039903,0.6099426301700519,-0.3253060877416713,0.0,20.989533622418623,0.3541895935323988,-0.1358938771162259,0.0,18.788033437824254,0.0286034867454911,0.0447087028070357,0.0,14.84387685742359,0.2847570628545223,0.1950844505920083,0.01,18.964467824663856,0.0433538232843435,0.0288225301032056,0.0,20.37243339490412,0.3533556821922169,-0.8900189883334063,0.0,21.91685596232321,0.6971478360152212,-0.3149156798950224,0.0,21.57038786573729,0.8843738874670259,-0.3059752611758304,0.0066666666666666,21.92934988069152,0.6401560378957005,-0.426307958252529,0.0,21.941029283082337,0.661689805809612,-0.4408611449497775,0.0,16.87480807702517,3.52711356262974,-0.0713490275302666,0.0,20.321137502085257,0.2629632864776594,-0.6742143517274027,0.0266666666666666,20.801875654042057,0.3537039028628667,-0.3792831680435157,0.0333333333333333,20.569584875543384,0.4703541798377038,-0.3139567921947732,0.0333333333333333,20.47292252345287,1.250583855959486,-0.3008637121579227,0.0066666666666666,2.261106495871229,137,"[1.0, 0.5200903983551763, 0.17780687957035593]","[0.0, 2.5107378036953403, 4.383414698251424]",0.9500494087064864,0.8995817474903898,16.568476073670205,0.78625882639784,14.66273572225601,513.7784509170499,0.1031838919250078,0.058376296665037,11.857075238506429,0.6792243103285299,0.0104805669124289,0.2096866453149859,4.0,"{""overproduction"": 1.7603587307645507, ""waiting"": 0.5300614930555816, ""defects"": 2.6016971053221685, ""inventory"": 0.404009555184917, ""transport"": 0.5274305345586748, ""motion"": 0.44580114701966417, ""over_processing"": 0.5712441024830938}"
58.68180474332793,0.5062942838709628,1.6442211929785109,0.0,0.0,0.0,0.5451794824808365,1.6951240071722646,0.0,0.0,0.0,0.7858307576930559,2.5772793126153326,0.1111111111111111,0.1428571428571428,0.1818181818181818,0.8599622971745048,2.6444493841484844,0.1666666666666666,0.2142857142857142,0.2727272727272727,0.0992682817547184,0.5290807060126981,0.0,0.0,0.0,0.017729544539134,0.7478997690635883,0.0,0.0,0.0,0.5738272119036665,1.9915677666742475,0.0555555555555555,0.0714285714285714,0.0909090909090909,0.6407540943754269,1.998465441293921,0.1111111111111111,0.0714285714285714,0.0909090909090909,0.013056684719336,0.1437157725468493,0.0,0.0,0.0,0.8571428571428571,0.6428571428571429,0.6785714285714286,0.6071428571428571,0.9642857142857144,1.2789769243681806e-13,16.033608539375148,0.9315330161918792,-0.2587179968668923,0.0,14.349999063136424,1.2323654609700805,-0.0792852168752246,0.0,9.377735182157048,0.9075968168387146,0.4360182585162881,0.0,9.196661136195582,0.9812254624754744,0.4406532762891921,0.0,9.873768260186912,1.1462248175530212,0.2979907679699293,0.01,8.556180104157319,1.189935151111928,0.3373281334099439,0.0033333333333333,7.833910543165582,2.125310271318499,-0.0796350995648418,0.0033333333333333,13.282170202439032,1.505802018249705,-0.0848787161017461,0.0166666666666666,13.234391580411106,1.4185467380535617,-0.1666402301837726,0.0066666666666666,12.90256718555348,1.4832567791926845,-0.0576781493663922,0.0133333333333333,9.841349312867434,1.614219636273104,-0.1008783324221582,0.0166666666666666,10.05185125968271,2.766752284603652,-0.2518072337744471,0.0933333333333333,8.404357831041754,1.7692088377130588,-0.7189732753397436,0.3966666666666666,8.977284295587008,1.7555475540671948,-0.0302830537819803,0.19,10.46129315303796,1.343190946763986,0.1652290501395485,0.09,12.589826756248575,1.722178407361987,-0.1673258311919866,0.03,1.5050929336189065,138,"[1.0, 0.5981202745444236, 0.4515665415210829]","[0.0, 1.5177168016968297, 4.448366205591049]",0.1973443484101701,0.1403732141580762,17.463917814975467,0.8959351233176891,7.924573220401533,174.07107093106015,0.0094894980929739,0.7841647847201518,2.7004401179089284,0.5801132155420399,0.0098256505684763,0.2440303021967301,4.0,"{""overproduction"": 1.1982336163276106, ""waiting"": 0.4264956234506695, ""defects"": 3.069709687503604, ""inventory"": 0.48601022363145996, ""transport"": 0.5075293464837322, ""motion"": 0.2637411121508116, ""over_processing"": 0.2948878151383959}"
63.15356830509166,0.3721045066834486,1.2814659892441485,0.0526315789473684,0.0588235294117647,0.0588235294117647,0.4449883536671084,1.3439415982469205,0.0526315789473684,0.0588235294117647,0.0588235294117647,0.6622161284555007,1.9673052205697987,0.0526315789473684,0.0588235294117647,0.0588235294117647,0.6806816695383018,1.9639472385026,0.1052631578947368,0.1176470588235294,0.1176470588235294,0.0114270858525997,0.5507456259227939,0.0,0.0,0.0,-0.0562502367183934,0.8082293609894013,0.0,0.0,0.0,0.4371762380462242,1.482290282194195,0.0526315789473684,0.0588235294117647,0.0588235294117647,0.4640713890463919,1.5152855042630398,0.0526315789473684,0.0588235294117647,0.0588235294117647,-0.0055319959601007,0.1889605810662334,0.0,0.0,0.0,0.6071428571428571,0.6785714285714286,0.6428571428571429,0.6071428571428571,0.9642857142857144,5.684341886080803e-14,24.564295775191614,0.6663016280298975,-0.6071718881866155,0.0,22.9523960365166,1.2349591647450102,-0.5580210874276864,0.0,18.22115447525994,1.790382442064558,-0.2883388024677513,0.0,13.756616754558252,1.7827243280379284,0.0024621359510403,0.0,10.127639868927025,1.108406384014461,0.1732358702941686,0.02,12.416824030671163,1.4209116035967435,0.0533494309341853,0.0,20.146891087700457,3.365719250418453,-0.3443329006926858,0.0,21.100315555995145,2.4091245578715657,-0.3981600198954504,0.0,21.51159791890017,1.7980703920934302,-0.4560871001402746,0.0033333333333333,19.436815017427342,3.322628444226917,-0.3088800287496305,0.0,19.379520276686623,3.199853778028247,-0.3280800575347948,0.0,20.146891087700457,3.365719250418453,-0.3443329006926858,0.0,20.48997217827725,1.732442486332754,-0.4633727033904357,0.02,21.515939594078848,1.9135085857379583,-0.4360463041465834,0.0,18.821504055352182,1.6272889099103462,-0.3693262140697629,0.0166666666666666,19.52525784134314,2.989517316443609,-0.3489754596105719,0.0033333333333333,3.296695635224744,139,"[1.0, 0.7528312053570576, 0.2846549219246498]","[0.0, 4.602558132959934, 10.905841345187849]",0.8216958313497459,0.9231648815594972,4.174375866923735,0.85452788919847,13.347928341964424,331.2507570226926,0.0181271949700264,0.8082848626312512,8.861608517828026,0.4253943148056969,0.0065946963196641,0.1466721164183901,4.0,"{""overproduction"": 0.6745414961514075, ""waiting"": 0.3643861647781312, ""defects"": 3.9671126266654158, ""inventory"": 0.31240492556124533, ""transport"": 0.49653829231170166, ""motion"": 0.18047041425818403, ""over_processing"": 0.3566194912672662}"
68.57459605017388,1.029261696676038,2.3849457632669626,0.1,0.0625,0.0714285714285714,1.0497421309369444,2.4411452387795003,0.1,0.0625,0.0714285714285714,1.375470686653092,3.5872387849408667,0.15,0.125,0.1428571428571428,1.3794443034617168,3.582234016567508,0.15,0.125,0.1428571428571428,0.2275623610684969,1.340453588927857,0.0,0.0,0.0,0.1819917918648951,1.407937503793784,0.0,0.0,0.0,1.0123210444493216,3.156408538085591,0.1,0.0625,0.0714285714285714,1.0322182803101076,3.180550261102572,0.1,0.0625,0.0714285714285714,0.0267168563243615,0.3238319798941144,0.0,0.0,0.0,0.7142857142857143,0.7142857142857143,0.6071428571428571,0.6071428571428571,0.8571428571428571,1.1368683772161605e-13,13.976657576278974,0.0822082945005113,-0.1089215800989038,0.0,12.15928427783965,0.1739915158817026,-0.1294825297771085,0.0,7.6210601183476605,0.7581496719210241,0.4430943470309679,0.0266666666666666,7.931172580133632,0.5615254171448568,0.4305574419180439,0.03,5.385537062431642,0.2693022231803834,0.4858279651039136,0.2966666666666667,8.344250859171645,0.5124637376186247,0.2876643694271072,0.1733333333333333,11.892715289671722,0.3187327699662429,-0.4035174547328513,0.0,11.125803507044482,0.1596031563271234,0.0032018885230485,0.0,11.166259951137762,0.3002654686357243,-0.0326326592006129,0.0133333333333333,5.868874761552209,0.2269693037582688,0.3670008940462806,0.2066666666666666,3.4309058075822145,0.1935603260691008,0.5743543697980172,0.2366666666666666,6.156192725488331,2.1403868554099605,0.4279544561110355,0.0,6.169889889632099,0.2047914396340708,0.2498228672965554,0.21,11.751963491992424,0.3893992888933434,-0.3489185523555875,0.0,9.860271947035065,0.1389380163775126,0.2413090856896876,0.02,10.260597684902992,0.6599046471358406,0.0471407606974114,0.0066666666666666,1.4396695336813194,140,"[1.0, 0.5199510157663239, 0.1844854123605347]","[0.0, 1.9077389890136416, 5.38486800453641]",0.5589441989258692,0.5669228613644604,11.579869946151884,0.6233199661785775,12.716460530932563,642.7120486887789,0.0293509758133229,0.6125911623349806,0.3221700644523551,0.5085152872616184,0.0116253617303951,0.0521500387133301,4.0,"{""overproduction"": 0.8892056094433393, ""waiting"": 0.5185442161709084, ""defects"": 2.8154432128100146, ""inventory"": 0.4311104531331548, ""transport"": 1.521392469831832, ""motion"": 0.20401208277289581, ""over_processing"": 0.5205153040464088}"
50.00205403435413,0.4348917699719972,1.1025878040001544,0.0,0.0,0.0,0.5753203222789957,1.279583833571068,0.0454545454545454,0.0588235294117647,0.0833333333333333,0.618090239199581,1.7049932045720035,0.0909090909090909,0.1176470588235294,0.0833333333333333,0.7456718400388037,1.845109148740672,0.0454545454545454,0.0588235294117647,0.0833333333333333,0.0691964501018369,0.4556671519147237,0.0,0.0,0.0,0.0690666198941228,0.4996679117647282,0.0,0.0,0.0,0.378227201440759,1.3897610514441232,0.0454545454545454,0.0588235294117647,0.0,0.4572587888628378,1.5016067768153245,0.0909090909090909,0.0588235294117647,0.0,-0.00983390455433,0.2517661021130687,0.0,0.0,0.0,0.7142857142857143,0.7142857142857143,0.5714285714285714,0.5357142857142857,0.9642857142857144,1.2789769243681806e-13,10.524824341847172,0.2768850100786384,0.0346589827058762,0.0,7.616709535189613,0.6820769758741172,0.1896790227233081,0.0,-4.577617732926618,0.930086961249628,1.3154318651527537,0.0,-7.818483462656897,0.939024498624406,1.5403924328576657,0.0,-5.185585341799334,0.613562948254678,1.3545776000363323,0.02,-7.83723064973618,1.0705337816589788,1.5682593343889475,0.0033333333333333,5.631488964806969,0.5028308387194115,0.3410912029259154,0.0,6.122099660808151,0.8268562947227159,0.2601702273819949,0.1,3.725978936977395,1.149526839138418,0.5908659946739573,0.0966666666666666,5.405568351699848,1.1386656097694765,0.4268667854757337,0.0133333333333333,3.92458451494552,1.2330787060894672,0.4675481141282553,0.1966666666666666,2.2463976126117937,3.512704517235346,0.745530727754854,0.04,4.627225245327013,0.7570217740174925,0.5432332370072555,0.0533333333333333,4.686141992318204,0.9736149914677182,0.3919758278018161,0.1866666666666666,2.7202498404688247,0.5289236396749847,0.2579814017927198,0.61,2.7645171957389683,1.3981091376166808,0.6622387946465443,0.1733333333333333,1.9004350511307568,141,"[1.0, 0.4613828594725056, 0.18891820559098227]","[0.0, 4.574687672300152, 9.41459896845345]",0.2194312535665553,0.0553148565067332,13.42496158901504,0.841564925106014,2.7738063354292377,278.3188774987845,0.3343762914003807,0.8157128120153085,9.259359883824583,0.5987894272796885,0.0120514129631274,0.2373822628520241,4.0,"{""overproduction"": 1.1799910546265147, ""waiting"": 0.3183264491855012, ""defects"": 3.2856442762194744, ""inventory"": 0.3576510049006298, ""transport"": 0.7271241743191258, ""motion"": 0.18210641408778924, ""over_processing"": 0.27499118575671355}"
84.22918284930226,1.4269515145588465,4.168815695508815,0.15,0.1666666666666666,0.1428571428571428,1.5803754733226258,4.349691423037545,0.15,0.1666666666666666,0.1428571428571428,1.9789490033621608,6.653126368014476,0.15,0.1666666666666666,0.1428571428571428,2.162968509211616,6.843751675513568,0.15,0.1666666666666666,0.1428571428571428,0.2490970618412971,1.238447163690693,0.05,0.0555555555555555,0.0714285714285714,0.2637631032037237,1.375538283038217,0.05,0.0555555555555555,0.0714285714285714,1.5028063288680678,5.528835592073887,0.15,0.1666666666666666,0.1428571428571428,1.5882235860914662,5.566838098838985,0.15,0.1666666666666666,0.1428571428571428,-0.0785198202558245,0.2332016357153041,0.0,0.0,0.0,0.8214285714285714,0.7857142857142857,0.6428571428571429,0.5714285714285714,1.0,1.9895196601282805e-13,8.230419652838728,2.3316448892368267,-0.3436429265830001,0.0,5.996883243801043,2.7015589236678865,-0.0810918565275276,0.0,4.904571331973585,2.4129634155928934,0.2977288697994951,0.0,3.217078740196175,2.7470982736165674,0.2928951201982148,0.01,-1.543223706343314,3.69682491205895,1.794220396014902,0.2466666666666666,2.043930473142206,2.9904229125846067,0.5823476684806557,0.1033333333333333,2.8183038165673664,4.131103093769214,-0.6079425943711441,0.0,4.4422411385242295,2.709777525191778,-0.1441227532265532,0.0833333333333333,2.9052760856781905,3.656309857679736,-0.1226085985882577,0.1933333333333333,-0.1120676910800677,5.332645583512137,1.0396782937723832,0.2033333333333333,-0.764062872304121,5.597614807278281,1.271247464237889,0.2,-0.9079651059714992,6.6237731684428525,,0.9366666666666666,-1.5626306968869998,3.74027359399083,5.550116595088605,0.6933333333333334,0.0085124277573755,3.200330742322656,0.996526158691316,0.1833333333333333,3.4330546546646223,2.674919857694628,0.0824836829397045,0.31,0.809767588257814,4.83510295795264,0.5818239352551836,0.17,2.1966900425432105,142,"[1.0, 0.8463658799548699, 0.6880198315882475]","[0.0, 2.938088511920128, 7.4663584065588315]",0.3166559653974877,0.345353274790395,1.350388295735558,0.384573000527565,7.589803778384152,283.05898954152576,0.1183405389447193,0.4844354245163892,4.71076535183835,0.6890263536167509,0.0075241952698625,0.1196587297115756,4.0,"{""overproduction"": 0.6648648898311332, ""waiting"": 0.6649960175823048, ""defects"": 4.375826617258083, ""inventory"": 0.30614175636971214, ""transport"": 0.7177415379384234, ""motion"": 0.601572643200067, ""over_processing"": 0.33211835877986023}"
76.09466349933766,0.2707272458558854,1.1395955431443372,0.0476190476190476,0.05,0.0555555555555555,0.4427193833976733,1.3999418971947666,0.0476190476190476,0.05,0.0555555555555555,0.6034469156041465,2.105939697103804,0.0476190476190476,0.05,0.0555555555555555,0.7648169554362462,2.338433215736612,0.0476190476190476,0.05,0.0555555555555555,-0.048341602039281,0.2570758691466865,0.0,0.0,0.0,-0.1055837670245635,0.4437767885692649,0.0,0.0,0.0,0.4770468529520099,1.626388781720768,0.0476190476190476,0.05,0.0555555555555555,0.55853852694968,1.7525874197135696,0.0476190476190476,0.05,0.0555555555555555,-0.0582233018880045,0.2916328061998274,0.0,0.0,0.0,1.0,0.7142857142857143,0.7142857142857143,0.7142857142857143,0.9285714285714286,8.526512829121202e-14,13.3079963085551,1.2550998843784622,-0.9347473350202274,0.0,11.833692743485017,1.744167361530769,-0.8111244996627444,0.0,3.332691288625899,1.960557204897429,0.6334655458006442,0.0,3.8396246854253175,1.9771509059088044,0.5592797851840894,0.0,-1.8803790030289669,4.17778752171201,1.3003618210471457,0.0166666666666666,0.7758534355510494,2.2347654436286213,0.9065987008471156,0.01,8.12490792277859,4.3995910546781545,-0.540761925366541,0.0,10.53135999683289,2.313573636190313,-0.6320589161127872,0.0,10.013994447891251,2.1669413214839506,-0.6192803008415525,0.0033333333333333,10.679047237294355,2.0987124262424124,-0.6558993134143911,0.0,10.696715875265024,2.111942113233491,-0.6712713479893678,0.0,9.873824455897866,3.288710663017227,-1.625279082324354,0.1066666666666666,4.9793442981187495,4.004275897190199,-0.1298643962196299,0.0866666666666666,9.679584029365344,1.9809094273018584,-0.6200999144450282,0.0,7.007730285214649,2.1083374465804234,-0.277635139263008,0.1766666666666666,10.740351524950418,1.8284656551888971,-0.6786522347605565,0.0066666666666666,2.458005242372222,143,"[1.0, 0.6015936654000819, 0.43853469280413016]","[0.0, 4.906302003519295, 12.531255086928354]",0.59425553697159,0.3480070790342334,12.238956262669891,0.4566001804253286,4.419899999516937,39.89088451009996,0.0471919165234937,0.8030931617885309,6.699736510697144,0.4084951508312278,0.0071263523507092,0.1873625753784721,4.0,"{""overproduction"": 0.8488646103286998, ""waiting"": 0.465342925832731, ""defects"": 6.001580295566979, ""inventory"": 0.2144242885954205, ""transport"": 0.9134649250554605, ""motion"": 0.3616443690425318, ""over_processing"": 0.39445291702695956}"
104.93779889451054,1.7531747398053243,4.690448352372003,0.1,0.1,0.1111111111111111,2.0137607160318987,4.932173828879155,0.1,0.1,0.1111111111111111,2.5256058001282247,6.956143073664038,0.15,0.15,0.1666666666666666,2.8056056267070733,7.218490278806817,0.15,0.15,0.1666666666666666,0.7277826666169223,2.683632139343356,0.0,0.0,0.0,0.6936392556891864,2.764764295833056,0.0,0.0,0.0,1.7702708257556146,5.589315133311087,0.1,0.1,0.1111111111111111,1.863459617433752,5.645506907639656,0.1,0.1,0.1111111111111111,0.0630357360616684,0.49865206478749,0.0,0.0,0.0,0.8214285714285714,0.8214285714285714,0.6428571428571429,0.6071428571428571,1.0,3.410605131648481e-13,29.895531442331283,0.4972269279577896,-0.1550769743434917,0.0,27.78282847001517,0.5177038732646476,-0.0200395351638292,0.0033333333333333,26.49860771659002,0.3992977306994369,0.1507111788566862,0.0,26.49860771659002,0.3992977306994369,0.1507111788566862,0.0,26.897274298689293,0.4623279005131275,0.1172939263558267,0.0,26.50211137638202,0.3992977306994369,0.1460650282726429,0.0,23.899285417570702,1.3712066636435454,-0.1819943371673978,0.0,27.36719306055089,0.8066256908669232,-0.0977073174782934,0.01,27.082062238184104,0.6490085681847898,-0.0387918073203294,0.0,25.917564358314795,1.6918807680731789,-0.3235030924399862,0.02,25.775159893577587,1.667253023627404,-0.3302704790409118,0.0233333333333333,19.600805093976994,4.14639027043777,-0.922962096570379,0.0666666666666666,25.190974862598846,1.5841181284075372,-0.2127969120360852,0.0033333333333333,26.435525909064623,1.2696882698273009,-0.139239854058895,0.01,27.344816472404723,0.7225323214546688,-0.0730140140110292,0.01,27.300517805738664,0.7015571995493827,-0.0823777678671558,0.0,1.967234191143974,144,"[1.0, 0.6597713205902667, 0.3162743842165394]","[0.0, 5.280107565588423, 10.869158896675007]",0.6434484667013304,0.5612037401841955,22.61439003069439,0.4484383122030621,12.423130711108769,295.8554027783955,0.1320235984869606,0.7443291401456987,12.767095881019005,0.5385547011224467,0.018993547511015,0.1121828802099708,4.0,"{""overproduction"": 0.9117598118400969, ""waiting"": 0.9382457206600687, ""defects"": 4.348331218690712, ""inventory"": 0.2880822308371466, ""transport"": 0.518525284057921, ""motion"": 0.24117201653231343, ""over_processing"": 0.516059584692616}"
58.05953251981671,0.4976275370622161,1.6543295573671446,0.15,0.125,0.1538461538461538,0.5443988997262633,1.67853197210118,0.15,0.125,0.1538461538461538,0.6649358654757853,2.5300160390303037,0.2,0.1875,0.2307692307692307,0.7138659723425346,2.5494550493705157,0.2,0.1875,0.2307692307692307,0.1488497007331884,0.5297455433088935,0.0,0.0,0.0,0.153554055112896,0.5638353335273458,0.0,0.0,0.0,0.5265998497928251,2.1031668937101533,0.2,0.1875,0.1538461538461538,0.5578735101078619,2.1259191503201875,0.2,0.1875,0.1538461538461538,0.0755166801099965,0.1907606743315323,0.0,0.0,0.0,0.8571428571428571,0.7857142857142857,0.4642857142857143,0.3928571428571428,0.9285714285714286,1.1368683772161605e-13,14.686882353901783,0.5589758131969502,-0.7924660449979919,0.0,12.515214548244218,1.2647837776112665,-0.6544358210633663,0.0033333333333333,3.821495955672803,0.9875426742700644,0.1530957469637082,0.0,2.137733712112232,1.0732070549643702,0.5007470465626244,0.0,-3.877737908867248,1.681724692085926,2.458565264431784,0.1433333333333333,7.4683582387780385,1.1834962846371573,-0.9645731721227592,0.0166666666666666,10.567349791663716,2.4969501375316407,-0.4184213378816006,0.0433333333333333,10.56645265963911,1.9873140602699917,-0.4852999245815111,0.0566666666666666,11.384242341128456,1.6039887569200852,-0.5397291661552692,0.0133333333333333,9.234480337795942,2.178030810271096,-0.297724569743053,0.03,8.372797878973865,2.11713642243392,-0.2216635006786457,0.06,10.142449058535847,2.456411690340074,-0.5860417229705885,0.1,8.135347054339404,2.1083686057888147,-1.5291681529593035,0.3066666666666666,9.97827039984162,1.410472468256645,-0.6238565515079482,0.01,6.253911987881194,0.8645495169823644,-0.4071088199464397,0.3266666666666666,11.562004376103976,1.6852424487175193,-0.5351420765864459,0.0133333333333333,3.256249681746561,145,"[1.0, 0.7957009728710874, 0.6678593270547198]","[0.0, 4.291603971864045, 10.221081175849742]",0.2221207692802735,0.3976132292869795,3.681093808142555,0.8606668060827101,1.0193558300438976,19.71865792341735,0.0089444276592524,0.566054778509927,7.238181335831153,0.4436637660684412,0.0103892059383319,0.1036111862710234,4.0,"{""overproduction"": 1.1987277176668876, ""waiting"": 0.365236384103434, ""defects"": 2.0998349682247532, ""inventory"": 0.3940230565395031, ""transport"": 0.5245810544073656, ""motion"": 0.3965700222154949, ""over_processing"": 0.38704594421424804}"
127.59221350836155,0.9984115525074798,2.907551999836916,0.1666666666666666,0.0666666666666666,0.0714285714285714,1.2218179464863836,3.134488291023465,0.1666666666666666,0.0666666666666666,0.0714285714285714,1.384713633177931,4.127053561629254,0.1666666666666666,0.0666666666666666,0.0714285714285714,1.591533105656421,4.461708425076546,0.1666666666666666,0.0666666666666666,0.0714285714285714,0.4272342431889538,1.4625729207779,0.0,0.0,0.0,0.3171623734577856,1.593132115280378,0.0,0.0,0.0,1.2379143548953917,3.665873717768505,0.1111111111111111,0.0666666666666666,0.0714285714285714,1.34462804511762,3.861397491796005,0.1111111111111111,0.0666666666666666,0.0714285714285714,0.0721061349615138,0.3720993976078848,0.0,0.0,0.0,0.8928571428571429,0.6785714285714286,0.6785714285714286,0.5714285714285714,1.0,1.4210854715202006e-13,32.5502751852714,0.7244078595825628,-0.263670794082703,0.0,32.033731702466184,0.7284480089034692,-0.242254494203414,0.0,31.545597226448592,0.6350006707526651,-0.108862908747928,0.0,31.545597226448592,0.6350006707526651,-0.108862908747928,0.0,26.589573707241275,1.0141494625868377,-0.0731950710415212,0.0066666666666666,31.554804355988573,0.6350006707526651,-0.1096938316610608,0.0,31.545597226448592,0.6350006707526651,-0.108862908747928,0.0,31.705766533714275,0.8877958142294985,-0.3185464044668477,0.0,31.760079599969615,0.7347154722046906,-0.2167072162295383,0.0,29.79242754227807,1.0082828857771142,-0.5001136013877574,0.0,29.9393537827359,1.0356139199463896,-0.4820538652471467,0.0,26.23909844202681,1.718304639042823,-0.7569302468132342,0.0266666666666666,23.99176757041536,2.014790023607409,-0.3036937849585763,0.0866666666666666,31.31981137811899,0.9596292812737915,-0.3058593090960036,0.0,24.82163357944477,0.7566909431988451,-0.2024534668216044,0.18,31.155683856285467,0.8143805713442991,-0.3031045590967579,0.0,1.8166543031666929,146,"[1.0, 0.4864415708380501, 0.27406168810786785]","[0.0, 0.5999820073683856, 1.0927786170297353]",0.9400208918587438,0.9515678992863388,23.59200127366466,0.5471332818148653,12.114831071786872,416.3013670861128,0.0807445294017569,0.5214985995706065,3.9151309340193863,0.3565994133830397,0.0166274142153004,0.2077516790171041,4.0,"{""overproduction"": 0.6523136319486414, ""waiting"": 1.1585572469046443, ""defects"": 3.937707851927735, ""inventory"": 0.47557906160816776, ""transport"": 1.5099222705225215, ""motion"": 0.4337009777521005, ""over_processing"": 0.42251815351807576}"
64.49191826550006,0.6000725413720487,1.7629511996596134,0.05,0.0588235294117647,0.0666666666666666,0.6813427411807036,1.8231434550900931,0.05,0.0588235294117647,0.0666666666666666,1.010464265722392,2.92832436546869,0.1,0.1176470588235294,0.1333333333333333,1.121494485477123,2.9953004926630995,0.15,0.1764705882352941,0.2,0.1365408007846392,0.7799475296089385,0.05,0.0588235294117647,0.0666666666666666,0.1602157932043668,0.7720038043846363,0.05,0.0588235294117647,0.0666666666666666,0.6937202326596851,2.4169945323487934,0.1,0.1176470588235294,0.1333333333333333,0.8175735592756767,2.519701807276524,0.15,0.1176470588235294,0.1333333333333333,0.0585811862144195,0.2542413009836676,0.05,0.0,0.0,0.8214285714285714,0.7142857142857143,0.6071428571428571,0.4642857142857143,0.9285714285714286,8.526512829121202e-14,20.6735557746328,0.4753287069291347,-0.4683155640291679,0.0,18.29648115665692,0.7929134969642081,-0.2424767123336723,0.0,15.628753431725212,0.41647572591991,0.0837644612269954,0.0,14.96582794706513,0.3775246635266914,0.1265157146680306,0.0033333333333333,12.167732663812858,1.166702271736964,0.1841975264190909,0.0866666666666666,12.972805361853034,0.9771643681118052,0.1683981582928096,0.08,11.74071778608905,3.541052368971838,-0.593262705165501,0.0,16.43427481344284,1.157112225994816,-0.4648606331734739,0.0033333333333333,17.062757781740427,1.0149764147824245,-0.3936683631036677,0.0366666666666666,16.6973388653419,1.828724602121533,-0.474281975092009,0.01,15.63198882012106,2.2288402937676977,-0.4295609042655212,0.04,12.385716484968826,3.2031074488189124,-5.217546540130773,0.2033333333333333,13.279189375263128,2.1784684233304064,-1.3247386858837915,0.0266666666666666,12.137283302978137,2.3082111749170537,-1.0851838409411678,0.0233333333333333,11.574073203923676,0.8753725639616355,-0.3100815020047628,0.3133333333333333,15.678536851503768,1.2968336018066513,-0.625162801690898,0.0233333333333333,3.127798648577956,147,"[1.0, 0.8259541460277536, 0.36530370846441296]","[0.0, 1.3725213606811582, 4.204957510909692]",0.5886031369213242,0.7488343384738742,6.581139902619063,0.8833555939364357,9.400324492083785,604.1932659388925,0.3684898235042055,0.6603586056130883,3.4407742254555207,0.55751646901086,0.0107261627758207,0.1764501217645127,4.0,"{""overproduction"": 1.2655561896987337, ""waiting"": 0.4834248336077545, ""defects"": 3.222014787694146, ""inventory"": 0.2205636671432957, ""transport"": 0.5595384830491087, ""motion"": 0.2832448130837036, ""over_processing"": 0.4068345581194041}"
104.2900996579119,1.805018768828948,5.957892536539074,0.1363636363636363,0.1666666666666666,0.1666666666666666,1.8200424802922064,6.094021066649344,0.1363636363636363,0.1666666666666666,0.1666666666666666,2.261648426363417,8.047305779627699,0.1818181818181818,0.1666666666666666,0.1666666666666666,2.210161221010672,8.000310706153034,0.1818181818181818,0.1666666666666666,0.1666666666666666,0.6625362002197931,2.5522406275892577,0.0454545454545454,0.0555555555555555,0.0,0.6979713225764981,2.56535969906834,0.0,0.0,0.0,1.6549458638103336,6.508241786453817,0.1818181818181818,0.1666666666666666,0.1666666666666666,1.7072568569035893,6.531195294116554,0.1818181818181818,0.1666666666666666,0.1666666666666666,-0.0165676878796719,0.4575306958662405,0.0,0.0,0.0,0.8571428571428571,0.8214285714285714,0.6071428571428571,0.5357142857142857,0.8571428571428571,1.4210854715202006e-13,26.67708423853322,0.7289817402052241,-0.153041246034734,0.0,23.98070120719929,1.3968028946478046,-0.0561265018996702,0.0033333333333333,16.151908732494803,0.513634767117768,0.4910031166760886,0.0,11.871542440642733,0.5155248086123597,0.6228824072968964,0.0,8.027852965649922,0.748391801214468,0.6679948996770871,0.0733333333333333,10.634237174090073,0.5082942203080186,0.6313454526705256,0.0233333333333333,16.151908732494803,0.513634767117768,0.4910031166760886,0.0,23.70519828441588,1.2777009079592123,-0.0534799117239847,0.0033333333333333,21.70529920874896,1.5419667964167834,0.028887159483541,0.0433333333333333,22.700525972503385,1.777259694076192,-0.1080783874885551,0.01,21.268612968535976,1.6043898580898652,-0.0357743972419592,0.01,20.11472806243053,4.150090871052976,-0.3744237582822569,0.0633333333333333,11.929922118142793,2.4210451079945217,0.03851960885634,0.22,18.24133490194001,1.8776557794653088,-0.0184370733544533,0.0733333333333333,17.833989190899437,0.6171778847160337,0.2287525914427711,0.15,19.284677388029596,2.325523527398248,-0.0136493403047557,0.0633333333333333,1.8974353799570995,148,"[1.0, 0.617985333160969, 0.41612154368238374]","[0.0, 6.031957048515159, 14.293744530361552]",0.4398394531283547,0.0836531527380866,24.807536032058543,0.3244747610896858,0.5563308951898738,9.689335444431684,0.2738355349531318,0.2677619924964899,12.728709495200402,0.6010519231469795,0.0171327828706767,0.0913054959118675,4.0,"{""overproduction"": 1.5449776202897614, ""waiting"": 1.0142116148447295, ""defects"": 1.7932238291362683, ""inventory"": 0.7479146189439678, ""transport"": 1.0360175117216566, ""motion"": 0.30121972138891734, ""over_processing"": 0.21981954378849408}"
71.58984541497176,0.9366632057541702,2.7009129033370907,0.2727272727272727,0.2,0.1538461538461538,0.9167267344120348,2.710916922645457,0.2727272727272727,0.2,0.1538461538461538,1.235562463245167,3.8291770836048977,0.2272727272727272,0.2,0.1538461538461538,1.262267662213027,3.863920331211632,0.2727272727272727,0.2,0.1538461538461538,0.4289350912547051,1.3363300503037834,0.0,0.0,0.0,0.5323221007399115,1.4611654439545922,0.0909090909090909,0.05,0.0,1.0027874451677594,3.373585107665894,0.0,0.0,0.0,1.116077162351467,3.4614053280197705,0.1363636363636363,0.1,0.1538461538461538,0.0841386718770401,0.3790859351449678,0.0454545454545454,0.0,0.0,0.8571428571428571,0.6071428571428571,0.6785714285714286,0.5714285714285714,0.9642857142857144,1.7053025658242404e-13,8.328311249277453,0.0634685775246009,0.4076047642831985,0.0,7.398841813377058,0.1527675116575822,0.480262489349005,0.0,4.237561174509171,0.5570809625500831,0.7374224391121991,0.0,5.583328837867255,0.1979800055846741,0.6621130330553195,0.0,-6.761587388317588,0.1813941353575749,1.4641515105097882,0.0166666666666666,2.3389776572717973,0.3285803933807574,0.8518988387399463,0.0,6.767705476732652,0.2318164831275155,0.5752847635776456,0.0,6.97955270137973,0.1714607722754823,0.5178463931978196,0.0,5.927996484488027,0.1900140273048462,0.5492919569891771,0.02,6.7845434193429375,0.252601011643166,0.5616661716202264,0.0033333333333333,6.732982306186634,0.2118694755011193,0.5737409996681389,0.0,-1.2475208328131344,1.4893033680967709,1.2362756701678694,0.1,4.533563877616033,0.2327446841578082,0.5787076885845293,0.0666666666666666,5.159240257942761,0.2381929516422758,0.5683870439046252,0.0266666666666666,5.513392015894694,0.1714607722754823,0.5373662181296726,0.2266666666666666,6.490980804416227,0.2855688209982329,0.544682543928356,0.0133333333333333,1.012666932132224,149,"[1.0, 0.45748073654303495, 0.1855536927694493]","[0.0, 2.8292755707155695, 5.6531816056696425]",0.1973908019165179,0.2176337092478697,4.667081148082327,0.7777126821820979,3.108429350063571,75.21033716902953,0.337592997989117,0.7046646154172543,2.0700519456416497,0.4179219952855675,0.0192201775311984,0.1003371114625117,4.0,"{""overproduction"": 1.5000324575546788, ""waiting"": 0.772222683188041, ""defects"": 3.335408508357222, ""inventory"": 0.23063645579247455, ""transport"": 0.9539135571111684, ""motion"": 0.3002323866431813, ""over_processing"": 0.48489153000747537}"
81.69821815397964,0.8596888712893854,2.6270379701955533,0.1363636363636363,0.0625,0.0666666666666666,0.9699862068660192,2.756716896560491,0.1818181818181818,0.125,0.1333333333333333,1.083598712605805,3.6697925722991727,0.2272727272727272,0.1875,0.2,1.2664854478078154,3.8225847147001537,0.2272727272727272,0.1875,0.2,0.3100250773054436,1.0156758856594386,0.0454545454545454,0.0625,0.0666666666666666,0.3961916592636307,1.129995807038564,0.0454545454545454,0.0625,0.0666666666666666,0.8279349377741351,3.012608034267668,0.1818181818181818,0.125,0.1333333333333333,0.9255029481851133,3.044495486494222,0.2727272727272727,0.1875,0.2,0.1106961753815159,0.4226764344931174,0.0,0.0,0.0,0.9642857142857144,0.9285714285714286,0.6785714285714286,0.4642857142857143,0.8571428571428571,1.4210854715202006e-13,26.836139038554432,1.1303444782796312,-0.6337026362325187,0.0,21.92293842463619,3.1129383634281886,-0.429179913289251,0.0,17.682098419751586,1.4699817053217843,-0.1316660798099103,0.0,12.232661814071005,2.1099080033881203,0.2033087984668364,0.0,15.486861960814824,3.1834684831912856,-0.0051932287642595,0.0033333333333333,14.165204355814405,2.4729783891802244,0.0009162296424803,0.0466666666666666,15.98552735432083,8.551284763437284,-0.1862184156730031,0.0,22.00277765368566,2.6182595454867754,-0.4424630612135935,0.0,18.762967606921134,4.033750947460273,-0.3746970257009702,0.0,20.79982549842566,4.38489304856825,-0.4169275856384551,0.0,19.665778988116976,4.579898820701864,-0.3888157717319265,0.0,16.6316979083992,7.914007870703066,-0.2910354226739895,0.0,20.200138328751304,5.3808600677160845,-0.7082903350921379,0.14,20.400967377350373,3.704336989790739,-0.6967524663031979,0.1066666666666666,15.96189170783486,1.207821555356788,-0.2222675667314383,0.0933333333333333,18.169176068916677,3.7945833604690566,-0.3665459927472054,0.0066666666666666,3.1628965322739817,150,"[1.0, 0.834001574260134, 0.3599197779380996]","[0.0, 2.9911669412862616, 5.723251572994574]",0.8035146850169782,0.7699768794110953,3.921341354265351,0.7981876994293133,13.690997603882805,441.2882653999356,0.0143052324635609,0.5701484698530722,6.994282230191759,0.6757386702121273,0.0137001758304692,0.1665904233023441,4.0,"{""overproduction"": 2.0591923042963463, ""waiting"": 0.4611099356794076, ""defects"": 2.3885086799017423, ""inventory"": 0.4161090617080165, ""transport"": 1.060870133203544, ""motion"": 0.3017520135037186, ""over_processing"": 0.4058612434025976}"
68.35873677556073,0.4376623944470083,1.12260670774787,0.1111111111111111,0.0625,0.0,0.6210623385972764,1.3190309503351472,0.1666666666666666,0.125,0.0666666666666666,0.6229081934203029,1.8055692331578168,0.1111111111111111,0.125,0.0666666666666666,0.7964858549345667,1.9481741653263276,0.1111111111111111,0.125,0.0666666666666666,0.1600463468282258,0.4999965021917785,0.0,0.0,0.0,0.2184178967489694,0.5236441057641784,0.0,0.0,0.0,0.4774231230670355,1.589247134597381,0.1666666666666666,0.125,0.0666666666666666,0.5581227309480739,1.6704278173215896,0.1666666666666666,0.125,0.0666666666666666,0.0123149754935487,0.2042685313671937,0.0,0.0,0.0,0.9285714285714286,0.8571428571428571,0.75,0.5714285714285714,0.8928571428571429,1.4210854715202006e-13,27.731486294503785,0.5668097509909984,-0.5433760756564735,0.0,25.91770313278301,1.1521191304838594,-0.4921835727329017,0.0,21.87072773179896,0.3509152582227917,-0.0222611904365078,0.0,19.649299446874743,0.1130150514649326,0.0979594964316401,0.0,16.480433359914734,0.3989716540880111,0.1573160454614124,0.0,17.05256260718142,0.3197822134362553,0.1819194020553082,0.0,25.341835608593364,1.9055792740544812,-0.6436451479208749,0.0,25.94930621866478,1.4024018555793107,-0.5793990192359418,0.0,25.2973582979005,1.1830903342228802,-0.4880078491117404,0.0,26.06963287882505,1.3164576495224358,-0.5801629710242543,0.0,25.81333171333606,1.5035892965266588,-0.5679344090555211,0.0,25.341835608593364,1.9055792740544812,-0.9119795226137368,0.0033333333333333,24.084090520823786,1.7635726724883838,-0.7467525104887057,0.0133333333333333,25.11828392499372,1.7224785579567137,-0.6159600613629053,0.0,17.255317638315002,0.2991538656569355,-0.1391930218018621,0.0966666666666666,25.458301733044436,1.2470915483644742,-0.5404833027986822,0.0,3.617785606921976,151,"[1.0, 0.7249222219106356, 0.24727167796671568]","[0.0, 0.8938402821381477, 2.064187587567589]",0.6141979691409737,0.5422949041125233,23.438418898521675,0.5095792526916273,10.854030841152596,203.6690763250716,0.3143783176712033,0.6387564331140076,6.577084503443047,0.463642816407402,0.0123601385466279,0.1908147960567672,4.0,"{""overproduction"": 1.7375297775779859, ""waiting"": 0.38630632497310063, ""defects"": 2.3075463802685827, ""inventory"": 0.582465005964881, ""transport"": 0.90569216002763, ""motion"": 0.2843259494739349, ""over_processing"": 0.2601142499914472}"
60.96324050069402,0.5681735333925189,2.143008262761039,0.2352941176470588,0.2,0.1538461538461538,0.7361614341374642,2.2426319152417027,0.1764705882352941,0.1333333333333333,0.1538461538461538,0.8512539750506856,3.051467750294428,0.2352941176470588,0.2,0.2307692307692307,1.0690506839800011,3.1814561685074647,0.2352941176470588,0.2,0.2307692307692307,0.1530296567599872,0.8857365946935795,0.0,0.0,0.0,0.1655568105285252,0.8952512945800333,0.0,0.0,0.0,0.6318215933068928,2.3771776534340967,0.1176470588235294,0.1333333333333333,0.1538461538461538,0.7458859822655644,2.5004176011606347,0.1764705882352941,0.2,0.1538461538461538,0.0669442216503319,0.4015906441304814,0.0,0.0,0.0,0.8214285714285714,0.75,0.6428571428571429,0.5357142857142857,0.9285714285714286,8.526512829121202e-14,11.52591458817888,1.6253457538738116,-0.0732215812153597,0.0,9.748404679189347,1.7597586756819128,-0.116580053805344,0.0,6.52224313723136,1.9995312289568905,0.1485968472896669,0.0,4.9034146840768615,1.8398032539461853,0.339161494076156,0.01,-6.012470989801651,1.6700588684318989,6.570508702656821,0.4133333333333333,0.9959236242896704,1.828734282150314,0.8510733912847136,0.1233333333333333,5.324914121241879,1.5284311035202125,-0.0374642195321175,0.0433333333333333,7.679929145742519,1.84787867454626,0.1549270137822702,0.0233333333333333,8.530456254925122,2.1224357385041874,0.074936564102772,0.0033333333333333,5.495000116097501,2.455955653449411,0.3154397128418349,0.0533333333333333,5.4377562820385785,2.646029465237631,0.3328677473713115,0.01,5.9908943476957015,3.36212179715378,0.3419543271878349,0.0666666666666666,-0.651102771991288,3.805342540847609,1.181932964619299,0.44,2.8013184758990533,2.9983044826759904,0.6245283534150269,0.1733333333333333,6.497370234267583,1.6882452796474132,0.147179716975368,0.1033333333333333,7.506823357958526,2.592591269125005,0.1681900061561801,0.01,2.4469111432520103,152,"[1.0, 0.6569675885269456, 0.4979472876687341]","[0.0, 0.15722476814963032, 0.3172160211883124]",0.7815785844135855,0.5358777397339192,2.0377502105365903,0.4488861969685353,8.95004310858429,22.46548803328477,0.2056766305897337,0.5550486363309303,14.826986759341487,0.6887097590353622,0.0141546278106626,0.2774670512427999,4.0,"{""overproduction"": 1.8163171297550929, ""waiting"": 0.4068579811282089, ""defects"": 3.221755949427086, ""inventory"": 0.36694266262010605, ""transport"": 0.6819412137596612, ""motion"": 0.23285744213427773, ""over_processing"": 0.40714741863810633}"
76.94439256585225,0.5763477565702958,1.9561180221245125,0.0454545454545454,0.05,0.0625,0.5841581683088084,1.9687791428882615,0.0909090909090909,0.1,0.125,0.8094715117479927,2.783329595163697,0.0909090909090909,0.1,0.125,0.8149860134722194,2.815710757170315,0.1363636363636363,0.15,0.125,0.1257334644298602,0.6884456856125548,0.0,0.0,0.0,0.1598940528401838,0.6943910255549596,0.0,0.0,0.0,0.6845887970166586,2.192900576990648,0.0454545454545454,0.05,0.0625,0.7010424586336708,2.240156775416724,0.1363636363636363,0.15,0.125,0.0378498756328632,0.2566672024682802,0.0,0.0,0.0,0.8928571428571429,0.9285714285714286,0.7857142857142857,0.7142857142857143,1.0,9.947598300641405e-14,25.23336680365683,0.4232018024347803,-0.4794841856594259,0.0,23.321018113355134,1.3003522849750218,-0.5041282840903755,0.0033333333333333,13.457904369107382,0.2102807522294665,0.2448211009447932,0.0,13.582855853664658,0.1804054258110123,0.2392492392429758,0.0,14.995208984608247,0.5584088420610089,0.120460729552032,0.0,11.86696948315248,0.0358218986281773,0.3255559145940176,0.0,19.41579803713971,3.592669487858928,-0.5151361119362624,0.0,23.070180388187577,1.445120385644805,-0.5179529772957986,0.0,22.26540430157456,1.4739681456894669,-0.4614992509215951,0.0,21.776258944757995,1.2118337440538416,-0.3055554070289024,0.0,21.77719706722914,1.2947543256376588,-0.3332922209243416,0.0,20.171203939492845,3.107946937116544,-0.4656179489054274,0.0066666666666666,20.47512243235726,1.869491094785942,-0.5042176821790805,0.1,19.443764705456267,3.5848148568023466,-0.517675100252676,0.0066666666666666,12.94235198198597,0.2505722801230003,0.0239045369804224,0.2333333333333333,20.034530608861356,1.6596980344544938,-0.3571693703096046,0.0,2.4267982036322504,153,"[1.0, 0.7480212274805911, 0.19229259530861678]","[0.0, 8.009153343818111, 14.887041085785663]",0.2608767609118252,0.7634833050803306,3.953115919081821,0.768959467881329,4.401573537293348,129.02300482721094,0.1493923582435292,0.5832008890859783,8.806527855918924,0.4407065644593845,0.0163723497967056,0.1692852583685278,4.0,"{""overproduction"": 1.4706038952026603, ""waiting"": 0.5780095723432709, ""defects"": 2.1770164328865187, ""inventory"": 0.5603883574432195, ""transport"": 0.5942583539922642, ""motion"": 0.3338064005382025, ""over_processing"": 0.27288749690257974}"
64.43502381975335,0.4325641349724445,1.2899349477734463,0.1052631578947368,0.0625,0.0625,0.382656302666906,1.293395493016719,0.1578947368421052,0.0625,0.0625,0.4431139653058439,1.8540637510138755,0.1578947368421052,0.0625,0.0625,0.4718832980139695,1.952155202387216,0.1578947368421052,0.0625,0.0625,-0.0357111496426933,0.3299553314617282,0.0,0.0,0.0,-0.0476078472088301,0.3861339691596132,0.0,0.0,0.0,0.3665141924794506,1.4958154139057431,0.1052631578947368,0.0625,0.0625,0.4369197924926956,1.5624525725369736,0.1052631578947368,0.0625,0.0625,0.0095795528350387,0.1147363560033818,0.0,0.0,0.0,0.8928571428571429,0.6785714285714286,0.5714285714285714,0.6071428571428571,1.0,8.526512829121202e-14,25.25705348067164,0.2083810860425268,-1.2916521102365517,0.0,23.70881220331361,0.475236927676494,-1.2004451859174636,0.0,21.25321389699397,1.6068668552213663,-0.8144245793808472,0.0,21.13463323485795,1.6484510207558314,-0.8346014313481092,0.0,18.92114180008432,1.0263162338904126,-0.6548273134716708,0.0,21.44226700683437,1.3488527008808116,-0.830164504072108,0.0,18.44976373248797,3.1319208111641226,-0.7068437297032831,0.0,23.239459622523768,0.7188439325405915,-1.1509392799881373,0.0,21.275220844448143,1.3904467440288115,-1.0268836096564873,0.0,23.55434561664711,0.6219799416870329,-1.1958600263698724,0.0,23.49297947235688,0.6214696627915954,-1.1748208067139942,0.0,23.03196969831904,1.0780311691923457,-1.1857349466119174,0.0,21.112340054338727,1.3419854596926633,-0.9690700968497888,0.0,22.02885246276242,0.8356471733278026,-0.947075356193842,0.0,19.74355566819399,0.5258777222974512,-1.0555212067818291,0.09,21.58025716405068,1.4269235649276806,-1.0756776808692563,0.0,3.077214896097478,154,"[1.0, 0.4988599127016852, 0.31570799564898216]","[0.0, 1.797756678010973, 3.631982132873212]",0.5396889173575408,0.9727013736068412,19.23647511060457,0.5711750937961741,10.073052526244926,29.987277061214897,0.2090597178797207,0.8187243705794174,7.571434069262021,0.4686403719979308,0.0095920298731746,0.1650575393096465,4.0,"{""overproduction"": 1.4010181346262505, ""waiting"": 0.351555133061511, ""defects"": 3.1025144788243137, ""inventory"": 0.28270812771152426, ""transport"": 0.8279695165737838, ""motion"": 0.34952052110581716, ""over_processing"": 0.26731988807335544}"
68.64861825536342,0.5070082751515741,1.0135338617160174,0.0476190476190476,0.0555555555555555,0.0,0.669710086202692,1.227099780793089,0.0476190476190476,0.0555555555555555,0.0,0.7200026325547609,2.0101945492054214,0.0952380952380952,0.1111111111111111,0.0666666666666666,0.8805303747906107,2.0978959098479577,0.0952380952380952,0.1111111111111111,0.0666666666666666,0.1003730039418047,0.2714503389025765,0.0,0.0,0.0,-0.0132338142386431,0.5170701074361302,0.0,0.0,0.0,0.4631563930703536,1.652583506845318,0.0476190476190476,0.0555555555555555,0.0666666666666666,0.5393342335255453,1.7087500697281222,0.0952380952380952,0.1111111111111111,0.0666666666666666,0.0672173259440065,0.3167000672215335,0.0,0.0,0.0,0.8928571428571429,0.6785714285714286,0.7142857142857143,0.5714285714285714,1.0,1.7053025658242404e-13,22.20233642031507,0.634837936222753,-0.6530190939101992,0.0,18.625882886582232,1.6568463074880184,-0.5145075292967274,0.0,10.6793966452512,0.4500656441528762,0.367653927562364,0.0,8.242416435995576,0.5041186750015785,0.4989549469868305,0.0,3.632541750922726,2.508220082610046,0.6653123536909502,0.11,7.532753940298481,1.0595861611534874,0.4882407926429395,0.0,6.628028267481724,9.493381567899943,0.1969581072158604,0.0,16.114941402326963,2.5994655997210314,-0.6113548554886798,0.0,13.731831342663568,4.460950037440387,-0.4139532673772738,0.0166666666666666,9.455700658389633,5.469134780293495,-0.6158061285050318,0.0,2.775619299236712,5.839424831239112,0.4916702818207528,0.0333333333333333,11.541654822818243,6.117827756250851,-1.2302608043361525,0.0733333333333333,10.537777055750192,5.317301862879218,-0.7410378159468141,0.1933333333333333,11.1206537609438,5.756220869509169,-0.4010612835834889,0.02,15.108118222577009,1.99930948135604,-0.6616108335458657,0.0466666666666666,9.103972833829358,6.531362363037552,-0.08635321987278,0.0366666666666666,2.9246354919142,155,"[1.0, 0.7739273736849758, 0.2866930380360514]","[0.0, 3.574882158166423, 9.627224333734704]",0.5309201130883703,0.5911825522064944,10.28983300631856,0.5960829366116354,7.81830458511357,84.80764064721654,0.1058787885365726,0.5733731289475135,9.00206413906241,0.6745194073808214,0.0064823462957426,0.2804670105264922,4.0,"{""overproduction"": 1.28445760943104, ""waiting"": 0.34450395272389767, ""defects"": 3.9356273700730275, ""inventory"": 0.32590146115550106, ""transport"": 1.1174098324717583, ""motion"": 0.25524734989953074, ""over_processing"": 0.28957569149652296}"
77.3427234393749,0.7216897542400972,2.7186373107035093,0.15,0.1666666666666666,0.1333333333333333,0.7819252499952407,2.765777848711371,0.15,0.1666666666666666,0.1333333333333333,1.0503097685818394,3.9736280485902777,0.15,0.1666666666666666,0.1333333333333333,1.0802362581574163,4.003647546990876,0.15,0.1666666666666666,0.1333333333333333,0.276958172952844,0.6931435477367981,0.05,0.0,0.0,0.2880779239732298,0.7807091889755353,0.0,0.0,0.0,0.8371687898486113,3.0411987351056737,0.15,0.1666666666666666,0.1333333333333333,0.8752748081899504,3.059430076577852,0.15,0.1666666666666666,0.1333333333333333,-0.2209609290118961,0.6441348305370596,0.0,0.0,0.0,0.7142857142857143,0.6785714285714286,0.5714285714285714,0.5357142857142857,0.9642857142857144,1.5631940186722204e-13,21.038497137484946,0.6583415715737886,-0.8750144750096586,0.0,19.13419594090752,1.7234299923658245,-0.7002471202823288,0.0,-5.037536971768199,0.2484092032077018,1.5201314917357207,0.0,-5.856316028057615,0.4545344155661486,1.6217902812595208,0.0,-7.632682396018437,0.6172440144102126,1.7938264752178936,0.0,-6.503722073841314,0.2265552073944684,1.6644076062558857,0.0,19.54105413595145,1.90510944468635,-0.71788326912439,0.0,17.09406426025657,1.200158588143275,-0.7783923927525526,0.1133333333333333,14.968498711312831,1.4807634422431395,-0.5505974125133268,0.07,18.38186952788568,1.5286322271043873,-0.6827707091173583,0.0033333333333333,18.50570969268384,1.661348816886281,-0.6938693697629086,0.0,18.733673946041936,1.7354559934652003,-1.3068618080425445,0.0366666666666666,14.323154700798092,0.8798475117627843,-0.9266132513868628,0.2066666666666666,15.68418104774639,1.0345436479891448,-0.7837545224056405,0.1333333333333333,9.946487565420776,0.7605207132041748,-0.7137792756158322,0.41,15.47747703373827,1.477732472799313,-0.5300014477718114,0.0233333333333333,4.930206164466659,156,"[1.0, 0.7500966317441595, 0.5602014712867955]","[0.0, 6.968048430576735, 13.642126506786937]",1.1937054333437265,0.0381678995352725,8.865761083969995,0.3650287561847078,10.75062938099877,309.37955791817706,0.2147696887364144,0.2875938504036828,13.194377062233858,0.4889667108863808,0.0061079570998554,0.0944119873103715,4.0,"{""overproduction"": 1.035968206631348, ""waiting"": 0.543721491670622, ""defects"": 2.597459129494936, ""inventory"": 0.5708776725629104, ""transport"": 0.5811249341548427, ""motion"": 0.2548986640736227, ""over_processing"": 0.576340515269916}"
107.26487096974984,0.4522346064663371,1.9537306111323465,0.0909090909090909,0.0526315789473684,0.0,0.4526802969859765,2.129422094755241,0.1363636363636363,0.1052631578947368,0.0666666666666666,0.5221842238258668,2.7724395705679714,0.1818181818181818,0.1578947368421052,0.2,0.6900475106457352,2.942111009857704,0.2272727272727272,0.1578947368421052,0.2,0.0064478777618863,0.6553713238780683,0.0,0.0,0.0,0.1509672512797186,0.7972467768369006,0.0,0.0,0.0,0.5756956956243001,2.214756890810664,0.0909090909090909,0.1052631578947368,0.1333333333333333,0.7522176655085601,2.448177083631521,0.2272727272727272,0.2105263157894736,0.2,-0.1948508900070609,0.6242699481192935,0.0,0.0,0.0,0.7857142857142857,0.6785714285714286,0.6071428571428571,0.5357142857142857,0.9285714285714286,1.7053025658242404e-13,31.634616069020293,0.8897529883130371,-0.5359749434668261,0.0,30.653385202433583,2.020533769715924,-0.4754276749121096,0.0,30.15536041297748,2.390447436962493,-0.4469729826176931,0.0,29.536613557368288,2.091474065196377,-0.4118768101670356,0.0,26.36223654735348,1.7864491889572272,-0.3879454952913065,0.0,28.2616376282298,2.2644633823895464,-0.3513392137530223,0.0,30.57517068211317,2.40138461575767,-0.4472255661513933,0.0,29.75451804036173,1.9705503377014444,-0.4838296133046562,0.0,29.122341814444205,1.834766450902917,-0.4701585486152406,0.0,30.191016944126275,2.4293850172677143,-0.432472898553108,0.0,30.11060602172416,2.208657587469328,-0.4302838393084261,0.0,30.60231742765364,2.384432154764556,-0.4500135906190537,0.0,26.491568711515,0.8417183729683299,-0.4798472501590036,0.0,29.081620189504584,1.6143742959043592,-0.4992657158374012,0.0,22.219886044703404,0.9399965604982417,-0.5289645744798064,0.0466666666666666,29.516634838886976,1.813082165269308,-0.4552313187900975,0.0,5.464086289041243,157,"[1.0, 0.7089814255412363, 0.536977802522282]","[0.0, 2.008339860342453, 6.356708721400365]",1.1168917225869184,0.943166208728992,8.584466019728756,0.7466361721283397,2.985620843933038,511.1523258161097,0.0381475746863504,0.7095255006543739,4.0780495676197805,0.502217324405892,0.0148659187767564,0.2607547673809434,4.0,"{""overproduction"": 1.7043669614517827, ""waiting"": 0.5047838064090152, ""defects"": 3.7477324819066973, ""inventory"": 0.5998070266641545, ""transport"": 1.2180495569728993, ""motion"": 0.45126503083830266, ""over_processing"": 0.46904929478720314}"
81.46242789250246,0.8764793257284209,2.223298789338999,0.0526315789473684,0.0588235294117647,0.1,1.0853729391785836,2.583044804847308,0.1052631578947368,0.1176470588235294,0.2,1.3540197542880612,3.885202013580411,0.1052631578947368,0.1176470588235294,0.2,1.5477416106487116,4.099329730035562,0.1052631578947368,0.1176470588235294,0.2,0.1049614754545991,0.7655214544789845,0.0,0.0,0.0,0.0862298393868493,1.1345476332255815,0.1052631578947368,0.1176470588235294,0.2,0.8950259418604782,3.0209035423774067,0.0526315789473684,0.0588235294117647,0.1,1.010471828488807,3.0397245177564134,0.1578947368421052,0.1176470588235294,0.2,0.0812438714768293,0.5541735349793743,0.0,0.0,0.0,0.8928571428571429,0.8214285714285714,0.5357142857142857,0.4642857142857143,0.9642857142857144,1.1368683772161605e-13,35.819493694511685,0.1209434016981623,0.0020897829446282,0.0,35.29881259683246,0.1085250901996391,0.048630128387963,0.0,35.17693345216579,0.0868352389629713,0.0695282173288351,0.0,35.17693345216579,0.0868352389629713,0.0695282173288351,0.0,33.452352500674955,0.8892696530418768,0.0787070533572704,0.0,34.66356275041504,0.2670523216105925,0.0696778985144655,0.0,35.17693345216579,0.0868352389629713,0.0695282173288351,0.0,34.4814031591719,0.1662145514173926,0.0293732588852328,0.0,34.51056059315628,0.1902462400067387,0.0154337914350511,0.0,31.837638507588903,0.1007821072767448,0.1007814745205017,0.0033333333333333,30.45162258455967,0.1156690123327246,0.0685337594931197,0.0433333333333333,32.05849298919642,0.4286156483518063,-0.0015168457327751,0.0,28.2829827677596,1.9543623055047248,0.0044009798271638,0.0033333333333333,26.80990896025649,2.035511804245277,0.0166922638440641,0.0,27.44186927872761,0.2040359738492374,0.0310554297293861,0.11,34.84522920196374,0.1622870785393665,0.0387219500195644,0.0,1.1696578074762036,158,"[1.0, 0.8441301301111299, 0.2098488568891883]","[0.0, 2.144160591173623, 7.114888906175787]",0.1440796612854506,0.2638051487584708,23.59842969649809,0.8135160743344398,0.02254182872224,469.14827688241866,0.0411887745253772,0.5303776159549121,5.629479195178193,0.6272857558936449,0.0130289142044885,0.2364647096511583,4.0,"{""overproduction"": 0.6106051253845445, ""waiting"": 0.6303160038116407, ""defects"": 3.9678586192988403, ""inventory"": 0.3437107555151038, ""transport"": 0.3968436166345215, ""motion"": 0.3362664264225769, ""over_processing"": 0.34790124992473337}"
98.84141260878506,1.242625530442801,3.4011982817129987,0.25,0.1666666666666666,0.1333333333333333,1.254788452194965,3.468979450632121,0.25,0.1666666666666666,0.1333333333333333,1.4209246635680353,4.1289253648190725,0.25,0.1666666666666666,0.1333333333333333,1.4166230067955234,4.2267125881201,0.25,0.1666666666666666,0.1333333333333333,0.4824314953351418,2.218057980749797,0.15,0.0555555555555555,0.0666666666666666,0.4691668278309578,2.225797492806304,0.15,0.0555555555555555,0.0666666666666666,1.322122859679407,3.93961833612001,0.15,0.1666666666666666,0.1333333333333333,1.4102731259504444,4.073037381398048,0.15,0.1666666666666666,0.1333333333333333,0.1485906984836472,0.5654291168437917,0.0,0.0,0.0,0.6785714285714286,0.5357142857142857,0.6071428571428571,0.5357142857142857,0.9285714285714286,2.557953848736361e-13,37.52413542590884,0.5010983177415127,-0.3521591038366433,0.0,36.334360683837446,0.5538240620506671,-0.3123965229270531,0.0,36.39026848742652,0.5021920096585935,-0.3089317654804058,0.0,36.19384608398034,0.5029961893826446,-0.2977008111067087,0.0,29.60601943580712,1.0129362236023227,-0.1893707454499679,0.0,34.68492567524604,1.0203558785726392,-0.2486957458156427,0.0,36.22613231396223,0.39932532504047,-0.2990290141122043,0.0,34.787401322658646,0.9491935411066564,-0.3222537475442759,0.0,35.19744658899105,0.9880992704734128,-0.3316455454944383,0.0,35.20995997374521,1.0553661749695915,-0.3380231788015599,0.0,35.22467741560364,1.0553661749695915,-0.3371195170208312,0.0,21.201451475221557,5.903076105887927,-0.72664642060717,0.02,23.4392412678783,1.7218924298533105,-0.3824627624126259,0.0866666666666666,33.61065002621229,0.5245784170091381,-0.3019823804872487,0.0,31.88949958978577,0.4634509135599082,-0.2451666477857681,0.0166666666666666,34.53223909943687,1.2056340368396157,-0.3648291852214537,0.0,2.520424107587181,159,"[1.0, 0.7645790072420926, 0.17103287544049509]","[0.0, 0.7879575281163108, 1.8468399620849563]",0.5225475863738697,0.9787841536554212,16.22887596037015,0.5648750044247408,14.279614063703622,624.0663425782454,0.2272028480870731,0.2867048336739987,6.226169387940979,0.6693179423182332,0.0152189336159868,0.1197180105949838,4.0,"{""overproduction"": 1.9226136582819915, ""waiting"": 0.6266351044488473, ""defects"": 3.409141895042727, ""inventory"": 0.628694658263337, ""transport"": 0.5243368002999234, ""motion"": 0.31484756515631024, ""over_processing"": 0.4612826203061233}"
89.93742878365026,0.5058657555142024,1.700586309818321,0.2,0.125,0.1333333333333333,0.8139107648145397,2.0905512779934545,0.2,0.125,0.1333333333333333,0.839319008144078,2.737902311039305,0.25,0.1875,0.2,1.0713014735857125,3.082186491282553,0.25,0.1875,0.2,0.0425846123678376,0.6137451467588427,0.05,0.0,0.0,0.1950665245444385,0.7372342961623785,0.0,0.0,0.0,0.7240632309491241,2.3667889893270444,0.1,0.125,0.1333333333333333,0.885147123666863,2.667417891616189,0.2,0.1875,0.2,0.0439447856331669,0.2792283898539624,0.0,0.0,0.0,0.8928571428571429,0.7857142857142857,0.7142857142857143,0.5357142857142857,1.0,1.7053025658242404e-13,29.001551835951265,0.67402267569493,-0.5792580108010883,0.0,28.037428393519136,1.55695624511854,-0.5119836815996393,0.0,22.400021004372743,1.4457434274062066,-0.1957079790383047,0.0,21.55658190451972,1.3747110275452763,-0.1576254676948921,0.0,20.63528119123804,0.5250204896708751,-0.1297320237893493,0.0,20.668783208438462,1.491192817773182,-0.1519086920656477,0.0,27.40417079625967,2.5217599687663976,-0.4901405005921344,0.0,28.014807152978207,1.7861568608375156,-0.5072799106090291,0.0,26.251369465046768,1.6178656442393549,-0.4472076046022737,0.0,26.60899167940836,2.126419589638433,-0.4496510319564473,0.0,26.170942658799664,2.1940365958618493,-0.4549932634626684,0.0,27.37255756678324,2.519282497155534,-0.4966472927373178,0.0,23.536845812467764,1.3912607361608338,-0.3722270745251984,0.0033333333333333,25.279270693241017,1.2402156099739516,-0.4681758715912543,0.0033333333333333,19.606626815569943,0.4218165077832471,-0.1941171674484683,0.0766666666666666,26.31423429973901,1.807793307869692,-0.4931046315748252,0.0,3.694188757107681,160,"[1.0, 0.7988882052445275, 0.44472594309735314]","[0.0, 2.9360373388121137, 7.393261420494067]",0.6318190192155344,0.7527385699724373,19.168021442593968,0.6820142398486859,9.420753679755157,522.9161048599559,0.0356601338632372,0.5521023590192211,14.741279759194644,0.4349826711742952,0.0168954324748013,0.1601079816762995,4.0,"{""overproduction"": 0.9187923133277421, ""waiting"": 0.5261692527074093, ""defects"": 4.164249987592279, ""inventory"": 0.7423285318335086, ""transport"": 1.078622136476043, ""motion"": 0.2521950173071213, ""over_processing"": 0.20815818897165497}"
63.72261117297361,0.6458934602190499,1.735826399903942,0.0555555555555555,0.0625,0.0714285714285714,0.7758469612700681,1.9725076247499505,0.0555555555555555,0.0625,0.0714285714285714,0.9290673748505816,2.8188343015056523,0.1666666666666666,0.1875,0.2142857142857142,1.1527846137869997,3.147511365433282,0.1666666666666666,0.1875,0.2142857142857142,0.0690708153409453,0.4183418627777551,0.0,0.0,0.0,-0.0076089377127444,0.7565788411591143,0.0,0.0,0.0,0.6319758089117781,2.140315366584051,0.0555555555555555,0.0625,0.0714285714285714,0.7759884945291678,2.3290987015411537,0.0555555555555555,0.0625,0.0714285714285714,-0.1916432320613495,0.5649799489519634,0.0,0.0,0.0,0.8928571428571429,0.9285714285714286,0.5,0.4285714285714285,0.9285714285714286,1.1368683772161605e-13,22.773271002637465,0.7181932919082442,-0.3043201977439436,0.0,18.583354823516157,2.132854367794914,-0.1410465734250289,0.0,15.136607684050196,1.7597498603812047,0.1765549554246973,0.0,0.0161960112224541,2.498529596902201,0.9991228600900628,0.0,11.859447308083016,2.5287470390283744,0.3320294238783708,0.0,7.862936508628756,2.569295400737509,0.556790768075335,0.0,13.24925382987268,0.9124578407969922,-0.3895427748098478,0.0,17.586870798621884,1.711407690411071,-0.1495511029966579,0.0033333333333333,16.741904052622026,2.528409682655707,-0.0547902941183087,0.0033333333333333,16.990038684654102,3.967270172996904,0.068560373792422,0.0,12.7568333322198,3.9950267957005385,0.2742945815906017,0.0033333333333333,14.709124586937875,5.04227032255158,0.2205545737856241,0.0,7.086492109508903,1.091894423368497,0.313593945296849,0.0533333333333333,11.909806389263917,1.2998762124070302,-0.011042663143131,0.03,8.699430078178349,0.5047716637303497,0.1021045469673064,0.2433333333333333,13.749858036251071,2.6643557640923445,0.12659465627056,0.0233333333333333,3.2948186637315686,161,"[1.0, 0.5976624156558457, 0.42653234563312137]","[0.0, 2.709757110453389, 5.834825801028592]",1.0372167783970103,0.2079008164841138,13.61483234604359,0.4465606272782252,14.745236030439086,598.5263370017293,0.1847346001616635,0.274622887448476,9.207218854030254,0.6462587993216432,0.0150517210129063,0.2597972418695314,4.0,"{""overproduction"": 1.0340967739211082, ""waiting"": 0.4623011937651226, ""defects"": 2.4992682811129674, ""inventory"": 0.6909168151803343, ""transport"": 0.6256398344201733, ""motion"": 0.14784723437344063, ""over_processing"": 0.23587167808180534}"
93.08764896319052,0.9136461937689726,2.894829106446284,0.25,0.1764705882352941,0.1875,0.8734042755476337,2.7108049822537983,0.25,0.1764705882352941,0.1875,1.2465798094089513,4.28511531297035,0.3,0.1764705882352941,0.1875,1.3748092899107696,4.374180225959735,0.3,0.1764705882352941,0.1875,-0.0879876325945692,0.7272619367999049,0.05,0.0,0.0,-0.0628927497327772,0.9507152106297097,0.0,0.0,0.0,0.7381175344790557,3.0375436788216854,0.2,0.1764705882352941,0.125,0.9451046919141068,3.157339623751762,0.3,0.2352941176470588,0.1875,0.0322385382472945,0.3413089415979393,0.05,0.0,0.0,0.7857142857142857,0.6785714285714286,0.6071428571428571,0.5357142857142857,0.8928571428571429,1.1368683772161605e-13,21.052800612679427,1.371735080307252,-0.5376919816235043,0.0,19.369444094606383,2.189321507198223,-0.44909919687077,0.0033333333333333,16.530826506994252,1.1842605070546142,0.080869693600895,0.0,16.530826506994252,1.1842605070546142,0.080869693600895,0.0,9.568082547005377,1.2911993160460593,0.2518613706381536,0.0,15.917364612796227,1.1842605070546142,0.0894808275949662,0.0,16.25212265923473,4.779974845100657,-0.872572887672525,0.01,18.944325724821,2.3190054895367167,-0.435701728151678,0.0066666666666666,18.41853976222958,2.9310372875760966,-0.6314003893411992,0.0066666666666666,19.00901508930462,2.262180615349796,-0.315448523697294,0.0,18.84513622575169,2.1515837390876724,-0.2782292350516027,0.0,18.109614629050284,3.590792729570488,-0.6948063350208772,0.0066666666666666,11.70165108962826,2.593847524171565,-0.2607038777944395,0.0133333333333333,18.171094057864124,2.418830966202363,-0.3830660057426091,0.0033333333333333,17.92384374626298,1.57384545684801,-0.0953181561088047,0.0,17.98743871199952,3.357447992884078,-0.671118473725217,0.0066666666666666,3.0773283327508336,162,"[1.0, 0.7899661461605263, 0.6367723974642397]","[0.0, 0.9318783475588105, 2.4494661222352616]",0.3219619651363926,0.4335319343279733,20.78343793956952,0.630123011676046,8.854116473360287,552.66384889196,0.1523469677882545,0.8710943858527149,14.866060676000414,0.496511763073827,0.0152034110336239,0.2485445085412591,4.0,"{""overproduction"": 1.9972279743016914, ""waiting"": 0.6318464075915482, ""defects"": 3.3506430093785666, ""inventory"": 0.5714019667004123, ""transport"": 1.1352024585657692, ""motion"": 0.44661441873826846, ""over_processing"": 0.2352479559657338}"
74.82651947817678,1.081435992295295,2.976492688603118,0.2,0.1764705882352941,0.1333333333333333,1.1781650536496708,3.0492969210831435,0.15,0.1176470588235294,0.1333333333333333,1.5005145521068477,4.164979055225386,0.15,0.1764705882352941,0.2,1.6048118658719672,4.260000158559877,0.15,0.1764705882352941,0.2,0.2238311518399766,1.3580639520590756,0.15,0.0588235294117647,0.0666666666666666,0.254195652695676,1.3517792630510943,0.1,0.0588235294117647,0.0666666666666666,1.1113577552667029,3.516609650577062,0.2,0.2352941176470588,0.2,1.1387107467306403,3.552072934880829,0.2,0.2352941176470588,0.2,-0.1456585107810777,0.6407506122135155,0.0,0.0,0.0,0.6428571428571429,0.6785714285714286,0.6428571428571429,0.6785714285714286,0.9642857142857144,1.8474111129762605e-13,22.869375919096885,0.2074484509302271,-0.147921804676703,0.0,21.715559562576235,0.2798606112098957,-0.0016061130934246,0.0,20.971526268845857,0.1477061040171323,0.0912496112226507,0.0,20.974228986224865,0.1477061040171323,0.0948264737710397,0.0,14.60287503574699,0.856502323211415,0.1247658035866543,0.0033333333333333,12.385736053798215,0.1555587673176937,0.4082571615074958,0.0066666666666666,20.974228986224865,0.1477061040171323,0.0948264737710397,0.0,20.92025308636585,0.4186585884429236,-0.0712529131478123,0.0,19.685540082085613,0.5533613563505467,-0.1190099069224065,0.01,16.02692865192596,0.4756731793850957,0.0977073891560536,0.0166666666666666,15.731358860066356,0.4756731793850957,0.1074813551630164,0.03,9.332392907353064,4.008645374594712,-2.1123640208777816,0.24,11.192165842423533,0.5285279087505175,0.202998600917764,0.0566666666666666,7.798270948426065,1.3754262620705222,0.0142796252433819,0.1966666666666666,20.78991699205304,0.4280893476052201,-0.0635182815784522,0.0,20.452754705697416,0.4420974588053747,-0.044975312163127,0.01,1.925600626011779,163,"[1.0, 0.8038542064903601, 0.35103141194847065]","[0.0, 1.412536782667479, 3.313140032798147]",0.5160869724593624,0.6154237962631404,12.428098323497114,0.4679966457144957,1.931157137764774,88.97873031434474,0.2384388407024887,0.7251975233002576,1.640759996532869,0.5246510280172991,0.0168354126752498,0.060802739533316,4.0,"{""overproduction"": 1.458266213388973, ""waiting"": 0.5751276308788582, ""defects"": 3.112987924346986, ""inventory"": 0.2946019978725862, ""transport"": 0.814602814063666, ""motion"": 0.1948012586082237, ""over_processing"": 0.44987500771966504}"
97.68226538502805,0.5435797046372951,1.5996738608785872,0.0476190476190476,0.0526315789473684,0.0588235294117647,0.5946320628783072,1.6759799863002822,0.0476190476190476,0.0526315789473684,0.0588235294117647,0.7219357714728224,2.5158251740362245,0.0476190476190476,0.0526315789473684,0.0588235294117647,0.8738631919985925,2.6651059988278765,0.0476190476190476,0.0526315789473684,0.0588235294117647,0.0322005239738696,0.4751622963823569,0.0,0.0,0.0,0.0107764189595073,0.5584983055257139,0.0,0.0,0.0,0.5691738228763933,1.9862190918429292,0.0476190476190476,0.0526315789473684,0.0588235294117647,0.6661986945703339,2.0909443995423658,0.0476190476190476,0.0526315789473684,0.0588235294117647,-0.065849882811369,0.157740190167325,0.0,0.0,0.0,0.7142857142857143,0.7142857142857143,0.6785714285714286,0.5,1.0,1.7053025658242404e-13,26.964548066369773,0.9301844857752996,-1.1222429970823076,0.0,26.52532716524876,1.3094711935200272,-1.1310132949779097,0.0,2.9696904377297177,0.0748577495403016,0.8748671050888057,0.0,2.9696904377297177,0.0748577495403016,0.8748671050888057,0.0,2.612122404269906,0.1359146975028657,0.8890015010353911,0.0,2.7659784494359565,0.1171225477968336,0.8829889529168871,0.0,25.781510769075503,2.061988579233585,-1.219721456573896,0.0033333333333333,26.0657374716794,1.8031534518944068,-1.220049962119624,0.0033333333333333,25.266005210552024,1.7414868192980135,-1.1036635221362,0.0,26.381976545692897,1.3966052578759236,-1.1501385650308624,0.0,26.271252734909524,1.4575360063866465,-1.2392697299482354,0.0,25.870348995452137,1.987679706421236,-1.5457309483212414,0.0,24.780361774460868,2.057628721699289,-1.43492886309657,0.0333333333333333,25.62655688916873,2.061988579233585,-1.1481736220190095,0.0,12.244821681138076,1.0356021817557406,-0.0237073530123522,0.1966666666666666,25.712842092425262,2.061988579233585,-1.2318168518070154,0.0,3.4260263768533434,164,"[1.0, 0.6087150025898715, 0.28787461205641374]","[0.0, 4.918338539383279, 12.871598642233558]",1.0270874456129129,0.216988472761449,23.174389283127304,0.4825899364600521,12.91502462529319,20.706589541707864,0.2017311724782096,0.7626007804689622,4.494933616692761,0.3275367882135734,0.0113055427417055,0.1865482408679563,4.0,"{""overproduction"": 1.3608974372759717, ""waiting"": 0.6954754147671155, ""defects"": 3.837683690297089, ""inventory"": 0.6647768569317098, ""transport"": 1.1547600915177652, ""motion"": 0.24020202614055153, ""over_processing"": 0.3790602322103881}"
90.30500222152828,0.669124839036586,2.3277837335558123,0.0909090909090909,0.0526315789473684,0.0625,0.7653613737958035,2.4649282501399443,0.0909090909090909,0.0526315789473684,0.0625,1.0368656990599805,3.4561531604061195,0.2272727272727272,0.2105263157894736,0.1875,1.089639723021241,3.5951307610821743,0.2272727272727272,0.2105263157894736,0.1875,0.1656339774305679,0.7174705086366826,0.0,0.0,0.0,0.2188350818703248,0.7990508860745338,0.0454545454545454,0.0526315789473684,0.0,0.7667988943412183,2.63898623186316,0.0909090909090909,0.1052631578947368,0.0625,0.931543516066298,2.830379203824015,0.0909090909090909,0.1052631578947368,0.0625,0.1118449611442099,0.3382384690935545,0.0,0.0,0.0,0.8571428571428571,0.7857142857142857,0.75,0.6071428571428571,1.0,9.947598300641405e-14,12.838824200078076,0.551358789826314,-0.6267761145227143,0.0,10.976141600694437,1.1996218822446882,-0.5328046457692673,0.0,0.0873503187605513,0.7053955325893577,0.99380115504362,0.01,-0.2707401052485566,0.6753438782563501,1.0190621971593177,0.0133333333333333,-1.9958407282653856,1.0249746762700904,1.153883721849574,0.02,-1.4814755161476405,0.692912953612569,1.1028217178268045,0.0133333333333333,8.623958348303459,3.0724587679612188,-0.6353640085623143,0.0133333333333333,10.628449748781854,1.92012231561862,-0.5789427489533367,0.0033333333333333,9.68500911455821,1.858311068127983,-0.8673996422043115,0.0933333333333333,9.988848629059024,2.2478503043013203,-0.7448132968538637,0.04,9.56130750571601,2.163423017621533,-0.7391114628981663,0.05,9.264086195404662,2.6819524493731204,-1.3572713613944185,0.0833333333333333,9.383609405076246,1.2122549910639635,-0.8024486503102763,0.2333333333333333,9.485258654899347,2.521653480025196,-0.7286513265099581,0.0566666666666666,5.607835631866971,0.8178974726369929,0.0366706858734856,0.3133333333333333,9.29694291249953,2.278702128484342,-0.7992915395073621,0.0866666666666666,2.1209819853899528,165,"[1.0, 0.7345987127429778, 0.4565330966084996]","[0.0, 3.569716085168632, 11.125954361534687]",0.7779988079299548,0.188951850794666,9.870747805729902,0.5779304201965326,1.8761609474478425,94.6052460810644,0.03873921507436,0.2614476971732205,10.770391635046488,0.4238510270719035,0.0136154022453894,0.2734131074147009,4.0,"{""overproduction"": 1.462331937299237, ""waiting"": 0.7226716377230353, ""defects"": 4.213319746041932, ""inventory"": 0.3692090206125634, ""transport"": 0.8255388560073653, ""motion"": 0.2716070286403979, ""over_processing"": 0.7379099061766969}"
95.32826271248732,0.7185990561735187,2.3597637318729885,0.0526315789473684,0.0555555555555555,0.0625,0.6753139375138622,2.158777741845227,0.0526315789473684,0.0555555555555555,0.0625,1.099268193437677,3.5733349046995198,0.1052631578947368,0.1111111111111111,0.125,1.003928895641286,3.3495041951660927,0.1578947368421052,0.1666666666666666,0.125,0.1643284640477756,0.795600847585074,0.0526315789473684,0.0555555555555555,0.0625,0.0478520164485737,0.8429944383299643,0.0526315789473684,0.0555555555555555,0.0625,0.7857004882577885,2.7153417912245383,0.0526315789473684,0.0555555555555555,0.0625,0.8677452185655508,2.7671341575469013,0.0526315789473684,0.0555555555555555,0.0625,0.1262270114022982,0.3157638070015112,0.0,0.0,0.0,0.7142857142857143,0.6785714285714286,0.6071428571428571,0.5,1.0,1.9895196601282805e-13,31.88511494261159,0.7879563168647532,-0.6464758522881796,0.0,29.2715285461604,1.3913077611360654,-0.5356302036038362,0.0,27.008029614000375,0.5625191281366773,-0.1474156578353665,0.0,26.89191258924592,0.512634245524089,-0.1298351815429088,0.0,25.10420760753317,0.6861517712616478,-0.0856853433414268,0.0,26.91713103781016,0.512634245524089,-0.13131541729517,0.0,23.666213821832944,5.734938475135499,-0.9799257583877008,0.0,29.176826224015254,1.4865459990465513,-0.7347083151687607,0.0,28.741506633882334,1.8940118036772096,-0.7246870329911339,0.0033333333333333,26.78288980914704,3.694935316846795,-0.7064410288614222,0.0,26.15403774474102,3.7392431014975855,-0.6637087734067781,0.0,23.666213821832944,5.734938475135499,-1.3958884093663944,0.01,24.178477609835426,1.3494321088867909,-0.447500453614341,0.0133333333333333,27.782435724825287,1.555686460096311,-0.5656359722128934,0.0,24.70264873347842,0.7464416839467461,-0.3696966334896837,0.11,24.078831221482027,4.3740822443040255,-0.9939344487571596,0.01,3.44670054586348,166,"[1.0, 0.8261615549569727, 0.36206002066399656]","[0.0, 3.2617086158078035, 6.534625154991497]",0.6610822967617087,0.95941057259161,22.087485201001243,0.8123725800981509,7.169544165903851,346.8260563803316,0.0684819801618341,0.8427584228923127,6.288764278871335,0.5856858297194395,0.0100016116080532,0.265622133056832,4.0,"{""overproduction"": 0.9624527626693968, ""waiting"": 0.5313015423779279, ""defects"": 2.1242775789143216, ""inventory"": 0.4275390198264748, ""transport"": 0.7754945057053626, ""motion"": 0.19520893830427807, ""over_processing"": 0.662971326192174}"
80.91579253146841,1.4608860512181705,3.70475742346797,0.1111111111111111,0.125,0.1428571428571428,1.5228998651805004,3.802152801554335,0.1111111111111111,0.125,0.1428571428571428,1.746123902226678,4.850140653445991,0.1666666666666666,0.1875,0.2142857142857142,1.895195456104664,5.102581400935817,0.1666666666666666,0.1875,0.2142857142857142,0.3542758778391822,1.5534673851802543,0.0,0.0,0.0,0.440131637803954,1.5566216241589637,0.0,0.0,0.0,1.2354186911038822,4.004596684489543,0.1111111111111111,0.0625,0.0714285714285714,1.3277460694651266,4.08466115756078,0.1666666666666666,0.125,0.1428571428571428,0.0564364281269026,0.202006353795827,0.0,0.0,0.0,0.8214285714285714,0.7142857142857143,0.6071428571428571,0.5,0.9642857142857144,1.2789769243681806e-13,28.98166198435618,0.4657265744832218,0.0247108688493931,0.0,28.09209689761511,0.42612043610145,0.1018792523142081,0.0,28.172103135080725,0.4187465163450412,0.1140144025632021,0.0,28.013150819737263,0.4187465163450412,0.1164735773505794,0.0,23.62051045869872,0.405897997740744,0.1734956519401837,0.02,28.06789379627244,0.4187465163450412,0.1140524666777819,0.0,28.172103135080725,0.4187465163450412,0.1140144025632021,0.0,27.81171076122152,0.4304395844771642,0.1046882271941147,0.0,27.833455194358024,0.4590051554045275,0.0928106527920003,0.0,27.003740619227035,0.865844247380698,0.0422769730458953,0.0,26.691158963727062,0.9084687050899776,0.0356409760091964,0.0,15.087836496507874,3.509877028099311,-0.4380118317306177,0.05,20.65842919673062,0.8949598535832691,0.0309990419144013,0.0633333333333333,26.02270237408564,0.8163421582502584,-0.0126475378149972,0.0133333333333333,25.904300958057945,0.4384480881198224,0.0997206516378618,0.01,27.938945796800063,0.4560708011806637,0.1012045866277691,0.0,1.8361524665839155,167,"[1.0, 0.7565428145974697, 0.3418049166367959]","[0.0, 0.816010418173427, 1.7489113921545445]",0.5391136206868918,0.2356492901424366,17.32337986913142,0.8240977715340654,11.172714086408476,515.1333598109309,0.215891181396724,0.8384904601644153,14.273856777578292,0.5003998580919271,0.0155034473615175,0.0831206815052126,4.0,"{""overproduction"": 1.1214675205373938, ""waiting"": 0.8342639697817635, ""defects"": 3.2659415135520473, ""inventory"": 0.4094680732641647, ""transport"": 0.7680037967032577, ""motion"": 0.2352048963599902, ""over_processing"": 0.25730811732942194}"
73.71628478093794,1.07938436160859,3.408456877745283,0.2631578947368421,0.2352941176470588,0.2,1.0707514755346632,3.4580460405824,0.2631578947368421,0.2352941176470588,0.2,1.57918769772164,5.64484026665681,0.3157894736842105,0.2352941176470588,0.2,1.5451237850255288,5.653254849348125,0.3157894736842105,0.2352941176470588,0.2,0.4594909199338985,1.5043450552597677,0.0,0.0,0.0,0.3916937043425438,1.668290983467181,0.0,0.0,0.0,1.4137871380044142,5.194102006858059,0.1578947368421052,0.1764705882352941,0.2,1.4772475673753291,5.234871089507518,0.1578947368421052,0.1764705882352941,0.2,-0.1012413258222951,0.4093132318347418,0.0,0.0,0.0,0.7857142857142857,0.8571428571428571,0.7142857142857143,0.6071428571428571,0.9642857142857144,2.273736754432321e-13,13.536058864196576,1.719741537079993,-0.5876408042945507,0.0,10.635413441846456,2.9370881873574883,-0.3159396001969933,0.0,3.3446089451573107,1.55631850547471,0.6735963675485289,0.0,4.788906337618534,1.734428064004278,0.4979757382951889,0.0,0.867483007200361,1.9180322824536489,0.8788617077612395,0.04,2.438211346263838,1.7544511982780553,0.6748336195679954,0.0533333333333333,0.0,2.434273097752404,,1.0,10.20935152328604,2.964145840494881,-0.3737216430979514,0.0033333333333333,7.836979259890106,3.4059030486400146,-0.1311840647131568,0.04,4.690158108546815,4.34088626383892,-0.2153816777128885,0.38,4.07293783146244,4.221416022070766,0.0381223682543686,0.39,5.815347082384819,4.867689263174463,,0.5866666666666667,6.2050348295664834,3.7306880414867543,-0.4435521354196439,0.1333333333333333,5.937363030016059,4.360599153777728,0.0063934455649642,0.0266666666666666,9.801414871829712,2.730656780034469,-0.3014368406538236,0.0133333333333333,7.783034345916492,3.042467946743287,-0.0930252930313403,0.0466666666666666,3.196568482949081,168,"[1.0, 0.8041783738341949, 0.6979454158156626]","[0.0, 1.492119461010601, 4.284641071877477]",1.1378155890642203,0.4173750988312461,7.406567045643228,0.3676219150702646,13.56515126802518,66.66262241057687,0.2663658338649577,0.1871253418748693,4.358513156939371,0.5934633719190392,0.0171423638118972,0.1152449540871263,4.0,"{""overproduction"": 1.2040164206199744, ""waiting"": 0.6920666553882016, ""defects"": 3.29680665266904, ""inventory"": 0.24721223207745657, ""transport"": 0.5607256014346186, ""motion"": 0.36706651142763813, ""over_processing"": 0.3456430477858949}"
61.05505877945657,0.9176245270953878,2.2926894121319483,0.0,0.0,0.0,0.9485707775354772,2.336684030051046,0.0,0.0,0.0,1.2671775515754735,3.516777368796054,0.0,0.0,0.0,1.2861340748456684,3.507769481546395,0.0625,0.0714285714285714,0.0833333333333333,0.1626519896325477,0.6756009967531864,0.0,0.0,0.0,0.1019014353160228,0.6856404337843863,0.0,0.0,0.0,0.7684830268747888,2.458819691887616,0.0,0.0,0.0,0.8148570991072229,2.4988817884672865,0.0,0.0,0.0,0.0905339414962967,0.2086715935473784,0.0,0.0,0.0,0.8928571428571429,0.8571428571428571,0.6785714285714286,0.6071428571428571,1.0,7.105427357601003e-14,17.303871239977948,0.5893128597162971,0.0798098312940422,0.0,17.29757357688717,0.5893128597162971,0.0844312207659574,0.0,17.10378063363518,0.6414653222164899,0.0949604648543241,0.0,17.29757357688717,0.5893128597162971,0.0844312207659574,0.0,15.463849216859757,0.5935045560863792,0.128547423397165,0.01,17.210715350419335,0.5893128597162971,0.0869674520141006,0.0,17.29757357688717,0.5893128597162971,0.0844312207659574,0.0,17.027556199858743,0.6132764210752035,0.0810645633222552,0.0,17.26075012793182,0.5893128597162971,0.0818989468906555,0.0,15.340311513009894,0.6252321595209097,0.1050253154257264,0.08,13.143301187823193,0.611715018401797,0.1831810181272394,0.06,12.588319320204011,0.6770634406547632,0.2396593421490655,0.0033333333333333,9.08879822487058,0.6804620400231823,0.3295167091158471,0.0533333333333333,15.274575128013804,0.6374900872156563,0.0890437222104031,0.0066666666666666,11.664639573961344,0.664432317351766,0.1871850735886047,0.1266666666666666,16.762943170328324,0.6307818710736566,0.0508763303985742,0.0,1.035091035489032,169,"[1.0, 0.5293606719167745, 0.2182468720112658]","[0.0, 0.12906614326629778, 0.41524107561787926]",0.4969691358230975,0.4080595072210292,5.216352496371698,0.8889065993100158,13.59616821024518,426.147508639633,0.0759041242166692,0.3667356867967591,8.757605011982834,0.3127984851181305,0.0100224343947652,0.1091672338857292,4.0,"{""overproduction"": 0.8402414912502539, ""waiting"": 0.7488199705036486, ""defects"": 3.071756298937798, ""inventory"": 0.41387433238273436, ""transport"": 0.711393780531353, ""motion"": 0.25274163545222067, ""over_processing"": 0.3119810660802116}"
84.17089763682462,0.420116811474395,1.546542250497499,0.1363636363636363,0.15,0.0666666666666666,0.4942371290811768,1.62972211184154,0.0909090909090909,0.1,0.0666666666666666,0.7028376148025216,2.090607380617197,0.1363636363636363,0.15,0.1333333333333333,0.8048116844275032,2.24587889215745,0.1363636363636363,0.15,0.1333333333333333,0.0858454422991312,0.4416271384137816,0.0,0.0,0.0,0.1607583335422527,0.6830039604515368,0.0,0.0,0.0,0.4650039807187633,1.4373004488641714,0.0454545454545454,0.0,0.0,0.5390996208453201,1.7162800593015592,0.1363636363636363,0.1,0.0666666666666666,0.0928233770267995,0.2739750837300915,0.0,0.0,0.0,0.9285714285714286,0.75,0.6071428571428571,0.6428571428571429,0.9642857142857144,2.131628207280301e-13,17.72808662123336,0.3895975988779086,-0.6402898831948963,0.0,16.06748202031965,1.5927044351634478,-0.5785612023362022,0.0,12.63524537067062,3.3634076655396923,-0.0920971001642384,0.0,8.506475982626707,2.748906508222828,0.2638213185939422,0.0,7.619086840156637,1.8146974607073587,0.300920569757407,0.0033333333333333,12.099763600478395,2.244042855687867,-0.1022198821355526,0.0,14.556979041428994,2.803940803772669,-0.5170100674739281,0.0,15.146657886463732,1.9241706282690207,-0.4998133042168379,0.0,14.790763129708573,2.200585675028354,-0.447027761131,0.0,14.747946194175828,1.6477509534607933,-0.4272325552902304,0.0033333333333333,14.466230594671558,1.3291395748230408,-0.646199902963479,0.02,14.556979041428994,2.803940803772669,-0.6134457306144736,0.0033333333333333,11.559218673211902,0.9361877160311748,-0.1231946422196684,0.0266666666666666,14.723631140231731,1.1067779167361618,-0.4532724413281907,0.0,13.628395367262764,0.5875433916465983,-0.425554133433716,0.02,14.922019884572386,2.05762620844736,-0.5803354814751438,0.0,3.0160266275526584,170,"[1.0, 0.6210564236396425, 0.26603610837845704]","[0.0, 4.602497404050913, 11.926979857085605]",0.0374277007295228,0.624065110979818,24.8005331893657,0.7354440263475279,6.744743119531845,559.1683779215053,0.3455078738747246,0.5072684301012614,5.457614925524206,0.3778861373673484,0.0162094534891953,0.0905945380342196,4.0,"{""overproduction"": 1.2733811493094025, ""waiting"": 0.2964948575991439, ""defects"": 4.423262345765494, ""inventory"": 0.976220449629273, ""transport"": 2.0019030980902937, ""motion"": 0.30802698737989614, ""over_processing"": 0.3733329007499962}"
79.62755805006972,0.6387970404787151,2.4685744242020107,0.0952380952380952,0.0,0.0,0.6978304640725101,2.4824001448995627,0.0952380952380952,0.0,0.0,1.0590779532303267,4.074650049811315,0.1904761904761904,0.1176470588235294,0.1176470588235294,1.127100774172969,4.09682299587003,0.1904761904761904,0.1176470588235294,0.1176470588235294,0.2470948942545392,1.1608533781785833,0.0,0.0,0.0,0.2766546630229539,1.1541393394349573,0.0,0.0,0.0,1.0313522854543922,3.673998137918796,0.1428571428571428,0.1176470588235294,0.1176470588235294,1.1005892284986014,3.69531192672199,0.1428571428571428,0.1176470588235294,0.1176470588235294,-0.0880302000117854,0.3890388450989742,0.0,0.0,0.0,0.9285714285714286,0.9285714285714286,0.5357142857142857,0.5,0.9642857142857144,2.131628207280301e-13,13.938723715325116,0.7174260534338553,-0.2569456645528198,0.0,11.089349181308696,1.8001530398423238,-0.1274428406763835,0.0,7.62565560271404,1.186127401372162,0.2204527173984907,0.0,3.881726517949631,0.6278847993287764,0.6148376510373506,0.0,-5.127091133408453,2.992560578872644,3.982887684131041,0.49,-4.344101051530475,0.3863399354866916,1.4919432202888423,0.1466666666666666,3.1732812911799813,0.347377393731085,0.725023926910372,0.0,8.750297064339447,1.942020234945596,-0.0837758881575045,0.08,8.373255141453852,2.2654977879286062,-0.0069836155868764,0.0266666666666666,4.764260400838861,5.344365733449009,0.4202434423141968,0.0266666666666666,3.668585428397236,5.353952825588076,0.5222034080651287,0.0266666666666666,5.428205049941097,5.780188935668623,0.4394652587937488,0.0,7.48005426636887,3.91495079406659,-1.9540099586255564,0.34,10.393126143352726,1.809812526355764,-0.1474040004606029,0.06,4.981192465536377,1.1707787173460926,-0.0048837017040027,0.4933333333333333,8.624952932018658,2.5324470440325317,-0.1506822855504278,0.01,2.4717516292937805,171,"[1.0, 0.6468945940963483, 0.3853580289132791]","[0.0, 5.814520844834614, 9.916016042563049]",0.4837357565077228,0.3183179939205376,6.327900939452228,0.3433571492728648,11.74715771777251,212.41012402928143,0.2150296679285916,0.6630536101471425,4.937525023554188,0.5284886155937684,0.0126244711495408,0.1041894998110509,4.0,"{""overproduction"": 0.874286300455999, ""waiting"": 0.5525384975724639, ""defects"": 1.5019223439710798, ""inventory"": 0.6903468400808781, ""transport"": 1.2926623213554669, ""motion"": 0.3089411185697498, ""over_processing"": 0.5492955321192213}"
59.58386995980994,0.5554294822097908,1.6365046260368623,0.0555555555555555,0.0666666666666666,0.0,0.7329656575529685,1.7896475614419105,0.0555555555555555,0.0666666666666666,0.0,0.8644573195440138,2.530369954445905,0.0555555555555555,0.0666666666666666,0.0833333333333333,1.066234485183245,2.669882804326175,0.1111111111111111,0.1333333333333333,0.0833333333333333,0.1966353933366001,0.7810850286368844,0.0,0.0,0.0,0.244541276732143,0.8734839442378295,0.0,0.0,0.0,0.6336649299080573,2.133377129320466,0.0555555555555555,0.0666666666666666,0.0833333333333333,0.7153779845388542,2.1829649235725883,0.0555555555555555,0.0666666666666666,0.0833333333333333,0.052520304576291,0.2407292399510425,0.0,0.0,0.0,0.7142857142857143,0.6071428571428571,0.75,0.5714285714285714,1.0,5.684341886080803e-14,22.50318030157833,0.0339511860247127,-0.1515228993464737,0.0,20.80262180895593,0.0772755505857747,0.0111413217603611,0.0,20.325583445746563,0.0266041794322201,0.0911491733140976,0.0,11.86110971640438,0.0124676381220119,0.4640575302714097,0.0,12.112348284748157,0.0979332114659007,0.4233650873074976,0.0,18.75796108582753,0.4835973921023245,0.0682387014698366,0.0,20.349292375822458,0.0124676381220119,0.0990886517658688,0.0,19.59021640092097,0.1670841771636175,-0.0339695248741398,0.0,20.300831417158957,0.2447007789898949,-0.0478538158321617,0.02,20.027968781645782,0.164009363836882,-0.0575838894141298,0.05,19.05133966896347,0.4828537591017403,-0.0481730786762379,0.0633333333333333,15.721511296003095,1.0668593998854816,-0.976027538978704,0.2533333333333333,14.218453600622883,0.997243078583848,-0.1091620267125184,0.0866666666666666,18.1917795899296,0.203754813284633,0.0075033669044843,0.0,15.565278803062508,0.1551423985402277,0.0533885402308639,0.0666666666666666,18.95605035380506,0.5055003651832084,-0.0285375560291078,0.02,2.037415881924642,172,"[1.0, 0.7216646171152044, 0.16731475617125016]","[0.0, 3.6037815853758577, 8.85675400553088]",0.0476871093644281,0.8548259109309496,8.205534177593565,0.8731770537461492,0.3348728232734216,504.1052732293732,0.3947591989854707,0.4634603850114168,8.683190553123827,0.5461464430287314,0.0089966243891247,0.236840541332353,4.0,"{""overproduction"": 0.9685124306069073, ""waiting"": 0.4785759994750177, ""defects"": 1.6190761033441627, ""inventory"": 0.3795541372387732, ""transport"": 0.5023884530885507, ""motion"": 0.2970900414365133, ""over_processing"": 0.4137469862538622}"
103.57778566837452,1.9217683990050625,5.194245369961751,0.1363636363636363,0.125,0.1538461538461538,1.8184075357423224,5.090414055180917,0.0909090909090909,0.0625,0.0769230769230769,2.330781093481892,6.678667638691682,0.1363636363636363,0.1875,0.2307692307692307,2.1558808624101418,6.363611188910685,0.1363636363636363,0.1875,0.2307692307692307,0.5069118883226256,2.0197937905990617,0.0,0.0,0.0,0.4573876091073163,2.063317934908722,0.0,0.0,0.0,1.6317740778401106,4.939430741592791,0.0454545454545454,0.0625,0.0769230769230769,1.807559798781708,5.160552224695124,0.0454545454545454,0.0625,0.0769230769230769,-0.0092943398397406,0.3615280461143045,0.0,0.0,0.0,0.6785714285714286,0.6071428571428571,0.6071428571428571,0.6071428571428571,1.0,1.7053025658242404e-13,29.72788662746997,0.3505163056766505,-0.1257989745298765,0.0,28.82946526099495,0.3600452166110565,-0.0950679878082782,0.0,25.538503333437237,0.3240659906835896,0.2024020108657827,0.0,25.538503333437237,0.3240659906835896,0.2024020108657827,0.0,24.636789554177938,0.3667612478733944,0.1657039186419761,0.0166666666666666,26.18316897491703,0.3240659906835896,0.1642905849648762,0.0,25.538503333437237,0.3240659906835896,0.2024020108657827,0.0,28.357119982793986,0.6605934760282192,-0.1002860573649924,0.0,28.012477961638226,0.574274918662566,-0.0587759937563032,0.0,26.89174468468717,0.6586889866695539,0.0605859221969085,0.0033333333333333,26.78577482746209,0.6478622362215198,0.0655625521590883,0.0033333333333333,22.343487847704026,2.3805398484706397,-0.6165424644667833,0.0633333333333333,23.85157082739192,0.7073107154796803,-0.0626643241304912,0.1033333333333333,28.08555620773373,0.4767522378480559,-0.1024100324431174,0.0033333333333333,10.369648312337665,0.6605934760282192,-0.0191413383220492,0.5066666666666667,27.60034790003336,0.7826902513463764,-0.1228139598876552,0.01,1.9311340872449907,173,"[1.0, 0.542959797007778, 0.3487332071232158]","[0.0, 3.850859727771714, 8.124897246808862]",0.7318423083967329,0.8533614254924294,24.97160603194469,0.3489764585893872,13.167014347006011,636.5106123451604,0.1035434795572794,0.0749162448169402,3.049136109218621,0.4490118337544034,0.0147742367825973,0.1826877156034164,4.0,"{""overproduction"": 1.794047874425625, ""waiting"": 1.024852595710275, ""defects"": 3.4174436220616116, ""inventory"": 0.2731635771682661, ""transport"": 0.7912068222207338, ""motion"": 0.3389767672579704, ""over_processing"": 0.3356809960538349}"
58.4005280461589,0.6380849461844184,1.8248177983786744,0.0588235294117647,0.0625,0.0769230769230769,0.7204401470479069,1.9203204990842675,0.0588235294117647,0.0625,0.0769230769230769,0.9480606371235628,2.709399994466355,0.1764705882352941,0.1875,0.2307692307692307,0.9917962965467088,2.7882375944100435,0.1764705882352941,0.1875,0.2307692307692307,0.2491232214021812,1.0323391304289051,0.0,0.0,0.0,0.229630357826973,1.0289296622358937,0.0,0.0,0.0,0.6688252958107178,2.333448443900528,0.1764705882352941,0.125,0.1538461538461538,0.7211097586316503,2.398280976876695,0.1764705882352941,0.125,0.1538461538461538,-0.0056958996761652,0.1411225596618431,0.0,0.0,0.0,0.6785714285714286,0.6785714285714286,0.5,0.4285714285714285,0.9642857142857144,1.1368683772161605e-13,21.91728634324183,0.460023607182527,-0.5829204109621069,0.0,20.04476779217838,0.6137232020992415,-0.451412672105478,0.0,16.465527300776653,0.918870222632321,-0.0881782074651036,0.0,15.493129399901177,0.7703548828373069,0.0466249928607422,0.0,10.02302578784764,2.227653495816098,0.115429985683513,0.0033333333333333,11.652895446810328,1.6319187730508966,0.1837139165568239,0.0,18.97842727394775,1.1526836303443744,-0.4537927340700632,0.0,19.3588451032818,1.0376001800353511,-0.4514770858870395,0.0,17.27739853746486,1.6181329429758302,-0.3683727095295939,0.0033333333333333,18.018828877815796,0.901866005409358,-0.3762581610512989,0.0,14.16174654651432,0.9064681147552373,-0.1890584893757573,0.03,7.801708316111143,6.13926617894274,-0.0744381506212653,0.1066666666666666,10.591384243542755,4.510419310436356,0.1092808604131872,0.0266666666666666,10.677327046826422,2.1883209175419154,-0.078156671809482,0.0266666666666666,13.86904188391625,1.0633332957428805,-0.3656078250429213,0.1966666666666666,16.00337740513129,2.067582764240796,-0.396781595103798,0.0166666666666666,2.014868372162248,174,"[1.0, 0.5273832605983356, 0.33742176335015595]","[0.0, 2.525781082547759, 5.462753837441298]",0.387236209280548,0.752567750237357,22.80111679650421,0.5482504872741939,10.93791369030393,216.5083768712357,0.0849465752559489,0.1157057078105346,10.052449498907938,0.6577318249795537,0.0103628513108311,0.1618143898074621,4.0,"{""overproduction"": 0.7478999953651121, ""waiting"": 0.3343631289826311, ""defects"": 3.900384026954282, ""inventory"": 0.381233617884436, ""transport"": 0.6163277309611848, ""motion"": 0.14296190758127378, ""over_processing"": 0.449971813148721}"
70.81259414653768,0.4137646970363474,2.225902100318089,0.15,0.1666666666666666,0.125,0.4684354353077533,2.2397128684680068,0.15,0.1666666666666666,0.125,0.6242287796556979,3.266470153298394,0.15,0.1666666666666666,0.125,0.6309283474305405,3.2863224839866865,0.15,0.1666666666666666,0.125,0.2451653699390086,0.7875459151314572,0.0,0.0,0.0,0.2721702769354232,0.803802573018543,0.0,0.0,0.0,0.656523123499638,2.773988084092059,0.15,0.1666666666666666,0.125,0.6505353584722681,2.8009546330011226,0.15,0.1666666666666666,0.125,0.0037454299581921,0.3224862338663705,0.0,0.0,0.0,0.8214285714285714,0.8571428571428571,0.6428571428571429,0.5357142857142857,0.9642857142857144,1.1368683772161605e-13,28.254173439048493,0.8531616981406637,-0.6809759705070267,0.0,27.276506424442225,1.4337770385212176,-0.6438990127910167,0.0066666666666666,12.724774775071312,0.8698461445121838,-1.7393912666807718,0.0,11.444310971739624,0.832089430330945,-1.3089149024184596,0.0033333333333333,6.486859743962756,1.0982807366876828,-0.7910096403700777,0.0666666666666666,9.072469373400486,1.3406808299217174,-1.4063680746687164,0.04,26.891298808202077,1.818168016887878,-0.6454378394521689,0.0366666666666666,26.864158828140557,1.6819193306403373,-0.6591101146882683,0.0366666666666666,26.34159840137044,1.406915507660867,-0.596289923591059,0.01,26.891298808202077,1.818168016887878,-0.7819532910847513,0.0233333333333333,26.891298808202077,1.818168016887878,-0.7633433416854476,0.0266666666666666,26.84899345357785,1.818168016887878,-0.7367587335592285,0.0,26.252648609245853,1.6632908729338758,-0.6577157708147265,0.03,26.489255536211008,1.6592578668228009,-0.6547767059638183,0.0333333333333333,11.950015557839942,0.4696020725853291,-0.5508428673575424,0.45,25.66198751116991,1.498235956925814,-0.597402362533015,0.0166666666666666,5.835673476441136,175,"[1.0, 0.8354050738397312, 0.619473245806318]","[0.0, 5.386640808485746, 10.022651146586337]",0.5455688632802685,0.9236522572248812,5.138622498668205,0.6401951793083912,13.701303410214637,70.80527518397409,0.0846321632286105,0.4478158750548572,13.615316269076834,0.4530942585393369,0.0122246967867853,0.0752815741846564,4.0,"{""overproduction"": 2.4785298843489416, ""waiting"": 0.41666054385561624, ""defects"": 1.3515221976832097, ""inventory"": 0.3022812811989741, ""transport"": 0.7454735107073024, ""motion"": 0.24548853212782049, ""over_processing"": 0.5459178948362122}"
78.61401095621734,0.9558223802523866,2.010890017585186,0.1111111111111111,0.125,0.1333333333333333,1.0770285226564005,2.281839382659135,0.1111111111111111,0.125,0.1333333333333333,1.1954984887927071,2.744040905261375,0.1111111111111111,0.125,0.1333333333333333,1.3533178622980846,3.0753924968051893,0.1111111111111111,0.125,0.1333333333333333,0.0898413788563128,0.3987747020160715,0.0,0.0,0.0,0.1249898811595827,0.5637411425247062,0.0,0.0,0.0,0.6407758858516599,1.8218386144033492,0.0555555555555555,0.0625,0.0666666666666666,0.6993989896895579,1.9871867703122783,0.1666666666666666,0.1875,0.1333333333333333,0.0398803838509979,0.2637828584411988,0.0,0.0,0.0,0.9285714285714286,0.8214285714285714,0.6071428571428571,0.6428571428571429,1.0,1.8474111129762605e-13,19.3039555024856,0.5304075675033865,-0.2143493743384699,0.0,17.180239315452862,0.9154024128976272,-0.0967377366854853,0.0,14.199244918578064,1.740810170067444,0.1830865445856352,0.0,14.083632174548557,1.5627107403704907,0.1837425341565718,0.0,13.370099289632703,2.258726467754195,-0.0008691213245322,0.11,7.7417794312921,2.775223854072915,0.4973614494890513,0.0066666666666666,15.722955234157723,0.3716351094888747,0.0244897160127655,0.0,16.776851947564715,0.7797719568548892,-0.0819631819752368,0.0,14.973862536524075,2.498333592894455,-0.0935141862827645,0.02,15.681894629214996,1.6122381572561575,-0.0994956109417736,0.0,12.524168753881366,2.149885272284574,0.1943548585611678,0.0,12.789821057214343,3.69561053766283,-0.1075193083867322,0.0433333333333333,5.9238896101924,6.713530971784549,-1.0828238257165137,0.4033333333333333,12.1303213556664,1.418575415641226,-0.0458406882416757,0.0033333333333333,15.05573573971275,0.5855871424025666,-0.0508826368937547,0.0833333333333333,15.41594837924697,1.4983088375850104,-0.1086145340182908,0.0066666666666666,2.224111486946305,176,"[1.0, 0.8184385921849437, 0.29074809359370574]","[0.0, 1.6991590426980394, 3.0611627929261784]",0.4439714166259607,0.2979356930486796,3.484817627422501,0.7957603168634162,12.665359761639364,442.9759774622007,0.3259449586773681,0.8555321295774915,0.5850973812725013,0.5211097011724086,0.0171234167257327,0.2636845205766861,4.0,"{""overproduction"": 1.0048763924439696, ""waiting"": 0.5277043910206614, ""defects"": 3.63032840451766, ""inventory"": 0.6752474715209988, ""transport"": 0.5803396322668403, ""motion"": 0.30250700387317847, ""over_processing"": 0.24723500277452554}"
81.44070934783655,0.5549586622746056,1.5425398784554285,0.1818181818181818,0.0526315789473684,0.0,0.6134729877637175,1.6428171280529515,0.2272727272727272,0.1052631578947368,0.0625,1.0489029977948887,2.449479971515984,0.2272727272727272,0.1578947368421052,0.125,0.980667495499557,2.4884691487030883,0.1363636363636363,0.1578947368421052,0.125,0.0670319519436654,0.3397466801829432,0.0454545454545454,0.0,0.0,-0.0138029657919324,0.7309287580471541,0.0,0.0,0.0,0.5542030293786409,1.6947093966406823,0.0909090909090909,0.1052631578947368,0.0625,0.7428811015207242,1.930822216998433,0.1818181818181818,0.2105263157894736,0.125,-0.1093943342496445,0.3765976731534987,0.0,0.0,0.0,0.9285714285714286,0.75,0.5357142857142857,0.5714285714285714,0.9642857142857144,1.4210854715202006e-13,12.696156376018193,0.8610568003859331,-0.167710855898394,0.0,11.658023120029512,2.0277492863892506,-0.0310060758410299,0.0,0.260479967228222,0.7181161405293482,0.9783911793208244,0.0,-1.306649559206626,0.6187020981938299,1.107469590916459,0.0,-6.245257704403974,1.1057599525350468,1.6195659814704373,0.03,-2.324021312595671,0.7249391087632853,1.1952511001313828,0.0033333333333333,9.818903067703031,3.5211047262568127,-0.115764216208962,0.0,10.427092182613002,2.3340100939925508,0.0773783139002277,0.0066666666666666,9.39194823406405,3.180028536997253,0.0386917224164703,0.0066666666666666,9.944136480319944,1.9921117893043288,-0.0576189832315022,0.01,8.22485574668826,2.4987633343629136,0.0895069505996919,0.0233333333333333,10.780919530759672,2.747619893860079,-0.0542116928546,0.0,6.338748654115135,2.226095047800854,0.2698058944495892,0.03,7.701530903332866,2.0464915427797625,0.0081487669647779,0.0033333333333333,7.851381265885946,1.609657023447114,0.0821792270905844,0.09,9.559413109000491,2.9564110709644496,0.0399027684632614,0.0,2.614059911855322,177,"[1.0, 0.809067197394197, 0.3454501393348429]","[0.0, 3.3520678633121865, 6.8296786747026985]",0.8247279819340163,0.2888468466161688,1.8425184953897416,0.8223303190510287,0.9059383641157136,616.7159323736818,0.1236772237108268,0.295063461869076,5.338473340018684,0.3249480018535235,0.0161526252126402,0.2139031059302532,4.0,"{""overproduction"": 1.600665603119591, ""waiting"": 0.5965825821823891, ""defects"": 2.4636286628279285, ""inventory"": 0.5633622888709854, ""transport"": 1.3646027579481008, ""motion"": 0.3935268230433375, ""over_processing"": 0.44107052720611145}"
98.3435330543377,1.293089281562246,2.566576338320876,0.0476190476190476,0.05,0.05,1.476385560671403,2.962160695126371,0.0476190476190476,0.05,0.05,1.3999006905033984,3.0892508780835177,0.0476190476190476,0.05,0.05,1.693104763100535,3.6795862103486328,0.0476190476190476,0.05,0.05,0.0943686051031133,0.4202100138806829,0.0,0.0,0.0,0.2835943291416187,0.5983244178326799,0.0,0.0,0.0,0.4968257060441622,1.7438292010558318,0.0476190476190476,0.05,0.05,0.6901832971483287,2.4463824487494144,0.0476190476190476,0.05,0.05,-0.0915177528820323,0.2750605350335507,0.0,0.0,0.0,0.9285714285714286,0.9642857142857144,0.6785714285714286,0.6071428571428571,1.0,2.273736754432321e-13,23.11577722819525,1.014523517152931,-0.8586617288298679,0.0,21.573881668261752,2.2089013990008,-0.8059131112960117,0.0,19.622150053585308,3.288661007349984,-1.5320767416966383,0.0,13.707989033115306,2.1934022772151773,-0.8139165670144919,0.0066666666666666,14.782367071089912,1.8755440252096112,-1.106428374792562,0.1333333333333333,15.692058008326692,2.7845106440067213,-2.123204340979822,0.02,20.857485634052427,3.062582772661553,-0.778291318939705,0.0,20.9505322968136,2.5555794963513496,-0.7784775417877507,0.0,20.778082924559737,2.0517916073586684,-0.8443008122728777,0.0,20.92649369794422,3.2133489522321925,-0.7987578350663347,0.0,20.020027020136997,3.258171766647889,-0.7439179174270852,0.0,20.857485634052427,3.062582772661553,-0.8420839602163595,0.0,17.84746862075869,2.774838256667513,-0.785722146424103,0.0633333333333333,19.603484539553428,2.881258820387436,-0.7756148079071048,0.0233333333333333,10.67701315795749,0.8829870545767929,-0.3770144988625235,0.1766666666666666,20.12516480019806,2.414717945289296,-0.7674610007402719,0.0,4.300924405672959,178,"[1.0, 0.485075000242836, 0.15449018126682057]","[0.0, 6.444933466624843, 11.668769398608601]",0.6306671746588562,0.5746018910120674,11.857365827341468,0.4289189491064423,9.53145247868792,247.00496806254364,0.0708430839335935,0.3774638815091413,9.021985200842336,0.3127037148459403,0.0194661064471615,0.1564030867972958,4.0,"{""overproduction"": 1.7349176053995468, ""waiting"": 0.28391351560369543, ""defects"": 5.673570071924126, ""inventory"": 0.6118988867453039, ""transport"": 0.7695009818166552, ""motion"": 0.3849028837098966, ""over_processing"": 0.6446987104590032}"
106.96092263900604,0.8612961547163464,3.1902332835091523,0.0454545454545454,0.0526315789473684,0.0588235294117647,0.968196463602191,3.447088118502507,0.1363636363636363,0.1052631578947368,0.1176470588235294,1.2474794554946107,4.752467100353776,0.1363636363636363,0.1052631578947368,0.1176470588235294,1.2738550059794935,4.887474193896344,0.1818181818181818,0.1578947368421052,0.1764705882352941,0.2059295168245598,1.3684021538658484,0.0,0.0,0.0,0.0559058148058491,1.7085833845268728,0.0,0.0,0.0,0.99064179138116,3.837792388155179,0.0454545454545454,0.0526315789473684,0.0588235294117647,1.023767999744738,3.8718609262866095,0.1363636363636363,0.1052631578947368,0.1176470588235294,0.0273510319940777,0.2977020196829177,0.0,0.0,0.0,0.8928571428571429,0.7142857142857143,0.5,0.3928571428571428,1.0,1.4210854715202006e-13,27.26783513687296,0.5416270375231809,-0.7774055053285397,0.0,24.12419481769191,1.2768919439916897,-0.8701176630391245,0.0,11.94928731447936,0.1056696610342366,0.4189982525421857,0.0,11.107252806039265,0.1056696610342366,0.4588278194020811,0.0,11.57673046360246,0.312035184768567,0.4204136302111421,0.0066666666666666,11.749505516216171,0.1082652476672141,0.4292771010940676,0.0,22.1469087532113,3.478184637288808,-0.9991761051043476,0.0,23.907676067469502,1.680332925808366,-0.9629185471111866,0.0,23.784668621165785,1.412306443172776,-1.4117068696615933,0.0533333333333333,22.177338933570816,2.733061821451856,-0.8543207513471943,0.0,21.24807206358332,2.707895673151881,-0.826179651532477,0.0,22.3004301162174,3.332488247737539,-1.8565829747528688,0.0533333333333333,21.1939709505148,3.4319453054742977,-6.467961149479333,0.27,23.29114928450195,1.7315882023796876,-1.6573234111455142,0.0233333333333333,14.636913809659,0.6578795778888474,-0.4015425699231096,0.23,23.387326760059118,1.691298605625516,-1.1296899182290294,0.0566666666666666,3.2922633553961043,179,"[1.0, 0.7020530100242157, 0.36152049362010036]","[0.0, 5.912524595669652, 12.898203948525016]",0.958154488042316,0.53159971655788,11.313559668357684,0.772092368555269,8.182875677774478,607.3687393535142,0.291807503521988,0.8729891890092191,10.157812641272718,0.5704845765902321,0.0114650444236717,0.2522657737695003,4.0,"{""overproduction"": 1.2698732591291513, ""waiting"": 0.8850163922621761, ""defects"": 2.5333799103243915, ""inventory"": 0.4939565515968336, ""transport"": 0.6328694115200146, ""motion"": 0.4515096357263354, ""over_processing"": 0.32620539595185954}"
48.42633587502576,0.645932901160517,1.628642644828361,0.1764705882352941,0.0769230769230769,0.0909090909090909,0.8180801933834635,1.766541309761366,0.1764705882352941,0.0769230769230769,0.0909090909090909,0.8850387628996794,2.3077131840160168,0.2352941176470588,0.1538461538461538,0.1818181818181818,1.0607540574098882,2.4301096158935587,0.2352941176470588,0.1538461538461538,0.1818181818181818,0.1571444810372859,0.695032242999323,0.0,0.0,0.0,0.2062381154249533,0.7352887927813586,0.0,0.0,0.0,0.509689411226962,1.784094352205812,0.0,0.0,0.0,0.6322073596777266,1.869403419117828,0.1764705882352941,0.1538461538461538,0.0909090909090909,-0.0438369963210503,0.4759997421444626,0.0,0.0,0.0,0.75,0.6785714285714286,0.6428571428571429,0.5714285714285714,0.9285714285714286,1.4210854715202006e-13,4.626076754439379,0.7880629837526146,0.3827389073292056,0.3266666666666666,1.419979854577135,1.334899273197162,0.6836922886542637,0.5533333333333333,-5.4868152109731145,2.532045183852188,1.97358250655693,0.0,-7.363281745611228,3.0409016136340283,2.5960560988664776,0.1833333333333333,-13.56599017137909,5.758710337718748,12.310557709620058,0.0533333333333333,-10.71379705923756,4.393255429860116,4.5769329519333946,0.0966666666666666,0.0,1.568747287701179,,1.0,1.9197045823141536,1.0980420353932718,0.6143159526757256,0.5,-1.1474627641512365,2.052798556140936,1.2156118284491269,0.4233333333333333,0.5195379149144531,1.387129408347797,0.8777056291434703,0.48,-0.0006833682095908,1.348942110851871,1.0001573429277864,0.52,-1.2075498781575116,2.653045356663148,1.2360677374086078,0.38,-0.4292497392240326,1.6873396887816088,1.3603619906483562,0.8566666666666667,-0.6066777670983335,2.0039947947806285,1.2355479985415,0.7066666666666667,1.4371474717835988,1.0934764486531956,0.6152876574944823,0.6066666666666667,-1.2421880838476924,2.0087985983452903,1.248750532781654,0.37,1.5756521365486138,180,"[1.0, 0.5651180350410518, 0.34716143292222706]","[0.0, 0.8323767632643386, 1.8166893757605647]",1.0452421187659509,0.1643139609808611,0.2632322158343442,0.7063519814263248,0.5177374730997042,457.827161103948,0.2525903549912072,0.061258742659794,10.57714773053209,0.5914107497998384,0.0132338066774175,0.2992608117319901,4.0,"{""overproduction"": 1.056955349636632, ""waiting"": 0.3443547201773507, ""defects"": 2.7503753131256623, ""inventory"": 0.2992654410539757, ""transport"": 1.043481748449328, ""motion"": 0.2511687788103835, ""over_processing"": 0.35431955456545866}"
103.35439045004864,0.7138480320090965,2.0046583399307965,0.1,0.0588235294117647,0.0666666666666666,0.988325923516358,2.4913248881751864,0.15,0.1176470588235294,0.1333333333333333,1.124003023442955,3.3214009627136374,0.2,0.1764705882352941,0.1333333333333333,1.4857267515957795,3.962142343161813,0.2,0.1764705882352941,0.2,0.2135773369009631,0.6023439434165593,0.0,0.0,0.0,0.3379505962385902,0.8221523372960322,0.0,0.0,0.0,0.9510764467097268,2.8202101125390544,0.05,0.0588235294117647,0.0666666666666666,1.071362550362802,2.9308622663206974,0.2,0.1764705882352941,0.1333333333333333,0.0672922002435455,0.4460295126088923,0.0,0.0,0.0,0.8571428571428571,0.75,0.75,0.6428571428571429,1.0,1.2789769243681806e-13,30.78338328866024,0.4880653160122277,-0.2477731971601467,0.0,29.089135396315957,1.074232311584062,-0.1507719017909426,0.0,28.5301587934568,0.4292909933588383,0.0449321238889845,0.0,27.92618278689355,0.4363601124493927,0.0593536819012772,0.0,24.546067389203973,0.4980486847440774,0.1305481353266676,0.0,27.476555115133337,0.450498350630502,0.0724372373140694,0.0,25.686198077415447,1.1920378179376507,-0.2592218212324491,0.0,28.047532425233676,1.9346506685139628,-0.4414815401996751,0.0,26.911628947833908,1.7020309026372866,-0.2925768393368541,0.0,27.912413708897656,2.0809506602640364,-0.4289874897428233,0.0,27.844671262341024,2.104617051528993,-0.4276645720130455,0.0,25.84723788791908,3.0548029989882743,-0.6909472224782034,0.0,24.418105823259737,2.1151093900203923,-0.3944224332748249,0.0066666666666666,26.825527862425368,2.5337320352305537,-0.4881446067350394,0.0,23.22646604511834,1.4369462149070238,-0.2919538513178693,0.1766666666666666,26.63945979515101,1.8323323744608235,-0.3750546966480609,0.0,2.70648786156411,181,"[1.0, 0.8251275865476326, 0.5172946316343695]","[0.0, 3.2441360803556925, 6.032894645135103]",0.6601661738929392,0.6986993023528133,22.514064944369288,0.8585542354304809,2.080784661662451,380.597750116478,0.1546266085005728,0.4620563736219176,0.659561851052512,0.3524770053678032,0.0176042393592105,0.2446478550177509,4.0,"{""overproduction"": 1.040118709186284, ""waiting"": 0.9364241419293884, ""defects"": 3.0031216754740946, ""inventory"": 0.4236486476550521, ""transport"": 0.7427728976002939, ""motion"": 0.22601475362186532, ""over_processing"": 0.37893606107742356}"
94.27924471129352,1.7909661095892828,3.692546068316902,0.0909090909090909,0.0476190476190476,0.0588235294117647,1.895406223128531,3.949280896048257,0.0909090909090909,0.0476190476190476,0.0588235294117647,2.2667135692041698,5.532607723557203,0.1363636363636363,0.0952380952380952,0.1176470588235294,2.43891351817673,5.819076364975267,0.1363636363636363,0.0952380952380952,0.1176470588235294,0.4732876284915514,1.3217642259546916,0.0,0.0,0.0,0.4871804546475598,1.7685033303758604,0.0,0.0,0.0,1.3576621367932895,4.209254954904025,0.0,0.0,0.0,1.4377994077649956,4.57657141961557,0.1363636363636363,0.0952380952380952,0.1176470588235294,0.2869970019174568,0.9068552235188588,0.0,0.0,0.0,0.9285714285714286,0.75,0.7142857142857143,0.5,0.9285714285714286,2.842170943040401e-13,16.98918766225986,0.0700305402384909,0.0372199042419931,0.0,14.396385494597636,0.1017489128762991,0.1983201839041,0.0,9.78828796804128,0.2769973746076838,0.6056994384309196,0.0,7.693430182096304,0.2769973746076838,0.6819950848599203,0.0,4.289883862430045,0.3036561724874765,0.8090375012209147,0.0,5.687746664730756,0.2675949156501213,0.7548582139812069,0.0066666666666666,12.219504837522525,0.6368377301497693,0.0111647359832271,0.0,13.180511165160542,0.5465545256845111,0.1666327398529474,0.02,11.66604761355596,0.8767164789595139,-0.017725663596492,0.1033333333333333,13.4115429951902,0.3375179904716943,0.2652574815077083,0.0066666666666666,10.3203245341256,0.2022419486111272,0.4024926912013338,0.0233333333333333,9.759452058037336,1.891569235352734,-0.814991940647284,0.2366666666666666,9.449718851921793,0.3596337373518851,0.3675675775090734,0.01,12.341651512433716,0.2524188774468774,0.2578589239494926,0.01,11.59322540341479,0.4757153382967938,0.2873063457195166,0.0566666666666666,9.741647768474122,1.318681295400194,0.1074343255797938,0.1166666666666666,1.3510150810038746,182,"[1.0, 0.548475360709241, 0.15250043005628147]","[0.0, 2.7788970011700775, 7.132724474586713]",0.4991673459807376,0.17245632190426,13.231191672321463,0.6880314756821116,5.293105390194165,166.617762760848,0.2787223044192461,0.8094707836132069,5.770273028470889,0.58322314112877,0.019329223447708,0.2130898633583708,4.0,"{""overproduction"": 2.174919916415711, ""waiting"": 0.880535349381295, ""defects"": 6.066505718936723, ""inventory"": 0.2621911191797826, ""transport"": 0.7022591879212876, ""motion"": 0.3208556693310187, ""over_processing"": 0.47115447427099016}"
97.19077415642391,0.9209436390058434,3.013347603435751,0.15,0.1111111111111111,0.1333333333333333,1.1371212309558625,3.338974403095234,0.15,0.1111111111111111,0.1333333333333333,1.6005391185529592,4.859914522893,0.15,0.1111111111111111,0.1333333333333333,1.8670984572325435,5.225848003817997,0.15,0.1111111111111111,0.1333333333333333,0.2983680621441743,1.380143803859736,0.0,0.0,0.0,0.3401008080222971,1.413736719598594,0.0,0.0,0.0,1.4025524655230974,4.025245407189632,0.1,0.0555555555555555,0.0666666666666666,1.6051236958509638,4.311896230185308,0.1,0.0555555555555555,0.0666666666666666,0.2606944480167754,0.6313501667549505,0.0,0.0,0.0,0.7857142857142857,0.7142857142857143,0.7142857142857143,0.6428571428571429,0.9285714285714286,2.273736754432321e-13,28.375514242173196,0.0262210527593987,0.1495336230334722,0.0,27.28189642888007,0.0051893311105656,0.2230565615848571,0.0,26.91401633876003,0.0051893311105656,0.2630758897297507,0.0,26.91401633876003,0.0051893311105656,0.2630758897297507,0.0,25.67100538492125,0.0666747953838366,0.289249228707347,0.0,26.91401633876003,0.0051893311105656,0.2630758897297507,0.0,26.91401633876003,0.0051893311105656,0.2630758897297507,0.0,26.992360694936288,0.0069652240505581,0.2232054466293659,0.0,26.33879381361334,0.1303619717260572,0.2061756483025857,0.0033333333333333,26.76305879051318,0.0051893311105656,0.1968525780170429,0.0033333333333333,26.946382674305397,0.0051893311105656,0.1897851818206735,0.0,23.272041302062053,0.7823251557863021,0.0644315615577301,0.0266666666666666,25.538550170222592,0.0426458341934581,0.2727785886847066,0.01,26.02002535836556,0.1041319489238422,0.2678328627097203,0.0,19.635963272131967,0.0134813548464078,0.2245244096195492,0.25,25.59917044636556,0.1815594010394316,0.1996663643010457,0.0,1.706181819570814,183,"[1.0, 0.6476630047397519, 0.16028426638842097]","[0.0, 4.986448916077278, 14.731045427745618]",0.1330260071406503,0.7961263315037662,20.97738847529472,0.5364915368943413,8.840094597743452,518.8499953562865,0.3721440493470176,0.149666552290599,10.726817619158306,0.4972160483334567,0.0189466285634715,0.1821291328473752,4.0,"{""overproduction"": 0.7094952033327787, ""waiting"": 0.9417521058325097, ""defects"": 4.098274003165371, ""inventory"": 0.23833471298625392, ""transport"": 1.0983022863679508, ""motion"": 0.18703892282237075, ""over_processing"": 0.6090948345944569}"
69.18650346689616,0.659345459820572,1.527418744391393,0.1428571428571428,0.0588235294117647,0.0666666666666666,0.6293130741626626,1.5078532069041692,0.1428571428571428,0.1176470588235294,0.0666666666666666,0.9357593361018368,2.455276416047337,0.1428571428571428,0.1176470588235294,0.1333333333333333,0.9430523489496014,2.4679207267880403,0.1904761904761904,0.1764705882352941,0.1333333333333333,0.1527375279879468,0.5146851545614721,0.0,0.0,0.0,0.1427213764253484,0.5419948740450538,0.0,0.0,0.0,0.6798721954324264,2.0674395114181414,0.1428571428571428,0.1176470588235294,0.0666666666666666,0.7048101237701963,2.099421747605771,0.1428571428571428,0.1176470588235294,0.0666666666666666,-0.0272378680784803,0.1767293853751087,0.0,0.0,0.0,0.8928571428571429,0.7857142857142857,0.6071428571428571,0.5714285714285714,1.0,1.4210854715202006e-13,25.73723337670088,0.3694865406541618,-0.8160553582318875,0.0,24.07754195230641,0.8648411245168245,-0.6858951218303468,0.0,16.01725246336926,0.266161780114216,0.0715339561739295,0.0,15.637208935059808,0.266161780114216,0.0929762476848701,0.0,11.396699737131868,0.255758891185985,0.2977535039221605,0.0,13.839955906275462,0.2746744497194949,0.1489236381408546,0.0,23.815414187134397,0.495531830764542,-0.6458917738915286,0.0,23.021313185333376,1.309022445285368,-0.6431123751757881,0.0,23.533051954434452,0.63807792169371,-0.6354969724631474,0.0,23.097442066998685,1.8447580356484825,-0.7406253181995223,0.0033333333333333,20.72430539924996,1.513560782509907,-0.6583282427414875,0.0,19.94448921159957,3.269061912389086,-0.5928835346684562,0.0033333333333333,22.94790812355718,1.6344531528605193,-0.6699239281800666,0.0,23.0623201478037,1.247797504324612,-0.6658834108621866,0.0,15.598328109781653,0.6827435239056873,-0.2002850311651305,0.0033333333333333,23.342497379955432,0.7672365608305266,-0.6296495102334753,0.0,2.6615124878763536,184,"[1.0, 0.49927964849172213, 0.3627250835050452]","[0.0, 2.7112188432089988, 5.44796361906506]",0.6866086148488487,0.9449901698694,21.19430303469862,0.7678951909245448,0.2263696380438618,268.69126911176954,0.2650467064541551,0.4384020003203149,1.5906526675197374,0.3790502402764018,0.0151481611003123,0.0551503291461115,4.0,"{""overproduction"": 1.24771922564542, ""waiting"": 0.4723447663122804, ""defects"": 2.5256388099302236, ""inventory"": 0.34484371941686026, ""transport"": 0.9418149039395834, ""motion"": 0.2666930879705363, ""over_processing"": 0.32600161608906175}"
73.64843884519095,0.4386908524126755,1.441980310471551,0.1111111111111111,0.125,0.1666666666666666,0.5433943389102827,1.4710460259234637,0.1666666666666666,0.1875,0.25,0.6421383173467241,2.273752555940183,0.1666666666666666,0.1875,0.25,0.7456828830908435,2.3444569167355405,0.1666666666666666,0.1875,0.25,0.081476954779141,0.3620162823535787,0.0,0.0,0.0,-0.0463870930934433,0.6490867990234767,0.0,0.0,0.0,0.5024177428095934,1.769401630511762,0.1111111111111111,0.125,0.1666666666666666,0.5925841419414489,1.851236297307573,0.1666666666666666,0.1875,0.25,0.0085954405950413,0.2274140568227391,0.0,0.0,0.0,0.8928571428571429,0.8214285714285714,0.6071428571428571,0.5714285714285714,1.0,1.7053025658242404e-13,33.44179188835949,0.9687508587110948,-0.0672089844625806,0.0,30.83319223530895,3.057766328300498,0.0311191343290456,0.0,30.204548557892984,4.156275362025006,0.0817286656721246,0.0,27.669282348447783,4.936957394123198,0.158805211959894,0.0,28.46388707772173,4.4103977122291385,0.1346478323647288,0.0,27.330830503062373,3.96250063257932,0.1674755580112282,0.0,20.51429385939711,4.156275362025006,0.1030683375437076,0.0,30.19386255918976,3.681112649811402,0.0611447124922982,0.0,28.887922985343515,3.9804371537209975,0.0810896312665365,0.0,29.78944178823412,1.794643946218921,-0.0303137268145956,0.0,27.899117540697148,1.6944318531372484,0.0281142469854124,0.0,30.57093125901329,3.212948847333787,0.0353298632098358,0.0,30.204548557892984,4.156275362025006,0.0817286656721246,0.0,30.529216272255024,2.9392806483874314,0.0228533749640923,0.0,18.47799672259642,1.3982994244867863,-0.0385386032232014,0.2666666666666666,26.73968510278365,3.712728874215847,0.0892169364524493,0.0,6.9003984219653605,185,"[1.0, 0.7897619977451202, 0.5569628395438981]","[0.0, 2.1988135146808983, 4.522833071529106]",0.9160415841347708,0.6704624447939647,3.229427298952264,0.7334224155396077,14.756711122111197,310.94811994867285,0.2789405207373776,0.1901001650702216,4.160155508249267,0.6297678895423633,0.0100220189135252,0.1645362212192802,4.0,"{""overproduction"": 1.2129510337510154, ""waiting"": 0.29708589088806736, ""defects"": 3.604062728687123, ""inventory"": 0.9179687729603272, ""transport"": 0.6407751690299728, ""motion"": 0.21507798619544535, ""over_processing"": 0.1986918126644624}"
88.48313240512789,0.9863592927781124,2.158223755728905,0.1111111111111111,0.125,0.1333333333333333,1.0234336189643245,2.1927628034806,0.1111111111111111,0.125,0.1333333333333333,1.3769273402840745,3.2735867424253438,0.1666666666666666,0.1875,0.2,1.5403345758057951,3.420096064832567,0.1666666666666666,0.1875,0.2,0.1136998985509279,0.6834053770285401,0.0,0.0,0.0,0.1081101176271951,0.6671632370359436,0.0,0.0,0.0,0.8248649648216031,2.5951596437024915,0.1666666666666666,0.1875,0.2,0.8286465979167489,2.6558772143719502,0.1666666666666666,0.1875,0.2,-0.0525180138913679,0.2818789595815008,0.0,0.0,0.0,0.7857142857142857,0.8928571428571429,0.6785714285714286,0.6071428571428571,0.8214285714285714,1.7053025658242404e-13,25.019132617889824,1.2519498382033354,-0.5863025152768021,0.0,23.74010796624129,1.791582157520861,-0.6012123094342571,0.0,16.06129180139517,0.4302279109607974,0.0917033254576311,0.0,15.205445144560688,0.4081228041975786,0.1440787984974801,0.0,9.73573405709632,0.7623393877203745,0.3117438164367835,0.0566666666666666,13.9830813679769,0.4755265332965174,0.1856335239543451,0.0,17.558821378171533,1.5125919336778604,-0.7115765005626591,0.0,23.278076774719263,2.1092980346074017,-0.6140661933606085,0.0,22.433466972540597,2.0007720018022974,-0.6055159685230244,0.0,23.0606401732978,2.4729024534169337,-0.5630950257337979,0.0,22.040066132800558,2.4902198058707823,-0.5461571330701636,0.0,22.421349575362893,3.2119291366591125,-1.0317308399143788,0.0,22.283816548060194,3.0968624280190173,-1.1677253665130285,0.0233333333333333,21.343709657101275,3.3044454773862912,-1.0047879921467886,0.0433333333333333,16.623330945111903,0.8856576641329661,-0.2265209857097479,0.1066666666666666,21.554598596494905,2.700439115385172,-0.6417687024261919,0.0,4.278371116599742,186,"[1.0, 0.7993848343921792, 0.39385632930021486]","[0.0, 1.007196008896715, 2.077583166088868]",0.9280797831921552,0.5253604147224709,20.005373231093067,0.3710965755824437,14.145992339452429,85.52565981681408,0.1926824002074273,0.7126656223382198,8.417383893685843,0.4603187928642357,0.0184604146245084,0.0820118048450742,4.0,"{""overproduction"": 0.6745246670935489, ""waiting"": 0.4537460697498604, ""defects"": 3.486156348713571, ""inventory"": 0.5178558376843195, ""transport"": 1.1560916709820264, ""motion"": 0.3441985025942141, ""over_processing"": 0.43210600450156456}"
76.77170922658654,1.8078936454621333,3.810335595265362,0.1428571428571428,0.15,0.1875,1.891382235399792,3.872875617863567,0.1428571428571428,0.15,0.1875,2.175223389268013,5.271740351210807,0.1428571428571428,0.15,0.1875,2.268239196059606,5.333924301663725,0.1428571428571428,0.15,0.1875,0.5220036598253688,1.4120744739331594,0.0,0.0,0.0,0.5307687729637048,1.4115474195750646,0.0,0.0,0.0,1.2807217076469577,4.195234687356798,0.1904761904761904,0.2,0.1875,1.2955137922550943,4.241981057167682,0.1904761904761904,0.2,0.1875,-0.0317941906829789,0.3185316378147989,0.0,0.0,0.0,0.7857142857142857,0.8571428571428571,0.6428571428571429,0.5357142857142857,1.0,8.526512829121202e-14,16.020855677129553,0.6796458577627662,-0.3179908304060128,0.0,13.07899966218601,1.021592401968502,-0.135261324632345,0.0,11.723857897760151,1.2056828497554566,0.1111806148126512,0.0,7.089351702439226,1.6423550794273092,0.4118701863148979,0.0033333333333333,5.472321540551151,2.034890264148093,0.4612797482911268,0.0333333333333333,5.900260590035654,1.7345229869589267,0.512796950773937,0.0033333333333333,11.69604357066568,0.6873802034259453,0.1248286976124419,0.0,11.816085994071656,1.4318213378444702,-0.1879382611567731,0.0,9.10377821710224,2.1613810843134416,-0.1466688333435495,0.04,11.221970232402848,2.171208777243966,-0.0965277379480758,0.0533333333333333,10.467023775265526,1.828996784161788,-0.0155375237297335,0.07,3.058349410154925,6.074839063677205,,0.4,9.304825118848552,2.405223127239479,-0.3150674851554623,0.1433333333333333,8.399383847101175,2.908769417305256,-0.2887712220122227,0.0266666666666666,10.376109557462549,0.9020375210676472,0.0194914840248635,0.2,6.745684011568037,2.1971473151055383,0.1287773820628455,0.0433333333333333,1.542726568393148,187,"[1.0, 0.7132381336436447, 0.418816728073527]","[0.0, 1.5596525130631265, 4.435769188942466]",0.4695658399927671,0.9808716345893792,6.469261435713136,0.6650890527393085,2.3635882770153205,66.1237662849698,0.185435454634292,0.6148864781020155,4.267035543010451,0.6678577599750803,0.0188753084398522,0.0721421782121835,4.0,"{""overproduction"": 1.5850717906333236, ""waiting"": 0.5451703692374114, ""defects"": 4.617019915070911, ""inventory"": 0.15951745900225783, ""transport"": 0.7309613413571793, ""motion"": 0.2274316354467193, ""over_processing"": 0.5368907622947685}"
86.87472367661032,0.7119373749500536,2.16333869570932,0.0909090909090909,0.1052631578947368,0.0666666666666666,0.7361564021181232,2.217892636573183,0.0909090909090909,0.1052631578947368,0.0666666666666666,1.0113404552297949,2.984949800523027,0.0909090909090909,0.1052631578947368,0.0666666666666666,0.98113698725983,2.946943592552019,0.0909090909090909,0.1052631578947368,0.0666666666666666,0.1913300394161281,1.1255459351191632,0.0454545454545454,0.0526315789473684,0.0666666666666666,0.2301930254982894,1.1510548939027536,0.0454545454545454,0.0526315789473684,0.0666666666666666,0.7014244012546668,2.3558881965963656,0.0909090909090909,0.1052631578947368,0.0666666666666666,0.8615475790620151,2.4791826505584087,0.0909090909090909,0.1052631578947368,0.0666666666666666,-0.0591149657896972,0.264489520751304,0.0,0.0,0.0,0.8214285714285714,0.8214285714285714,0.6071428571428571,0.5357142857142857,0.9642857142857144,7.105427357601003e-14,28.653231807140006,0.97228984054578,-0.4614932937936463,0.0,25.37422389776084,1.7158909488138183,-0.4215257684410506,0.0,19.4098935656166,0.1863208197252995,0.2303633253918517,0.0,18.164169698751103,0.2501778153689512,0.2651017383929011,0.0,18.99249580154985,0.3315130143111721,0.2346240018019576,0.0,18.270737055864902,0.2723475441636005,0.2611017025052366,0.0,14.530079569960453,4.765687589547296,-0.0930613047646738,0.0,24.59143249722669,2.26616812632641,-0.4611856114716914,0.0,25.424141347379788,1.6921140376400106,-0.4649717783483852,0.0,25.10873317328096,2.4688106481048946,-0.5966253752347791,0.0,24.717265786385912,2.7252331877037324,-0.6264182480226312,0.0,22.170339158267662,4.467789479980206,-1.019967332435164,0.0066666666666666,24.399691835156272,2.902675446912356,-0.8214569650755001,0.0266666666666666,24.44977124027521,2.522384311289537,-0.494764226844413,0.0,19.13994835611669,0.8489654591439484,0.0083223212959364,0.05,23.693999789163136,2.0217402703134235,-0.5116707562359355,0.0066666666666666,2.931194238251988,188,"[1.0, 0.8042287071474425, 0.21252688157507557]","[0.0, 7.555685659540475, 13.817319716916426]",0.8118006310355218,0.7578366372963201,16.131115021900197,0.3038201711858765,2.907524442256928,314.6529177322605,0.0858503266696474,0.3382823616340662,1.6648792371963943,0.5184156964361891,0.0119482980354109,0.2296200476131604,4.0,"{""overproduction"": 0.8809887596361181, ""waiting"": 0.5427942661535146, ""defects"": 1.8474695338511133, ""inventory"": 0.4373907281847852, ""transport"": 1.233383832867814, ""motion"": 0.29851112941415453, ""over_processing"": 0.41740404412783655}"
72.46615820810526,1.055305935809664,3.011804744408182,0.1428571428571428,0.0588235294117647,0.0,1.2078850345075438,3.100402017882757,0.1428571428571428,0.0588235294117647,0.0769230769230769,1.3983311939701628,4.370054120767054,0.238095238095238,0.1764705882352941,0.1538461538461538,1.60680793289581,4.582983720977566,0.1428571428571428,0.1176470588235294,0.1538461538461538,0.0836937571724957,0.6420802330014133,0.0952380952380952,0.0588235294117647,0.0,0.0830954262649688,0.99136315995511,0.0476190476190476,0.0,0.0,1.0084711821795338,3.3353409097781657,0.0952380952380952,0.0588235294117647,0.0,1.1919227725005843,3.4535777117631645,0.0952380952380952,0.1176470588235294,0.0769230769230769,-0.0394079406781622,0.2815663289491906,0.0476190476190476,0.0,0.0,0.8928571428571429,0.8571428571428571,0.5,0.5357142857142857,0.9642857142857144,9.947598300641405e-14,11.128220569587272,0.1676342170784283,-0.0846470997413234,0.0,9.33001776342831,0.4466008601125219,-0.0820634771822939,0.0,3.42961840326367,0.9847929703683312,0.7309125606292676,0.0,1.3725405156036878,0.883078364410681,0.8882461284964107,0.0,-8.482168466500351,2.0455220216970904,1.8213674146559011,0.0733333333333333,-1.3223888689089294,1.2893299946864485,1.118733908417121,0.1366666666666666,8.510557624026346,0.7568569354869663,-0.612068304795817,0.0,6.707826633939,0.9849163046900872,0.1568136668545863,0.0,7.975427924794133,0.9329052883299428,-0.1765349826862283,0.0133333333333333,6.423077103662534,0.9093872598022372,0.1466807237106421,0.0133333333333333,2.298434253843906,1.0279169323273198,0.6934759636638749,0.1833333333333333,4.248597894815679,1.721143576595163,0.2809861805024377,0.0966666666666666,0.5801533817723677,1.0608540912246072,0.9090022071541468,0.3266666666666666,4.80021941540164,1.1258520652973356,0.3533700446600467,0.2266666666666666,4.971974818173181,0.5869295864347466,0.2855889896426426,0.2066666666666666,6.492771547315667,1.152825497342083,-0.0765715450868299,0.0666666666666666,1.580799006703932,189,"[1.0, 0.5683187947688564, 0.38747619570720493]","[0.0, 1.681276574965764, 4.189214740383991]",0.4971541630973883,0.4756726071772241,3.4911089323384936,0.8640655881222437,9.09286788404743,584.3761294897308,0.241142135943259,0.1420948383235478,14.714057000106065,0.5990804639390773,0.0179702961146492,0.2202560591048968,4.0,"{""overproduction"": 1.3284135071074135, ""waiting"": 0.7799874726980034, ""defects"": 4.084087470737764, ""inventory"": 0.5016980268719903, ""transport"": 0.4609915264584838, ""motion"": 0.2403819210259148, ""over_processing"": 0.3803561473337978}"
95.81563300383428,0.3183009612240464,1.745148544337885,0.0833333333333333,0.0454545454545454,0.0526315789473684,0.3674829669339552,1.96204750843408,0.0833333333333333,0.0454545454545454,0.0526315789473684,0.544603081733298,2.7203779469301126,0.2083333333333333,0.1818181818181818,0.1578947368421052,0.6875420875706167,2.9199099219108446,0.2083333333333333,0.1818181818181818,0.1578947368421052,0.0483060182853782,0.537310048873955,0.0,0.0,0.0,0.108167026890086,0.5952355799708173,0.0,0.0,0.0,0.475812485441348,2.139739913218893,0.2083333333333333,0.1818181818181818,0.1578947368421052,0.5515024323397743,2.330348311667872,0.2083333333333333,0.1818181818181818,0.1578947368421052,0.0244003930577281,0.3370830478552258,0.0,0.0,0.0,0.7857142857142857,0.7142857142857143,0.5714285714285714,0.4642857142857143,1.0,1.8474111129762605e-13,34.49687188694697,1.911709642116434,-1.406285973592607,0.0,32.4411143193799,3.5015751214484045,-1.4416695991722652,0.0066666666666666,15.497388768343097,1.6270853381774617,-0.6317590162558736,0.0,14.39438179647278,1.658876271395544,-0.5471392686527828,0.0,0.4308035288865066,1.226691290491365,0.9497582094343548,0.0,7.909569541960281,1.1054527101260538,0.1377808454516697,0.0266666666666666,31.80843944888974,4.772677064471151,-1.3771047764946365,0.0,31.97363473135986,4.636097246677221,-1.39338231247177,0.0,31.691644792569456,4.6557056169728295,-1.4128528950697228,0.02,32.278502380609034,4.346251140568999,-1.3695846423168216,0.0,30.37293186425584,4.527999474471283,-1.2835215581107058,0.0,31.80843944888974,4.772677064471151,-1.3377126265918249,0.0,31.80843944888974,4.772677064471151,-1.691154787518686,0.0566666666666666,31.97363473135986,4.636097246677221,-1.4727496313468904,0.0266666666666666,13.006850619159325,1.2061350771857706,-0.8464546653719256,0.3433333333333333,31.97465961409918,4.100954230349469,-1.454280311968191,0.02,6.912168503069072,190,"[1.0, 0.6946324030214287, 0.5158464897474048]","[0.0, 7.902326199295495, 14.74883808640053]",1.1023633276120028,0.9526894825978696,15.750102121185158,0.4751589058465305,2.410674160576222,49.94557513447347,0.259748558324001,0.9227371399664324,10.607759389387182,0.5319349433443994,0.0185241410572414,0.2176646053338244,4.0,"{""overproduction"": 1.879427404404712, ""waiting"": 0.40464666291842993, ""defects"": 2.809898009085701, ""inventory"": 0.33973356243373387, ""transport"": 1.1748244011856297, ""motion"": 0.2305597168033277, ""over_processing"": 0.46865749487190594}"
74.08550845048296,1.1618330909658106,3.0429464050465818,0.1111111111111111,0.125,0.1428571428571428,1.3756263681269283,3.301461473311776,0.1111111111111111,0.125,0.1428571428571428,1.3620350400853047,3.8552204653947295,0.1666666666666666,0.125,0.1428571428571428,1.5746921882703198,4.160432802159012,0.1111111111111111,0.125,0.1428571428571428,0.1872209586322661,1.4189652002815225,0.0,0.0,0.0,0.2743347844036559,1.592319247627994,0.0,0.0,0.0,0.7320286151824009,2.573894614102104,0.1111111111111111,0.0625,0.0714285714285714,0.8992982318770564,2.6925234796420923,0.1111111111111111,0.0625,0.0714285714285714,0.1247443514286292,0.4273483661317053,0.0,0.0,0.0,0.75,0.6785714285714286,0.6785714285714286,0.4642857142857143,1.0,1.9895196601282805e-13,27.036558835478527,0.2406582871102845,-0.3466056904788695,0.0,23.0421933959458,0.7450829176024196,-0.1548216791303804,0.0,18.152588015310418,0.1329118233832593,0.3315715549435704,0.0,17.562634945686735,0.1352301658968294,0.3508666190957747,0.0,5.281047777400542,0.2675507914032395,0.7709537487223298,0.0,7.813909168777705,0.1630704886049915,0.6824669136408622,0.0033333333333333,18.600909724951254,1.180308887350621,-0.5194803871627967,0.0,22.52485165951154,0.989687791256892,-0.2433724441765985,0.01,21.701899513367884,1.3197303789103036,-0.4383452714726629,0.0533333333333333,22.43918989327036,0.8402627364674673,-0.1780749257242448,0.01,22.37662293864191,0.8924743468525458,-0.2026039792288444,0.0033333333333333,20.03493450822816,2.211056523691079,-1.1309199716768616,0.0366666666666666,8.065274087804598,1.2786496318305476,0.3394819264003045,0.0533333333333333,14.040536539188205,0.5322113047489251,0.149260491936645,0.0766666666666666,20.00026290693853,0.8604426613946181,-0.146223908273983,0.07,19.11194513708404,1.4686821638515406,-0.3782232614175026,0.0766666666666666,2.123206755337302,191,"[1.0, 0.6500952797646438, 0.16209104492317747]","[0.0, 4.632879175887007, 10.661585555066646]",0.5982730918494186,0.7880304670358184,14.33254634929228,0.5228683421298123,2.7916328640697783,413.5218333385532,0.2399944283983697,0.0202576154756033,5.072899498750645,0.6136032627439743,0.018738486647162,0.2201835806819582,4.0,"{""overproduction"": 1.5165063218363295, ""waiting"": 0.635490691587135, ""defects"": 1.8723491475082794, ""inventory"": 0.36726187426991697, ""transport"": 0.40868535052613286, ""motion"": 0.37438684706658026, ""over_processing"": 0.35350318608786996}"
77.3146966710602,0.5876941423083554,1.908365015419509,0.1666666666666666,0.1875,0.1333333333333333,0.7973941522881647,1.9891955045694063,0.1666666666666666,0.1875,0.1333333333333333,0.7541296445858846,2.6962557085678887,0.1666666666666666,0.1875,0.1333333333333333,0.9340953032138573,2.753597531887578,0.1666666666666666,0.1875,0.1333333333333333,0.1892717439110349,0.7492152575636174,0.0,0.0,0.0,0.3057312134574714,0.8739948818013156,0.0,0.0,0.0,0.5299768745316212,2.0833950195833237,0.1666666666666666,0.1875,0.1333333333333333,0.6297914458998539,2.1383979835658704,0.1666666666666666,0.1875,0.1333333333333333,0.0467149428355297,0.2567359675670869,0.0,0.0,0.0,0.7857142857142857,0.6428571428571429,0.6071428571428571,0.5,1.0,1.2789769243681806e-13,34.67820332677295,1.2140442960688116,-0.4841684372719635,0.0,32.57193536151742,2.534983835851602,-0.4144866180268427,0.0,32.03493337055641,3.4851285288803964,-0.3337350210636965,0.0,26.81292368089799,3.594934242914684,-0.1308367675149987,0.0,7.484459497351083,3.1196980032200616,0.5463154777114199,0.2333333333333333,23.3754213092256,3.841647506112713,0.0188337791750228,0.0,31.10744416975314,4.424972903633467,-0.2762784969173543,0.0,31.39469399897135,4.16664611689455,-0.2918405654921548,0.0,30.87688982221744,4.131804462150644,-0.286339128512001,0.0,31.606049876453667,3.993272384678791,-0.3050935126166479,0.0,31.50759815601902,4.031596729263706,-0.3011938276347273,0.0,31.698694016062834,3.995252375506496,-0.3077413561466696,0.0,13.078502790163292,3.41452767253678,0.212867277118925,0.2033333333333333,29.57768288378461,4.043854466791311,-0.2906588621866277,0.0,15.624242516518851,1.8934909698308289,-0.4183802728559533,0.3666666666666666,30.200177153102302,4.076593788149979,-0.2799081704312721,0.0066666666666666,5.299591431861497,192,"[1.0, 0.724649757209817, 0.5131517534578725]","[0.0, 2.125758311734042, 6.37829362900619]",1.003186587580681,0.864216912036018,7.413134054591067,0.5499095653364153,8.801065035084095,37.31085958914981,0.1287409606786504,0.8609497536067594,6.607812383230359,0.5886122558672826,0.0091093072999898,0.2981758464760666,4.0,"{""overproduction"": 0.682096196273112, ""waiting"": 0.42080673429120735, ""defects"": 2.3770561660471925, ""inventory"": 0.5687915249749925, ""transport"": 0.746347582451782, ""motion"": 0.3206625710082308, ""over_processing"": 0.18207980595074907}"
57.168675955020845,0.4703409764649712,1.352081534351737,0.1428571428571428,0.1111111111111111,0.125,0.4909310806223653,1.4207158271252949,0.1428571428571428,0.1111111111111111,0.125,0.6099379303599669,2.048913300691323,0.1904761904761904,0.1666666666666666,0.1875,0.6300985479592205,2.110568268335918,0.1904761904761904,0.1666666666666666,0.1875,0.105851442297195,0.4550099335157615,0.0476190476190476,0.0555555555555555,0.0,0.1164328318090594,0.5037881328902276,0.0476190476190476,0.0555555555555555,0.0,0.5297727241724954,1.790946000263385,0.1904761904761904,0.1666666666666666,0.1875,0.6031000464188535,1.880902093035686,0.1904761904761904,0.1666666666666666,0.1875,-0.0283874017019219,0.1655006642305607,0.0,0.0,0.0,0.75,0.6071428571428571,0.5714285714285714,0.4642857142857143,1.0,1.2789769243681806e-13,20.09638028838785,1.5447120388027171,-1.2317657379526366,0.0,18.353092305180947,2.542087478547786,-1.157017196836956,0.0,5.086338486112024,1.966238083432551,0.4615236844187273,0.0,1.9282682614583289,1.8560242101690965,0.795557415325305,0.0,-8.534906420932838,1.3497243401047785,2.0836006963998366,0.02,-6.33488087675916,1.3290408283149475,1.6405551062990893,0.0,15.869618084407156,4.443622265507752,-0.947755150101874,0.0,16.12537814112325,3.975614497700269,-0.9661970098773504,0.0,17.753144168318226,2.2778622209118,-1.2347547207084908,0.04,15.903073392078497,3.7424101214957575,-1.0804982914676873,0.01,14.784171374037545,3.69894898099033,-0.927912689707906,0.0266666666666666,15.993639580259403,4.352925173507699,-1.4691332481016794,0.03,15.76668392625625,4.443622265507752,-1.1445902296941288,0.01,14.019749092800334,4.443622265507752,-0.9440611980532748,0.07,6.584346317798597,1.1390088553468292,-0.0147231365781015,0.21,15.291996289656796,3.365260263698354,-0.9898407617752648,0.0533333333333333,4.371886156154857,193,"[1.0, 0.7657485931213259, 0.5385306409270165]","[0.0, 3.7714495079060626, 7.735057283032575]",0.5498614188792835,0.4091326651489489,11.882693370264676,0.4386837017857495,0.5141774815201122,351.0644394964015,0.2416440949736737,0.8063444215164566,10.948801971784269,0.4361691809578863,0.0142569461156468,0.1023323603079749,4.0,"{""overproduction"": 1.448796011192057, ""waiting"": 0.2994473870491456, ""defects"": 2.4576391030081113, ""inventory"": 0.3185741883286395, ""transport"": 0.7301936027445586, ""motion"": 0.28140198842609687, ""over_processing"": 0.19783539188995758}"
76.67216551136578,0.6632977240783227,1.5737064236636729,0.0476190476190476,0.0588235294117647,0.0666666666666666,0.8245101083438174,1.8973188413129016,0.0476190476190476,0.0588235294117647,0.0666666666666666,0.8167961181879567,2.25494329128157,0.0952380952380952,0.0588235294117647,0.0666666666666666,1.0173472943196291,2.627196091537741,0.0952380952380952,0.0588235294117647,0.0666666666666666,0.0717311889522745,0.4882067438981866,0.0,0.0,0.0,0.0954715661092619,0.5648407341593019,0.0,0.0,0.0,0.5427349131704678,1.7760029850338883,0.0952380952380952,0.0588235294117647,0.0666666666666666,0.7216978992382528,2.091910702809465,0.0952380952380952,0.0588235294117647,0.0666666666666666,-0.0389121302396904,0.185172815685141,0.0476190476190476,0.0,0.0,0.8928571428571429,0.8571428571428571,0.6071428571428571,0.4285714285714285,1.0,1.1368683772161605e-13,20.89225383410805,0.3601578029758815,-0.7357680297339365,0.0,18.90939587883855,0.8913276950233469,-0.5182795146045348,0.0,7.30491477006742,0.9529605602375728,0.5631295359444876,0.0,7.342782255769802,0.5026989840188696,0.5605022468530264,0.0033333333333333,7.655561065480234,0.8639322887777098,0.3756627405591461,0.1566666666666666,7.111238168615761,0.8767085736897529,0.5256344440928967,0.04,18.28760946708356,0.5532309589901081,-0.3148865042124409,0.0,18.449541378779937,1.0342811654104218,-0.5163977286412307,0.0,17.964806892639732,0.8394330491611756,-0.431197344379392,0.01,18.595108647360878,1.1069341124910863,-0.5371910546637625,0.0,17.838514227040157,0.9679317687868912,-0.5029460505684941,0.01,16.178438751925512,2.9831736823785504,-1.1730304174651212,0.0266666666666666,15.926690342186138,2.348667308458781,-0.7848495585927814,0.0,16.638613829045298,1.6920644107844722,-0.6895327310578212,0.0866666666666666,11.307165453387924,0.5453866776287959,-0.006608234061661,0.1766666666666666,17.986640656491748,0.7257886416321025,-0.3782692667687274,0.0033333333333333,2.7368746839962657,194,"[1.0, 0.5695144408455113, 0.4038268603321833]","[0.0, 3.712098763301141, 11.190902294513151]",0.7236655860822806,0.6765371584992363,22.846673005058047,0.63337976676896,4.964466181691149,235.054519979147,0.1267603820488541,0.0870804561343236,4.432394970722761,0.402262635942058,0.0164734195163231,0.2657242141479797,4.0,"{""overproduction"": 1.0550393076829387, ""waiting"": 0.4667490413012067, ""defects"": 4.512453826882, ""inventory"": 0.30482947500121615, ""transport"": 0.5532960103841539, ""motion"": 0.40018510064712554, ""over_processing"": 0.4540541162796221}"
104.15272265324806,0.8056435521922981,2.491517850318026,0.0952380952380952,0.1,0.1111111111111111,0.8059761222817569,2.566694782133521,0.0952380952380952,0.1,0.1111111111111111,1.505852217445766,3.881620147077248,0.1428571428571428,0.15,0.1666666666666666,1.4658345642411423,3.967486360328133,0.1428571428571428,0.15,0.1666666666666666,0.211981804217528,0.9059251105096364,0.0,0.0,0.0,0.2535856714214131,0.831021368167106,0.0,0.0,0.0,1.006798904908816,3.0077971554046026,0.1428571428571428,0.15,0.1666666666666666,1.0930656202825346,3.168757756697387,0.1428571428571428,0.15,0.1666666666666666,-0.0180947439442911,0.2560036355925594,0.0476190476190476,0.0,0.0,0.8571428571428571,0.8571428571428571,0.7142857142857143,0.6785714285714286,1.0,1.1368683772161605e-13,23.954713146990294,1.1884360714880733,-0.8231445164980079,0.0,23.28282396671112,2.108543701683893,-0.8114897791557385,0.0,11.382112751451402,0.5999923875769999,0.0900308274832616,0.0,13.744294499968102,0.85664648663392,-0.1184684845614088,0.0,6.155325581139921,0.9902899559247902,0.4514410356521529,0.04,11.988215064247292,0.8039894741067288,0.016929064010409,0.0,23.07325351958022,2.637442540669298,-0.8007117718703443,0.0,23.07325351958022,2.637442540669298,-0.8007117718703443,0.0,22.502424359860637,2.0494346183559227,-0.8491805011055045,0.0,23.07325351958022,2.637442540669298,-0.8007117718703443,0.0,22.5665813015482,2.5935037243895622,-0.7701302190311831,0.0,23.07325351958022,2.637442540669298,-0.8007117718703443,0.0,23.07325351958022,2.637442540669298,-1.2252329414337522,0.1533333333333333,23.02755904574042,2.620806304117616,-0.7915820246439789,0.0,15.552883956061171,1.0519526261074847,-0.7890134609384742,0.0066666666666666,21.57957041118513,2.299786116289815,-0.8253256325100217,0.0,3.9060191942356974,195,"[1.0, 0.8206256942230978, 0.414338326954129]","[0.0, 3.4452912959037314, 8.041535429838971]",1.1205108199212317,0.6880577219534616,3.3937803338313395,0.6712641123812912,1.4799711836397638,169.66234915834258,0.3426477140092216,0.6607130895315518,13.259434599507626,0.3446435951485481,0.0190417712222275,0.156820782978004,4.0,"{""overproduction"": 1.4566975741264891, ""waiting"": 0.8076412342572195, ""defects"": 4.392021167304893, ""inventory"": 0.42797755747647753, ""transport"": 0.33371610835967647, ""motion"": 0.5031172422109454, ""over_processing"": 0.3817723370115422}"
71.60625627811282,0.3896164276734983,1.067665155946295,0.1363636363636363,0.1666666666666666,0.1538461538461538,0.5567625603568728,1.3004513269711464,0.1363636363636363,0.1666666666666666,0.1538461538461538,0.4648615289023208,1.5086667456485288,0.1363636363636363,0.1666666666666666,0.1538461538461538,0.584380197700398,1.6678293881153288,0.1363636363636363,0.1666666666666666,0.1538461538461538,-0.0069138483643093,0.2709694091500091,0.0,0.0,0.0,0.0203508557916422,0.3739347996899084,0.0,0.0,0.0,0.1826763331540979,1.0492831455942666,0.0909090909090909,0.1111111111111111,0.1538461538461538,0.2849674731237583,1.1107227914877995,0.1363636363636363,0.1666666666666666,0.1538461538461538,0.0153037601968776,0.1171127543637732,0.0,0.0,0.0,0.8214285714285714,0.8928571428571429,0.5357142857142857,0.6785714285714286,1.0,1.1368683772161605e-13,34.29728605384569,0.823780669777869,-1.12775546908101,0.0,32.089621137362684,2.1543156511375297,-0.9877361271409792,0.0,30.96289690925567,3.263108893075988,-0.8720662370983997,0.0,30.27282645960706,3.325435611514973,-0.8230429245266474,0.0,26.314389169726365,4.414803485948123,-0.6292469502051194,0.0,26.512706042082804,4.371984533150339,-0.6143002519525814,0.0,31.556401023013585,3.2737911057165063,-0.8962563883841096,0.0,31.15718448690584,3.2725199945633388,-0.872267058726687,0.0,31.303791552075506,3.265989815396268,-0.8840895523031901,0.0,30.532341216998045,3.3448427497395588,-0.8754007128008447,0.0,29.527907677129186,3.390931853588356,-0.835157034663882,0.0,30.947232622390683,3.307553634594183,-0.9130357718173476,0.0,29.99446402102394,3.236656700887241,-0.969486155865658,0.0166666666666666,31.174125573161795,3.260527490121688,-0.8873063843057186,0.0,19.14566623254577,2.868460107812024,-0.5259718041895161,0.1266666666666666,31.546302351624945,3.096736547718916,-0.9128196616462216,0.0,7.280043575708293,196,"[1.0, 0.7982997643326653, 0.5402433278480251]","[0.0, 8.242034786641323, 14.505084452371309]",0.621247256535731,0.8034205740610696,20.40367493687972,0.3760651473999985,10.58058489942927,307.6766309414513,0.0441519364842978,0.430361211256024,0.2704626963005058,0.4859342364032328,0.006097603615739,0.2522814451178775,4.0,"{""overproduction"": 1.038635142278239, ""waiting"": 0.22432369060454568, ""defects"": 2.835032785951397, ""inventory"": 0.5102818950175881, ""transport"": 1.0218806297906136, ""motion"": 0.44516676549137696, ""over_processing"": 0.2458533774842745}"
57.72914890382121,0.3979830597297361,1.344427483548669,0.0,0.0,0.0,0.4314113377143347,1.4191951846755426,0.0476190476190476,0.0,0.0,0.6008225854562331,2.0896678856613566,0.1428571428571428,0.1176470588235294,0.1428571428571428,0.6726182907908882,2.1892983249793128,0.1904761904761904,0.1176470588235294,0.1428571428571428,0.0815893785383286,0.5016174178675861,0.0,0.0,0.0,0.1603946078181471,0.7024143043160291,0.0,0.0,0.0,0.5402426800973262,1.7723169990948422,0.0476190476190476,0.0588235294117647,0.0714285714285714,0.5667601127492157,1.804824206371515,0.0952380952380952,0.0588235294117647,0.0714285714285714,-0.0005108697249221,0.1974988765916394,0.0,0.0,0.0,0.7857142857142857,0.6071428571428571,0.6428571428571429,0.5714285714285714,1.0,7.815970093361102e-14,22.163493051119303,0.4405718649980686,-0.6563083076849402,0.0,20.54739866575091,0.7675992103415227,-0.6694400917027197,0.0,-1.7659046691063711,0.0239556317175962,1.062567855415153,0.0,-1.8231788972929528,0.0272877399001763,1.0646163806327218,0.0,-2.8647906500680613,0.0911973742647179,1.1036006207604614,0.0,-2.7062921085421614,0.0239556317175962,1.097371285453883,0.0,18.87894630723619,2.130133758830457,-0.9597095514431848,0.04,19.80079372687833,0.7388204249466249,-0.4354766766427381,0.0033333333333333,20.693526010676,0.8361015317829479,-0.8818253554883622,0.0066666666666666,18.77954304944103,0.8311202456194993,-0.3616858508106462,0.0033333333333333,19.104879289165357,0.7601496846181363,-0.3791567317950745,0.0,19.00167344992065,2.056711513796197,-1.073583352811054,0.0066666666666666,16.737430011619452,1.626803309501028,-0.7435330608736442,0.1033333333333333,17.6984543476964,1.206011975751113,-0.5612700877668694,0.02,13.838421075219776,0.4107302069119102,0.0736156772784618,0.13,19.75384763674153,1.3358325515770482,-0.9698056762429536,0.0066666666666666,2.6835180079658443,197,"[1.0, 0.7590773208531555, 0.16511960999353445]","[0.0, 4.76709181895523, 13.475843311714359]",0.6259325464152079,0.0653425997635515,18.660207037644287,0.8170505640938261,3.34747784363317,442.5174098013396,0.2613544115221283,0.9460080520609134,8.772225019251284,0.488245897094791,0.0085004550313157,0.092857985058908,4.0,"{""overproduction"": 1.3251405362490154, ""waiting"": 0.4347698175575562, ""defects"": 2.071477918724995, ""inventory"": 0.16472586935888797, ""transport"": 1.1467641852324577, ""motion"": 0.34004028299163896, ""over_processing"": 0.16685420523949138}"
77.37666950976838,0.6653248050791031,1.3787365632727362,0.05,0.0526315789473684,0.0588235294117647,0.6929537234301125,1.4183663060987777,0.05,0.0526315789473684,0.0588235294117647,0.7515321962984666,1.911983569558294,0.1,0.1052631578947368,0.1176470588235294,0.8069078771228364,1.953694947806133,0.1,0.1052631578947368,0.1176470588235294,0.0514446683502183,0.4093708341721657,0.0,0.0,0.0,0.0370659935161497,0.4588105583026228,0.0,0.0,0.0,0.4356325222513177,1.4072742238133449,0.05,0.0526315789473684,0.0588235294117647,0.4535085336049551,1.5027441984197731,0.15,0.1578947368421052,0.1176470588235294,-0.0959293393774981,0.3137284546309526,0.05,0.0,0.0,0.75,0.75,0.6428571428571429,0.4285714285714285,0.7857142857142857,1.1368683772161605e-13,26.54500585126787,0.6230431426755996,-0.8170200157075095,0.0,24.582250316488757,1.6702925224123708,-0.7862358188691343,0.0,16.344539296623967,0.0734266788778124,0.2385408967045126,0.0,14.789182529783268,0.0734266788778124,0.3007062801271479,0.0066666666666666,15.90414533349493,0.0734266788778124,0.2564480723818204,0.0,13.598811305448724,0.0734266788778124,0.3531550944856276,0.0066666666666666,16.227716971149153,0.0734266788778124,0.2426034941998894,0.0,23.90857568677062,1.916488831013464,-0.672024925667023,0.0,23.943580634993022,1.49565628849316,-0.652714032455462,0.0,23.574549391290716,2.1679478543396,-0.8864652761452423,0.0,21.56692043105735,2.000837882460765,-0.7272856083129836,0.0,23.71379562829851,2.6094199874358,-1.459562453398893,0.0,18.928527418687896,2.077544164306893,-0.5873318293883564,0.0366666666666666,23.154608333841487,2.2015902318889387,-0.8413870291409253,0.0,15.118062223506875,0.7767570479964351,-0.0879724400969292,0.2366666666666666,22.565644347206668,1.3931515867433728,-0.7686439402015653,0.0133333333333333,4.001966198385315,198,"[1.0, 0.796305639067117, 0.2393474556140538]","[0.0, 2.9093524347858533, 6.864682018889236]",1.1218160762339116,0.6440762629573633,18.767355100242657,0.8440216472182354,4.21653734913023,54.768523660008405,0.3468970247320709,0.6098161709769228,9.743931524371446,0.4433180706393314,0.0176891161221661,0.2647309212746509,4.0,"{""overproduction"": 0.8782981142334662, ""waiting"": 0.44693871010618813, ""defects"": 2.5552020169649166, ""inventory"": 0.2958703167406759, ""transport"": 0.6268317675188152, ""motion"": 0.27847254904663765, ""over_processing"": 0.4766448598052372}"
73.19346164791651,0.8692282708233925,2.5306264424049325,0.0476190476190476,0.0526315789473684,0.0,1.027718184727703,2.617938149329038,0.0476190476190476,0.0526315789473684,0.0,0.9768760936546708,3.2158516924859395,0.0476190476190476,0.0526315789473684,0.0,1.14331482955383,3.3280448733996524,0.0476190476190476,0.0526315789473684,0.0,0.2516228617216759,1.072349527192943,0.0,0.0,0.0,0.2970476894669514,1.1163322960086928,0.0,0.0,0.0,0.6914041229744566,2.3696050006285296,0.0476190476190476,0.0526315789473684,0.0,0.768963572964989,2.423223870708537,0.0476190476190476,0.0526315789473684,0.0,-0.1556979738328674,0.5001857045916887,0.0,0.0,0.0,0.75,0.7857142857142857,0.6428571428571429,0.6785714285714286,1.0,1.1368683772161605e-13,14.251070228406132,0.1022415522309919,-0.0672741950385559,0.0,13.319837210065922,0.090219808743915,-0.0647610910896997,0.0,11.990806766293682,0.0891505802097966,0.3079497937268146,0.0,11.659282154482764,0.0977882583091182,0.3242607158104317,0.0,9.050676777044217,0.0891505802097966,0.4499512964075923,0.0033333333333333,11.649866639590314,0.0914754442754571,0.3141004683120033,0.0066666666666666,11.990806766293682,0.0891505802097966,0.3079497937268146,0.0,12.553485732469548,0.2879497599515793,-0.3873734436149341,0.0,12.838991757995274,0.1750780801392382,0.0637848770291849,0.0,11.751954289958288,0.3238106078192516,-0.0820896041110358,0.0,12.095391306469734,0.2891849963933087,-0.0482849201676349,0.0,8.333321143835049,0.6031203826098218,0.0683586670759719,0.0,11.50200789508299,0.29881861315693,-0.0216631114924208,0.01,12.490379421311614,0.1734324614979543,-0.3485651976421164,0.0,9.938191650733936,0.3154097100542337,-0.1799121203228102,0.11,12.193307734312189,0.3190008981520259,-0.1199834248433657,0.0,1.2649510097734575,199,"[1.0, 0.46167395787532883, 0.1870624885455576]","[0.0, 5.115714360591898, 9.698222483676844]",0.7087963388973003,0.7933542776371738,4.3969573240028925,0.3033669329019964,2.997586886357863,73.2009254464584,0.1611022610061896,0.2864541109056825,14.59564802465056,0.3366340519412482,0.0063117976123269,0.2656114131754046,4.0,"{""overproduction"": 0.9743148751881429, ""waiting"": 0.969918204557052, ""defects"": 3.178403893799551, ""inventory"": 0.32250466536459577, ""transport"": 0.9982669205020154, ""motion"": 0.40267219361864626, ""over_processing"": 0.30405473459211785}"
106.34436661000343,0.9015455575285196,2.4133099514598664,0.1666666666666666,0.1176470588235294,0.1333333333333333,1.2194391986000392,2.865561787403452,0.1666666666666666,0.1176470588235294,0.1333333333333333,1.4710484991805513,3.894298774833549,0.2222222222222222,0.1764705882352941,0.2,1.8265508785212945,4.274967783885102,0.2222222222222222,0.1764705882352941,0.2,0.2822968751897185,1.1832303933157051,0.0,0.0,0.0,0.2905662425347862,1.1198144438728506,0.0,0.0,0.0,0.9061734801217296,3.0845864515981685,0.2222222222222222,0.1764705882352941,0.1333333333333333,1.146581951657201,3.317447451404159,0.2222222222222222,0.1764705882352941,0.1333333333333333,-0.1623256034452826,0.4707962117541572,0.0,0.0,0.0,0.8571428571428571,0.75,0.6785714285714286,0.5357142857142857,0.9642857142857144,2.557953848736361e-13,28.54769743218188,0.85646216297795,-0.6299635837975149,0.0,24.71874024187585,1.5102409712520797,-0.4848477826612147,0.0,24.787508875082487,1.1282319922942456,-0.3363347483484578,0.0,23.94795791387555,2.481879606372669,-0.4734050299781185,0.0,24.321150912695902,1.7288452900132818,-0.4926076564242307,0.0,24.38849028209536,2.5176947309731683,-0.4430235114472633,0.0,21.66501489840148,4.421989507639242,-0.7557005094311582,0.0,23.50222471624517,2.754663605437364,-0.7662449713941067,0.0,24.20972617683876,2.487348739231602,-0.6868211823876997,0.0,22.840148039949103,3.806634862881249,-0.727924413334603,0.0,22.775899081142068,3.800367863974772,-0.7217504609025024,0.0033333333333333,21.66501489840148,4.421989507639242,-2.0222206406104304,0.1166666666666666,21.891931919341285,2.656206874412509,-1.025699038475848,0.03,23.03120763311934,2.49082944194904,-1.028566464297173,0.0066666666666666,18.436915210354474,0.972844116464123,-0.2965121789184665,0.15,22.555595450419037,3.4207173673406093,-0.9292525936258754,0.01,3.2582094292251806,200,"[1.0, 0.7133378597857554, 0.3335936416752693]","[0.0, 0.48535909939386496, 1.2308588337196558]",0.8393920744730076,0.6906543615874954,15.974881844739375,0.4440129696157255,5.170841356063443,460.57746772344296,0.3258823806481243,0.8376150868188669,6.812892789530247,0.6500319784557844,0.0177472775445765,0.2926967515402639,4.0,"{""overproduction"": 2.010041061454761, ""waiting"": 0.6798175952147164, ""defects"": 2.7294600086812886, ""inventory"": 0.4892603296774767, ""transport"": 1.5082032233282732, ""motion"": 0.6182468236441314, ""over_processing"": 0.2072434134162971}"
64.2432884696074,0.3908346591234131,0.891841226659456,0.0588235294117647,0.0625,0.0714285714285714,0.4947762837935385,1.0858255462763369,0.0588235294117647,0.0625,0.0714285714285714,0.6063044761070774,1.477843613855485,0.0588235294117647,0.0625,0.0714285714285714,0.7709272131769823,1.6878630081515171,0.0588235294117647,0.0625,0.0714285714285714,0.0243622970981038,0.2678101663735193,0.0,0.0,0.0,0.0259408147339781,0.3277218021984545,0.0,0.0,0.0,0.3351257370324877,1.0405312534969482,0.1176470588235294,0.0625,0.0714285714285714,0.4235531519038366,1.258671961672697,0.1176470588235294,0.0625,0.0714285714285714,0.0554081200623256,0.1752908260616729,0.0,0.0,0.0,1.0,0.9642857142857144,0.7857142857142857,0.6428571428571429,0.9285714285714286,1.1368683772161605e-13,18.109021428070378,0.3026695602194955,-0.3096394660797292,0.0,17.415867089620324,0.3334928425933174,-0.3760097060852329,0.0,11.007144582375368,1.8312629311143351,0.2197296457178514,0.0,8.583502072040657,1.3029346592073348,0.391682578647179,0.0,8.940805729492178,0.8558372348965607,0.3706430795449746,0.0,8.738303986111896,1.5016210287570166,0.3768250239597172,0.0,17.389695392518224,0.2780323730095777,-0.4168468103486984,0.0,16.75133779665233,0.4383129023251821,-0.2811495627060693,0.0,17.22789038925264,0.3977910286484263,-0.4025220639405343,0.0,16.186821890772876,0.4793224360720518,-0.292424245644627,0.0333333333333333,13.81179722768479,0.4628944077791048,-0.1969792396363573,0.08,13.72021383506927,1.191822610507559,-0.0152847258030287,0.0,13.355447481917196,0.6906336497189965,-0.1092000404309395,0.0,14.544494098180996,0.6902060612890549,-0.1020681465361058,0.0,14.90480040068974,0.4314027665714972,-0.2686757640348753,0.09,17.236227675066967,0.4254507981849553,-0.3838979654620303,0.0,1.7652545737152134,201,"[1.0, 0.6091371793158069, 0.21280921851938545]","[0.0, 0.7037576888760325, 1.4483868629398082]",0.339658028467471,0.7269107297217453,4.096938705854894,0.4504667702492539,5.953536649521678,251.69824343447263,0.1614653920476171,0.5122941414501041,10.009003244952725,0.3916414531372523,0.0097590266929747,0.2998915366822977,4.0,"{""overproduction"": 1.3179470964421443, ""waiting"": 0.4325187174881852, ""defects"": 3.437861190509076, ""inventory"": 0.5506418560281278, ""transport"": 0.8829545063954152, ""motion"": 0.31445502187748664, ""over_processing"": 0.30203506009924425}"
79.56446150049463,0.7824840822316361,2.2908976722632457,0.1428571428571428,0.1,0.1111111111111111,0.7802195793347427,2.2836838596915805,0.1428571428571428,0.1,0.1111111111111111,1.2080923121312863,3.52614665342853,0.1904761904761904,0.2,0.2222222222222222,1.258112447329563,3.544034645787656,0.1904761904761904,0.2,0.2222222222222222,0.2239494200985858,1.246288325126473,0.0,0.0,0.0,0.2533572594084111,1.2394275851484262,0.0,0.0,0.0,0.9857615836550576,3.138391685243098,0.1428571428571428,0.15,0.1111111111111111,1.034628105830946,3.178510029529568,0.1904761904761904,0.2,0.1666666666666666,-0.0143351215164664,0.4099959403709947,0.0,0.0,0.0,0.5714285714285714,0.5714285714285714,0.4642857142857143,0.4285714285714285,0.9285714285714286,1.7053025658242404e-13,20.90167783203803,0.5789435816949668,-0.8575576335005455,0.0,17.492923031227757,1.4996182235354825,-0.6075568954938926,0.0033333333333333,14.037941990574003,2.014627410767527,-0.0575199559714781,0.0,9.865795641538789,3.046267128648465,0.2235608225782896,0.0,2.292880700270989,6.114923899492105,0.067346715476063,0.0466666666666666,7.726471280903861,2.491621652154244,0.4078224198821783,0.0,14.11749025352376,2.568494921014282,-0.3502001094589015,0.0,17.291025732070533,1.4431143187421245,-0.5660495195067896,0.0,16.991588509054974,1.4696921257174742,-0.5198098978289237,0.0066666666666666,16.481466886648267,1.5342778371329604,-0.4398883143575188,0.0,16.333813888431212,1.5342778371329604,-0.428074851136042,0.0033333333333333,6.151142277657509,9.982302680526082,-11.13189430246775,0.3333333333333333,2.023991752079876,1.900496832476328,0.5861111424699476,0.4133333333333333,14.817028986586465,2.4400511297812737,-0.5653818406427864,0.01,13.939935786658458,0.8789503802663008,-0.1241730778615001,0.0933333333333333,15.22947712022594,2.999480536365066,-0.6428545123701157,0.0,2.70959469357231,202,"[1.0, 0.549013722410589, 0.23283992322805613]","[0.0, 3.492762618514106, 6.699303620654858]",0.6316238264273163,0.3932082329474824,19.75634790928301,0.7285965779026666,7.310789515738984,485.5699769884868,0.3090023193659393,0.6551941669223227,4.2794186457334265,0.6731228583577317,0.0159580253222962,0.0536455632421592,4.0,"{""overproduction"": 1.3725341853780988, ""waiting"": 0.4210869865581957, ""defects"": 3.4527986811852567, ""inventory"": 0.29443744616135287, ""transport"": 0.4664670321206303, ""motion"": 0.36484240644671134, ""over_processing"": 0.5806191091345583}"
69.32575768332664,1.028063969132922,2.919275705460802,0.0526315789473684,0.0625,0.0769230769230769,1.1380938021695826,3.014000918713111,0.1578947368421052,0.1875,0.1538461538461538,1.45450684247305,4.806371683230994,0.3684210526315789,0.25,0.2307692307692307,1.6066847005504756,4.845969373505485,0.2631578947368421,0.25,0.2307692307692307,0.1478106550090876,0.7085091498590665,0.0,0.0,0.0,0.1524786843809624,0.6808568147053567,0.0,0.0,0.0,1.1342514029598376,4.1405829836751975,0.2105263157894736,0.125,0.1538461538461538,1.245341453819711,4.164960111665255,0.2631578947368421,0.25,0.2307692307692307,-0.0548049521984231,0.2996323417731088,0.0,0.0,0.0,0.8928571428571429,0.8571428571428571,0.5,0.4642857142857143,1.0,1.1368683772161605e-13,9.994699066201932,0.6560588221328665,-0.2885320574491178,0.0,9.223391448154226,0.8942413592313998,-0.2653188241346806,0.0,5.363577404202901,0.785000662827076,-0.1648771932656637,0.0,3.386215270592807,0.7941470555078562,0.1285913467941927,0.0033333333333333,1.3061722572112884,1.1881252174218258,-0.472594170654248,0.1766666666666666,2.496795712420557,1.119448288965332,-0.0430855296920499,0.04,8.695683871438334,1.211851594131293,-0.2586383531808359,0.0,7.937047955549736,1.3557869170654406,-0.1018087090388466,0.0,7.649241606886512,1.0286655722192064,-0.0651274272273486,0.0,7.158080298318631,1.2656112772425172,-0.1319939309991716,0.0666666666666666,5.180713739774624,1.1604175051451946,-0.2611704540312841,0.24,2.629307647536516,2.4187200156434305,0.5160245121589276,0.17,8.141476892133742,1.2969165201590305,-0.7571321211145574,0.0,6.242372237272699,1.4625880504404676,-0.0794527839269918,0.0833333333333333,4.178510709158353,1.3718909998699398,0.0694997587217579,0.3733333333333333,7.30285542268158,1.2103670285767671,-0.0542605808894196,0.0233333333333333,1.5592735324072744,203,"[1.0, 0.6641370298165301, 0.5572378486838446]","[0.0, 2.213732584814059, 6.493668796188205]",0.2563415570144354,0.9855535844315496,0.7034627146466077,0.8255640068099104,4.33401125733705,507.04530290518574,0.1945667556580665,0.5358533649301884,0.6487987410022761,0.5451237836078532,0.0158745281061411,0.1302235250048257,4.0,"{""overproduction"": 0.7872630692319997, ""waiting"": 0.7235745725012951, ""defects"": 2.308783343156728, ""inventory"": 0.33778182285585157, ""transport"": 0.9090908283085964, ""motion"": 0.3450851137537657, ""over_processing"": 0.40500519909372384}"
58.51497022148764,0.5968927636048456,1.7637956753006323,0.1,0.1,0.125,0.6539137653084323,1.8324760274494616,0.1,0.1,0.125,0.8858222010640036,2.5159781205481893,0.1,0.1,0.125,0.9750117738534324,2.629067166994977,0.1,0.1,0.125,0.0741027218984402,0.5354370704904732,0.0,0.0,0.0,0.0849289701454367,0.5885069565906226,0.0,0.0,0.0,0.7338072909098157,2.163476728936297,0.1,0.1,0.125,0.8577722402050773,2.2711446763622387,0.1,0.1,0.125,-0.0727756130310096,0.2368561588895528,0.0,0.0,0.0,0.9285714285714286,0.8928571428571429,0.6428571428571429,0.5714285714285714,0.8571428571428571,9.947598300641405e-14,15.99478393661965,0.8330975913811713,0.0680681861180604,0.0,15.99016858575953,0.8721063205404657,0.0682997858992769,0.0,14.018562806926102,0.8545040568130182,0.1731861075888504,0.0,12.530425923300088,0.796012043035941,0.2431347799131232,0.0,2.941440726861347,0.2482971460028606,0.7348443949134271,0.1266666666666666,6.537776903702599,0.6000471066860192,0.5793481251961825,0.0,14.286497939721343,0.8721063205404657,0.0006055974068306,0.0,15.369013594046631,0.8721063205404657,0.0392180461761718,0.0,15.786909654311549,0.8721063205404657,0.0591863695771027,0.0,14.99172892201114,0.8721063205404657,0.0416173601112028,0.0,13.426911059355689,0.8346705103957445,0.1422339470853247,0.0,14.90664590707416,0.8721063205404657,0.0376489326203925,0.0,8.092867114174702,0.4959105539972921,0.3100989466992662,0.1433333333333333,14.962336876143176,0.8643215896346081,0.0685054047870848,0.0,13.706576980455242,0.8557011299353771,0.084995746180052,0.0133333333333333,15.559464418406693,0.8721063205404657,0.0527792370334951,0.0,0.6184488663682361,204,"[1.0, 0.6132564901830136, 0.2325546003918063]","[0.0, 0.09260117399497061, 0.20504904526841394]",0.0311623785739446,0.301202256462299,2.523083929373135,0.7027874358105344,1.2648464237181156,532.6206683322362,0.1792256378376499,0.46511809283909,11.937481309238208,0.3290408902449218,0.0113052631316237,0.1122496282127958,4.0,"{""overproduction"": 0.6472481488457328, ""waiting"": 0.6649562458404369, ""defects"": 3.817614337010177, ""inventory"": 0.22288939988967377, ""transport"": 0.8540404535199241, ""motion"": 0.32091516128732567, ""over_processing"": 0.40340545430375224}"
85.44953881843662,1.3315725624759496,3.924435459518003,0.1111111111111111,0.125,0.1428571428571428,1.3500556884454027,4.039474124816942,0.1111111111111111,0.125,0.1428571428571428,1.9634822365660651,6.132663074148016,0.1111111111111111,0.125,0.1428571428571428,2.027770879359939,6.354240694006528,0.1111111111111111,0.125,0.1428571428571428,0.4977212254024868,1.8444242145585985,0.0,0.0,0.0,0.6042034582711114,1.8913250556586971,0.0,0.0,0.0,1.5969586469056607,5.24715739389199,0.1111111111111111,0.125,0.1428571428571428,1.74506159205098,5.429361126843264,0.1111111111111111,0.125,0.1428571428571428,0.1941215505097391,0.8097505446471601,0.0,0.0,0.0,0.7857142857142857,0.6785714285714286,0.5714285714285714,0.5,1.0,1.4210854715202006e-13,26.814907700748023,0.3402484889666463,-0.0125623828964042,0.0,24.679727892363044,0.4346726288698346,0.1161777263952698,0.0,23.82539670103347,0.3044264095567957,0.2063139352202689,0.0,23.82356511706973,0.312191261848544,0.2053874946319419,0.0033333333333333,17.839642530302683,1.0018287922415083,0.3043484642664729,0.0,17.48889786589171,1.01059388106962,0.2855431444289029,0.0066666666666666,23.82539670103347,0.3044264095567957,0.2063139352202689,0.0,24.010516850605768,0.3786413577241255,0.081594188591573,0.0,22.301150137004655,1.082539764921106,0.0297576611736873,0.0133333333333333,24.54497654722316,0.5147749156573487,0.0896049497389017,0.0233333333333333,24.1174099601709,0.5147749156573487,0.0951902001463107,0.02,13.555923004621963,4.003067999569407,-0.7644047907226507,0.25,17.206221096456865,1.2765463481978812,0.0895755036526582,0.0333333333333333,16.411774748355462,1.1935598979660604,0.1715312306045587,0.0433333333333333,23.298803207818477,0.3265332853560435,0.0653982382781186,0.02,22.138865265314244,1.0698742464864444,0.0794538179664621,0.0133333333333333,1.506518136642686,205,"[1.0, 0.731045732724902, 0.23004504581003252]","[0.0, 3.3243351566069137, 9.29348831945685]",0.4853824076636973,0.2973125554182086,8.329364168428102,0.6711262210959968,14.326399109439462,600.8318293548901,0.1510549206936171,0.2217700841313317,9.332460598101449,0.5938757732140747,0.0153460098363279,0.1623265821656063,4.0,"{""overproduction"": 0.9422036224496635, ""waiting"": 0.9008802212386311, ""defects"": 2.3124087620394023, ""inventory"": 0.5575803821139266, ""transport"": 0.7812008870055194, ""motion"": 0.154964053488277, ""over_processing"": 0.4417299383651926}"
65.49026845624932,0.4713289038527177,1.975806213563367,0.1,0.0666666666666666,0.0833333333333333,0.5183154143282173,2.20851873904678,0.1,0.0666666666666666,0.0833333333333333,0.6869722455676148,2.486496273323794,0.15,0.1333333333333333,0.1666666666666666,0.7178862058488882,2.726344145431523,0.15,0.1333333333333333,0.1666666666666666,0.0874477569388342,0.4916855827513897,0.05,0.0,0.0,0.1412742750486343,0.7251664607732604,0.05,0.0,0.0,0.4730583284055507,1.6368428314145371,0.15,0.1333333333333333,0.1666666666666666,0.5956695181115303,1.975472542303664,0.15,0.1333333333333333,0.1666666666666666,0.0167861848761496,0.3262999126240038,0.0,0.0,0.0,0.7857142857142857,0.6785714285714286,0.6785714285714286,0.6428571428571429,0.9642857142857144,8.526512829121202e-14,18.935819635794896,0.588572301511102,-0.2189951367732757,0.0,17.319139812878493,1.6891780397380511,-0.13540480852501,0.0066666666666666,1.220695677619565,1.529525589982275,0.8998203694673814,0.0,-0.1139082687486978,1.755566540511308,1.0093953332314856,0.0,7.452907256259746,1.606320545390775,-0.2648492970576798,0.0466666666666666,4.525426503461743,0.8137417767484737,0.554189953884887,0.0333333333333333,15.503743964924023,2.887514133142276,-0.089592101303357,0.04,16.39010835929893,2.2990371588245164,-0.1197166068861707,0.0266666666666666,16.60412168032669,1.9336630657261304,-0.1283544954177495,0.0133333333333333,15.63862437819956,2.00897584652315,-0.0866271080160468,0.0066666666666666,15.09330851915937,2.339283762684714,-0.079198571523841,0.0033333333333333,14.47658809830259,2.684574447401693,-0.0829176711794551,0.0166666666666666,10.268229133731776,2.8047602661525626,-0.2389185323259424,0.0533333333333333,10.276105721839537,1.9872189111722889,0.0809449236536739,0.0966666666666666,6.494279078525347,0.9461582960959952,0.1978997728081926,0.37,15.278274535641769,2.2966907203995874,-0.0575381630207052,0.0166666666666666,2.933984878318408,206,"[1.0, 0.8012875171814264, 0.17472000950119065]","[0.0, 6.0970924690288575, 13.711786812065485]",0.054551288981472,0.1997144412689693,13.008529940963651,0.3830098804062077,2.6053472320663094,561.0718806791241,0.0594974334528806,0.8371059471700506,7.88845679822513,0.3627678295137553,0.0177154493001421,0.098991788291614,4.0,"{""overproduction"": 1.8443949387251408, ""waiting"": 0.3340700785123605, ""defects"": 3.822383633686758, ""inventory"": 0.3087678792687103, ""transport"": 1.012540854200788, ""motion"": 0.1516256239961039, ""over_processing"": 0.47703155824093924}"
82.60805001552136,1.2066435224239147,3.0876538668901383,0.0476190476190476,0.05,0.0588235294117647,1.2770804431657945,3.220003526307687,0.0476190476190476,0.05,0.0588235294117647,1.5704473932625764,4.281540155285982,0.1428571428571428,0.15,0.1764705882352941,1.7004222336961756,4.5008054773825785,0.1428571428571428,0.15,0.1764705882352941,0.3291797940573389,1.2285407123111904,0.0,0.0,0.0,0.2902642043853554,1.3382846598536426,0.0,0.0,0.0,1.0667034544659315,3.3024131685489397,0.0476190476190476,0.05,0.0588235294117647,1.2452567117640687,3.526529515273786,0.0476190476190476,0.05,0.0588235294117647,0.0318563042072139,0.3284748927869508,0.0,0.0,0.0,0.8214285714285714,0.75,0.5714285714285714,0.4285714285714285,1.0,3.552713678800501e-13,23.573109012743537,0.163894023440427,-0.5453429271807967,0.0,20.485138924629403,0.8974546093925854,-0.4002742673664251,0.0366666666666666,14.31689899459514,0.4882714793632406,0.3491357775300978,0.0,12.673152694860148,0.0466564991238808,0.4214842133513515,0.0,11.338057343172698,0.3039944574869605,0.3254020347146814,0.0633333333333333,11.072909698729031,0.8238548673168988,0.4565750746520602,0.0,19.742541185839787,0.26532670379953,-0.2258012788736689,0.0,20.090989352137683,0.9031045138963124,-0.4167944050425876,0.0333333333333333,19.504005784652172,1.2164962558899794,-0.5377230932814209,0.08,19.930706173513563,1.3529554266738282,-0.5312557116691156,0.0466666666666666,20.247451103463007,0.8440723368649742,-0.4505014267982828,0.0433333333333333,18.10536330472363,2.781609738601594,-1.0517561489671885,0.1366666666666666,16.547557692474783,0.2752974073028629,0.0766603872888499,0.0,19.69886455919493,0.5543742953912539,-0.2531122360851153,0.0166666666666666,18.151148680743884,0.3983785831670006,-0.0812982403949433,0.01,18.47480234745689,2.036913895938432,-0.711204212045976,0.1133333333333333,2.015030674501796,207,"[1.0, 0.5373667769917573, 0.2906324786717814]","[0.0, 4.6361901415904025, 8.822119271911529]",0.7673245818174705,0.507528665154618,23.953134837994305,0.5073420183601103,1.4399934103580607,639.6048503510717,0.2734902980011135,0.6413194050980563,1.609210409777619,0.6137592544061969,0.0142295363624413,0.1861301504891971,4.0,"{""overproduction"": 0.9263059568644452, ""waiting"": 0.5554474713204026, ""defects"": 5.070466823780791, ""inventory"": 0.2538793109837196, ""transport"": 0.8746846218358547, ""motion"": 0.3628168588293988, ""over_processing"": 0.32578260362405603}"
111.2023483525138,1.1887169312365131,2.5069887761604064,0.0869565217391304,0.0476190476190476,0.0588235294117647,1.2909448254892042,2.725248132050803,0.0869565217391304,0.0476190476190476,0.0588235294117647,1.4701356520225473,3.394584385660157,0.0869565217391304,0.0476190476190476,0.0588235294117647,1.5291818322071151,3.604409489410887,0.0869565217391304,0.0476190476190476,0.0588235294117647,0.2031519290294823,0.9504416654122144,0.0,0.0,0.0,0.3183971193575315,1.034578742950851,0.0,0.0,0.0,0.8732623043462125,2.6531635986576627,0.1304347826086956,0.0952380952380952,0.0588235294117647,1.0430934422624336,2.932177375237641,0.1304347826086956,0.0952380952380952,0.0588235294117647,-0.0218201117497875,0.5099972670396321,0.0,0.0,0.0,0.8214285714285714,0.7142857142857143,0.6785714285714286,0.5714285714285714,0.9642857142857144,2.557953848736361e-13,28.357551101403857,0.7464331717056432,-0.397772471608001,0.0,26.99912430086201,2.3114577048374705,-0.2800258856161373,0.0,26.1416855678334,3.394327745869242,-0.1841067312672189,0.0,14.185105575696353,2.41069693023865,0.3574752877991136,0.0,16.0132664471973,2.351706872398353,0.2776376837657961,0.0,18.34678765929364,2.5605364369639143,0.1736261092371569,0.0,26.295451885810348,3.389220843475301,-0.1861941842592384,0.0,26.97951996786316,2.3364393267581494,-0.2743132490735576,0.0,26.35522970328211,1.921411697618468,-0.3338754009665846,0.0,26.140507906273715,3.394327745869242,-0.176934480291814,0.0,22.473663048258352,3.0127588348457834,-0.070394400728714,0.0,26.295451885810348,3.389220843475301,-0.1861941842592384,0.0,24.837461156661444,1.6575719911472198,-0.3644934417760876,0.0,26.28054052344078,2.021844815374246,-0.2944596199585235,0.0,17.98467053555909,0.7269404236841636,-0.3497159699516933,0.1633333333333333,24.509893119062085,2.9261379645562937,-0.1996964158494654,0.0,3.904422316111858,208,"[1.0, 0.45598795146256127, 0.1867701717942516]","[0.0, 4.443190768118272, 14.230859101156222]",0.9825552253170984,0.5972950256033637,22.885227196815634,0.588436345486314,1.5798281535793357,309.940555121194,0.3018746524330379,0.1635364558468754,4.488162123767786,0.4209794220843307,0.0185080523248072,0.1308002975938052,4.0,"{""overproduction"": 1.0897671262701976, ""waiting"": 0.5220416757569486, ""defects"": 4.569333319133259, ""inventory"": 0.9390515041763863, ""transport"": 0.6998494997024669, ""motion"": 0.2710955794475602, ""over_processing"": 0.6114951801246982}"
98.18967100923616,1.6901956306626047,5.019767353457604,0.1578947368421052,0.1333333333333333,0.1538461538461538,1.793770554111415,5.116142198386335,0.1578947368421052,0.1333333333333333,0.1538461538461538,2.2868676764791247,7.246224901460068,0.2105263157894736,0.2,0.2307692307692307,2.3845698428549227,7.378443732630903,0.2105263157894736,0.2,0.2307692307692307,0.4248079279711666,1.910254968364471,0.0526315789473684,0.0,0.0,0.3587381887135645,1.9086880023575807,0.0526315789473684,0.0,0.0,1.5729053141750526,5.682461684784116,0.1052631578947368,0.1333333333333333,0.1538461538461538,1.617769344402351,5.747838296165832,0.1052631578947368,0.1333333333333333,0.1538461538461538,-0.0600889370141244,0.184500298409156,0.0526315789473684,0.0,0.0,0.6428571428571429,0.8571428571428571,0.6071428571428571,0.5357142857142857,1.0,1.7053025658242404e-13,22.60687863438529,0.7550788502221449,-0.7003218464949927,0.0,21.668725111763848,0.9857643842431212,-0.7937085854025893,0.0,17.054956186200993,0.4862029305866948,-0.1227822931993396,0.0,17.39920614108787,0.5162793720520669,-0.1574786860135739,0.0,10.30910083961326,2.113398303823097,-0.0661898196375613,0.02,17.701906000530535,0.5492852812649228,-0.2007719730500564,0.0,21.180104515610328,1.0979441238817134,-0.945667994630508,0.0,20.71438973276369,1.470050548146122,-0.634256544285063,0.0,18.43375954760149,1.324900819291725,-0.6106582489334768,0.0133333333333333,17.53945821412101,2.731934540826471,-0.3487485358350969,0.0,16.97350517987363,2.737999307844186,-0.3332039756923501,0.0,14.899189568634284,3.762544110209536,-0.1459717486758666,0.01,15.487121302120109,1.0317794918554328,-0.4580639311040755,0.04,18.671517705551985,1.3045356086927604,-0.950974561527948,0.0,8.896393414251376,1.2212713677029423,-0.3144885046457558,0.5,18.26437214640593,1.3470217780881626,-0.5886772592704788,0.0233333333333333,1.877876735312892,209,"[1.0, 0.601998339330758, 0.49922054322692744]","[0.0, 0.7607941331862247, 1.6781112059870589]",1.097140484343005,0.8220528933610158,12.495479765185364,0.6198636072374694,8.44846030972229,391.7555332940585,0.0305050255456809,0.5899013724129744,10.134509438407427,0.5954241843325832,0.0088160696266673,0.1619230135556474,4.0,"{""overproduction"": 0.45541060792897775, ""waiting"": 0.9013868913053691, ""defects"": 5.8413090158556225, ""inventory"": 0.4225495168591413, ""transport"": 1.0210117699546357, ""motion"": 0.26536764164578414, ""over_processing"": 0.2999987741677416}"
64.59934321071543,0.5909801723178848,1.4285435456348663,0.1111111111111111,0.1333333333333333,0.1538461538461538,0.603032043541096,1.599129327979229,0.1666666666666666,0.1333333333333333,0.1538461538461538,0.7523808183613964,1.9937112498757676,0.2777777777777778,0.2,0.2307692307692307,0.812791300697438,2.2020421358058777,0.2777777777777778,0.2,0.2307692307692307,0.1226533924081337,0.3694074642019964,0.0,0.0,0.0,0.1793636966079841,0.6102797212356034,0.0,0.0,0.0,0.3935622223148685,1.4035139832912908,0.1666666666666666,0.1333333333333333,0.1538461538461538,0.4878879326453337,1.5852528468707416,0.1111111111111111,0.1333333333333333,0.1538461538461538,-0.0096095474051005,0.1963867834960058,0.0,0.0,0.0,0.8571428571428571,0.8214285714285714,0.5714285714285714,0.5357142857142857,1.0,8.526512829121202e-14,25.34493110464197,0.5623076258716553,-0.5159404153310803,0.0,23.29309855047016,1.3202046384551755,-0.4450342186693368,0.0,17.6064858936488,0.2694063620906164,0.0483178521677239,0.0,15.075527614116885,0.4730661598280721,0.1828662871341339,0.0,14.747581445132694,0.2461316421500669,0.1512631310589622,0.0,17.388306791467055,0.2864072532421282,0.0488327281987207,0.0,19.678311244427285,0.7074153630875513,-0.5824290310047434,0.0,23.20083710964178,1.678138897337126,-0.4800395833602028,0.0,22.21512753803121,1.3322179449278384,-0.4761202006565918,0.0,22.885931941655915,1.4680845437159689,-0.4732400820699871,0.0,20.37731158052824,1.4338396329435994,-0.3730051537110994,0.0166666666666666,22.742808540938714,1.8155129570636723,-0.7921659908718953,0.01,21.304476925117758,1.4879065962717848,-0.5876608490135089,0.0133333333333333,21.75558390022689,1.611720609459156,-0.5386279623645882,0.0,14.735652424260811,0.5322655509686242,-0.3100749137010549,0.2533333333333333,21.045599502401124,1.6358237617070672,-0.4639573700793855,0.0033333333333333,4.28243576290005,210,"[1.0, 0.7776015546571726, 0.3740341850571626]","[0.0, 0.8383306683242163, 2.332354870710685]",0.8442706836730473,0.5558531333702081,23.240101359395933,0.4333344689454078,13.364651466395626,197.00039053158213,0.3205767087762944,0.0910873901743997,10.08872072962946,0.5156762177010401,0.0103224623945914,0.2722972840390112,4.0,"{""overproduction"": 1.031942085100695, ""waiting"": 0.3456636154964348, ""defects"": 3.340005390212208, ""inventory"": 0.4351421004810031, ""transport"": 0.48662765658424, ""motion"": 0.42683165162261494, ""over_processing"": 0.3248789702230726}"
77.86718800279799,0.962401603523937,2.8329049965340327,0.1,0.1052631578947368,0.0588235294117647,1.1450486054394275,3.0404269927329826,0.05,0.0526315789473684,0.0588235294117647,1.718238770735817,4.690722578672302,0.1,0.1052631578947368,0.1176470588235294,1.8137809694051152,4.805233599953411,0.1,0.1052631578947368,0.1176470588235294,0.3981986791774798,1.1541147286013662,0.0,0.0,0.0,0.3153563760045512,1.07272351303802,0.0,0.0,0.0,1.1186037454748785,3.709798396009358,0.05,0.0526315789473684,0.0588235294117647,1.2098654446513453,3.803502621086991,0.05,0.0526315789473684,0.0588235294117647,-0.1921050458208473,0.4792246503068597,0.0,0.0,0.0,0.9285714285714286,0.9642857142857144,0.6785714285714286,0.5714285714285714,1.0,1.2789769243681806e-13,20.45437498834482,0.5681849956900701,-0.1842446823935421,0.0,17.851104214144804,1.1378819992606624,-0.1252740502881823,0.0,14.044136066960936,2.0995186799510126,0.1661228201484193,0.0,4.984256521567451,2.717782200664838,0.7279379539020255,0.0,-4.090656266391962,2.5518514516998336,1.4147595871131724,0.1533333333333333,-5.101525404478854,2.3154409578067288,1.3274145802436623,0.0166666666666666,16.564093501965676,0.623268621138031,-0.2260545814218888,0.0,17.551853214098323,1.324971815744023,-0.052736447363755,0.0,16.76919494219612,0.8363130789702444,-0.1523491517754374,0.0,17.09940095706249,1.9529276035682217,0.0023104246839379,0.0,15.815508978930383,1.8909533836971677,0.0196524479099494,0.0433333333333333,11.585813878802554,4.549794682725649,0.4283922732418144,0.0,10.935942505361156,3.6770711251195327,-0.277306534885464,0.2933333333333333,16.353255516558377,0.623268621138031,-0.2104486034723139,0.0,16.22992459169105,1.1096532115994997,-0.0781112476743998,0.05,14.338571679170062,1.8356882389465448,0.0451360600346315,0.0,2.4366942425459848,211,"[1.0, 0.5258923615417965, 0.36623948221253844]","[0.0, 3.094548547294525, 6.8721540253457905]",0.9651974436785968,0.971714559790969,2.359798282540898,0.4399293831930836,13.126724305694742,384.536629517914,0.276094982625855,0.5438820365284689,4.667453510806206,0.5911484827744904,0.0156862972718947,0.216833923675439,4.0,"{""overproduction"": 1.5578916937284784, ""waiting"": 0.7173604792457847, ""defects"": 3.155320253355832, ""inventory"": 0.456478680011251, ""transport"": 0.849211856381044, ""motion"": 0.22594641217580963, ""over_processing"": 0.32242185215523533}"
54.42426227237444,0.605690830157443,1.511471937143619,0.1,0.0588235294117647,0.0625,0.7153255496739265,1.672034628869213,0.1,0.0588235294117647,0.0625,0.8591179695496807,2.098648804926242,0.1,0.0588235294117647,0.0625,0.958016818728093,2.271359056547206,0.1,0.0588235294117647,0.0625,0.1778890013117567,0.5131528991505858,0.0,0.0,0.0,0.2465203836595225,0.5620269269520134,0.0,0.0,0.0,0.5705245640667502,1.573756337466265,0.1,0.0588235294117647,0.0625,0.6524919465220407,1.7492770060250058,0.1,0.0588235294117647,0.0625,-0.0027404256836842,0.1902467881458943,0.0,0.0,0.0,0.8214285714285714,0.8214285714285714,0.5357142857142857,0.5,0.9642857142857144,7.105427357601003e-14,6.345545487006714,0.3493920060746042,-0.0350831650711552,0.0,4.174404608263289,0.9916690944955115,0.2340385077387024,0.0,-9.38091379818335,2.965207544322191,2.186568318032653,0.0,-10.057585080729664,2.8367476269325964,2.2432724644472923,0.0,-9.585299699447972,1.2542091643441071,2.047013739481307,0.31,-8.22680206518962,1.198308126802916,1.9726892618671192,0.0866666666666666,3.346676369759939,0.4720951867619021,0.1662648499207079,0.0,2.4162177928583213,1.1428787699501506,0.6418966007572645,0.03,3.2412529640923085,1.017591718826696,0.3986312769288296,0.09,1.0550568540454992,1.1336710882382557,0.7841758102577844,0.1733333333333333,-0.9451261381880404,1.0477652507030253,1.151752218753907,0.0933333333333333,0.9907750873480742,1.8227737486770912,0.766189035702466,0.13,1.6658989671776772,0.756514734449806,0.7610757046753708,0.0833333333333333,2.5049555555467147,0.9279106825009402,0.6486345609684885,0.0,2.0870085309599085,0.5715303082069245,0.6524212065330616,0.1633333333333333,3.400035545664305,0.8857201914464496,0.3523842591127796,0.05,2.3586531347416937,212,"[1.0, 0.6290409193642215, 0.27741233241197627]","[0.0, 5.5101616534062225, 14.09128489564095]",0.3267524628613727,0.379677495332088,7.054545085017638,0.686845398039961,13.732973922733631,488.92754832258805,0.3516210593870806,0.150395217680861,6.009239878364874,0.3890409525358896,0.0171138035412029,0.1231520683989921,4.0,"{""overproduction"": 0.5353455385904727, ""waiting"": 0.33072861828391, ""defects"": 3.855673291433789, ""inventory"": 0.2853754654749573, ""transport"": 0.9432577076297003, ""motion"": 0.19417255377440598, ""over_processing"": 0.426642561888151}"
66.27307593006942,0.3308893819205168,1.3748486715113395,0.0476190476190476,0.0555555555555555,0.0666666666666666,0.3763426996145081,1.499481329688718,0.0476190476190476,0.0555555555555555,0.0666666666666666,0.5769273912238427,1.9035718979995664,0.0476190476190476,0.0555555555555555,0.0666666666666666,0.5844915530050648,2.0548765455971125,0.0476190476190476,0.0555555555555555,0.0666666666666666,0.1505713789020698,0.6931081775682595,0.0476190476190476,0.0555555555555555,0.0,0.1424810901304367,0.8441398523341533,0.0476190476190476,0.0555555555555555,0.0,0.4702240256017829,1.4811493222910486,0.0476190476190476,0.0555555555555555,0.0666666666666666,0.5200807386899514,1.6293421585014485,0.0476190476190476,0.0555555555555555,0.0666666666666666,-0.055757494010669,0.1834670957924661,0.0,0.0,0.0,0.7857142857142857,0.6785714285714286,0.6071428571428571,0.6428571428571429,1.0,9.947598300641405e-14,23.706952600486467,0.7627383915208075,-0.8605685384404828,0.0,21.806287359055474,2.137720745495188,-0.6920835699673559,0.0,17.008375916379194,3.473621709024409,-2.6333207771835974,0.0,12.155866677120049,3.361292148207689,-1.4118097232332392,0.0,11.205487277019753,2.384476876092699,-0.4961096709498747,0.0066666666666666,15.441939054556215,3.5868362543750725,-3.302532713161524,0.0,19.1277284249507,4.086395447962233,-0.4352096636830143,0.0,20.71234674207591,2.6048674833185617,-0.6099714144129702,0.0,20.53974284393094,1.855879639840721,-0.8090933185562228,0.0,19.637834095376192,3.614805258796175,-0.4954603642195341,0.0,17.612703922530503,3.9563790321493086,-0.3856448234800795,0.0,19.1277284249507,4.086395447962233,-0.4529878240072235,0.0,18.862052399264314,2.984169384191516,-0.56441272705603,0.0533333333333333,21.088134314134,2.069974983229618,-0.6722617419850062,0.0,14.562705841350322,0.6270379718143645,-0.3713412640267493,0.0466666666666666,19.303491348436868,3.439517532282842,-0.5339700541855238,0.0,3.882811843176903,213,"[1.0, 0.5582405226428873, 0.2662782804668516]","[0.0, 7.707783971940442, 14.16619067563136]",0.6800340332320335,0.9050019139063958,13.455370530677444,0.5764773171546306,12.817827894474666,586.3525488747831,0.2220892806304811,0.1860967658262481,8.586565225394395,0.3264257590568213,0.0199432256105908,0.1515603987000949,4.0,"{""overproduction"": 1.1002018684887882, ""waiting"": 0.38907295075230214, ""defects"": 1.3499417201463426, ""inventory"": 0.33360494998754264, ""transport"": 0.5105112873190998, ""motion"": 0.16684311527784793, ""over_processing"": 0.5182094110159129}"
58.22474498963689,0.6370394172984504,1.3922773434899038,0.0952380952380952,0.0588235294117647,0.0714285714285714,0.781965423787688,1.569965230580702,0.1428571428571428,0.1176470588235294,0.1428571428571428,0.7610827223074719,1.965092320741846,0.1904761904761904,0.1764705882352941,0.2142857142857142,0.8217584090348501,2.0721661898531147,0.1904761904761904,0.1764705882352941,0.2142857142857142,0.1655247923408108,0.4991993682482427,0.0,0.0,0.0,0.1800665372240415,0.5778122034532447,0.0476190476190476,0.0,0.0,0.4056294164160091,1.4454480535844505,0.1904761904761904,0.1176470588235294,0.1428571428571428,0.4732543136880839,1.5713252197963792,0.1904761904761904,0.1176470588235294,0.1428571428571428,-0.0596487845224631,0.2584244719311961,0.0,0.0,0.0,0.7142857142857143,0.5714285714285714,0.5,0.4285714285714285,1.0,1.1368683772161605e-13,8.071328149628691,1.0270043636625152,-0.2564863055699469,0.2033333333333333,4.216458660220356,2.4900402605836423,0.2067668460401012,0.2666666666666666,-1.3970711834482932,2.905955804744251,1.418507610326714,0.0,-5.854625567701719,3.0662223477269026,3.093992294403201,0.0066666666666666,-12.494406642380548,6.329162700402881,9.0253609828364,0.02,-3.797273185397032,3.046598744556002,2.20647220094361,0.0133333333333333,-3.430128952703355,7.475654728148275,1.5273808168824792,0.09,2.8418271447905266,2.577166002146257,0.2362654066296106,0.48,2.3770148290532824,2.735285902034622,0.5059431078544315,0.2333333333333333,1.8082533690074047,3.777019572533834,0.6687403195188404,0.2766666666666666,1.95689892356545,3.360936601749597,0.5918665737439402,0.2533333333333333,0.2331936990070665,5.533965634316109,0.961987522547204,0.1433333333333333,-0.8244057348923381,1.2532623289412377,1.710840262811523,0.5633333333333334,1.777798558950993,3.0520559499203546,0.6419186098610024,0.2566666666666666,1.431092079164694,1.841709305399076,0.0784842246020173,0.7566666666666667,2.385006010669162,2.4795063198636043,0.5073919461187694,0.1866666666666666,3.1506453564212302,214,"[1.0, 0.6378332874971486, 0.41177637438329884]","[0.0, 3.8789185111692084, 8.31500822203088]",0.3119876072973639,0.0159761001351242,5.235965695299191,0.5508192307614761,2.3466546307811424,509.466746077044,0.3580841254123903,0.4144596755117866,11.756261266717727,0.6350348772588692,0.013763613945066,0.2807390482470991,4.0,"{""overproduction"": 1.2617057767647994, ""waiting"": 0.27992065415826933, ""defects"": 2.1636930922897175, ""inventory"": 0.5708637079275664, ""transport"": 1.3978846407835481, ""motion"": 0.35207756577628746, ""over_processing"": 0.36914371243379507}"
89.8585011480736,0.4130440580104271,2.134432768223377,0.0952380952380952,0.1052631578947368,0.0,0.2341206607573251,2.1492185063690137,0.0952380952380952,0.1052631578947368,0.0,0.9244958814269004,3.4385348029818807,0.1428571428571428,0.1052631578947368,0.0,0.8408354381255185,3.412822114253981,0.1428571428571428,0.1052631578947368,0.0,0.2864078738138105,0.9618019042670068,0.0,0.0,0.0,0.1693913837701572,0.975620135597344,0.0,0.0,0.0,0.8078064046096933,2.7880193088800143,0.0476190476190476,0.0526315789473684,0.0,0.9364741609700636,2.877796378461134,0.0476190476190476,0.0526315789473684,0.0,0.1721760250353905,0.4029434565967389,0.0,0.0,0.0,0.9285714285714286,0.8214285714285714,0.5714285714285714,0.5714285714285714,1.0,2.842170943040401e-13,28.79527993524156,0.7478049057593802,-0.6820203705711477,0.0,25.27090578958885,2.3313610916510017,-0.6422152934928612,0.0,16.734128260244173,0.540903835864069,0.1263710488013624,0.0,8.429051518492571,0.7444342442227629,0.5576451045622814,0.0,1.306489169360033,0.2383288626758619,0.9246019740170331,0.0,4.058961265657648,0.2296309284468329,0.7745776153990481,0.0,21.453381968821365,5.90549929268272,-0.3022741048704739,0.0,24.59137342669999,2.7704585000947093,-0.4639146751102342,0.0,23.90182573024357,3.148010492003,-0.4741954137840072,0.0,24.185186299724485,2.899017719686366,-0.6904871065161612,0.0,24.204784195052948,2.9180197214497943,-0.7171387208645673,0.0,23.521548735508603,4.32056857039299,-0.5196322773625857,0.0,18.67078898700357,1.4450887623095092,-0.3569733758840831,0.0133333333333333,23.75683782642744,1.902210520289928,-0.3698773527093976,0.0033333333333333,13.7800962759333,1.0045391835531474,-0.3890122388998056,0.2,23.39404044725643,3.2292025810256253,-0.5345934133896699,0.0033333333333333,3.273898228255308,215,"[1.0, 0.6085595745078727, 0.2444548631250062]","[0.0, 3.945278160861193, 11.28820325395293]",0.8620415042942731,0.4221127865784027,12.334545038110232,0.437234857852725,6.455614253896556,643.6538311294001,0.260329723520883,0.884821474479777,12.990138271901683,0.5861899101407226,0.0076513187393659,0.2354902932698323,4.0,"{""overproduction"": 1.965076240360651, ""waiting"": 0.6125795843618842, ""defects"": 2.7935839509844724, ""inventory"": 0.74268590995383, ""transport"": 0.6670828744154925, ""motion"": 0.28589886364342776, ""over_processing"": 0.29827274554440064}"
63.598621395352296,1.3339593802835057,2.4467626902737325,0.0588235294117647,0.0769230769230769,0.1,1.4307194570551334,2.694300723083736,0.0588235294117647,0.0769230769230769,0.1,1.601537962358732,3.285097815510154,0.1764705882352941,0.2307692307692307,0.3,1.7210747670340782,3.5522072136736176,0.1764705882352941,0.2307692307692307,0.3,0.2054229968018353,0.5773319821893094,0.0,0.0,0.0,0.2185902404527977,0.6504830917849734,0.0,0.0,0.0,0.8210638657070898,2.2590476895763376,0.1764705882352941,0.1538461538461538,0.2,0.9452622545263296,2.5498141565673595,0.1764705882352941,0.1538461538461538,0.2,-0.0638264240732114,0.1798731221401862,0.0,0.0,0.0,0.9285714285714286,0.9285714285714286,0.75,0.75,1.0,7.105427357601003e-14,1.4448473378547244,0.2951285739834219,0.692328938442239,0.1166666666666666,0.8430885106147135,0.468463475506893,0.8337245691616232,0.0966666666666666,-6.8973653351057225,1.8555992052409531,8.130079248089144,0.0,-4.602956341789919,1.597190541529197,8.044752794692702,0.35,-5.52472320679296,1.5096088248312989,42.22797543811601,0.3833333333333333,-4.550293033414846,1.4165890211438608,16.131440484434037,0.3333333333333333,-0.4238583095521434,0.2852397797099564,1.1166007038850203,0.0066666666666666,-0.1411702857590803,0.8027332525674465,1.2061826570333265,0.81,0.1971099419491188,0.6515994313920259,0.8679498676428964,0.66,-0.5943382088914474,0.6963241853114006,1.28688969236365,0.5366666666666666,-1.0778914567165905,0.7254111383091812,1.774060418948015,0.63,-4.243344736495784,1.3118827116510536,6.09621880906974,0.3333333333333333,-2.4825687106205576,1.4429114094947584,2.2056164076346514,0.2333333333333333,-0.1398684931063168,0.662432943153658,1.0683708295291925,0.5166666666666667,0.0714956366321154,0.7056131775749981,0.8658920935740959,0.87,-0.4222588080736965,0.7534974331061206,1.1705112366716286,0.44,1.5498252237662122,216,"[1.0, 0.634774579909191, 0.5009934309443355]","[0.0, 0.9284744393229345, 2.2319533591480085]",0.194928253993772,0.0834793456235618,5.055161001083114,0.3178494828419594,3.201519253170913,372.0055533741677,0.1774697968721982,0.0258360393111357,2.581329503422869,0.3136138077619169,0.0158565362937277,0.1185195482941615,4.0,"{""overproduction"": 1.5120481703906312, ""waiting"": 0.5159344319842777, ""defects"": 3.745171935020851, ""inventory"": 0.3105772240924072, ""transport"": 1.0846443462604005, ""motion"": 0.21059040377951604, ""over_processing"": 0.7551489630742656}"
67.83637224672539,0.7950594189340665,1.8247670440097876,0.0,0.0,0.0,0.8934151443517219,1.9253668678406448,0.0,0.0,0.0,0.916456215379552,2.46053943616576,0.0909090909090909,0.05,0.0666666666666666,1.0446212258828336,2.5289746276009506,0.0909090909090909,0.05,0.0666666666666666,0.0860225065559442,0.7582900776992754,0.0454545454545454,0.05,0.0,0.1612240638478032,0.8246400052637632,0.0,0.0,0.0,0.5857521656331356,1.990664174095923,0.0,0.0,0.0,0.6859724657447133,2.054103774095615,0.1363636363636363,0.1,0.0666666666666666,-0.0133250666174767,0.2360193109960234,0.0909090909090909,0.05,0.0,0.7857142857142857,0.6785714285714286,0.4642857142857143,0.5,0.8928571428571429,8.526512829121202e-14,21.63635060542359,0.1528695430174921,-0.4571235860135142,0.0,19.22821068524782,0.3657805012421464,-0.4716003949333234,0.0,17.185535242946393,1.5406872563550758,-0.190737043209263,0.0,-3.57089479586573,2.899067594326546,1.2498532204704702,0.0,8.86506750949445,2.697318422701981,0.3624670943265774,0.04,11.3059806607469,2.4439014899804747,0.2393229195795166,0.0,17.92723073321603,0.2621083813507509,-0.6079206185804827,0.0,18.07691186998861,0.5145517768587579,-0.4649091541969051,0.0,18.13863645274695,0.5536679017663054,-0.5606363221997509,0.0,18.7146198856622,0.621889207398115,-0.5685829059406083,0.0,17.973892907116838,0.6463560484430017,-0.5229321420207159,0.0166666666666666,16.810205363200062,1.6665783661633864,-0.2959955883855027,0.0,17.71756743535827,0.4246309064258726,-0.5951891079974919,0.0,15.330374646344442,0.3213435455910471,-0.4867719691051486,0.1266666666666666,7.534622917710814,0.4772091734160159,-0.2721159394467535,0.5566666666666666,17.79460969132078,0.5996751537296144,-0.5125222288753469,0.0333333333333333,2.140476049392406,217,"[1.0, 0.47917673303314473, 0.16106596980033586]","[0.0, 4.233946636745314, 7.625771982819661]",0.2952353323880732,0.8404029423472725,8.770819933572756,0.8827915453923882,12.747402755512068,60.5599133953188,0.2643199435283976,0.9068055457049348,4.722830566968974,0.5067469897102341,0.0173151969361548,0.1893601268688279,4.0,"{""overproduction"": 1.3792835675377344, ""waiting"": 0.4760415224910382, ""defects"": 2.293889206009401, ""inventory"": 0.5778642358520741, ""transport"": 0.6259770907439902, ""motion"": 0.16927456792365547, ""over_processing"": 0.44859275985877595}"
67.55239835313337,0.726508130578318,2.31421701622154,0.0476190476190476,0.0588235294117647,0.0,0.7577493229158557,2.34518121654164,0.0476190476190476,0.0588235294117647,0.0,1.0176654839256916,3.3971265204051635,0.0476190476190476,0.0588235294117647,0.0,1.070679977544257,3.444954641864234,0.0476190476190476,0.0588235294117647,0.0,0.2995402121140117,1.223171544048867,0.0,0.0,0.0,0.3054474321997524,1.226215281183241,0.0,0.0,0.0,0.9325687889128704,3.091655535524371,0.0476190476190476,0.0588235294117647,0.0,0.979997130622311,3.142532791156272,0.0476190476190476,0.0588235294117647,0.0,0.1048790993183385,0.3880594636986163,0.0,0.0,0.0,0.7857142857142857,0.8214285714285714,0.5357142857142857,0.5357142857142857,0.9642857142857144,1.4210854715202006e-13,13.795003774709908,0.4428483527018498,0.0132531030770117,0.0,10.882139266454178,0.6836513836842759,0.1031625845067824,0.0,5.927804007892519,0.186109980624843,0.6885167520944336,0.0,6.223106068970958,0.2130993026801348,0.6656625023594129,0.0,0.0354123426044629,2.726646383066054,0.9972022467605112,0.0433333333333333,5.3672041177113,0.3806433159494575,0.7160104708195055,0.0,6.239455034955502,1.4686764997589206,0.2278915912406811,0.0033333333333333,10.476252823974356,0.4726461191456296,0.0933886559266961,0.0266666666666666,8.990363708137101,0.9916192642154747,0.1347247040572357,0.0066666666666666,9.4401980178186,0.4415881139305905,0.2242656106172151,0.06,9.649098189980228,0.4617414911213467,0.1988012629769146,0.0533333333333333,0.638800276877095,5.280896938074671,0.7250719005004022,0.2966666666666667,1.8797441544962172,2.2763720778497034,-0.7237634879205698,0.5333333333333333,8.056955265462147,1.585140447300563,0.206899842958321,0.04,6.924571011993288,0.3559643643700771,0.2838533808977109,0.35,8.662060568871036,1.2344670067929626,0.0963535290380122,0.03,2.00394382960536,218,"[1.0, 0.5780613220607869, 0.23969507041759394]","[0.0, 6.097932675641525, 12.115568296997667]",0.3446017654800945,0.0618991864202462,10.337903917135405,0.5097710056465394,13.234928590071338,588.4796787116924,0.2169185835224186,0.9667527171948392,4.877627245275552,0.5465086541612275,0.0101343634439062,0.062610359124418,4.0,"{""overproduction"": 0.8529431585440942, ""waiting"": 0.5298180192583178, ""defects"": 2.1651572258633016, ""inventory"": 0.47862766395041884, ""transport"": 0.8018845215118902, ""motion"": 0.32811242605670893, ""over_processing"": 0.3897214600896549}"
76.05143085353198,1.3036994237586277,3.2700121964910167,0.2666666666666666,0.2307692307692307,0.2,1.3513198348753306,3.338426655192598,0.2666666666666666,0.2307692307692307,0.2,1.7567123792018342,5.106055300527854,0.3333333333333333,0.3076923076923077,0.3,1.8182050438926152,5.200187117151238,0.3333333333333333,0.3076923076923077,0.3,0.3996796900131005,1.540790216279749,0.0,0.0,0.0,0.4478126955369404,1.5591227590068406,0.0,0.0,0.0,1.404884862886966,4.593497682754311,0.2,0.2307692307692307,0.3,1.504214360408439,4.666283476981277,0.2,0.2307692307692307,0.3,-0.0144275603866161,0.3962993955646985,0.0,0.0,0.0,0.8214285714285714,0.7857142857142857,0.5357142857142857,0.5,0.9285714285714286,1.1368683772161605e-13,15.677243492929184,0.7301097852811868,0.0106533872418909,0.0,14.799498347566148,0.817131764785951,0.132138994805626,0.0,14.20637729074661,0.7264447006541849,0.1970218867431879,0.0,14.12768845388942,0.714099510179473,0.2018599746410816,0.0,11.840199010725662,1.5320309545792448,0.2701554567115524,0.01,12.398063669564074,1.4527016526147871,0.2114584335686165,0.02,14.192310188716649,0.714099510179473,0.2037589734566111,0.0,13.406679686703413,0.9065012269860432,0.1342523599987645,0.0266666666666666,13.120347499010984,0.9631037367943702,0.0849875926929578,0.03,13.070047434993365,0.765485776209946,0.2045742489586447,0.01,11.533310768635165,0.7603337633556555,0.2230955209466549,0.0066666666666666,0.209516859598513,5.59274660727966,0.9267400601283668,0.2466666666666666,10.621591785190562,1.6147508851210386,0.2457838781401796,0.07,10.513573682014307,2.0105636926521235,0.165640430989257,0.0666666666666666,9.417976015698246,1.4001414394744909,0.1780587174224688,0.1966666666666666,10.458442992563498,1.6686292820457511,0.2643796706662251,0.0833333333333333,1.566525278703636,219,"[1.0, 0.6572459221186757, 0.43351068777652124]","[0.0, 1.4382546181549962, 3.7248256241925977]",0.0130109867180056,0.1714774216624502,13.755891257848589,0.4840953365071269,12.45432374132378,526.4601453109426,0.158826032967691,0.7148230834299795,12.362862241515892,0.6123181710785521,0.0192480964003708,0.1026959588416148,4.0,"{""overproduction"": 1.6396255818253376, ""waiting"": 0.6153738356177081, ""defects"": 3.045036741952466, ""inventory"": 0.23660817767013498, ""transport"": 0.6280491384966408, ""motion"": 0.4023515913311044, ""over_processing"": 0.49929462597182345}"
64.85355812323068,0.8237771112591636,2.316519562759612,0.2857142857142857,0.25,0.2727272727272727,0.8139035298221543,2.3552094194601967,0.2857142857142857,0.25,0.2727272727272727,1.0217653178970063,2.9687574737064866,0.238095238095238,0.1875,0.2727272727272727,0.9673725131115232,3.0121341074697363,0.2857142857142857,0.25,0.2727272727272727,0.3293788688683699,1.1415345865982172,0.0952380952380952,0.0625,0.0909090909090909,0.3315517104270952,1.2954996699628878,0.0952380952380952,0.0625,0.0909090909090909,0.6969415376432436,2.4165392731312485,0.0952380952380952,0.125,0.1818181818181818,0.7742820306068452,2.5315885188586487,0.238095238095238,0.25,0.3636363636363636,-0.1045543707640948,0.2228490099177391,0.0476190476190476,0.0,0.0,0.6428571428571429,0.6071428571428571,0.5714285714285714,0.5,1.0,1.1368683772161605e-13,8.929661810730448,0.2707421231800619,-0.2091275602529976,0.0,5.579898319018265,1.1080531124514046,0.1448489236405821,0.01,2.414246484177413,3.592312054518876,0.3147454651287412,0.0,1.457787510949003,3.646678289114041,0.5194385234741078,0.0266666666666666,-1.8438728553862969,2.587111610328484,2.221827362831047,0.4466666666666666,2.402794934544811,2.990516255015957,0.2135139432489899,0.1333333333333333,1.4231222437419684,0.2040593366423098,0.8535539002955909,0.0,4.287461324582261,1.4466088779227393,0.3828553004174059,0.02,3.384984760300757,1.6564454672361508,0.3427644305986964,0.1333333333333333,3.624959272657171,1.6583696473723477,0.2225868884505594,0.2933333333333333,3.172596510531899,1.5907900560099342,0.3667387044838628,0.27,0.3886611636081732,4.28330767240127,0.5391885694099182,0.4266666666666667,0.7428991621396145,1.6253753254405754,0.8278519133581967,0.2333333333333333,3.7111062440418783,1.2976391274304828,0.2467113201968081,0.16,4.14173222423817,1.3084337879575698,0.3931614924309705,0.05,2.1280504879396167,2.248297071462665,0.5913087761216242,0.1066666666666666,2.539170572976055,220,"[1.0, 0.8033060553373585, 0.4342952319598671]","[0.0, 2.8127858466178988, 7.2999772454528005]",0.0826021772914507,0.1680721567665786,5.582184268538681,0.8239487326811807,0.0352825385811889,274.3698851158506,0.3886924877441484,0.9067580234125776,1.6654171553564143,0.5976550189859371,0.0182084708446179,0.0969154641328536,4.0,"{""overproduction"": 1.1873575931625524, ""waiting"": 0.32320363397610125, ""defects"": 3.125070885227051, ""inventory"": 0.4015611072490316, ""transport"": 0.7432591190251777, ""motion"": 0.2520227234702915, ""over_processing"": 0.5622198728323616}"
67.64308652048888,0.7255695250161814,2.506545285151749,0.125,0.0952380952380952,0.0625,0.8156918433138138,2.7313976315781883,0.125,0.0952380952380952,0.0625,1.2190365557835214,3.9816363480564494,0.125,0.0952380952380952,0.125,1.343935454647588,4.218474955873002,0.125,0.0952380952380952,0.125,0.2736611028722664,1.0041768561893911,0.0416666666666666,0.0,0.0,0.2868165019164167,0.9947245774106228,0.0416666666666666,0.0,0.0,0.972608925615002,3.1978756097327503,0.0833333333333333,0.0476190476190476,0.0625,1.1694703758534657,3.4339481332991286,0.0833333333333333,0.0476190476190476,0.0625,0.0287391776840906,0.2667561934737543,0.0,0.0,0.0,0.8571428571428571,0.8571428571428571,0.6785714285714286,0.5714285714285714,0.9642857142857144,1.1368683772161605e-13,6.020307683809122,0.5102150779181772,0.0885651910622047,0.0533333333333333,3.728332148202026,0.8874381874403885,0.3649408178872315,0.06,-9.638376712756658,0.6707323147057738,2.287335442622766,0.0,-11.96132108793273,0.8097150421519048,2.7335762432406203,0.0,-13.428203081221843,1.8871943685910877,4.227360776737251,0.3033333333333333,-13.855224647024714,0.9659691469131748,3.580447249369204,0.0466666666666666,0.586026848206168,0.3358629517691852,0.8037765072837387,0.0466666666666666,1.962689597324216,0.4863373630832908,0.5914478008007864,0.3066666666666666,1.8260735794221856,0.6709792665274693,0.6604910879951907,0.17,1.5244873351282455,0.7484474117511541,0.6359892921385437,0.3733333333333333,0.984593184273938,0.8395658794742438,0.8180515342169201,0.1,-0.1594416871057026,2.8581773275668114,1.0203861177617364,0.0033333333333333,-3.6498946444712663,1.8762783613898888,2.021631824689222,0.2433333333333333,-0.1317612491981751,0.2412395741821124,1.0831677291467512,0.72,1.0626398890725075,0.3924041646817966,0.7076753142000383,0.4533333333333333,1.8941207135468183,0.7385517202253158,0.6873283415788839,0.19,1.6409692059064849,221,"[1.0, 0.5535198793231455, 0.38369475832413097]","[0.0, 6.375772311202748, 13.789745076963436]",0.6283117014461203,0.2403295216458262,1.52384939985388,0.3663294810633937,10.853119921442415,129.34320265244156,0.1982415812170137,0.5184288884177357,13.902355341617069,0.5161627595607661,0.0146172664745171,0.2528033901164543,4.0,"{""overproduction"": 0.8389146202895938, ""waiting"": 0.611448995403316, ""defects"": 4.650688910637745, ""inventory"": 0.5003225250004253, ""transport"": 1.3231727058740692, ""motion"": 0.23902928854063019, ""over_processing"": 0.2566532367072041}"
93.26157234129616,1.224180103810422,3.9103246850234,0.0,0.0,0.0,1.3453282435729694,3.961603138156993,0.0952380952380952,0.0588235294117647,0.0666666666666666,1.5768534825966594,5.080720331946356,0.0952380952380952,0.0588235294117647,0.0666666666666666,1.8593251014696373,5.544225239758561,0.0952380952380952,0.0588235294117647,0.0666666666666666,0.3952446112434385,2.013739078556072,0.0,0.0,0.0,0.5367057226011827,2.090352673454577,0.0,0.0,0.0,1.24610391545495,4.313457703384133,0.0,0.0,0.0,1.4783048854267462,4.424552206016483,0.1428571428571428,0.0588235294117647,0.0666666666666666,0.096082144744248,0.5262388823765995,0.0,0.0,0.0,0.7857142857142857,0.5714285714285714,0.6071428571428571,0.5,1.0,1.7053025658242404e-13,28.000910627913115,0.1020913397834461,0.0281862157944225,0.0,25.667686267360097,0.1136481741669219,0.1488544535579367,0.0033333333333333,24.56323236378672,0.0176371969972039,0.3057532127628385,0.0,24.56323236378672,0.0176371969972039,0.3057532127628385,0.0,18.56817462778255,0.0176371969972039,0.4370341375700117,0.0,23.88210611667608,0.0176371969972039,0.3198782319161252,0.0,24.56323236378672,0.0176371969972039,0.3057532127628385,0.0,24.26874149484264,0.4109470623602103,0.1084381740902948,0.0233333333333333,23.894010280549697,0.6271803100799243,0.107623027961505,0.0366666666666666,25.197261038924506,0.2343317480552252,0.1422355834454498,0.0,24.05329131220686,0.3079595273976567,0.1546111874441542,0.0033333333333333,18.625700377909208,2.1119428871891888,-0.6331817051827184,0.1133333333333333,22.37366985370866,0.0176371969972039,0.2250471447002443,0.0,24.302455638011278,0.0176371969972039,0.2149396730793916,0.0,18.23817336153841,0.3669794940672875,0.1777127661863737,0.0666666666666666,23.99385950093204,0.6160391164182947,0.0742185826894312,0.0333333333333333,1.3932656325123471,222,"[1.0, 0.5111145046281316, 0.22939232228131523]","[0.0, 7.842388032276085, 13.528498343312704]",0.7486882874924968,0.2038008915014496,23.899022233772524,0.76953400765404,1.4778619230584733,444.2034544521194,0.1653892300303905,0.0354679500454111,3.7076233242282903,0.5188519275707836,0.0140332415477191,0.2912594714990448,4.0,"{""overproduction"": 0.874174512625644, ""waiting"": 0.9727181410418969, ""defects"": 3.2288451671062433, ""inventory"": 0.381066598938707, ""transport"": 0.9763139361886181, ""motion"": 0.33344435438828396, ""over_processing"": 0.31693986253816725}"
85.37811083968454,0.6895432982540102,1.804176734996771,0.1304347826086956,0.1111111111111111,0.125,0.7564182096029032,1.9223421790031412,0.1304347826086956,0.1111111111111111,0.125,0.827131077375732,2.429632438089746,0.1739130434782608,0.1666666666666666,0.1875,0.8414817816003142,2.524635364225404,0.1739130434782608,0.1666666666666666,0.1875,0.1960679416414604,0.7902789881617054,0.0434782608695652,0.0555555555555555,0.0625,0.210966029220595,0.824746868884508,0.0434782608695652,0.0555555555555555,0.0625,0.5839840881664247,1.9075044880222372,0.217391304347826,0.1666666666666666,0.1875,0.6430371215575814,2.0570121332030262,0.217391304347826,0.1666666666666666,0.1875,0.0456525610024213,0.1811376624173004,0.0,0.0,0.0,0.8928571428571429,0.8571428571428571,0.6428571428571429,0.5714285714285714,1.0,1.5631940186722204e-13,29.05933576370693,0.9483967217849942,-0.6278720299178954,0.0,27.74449711972608,2.416243524514637,-0.5404188167884236,0.0,25.9115407369462,2.2832965933615506,-0.4914035596962647,0.0,22.71001110029094,2.526921652201621,-0.2956031922522372,0.0,18.96656014672996,1.4306209547683777,-0.1488435446794853,0.0166666666666666,20.63005943034186,1.925847688833056,-0.2071017367250002,0.0066666666666666,26.98047535494062,3.3513271744226456,-0.4825271273274675,0.0,26.98047535494062,3.3513271744226456,-0.4825271273274675,0.0,26.87997207721821,3.2019330944601165,-0.4960288041172495,0.0,26.913041476262087,3.3040985717165943,-0.4876969845549394,0.0,26.750846209086223,3.3040985717165943,-0.487169553269642,0.0,26.90519163057739,3.332866867715848,-0.4850300492120776,0.0,23.006195061089304,2.612324183075586,-0.4335330554749499,0.0,26.39873406651634,3.317123917294885,-0.4732014182336506,0.0,16.287636983151376,1.0190257981840385,-0.372356455344508,0.0466666666666666,26.701348949249773,3.169642865606059,-0.4877450432967916,0.0,5.443298405509249,223,"[1.0, 0.7626289395178824, 0.4356251252333504]","[0.0, 2.6315093040630493, 5.559328941289904]",0.9868128747979414,0.6769995925826021,22.388608421242896,0.5605286786513363,9.795239316100742,371.4388422462309,0.2613648245146461,0.4942501241289014,8.347419332654685,0.4650136572895089,0.0134819931669993,0.1190283710778065,4.0,"{""overproduction"": 1.383978074508727, ""waiting"": 0.31786248576446496, ""defects"": 4.902017137474337, ""inventory"": 0.5499941023932614, ""transport"": 1.2580880760553939, ""motion"": 0.3336968785223052, ""over_processing"": 0.3157399158278563}"
71.53786960406448,0.7214081179775261,1.626440057376935,0.0,0.0,0.0,0.6804324698805955,1.6296667473733162,0.0,0.0,0.0,0.7967607038083215,2.063689205115238,0.0588235294117647,0.0625,0.0625,0.8649825102439813,2.1811915900034258,0.0588235294117647,0.0625,0.0625,0.1158410871227848,0.4835445070628349,0.0,0.0,0.0,0.1161889383039764,0.5597935793865022,0.0,0.0,0.0,0.4701529605480322,1.4547269352760426,0.0,0.0,0.0,0.5840257310803226,1.6248275923196354,0.0,0.0,0.0,-0.0441400783397312,0.1463642077122084,0.0,0.0,0.0,0.9285714285714286,0.8214285714285714,0.75,0.5714285714285714,1.0,1.4210854715202006e-13,22.51335522297005,0.4894835165873049,-1.1532324921692,0.0,21.3487395322395,0.9985083556505484,-1.2400495262998557,0.0066666666666666,6.894320034139049,0.1981163694827449,0.6713363387520838,0.0,5.537777845450647,0.3747464010880977,0.7304052566322704,0.0,7.427961748615879,0.6626240523210378,0.6133870203520929,0.0,5.762610036632522,0.1469541350078414,0.737099061652013,0.0,15.900520649452243,0.4482241704937882,-0.0691177993377142,0.0,20.745254478806206,0.8859424976854806,-1.0732364722892602,0.0033333333333333,20.45608373228054,0.6936943268325365,-0.9298763336832973,0.01,20.9907641537552,1.4000729655426185,-1.3668958368884714,0.01,20.69444899403144,1.5488212602762794,-1.3267528843240457,0.0133333333333333,20.347634596222456,1.9422071578730395,-1.583565669845342,0.0233333333333333,19.801077236729974,1.5281694956386809,-1.1410004531266766,0.0066666666666666,20.553205814065024,0.8420014460748729,-1.005959217390123,0.01,12.494638407559377,0.3627985364914393,-0.0904998476271702,0.22,20.537699147504703,0.8169152336558505,-1.0261284265333337,0.01,3.1499340681260195,224,"[1.0, 0.6313979167035528, 0.27693637544975114]","[0.0, 5.944272144823465, 14.606665072191753]",0.8018221800355927,0.2638911389490346,24.19686132292085,0.8852119275172441,8.534355584770344,646.4181011675597,0.155815026568048,0.0226682440257882,13.917165539406346,0.4036747165165664,0.0137565185776476,0.2809598577319052,4.0,"{""overproduction"": 1.006666518081623, ""waiting"": 0.4397063650979345, ""defects"": 3.412993749302589, ""inventory"": 0.32401076973124643, ""transport"": 0.44169723331816935, ""motion"": 0.24788078297784621, ""over_processing"": 0.5757655778005393}"
76.06699848314851,0.5232509676023933,1.893617908075309,0.0952380952380952,0.1052631578947368,0.1333333333333333,0.7005393600485837,2.329074036910382,0.1428571428571428,0.1578947368421052,0.2,0.6374743735402146,2.546185451067043,0.1428571428571428,0.1578947368421052,0.2,0.8024614808318559,3.020955266801578,0.1904761904761904,0.1578947368421052,0.2,0.1224115789224457,0.3832162971382982,0.0,0.0,0.0,0.1605956705431794,0.6209513254337876,0.0,0.0,0.0,0.4547212544284714,1.7023310029426042,0.1428571428571428,0.1052631578947368,0.1333333333333333,0.5635993400956404,2.192255227518572,0.1428571428571428,0.1052631578947368,0.1333333333333333,0.0193026560093796,0.2361331169842943,0.0,0.0,0.0,0.9285714285714286,0.8214285714285714,0.6785714285714286,0.5357142857142857,1.0,1.1368683772161605e-13,25.567395342291427,1.254843088835718,-0.5400034529338935,0.0,22.522077908417867,2.917457133387377,-0.5449574540180799,0.0033333333333333,5.150781116316391,2.348091185820845,0.5948040350275151,0.0,2.082465251939268,2.2467550645087315,0.8327482370999152,0.0,-5.20345003283459,1.3025583721039178,1.432901615211883,0.05,-0.9094122183272034,1.5171589745125609,1.0736650960126095,0.0566666666666666,22.00401052558732,3.5344113919156355,-0.6769056687827916,0.05,22.28713894317638,2.9588426877388554,-0.535632398064979,0.0166666666666666,20.983695846556888,2.5072654848679075,-0.4220009526476687,0.0066666666666666,22.2094056984705,2.9781469114149624,-0.5006469830227763,0.0,20.61047578638011,2.9087664434153164,-0.462274493576837,0.01,22.00401052558732,3.5344113919156355,-0.8626754543710413,0.01,20.411499316078302,3.014326316864804,-0.6024626319880726,0.0333333333333333,21.31366115662339,2.9148581255738204,-0.7690427811199966,0.0133333333333333,10.008822336387388,1.0525928651344252,-0.2328627558877461,0.3333333333333333,21.273099200988995,2.535494777245745,-0.4386946441310519,0.01,4.236592762384006,225,"[1.0, 0.722422515334253, 0.5952306834258322]","[0.0, 5.5857157107679845, 13.780004799839709]",0.363405374440629,0.5099448458515015,20.251024040834334,0.7492058605084527,2.014640309481033,614.9392077571198,0.1720473154021443,0.2698662681277353,9.089149214371696,0.4523483873229831,0.0164304331811398,0.2406130191417831,4.0,"{""overproduction"": 2.2266476597718015, ""waiting"": 0.3443734383900917, ""defects"": 5.7296248074179505, ""inventory"": 0.3408295717807357, ""transport"": 0.585343152320726, ""motion"": 0.25303088313685507, ""over_processing"": 0.286743312624135}"
102.0229128510583,0.9275523308345424,2.4142743989582445,0.0869565217391304,0.05,0.0555555555555555,1.0833238901381552,2.6024387229906685,0.0869565217391304,0.05,0.0555555555555555,1.1390406272776894,3.253919889497085,0.1304347826086956,0.1,0.1111111111111111,1.2379906464679569,3.4945887136737026,0.1304347826086956,0.1,0.1111111111111111,0.0270931027805186,0.4802062289720551,0.0,0.0,0.0,-0.026267358002995,0.6962324008127482,0.0,0.0,0.0,0.7127807295336973,2.3149826253821124,0.1304347826086956,0.05,0.0,0.8522727522566834,2.608920374501551,0.1304347826086956,0.05,0.0555555555555555,0.0279371478508365,0.413364364685462,0.0,0.0,0.0,0.9285714285714286,0.9285714285714286,0.6071428571428571,0.6071428571428571,0.8928571428571429,1.4210854715202006e-13,17.162887458361283,0.5793533196305513,-0.4270839804138686,0.0,15.555698528940209,1.7044320986187234,-0.3767373398209768,0.0,8.34086918060318,0.3334257065843633,0.5533264063367387,0.0,8.311461069220076,0.3162392919681834,0.5552081310814035,0.0,7.659270960370027,0.3334257065843633,0.5862047204818394,0.0,7.779727973132488,0.361565115670815,0.5807954733597199,0.0,11.719677913683194,0.9220584227372272,-0.4332506030603066,0.0,15.237933793362858,2.248335885659839,-0.5034669766424184,0.0,14.115150119054524,1.3641643609279723,-0.2435340085128998,0.0,15.526027652605702,1.6980672555436431,-0.4603690445535111,0.0,13.877689685928036,1.896127529868933,-0.3525047808352839,0.0,14.270875596979897,2.8992230614339487,-0.8197489068004359,0.03,14.4272981115716,1.5357461219024702,-0.3394409723113802,0.0,13.791001138606836,1.7237646743912405,-0.4478494709225156,0.0,7.592330780599982,0.8985216136759349,0.0740318524642835,0.39,12.855606397939864,2.017800823892635,-0.3137555012249338,0.0,2.4973724095431784,226,"[1.0, 0.7279356476891192, 0.38194994843055385]","[0.0, 4.732732908562287, 10.714760047643459]",1.1201186015940117,0.4539660517234927,8.597924081776704,0.5959165506578898,6.511138863103149,312.9123156966849,0.2902868902543759,0.4421028932443345,7.532987745217268,0.32875255485978,0.0166582951805689,0.2911267297730217,4.0,"{""overproduction"": 0.9655071361324646, ""waiting"": 0.9702812879126482, ""defects"": 4.032882990161177, ""inventory"": 0.3848138004656538, ""transport"": 1.2216979083939967, ""motion"": 0.4403905612285692, ""over_processing"": 0.31690192176210824}"
77.44559414540136,1.0783513113059704,2.2822695176783325,0.1428571428571428,0.1666666666666666,0.1818181818181818,1.3026686471417046,2.805590894531815,0.1428571428571428,0.1666666666666666,0.1818181818181818,1.2748246641578078,2.993754560297119,0.1428571428571428,0.1666666666666666,0.1818181818181818,1.546173434382864,3.5656734963787837,0.1428571428571428,0.1666666666666666,0.1818181818181818,0.1319022734988324,0.6157775382904649,0.0,0.0,0.0,0.1993967016692839,0.6986913383601053,0.0,0.0,0.0,0.6594248204306353,2.0850811761423933,0.1428571428571428,0.1666666666666666,0.1818181818181818,0.866074711729121,2.5267845474695254,0.1428571428571428,0.1666666666666666,0.1818181818181818,0.0690722274348327,0.2540629910360207,0.0,0.0,0.0,0.8571428571428571,0.8214285714285714,0.6785714285714286,0.6428571428571429,0.9285714285714286,5.684341886080803e-14,27.14647838443921,0.5339684320333121,-0.1478078112750008,0.0,26.840370458431543,0.899319583418521,-0.1136558497972084,0.0,26.476976628180974,0.910299509214783,-0.1109766779643622,0.0,26.51841924365789,0.910299509214783,-0.1111043329017126,0.0,26.355260407625654,0.899319583418521,-0.1078367973272216,0.0,26.545944011262037,0.8986318540380189,-0.1108100199750842,0.0,26.840835460034413,0.899319583418521,-0.1125721192077512,0.0,26.806948355385337,0.899319583418521,-0.1132947843541815,0.0,26.701004741960357,0.899319583418521,-0.1200669377562973,0.0,26.818839177138955,0.899319583418521,-0.112534084852896,0.0,26.393914771112343,0.8748144597365681,-0.1087045548735073,0.0,26.690584204740045,0.9085397823324314,-0.1160577902498406,0.0,26.45272796935582,0.9926415837764608,-0.1123449941535812,0.0,26.741050724611515,0.8930052811826772,-0.1112883772205787,0.0,22.21138379911476,0.9193366342509776,-0.1084703267821147,0.06,26.52690362544614,0.9025083552314532,-0.1217823387809183,0.0,1.1556096160081768,227,"[1.0, 0.8486829541091317, 0.36322480886528835]","[0.0, 0.28868051264210914, 0.5416430571698339]",0.1593208645235397,0.7484720808828876,9.413772467496578,0.389272193828912,4.737743960116704,63.19867739709523,0.1982786167697697,0.2795238025673079,3.832943935898123,0.3016213318313866,0.0166633821593324,0.2482733730144641,4.0,"{""overproduction"": 0.8455887895612665, ""waiting"": 0.734489566282343, ""defects"": 4.928222539704245, ""inventory"": 0.5164951326075033, ""transport"": 1.2693170028422642, ""motion"": 0.32645103815234694, ""over_processing"": 0.16313374741654166}"
78.77008334440073,0.8211517241712807,2.8957162689878286,0.2105263157894736,0.2222222222222222,0.1428571428571428,1.1108306531494905,3.1706029338106383,0.2105263157894736,0.2222222222222222,0.1428571428571428,1.0818624113338593,4.149702872306854,0.1578947368421052,0.1666666666666666,0.1428571428571428,1.2898892403176287,4.395679004531382,0.1578947368421052,0.1666666666666666,0.1428571428571428,0.4246387472055327,1.303841769836503,0.0526315789473684,0.0555555555555555,0.0714285714285714,0.4977088851843797,1.4128697630263676,0.1052631578947368,0.1111111111111111,0.0714285714285714,0.8770885360272699,3.377560049239781,0.1578947368421052,0.1666666666666666,0.1428571428571428,0.9985222845421354,3.5658824877047475,0.1578947368421052,0.1666666666666666,0.1428571428571428,0.0255108984446329,0.1488271677534723,0.0,0.0,0.0,0.7857142857142857,0.7142857142857143,0.6071428571428571,0.5,0.9642857142857144,1.8474111129762605e-13,20.427036460340343,1.692328269288029,-0.4548810149884655,0.0,16.998476501770604,3.036620792608516,-0.2960648330017541,0.01,0.655370299395463,1.3114791429872867,0.9605651777899648,0.0,1.6012040980600104,1.3219643818911917,0.901214754549924,0.0033333333333333,2.411953314412869,2.0193697108178443,0.8279038904109833,0.05,3.4302983739373865,1.2396310603865406,0.7752378029405111,0.0,10.40943571479021,7.3548842001917345,0.0120347660769168,0.0766666666666666,16.867038378352767,2.3686062487231863,-0.2431402799223514,0.01,13.847963083477374,4.907889045462983,-0.2700014160410062,0.0433333333333333,16.560596307553762,3.649790058814801,-0.5541143343872768,0.1,16.01226519814762,3.550033212406182,-0.6359709967777004,0.12,12.756933195067669,5.9843454000304455,-1.1882819518820524,0.15,15.860970750778153,3.5373550106852583,-1.3375752359106694,0.16,14.189796284686905,2.760388000411792,-0.5051712879750702,0.1966666666666666,12.404523670792358,1.494673171896015,-0.0247733780805693,0.0433333333333333,12.358333541827896,5.053471355514328,-0.1874792598376081,0.0466666666666666,4.11488211139161,228,"[1.0, 0.7331843944830937, 0.48671629667014005]","[0.0, 6.5638506223666395, 14.400259079421332]",0.5523737070045558,0.0168601142172298,13.593230161064948,0.4643269053758713,11.712854385507654,588.3950972225366,0.355438338238451,0.0894844970380341,9.323137107522994,0.5650414376564701,0.0096767107583301,0.1795127947463067,4.0,"{""overproduction"": 1.5946364903558774, ""waiting"": 0.5497784554535824, ""defects"": 3.5611368156285, ""inventory"": 0.2430588543331188, ""transport"": 0.39762446683785785, ""motion"": 0.4870169287710031, ""over_processing"": 0.3854898554655387}"
72.91844134824797,0.3337390588045926,1.5378867549579585,0.1818181818181818,0.1578947368421052,0.1176470588235294,0.3606494323281943,1.5977610751035651,0.1818181818181818,0.1578947368421052,0.1176470588235294,0.5501869240193858,2.4496943530279744,0.2727272727272727,0.2105263157894736,0.1764705882352941,0.556621936878759,2.5115834289822674,0.2727272727272727,0.2105263157894736,0.1764705882352941,0.1487057006852992,0.5787588036354375,0.0,0.0,0.0,0.1292243361704566,0.7141609656048781,0.0,0.0,0.0,0.5496514283016558,2.152831328714627,0.1818181818181818,0.1578947368421052,0.1764705882352941,0.560031951598628,2.221876485955458,0.1818181818181818,0.1578947368421052,0.1764705882352941,-0.0656376784198275,0.187836363446409,0.0,0.0,0.0,0.7857142857142857,0.8214285714285714,0.4642857142857143,0.4285714285714285,1.0,1.1368683772161605e-13,23.958630105974883,0.9392991647758426,-0.8342753275503579,0.0,21.89301353565383,2.170290245232746,-0.7893133971799272,0.0233333333333333,8.632159037951483,0.9274547313141124,-0.0982159509391398,0.0,4.279718239257852,0.8516882357536878,0.4627284725379695,0.0,-1.0085951238045598,0.4630254516550653,1.1324416882719726,0.1,-0.2904218112831455,0.8972901739441276,1.0380438817087052,0.0,20.83580167769852,3.1581137609501617,-0.7849881039675107,0.0066666666666666,22.172733032969614,2.234920722029614,-0.880062976162228,0.0066666666666666,21.30401420174368,2.4763562795200005,-0.7845571325961019,0.02,20.452472427869694,3.1581137609501617,-0.7756129087145961,0.0066666666666666,19.876951584127816,3.1514021962148675,-0.7286323795203263,0.0066666666666666,20.22436633937148,3.1581137609501617,-0.7440849149649856,0.0066666666666666,19.200454792569808,1.948840463820853,-0.7917126235668143,0.0433333333333333,21.60301671030292,1.841042951774256,-0.9177473417387934,0.0233333333333333,14.461118881831847,1.8017708756076445,-0.4594398988705701,0.0533333333333333,20.857673324017647,2.7707673373113404,-0.7468807586259912,0.02,4.212217280283417,229,"[1.0, 0.8492011036866456, 0.4800646591069423]","[0.0, 6.351199594662392, 11.548412888390619]",0.3598338035152789,0.9112857268491584,2.8529050110776275,0.7576113261998355,7.528394623713247,613.439520497952,0.2099601032066888,0.739598431796572,5.477814839985752,0.4376919936556984,0.0158871997208174,0.1076048131657688,4.0,"{""overproduction"": 1.6181085907435124, ""waiting"": 0.4061579938667165, ""defects"": 2.6811742766302356, ""inventory"": 0.3733621975821215, ""transport"": 1.0762051056234976, ""motion"": 0.255797739218087, ""over_processing"": 0.40303341760847494}"
75.57587589695197,0.913177851702769,2.4318606473965763,0.0476190476190476,0.0555555555555555,0.0625,0.990320852200014,2.545142401104347,0.0476190476190476,0.0555555555555555,0.0625,1.312399313237133,4.103698414719026,0.0952380952380952,0.1111111111111111,0.125,1.4329892269401532,4.229462017921488,0.0952380952380952,0.1111111111111111,0.125,0.2225603579693824,0.7962193839136447,0.0,0.0,0.0,0.2736462247666781,0.8833785238950147,0.0,0.0,0.0,1.1322196722214994,3.6495181451409726,0.1428571428571428,0.1111111111111111,0.125,1.1714425917627092,3.7276587754194046,0.1428571428571428,0.1111111111111111,0.125,-0.067323515854964,0.2320712124775619,0.0,0.0,0.0,0.9285714285714286,0.8214285714285714,0.6071428571428571,0.5714285714285714,0.9642857142857144,1.8474111129762605e-13,15.246907046484957,0.6656902868959113,-0.4970821016524605,0.0,12.788742473681411,1.1563117547302324,-0.4454325599883644,0.0,-5.531726543621464,1.693620583384231,1.4489384525424598,0.0,-10.850625019963024,1.7208946579963402,1.928847300669427,0.0,-19.50769640491734,5.683321334093626,5.394000387359905,0.2366666666666666,-10.600637524271512,1.184850180148852,1.9848404264871773,0.0,11.491897572712638,0.6746924436166047,-0.842718794147548,0.0,12.422946272389286,1.6627427677275888,-0.3129924749294807,0.0166666666666666,8.45423919619941,2.5244128445097638,0.0713596596968018,0.0166666666666666,12.330474171935556,1.494648161815224,-0.4159285271221207,0.0,12.43338436745513,1.4499564052922287,-0.4324729010685121,0.0,7.329468451103029,4.376485980724941,0.3907890508392876,0.0,-4.108027068513713,2.833571409079,2.7060657891357454,0.4466666666666666,6.9499947839895935,2.605919318346701,0.1739009406284406,0.2233333333333333,7.639396571516066,1.1978731474934758,-0.2885015909404968,0.4133333333333333,7.018212403771308,2.786656594454548,0.2977066016614468,0.08,2.63642635707928,230,"[1.0, 0.5068293795181418, 0.34053917489080215]","[0.0, 3.591961730484447, 11.45425384661265]",0.9561964808343792,0.4472281144154116,7.870078674506553,0.6910032854656526,7.5311399826742225,455.4802987651783,0.3872221278650723,0.1807568073239747,3.985517253616055,0.5982472019103362,0.0162025624315903,0.081600972588959,4.0,"{""overproduction"": 1.504169454486646, ""waiting"": 0.6095545457008712, ""defects"": 3.9394120848540886, ""inventory"": 0.4421447070302569, ""transport"": 0.5133729825791153, ""motion"": 0.2608274350882366, ""over_processing"": 0.3820386268243473}"
99.54683962130738,1.9049588947612812,5.670392386094921,0.1,0.1111111111111111,0.1333333333333333,1.8720270235267136,5.64423336282304,0.1,0.1111111111111111,0.1333333333333333,2.4644508580610904,7.854209993797424,0.15,0.1666666666666666,0.2,2.459347065247708,7.874915490574639,0.15,0.1666666666666666,0.2,0.7370951368555502,2.3129344719673157,0.05,0.0555555555555555,0.0666666666666666,0.6882146882947984,2.383461910424983,0.1,0.1111111111111111,0.0666666666666666,1.9305415604349352,6.327530158399334,0.15,0.1666666666666666,0.2,1.9953274000370609,6.429038501016521,0.15,0.1666666666666666,0.2,0.0688455860688764,0.5222977270551263,0.0,0.0,0.0,0.8928571428571429,0.7857142857142857,0.5714285714285714,0.5,0.9642857142857144,3.694822225952521e-13,18.837580692402504,1.3803314588941455,0.0239751201572009,0.0,14.50444158078969,2.4582300465880644,0.2050295351414252,0.0166666666666666,11.701115204218883,1.2064682925480328,0.4704869667126118,0.0,11.04234211563288,1.0356683361453929,0.476603960526642,0.0,-4.895227539424599,2.2957317499466807,2.0505093495042583,0.3833333333333333,7.572219471911093,1.720444330149619,0.6321762689180743,0.0,-3.069784696192961,10.058745910298834,1.5544173152387102,0.1,13.414387452263046,2.057331627635316,0.1524834664990462,0.1533333333333333,12.490217481642503,2.524101472256723,0.2527581518126013,0.06,14.239541382727383,2.197469494085258,0.2127281871009372,0.0166666666666666,13.501801987019649,2.226426553895409,0.2236064972592145,0.04,2.891339883505081,7.593291412050651,-8.166186085327492,0.53,-5.583392321124317,3.61267916649317,,0.6166666666666667,12.82978428458894,2.5838762237852864,0.1481776352006828,0.1366666666666666,12.683290489459786,1.7711350056574724,0.1612763648918673,0.2633333333333333,12.245126752852242,2.835805017542763,0.2660497326717355,0.0366666666666666,1.8836036025461569,231,"[1.0, 0.8118175096854432, 0.39439051597515484]","[0.0, 5.7551290371985475, 13.907886010695643]",0.5371125925711334,0.2649648933312427,1.981875388162882,0.6442061759056861,12.250128227692256,550.8379450660927,0.3520826977468873,0.0881640121875574,12.476275048617806,0.5936423298985365,0.018536311663441,0.0782383277459464,4.0,"{""overproduction"": 1.3969187033810784, ""waiting"": 1.0897623812242443, ""defects"": 4.1552758137119765, ""inventory"": 0.44409847724303014, ""transport"": 0.7300078552647564, ""motion"": 0.196877256560666, ""over_processing"": 0.22813402214217468}"
65.01280383300767,0.9341951373067842,2.290431070810291,0.05,0.0526315789473684,0.0625,1.043702595180853,2.373996720978893,0.05,0.0526315789473684,0.0625,1.2287098781069783,3.2674552798282464,0.1,0.1052631578947368,0.125,1.3439093154009656,3.3158494293319465,0.1,0.1052631578947368,0.125,0.1670755367404424,0.905822526287406,0.0,0.0,0.0,0.1416190728429399,1.0310160604963787,0.0,0.0,0.0,0.7139303193718937,2.4790175695451864,0.0,0.0,0.0,0.8019354280876849,2.5392946729924546,0.05,0.0526315789473684,0.0625,0.115367003985761,0.3838283194310353,0.0,0.0,0.0,0.7142857142857143,0.5714285714285714,0.5357142857142857,0.5,1.0,1.4210854715202006e-13,15.97206437242766,0.350626733711938,-0.1389559418992163,0.0,12.491313299929397,0.6349400287522641,-0.0412529386916865,0.0,10.873616705443723,1.4723683171409827,-0.3437506553256805,0.0,9.656545512936091,1.5490593366177288,-0.2932750643174618,0.0,3.042605189039642,0.0,0.7842494752590987,0.0,9.263958243508764,1.0535355533576054,-0.0336323097357456,0.0066666666666666,2.2741324223125505,3.974232214401645,0.7446752654186961,0.0,12.755565469245347,0.6462552852779737,0.0011053802683266,0.0,8.557806744691739,1.9430129064068415,0.1791991291534234,0.0166666666666666,12.148864713337067,0.4941306337983696,-0.0535756025342823,0.0,12.27764643818448,0.5028685286358329,-0.0579200624815395,0.0,7.981150626756654,3.335229969369633,0.1588016466678283,0.0133333333333333,7.954501755722971,1.5694914687416066,-0.5469560131902605,0.3066666666666666,9.580446101593882,1.597990228389073,0.1865723036730426,0.0033333333333333,9.86997992991447,0.2904583239446081,0.2009959157683664,0.09,10.076018533457972,1.5873276097225202,0.1294608597074298,0.02,2.066282422260532,232,"[1.0, 0.5717111034528892, 0.1864671472617885]","[0.0, 4.496512882099382, 7.594904059558826]",1.1483024127264518,0.286642689286278,6.6863216696756185,0.6027720414188067,12.743156069801788,518.0665306702723,0.1152981824987756,0.412086432035688,4.2739567722080265,0.6956011533125277,0.006097569479571,0.1399596884163804,4.0,"{""overproduction"": 0.7216232196196756, ""waiting"": 0.4588135886931816, ""defects"": 3.347783356624353, ""inventory"": 0.32457643300157685, ""transport"": 0.7092135799254922, ""motion"": 0.2635555595177608, ""over_processing"": 0.5677435688346216}"
63.59980549713676,0.7499085759825503,1.9679158630056628,0.15,0.1333333333333333,0.1538461538461538,0.6390419890021504,1.8570623306844551,0.15,0.1333333333333333,0.1538461538461538,1.0985063631812066,3.088153148635504,0.2,0.2,0.1538461538461538,0.971337607234197,2.8674380544281477,0.15,0.1333333333333333,0.1538461538461538,0.281330360926218,0.8649957910810736,0.05,0.0,0.0,0.0984274679465765,0.716099199096549,0.0,0.0,0.0,0.6896706483083862,2.309226613653513,0.1,0.0666666666666666,0.0769230769230769,0.72894501138501,2.397860354208494,0.15,0.1333333333333333,0.1538461538461538,-0.0334697804064241,0.1961268930682215,0.0,0.0,0.0,0.7857142857142857,0.8214285714285714,0.5714285714285714,0.4642857142857143,0.9642857142857144,9.947598300641405e-14,31.10365921426748,0.2867142033080802,-0.1179677228063963,0.0,29.00355056141755,0.3402457437673589,0.0233127709284572,0.0,26.95581924063067,0.2458846506241764,0.1915343686341851,0.0,26.93464465342169,0.2240501708348561,0.1921402708010556,0.0,23.44187334393277,0.208261330025288,0.246699671160032,0.0,26.784806890750197,0.2587725547962045,0.1909690967731723,0.0,27.1487093781821,0.1400563354489621,0.1862287663145867,0.0,27.46935558835796,0.5294806266463301,-0.0184968921921268,0.0,28.425365994922583,0.4435605442564686,-0.0543048536932444,0.0,28.060264172953843,0.3129863736123898,0.0686924847264635,0.0,27.56543769205857,0.3129863736123898,0.0629051091267051,0.0,24.56709834201055,1.7064655517649387,-0.40920913108071,0.01,25.212871030766596,0.4022786827353165,0.0264430280468191,0.01,26.879531919971814,0.3631980088476141,0.0257561640318827,0.0033333333333333,20.68302142422062,0.496914298217103,-0.0195283089877727,0.1666666666666666,27.72838189280588,0.4610601303558945,-0.0369269393914159,0.0,1.964762438597293,233,"[1.0, 0.7943522818124269, 0.23587288733141423]","[0.0, 2.6035334638501992, 5.388646582427813]",0.3622750333436302,0.3790432859403968,23.9005628536352,0.7150860473673195,13.687098325613205,203.15170385869752,0.3572057038369924,0.3132189486706569,9.716601425204,0.5803543281500498,0.0090614668444082,0.1869975286368181,4.0,"{""overproduction"": 1.4808319186094312, ""waiting"": 0.48452875269371476, ""defects"": 4.197446952033082, ""inventory"": 0.3365098106103644, ""transport"": 0.7580462848342674, ""motion"": 0.16853569439283425, ""over_processing"": 0.13080925870846735}"
75.24902303973472,1.0470834027830436,2.090247185404775,0.0,0.0,0.0,1.1829617511633284,2.3511610589701903,0.0666666666666666,0.1111111111111111,0.125,1.3719768699159067,2.9503852655343725,0.1333333333333333,0.1111111111111111,0.125,1.6511399115778371,3.387779802400609,0.1333333333333333,0.1111111111111111,0.125,0.2501347066966817,0.940545680805442,0.0,0.0,0.0,0.3499347975143553,1.0755951599054845,0.0,0.0,0.0,0.7657570603421249,2.282173625762489,0.0,0.0,0.0,0.854559303208649,2.555196785615452,0.2666666666666666,0.1111111111111111,0.125,-0.0139638764648396,0.2806347515955575,0.0,0.0,0.0,0.9285714285714286,0.7142857142857143,0.7857142857142857,0.6071428571428571,0.9642857142857144,1.1368683772161605e-13,22.222036588536994,1.1746649376967775,-0.1118964746868642,0.0,21.19169743291596,1.8862480728581583,-0.0906643630455171,0.0,15.332283485847103,2.5739608437756525,0.154860701166159,0.0,14.563353629118795,2.0179325005341835,0.2236380053426766,0.0033333333333333,17.293324539054122,1.9809186403759755,-0.0963129884984508,0.1466666666666666,18.52124508901084,1.799516932085257,0.0522863925844972,0.0,21.22629852759342,1.9041944801987165,-0.1023340859313429,0.0,20.18183153869937,1.941536084375681,-0.107806082418942,0.0066666666666666,21.22629852759342,1.9041944801987165,-0.1023340859313429,0.0,20.515939438234103,2.130391085762428,-0.069634079665707,0.0,16.745620151642942,1.797139677113296,0.0816507188299139,0.0133333333333333,19.04586105089086,2.5609059264793754,-0.0739098473483514,0.01,15.93579924181744,2.0868253910495325,-0.1357926227694465,0.2366666666666666,21.134952904863503,1.9041944801987165,-0.1023072180769055,0.0,16.73744244931328,1.9496391316379116,-0.1183285903518902,0.16,20.49243177955141,1.9332891003028885,-0.1027698676788406,0.0033333333333333,1.283435156942951,234,"[1.0, 0.47615100267224186, 0.2069294154646882]","[0.0, 0.05652204159011228, 0.14749356968707494]",0.0420408268924033,0.3798611317173663,19.48556314383519,0.7741278596535852,9.351053950954755,121.0906864178666,0.3833191743504082,0.5636487861912132,1.0779037965335632,0.56724182262748,0.0197600876732829,0.2808103979186964,4.0,"{""overproduction"": 0.8108459572909773, ""waiting"": 0.4773066804413121, ""defects"": 4.186980310954139, ""inventory"": 0.40517504012169775, ""transport"": 0.7652175175036736, ""motion"": 0.2930364629944686, ""over_processing"": 0.5504170167946763}"
90.20608865871988,0.7226146284218221,3.729471493085517,0.1578947368421052,0.1764705882352941,0.1538461538461538,0.75601976173405,3.780601632733514,0.1578947368421052,0.1764705882352941,0.1538461538461538,1.1760801966827594,5.875400166864889,0.1578947368421052,0.1764705882352941,0.1538461538461538,1.2953155565243315,5.876190018548122,0.1578947368421052,0.1764705882352941,0.1538461538461538,0.0665313361861006,0.8135716059969514,0.0,0.0,0.0,-0.1536463892086332,1.0981907724089706,0.0,0.0,0.0,1.0046406047436205,4.440571782504315,0.1052631578947368,0.1176470588235294,0.1538461538461538,0.9197749951180134,4.460868513867343,0.1052631578947368,0.1176470588235294,0.1538461538461538,0.0675989083809191,0.315149094691914,0.0,0.0,0.0,0.8214285714285714,0.7857142857142857,0.6785714285714286,0.6785714285714286,0.9642857142857144,1.4210854715202006e-13,24.94004832573635,1.549560767515514,-0.5472613965880206,0.0,22.995377801684324,2.241852665914896,-0.4645421418819765,0.0066666666666666,9.049328813709918,1.1574266266290436,0.6190512108841518,0.0,9.2910505896952,1.1574266266290436,0.6080198442601884,0.0,11.505340016867429,1.7615629475052237,0.4344491351267106,0.05,3.992937219333864,1.322599199260964,0.7976174551809767,0.0733333333333333,17.306242976956256,2.168140427349148,0.0874844457516233,0.0,22.4616122173138,2.106301666747264,-0.4128568681488852,0.0066666666666666,21.748491844944866,2.711655285265529,-0.4848727824034575,0.0133333333333333,21.50935283473352,2.063075708501706,-0.2338986074370342,0.0033333333333333,21.459658687450816,2.1246955296747845,-0.2729255693929311,0.0033333333333333,22.1171044390952,3.2964236713671773,-0.5543942614971265,0.0066666666666666,21.057554126588325,3.582563783636646,-0.5537527199883153,0.02,18.24647056648868,3.0042817110055005,-0.5886096032784188,0.15,11.86587752601586,1.6532867180074748,-0.1787124495715539,0.3433333333333333,22.49692013213173,2.954745811382521,-0.545406702379374,0.01,3.9112112165242103,235,"[1.0, 0.8165747780046821, 0.665560190912211]","[0.0, 5.62982494379801, 14.918510848630426]",0.984705617895274,0.0361370562632809,22.59447089859693,0.6945652335580066,9.41939674645345,67.89147727799,0.1449386395223933,0.1661502451025923,13.944060974297477,0.5558533325920765,0.0069863951935449,0.1478054874999016,4.0,"{""overproduction"": 0.9111222639905049, ""waiting"": 0.7571748798626615, ""defects"": 1.8884347716376844, ""inventory"": 0.35866219331282206, ""transport"": 0.7352491881222226, ""motion"": 0.43871753229246896, ""over_processing"": 0.4183172448765478}"
64.16760891357202,0.3362264926376697,1.0882564025236965,0.0555555555555555,0.0666666666666666,0.0714285714285714,0.4853593508710893,1.320994553081695,0.0555555555555555,0.0666666666666666,0.0714285714285714,0.5493040139975832,1.5931097236707386,0.0555555555555555,0.0666666666666666,0.0714285714285714,0.6961543156229499,1.7741596131783657,0.0555555555555555,0.0666666666666666,0.0714285714285714,0.0159718138800806,0.4720393438348922,0.0,0.0,0.0,-0.0966974440566642,0.6498099711662653,0.0,0.0,0.0,0.4230460546693882,1.3130697464580177,0.0,0.0,0.0,0.4812864937355244,1.4172486921337548,0.0555555555555555,0.0666666666666666,0.0714285714285714,-0.0176200238017452,0.1173216935857431,0.0,0.0,0.0,0.9285714285714286,0.75,0.7857142857142857,0.6785714285714286,0.9642857142857144,1.4210854715202006e-13,16.52310810525184,0.2189635156707345,-0.1709999643521151,0.0,13.74296621484357,0.5710694759177917,-0.0058274044842538,0.0,11.183736378397075,0.5683074134996228,0.2672478372725724,0.0,9.286216876832118,0.6236885318570444,0.4243961887749063,0.0166666666666666,7.550957236347354,0.448797812241357,0.5035945405230918,0.01,9.103430775422176,0.5027590951864873,0.3967703385231592,0.0366666666666666,9.499305324730155,1.6106514645429917,0.0577358695923227,0.0,12.255893403383372,0.5859157959864199,-0.0167251002234287,0.0066666666666666,10.944801076638878,1.0415840718180285,-0.0318422629593073,0.0566666666666666,13.074905802265569,0.6381314921127285,0.0426173019136185,0.0,10.01236270045027,0.4950399294941957,0.2293733656429428,0.03,10.181727917480616,2.5163877363108265,-0.3268669250674426,0.0433333333333333,6.341397691848301,2.2915285319960965,-0.1911231083041293,0.3566666666666667,12.839172216808535,0.3159106552091553,0.0446084337436249,0.0,7.62330769674564,0.5561129951961243,0.1333279842739387,0.2566666666666666,8.746826872212486,1.8285542830235009,-0.0747228552351374,0.1166666666666666,1.9931317887302535,236,"[1.0, 0.6047688576177703, 0.23532626620157723]","[0.0, 1.146625210215463, 2.1309378478880516]",1.1977251831581952,0.2282423526478243,21.88349539071128,0.6104496987783853,9.91289945936082,528.9002412315517,0.0557758462184176,0.0969618794701767,4.041725190730484,0.6223892269267051,0.0086692517239204,0.2484751821244668,4.0,"{""overproduction"": 1.175261393509316, ""waiting"": 0.3017747367296342, ""defects"": 4.380570266448619, ""inventory"": 0.26007189966689437, ""transport"": 0.9532553216332051, ""motion"": 0.4079079982139568, ""over_processing"": 0.4484737183005224}"
82.62475038905201,0.758057310450148,1.9238544495241856,0.1818181818181818,0.1111111111111111,0.125,0.7915968044851442,1.9740856507205369,0.0909090909090909,0.0555555555555555,0.0625,1.0953567010236045,2.916866842958023,0.1363636363636363,0.1111111111111111,0.125,1.1245381009768942,2.990424827757363,0.1363636363636363,0.1111111111111111,0.125,0.1025125483730563,0.778978280900832,0.0454545454545454,0.0,0.0,0.1013321517848486,0.8568742807772739,0.0454545454545454,0.0,0.0,0.7070932237720603,2.281400573095221,0.1818181818181818,0.1666666666666666,0.125,0.7671304350925047,2.357014537206509,0.1818181818181818,0.1666666666666666,0.125,0.0138252438730017,0.1840535649741852,0.0,0.0,0.0,0.6071428571428571,0.6071428571428571,0.6071428571428571,0.6071428571428571,1.0,7.105427357601003e-14,33.531848090886776,0.4115965481772633,-0.8084765902358155,0.0,31.656169481568437,1.518586995461307,-0.9495283095041416,0.0,22.62584120599522,0.1002287127758198,0.2784749356702129,0.0,22.62584120599522,0.1002287127758198,0.2784749356702129,0.0,22.65735720336457,0.1002287127758198,0.2767662679556636,0.0,22.62584120599522,0.1002287127758198,0.2784749356702129,0.0,26.781151087848173,0.4900468446353672,-0.4588997041444119,0.0,31.4810337204949,1.8744199672331343,-1.009132134773321,0.0,31.223435726612504,1.2889532797242185,-0.8146263313527077,0.0,31.443201324380688,1.831662758511533,-0.9985247202847864,0.0,31.469008303597736,1.76730612556742,-1.0175395516172876,0.0,31.19381338415798,2.134166724397853,-1.640432195775253,0.0,31.19381338415798,2.134166724397853,-1.217766641343483,0.0,31.259971056276843,1.9770786326121617,-1.2265122635525134,0.0,23.683383164657613,0.3882519262930863,-0.2764862994777827,0.0766666666666666,31.168047903842265,1.7092889301948055,-1.159074699011917,0.0,3.0960138789433267,237,"[1.0, 0.7079474918560895, 0.15685165077530797]","[0.0, 2.836420565450604, 7.176796259077526]",1.1333360077524346,0.7911170849531369,24.739839198669248,0.5525532698539384,4.27785257836111,399.4536824676693,0.2546186442290429,0.2802913965827528,8.368676041492067,0.337771570113151,0.019103892943408,0.0697661568769241,4.0,"{""overproduction"": 1.8768570819362662, ""waiting"": 0.6130799190000503, ""defects"": 1.8280370780874597, ""inventory"": 0.3477419090413381, ""transport"": 0.8520165656324385, ""motion"": 0.3609322250495936, ""over_processing"": 0.23813145181576306}"
79.69791838654211,0.7713315769681246,2.0005847165800144,0.0,0.0,0.0,0.9445688583293996,2.2625543721908405,0.0434782608695652,0.0,0.0,1.0038187072120806,2.9015145301105227,0.0869565217391304,0.05,0.0625,1.1392071421453345,3.0805363749878847,0.0869565217391304,0.05,0.0625,0.0225590880840321,0.4268273165491347,0.0,0.0,0.0,0.1278147826892009,0.4792976155352419,0.0,0.0,0.0,0.5411540167048959,1.96759419275041,0.0434782608695652,0.05,0.0,0.6841642981435506,2.0906512316570383,0.1304347826086956,0.1,0.0625,-0.0712204659915473,0.2079831623991279,0.0434782608695652,0.05,0.0,0.8928571428571429,0.8571428571428571,0.6785714285714286,0.5714285714285714,1.0,8.526512829121202e-14,18.641839139808223,0.674215390265034,-0.3499972723598368,0.0,17.689504862168818,1.434878852876677,-0.2705900518910266,0.0033333333333333,-14.94873967252036,0.020068579609429,2.1599658512756768,0.0,-14.94873967252036,0.020068579609429,2.1599658512756768,0.0,-11.702389976702689,0.2539508756986712,2.0592458310538357,0.01,-15.735554282794135,0.0344318834601485,2.280894000261797,0.0033333333333333,16.879274166309795,2.09306840412208,-0.2177994261591297,0.0133333333333333,17.324676339114184,1.4378516979584808,-0.2809533974034136,0.0033333333333333,15.13925092218564,1.2533877486966731,-0.1486165022546038,0.0033333333333333,17.10747805859122,1.5193933686230887,-0.2705292941088654,0.0033333333333333,16.919427360119222,1.5193933686230887,-0.2841876545131938,0.0166666666666666,17.103972837336144,1.9569935445383413,-0.2490566609419456,0.0066666666666666,9.734428076360572,1.074687211787463,0.0812011200786226,0.0633333333333333,15.922635133010171,1.2741536225920025,-0.2595842494785358,0.0233333333333333,8.089224293720143,0.3020239156904534,-0.0304128328626118,0.1766666666666666,15.586768497092342,1.3197752587784253,-0.1509629674540077,0.0033333333333333,2.925647608195121,238,"[1.0, 0.5451191365641974, 0.3766341126125661]","[0.0, 6.283894134060498, 14.569469859411198]",0.966764593226144,0.1874335764057236,8.794022469227212,0.8477286950872682,5.018409122833633,388.79098675527166,0.0404647313605841,0.9013556017046968,8.770323083566373,0.3693350643593129,0.0148077934549781,0.2913441782995597,4.0,"{""overproduction"": 1.9913466205651684, ""waiting"": 0.7221918252287964, ""defects"": 1.9620818716315154, ""inventory"": 0.36410742338515395, ""transport"": 0.950969489778497, ""motion"": 0.26636565149626146, ""over_processing"": 0.4160836503775402}"
57.37110854695196,0.3255423403627319,1.5542038750038742,0.0952380952380952,0.0526315789473684,0.0666666666666666,0.3568710146412308,1.5699750438503368,0.0952380952380952,0.0526315789473684,0.0666666666666666,0.3615303657204284,2.167999980191279,0.0952380952380952,0.1052631578947368,0.1333333333333333,0.4257269672263297,2.235030783741333,0.1428571428571428,0.1578947368421052,0.2,0.2200476247425478,0.773365376769757,0.0476190476190476,0.0526315789473684,0.0666666666666666,0.3121423087299617,0.8625790245459032,0.0476190476190476,0.0526315789473684,0.0666666666666666,0.4225777502242763,1.833796402214506,0.0952380952380952,0.1052631578947368,0.1333333333333333,0.4781347453851806,1.866826095355111,0.0952380952380952,0.1052631578947368,0.1333333333333333,-0.05947379436839,0.1759499703004767,0.0,0.0,0.0,0.75,0.6428571428571429,0.6071428571428571,0.5,1.0,1.1368683772161605e-13,28.88301694132145,0.9919081131589924,-0.4900776236926392,0.0,26.30314053240219,1.9500486674993136,-0.4008938891505589,0.0266666666666666,13.678660045323207,0.7113711756967169,0.0946675900660143,0.0,2.86547460861811,0.5626203785870676,0.7988279529234624,0.0,-6.182255517800626,1.5425067610311196,1.6767651864394977,0.0733333333333333,0.8800812683248023,0.6982661945707438,0.9384562158472456,0.0233333333333333,19.067852157603387,3.499954042236701,-0.0636933488920336,0.08,25.59282158604546,1.8139447549951335,-0.3718799184703381,0.03,25.28696803044137,1.9478268165236143,-0.3651201680672056,0.0266666666666666,23.474012782520603,3.499954042236701,-0.3378076993231181,0.0166666666666666,22.73968878270163,3.499954042236701,-0.3668726480447663,0.0566666666666666,22.97640816569758,3.499954042236701,-0.3277448804125169,0.06,21.240682942712745,2.938118816536792,-0.2122722386350101,0.1133333333333333,21.5699123615086,2.571854470486395,-0.3997969015900546,0.13,19.01032444606148,1.2657967180634004,-0.2133958299979351,0.08,23.96171337255667,3.108811435778596,-0.3199513222334052,0.0433333333333333,5.173718796400289,239,"[1.0, 0.8260385543908104, 0.422838050253318]","[0.0, 8.34662490769437, 14.234803894133735]",0.4399478172053092,0.5949197643387679,3.1652910420142124,0.8675258877547272,13.20666108528425,153.75193238916535,0.3485024028454885,0.3145097109839146,10.88032332124666,0.562820844753985,0.0093706759767206,0.1995872267196945,4.0,"{""overproduction"": 1.5195600062032748, ""waiting"": 0.3322597819151885, ""defects"": 1.9349803615592576, ""inventory"": 0.3024782024770869, ""transport"": 0.4580761520057526, ""motion"": 0.3079146996464241, ""over_processing"": 0.28177057502859437}"
54.00365724423988,0.5489803268614742,1.2417838792723512,0.0526315789473684,0.0588235294117647,0.0666666666666666,0.6330058563183704,1.2919095402317184,0.1052631578947368,0.1176470588235294,0.1333333333333333,0.6784303290108078,1.8194286145874277,0.1578947368421052,0.1764705882352941,0.2,0.8389585421501426,1.9401630187874548,0.1578947368421052,0.1764705882352941,0.2,0.0609226819395221,0.3517659052731462,0.0,0.0,0.0,0.1127252769789824,0.3615716999638046,0.0,0.0,0.0,0.3682642976527031,1.272163584129563,0.1052631578947368,0.0588235294117647,0.0666666666666666,0.4604395644478872,1.3291437234689614,0.1578947368421052,0.1176470588235294,0.1333333333333333,0.012491874420594,0.1372115757590796,0.0,0.0,0.0,0.9285714285714286,0.8214285714285714,0.6428571428571429,0.6071428571428571,0.9642857142857144,7.815970093361102e-14,19.1511291252508,0.8517631583120466,-1.058083658401723,0.0,16.203643726040728,1.952542909405572,-0.890447139870531,0.0,1.308100716911956,0.4755531921735009,0.9271087987555384,0.0,1.1486005934017476,0.4097132602394994,0.9365212516658568,0.0,-0.901627490610345,1.44141731025579,1.055150501489904,0.01,1.078161284137478,0.4097132602394994,0.9405698100717336,0.0,5.541617272576129,4.401142140157957,0.090233621141281,0.0,14.9034781152945,1.6839137584424777,-0.7367567487885572,0.0033333333333333,15.006113314544663,1.8352395685787088,-1.0299440634634165,0.0233333333333333,11.264237893856064,1.0329709690023483,-0.0168551318136734,0.0366666666666666,9.48418376799538,1.1317723266855837,0.0315981073548262,0.1033333333333333,14.11124733251724,2.842910613977286,-1.171687322824419,0.0133333333333333,13.140316498303068,2.648812260959841,-1.0727781000438776,0.0533333333333333,11.849959568723682,2.333984034243311,-0.6301256937646661,0.03,7.736372321663725,0.7710360524846332,0.0356558357261016,0.38,14.08594484060702,1.8682654952317443,-0.796523999149129,0.0266666666666666,3.0194377461375788,240,"[1.0, 0.7826016457713147, 0.37126214324115775]","[0.0, 2.1926445928356357, 6.443984293564028]",0.8444086234307963,0.1604497059724041,15.063584212300038,0.7272558709870596,7.923952688206851,270.09546344753034,0.0932705968419994,0.8243356172724308,11.009478343290125,0.4755843964953386,0.0127118919377206,0.2173147933535402,4.0,"{""overproduction"": 1.3481710513540341, ""waiting"": 0.3137428711666638, ""defects"": 2.9022801794722737, ""inventory"": 0.28038936854504243, ""transport"": 0.6407287158044055, ""motion"": 0.2132482791793749, ""over_processing"": 0.23274340960247175}"
63.80633586708204,0.408945920503844,1.4968921411633556,0.1052631578947368,0.0625,0.0769230769230769,0.4731852273003141,1.6484808090838994,0.1052631578947368,0.0625,0.0769230769230769,0.7495669734801244,2.6057295227505968,0.2105263157894736,0.1875,0.2307692307692307,0.8284512569669003,2.6764001399642057,0.2105263157894736,0.1875,0.2307692307692307,0.0702227734397285,0.3214283011150362,0.0,0.0,0.0,0.0176002138831847,0.5766278727707023,0.0,0.0,0.0,0.4686972362465761,1.8500941476831776,0.0526315789473684,0.0625,0.0769230769230769,0.5178186246898236,1.9753160417492897,0.1578947368421052,0.125,0.1538461538461538,0.0262039728027033,0.1664265607199563,0.0,0.0,0.0,1.0,0.8214285714285714,0.6785714285714286,0.4642857142857143,1.0,9.947598300641405e-14,11.129643734917003,0.5534362943951817,-0.047922409289643,0.0,8.785241513019677,1.545115685259922,0.0698421613215378,0.0133333333333333,-2.875985666505317,0.2021061466125369,1.199146178258659,0.0,-2.74417013518816,0.1488127013880093,1.1898821999267075,0.0,-2.0118603516064306,0.6154275765846147,1.2086967243531914,0.1533333333333333,-5.748100351581015,0.1971563105530159,1.51294738115432,0.1333333333333333,6.572622674118592,2.998551584749324,0.1740393484767394,0.01,7.084110413832061,1.2947730136257851,0.2043905524213236,0.02,6.910364357839105,1.6613760491309129,0.1181481604540209,0.0766666666666666,7.33156660551811,0.9926671041475544,0.2582431773944876,0.0566666666666666,6.924515419933932,0.9075591862036388,0.279672264230122,0.0933333333333333,6.228663291329247,2.400789495816379,0.103046272811762,0.07,3.946514375881661,1.4160820808584984,0.1710087252687974,0.1966666666666666,3.2302531285949243,1.2077325723420511,0.5618989917648216,0.14,3.119717586610742,0.4309853398716846,0.4919441987066182,0.33,6.465467254214679,2.0332704347416626,0.0996433787865142,0.1033333333333333,2.7029043298862003,241,"[1.0, 0.7765908148463954, 0.5118269597121303]","[0.0, 5.194907818786642, 10.053791023367564]",0.8205413113312842,0.1073206238795247,8.500279549606118,0.5369913090905749,13.595262840418629,155.80291613401198,0.2522390065723971,0.0069436884046411,4.917432539384567,0.4628924820644784,0.0133508202631994,0.2959199043617257,4.0,"{""overproduction"": 1.1732389089043658, ""waiting"": 0.5098978010804193, ""defects"": 2.1513406670670525, ""inventory"": 0.2704702747710936, ""transport"": 1.2863124848222958, ""motion"": 0.39631073735183636, ""over_processing"": 0.30975566826518447}"
91.80598625272216,0.8046754440851801,1.956168929505332,0.0476190476190476,0.0588235294117647,0.0625,0.9386603730282308,2.2129718861017755,0.0476190476190476,0.0588235294117647,0.0625,1.3374846519681067,3.3599979235315307,0.0952380952380952,0.1176470588235294,0.125,1.3913080149036094,3.395526949192353,0.0952380952380952,0.1176470588235294,0.125,0.2180719503502641,0.6706126933948903,0.0,0.0,0.0,0.1382356803592801,0.6275934249279966,0.0,0.0,0.0,0.848020594817016,2.458031377454617,0.0952380952380952,0.0588235294117647,0.0625,1.0187316781953188,2.802875235496743,0.0952380952380952,0.0588235294117647,0.0625,0.0449656366472954,0.2962373323796127,0.0,0.0,0.0,0.8571428571428571,0.8214285714285714,0.6428571428571429,0.5357142857142857,1.0,1.4210854715202006e-13,22.093781675007104,0.1242687470779179,-0.1163184595838232,0.0,21.067851061126696,0.1523424148595114,-0.0173514159569344,0.0,20.110248627538773,0.0925935184328941,0.1986850721227567,0.0,20.110248627538773,0.0925935184328941,0.1986850721227567,0.0,14.909549015754012,0.1039427453008361,0.2956389471343498,0.0,19.52346075462043,0.1039427453008361,0.2136649757999581,0.0,20.110248627538773,0.0925935184328941,0.1986850721227567,0.0,20.390493723195476,0.4396412408833011,-0.0770766134612689,0.0066666666666666,19.975734578239283,0.3672863242702728,-0.0713489303797518,0.02,20.58272742498722,0.5084993642225218,-0.0623150362505525,0.0066666666666666,20.466735991625946,0.4860380955156298,-0.0314116026700007,0.01,16.003763293079594,2.134096372302356,-1.1983336685482588,0.0733333333333333,20.24798908458268,0.4494579100617926,-0.1571906949139357,0.0,20.056113909160068,0.7071591113238407,-0.2323095227522714,0.02,14.538393871557728,0.2606979654092584,0.0445359016764097,0.1566666666666666,19.54324322750749,0.5908987642458174,0.044338853448499,0.01,2.125880008992881,242,"[1.0, 0.7023722014632175, 0.4775431485788949]","[0.0, 3.026900604838657, 5.353476974534438]",0.6918206048840111,0.4222241793260937,16.038367929253646,0.5889923493517337,3.893095767531531,576.902742649943,0.0775292072661066,0.6450714495646303,14.250957161302916,0.3182013861449375,0.0096863053235653,0.2863782434590686,4.0,"{""overproduction"": 1.2068053042565614, ""waiting"": 0.9876034075222729, ""defects"": 3.4997219793079846, ""inventory"": 0.237235703879692, ""transport"": 0.7377178092811926, ""motion"": 0.34484559060485065, ""over_processing"": 0.34019796592847573}"
78.04179575613307,0.3907164714130661,1.1869491493504178,0.0555555555555555,0.0588235294117647,0.0714285714285714,0.5285222152475754,1.3811403394473878,0.0555555555555555,0.0588235294117647,0.0714285714285714,0.6390078565115306,1.8209672710980032,0.0555555555555555,0.0588235294117647,0.0714285714285714,0.784363831378549,2.0778617664895367,0.0555555555555555,0.0588235294117647,0.0714285714285714,0.0590126778044496,0.4159739645202887,0.0,0.0,0.0,0.0180740087256295,0.4726205043383749,0.0,0.0,0.0,0.4484312131330251,1.3440616229422595,0.0555555555555555,0.0588235294117647,0.0714285714285714,0.5336987029112753,1.6032471469541991,0.0555555555555555,0.0588235294117647,0.0714285714285714,-0.0127025442527874,0.1613298653163093,0.0,0.0,0.0,0.8571428571428571,0.9642857142857144,0.7142857142857143,0.6785714285714286,1.0,5.684341886080803e-14,12.645185461317247,0.6956646274014053,-0.119683919842194,0.0,11.607070925072469,1.3133585576252769,-0.0859652643800458,0.0,8.022161175596112,2.199223458562956,-0.4151475586562184,0.0,5.163969883633028,1.1877927175848446,0.1287630718174638,0.0,5.155356232879147,1.316566014175386,-0.0060889212588353,0.0,5.601113266605042,1.0522772102784064,0.0315693895858447,0.0,9.258228932759378,2.7596529442181645,0.0788033873226049,0.03,10.617070438794718,1.2013856386827264,-0.0266468702160798,0.0,11.273304929210584,1.360150510213025,-0.069763188528754,0.0,8.80373607941813,1.0145597614973536,-0.0263063186646104,0.0066666666666666,7.315462652031207,0.9602496922255797,0.1633167213902266,0.02,10.150265505146924,1.245261119721297,-0.1147699205771336,0.0033333333333333,8.183644733347805,2.454046898575895,-0.0254477429994379,0.02,10.401147809878676,1.1810122720484018,-0.080417626125328,0.0,5.867871006920103,0.3589978454138194,0.1477175665473603,0.04,10.423775180123176,1.666437313821223,-0.0446841475775074,0.0066666666666666,2.279721328733167,243,"[1.0, 0.6452256620868191, 0.3389045356743041]","[0.0, 8.48674487986867, 14.74066355762955]",0.0029081755667587,0.4445257038503126,4.87964064141066,0.5246709978745077,5.249153416055826,344.5404656765338,0.0444137902616105,0.9439385939583737,8.126462273898495,0.3744172303816595,0.0119268285429374,0.2597218896998006,4.0,"{""overproduction"": 1.0906291001345643, ""waiting"": 0.4286492989936089, ""defects"": 4.7615623657582535, ""inventory"": 0.5144129815766542, ""transport"": 1.142035048583871, ""motion"": 0.4566963224166303, ""over_processing"": 0.34087101567458494}"
81.2540990417612,0.5814964069795663,1.776409620079721,0.0434782608695652,0.0476190476190476,0.0526315789473684,0.6162891189608862,1.87955307220216,0.0434782608695652,0.0476190476190476,0.0526315789473684,0.9054901651351568,2.82804387940409,0.1304347826086956,0.0952380952380952,0.1052631578947368,0.9423822263992844,2.894289400175885,0.1304347826086956,0.0952380952380952,0.1052631578947368,0.0578197918262466,0.5630068840468655,0.0,0.0,0.0,-0.0259726611019788,0.6114802060144937,0.0,0.0,0.0,0.6538816275627103,2.4048066803485764,0.1304347826086956,0.0952380952380952,0.1052631578947368,0.6875647857173665,2.472415797436654,0.1304347826086956,0.0952380952380952,0.1052631578947368,-0.0231599604319841,0.3786902433071348,0.0,0.0,0.0,0.9642857142857144,0.9642857142857144,0.6071428571428571,0.6785714285714286,0.8571428571428571,1.9895196601282805e-13,20.41905821329105,0.4412196164172396,-0.9215906776444792,0.0,17.49145158139049,1.3079508994553526,-0.6381871346406046,0.01,5.191620039692916,1.4970707485929078,0.6884801292791578,0.0,4.536865488772253,0.6069052627978978,0.7249318427880178,0.0033333333333333,-7.120636104646139,0.323613141562855,1.509669291274028,0.0366666666666666,-5.1052537579303126,1.6496283314740237,1.3322962964582168,0.0,15.976433106420297,1.119517867853468,-0.3094329056161256,0.0,16.163577240632403,2.633067335193521,-0.6768906197965754,0.0033333333333333,17.11188534970589,1.2846168589009637,-0.5817799494438398,0.01,16.914420091162217,1.7864762957187796,-0.6105247908306467,0.0066666666666666,17.031814154260413,1.5703861237922303,-0.5958917788739602,0.0066666666666666,15.75865871459504,3.2238059480066386,-1.062411617438509,0.0766666666666666,14.128834434701576,0.7343201107694595,-0.2001679155742688,0.02,16.778776083914718,2.057606787826843,-0.7600446718163608,0.0,16.829910041438637,1.6714994532627163,-0.57057805037262,0.0,15.144930586730023,1.2842190428171856,-0.348614616057833,0.0066666666666666,3.1324497184455207,244,"[1.0, 0.5726889936577263, 0.35136177599371254]","[0.0, 4.98871997351452, 13.5500475971277]",0.5021500169842307,0.9786455801419656,24.225041101323587,0.7240507153543541,6.7031654042803,197.1326373741816,0.3812159984689454,0.5059091036381755,13.244082335530308,0.6260853990133726,0.0122586827728938,0.0801366878792965,4.0,"{""overproduction"": 1.0008008436425484, ""waiting"": 0.40923929847847035, ""defects"": 5.113872964680546, ""inventory"": 0.22781390711584934, ""transport"": 1.4918268551065939, ""motion"": 0.31722948747699364, ""over_processing"": 0.40598667177443976}"
69.89064300851786,0.5103880385660529,1.705553121861043,0.0,0.0,0.0,0.5699106331621089,1.7503332895732364,0.0454545454545454,0.0526315789473684,0.0666666666666666,0.7347150127075894,2.4669673080884182,0.1363636363636363,0.1578947368421052,0.2,0.803349244326745,2.4933042943657413,0.1363636363636363,0.1578947368421052,0.2,0.2167299994681725,0.8111244906998443,0.0,0.0,0.0,0.2904203671609081,0.8475200935297477,0.0,0.0,0.0,0.5596580115565256,2.0461831603954077,0.0,0.0,0.0,0.6661207224489696,2.1055402243449284,0.0909090909090909,0.0526315789473684,0.0666666666666666,0.0484885087983412,0.3015643086465026,0.0,0.0,0.0,0.8571428571428571,0.7142857142857143,0.6071428571428571,0.4285714285714285,1.0,1.4210854715202006e-13,21.05706578701273,0.2745849102698825,-0.7172392431815046,0.0,16.63098099923804,1.4404012828694397,-0.5528043879985812,0.0033333333333333,11.590536490602991,2.058433980579092,-0.0564586138046939,0.0033333333333333,11.482218853233576,1.924112000305679,-0.0433066066240437,0.0066666666666666,6.382719543486586,4.17607491217737,0.0423892044437208,0.1833333333333333,11.059057834324133,2.285371104179408,-0.0331530900029007,0.0066666666666666,6.915946289473832,6.572141707245283,0.3291117644041371,0.0,15.694154655590872,1.4602255133332194,-0.4354828220220327,0.0033333333333333,14.87616148394584,2.215423603097476,-0.4575524069591508,0.0066666666666666,16.058976912980725,1.1064893158589162,-0.4936582126461694,0.0033333333333333,13.89319314769324,1.1175692309401395,-0.3007122506705675,0.01,11.333998865673925,4.541016577437531,-0.2551890330043945,0.0066666666666666,5.891355458372524,3.884800546814879,0.1029359122568407,0.15,8.907498884749801,2.821889056841336,0.066318132951579,0.03,12.055799387146584,0.4414322657097208,-0.2787950787985972,0.0066666666666666,11.987784269886474,3.195008930056757,-0.1963001700691387,0.02,2.136408834053525,245,"[1.0, 0.5665390615801553, 0.27488888398075983]","[0.0, 6.113472662799378, 10.968192748374026]",0.2445037552033069,0.534516692410483,13.327428291743807,0.827650023515025,8.587658192664248,194.67355464152564,0.0495627548503227,0.4743212108288417,0.8789504230109674,0.647415693711351,0.0127605072639582,0.1841644060081654,4.0,"{""overproduction"": 1.2300568719970868, ""waiting"": 0.33839771024391585, ""defects"": 3.381310169645019, ""inventory"": 0.44660913358441906, ""transport"": 0.6444548267720914, ""motion"": 0.2894892848085751, ""over_processing"": 0.41625365487642146}"
68.59977891489095,0.3653453131405307,1.100702446773932,0.0,0.0,0.0,0.4500341101536718,1.186452075098963,0.0588235294117647,0.0625,0.0,0.6676131600341025,2.17142028989359,0.1176470588235294,0.125,0.0,0.8460492727851164,2.233215855686156,0.0588235294117647,0.0625,0.0,0.0509745813725216,0.2850245036526244,0.0,0.0,0.0,0.049791963707848,0.7104076126746888,0.0,0.0,0.0,0.5064918156988204,1.8161667489230449,0.0,0.0,0.0,0.5581557392302933,1.884611540405397,0.0588235294117647,0.0,0.0,-0.0873976793285088,0.2588143780927754,0.0,0.0,0.0,0.9642857142857144,0.6785714285714286,0.7142857142857143,0.5714285714285714,0.9642857142857144,1.9895196601282805e-13,14.684346485293784,0.4468834705217115,-0.395034438152014,0.0,13.1940265890738,0.7882810221641394,-0.3035348998775842,0.0,4.563887483913625,1.168833098357205,0.6198827413164247,0.0,4.081318456266877,1.1875096251185453,0.6596962148293075,0.03,1.7919421080200926,1.3096247097157108,0.8549809374958032,0.0066666666666666,5.869496659167321,0.8208958467929838,0.4652646220810142,0.0433333333333333,10.78186134706642,0.280773530463559,0.1995826199376381,0.0,13.042469105520183,0.8631709971438422,-0.2835314902193809,0.0033333333333333,12.675635441307625,1.1607551109867544,-0.4100276758130877,0.04,12.659371527473118,0.799706394542809,-0.1665207441295139,0.0,12.794126327488216,0.7020265883138118,-0.168598711008196,0.0,11.800626444199198,1.7646844635592156,-0.7425946587949552,0.09,10.214185222592077,2.0740910779339665,-1.1894042815972097,0.1866666666666666,11.73954474886188,1.3350041700067552,-0.1047377057541107,0.0033333333333333,8.630706390566507,0.5843205686372026,0.124318869608922,0.13,11.699663285062092,1.324325356536994,-0.4989550595926635,0.0966666666666666,2.6447140676014977,246,"[1.0, 0.4901068219932742, 0.32013945638014146]","[0.0, 1.8970344230870742, 3.7137154749842196]",0.8949813951207707,0.0090454956434421,21.22049571811388,0.7810600611956895,6.196759144173892,477.99265070987394,0.2012845529236923,0.5558623380834814,2.52639583746198,0.5000058402216866,0.0084976674975195,0.254683602825146,4.0,"{""overproduction"": 1.3716368254270757, ""waiting"": 0.4354561449088908, ""defects"": 2.136166989546348, ""inventory"": 0.4860846448611069, ""transport"": 0.801789892899847, ""motion"": 0.2726388113550228, ""over_processing"": 0.6108915185763313}"
65.02637383580203,0.1708508639305494,1.0033144964641478,0.1,0.125,0.0833333333333333,0.3196694087015603,1.151961317761974,0.2,0.25,0.25,0.3582925396732431,1.609988216241066,0.15,0.1875,0.25,0.4571830166117078,1.6485148115683073,0.15,0.1875,0.25,0.0486842466297602,0.2142287945047731,0.0,0.0,0.0,0.0690197802799486,0.3260634070718928,0.0,0.0,0.0,0.3079496461045915,1.1654471397000064,0.15,0.125,0.1666666666666666,0.3516836864433151,1.2004337099589155,0.15,0.125,0.1666666666666666,0.0281733910673001,0.161779993432994,0.0,0.0,0.0,0.75,0.7142857142857143,0.5,0.4642857142857143,1.0,9.947598300641405e-14,20.990409231486304,0.9977690584973754,-1.0582712795650908,0.0,19.919523532635665,1.81661974495302,-1.1033706874471534,0.0066666666666666,1.1741308709486469,0.3219881895295028,0.9181273186034524,0.0,1.3393695308892823,0.3219881895295028,0.90594280575,0.0,8.972310963582245,0.4514566522498239,0.1212681486122044,0.0333333333333333,3.6131880935166025,0.3328403519120093,0.7045870721620564,0.0233333333333333,19.258971897681032,2.511209438508643,-1.1471830418477502,0.0,18.564980386768468,1.5585485576384104,-0.9118765003388009,0.0,19.170045882251653,1.7904839948322555,-1.0861983684538592,0.0266666666666666,19.246508805825524,2.4968612319524564,-1.171881900289335,0.0033333333333333,16.85896710982833,2.44888240988034,-0.8940875709312903,0.0,19.258971897681032,2.511209438508643,-1.2491694352359493,0.0,9.746081737020411,1.0926408217388903,-0.2609108114228548,0.1633333333333333,13.386945071187457,0.954419936137654,-0.3987921153783529,0.0133333333333333,9.210095587691672,0.7181373472816985,-0.0538322086048553,0.2,19.6087111925944,2.181835276178587,-1.188951888792833,0.0133333333333333,5.533587539952429,247,"[1.0, 0.8153365232034273, 0.6226877514339424]","[0.0, 4.41311352926861, 7.651914983608458]",0.3414084490057714,0.0816395213962227,24.498454677717035,0.8142424107670194,8.572387820985886,25.137741223066552,0.2700020393264856,0.6552318385940649,2.231207811268777,0.389052542099673,0.0099265006542513,0.2803836128964794,4.0,"{""overproduction"": 1.5417617287897596, ""waiting"": 0.297706085952928, ""defects"": 2.8339274483941206, ""inventory"": 0.6510991249431602, ""transport"": 0.7576259535901152, ""motion"": 0.21732951190215893, ""over_processing"": 0.3422783171351162}"
66.44248462378991,0.9531399750388948,2.7320641090388555,0.0,0.0,0.0,0.9894921602861076,2.797343116041027,0.0,0.0,0.0,1.2428512161492846,4.01053543471457,0.0588235294117647,0.0625,0.0833333333333333,1.265283402253622,3.980929552378909,0.0588235294117647,0.0625,0.0833333333333333,0.1503385436979332,0.8181267032967421,0.0,0.0,0.0,0.1282299944946616,0.8838910058421249,0.0,0.0,0.0,0.8883573657106769,3.176477749317901,0.0,0.0,0.0,0.919275554396819,3.197853000761265,0.0,0.0,0.0,0.0576594538985448,0.1389784721816004,0.0,0.0,0.0,0.7857142857142857,0.75,0.7142857142857143,0.6785714285714286,1.0,9.947598300641405e-14,10.882443059619868,0.3819544314080419,0.3413675542497403,0.0,10.291372349767292,0.3819544314080419,0.3864107358073723,0.0,9.521761084368231,0.3819544314080419,0.5305365354660229,0.0,9.521761084368231,0.3819544314080419,0.5305365354660229,0.0,8.057683886881236,0.7440144808329983,0.5512796257666738,0.02,9.447488444933263,0.3819544314080419,0.5319964536432675,0.0,7.865360705588969,0.7047899840856447,0.1758104406492102,0.0,9.976107459591724,0.3844871765142172,0.4006050894324785,0.0,9.645951108217943,0.4066923741793393,0.3009692158370213,0.0066666666666666,9.339708617564892,0.4146937357677078,0.4215692118495559,0.0166666666666666,7.942661963799337,0.4115319393944837,0.4697610745766612,0.14,3.143658698961409,1.2492585321555774,-0.2970268145069886,0.4033333333333333,7.546571143527038,0.632712994782101,0.4177538353404612,0.13,9.093709589639314,0.3819544314080419,0.470761539187673,0.0,1.412703097311788,0.6716756555413298,0.742312918287086,0.5566666666666666,8.888513207411936,0.6482381942841391,0.327495872871607,0.0,1.578759856679873,248,"[1.0, 0.5882727158739229, 0.3415259432181035]","[0.0, 3.2069420518768545, 7.695329729501998]",0.2201607644550367,0.1355839594395708,7.303117028895039,0.8342535620074025,14.739408119300604,68.61980756478165,0.3680996940687758,0.3014735127767981,3.399163839901063,0.3375460447966061,0.0087165017057144,0.0784307742506781,4.0,"{""overproduction"": 0.9897176440164009, ""waiting"": 0.8682187088299318, ""defects"": 2.81966040786455, ""inventory"": 0.4250169040941465, ""transport"": 0.8173317257694954, ""motion"": 0.19473645620457292, ""over_processing"": 0.39895051325060943}"
74.33341661000915,0.8335533860866392,2.430209800792825,0.0909090909090909,0.0588235294117647,0.0,0.9530128620684212,2.6040043426458475,0.1363636363636363,0.0588235294117647,0.0,1.1503519476894433,3.8256511635417247,0.1818181818181818,0.1764705882352941,0.1666666666666666,1.2625153694725344,3.992677782430071,0.1363636363636363,0.1764705882352941,0.1666666666666666,0.187654218442476,0.7234345766014569,0.0,0.0,0.0,0.3083789010002889,1.2051095476212068,0.0454545454545454,0.0,0.0,0.9136301957673768,3.1407554523808936,0.0,0.0,0.0,0.987483511939712,3.2002218407041343,0.0,0.0,0.0,-0.0104658718299965,0.3054331413391768,0.0,0.0,0.0,0.7857142857142857,0.6428571428571429,0.6785714285714286,0.5714285714285714,0.9642857142857144,1.7053025658242404e-13,18.42292557902621,0.2591751793309622,-0.2569434327478488,0.0,16.023926202062203,0.5292054639751003,-0.2194143944233698,0.0,6.858748451178943,0.0923612655896033,0.7047896032852649,0.0,6.814870674452076,0.0923612655896033,0.7060801829330933,0.0,8.956067468975043,0.0923612655896033,0.5576672374163192,0.0,6.144571459729847,0.0923612655896033,0.7238756190673071,0.0,8.49487483414852,3.9742541943979752,0.1000471729535026,0.03,14.636872148022553,0.2409647450603457,0.0384738850344755,0.0,13.912355988505809,1.1137044776920066,-0.088043370862708,0.05,14.939794290406422,0.4090383071844348,0.0668365764444172,0.0,14.671285534759948,0.3571844285190881,0.0992948419811194,0.0,13.389668915917706,1.908083066790369,-0.8230763612361249,0.14,8.935345243631284,0.153190246503773,0.3959154224588414,0.0666666666666666,12.288695279079215,0.2663740225062362,0.2127832819630452,0.0066666666666666,8.385191444972445,0.1044882124082357,0.3261574341830289,0.3433333333333333,11.764639945014268,2.360727762758555,-0.0874657091756964,0.06,2.282047034028716,249,"[1.0, 0.6183793027584732, 0.375892473707655]","[0.0, 3.6037483807578847, 7.799299641681474]",0.3862225031461669,0.154501111049648,15.45565457014927,0.7258505735821361,14.879988774490018,554.2920762233606,0.2531241820894898,0.5477560289247075,2.5004889784787423,0.542948736028384,0.0064388640119284,0.1354572714984018,4.0,"{""overproduction"": 2.157096451895431, ""waiting"": 0.6820105846239021, ""defects"": 3.1284216750682647, ""inventory"": 0.40607531492993254, ""transport"": 0.8990912704129722, ""motion"": 0.2560423724467317, ""over_processing"": 0.3010665353930516}"
71.34294562055574,1.0259993026742649,2.783254381950386,0.1176470588235294,0.1428571428571428,0.0909090909090909,1.0963040313174377,2.827895592425961,0.1176470588235294,0.1428571428571428,0.0909090909090909,1.412389338668655,4.357640309761584,0.2352941176470588,0.2142857142857142,0.1818181818181818,1.4884095756665734,4.408814698589044,0.1764705882352941,0.2142857142857142,0.1818181818181818,0.4700783986806435,1.718312816293566,0.0,0.0,0.0,0.5445249067951258,1.7348389134774074,0.0,0.0,0.0,1.0493669895030018,3.794803534234117,0.1764705882352941,0.2142857142857142,0.1818181818181818,1.0757083665846805,3.804196259530599,0.1764705882352941,0.2142857142857142,0.1818181818181818,0.060879851613393,0.3038806563020127,0.0,0.0,0.0,0.9285714285714286,0.7857142857142857,0.6071428571428571,0.6071428571428571,1.0,2.273736754432321e-13,23.6043085793696,0.2693348251507456,-0.0849710985308406,0.0,19.765249020946158,0.68927380196586,0.0820102530490157,0.0,18.214752083913357,0.065171395383756,0.2474863903531963,0.0,18.16880966197792,0.0658636750692886,0.2489676395267106,0.0,18.552629969638204,0.2074297577614892,0.2266170229499616,0.0,17.61843924050646,0.0694683937128773,0.2641320952439777,0.0,18.214752083913357,0.065171395383756,0.2474863903531963,0.0,19.03338243535376,0.3934753876769868,0.0735187001726754,0.0,17.908514984004114,0.8191996005055211,0.0829599672043436,0.0,12.681647860065988,2.133595477663739,0.0728601325715176,0.0866666666666666,13.137030348919662,1.30539030928304,0.0250132695133637,0.1,6.369502025983621,5.743122467333934,-0.6809817025497843,0.2166666666666666,12.809581466626634,2.0013991476963198,-0.1886181334172365,0.0,16.710908814250708,0.251688961969671,-0.0191323549113935,0.0133333333333333,16.96481639481994,0.1889546803703107,0.0938037058529191,0.0866666666666666,17.38746074298175,0.7390952870249322,0.0802522330414484,0.0,2.1698057166508806,250,"[1.0, 0.7075034006388367, 0.2608476992588277]","[0.0, 0.4096405020064307, 0.9010836393612509]",1.0460459273131897,0.2469703182662672,11.545923752644672,0.339134452548041,14.741580748694457,81.02297169287162,0.2993157005587381,0.3607755010419164,1.2526953596161543,0.661430043009452,0.0074903349903966,0.0665103554477992,4.0,"{""overproduction"": 1.1847038250645403, ""waiting"": 0.563734964507291, ""defects"": 2.659882382742401, ""inventory"": 0.43510905863852, ""transport"": 0.6781050125764365, ""motion"": 0.35255872902122576, ""over_processing"": 0.353357164459096}"
66.06881413629996,0.539715566307896,1.450678237737781,0.0454545454545454,0.0588235294117647,0.0714285714285714,0.7537979897401945,1.662054852989781,0.0454545454545454,0.0588235294117647,0.0714285714285714,0.8492764687665625,2.428803857507175,0.0454545454545454,0.0588235294117647,0.0714285714285714,1.0194185215120328,2.4977185980368173,0.0454545454545454,0.0588235294117647,0.0714285714285714,0.151150709717643,0.6625854232579026,0.0,0.0,0.0,0.1640407639602514,0.6979068165206002,0.0,0.0,0.0,0.6114902532781142,1.9545911693157247,0.0909090909090909,0.0588235294117647,0.0714285714285714,0.7114712287918289,2.0485035369209204,0.0909090909090909,0.0588235294117647,0.0714285714285714,0.0732603683427974,0.1811543828876214,0.0,0.0,0.0,0.8214285714285714,0.8214285714285714,0.6071428571428571,0.5714285714285714,0.9642857142857144,8.526512829121202e-14,24.204468694528128,0.068382754835152,-0.33576661231397,0.0,23.767139273703567,0.0645405567400265,-0.2868187604074679,0.0,17.03646508278729,0.0556223687318057,0.3320515755473228,0.0,17.03646508278729,0.0556223687318057,0.3320515755473228,0.0,15.055186991126572,0.0556223687318057,0.406231220872175,0.0,10.783859180459023,0.0588474659417158,0.5678366721953079,0.0,23.6196880474259,0.1320271460261303,-0.3001847368887679,0.0,23.50030257003717,0.1835429779278149,-0.3327744262816495,0.0,23.197989674540484,0.166353503956322,-0.3003078613467208,0.0,23.223329497931395,0.1653479201281752,-0.3198717143832299,0.0,23.03059271006278,0.1653479201281752,-0.3008219727680452,0.0,18.433801619116583,1.3077102124021531,-1.1131588337731233,0.1,19.861043135128902,0.397484729002285,-0.7895480408057165,0.1333333333333333,22.321752016193223,0.2949295817560566,-0.417702612507017,0.0,16.162004839490514,0.2608617731816111,-0.3420884238520887,0.2266666666666666,23.524415015737667,0.2022333473345105,-0.3310796222940649,0.0,1.9601067060391464,251,"[1.0, 0.49378533108696976, 0.25637578399506356]","[0.0, 3.262816341874637, 8.494363541999371]",0.1438054076145818,0.5728914647337394,21.11377105030029,0.5151379900621926,0.9493025539373924,398.8570237421511,0.37614374513388,0.9761626558036236,12.659574954430552,0.3405897301014355,0.0129785748285714,0.1777676040302463,4.0,"{""overproduction"": 1.4218124254576148, ""waiting"": 0.5684598522174636, ""defects"": 2.9557873383453384, ""inventory"": 0.5680288857806216, ""transport"": 0.8949310928247582, ""motion"": 0.17194250876993844, ""over_processing"": 0.21568173181387404}"
47.23061565660954,0.6391570268098821,1.5896614444457164,0.0555555555555555,0.0,0.0,0.6739963827699709,1.6169994316076006,0.0555555555555555,0.0,0.0,0.8470220676751739,2.206071530716988,0.1111111111111111,0.0714285714285714,0.0909090909090909,0.8952454611923688,2.242325217959908,0.1666666666666666,0.2142857142857142,0.2727272727272727,0.0863171290260057,0.5520092310365718,0.0,0.0,0.0,-0.0070502853108222,0.8469982107731927,0.0,0.0,0.0,0.511345209444281,1.6649344074401378,0.0,0.0,0.0,0.5598075504307575,1.7040398458314585,0.0,0.0,0.0,-0.0674989511686989,0.1939879705949009,0.0,0.0,0.0,0.8571428571428571,0.75,0.5714285714285714,0.5714285714285714,0.9642857142857144,9.947598300641405e-14,1.447692510375623,0.0919605844561454,0.6085911948158752,0.4666666666666667,-0.1083308312426209,0.2298944535132553,1.089668156233424,0.74,-26.102823903429197,2.1098137259684338,3.800530694960082,0.0,-27.091557788446597,1.1275434743854362,4.122470519962171,0.1433333333333333,-18.943232835248917,0.3731627097414256,3.1760015507559074,0.43,-28.375232660415072,1.5313623976510984,4.373786930686812,0.2333333333333333,1.504411335490744e-14,0.1686357037906104,,1.0,-1.487644418757473,0.1307080946549456,1.5182407313577568,0.1766666666666666,-1.256331610138435,0.2538332446428412,1.6469854486091384,0.4966666666666666,-1.5153270108488432,0.3189517310784684,1.4392197357998482,0.59,-1.78678306683663,0.3623587457234892,1.506477580126177,0.5233333333333333,-2.052446069397486,0.9330356039370892,2.187572362457257,0.3533333333333333,-3.235999310371733,0.633016968441889,3.1160715613737278,0.5033333333333333,-2.8966282915833803,0.1121035902840996,1.936579872832921,0.2233333333333333,-1.5453181781837004,0.1307080946549456,1.5418507644527495,0.22,-1.581325121411823,0.3678010154876326,1.6782296963657377,0.3666666666666666,1.668878891220201,252,"[1.0, 0.5973024639033059, 0.3805217810156477]","[0.0, 1.2722208942538857, 3.4675919555787527]",0.4240383484939083,0.1814847910988255,0.6175288825879754,0.8899019001764861,10.04119096928866,549.8373739557186,0.2618704192831324,0.2348579242245079,9.739597046181856,0.4985910607820351,0.0093270313745211,0.1542851254888687,4.0,"{""overproduction"": 1.1329401687478158, ""waiting"": 0.32666569172091947, ""defects"": 5.486819574391193, ""inventory"": 0.28772431370685053, ""transport"": 0.5558483532056478, ""motion"": 0.15692505579717905, ""over_processing"": 0.3297753639654734}"
75.00349295056212,1.088403200244471,4.127989350370381,0.1111111111111111,0.1176470588235294,0.1428571428571428,1.1462638364341835,4.183091234505282,0.1666666666666666,0.1764705882352941,0.1428571428571428,1.3823084114762136,5.734979136859381,0.1666666666666666,0.1764705882352941,0.1428571428571428,1.4601926657816755,5.837549844041393,0.1666666666666666,0.1764705882352941,0.1428571428571428,0.4849826046088111,1.8436178918247736,0.0555555555555555,0.0588235294117647,0.0714285714285714,0.46079645457164,1.9136207466069983,0.0555555555555555,0.0588235294117647,0.0714285714285714,1.2250973652904853,4.886542365201096,0.1111111111111111,0.1176470588235294,0.1428571428571428,1.1597255602820122,4.880656035345647,0.1111111111111111,0.1176470588235294,0.1428571428571428,0.04256312105812,0.1232907294976258,0.0,0.0,0.0,0.7857142857142857,0.75,0.5357142857142857,0.5,0.9642857142857144,1.1368683772161605e-13,26.547141803570817,2.4590288863330323,-0.8468318389246349,0.0,23.507521844804547,3.485801246274544,-0.6896721826991898,0.0,16.357892288427646,2.315283147250028,0.0423918871278022,0.0,17.05133762350393,2.440497360600875,-0.0294867210088485,0.0033333333333333,13.732829029975743,2.811549942845115,-0.0568007999945216,0.1133333333333333,17.63734766501371,3.137980958964272,-0.1681571978707197,0.0,20.454732367506,5.967646429635131,-0.6558979424620651,0.0233333333333333,20.25252437636895,5.701243985498995,-0.6321709256606924,0.0233333333333333,19.44192693960143,5.581900576537008,-0.6003608885755174,0.0266666666666666,22.0089754770536,4.78870573222305,-0.7957526413182434,0.0066666666666666,21.909614202655995,4.788374628019558,-0.7354957003862681,0.0166666666666666,21.325150155925066,5.471185626499181,-1.380417366260263,0.0533333333333333,15.355037737446958,5.656557285558203,-0.3681166631043193,0.0533333333333333,20.35419159999061,5.933598666871391,-0.5415493301560556,0.0,13.14985370175038,4.919378855737383,-0.2642271601299106,0.24,20.3271271682961,5.686983211706751,-0.7067553446321665,0.0266666666666666,4.476314926094427,253,"[1.0, 0.8216743967595519, 0.7172009868634037]","[0.0, 2.356268811919411, 6.948948675247909]",0.7860873268880474,0.8760739470324601,14.961473818890164,0.7834329189098963,11.382793234944003,77.71953315252715,0.2393668175392923,0.3390040365343721,14.251440999363592,0.6036685036085159,0.0074044247296127,0.1313555519521668,4.0,"{""overproduction"": 0.967173755933538, ""waiting"": 0.6741742246079797, ""defects"": 1.875230300696001, ""inventory"": 0.3511311828371296, ""transport"": 0.5983667429651226, ""motion"": 0.21068679158090448, ""over_processing"": 0.219194855836406}"
108.1644897086014,0.8903446355042065,2.6024377148907623,0.1,0.1111111111111111,0.0625,0.9338499166304932,2.574323793023613,0.15,0.1111111111111111,0.0625,1.490686899534732,4.2680970337351845,0.15,0.1666666666666666,0.125,1.5962494891948271,4.362262310526698,0.15,0.1666666666666666,0.125,0.285154916470632,1.2162685202576788,0.0,0.0,0.0,0.235101114928578,1.2790736269620222,0.0,0.0,0.0,1.1243130825514995,3.747851068312046,0.15,0.1111111111111111,0.125,1.1577828611517342,3.779471631952361,0.15,0.1111111111111111,0.125,-0.1511690208731237,0.4948063489700708,0.0,0.0,0.0,0.7857142857142857,0.8214285714285714,0.6428571428571429,0.6071428571428571,0.9285714285714286,2.273736754432321e-13,24.96833378994733,0.1697493133402171,-0.7575367790495211,0.0,24.12370657855197,0.3481044433981712,-0.6171781803694798,0.0,19.890054228335007,0.1547531765907945,-0.0911600025864704,0.0,19.76171496887446,0.1518129580512519,-0.0892809172348348,0.0066666666666666,20.513774867769943,0.2145598232350956,-0.5921477152683121,0.2633333333333333,19.12475168137114,0.1548533370033753,-0.1037239946040412,0.0066666666666666,23.868660660629885,0.3559777103547278,-0.5604364440876217,0.0,23.50590472377175,0.4824787299550054,-0.6376535850901158,0.0,23.8367435751743,0.34624936804475,-0.5632946005260736,0.0,22.653325244215683,0.8377320006230735,-0.8924416566615572,0.0066666666666666,22.22973888530147,0.9032747345486792,-0.9288329965299306,0.01,19.44599748187169,2.3204998786953825,-1.6451552823784177,0.1,20.28780583658596,1.5826450149181068,-0.8809966302931028,0.0033333333333333,22.591104212972557,0.6729951039979083,-0.8151710867931706,0.0,22.179351097023105,0.4678232278130738,-0.5678842185988728,0.0166666666666666,23.745941812300423,0.4096796944345076,-0.5762834091723464,0.0,2.442061858796007,254,"[1.0, 0.568932164247412, 0.4517563480408562]","[0.0, 1.9644567632677152, 3.530541613469283]",0.9454216126171142,0.9418253415663224,20.36207386423077,0.6982399824395511,9.395408029764049,121.47002368834455,0.0363180956724081,0.4164071651279785,6.120187489159836,0.4281175095542626,0.0118440739736143,0.1394182270352285,4.0,"{""overproduction"": 1.3226381000918188, ""waiting"": 0.8125398369821435, ""defects"": 3.164838765247619, ""inventory"": 0.31239426816392574, ""transport"": 0.6275026713950141, ""motion"": 0.4264579182322424, ""over_processing"": 0.8373629333894717}"
56.31868625873312,0.4632874985657499,1.332653459450448,0.0714285714285714,0.0909090909090909,0.125,0.5434075959011795,1.4216560111499406,0.2142857142857142,0.1818181818181818,0.125,0.6917209244260815,1.9719281522661551,0.1428571428571428,0.1818181818181818,0.25,0.7860148637868447,2.070531262328506,0.2142857142857142,0.2727272727272727,0.25,0.1331486332987326,0.6035126552065349,0.0714285714285714,0.0909090909090909,0.125,0.0852724514397732,0.7043396615349562,0.1428571428571428,0.1818181818181818,0.25,0.4680180407354201,1.6286250318065811,0.1428571428571428,0.1818181818181818,0.25,0.5174352704978118,1.65767982955562,0.1428571428571428,0.1818181818181818,0.25,-0.008581031169753,0.0789266855445744,0.0,0.0,0.0,0.8571428571428571,0.7142857142857143,0.7142857142857143,0.75,1.0,9.947598300641405e-14,14.288703705864991,0.3081827408533674,-0.6381704328708285,0.0,11.643612579908892,1.018909613593025,-0.5346419210925487,0.01,5.039753636759635,0.601517443399138,0.2966853677931341,0.0,3.1842747668296227,0.4574875951577128,0.5441835008958829,0.0,6.549520464910239,0.6299046007088107,-0.2970150127210466,0.0066666666666666,4.764779078186549,0.7477929407954051,0.2386029564482124,0.0,8.035424645245243,2.8706319116348844,-0.0706062690416258,0.0166666666666666,10.703400595073616,1.3343900252425984,-0.4654009754896374,0.0,11.23661254875682,1.0891413879026848,-0.4567738102091659,0.0066666666666666,7.777785243337991,2.6628698786217395,-0.1288935072845421,0.0366666666666666,5.842589753588786,2.621355932102036,0.1253816683340793,0.0566666666666666,7.403830670388406,2.8353763396126888,-0.699992635628633,0.3266666666666666,6.83647473041352,2.4787822483617954,-1.5015008364333982,0.29,5.828829017238392,1.4597263932631506,-0.2970890490818598,0.33,8.400014708743495,0.927527259728671,-0.3455830966317854,0.0166666666666666,9.989006513685853,1.692050181180046,-0.3269693763351905,0.01,2.388352324520559,255,"[1.0, 0.8338336646768203, 0.4893538685754981]","[0.0, 3.2245903270549103, 8.201011505445928]",0.0202036711842732,0.6338971690442916,0.1894389183605294,0.8864156605738283,1.6776408365460522,505.33721940531024,0.0059401665900454,0.9284362334469868,0.2070972737427978,0.4670092101576904,0.0073889344609979,0.168213877872508,4.0,"{""overproduction"": 1.5491016670398925, ""waiting"": 0.34965428939603804, ""defects"": 3.1063805780304516, ""inventory"": 0.4011441380028701, ""transport"": 0.7063819542535381, ""motion"": 0.26966800229647864, ""over_processing"": 0.33718387302972996}"
47.29629623031461,0.5742009043197002,1.6843396633672072,0.2222222222222222,0.2142857142857142,0.2307692307692307,0.6179401722853474,1.7242191472112518,0.1666666666666666,0.2142857142857142,0.2307692307692307,0.8468110068075742,2.753403487255563,0.2222222222222222,0.2142857142857142,0.2307692307692307,0.9083831458721324,2.786785602001141,0.1666666666666666,0.2142857142857142,0.2307692307692307,0.1075377566743537,0.4437738795096349,0.0,0.0,0.0,0.1270489413893955,0.6004790082366362,0.0,0.0,0.0,0.6969360734376143,2.329665658053332,0.2222222222222222,0.2142857142857142,0.2307692307692307,0.7472878164593529,2.347352144437666,0.1666666666666666,0.2142857142857142,0.2307692307692307,-0.0060891972458675,0.2137306586480748,0.0,0.0,0.0,0.8928571428571429,0.75,0.5,0.5357142857142857,1.0,1.4210854715202006e-13,18.84507610627854,1.1704735271086804,-0.4687253904969287,0.0,14.760500066032828,2.307348007760154,-0.2049189298292216,0.0,0.6485492843736976,1.049924905773723,0.9413763128836696,0.0,-2.24713492118546,0.9979042876149592,1.209580491548841,0.0,-7.832735694254018,2.7194543170655243,2.665155486973997,0.12,-7.844907918257921,2.098643343951061,2.24972714526059,0.0833333333333333,12.264397462732813,4.352152177631113,0.0906155801085672,0.0,14.19379080024283,2.715825135267054,-0.1701371158853729,0.0,11.11444687893309,3.433337197345469,0.0044304557578691,0.0033333333333333,9.54150579154071,1.6865606100587027,-0.1756391962129102,0.0666666666666666,8.332102664344944,1.7067067285542168,-0.0992781037599043,0.11,10.930788640711745,4.352152177631113,-0.0499202079117273,0.0866666666666666,13.064783447288344,3.3624952544721927,-0.5252635544749358,0.0633333333333333,13.191377757244956,3.170767696630582,-0.4124895865651427,0.0433333333333333,7.944014818659564,1.617790299722281,-0.1338013140314219,0.3166666666666666,10.397432246220903,3.4091536747188176,0.1105225986775449,0.01,3.3805306380299043,256,"[1.0, 0.7586389979670456, 0.5731475391419932]","[0.0, 3.754694353983915, 8.025202995845502]",0.8262129101901992,0.5864431361008491,8.496392427076533,0.4999582638151763,0.0504946191621324,607.3666961204074,0.2038689800775756,0.0778544667007007,13.50016831272182,0.5666822869666405,0.0195962614842224,0.0885332358834882,4.0,"{""overproduction"": 1.0678665807257228, ""waiting"": 0.34980787097163624, ""defects"": 1.6603409698184706, ""inventory"": 0.27905412451787187, ""transport"": 0.8652154315535707, ""motion"": 0.13307229692963546, ""over_processing"": 0.24187335497750506}"
81.20770281327353,0.5934238679673395,2.701629288328535,0.0454545454545454,0.05,0.0526315789473684,0.5016376660571022,2.66532163276803,0.0909090909090909,0.05,0.0526315789473684,0.8606567484732691,3.893653784379829,0.1818181818181818,0.15,0.1578947368421052,0.7356349909310621,3.871987248124428,0.1818181818181818,0.15,0.1578947368421052,0.3064583656092203,1.4741729635024663,0.0,0.0,0.0,0.3325874285834342,1.5530270958744092,0.0,0.0,0.0,0.865370765099441,3.53726883900146,0.1818181818181818,0.15,0.1578947368421052,0.9225291139666058,3.6019338676646915,0.1818181818181818,0.15,0.1578947368421052,0.0357043608541014,0.2186655806583236,0.0,0.0,0.0,0.7857142857142857,0.6428571428571429,0.5,0.4642857142857143,0.9642857142857144,1.1368683772161605e-13,25.778598351099003,0.9710568657685952,-0.4545633918500995,0.0,22.234094564229533,2.1037404442484378,-0.3246485732288746,0.0066666666666666,-3.540337687945116,0.3860385807713307,1.1976698415153757,0.0,-4.1663609690014445,0.3788756870719713,1.233386758168641,0.0,0.3001596822392702,1.643553374474804,0.9781532156289244,0.0166666666666666,-5.329509882080163,0.6377817479372474,1.3113906988545938,0.0033333333333333,18.1828695803386,6.209869541552729,-0.1249919839034828,0.0533333333333333,22.26956242011152,2.7824872129175806,-0.3821463234037208,0.0166666666666666,22.293389203728125,1.7142099699903766,-0.314112732172549,0.0066666666666666,21.60864561324976,2.85252376815779,-0.2170455485147148,0.0133333333333333,21.47558890399077,2.8156304125783698,-0.227302613616857,0.0233333333333333,18.10265685652251,6.209869541552729,-0.4042788344864939,0.0833333333333333,19.105824803888837,5.418627880632001,-0.2983047081197023,0.06,20.40775737286414,4.483118828428112,-0.4081782346745234,0.0466666666666666,11.520004998549544,0.9596982373123252,-0.0777221421067565,0.1266666666666666,21.308010140060063,2.452900999350828,-0.3186944904473968,0.0133333333333333,3.3050431447411106,257,"[1.0, 0.5863937394439501, 0.29859744156787693]","[0.0, 6.931797358422992, 14.630319398010027]",0.3461339406999068,0.2882011715145215,20.606974046669897,0.7662726380095433,8.352152034482568,426.0980372314157,0.2088702502271185,0.9940621185654732,14.821255243522826,0.6532950169553813,0.0147304129545134,0.0764243055561457,4.0,"{""overproduction"": 2.3216743485114057, ""waiting"": 0.4507732666786204, ""defects"": 2.7764695208625696, ""inventory"": 0.3343956327352818, ""transport"": 0.8396488087492076, ""motion"": 0.3071287684236064, ""over_processing"": 0.4013379840493642}"
65.32111998235766,0.6377461521264834,1.7165359549777484,0.2857142857142857,0.1666666666666666,0.1333333333333333,0.7967321797374662,1.992665545602449,0.2857142857142857,0.1666666666666666,0.1333333333333333,0.7029442186807869,2.21407834945707,0.2857142857142857,0.1666666666666666,0.1333333333333333,0.8864066255497285,2.4712031675233024,0.2857142857142857,0.1666666666666666,0.1333333333333333,0.0916613434700506,0.5474270519846122,0.0,0.0,0.0,0.1896616542045776,0.6626698556801873,0.0,0.0,0.0,0.4795297278343579,1.4550985802997711,0.1904761904761904,0.1666666666666666,0.1333333333333333,0.6162039362004251,1.7754802607996694,0.1904761904761904,0.1666666666666666,0.1333333333333333,-0.0165281115390211,0.1970086086178322,0.0476190476190476,0.0555555555555555,0.0,0.9642857142857144,0.7857142857142857,0.7142857142857143,0.7142857142857143,0.9642857142857144,1.2789769243681806e-13,19.76527300004605,0.5073063209538725,-0.4660643405706505,0.0,16.86893549266418,1.6749355229060765,-0.3057890995727967,0.0,12.037561674251537,2.2340867134582103,-0.2891259868426353,0.0,-0.3907907776400823,1.7947812480854948,1.0416640627043714,0.01,-9.057653909635814,1.4430451539134936,1.9160820228242128,0.0766666666666666,-7.035010396808435,1.103632482435632,1.6463250252933923,0.0633333333333333,9.899337303937305,6.719994999466888,0.1575503130172674,0.0,14.823900026184972,3.70337401629008,-0.2102597572234511,0.0,14.697620817498764,2.901314688233374,-0.2097317420791078,0.0,15.63804810634966,3.090338271415835,-0.226324008560927,0.0,14.4565822122299,3.493849499285602,-0.1416611786405806,0.0,13.11783044109457,4.626817920076542,-0.1809629110568126,0.0,4.459475291627179,2.854123805693334,0.4017841688757817,0.2,12.899818557047444,3.270484551766124,-0.3999503682502899,0.0566666666666666,12.823433408589596,1.3337926088002467,-0.2896855772786225,0.1333333333333333,14.461867196555296,3.2329362470191825,-0.2256008471304045,0.02,3.143379875818692,258,"[1.0, 0.6646872424638646, 0.23209461490527963]","[0.0, 1.008874184064396, 1.8671550065921512]",0.9779512730516332,0.8124620207994011,15.22570846363156,0.4875846250586828,0.4098663220233617,152.93274504334246,0.3797482283785682,0.4438645366862175,10.234044365010504,0.5411860766132424,0.0176033998216982,0.2060628314299128,4.0,"{""overproduction"": 1.7481815363578033, ""waiting"": 0.26628749985556605, ""defects"": 3.3105685577829815, ""inventory"": 0.24560871877372362, ""transport"": 1.3271788763907506, ""motion"": 0.2956774002386873, ""over_processing"": 0.40100335534445436}"
74.5704277937619,1.1298848898388514,2.4443482131325167,0.0952380952380952,0.1111111111111111,0.1333333333333333,1.2149907770998196,2.542185650927692,0.0952380952380952,0.1111111111111111,0.1333333333333333,1.4961238088633897,3.5426049950210765,0.1428571428571428,0.1666666666666666,0.2,1.5947130443265884,3.6421299478520512,0.1428571428571428,0.1666666666666666,0.2,0.3086323180845488,1.1734654867198937,0.0,0.0,0.0,0.3694765098206369,1.2065676696181715,0.0,0.0,0.0,0.8817728994057698,2.8832986487416155,0.1428571428571428,0.1111111111111111,0.1333333333333333,0.9616474064242896,2.9807841634274923,0.1904761904761904,0.1666666666666666,0.2,0.0400314181854743,0.2866855263687867,0.0,0.0,0.0,0.7857142857142857,0.6785714285714286,0.5,0.5357142857142857,0.9642857142857144,9.947598300641405e-14,16.87461313373688,0.669220636891302,-0.423791247573984,0.0,12.798647722620204,1.6754244509064653,-0.3188723009024662,0.0066666666666666,11.27343207347588,3.152767075969122,-0.97011910345799,0.0,9.311769783637471,2.9090155660704324,-0.6819168299659455,0.0,2.351566737385233,4.997564237443659,0.5439717989495128,0.0033333333333333,7.548748280982075,2.129215324596748,-0.2513179919773378,0.0066666666666666,4.248574748889154,0.3858897997049721,0.5867167657828495,0.0,11.669915440168012,2.07581845857542,-0.210210281907522,0.0,10.20713887780139,2.559976656346229,-0.1300430694130483,0.0233333333333333,6.962402047188059,6.183154419084472,0.2803926282459449,0.0033333333333333,6.434964366181391,5.984788248679704,0.1887062619771141,0.0466666666666666,6.837186896655751,6.313269111004772,0.2072777235214631,0.0,9.962312513916848,3.4989952714675794,-0.5522414583882629,0.1166666666666666,9.80577904579266,2.8675154357189907,-0.2087028801039507,0.0766666666666666,5.510824043893923,0.6217864316040003,0.2606129347330309,0.2066666666666666,5.814370221741855,3.685878673813128,0.2065767854804478,0.02,2.381919595862131,259,"[1.0, 0.6659303492244941, 0.3895169095238889]","[0.0, 4.102722833018741, 7.7251544173979605]",0.8427034663219808,0.5912670544426558,9.969724036625314,0.7572863637230516,7.979172519577629,162.43540341457458,0.1349273518387432,0.0779211195207875,1.8328334587917872,0.6561448064481704,0.0168935673901919,0.1069809018738661,4.0,"{""overproduction"": 1.0665115617106524, ""waiting"": 0.38313042395521635, ""defects"": 4.566586522510423, ""inventory"": 0.2823299618924104, ""transport"": 0.6161050165811427, ""motion"": 0.33721766868224773, ""over_processing"": 0.6276449936186865}"
111.3679984006048,0.9329141740350402,3.0255739335173977,0.1363636363636363,0.1111111111111111,0.1176470588235294,1.2130478401593143,3.31150615882738,0.1363636363636363,0.1111111111111111,0.1176470588235294,1.0354805448030948,4.522106794566757,0.1363636363636363,0.1111111111111111,0.1176470588235294,1.2997042725140149,4.740512120233825,0.1363636363636363,0.1111111111111111,0.1176470588235294,0.1956535285085776,1.1375731221954417,0.0454545454545454,0.0555555555555555,0.0588235294117647,0.3366004077832277,1.6874786321406623,0.0,0.0,0.0,0.968567090410588,4.040577702675424,0.1363636363636363,0.1111111111111111,0.1176470588235294,1.1105638063093175,4.155613393079471,0.1363636363636363,0.1111111111111111,0.1176470588235294,-0.018785916537213,0.2545321483196642,0.0,0.0,0.0,0.7857142857142857,0.6785714285714286,0.6071428571428571,0.5357142857142857,0.9642857142857144,2.557953848736361e-13,29.92319356953869,2.0994969558006966,-1.1819782863853157,0.0,27.782184741725946,3.5566355642697407,-1.0578857194397318,0.0,16.194961164365207,1.8949093078487045,-0.2607897454184731,0.0,15.268229332359136,1.9652300642486968,-0.158087831366856,0.0,11.164552503169183,2.343795708112829,-0.0931914797217031,0.0066666666666666,8.571481566340486,2.526052813256412,0.1484816096953088,0.0066666666666666,25.55894487657605,6.482326537149683,-0.9221487587007676,0.0,27.24473770012685,4.356200194788982,-1.0224208697321435,0.0,25.61055648866984,5.09308610334194,-0.9956905001060978,0.0,26.29721314602194,4.88150043376996,-1.152556878290499,0.0033333333333333,26.6074872128058,4.375329739079545,-1.1516362642360338,0.0,25.55894487657605,6.482326537149683,-1.4057074001078664,0.0066666666666666,24.287829585117127,4.242708796025122,-1.28592320021683,0.03,26.16540966364656,3.9432639982579167,-0.9413891891647213,0.0,18.232288709065056,2.4571720695288795,-0.7221496889857423,0.17,25.65868312779472,5.192940616124949,-0.9780868911954532,0.0,7.361127545894855,260,"[1.0, 0.7856935856553982, 0.6076820928574921]","[0.0, 7.097671673265298, 14.493616034106504]",0.8609286507808834,0.923477242425461,23.49066899265645,0.3034078199281542,11.075109776727173,431.3162260341314,0.3409120002023185,0.2186698775075831,11.15944206965583,0.6579234358474817,0.0068566240971305,0.1122121785975411,4.0,"{""overproduction"": 0.8266041135343266, ""waiting"": 0.4992601900323586, ""defects"": 2.7270342902846316, ""inventory"": 0.47609795506653496, ""transport"": 0.9815713974163291, ""motion"": 0.8189435313919557, ""over_processing"": 0.5989383853867719}"
80.84176594228776,0.9028178501044128,2.464247695018668,0.0,0.0,0.0,0.9993460484111863,2.784160349617529,0.0952380952380952,0.0526315789473684,0.0555555555555555,1.222443869950006,3.4661313153045885,0.0952380952380952,0.0526315789473684,0.0555555555555555,1.25915392948573,3.714406135684463,0.1428571428571428,0.1052631578947368,0.1111111111111111,0.1621279196429063,0.961354036398665,0.0,0.0,0.0,0.1851360668918091,0.9398193896816486,0.0,0.0,0.0,0.7735469457624877,2.7768982380471514,0.0,0.0,0.0,1.0522767736252512,3.0836564984872545,0.0952380952380952,0.0526315789473684,0.0555555555555555,-0.033036179172325,0.3532754280006237,0.0,0.0,0.0,0.7857142857142857,0.8571428571428571,0.6071428571428571,0.5714285714285714,1.0,2.557953848736361e-13,8.914632929741902,0.0455551738127271,0.0356128735341591,0.0,8.150183910762657,0.0545656705499593,-0.0023260922895004,0.0,0.0183456845283218,1.569233134113482,0.9973056275382928,0.0,-0.3417481911357429,1.5763209813223389,1.047923543967778,0.0,0.8615706622942637,0.737226554939959,0.8905206621225067,0.1233333333333333,2.6785320611908947,0.6335834364667395,0.6935108817906951,0.12,7.264830333580085,0.2176697565555207,-1.0875120693587534,0.0,7.992646421604222,0.0712478776145638,-0.2891436817065674,0.0,7.634483252475505,0.176524356360205,-0.2198538846940343,0.0,6.978743167738126,0.1243686726040054,0.1618733686782752,0.0333333333333333,5.735590263663671,0.1243686726040054,0.2721109559897859,0.09,5.052717519507053,0.3663202414905398,0.2702351358532809,0.03,7.540123574130207,0.1838852486401458,-0.0659056785135967,0.0,7.610552816042332,0.1838852486401458,-0.2595098588206322,0.0033333333333333,3.959069980717711,0.118452891383734,0.3041438954976384,0.4766666666666667,7.08342865295176,0.194540842807037,-0.2911378981880675,0.0,1.7387896026830614,261,"[1.0, 0.5035937871639885, 0.22176900247809894]","[0.0, 3.057949418826106, 9.07272724067582]",0.5466089453854456,0.782032587044424,2.873850464029404,0.7306259075011496,13.246268372282753,586.1144769685238,0.3126204940242669,0.6797560738563874,11.791110217355168,0.3488218541956532,0.0138615513925506,0.2896808524505476,4.0,"{""overproduction"": 0.8615278888952225, ""waiting"": 0.9454578315994243, ""defects"": 2.5333610695707405, ""inventory"": 0.22861755354886026, ""transport"": 1.0076226057343811, ""motion"": 0.2424888961155734, ""over_processing"": 0.8126776343795215}"
98.5328704072573,0.8045398614993354,1.995583492987324,0.1428571428571428,0.1111111111111111,0.0625,0.9455659463885766,2.275602808767192,0.0952380952380952,0.1111111111111111,0.0625,1.169284572639389,3.120463847531798,0.0952380952380952,0.1111111111111111,0.125,1.299508969859015,3.3992491676312646,0.1428571428571428,0.1666666666666666,0.125,0.1424787279130408,0.7469785423586125,0.0,0.0,0.0,0.173567706157763,0.7427868628526373,0.0,0.0,0.0,0.769447847338539,2.54066674202143,0.1428571428571428,0.0555555555555555,0.0625,0.998584286914936,2.892375630528309,0.0952380952380952,0.0555555555555555,0.0625,0.0069071909054644,0.3286193497546504,0.0476190476190476,0.0,0.0,0.9642857142857144,0.9285714285714286,0.5357142857142857,0.4642857142857143,0.9642857142857144,1.9895196601282805e-13,18.117938964522068,0.4908498671162933,-0.3148897565699328,0.0,15.586914035011398,1.2777707370767717,-0.2780799978710299,0.0,6.5878272560790725,3.786691233036261,0.4857287355554349,0.0,-3.415911530891702,2.843699442254668,1.2641482192284732,0.0033333333333333,-7.179182857156019,3.605009544940528,1.6072949492801094,0.0066666666666666,-7.281040778303178,2.2686911341401226,1.6133241671495948,0.0166666666666666,13.027381486693765,1.8479345211356937,-0.6634244883348956,0.0,14.276288297275036,2.537911321489371,-0.2616861543623682,0.0033333333333333,13.059332068318607,2.955068743527664,-0.076564465716927,0.0,15.094032697909483,1.5048096722418665,-0.2593541645971542,0.0,14.487721313804547,1.5715452316617458,-0.2499090014105735,0.0033333333333333,12.402816754998582,4.532550238098812,-0.0333440971250741,0.0,4.440960131420525,0.5312443678756918,0.4876509488768814,0.3133333333333333,13.07994176810793,0.950270572483926,-0.2214170362569151,0.0033333333333333,8.065406099959175,1.7229498800848402,0.1099213760737378,0.2433333333333333,13.5472038309037,3.138727379615393,-0.1685367298018697,0.0,2.933866867510001,262,"[1.0, 0.6371489092078263, 0.23322425128926186]","[0.0, 1.146371887339931, 3.513530492164791]",0.5369233917900785,0.5947671738029532,12.984033416635889,0.3871408681049181,12.517291068500592,439.8675896175085,0.249109826701088,0.1990566680608378,11.040222214839698,0.5821546637007167,0.0120747621600515,0.2220993606545043,4.0,"{""overproduction"": 2.752466935505721, ""waiting"": 0.4733570904134414, ""defects"": 6.145774773519632, ""inventory"": 0.7073104563671638, ""transport"": 0.8853931153548316, ""motion"": 0.5095223209960478, ""over_processing"": 0.5152368641088013}"
78.17530273719034,1.0592963453924615,3.213546292838283,0.0952380952380952,0.1111111111111111,0.125,1.2841033462509468,3.3700102687230267,0.0952380952380952,0.1111111111111111,0.125,1.593378825099126,5.30283900574571,0.1904761904761904,0.1666666666666666,0.1875,1.794054271334516,5.478779026310124,0.1904761904761904,0.1666666666666666,0.1875,0.2174766858344818,0.7575432512045118,0.0,0.0,0.0,0.3936555642783677,0.966344638971506,0.0,0.0,0.0,1.3046532038613816,4.280512398937455,0.1904761904761904,0.1666666666666666,0.1875,1.4663374577455734,4.455848161821174,0.1904761904761904,0.1666666666666666,0.1875,-0.0501301965140702,0.3547850661542938,0.0476190476190476,0.0,0.0,0.8214285714285714,0.7857142857142857,0.5,0.4642857142857143,0.9285714285714286,1.1368683772161605e-13,24.807404988445185,0.7512770158077318,-0.4500943428118326,0.0,20.508387327219083,1.816381830533464,-0.2689867890874736,0.0166666666666666,14.327128440437132,0.6534776480601037,0.4502376218402534,0.0,12.824283471341063,0.5690393145138122,0.5061571041252408,0.0,10.819531452315594,0.7375741967158382,0.5633973804605994,0.0,14.973052644616834,0.7458214298802733,0.4008473814342344,0.0,17.179778691762177,1.9843785976569377,-0.0497382472233231,0.0,18.750734233136438,2.215933367707131,-0.3383174409373549,0.02,18.44583876859698,2.4286131509592086,-0.4383524258644241,0.0466666666666666,18.694828888053276,1.3985738999842596,-0.1249417965294475,0.01,16.379126170454754,1.214772366925538,0.0073389360452163,0.0166666666666666,16.236093857030642,5.331239364173371,-1.0702828480151072,0.1,13.863915079387452,2.5326306477639142,-0.0752688185730582,0.0533333333333333,16.831678415860825,2.1181424551691674,-0.1564614002366635,0.0133333333333333,10.327297730035768,1.8860743551876815,0.0359516075036826,0.2866666666666667,17.631877900023557,2.756439194756317,-0.4537824606862244,0.0533333333333333,2.181856497288352,263,"[1.0, 0.7454224386648682, 0.45376320881857135]","[0.0, 3.8222723466626984, 8.82499892074092]",1.0745625926784017,0.219889297939181,18.334283802370965,0.5552052855070979,0.101049071098257,256.92265248493817,0.2506788949751241,0.9769551979863256,12.929092595533792,0.6224291617130817,0.0195347206951069,0.1975170716120844,4.0,"{""overproduction"": 1.300011411455066, ""waiting"": 0.6978179972981926, ""defects"": 4.127835825027088, ""inventory"": 0.23333200215322508, ""transport"": 0.5158865933461794, ""motion"": 0.12600364199323724, ""over_processing"": 0.2058939792541012}"
82.22657341764824,0.6687980776769636,1.973235576568007,0.1,0.0588235294117647,0.0666666666666666,0.6653098067604095,1.9767217827603976,0.15,0.0588235294117647,0.0666666666666666,0.8606975713854451,2.645054540562036,0.1,0.1176470588235294,0.1333333333333333,0.7821158026041305,2.64359942467047,0.2,0.1764705882352941,0.1333333333333333,0.2626227330363116,1.067431853926108,0.05,0.0,0.0,0.2236560601931842,1.0944795110050982,0.05,0.0,0.0,0.6360340015827821,2.221341610618529,0.05,0.0588235294117647,0.0666666666666666,0.7353744278010128,2.338115886380694,0.15,0.1176470588235294,0.1333333333333333,0.0662543913000291,0.1726434775165652,0.0,0.0,0.0,0.7857142857142857,0.6785714285714286,0.5357142857142857,0.5714285714285714,1.0,8.526512829121202e-14,28.659735792544566,0.6642500683292063,-0.3835465673705053,0.0,25.54726217610748,1.814952467372208,-0.3394207255920307,0.0,21.745061175206917,5.545754194782224,-0.0814149005991018,0.0,15.550984396100771,7.040880210891581,0.2509555675449524,0.0,9.3649847514913,7.085277965478138,0.5451244743083103,0.0166666666666666,12.809316353889647,5.779124855826455,0.3627633795417868,0.0466666666666666,22.27568596220404,1.7144936090968732,-0.6764100188238286,0.0,25.05648346611701,2.600863532314568,-0.3241796398934937,0.0,24.753165501539392,2.887256127377838,-0.2701373698430239,0.0,21.271337312285134,6.03200696666559,-0.0144276189613934,0.0,21.39029949426901,5.959949137360787,-0.0212530950970431,0.0,19.14836684469272,7.585270971947727,0.0865896286629401,0.0,20.75604247958048,5.570452220164159,-0.1051418511326729,0.0066666666666666,22.64008052855101,4.951408673045672,-0.1458946464410266,0.0,20.997770663956747,0.4767825403109452,-0.3799584394031227,0.11,22.42926140580934,3.741653425693397,-0.2282691855225059,0.0633333333333333,3.3815409975513835,264,"[1.0, 0.5934613932995654, 0.2142969370603109]","[0.0, 0.9609952360288263, 2.208273236499238]",1.1723026829376046,0.9342065314279604,19.04260967013261,0.7505697460477241,9.678590869491623,471.8466951335937,0.1389528740654116,0.8747758959152139,11.75085130091706,0.6139958294909964,0.0121186875286228,0.1520857797415479,4.0,"{""overproduction"": 0.9564368515515583, ""waiting"": 0.35210706886211207, ""defects"": 3.218519518327997, ""inventory"": 0.4485881178419002, ""transport"": 0.8838786678715048, ""motion"": 0.13516185209447287, ""over_processing"": 0.6218954590651183}"
100.78892763781812,0.8194608490042498,2.3924768903171,0.0869565217391304,0.1111111111111111,0.1428571428571428,0.8968247322344566,2.4916556691980527,0.1739130434782608,0.1666666666666666,0.2142857142857142,1.1782059636868043,4.115626004376266,0.1739130434782608,0.1666666666666666,0.2142857142857142,1.310121097837895,4.317644244564935,0.1739130434782608,0.1666666666666666,0.2142857142857142,0.0219764164420291,0.5476497279087472,0.0434782608695652,0.0,0.0,0.0935203853669579,0.4700512613347035,0.0,0.0,0.0,0.8059609111200745,3.206959926125482,0.1304347826086956,0.1111111111111111,0.1428571428571428,0.8536635010874285,3.2473386220962004,0.217391304347826,0.1666666666666666,0.2142857142857142,-0.0023766723732575,0.3616043532305613,0.0,0.0,0.0,0.75,0.75,0.75,0.7142857142857143,1.0,3.694822225952521e-13,22.33546814810419,1.29352693725397,-0.9103744861378696,0.0,20.802544194458648,2.334411504609282,-0.8655459731488128,0.0066666666666666,9.502780764139656,1.0261375908207973,0.4689469051128324,0.0,9.37893514381756,1.145081301984343,0.4706160755944634,0.0,8.117182659701184,2.5269630015179207,0.4463654814107857,0.05,8.474860223776899,1.6944537314265895,0.4805579581738548,0.0266666666666666,19.29788451041529,3.662211624846988,-1.006668964162918,0.0066666666666666,20.142738524355472,2.773588728908225,-0.9093083356675564,0.0033333333333333,19.508358773317624,2.590236661686775,-0.7154742827691756,0.01,19.4707877266456,1.9630170903347048,-0.6879338063272558,0.0,19.32759206190969,1.9827897270572543,-0.6502729589685011,0.0,20.162138502544742,2.9358358355455523,-0.9158118530806773,0.0033333333333333,14.386389636561434,3.557505829471525,-0.6143939369279613,0.0366666666666666,17.22604345549348,3.658122909150968,-0.8044043190912681,0.0333333333333333,18.03559820559989,1.7300388417421166,-0.4262046937514245,0.03,20.025380033963984,2.4725958728494954,-0.8923516987979934,0.0166666666666666,3.7691625388496,265,"[1.0, 0.7997727104309154, 0.6678992924029087]","[0.0, 4.3449438087769385, 8.74901846092236]",0.1788940281762042,0.2394797796223695,22.325915919217035,0.7836231871675847,11.74978591500292,43.7985918734127,0.0677810019503748,0.6789502293889355,10.510727793461038,0.4527182788049538,0.0104836205882219,0.1972138355402332,4.0,"{""overproduction"": 1.8853239455205746, ""waiting"": 0.6617868763972924, ""defects"": 3.19139644346836, ""inventory"": 0.8894109960539073, ""transport"": 0.9026774465520332, ""motion"": 0.24185274864529058, ""over_processing"": 0.6467259328920915}"
67.3420237265042,0.5456963564643976,1.3539510155917305,0.0,0.0,0.0,0.5937172889123864,1.398353313577107,0.0434782608695652,0.05,0.0625,0.6894762969072408,1.880271458478812,0.1304347826086956,0.15,0.125,0.7724544609558927,1.9219337267030536,0.1304347826086956,0.15,0.125,0.1333468521108481,0.6481348330085578,0.0,0.0,0.0,0.1622333001004237,0.6836394080091833,0.0,0.0,0.0,0.5227434848702773,1.5725861289780303,0.1304347826086956,0.15,0.125,0.5396271780805917,1.6020607170503127,0.1304347826086956,0.15,0.125,0.027092278487297,0.2244357393420836,0.0,0.0,0.0,0.8214285714285714,0.7857142857142857,0.6428571428571429,0.5357142857142857,1.0,8.526512829121202e-14,18.40458272758717,0.279021842550236,-0.3212967785790089,0.0,16.44744451444491,1.4439786493322302,-0.1913646949526755,0.0,13.631513667318863,2.7972629551116954,0.0616903536041794,0.0,-0.7446389744208955,2.6869349384692054,1.0515939866799238,0.0,-0.7865486052364764,2.5641506931418703,1.055595884117384,0.0,11.39630378203349,2.4158216574514357,0.197670855126153,0.0,14.80087064989151,2.7548389083328417,-0.0322429918587702,0.0,15.654599656844292,2.1957930379841537,-0.1020012921266741,0.0,16.24888681380455,1.6246309962464576,-0.1658613592880265,0.0,14.937180276391572,1.93924760339506,-0.1758250894455694,0.02,13.64920626249467,1.9253782284032408,-0.044854996536643,0.01,14.80087064989151,2.7548389083328417,-0.1531162473644964,0.0066666666666666,13.032424012894078,0.9754744531165884,-0.0423485952069268,0.0133333333333333,15.399930211897024,2.361208122651423,-0.0820395508603358,0.0,10.21314459206988,0.7425374240180308,0.0294681423697904,0.16,15.602819547898545,1.9978597653781915,-0.1097056954765862,0.0,2.885287243125586,266,"[1.0, 0.618719071804661, 0.20636027489618813]","[0.0, 3.480434091870098, 9.139831914315268]",0.2509303072957025,0.9822739778158996,3.313378856363178,0.8583564551659979,6.905101185158096,406.54546433994096,0.3472678329360721,0.4343819145667462,8.799584895185337,0.3224952446452768,0.0197792978382695,0.050113791209825,4.0,"{""overproduction"": 1.7474524590204417, ""waiting"": 0.3651904553809987, ""defects"": 2.5715361911678896, ""inventory"": 0.5399276006663526, ""transport"": 1.268743651852417, ""motion"": 0.4416017310008441, ""over_processing"": 0.2394711884705737}"
45.41481775693045,0.3817915005430702,0.8004686402235255,0.0666666666666666,0.0714285714285714,0.0,0.4811751463729327,0.9215521542913212,0.0666666666666666,0.0714285714285714,0.0,0.4395499705658495,1.0273170349722964,0.0666666666666666,0.0714285714285714,0.0,0.5804045899309939,1.185480898253288,0.0666666666666666,0.0714285714285714,0.0,0.0730109107063625,0.3254147056450991,0.0,0.0,0.0,0.1089560878825256,0.3690033533865076,0.0,0.0,0.0,0.2339669004073128,0.734440996530174,0.0666666666666666,0.0714285714285714,0.0,0.312882959323965,0.8609567076349391,0.0666666666666666,0.0714285714285714,0.0,0.0687357826323406,0.1897740141252908,0.0,0.0,0.0,0.9642857142857144,0.9285714285714286,0.75,0.6785714285714286,0.9285714285714286,4.263256414560601e-14,20.62154906060174,0.6512385505627653,-0.4967643613270349,0.0,20.245791438769093,0.652556846263034,-0.6721490671989194,0.0,12.657537482014362,2.312124684910596,0.1668231587157831,0.0033333333333333,11.811399069019656,2.39710377803501,0.206056961191512,0.0033333333333333,-0.4143257573214233,4.806927171169923,1.0281673625805587,0.05,4.366487072683572,2.459221784310724,0.6932006405049053,0.0133333333333333,20.26816209564495,0.6437373621067436,-0.6948121432594706,0.0,19.512829393961404,0.78896439337247,-0.4398032001444206,0.0,20.073376498457147,0.7005028830899439,-0.6149079124218377,0.0,19.033381761532123,0.7868583499374866,-0.4436565391348097,0.02,17.25406441663353,0.7946604206779663,-0.3727767565772923,0.04,17.9350230628605,1.061397334059481,-0.2260277278988749,0.0,14.61752880681397,1.6004722876358717,-0.1756886755194041,0.0,11.153912648068037,3.013634645685225,0.1883905925293073,0.0,19.138114512866217,0.7862569980106423,-0.469263807442223,0.0,19.59976676095011,0.7451199114206001,-0.5294010551567141,0.0,2.2027046180768424,267,"[1.0, 0.6899658058478878, 0.25033251156652603]","[0.0, 0.2686625975778968, 0.6859121954657793]",0.3903696544955096,0.9768528376604052,5.387830267231777,0.3188322531694472,13.285116377026863,321.52008488106685,0.0363380759912711,0.2202774769449684,14.615855315823618,0.3737823521854602,0.0113785571161389,0.2747461179979861,4.0,"{""overproduction"": 0.8768766164378297, ""waiting"": 0.26538212552099555, ""defects"": 1.8479506367615604, ""inventory"": 0.3435601818806669, ""transport"": 0.5760825747551108, ""motion"": 0.2216287725527839, ""over_processing"": 0.32454492419501174}"
72.00141424788268,0.6379789920022116,1.4665597303831006,0.0869565217391304,0.05,0.0625,0.6985888570898827,1.5593311979948528,0.0869565217391304,0.05,0.0625,0.6655935247185195,1.9146206061448436,0.0869565217391304,0.05,0.0625,0.7533265480263356,2.0495696131234533,0.0869565217391304,0.05,0.0625,0.1870693411707939,0.8335641159950736,0.0,0.0,0.0,0.2215830676134003,0.9105060215045075,0.0,0.0,0.0,0.5051447702964005,1.6121936551673988,0.1304347826086956,0.1,0.0625,0.6255809339203209,1.75791067283092,0.1304347826086956,0.1,0.0625,-0.0596744950810691,0.2133683698456331,0.0,0.0,0.0,0.75,0.5357142857142857,0.6071428571428571,0.5357142857142857,1.0,1.9895196601282805e-13,22.168317757980063,0.7573957731648521,-0.7131750558565902,0.0,20.967072162696287,1.6151738943473364,-0.6274909737391189,0.0,18.91072111842289,3.3169921595854337,-0.4124474346725604,0.0,18.916844087965,3.1033107158124498,-0.4083917035214708,0.0,18.682027945566904,2.3473762727391247,-0.3844072795953122,0.0,19.955573273172227,2.135763519063305,-0.464981584917408,0.0,18.921163145174404,3.3692784848121957,-0.4239781130523189,0.0,20.150435034705172,1.7455144352987464,-0.6349696937639951,0.0,19.70461028155035,1.8398978130579464,-0.6116876215595433,0.0,19.93926703995004,2.6430271302234005,-0.5601595783005325,0.0,19.07173198388783,2.6168740838246327,-0.5706528959052964,0.0,18.921163145174404,3.3692784848121957,-0.4611204789476674,0.0,17.53748984169141,1.462218248378077,-0.6436771754484718,0.04,19.990086469679685,1.862300275208141,-0.6213370894104099,0.0033333333333333,16.682446473513973,0.8660868597187118,-0.6787601740871031,0.0033333333333333,20.39604294200476,1.478593715433127,-0.5761505452039614,0.0,3.2982219276593456,268,"[1.0, 0.5386660365699177, 0.15836339015075987]","[0.0, 4.1350236723861835, 9.417784365889263]",1.0753660911515557,0.4055822466638075,13.596527926350484,0.5996694260807391,5.789692418136404,260.43615285958566,0.2028751923128638,0.9558707390670176,14.771341808983925,0.4556137377740139,0.0152266197435944,0.2567578521484187,4.0,"{""overproduction"": 1.5660111716985339, ""waiting"": 0.3784442489589151, ""defects"": 3.0776095504341003, ""inventory"": 0.20299125182707362, ""transport"": 1.4588930718179742, ""motion"": 0.4298504784629506, ""over_processing"": 0.2395896166045642}"
65.16842180862933,0.8513064272698434,2.8272339195067464,0.0526315789473684,0.0666666666666666,0.0,0.9633395234858392,2.8936728271727943,0.0526315789473684,0.0666666666666666,0.0,1.2112730560674276,4.128431422629142,0.1578947368421052,0.2,0.1666666666666666,1.3952541545514503,4.230637276959865,0.1578947368421052,0.2,0.1666666666666666,0.1717591496768376,1.0292692616176098,0.0,0.0,0.0,0.1429665120450912,1.0725521767293738,0.0,0.0,0.0,0.9317185091367935,3.352139990322798,0.1052631578947368,0.1333333333333333,0.0833333333333333,1.0411768769678622,3.416864704587105,0.1052631578947368,0.1333333333333333,0.0833333333333333,-0.004971964994637,0.2590422446743972,0.0,0.0,0.0,0.8214285714285714,0.7857142857142857,0.5714285714285714,0.5357142857142857,1.0,1.1368683772161605e-13,14.56628326817809,0.6368171210399256,-0.082866801270515,0.0,13.106940230767536,0.6217193890051942,-0.0366613207114798,0.0,11.179860486289286,0.7934741803180682,0.1838381156156681,0.0,8.2955258516544,1.5663950666675084,0.363734169173893,0.0,2.1299749005960296,2.711655546494937,0.7618207079115875,0.07,-1.363397911960188,2.5966354017245368,1.142980205791546,0.0766666666666666,8.285702344875517,1.904491486452696,-0.116865783745791,0.0,10.695530277768128,1.1146447485897788,-0.0501875693582069,0.0,9.172872422136034,1.5161054903223596,-0.0854510880581471,0.0366666666666666,12.386890501695348,0.7504933616389609,0.080670255087375,0.0,11.854552361702822,0.6629470203282752,0.1177541510568037,0.0,-1.6481669627146154,5.044224290422665,1.2853765423690622,0.14,9.238721710602755,1.515158613473778,-0.3502941625818848,0.03,1.792329021296878,2.592538153288736,0.6812662877566011,0.3,9.21267581587106,1.128927566009376,0.059776219952248,0.0833333333333333,7.707548294266888,1.956326411779805,0.0556761890082273,0.06,1.373903639885169,269,"[1.0, 0.5478666765825547, 0.34321411531215107]","[0.0, 4.3140310257698635, 8.144762942190892]",0.183524780484342,0.8302642736294067,4.593773971618748,0.3534848266206153,8.80791278474321,410.5050594030755,0.1904079779062499,0.1331568139703721,6.562949459694577,0.6402184002822202,0.006564766189078,0.1092697170389974,4.0,"{""overproduction"": 0.8808085278595624, ""waiting"": 0.6311396978213061, ""defects"": 3.7904391354466123, ""inventory"": 0.40989368816764427, ""transport"": 1.065163593961398, ""motion"": 0.22911818359666136, ""over_processing"": 0.249267654399582}"
65.24943319688828,0.5428281461635746,1.7563257075273544,0.2352941176470588,0.2352941176470588,0.1538461538461538,0.6551537161741848,1.9415489306117324,0.1764705882352941,0.1764705882352941,0.0769230769230769,0.7213970019557908,2.621515383278624,0.2941176470588235,0.2941176470588235,0.2307692307692307,0.8613569323307603,2.817990511628329,0.3529411764705882,0.3529411764705882,0.2307692307692307,0.1052468491569746,0.908098647825433,0.0588235294117647,0.0588235294117647,0.0,0.1346850358798056,0.8652095175439318,0.0,0.0,0.0,0.6184500737740911,2.149895945170077,0.1764705882352941,0.1764705882352941,0.1538461538461538,0.7592701410422978,2.361116606897303,0.1764705882352941,0.1764705882352941,0.1538461538461538,-0.0930482229412718,0.2758732371404284,0.0,0.0,0.0,0.75,0.8928571428571429,0.5357142857142857,0.5,0.9642857142857144,1.2789769243681806e-13,13.271402880251998,0.5370785165749029,0.161287625637463,0.0,10.146450509611167,1.05036601527469,0.312551062382287,0.0033333333333333,3.449254369947061,1.3623145249781168,0.771020325493576,0.0,2.4114872812107047,1.176573107099307,0.8361039813185943,0.0,4.272637099273557,0.5179989602792086,0.7222539837919816,0.0133333333333333,3.1304416594851365,1.1374031218066731,0.7923812627018464,0.0,3.19867086035028,4.312171090900937,0.6659711912108354,0.0766666666666666,8.97400944638614,1.2345993923276324,0.3761919693611177,0.0166666666666666,9.749350953215387,1.0410028318058595,0.331311071700845,0.0033333333333333,9.501321113303142,1.2847422916209532,0.3436005823295511,0.0033333333333333,8.958642848313763,1.1770062667909629,0.3751653365882593,0.0066666666666666,2.9160132921726616,4.194069641971289,0.6873227705077042,0.09,7.320280888135481,2.294947159751873,0.3453946855444785,0.1433333333333333,7.438098551489938,1.596764844562743,0.3451098765211213,0.1,6.904553599203126,0.4058755343198491,0.4548745046813444,0.16,9.550566578665933,1.358335799091528,0.3247525361974281,0.02,1.840280574075116,270,"[1.0, 0.6974483256330364, 0.17308383658402163]","[0.0, 5.55898289411533, 9.921050101231119]",0.2292160287762722,0.2125130592216427,1.921371545065262,0.3766910609596406,3.334021589046749,227.7686041751679,0.1436814747133151,0.0887659020432208,11.871542026947164,0.4675845839972645,0.0144476638966129,0.1516334441592188,4.0,"{""overproduction"": 1.3943268981447372, ""waiting"": 0.5181007010455124, ""defects"": 4.020065646486071, ""inventory"": 0.5292372498901026, ""transport"": 0.48416065958010546, ""motion"": 0.3535451702073262, ""over_processing"": 0.2748720351879736}"
88.85053418861153,0.8438501113405442,2.340325223516029,0.0588235294117647,0.0666666666666666,0.0,0.8985666357732293,2.3896310709649784,0.0588235294117647,0.0666666666666666,0.0,1.4784725393147045,4.526340339129123,0.1176470588235294,0.1333333333333333,0.0833333333333333,1.5390507704160867,4.586980586629435,0.1176470588235294,0.1333333333333333,0.0833333333333333,0.282417598114904,1.034661731570416,0.0588235294117647,0.0,0.0,0.3848639203825428,1.3466790705374805,0.0588235294117647,0.0,0.0,1.2609129613096388,3.988747275745155,0.1176470588235294,0.1333333333333333,0.0833333333333333,1.3446483628230597,4.040665010409192,0.1176470588235294,0.1333333333333333,0.0833333333333333,0.064332386862259,0.5213960381012703,0.0,0.0,0.0,0.75,0.6785714285714286,0.6785714285714286,0.6071428571428571,1.0,1.7053025658242404e-13,27.538537463562065,0.195130987027761,0.101984517445699,0.0,26.25691733023668,0.3522740237509311,0.1759451505582027,0.0,26.188422376004183,0.1381387272876861,0.2060192384560227,0.0,26.188422376004183,0.1381387272876861,0.2060192384560227,0.0,10.092112011741344,3.1724878627430577,0.4687154760179827,0.0333333333333333,26.141627482187552,0.1381387272876861,0.206225112502111,0.0,26.188422376004183,0.1381387272876861,0.2060192384560227,0.0,25.956123915082383,0.2314637813703565,0.1885790377641707,0.0,25.96078269800934,0.2239669443866841,0.1729359611558542,0.0,25.35000575625077,0.1758751001160794,0.1447623783601022,0.01,23.87352238770298,0.1758751001160794,0.1630787031172626,0.01,13.230415782789857,3.572506929872583,-0.2300316341783268,0.1066666666666666,9.564745307650638,3.1889753125726066,0.3402504823541609,0.0933333333333333,24.05572122460169,1.0828485889075323,0.1835294772674611,0.0033333333333333,25.83645522907155,0.2746984291232112,0.1844760727017805,0.0,25.62464865171791,0.2409887385473109,0.1764235237156174,0.0,1.4748917167645346,271,"[1.0, 0.7374530351736477, 0.2108442629701977]","[0.0, 2.7849318615329013, 7.189668738988491]",0.5622710407181527,0.1156643748731492,18.082140526912852,0.3704031135654953,10.55164708646596,248.0656942156216,0.0642869990649597,0.0103751081968571,5.639845092504011,0.5874299570914836,0.0125084710315711,0.1308799496150796,4.0,"{""overproduction"": 1.0531083242276562, ""waiting"": 0.7429197978775981, ""defects"": 3.287526314936363, ""inventory"": 0.2793262120070226, ""transport"": 0.559024811125476, ""motion"": 0.61803478478872, ""over_processing"": 0.44771947190548084}"
51.66820697136375,0.3636007777088715,1.1561803908632278,0.0952380952380952,0.1111111111111111,0.0769230769230769,0.501389488024142,1.3613961562013608,0.0952380952380952,0.1111111111111111,0.0769230769230769,0.4711680170938899,1.62521717778357,0.0952380952380952,0.1111111111111111,0.0769230769230769,0.6318933851023518,1.8252964456678744,0.0952380952380952,0.1111111111111111,0.0769230769230769,0.0530240924331297,0.3447299111455075,0.0,0.0,0.0,0.1177425963928964,0.461701085187252,0.0,0.0,0.0,0.3620870608020357,1.2016737304975675,0.0952380952380952,0.1111111111111111,0.0769230769230769,0.4762077187252446,1.4168636797579364,0.0952380952380952,0.1111111111111111,0.0769230769230769,0.0323683360026209,0.1404493253700591,0.0,0.0,0.0,0.9285714285714286,0.9285714285714286,0.6785714285714286,0.5714285714285714,0.9642857142857144,8.526512829121202e-14,18.082639224125906,0.8021747563958411,-0.4432563229361654,0.0,16.94121020119359,1.5043054786242152,-0.3699426721158144,0.0,2.4279615912572283,0.991238636372326,0.7716693211394785,0.0,-2.214622363168071,0.6598130578586909,1.2180920352375075,0.0,-8.65362063709315,0.3671352063425538,1.964340731781009,0.0166666666666666,-10.781870268818,0.3255938759722056,2.257543643741406,0.0266666666666666,15.558612401950292,2.4194023795842363,-0.2281362426772218,0.0,16.090860285338604,2.1162470679334877,-0.2780577322640337,0.0,15.400140923201748,2.2318844521386554,-0.238559298318761,0.0,15.544425220333368,2.4194023795842363,-0.2392623790944047,0.0,15.355948302741918,2.4194023795842363,-0.2394132383087069,0.0,15.551025715762387,2.4194023795842363,-0.2334936841298322,0.0,15.365131447590477,1.797080401940528,-0.3350948713165399,0.0266666666666666,15.22746951371474,1.782343897971982,-0.3072110548287408,0.0066666666666666,5.99464399485895,0.485403130825335,0.010798118726418,0.3433333333333333,15.376295916494144,2.049510098538436,-0.2505059539764738,0.0,4.061780323071317,272,"[1.0, 0.738484466692666, 0.4174963409269469]","[0.0, 5.323816046888426, 12.18330275518053]",0.6498929728753068,0.6284344815649386,1.6978905142129823,0.3725516364909175,2.021474941399106,434.2900928528358,0.3363844322240552,0.2900057923380509,10.781069278861956,0.3991676663413808,0.013825311822414,0.2453160007189699,4.0,"{""overproduction"": 1.272316154305057, ""waiting"": 0.348112528204225, ""defects"": 2.238421433362902, ""inventory"": 0.32146458528784355, ""transport"": 0.7931978937182186, ""motion"": 0.22353493113068743, ""over_processing"": 0.20544897190037847}"
64.84838953074666,0.8379730171348668,1.8479696995059576,0.0476190476190476,0.0555555555555555,0.0625,0.9140339397518776,1.9574016639910008,0.0476190476190476,0.0555555555555555,0.0625,1.147606280425942,2.8508546088801787,0.1904761904761904,0.1666666666666666,0.1875,1.2269399800655485,2.9415278417482957,0.1904761904761904,0.1666666666666666,0.1875,0.2164857263858196,0.6422063776186747,0.0,0.0,0.0,0.2042382981546691,0.9710465067146484,0.0,0.0,0.0,0.7227095295535799,2.315117396118205,0.0476190476190476,0.0555555555555555,0.0625,0.753091880989462,2.441418950242904,0.1428571428571428,0.1111111111111111,0.125,0.0768529185441366,0.2160247997724668,0.0,0.0,0.0,0.8214285714285714,0.7142857142857143,0.6071428571428571,0.6071428571428571,1.0,1.4210854715202006e-13,10.989628075221294,1.0129636536252338,-0.2488048829906213,0.0,8.516575189404817,2.107934253802419,-0.0130034216508534,0.0,-0.9817762906175816,1.4066830309632956,1.1011763096952982,0.0,-5.074056566697552,1.85909788420801,1.5401746718464018,0.0,-3.426410031812374,2.454212481727961,1.4122683880184703,0.09,-5.476472798196281,1.240074539715998,1.5939647960237344,0.0533333333333333,6.145252889016236,4.352500381592187,0.3308453526932615,0.0033333333333333,7.8926836262416,2.053740149577289,-0.0421053573542536,0.0033333333333333,6.940761113346448,2.497654529635565,0.0966306004848503,0.0666666666666666,6.234696553841515,2.2938750511020047,0.1489659331594014,0.1566666666666666,6.558840242981711,1.8855592174990612,0.1516558442498105,0.1066666666666666,5.750897550133686,3.6742809018644738,0.3069338952772674,0.05,4.692236815828943,4.138612406597578,0.4055376234941309,0.0633333333333333,6.124887402834164,3.712495681806785,0.2684933170603322,0.0566666666666666,2.0137811488248016,0.9283316358296958,0.4480262736797105,0.1833333333333333,6.502105598312793,3.451728973189464,0.2359117639123517,0.0033333333333333,2.6463186453708225,273,"[1.0, 0.549596711855885, 0.3094921367447954]","[0.0, 3.6837541496833133, 8.586968372442277]",0.7640221531809717,0.0319288887654362,4.869627242979774,0.733228241772949,2.7336066900057188,303.7876636421576,0.2449098077192768,0.8958063963150507,9.645407533515094,0.4739359293083778,0.0190034111375224,0.1322626082240904,4.0,"{""overproduction"": 1.6969618367864638, ""waiting"": 0.46966415554399654, ""defects"": 2.3184281014327897, ""inventory"": 0.6191218398276392, ""transport"": 0.7511940842196462, ""motion"": 0.23915456578665326, ""over_processing"": 0.3526719972475291}"
74.60400490816104,0.2956494803059574,1.160798566671791,0.0666666666666666,0.0714285714285714,0.0769230769230769,0.4797340490334426,1.2914005243908977,0.0666666666666666,0.0714285714285714,0.0769230769230769,0.5338572136292763,1.7483211950350477,0.0666666666666666,0.0714285714285714,0.0769230769230769,0.6772116721962517,1.9329408808501516,0.0666666666666666,0.0714285714285714,0.0769230769230769,0.0075396159020787,0.4295972799005634,0.0,0.0,0.0,-0.0115241900726424,0.4850334177494049,0.0,0.0,0.0,0.4977151283943061,1.4319661061771791,0.0666666666666666,0.0714285714285714,0.0769230769230769,0.6083597653317556,1.6294184510038008,0.0666666666666666,0.0714285714285714,0.0769230769230769,0.0032024108798123,0.1282980042377818,0.0,0.0,0.0,0.7857142857142857,0.8571428571428571,0.6785714285714286,0.7142857142857143,1.0,9.947598300641405e-14,18.176306650713776,1.136800804606638,-0.2521775216983773,0.0,17.778294322405632,1.1368642343840538,-0.284810029106778,0.0,12.72974715283277,2.890030691885883,0.2743154817486063,0.0,8.111231630257556,2.998643729658696,0.5392440494985947,0.0066666666666666,5.106671266964241,2.82458348456487,0.7065743942695228,0.0033333333333333,-5.548080520187024,2.6593535255756926,1.3071776577622511,0.0,15.20254583855243,0.9651161521831932,-0.8927309969051342,0.0,17.18437740117252,1.262805656961457,-0.1669832311315355,0.0,17.198486998633555,1.3047794692717103,-0.1907531127160105,0.0,17.08243567282214,1.3194788427656396,-0.1199451796206106,0.0,17.115485922332724,1.3139973404354306,-0.1440140752411178,0.0,14.064798238646224,2.383835671157315,0.2134155285180488,0.0,12.686316772907103,1.2896957285445474,-0.066277557900221,0.1266666666666666,16.84357207229912,1.3770924424704971,-0.1696428257605781,0.0066666666666666,15.855406592123416,1.254405896988484,-0.1849427251084777,0.0666666666666666,16.299516512767685,1.4519097432363213,-0.1029986479147524,0.0,3.462001404575473,274,"[1.0, 0.4894725475884457, 0.30820656454058193]","[0.0, 0.07241204789131361, 0.2147121340795971]",0.4029934336000528,0.8121249148322787,6.941257283474345,0.5349323726217665,9.39475733174036,568.9965854879492,0.3352341704788862,0.6366165980958981,12.435540734501227,0.3710703193638863,0.0100013908243371,0.1872295831011749,4.0,"{""overproduction"": 1.3230085584665154, ""waiting"": 0.37879789623833576, ""defects"": 4.230103467811906, ""inventory"": 0.7399726192739209, ""transport"": 0.48902498773890923, ""motion"": 0.1809672206465826, ""over_processing"": 0.6541823691682935}"
79.87494173000299,0.6741363285088422,1.5523179532002045,0.0526315789473684,0.0555555555555555,0.0,0.8657873083169313,1.9292735342228216,0.1052631578947368,0.0555555555555555,0.0666666666666666,0.7984966202083734,1.9391212308601016,0.1578947368421052,0.1111111111111111,0.0666666666666666,1.080278111200857,2.32548493067042,0.1052631578947368,0.0555555555555555,0.0666666666666666,0.1290845197233741,0.3900399289005047,0.0,0.0,0.0,0.1890649230721788,0.427770901927875,0.0,0.0,0.0,0.4537900597163395,1.3404721735569844,0.0,0.0,0.0,0.5818680700720374,1.480166700776982,0.0526315789473684,0.0555555555555555,0.0666666666666666,-0.0340214399428277,0.3406511089739609,0.0,0.0,0.0,0.8571428571428571,0.8214285714285714,0.75,0.6428571428571429,0.9642857142857144,8.526512829121202e-14,18.05495303191676,0.839701544718326,-0.6064942641748776,0.0,16.971851102040297,1.4390098336269512,-0.4943497817513644,0.0,13.813483361828968,2.113797588587893,-3.009735031570904,0.0,9.231371397762738,2.001656458711139,-2.8796128869661253,0.1133333333333333,15.846939068218926,2.2142223917964605,-42.36373629787093,0.1633333333333333,10.36128563007816,2.174586392642984,-12.70465321412431,0.1866666666666666,16.481898255900195,2.4030773882581697,-0.3883933621366394,0.0,16.341018699471178,1.800213018194872,-0.4902366770345603,0.0,16.512051922290905,1.4621604617166604,-0.5820172825691062,0.0,16.476454480403138,2.355057034206043,-0.3991534104813855,0.0,16.481213440869606,2.355057034206043,-0.3978123211672565,0.0,16.477378168545556,2.398814426183804,-0.3916363379860066,0.0,15.905166159281364,0.9943522855051034,-0.6245855734528554,0.0,16.06013342733311,1.036137948839417,-0.620379141469541,0.0,13.406401163446612,0.8129019252434057,-0.5613278160208391,0.0366666666666666,16.259891168102072,1.903890382110577,-0.4737704415855258,0.0,4.31699715921509,275,"[1.0, 0.6677860245371309, 0.4520090749469752]","[0.0, 0.9085018727147482, 2.5990147544799616]",0.8168079450274692,0.3506885885032366,14.653442730618409,0.8488102863804889,1.8763818352771016,506.67853888441743,0.2787688664825456,0.7873286451358351,2.8754797683918207,0.3866587170648896,0.011490974679371,0.2873224418485767,4.0,"{""overproduction"": 1.517716450356685, ""waiting"": 0.44141363130638034, ""defects"": 3.0027298786128407, ""inventory"": 0.5457972040186884, ""transport"": 0.4876297889116912, ""motion"": 0.2735734276870898, ""over_processing"": 0.7419863369605018}"
77.0584099749872,0.8811584159517485,1.977434066756758,0.1052631578947368,0.1176470588235294,0.0769230769230769,0.930857966007359,2.055239612891143,0.0526315789473684,0.0588235294117647,0.0769230769230769,1.2165148479675658,2.843796985923903,0.1052631578947368,0.1176470588235294,0.1538461538461538,1.2606189313630638,2.955506005229985,0.1052631578947368,0.1176470588235294,0.1538461538461538,0.0875493268112339,0.7164711910330787,0.0,0.0,0.0,0.1585491940285749,0.7012097673580817,0.0,0.0,0.0,0.7952396376513365,2.265741549237746,0.1052631578947368,0.1176470588235294,0.0769230769230769,0.8724997853900481,2.401083951083552,0.1052631578947368,0.1176470588235294,0.0769230769230769,-0.0926122860088603,0.2004053086503548,0.0526315789473684,0.0,0.0,0.8928571428571429,0.8928571428571429,0.7142857142857143,0.6785714285714286,1.0,1.1368683772161605e-13,16.924563822610775,0.1350744369505804,0.0620609700617289,0.0,16.236196947797513,0.165812937753491,0.1848331635478671,0.0,13.103294381887691,1.1377937664303726,0.3665574285999641,0.0,13.815514092327858,0.2193722547626447,0.3293601602036886,0.0,15.465580763627694,0.1243454623667308,0.2423203721677252,0.0,13.112616698332756,0.400449089324598,0.360612117557775,0.0,16.120812100221883,0.1317648965692844,0.2260403410968476,0.0,15.679656019781458,0.273236618275911,0.122075153157191,0.0,16.06922475547275,0.1871069902564831,0.1803203575187486,0.0,13.686613891805845,0.8597796990819453,0.2035823853985738,0.0033333333333333,14.181437053761462,0.7528973497582269,0.1995235767665302,0.01,6.806618491860434,2.899024175289677,-2.137144111105192,0.2933333333333333,15.75758613135264,0.18014579520265,0.2293156620454782,0.0033333333333333,14.182956450810789,0.5267013665612948,0.143075345807057,0.0266666666666666,14.42429413484194,0.3928192875897717,0.1127548836713251,0.0,15.969129104591584,0.2326827160750637,0.153935023148368,0.0,1.703768641063654,276,"[1.0, 0.6089623350927083, 0.22364428522567184]","[0.0, 1.3977206699400568, 3.181993195883719]",0.2477255367486454,0.2581138360183235,13.898158320062892,0.6565376609131044,11.12294860410548,372.08647196982,0.2644367968692968,0.7416144431095157,1.5174639027820649,0.3299675361952606,0.0142871667332366,0.0616360455496152,4.0,"{""overproduction"": 1.5904327348849312, ""waiting"": 0.5970660000751451, ""defects"": 4.131336004589128, ""inventory"": 0.7086333734264084, ""transport"": 0.7980864224861797, ""motion"": 0.23958325306040312, ""over_processing"": 0.3466514195838983}"
55.03501931058275,0.8840395269749742,1.7763682675612356,0.0526315789473684,0.0625,0.0714285714285714,0.8022589765217338,1.75784841881331,0.0526315789473684,0.0625,0.0714285714285714,0.9462204043367484,2.472732386493252,0.1578947368421052,0.1875,0.1428571428571428,0.9165177205006976,2.5044484859850358,0.1578947368421052,0.1875,0.1428571428571428,0.1248217028661343,0.5323454371059883,0.0,0.0,0.0,0.1560217745282135,0.5287077665161605,0.0,0.0,0.0,0.5683658652666547,1.9881129651883471,0.0526315789473684,0.0625,0.0714285714285714,0.6541888210527339,2.083005146718941,0.0526315789473684,0.0625,0.0714285714285714,-0.0628424979264625,0.334858459348524,0.0,0.0,0.0,0.8571428571428571,0.8571428571428571,0.5,0.5714285714285714,0.7857142857142857,1.1368683772161605e-13,17.116525900678,0.4879786255914187,-0.4929830592080828,0.0,15.42827978934814,0.7186749086176806,-0.2991161607988699,0.0,8.017536276089812,2.4194598592015293,0.2404395258694637,0.0,3.1000837696120933,2.3211705049610654,0.7266827357119225,0.0033333333333333,-4.509555872014176,2.073608294713691,1.6104052457430147,0.2,-4.435971127592576,1.607954484524445,1.411524451839581,0.1266666666666666,14.638549763215847,1.0745126736618769,-0.2470360047742187,0.0,14.292816882461745,1.286244200229634,-0.313387074754116,0.0,14.206967136007297,1.3248156756170155,-0.2475180539416096,0.0033333333333333,14.039302930716248,1.1512134313209748,-0.1160795801229755,0.0,14.220036254007606,1.0603081425454963,-0.1160447664810586,0.0,9.734044546186087,3.6393754166496897,-0.3145989479613955,0.0633333333333333,10.786651254619272,1.4871647109458237,-0.4104735897986654,0.22,14.49138664907172,1.2634323590951462,-0.4104008730816681,0.0233333333333333,10.914063567837871,1.2778187358383022,-0.2347957848204662,0.1566666666666666,14.22178518173718,1.240578437826821,-0.2826882845588034,0.0133333333333333,3.1489571479992837,277,"[1.0, 0.5594188224409621, 0.35650194291694337]","[0.0, 2.202557722333652, 7.055409435384214]",0.4660676584418092,0.3733589851393788,19.865447754599423,0.3671562406298131,8.54957243106291,16.239033429487225,0.3595618356909847,0.2093889440365949,11.718086903349231,0.5859323765903066,0.0183066183661445,0.1439947983834138,4.0,"{""overproduction"": 0.8600147016092308, ""waiting"": 0.32520695549363715, ""defects"": 1.9868557391461183, ""inventory"": 0.3663458533324775, ""transport"": 0.4411893543393438, ""motion"": 0.22837154690680977, ""over_processing"": 0.48121529878261143}"
82.56273665340998,1.1266067160052415,3.1581957729658714,0.0952380952380952,0.1,0.1176470588235294,1.243373009667384,3.3206311920895497,0.0952380952380952,0.1,0.1176470588235294,1.3281154957714985,4.110792885316457,0.1428571428571428,0.15,0.1764705882352941,1.5416968189571147,4.358539905675567,0.1428571428571428,0.15,0.1764705882352941,0.3997174700938513,1.6406609353554673,0.0,0.0,0.0,0.5701243660036172,1.7404135136991852,0.0,0.0,0.0,0.9330090290304064,3.389487831239073,0.0952380952380952,0.1,0.1176470588235294,1.1119066399699784,3.5692260587687894,0.0952380952380952,0.1,0.1176470588235294,0.1140727029688899,0.660730501603825,0.0,0.0,0.0,0.8214285714285714,0.75,0.6785714285714286,0.6428571428571429,0.9285714285714286,1.2789769243681806e-13,23.27644694722702,0.8501652530042425,-0.5485869347427608,0.0,20.28657737568123,1.3476738414714649,-0.4433557281475524,0.0,10.986846469429508,0.2045977574262796,0.410334583827808,0.0,10.385370624311255,0.1104152049295656,0.4583397423618447,0.0,4.201671473847517,0.1440398157563618,0.7472420600101803,0.06,8.912236343951946,0.1293265650087524,0.5183554192273543,0.0133333333333333,4.121212652330996,4.706762189238848,0.5470766442466077,0.0,19.841927355765065,2.5033278014808715,-0.479772825052862,0.0066666666666666,16.486218964057482,2.778924080366145,-0.2762104529217632,0.02,20.175223125999658,2.141101406604515,-0.5513003646198174,0.0033333333333333,20.32876459024165,2.1568464234166127,-0.5536468878687054,0.0,17.987254598698165,3.7133899814073152,-1.084847250463026,0.03,11.77634295323855,0.3072244998548152,0.1684748473083666,0.08,15.780020190246985,1.4514660312830765,-0.1842294979241084,0.01,14.42731110680219,1.8092149549492675,-0.2103882798906574,0.17,15.822454948224928,2.767646402804896,-0.2217037490228713,0.0133333333333333,2.527436803054266,278,"[1.0, 0.6570306473449689, 0.3352261757725213]","[0.0, 6.3879018100163, 10.987666340633345]",1.003166390390136,0.3646063058538021,17.66601890137484,0.4516918991576913,7.627402960186543,115.00742907917804,0.360275692126249,0.2913665868226339,5.083259971705503,0.6597032367977195,0.0139280364507083,0.2391890933254142,4.0,"{""overproduction"": 0.6639337518093099, ""waiting"": 0.5374214588328755, ""defects"": 4.421128743990775, ""inventory"": 0.4617401796582374, ""transport"": 0.7827836776717303, ""motion"": 0.2940590135025527, ""over_processing"": 0.31623251781861605}"
73.16894696468489,0.532819857259618,1.4089187542527737,0.0555555555555555,0.0625,0.0666666666666666,0.5831996709507107,1.6257512406398924,0.0555555555555555,0.0625,0.0666666666666666,0.8194328240048014,2.0086997882485997,0.0555555555555555,0.0625,0.0666666666666666,0.9326671075599394,2.253954549740508,0.0555555555555555,0.0625,0.0666666666666666,0.0907958092509249,0.5093368851112053,0.0,0.0,0.0,0.0907426608724362,0.5619701164800589,0.0,0.0,0.0,0.4546591199598689,1.4695665458482647,0.0555555555555555,0.0625,0.0666666666666666,0.6048841858836848,1.7062706006860655,0.0555555555555555,0.0625,0.0666666666666666,-0.0251772773016973,0.232501537381793,0.0,0.0,0.0,0.75,0.7857142857142857,0.7142857142857143,0.6785714285714286,1.0,1.1368683772161605e-13,14.443878223000146,0.3276821633264237,-0.0192770116012572,0.0,13.194778964549691,0.8636073679778512,0.02989804989262,0.0,12.46189627987398,1.7600767933118944,0.1609968858971272,0.0,2.0431311022493666,1.682359432180781,0.8622285942268231,0.0,-7.245972169404712,1.6326095864151375,1.621244790540139,0.0,4.075806880007373,1.938881253200588,0.7227763686436167,0.0,9.21226208664402,0.8371625103822905,-0.4442013357701029,0.0,12.345081848875552,1.1522671713117147,0.0065082902932876,0.0,12.010360222606437,0.9871413806085964,0.0919375516544194,0.0,10.71654749369507,2.433527548935483,0.2438836232117948,0.0,9.419132699401754,2.433527548935483,0.291989432721257,0.0,10.439888281407692,2.5022749801698776,0.2519532897624174,0.0,11.757849491866397,0.8218180399267705,0.1324952235660561,0.03,12.355537502232304,0.8612394349983125,0.1113565423129933,0.0,5.269389608403992,0.8782341452933262,0.1571991795868613,0.5166666666666667,12.437445227588135,0.8377572570042495,0.0734602449307694,0.0,2.9901290045134834,279,"[1.0, 0.6392511511125174, 0.28326556963193394]","[0.0, 1.317687950010737, 3.3284295135759407]",0.6166115588896189,0.2990788745463659,5.848239013192938,0.3753359678149043,2.5744086395852026,454.67268662475215,0.3674577017565719,0.6868497918028963,12.446330851058136,0.3661105757897689,0.0156065821819235,0.2934296030980534,4.0,"{""overproduction"": 0.6386675821992273, ""waiting"": 0.46648961975902026, ""defects"": 2.8010127328016967, ""inventory"": 0.8005891293981036, ""transport"": 0.9856809930374347, ""motion"": 0.4423253128767599, ""over_processing"": 0.2675774271755248}"
63.183214133258495,0.4207687231520361,1.8057278707631803,0.0909090909090909,0.1,0.0666666666666666,0.4503902413929133,1.836653345808358,0.0909090909090909,0.1,0.0666666666666666,0.6614230059960632,2.8275670508150283,0.1818181818181818,0.15,0.1333333333333333,0.6554043413529238,2.889430930960481,0.1363636363636363,0.15,0.1333333333333333,0.1519597018635459,0.5168593749038604,0.0,0.0,0.0,0.1352597350962385,0.6169762994898262,0.0454545454545454,0.05,0.0,0.4492994846802511,2.115529430286816,0.0909090909090909,0.1,0.0666666666666666,0.550588694000745,2.1906429759117736,0.0909090909090909,0.1,0.0666666666666666,-0.0524051906486641,0.1917899636706472,0.0,0.0,0.0,0.8214285714285714,0.8571428571428571,0.4642857142857143,0.4642857142857143,0.9642857142857144,9.947598300641405e-14,22.848044574674923,1.817186495006644,-0.0739654683057234,0.0,19.299552988547475,3.21856688748508,0.0505155772702943,0.02,11.652187549581855,2.7038290785212635,0.3367757605403957,0.0133333333333333,4.828691659215601,4.054260601211198,0.7331570224845798,0.0433333333333333,-3.109827356131362,4.396366493654727,1.2277109353537474,0.18,-1.6180697957756245,5.020064632873453,1.1051675495862563,0.1333333333333333,15.244986645229094,6.030466739825757,0.2756682751067743,0.09,17.89747905523642,3.505477284247037,0.0560133047987539,0.1066666666666666,16.180961335237864,4.953972158074889,0.196605340612603,0.0866666666666666,16.364923581710393,3.5704998704666364,0.1574086632095639,0.11,8.32015231536004,4.35840479487652,0.5820165782550135,0.07,16.347184033197756,4.4474452311728445,0.1795080976941447,0.1066666666666666,12.57139635031298,4.302147836717641,0.3549139774834141,0.07,16.779952212369704,3.7720864945006776,0.1630493604090002,0.0633333333333333,8.747129848223244,2.0870657952541576,-0.011745985186552,0.2166666666666666,15.810944908016966,4.522123640343981,0.2015773557232185,0.0433333333333333,4.340120696878581,280,"[1.0, 0.6408191532695005, 0.5292704646528373]","[0.0, 6.618775831705418, 14.307989736315012]",0.3848015047468188,0.5589193794138126,5.647625380622992,0.351756748048405,10.376675797064092,91.5146891174507,0.0851365911806751,0.9418150798915188,0.4524794577680446,0.6006642347786462,0.0092531517685411,0.1981830448552784,4.0,"{""overproduction"": 2.44272663581314, ""waiting"": 0.3558536894374681, ""defects"": 2.708622486515385, ""inventory"": 0.1841971755168607, ""transport"": 1.1431992301259881, ""motion"": 0.18242929364657587, ""over_processing"": 0.34511169812741055}"
85.5841296069833,0.4629877505093375,1.567601046691648,0.1,0.125,0.0,0.5044647578149112,1.7006710481995992,0.15,0.1875,0.0769230769230769,0.7223295793488014,2.419016976877088,0.2,0.25,0.2307692307692307,0.8455883491161019,2.634965129587808,0.15,0.1875,0.1538461538461538,-0.0853517441245761,0.3423788111573687,0.05,0.0625,0.0,-0.0971233571128326,0.5160952450319244,0.05,0.0625,0.0,0.4828081284294294,1.8377398278667336,0.05,0.0,0.0,0.636150751503143,2.100293325065734,0.15,0.125,0.1538461538461538,-0.0809874203476706,0.1950629234979817,0.05,0.0,0.0,0.8214285714285714,0.7142857142857143,0.7142857142857143,0.5357142857142857,0.9642857142857144,8.526512829121202e-14,21.43036536639378,0.9613712060618722,-0.4718378088959807,0.0,19.975396914614983,1.7266555724902692,-0.4464638578378979,0.0,11.136053438932922,0.995825959562998,0.4672598490250952,0.0,11.106704598328022,0.910209520037782,0.4682655143985467,0.0,10.797195590394466,1.7105262848638745,0.4370837642740808,0.0033333333333333,11.357955311234992,0.8442696684758055,0.4555814384305699,0.0,17.386670606847208,3.420127514129208,-0.7727577371695501,0.01,18.743740777912635,2.1966073959719905,-0.3613352879843948,0.0,18.141673904462067,1.778793241683636,-0.169931667183327,0.0,17.9889623369379,1.813007977114812,-0.1309594104784663,0.0,17.262873345920706,1.8177518875459813,-0.1572733007732915,0.0033333333333333,18.4165149698006,2.8151905957799426,-0.6097925215532772,0.0,17.65197205814864,3.138997980122723,-0.8777306920761119,0.0266666666666666,18.04918113419299,2.9693560665228493,-0.8368186238173202,0.02,8.515857405694852,1.3226761411161263,0.2575331513470522,0.32,18.44428103990335,1.995770094889587,-0.3502337945946089,0.0066666666666666,3.131034622262141,281,"[1.0, 0.722868538975681, 0.5939745199713179]","[0.0, 5.075808885419713, 11.088952203589075]",0.0629935685974627,0.4780722668782599,23.808743035893173,0.7834860559878531,6.4200221880208845,399.4772929950692,0.3238806962249589,0.8131577023222721,2.944069128920733,0.3648483304899684,0.0148119764821097,0.2847887397031269,4.0,"{""overproduction"": 1.4927203716699315, ""waiting"": 0.6278702260885706, ""defects"": 4.51897226240278, ""inventory"": 0.21450976603844715, ""transport"": 0.8841097238057336, ""motion"": 0.31656094018843894, ""over_processing"": 0.2749929986806275}"
80.14541717985573,0.5121126026615646,1.4704223864911146,0.0526315789473684,0.0588235294117647,0.0625,0.6261690873392836,1.6453411092675196,0.0526315789473684,0.0588235294117647,0.0625,0.8110397968827213,2.449101480673652,0.1052631578947368,0.1176470588235294,0.125,0.9452422707264126,2.596901182886136,0.1052631578947368,0.1176470588235294,0.125,-0.0244101066509855,0.3403499736164999,0.0,0.0,0.0,-0.0058792841813759,0.4558581048797979,0.0,0.0,0.0,0.5552136106409171,1.933639673567747,0.1052631578947368,0.1176470588235294,0.125,0.6524459676630313,2.029307198356832,0.1052631578947368,0.1176470588235294,0.125,0.0063939071248938,0.1927372219653068,0.0,0.0,0.0,0.9642857142857144,0.7857142857142857,0.6785714285714286,0.4642857142857143,1.0,9.947598300641405e-14,25.29856325146412,0.9917807414114868,-1.7649173345933942,0.0,24.8008359425772,1.5582956611584018,-1.792992963538065,0.0,4.442626467813147,0.0577873228769234,0.7691526483018767,0.0,4.442626467813147,0.0577873228769234,0.7691526483018767,0.0,5.351737082367116,0.0885222139389397,0.7166396118883883,0.0,4.467145463217383,0.0588679016457662,0.7675948859988104,0.0,24.71580595613792,1.84931816949283,-1.8754794559047456,0.0,24.11542677591839,1.7539530900620526,-1.7441585959760826,0.0,24.58641403941377,1.541404209695714,-1.791834699639603,0.0,24.64507729927674,1.84931816949283,-1.9529267060821425,0.0,23.893778508463765,1.8450459380519493,-1.9976540599966264,0.0,24.71580595613792,1.84931816949283,-2.3346651127561766,0.0,23.306721189081284,1.4051084634429047,-1.5366998326500996,0.0133333333333333,24.57912813549894,1.712835106642849,-1.799477851763285,0.0,9.949669393588392,0.4151968757020658,-0.0411712077321094,0.2133333333333333,24.51442287359143,1.7178772532531337,-1.86317189540437,0.0,4.047109236664425,282,"[1.0, 0.7841499128997034, 0.3948975494568755]","[0.0, 3.749277711348366, 10.083171386278664]",0.8905099604218545,0.3532568062044544,17.361497532340856,0.5389386533499634,13.143939936904184,460.2389396092652,0.0359504196031972,0.7609189948878938,4.39256765722109,0.3800592508625423,0.0140257713315127,0.1598222416397174,4.0,"{""overproduction"": 1.2744960268165844, ""waiting"": 0.5198607701015286, ""defects"": 1.939682987621042, ""inventory"": 0.37083477547701016, ""transport"": 0.5441885540808362, ""motion"": 0.38164732097455073, ""over_processing"": 0.4575042095431158}"
80.52282406840281,0.6623275376682056,2.38181812110609,0.1,0.1111111111111111,0.1176470588235294,0.7308642011555238,2.417562922780905,0.1,0.1111111111111111,0.1176470588235294,0.84675307644763,3.3536369417941523,0.15,0.1666666666666666,0.1764705882352941,0.8639571947061206,3.3585083937344318,0.15,0.1666666666666666,0.1764705882352941,0.2196406145979148,0.8260518643480284,0.0,0.0,0.0,0.2202666391313608,0.8933961741464874,0.05,0.0555555555555555,0.0588235294117647,0.6815798368139229,2.621325537021107,0.1,0.1111111111111111,0.0588235294117647,0.7241919609898669,2.629984828662601,0.15,0.1666666666666666,0.1176470588235294,0.0840440635674077,0.2499638015441398,0.0,0.0,0.0,0.8928571428571429,0.8571428571428571,0.5714285714285714,0.5357142857142857,1.0,1.4210854715202006e-13,22.412934353964477,0.648634556260485,-0.594650996531237,0.0,20.873836429847767,1.3417217595599933,-0.5513549423739934,0.0,20.281299132626877,1.7866619072383818,-0.7077798550030201,0.0,20.442587005561784,1.559290679776829,-0.7023008362740012,0.0,18.731121291446957,1.910445414168284,-0.6282168033921467,0.0,19.624367259332946,2.1744649464807466,-0.6955519987671399,0.0,20.01548467692349,2.6246988296947853,-0.4423396576035929,0.0,20.40416368752112,2.3309197371984607,-0.4634762083894697,0.0,19.86447321480017,2.5872009657775483,-0.4465941392384968,0.0,20.304860592672057,1.5354803726599051,-0.53253522935372,0.0,20.34638058844304,1.4110000552751023,-0.5675098678857131,0.0,20.123127360469837,2.465249541693426,-0.4747253692767889,0.0066666666666666,19.605677870516423,2.3483675410995177,-0.4243022683966562,0.0,20.369238562403247,1.7492687502771689,-0.5325871676783215,0.0,10.75377771803916,1.6652309316974816,-0.3737635167825903,0.3466666666666667,19.77183810300432,2.575128513093361,-0.4499434562108654,0.0,3.8668476549067896,283,"[1.0, 0.7224956523353104, 0.33937798756192916]","[0.0, 1.4632528626923593, 4.259585051262392]",1.0647887055253833,0.8186777707544624,3.2305066842428456,0.8512153696299161,12.718808480296218,101.45815822838335,0.335347193783768,0.6644123618916659,4.657802256576879,0.4777912547213382,0.0159933538765883,0.0612540486414828,4.0,"{""overproduction"": 1.241791236595147, ""waiting"": 0.5066732919422371, ""defects"": 2.6944125857171453, ""inventory"": 0.3359404075085593, ""transport"": 0.6955164445656125, ""motion"": 0.4278645417683108, ""over_processing"": 0.5105700387476384}"
59.669057495721525,0.598805227040696,1.3766271584552925,0.0526315789473684,0.0555555555555555,0.0625,0.640077306573963,1.407209070606437,0.0526315789473684,0.0555555555555555,0.0625,0.786290979852051,2.00845108282071,0.1578947368421052,0.1666666666666666,0.1875,0.819667378907636,2.0530904437473283,0.1578947368421052,0.1666666666666666,0.1875,0.0480525302470561,0.3991170575671166,0.0,0.0,0.0,0.0724269379228551,0.4016291613522064,0.0,0.0,0.0,0.4614239069908991,1.5911126079372675,0.0526315789473684,0.0555555555555555,0.0625,0.4837396003358389,1.651684468781517,0.0526315789473684,0.0555555555555555,0.0625,0.0074847077543897,0.0921430804108079,0.0,0.0,0.0,0.6428571428571429,0.6428571428571429,0.6071428571428571,0.6428571428571429,1.0,5.684341886080803e-14,26.534309367665877,0.3487478557466259,-1.4166524296509733,0.0,25.248818839046574,1.0596096867753817,-1.333390118692344,0.0,17.481592260755612,0.7278940580392237,-0.5412032300862457,0.0,19.4486750506012,0.7789711918828848,-0.8086100737619479,0.0,8.903021020473432,1.8591937230222424,0.2527053261920483,0.0,9.95770358433501,0.3658127328575714,0.0761644824087818,0.0,22.87341670791592,2.513462816450281,-1.161864934479507,0.0,25.038418501772355,1.219206844455662,-1.3332659001760772,0.0,24.651726314020245,0.9899810453842708,-1.2838167396202682,0.0,24.821480376453632,0.9353504350585587,-1.41972705452423,0.0,24.6922444292523,0.928045329125578,-1.41350272086647,0.0,23.00825770131056,2.47672165420013,-1.6997376300167906,0.0166666666666666,22.908299604472266,1.2070318439330394,-1.3486540079572928,0.0633333333333333,24.024266438980515,1.7666172304126493,-1.261551938749318,0.0033333333333333,8.695896437869356,0.4304762344985279,-0.2467459583331201,0.4133333333333333,24.30563385858123,1.4169388997704797,-1.2794407090091815,0.0,4.074893857942583,284,"[1.0, 0.5097761942713694, 0.3559626529132447]","[0.0, 3.8014788933092296, 8.528243885655536]",0.5880751659710098,0.8284607093895525,22.387595024411127,0.6505676637875684,12.479665714239545,607.9104412145409,0.3329776790955655,0.577813805057975,1.329000216868948,0.3994109205970601,0.0110829964820492,0.0627677319196816,4.0,"{""overproduction"": 1.2409857307676309, ""waiting"": 0.31076865315041313, ""defects"": 2.3870122590809943, ""inventory"": 0.2736659013490085, ""transport"": 0.6679213165161474, ""motion"": 0.34168434914596274, ""over_processing"": 0.29515433602890295}"
49.40650894399987,0.5649739652723392,1.57944726658669,0.05,0.0588235294117647,0.0,0.6071463059294745,1.64126806265647,0.05,0.0588235294117647,0.0,0.8221706778179164,2.454569852059445,0.1,0.1176470588235294,0.0833333333333333,0.8587553925095351,2.5376693279990894,0.1,0.1176470588235294,0.0833333333333333,0.1352013625697785,0.454481374953829,0.0,0.0,0.0,0.1429639354928024,0.5606789488016669,0.0,0.0,0.0,0.5584863224833826,1.8145146968416483,0.05,0.0588235294117647,0.0,0.6577032117805841,1.9344839133694205,0.05,0.0588235294117647,0.0,0.1436542407655334,0.4080168974860721,0.0,0.0,0.0,0.7857142857142857,0.75,0.4642857142857143,0.5,1.0,8.526512829121202e-14,11.896419848678132,0.3779832500166356,-0.1635123784207812,0.0,10.78175963456934,0.5090171466317912,0.0199203376319707,0.0,0.0278788985128453,1.238712499312293,0.9979017959377584,0.0,0.626060587319656,1.1154388467801044,0.9531653388722512,0.01,1.3598264000756983,0.7578623136301883,0.8911221539673314,0.0366666666666666,2.125565564590982,0.5244857469602439,0.8247355169248862,0.0333333333333333,10.298944336211596,0.7761141404945784,0.0465431671936705,0.0,8.468751779257216,0.8850094587373444,0.1241114868717585,0.0266666666666666,5.721305996078014,1.6672184145893942,0.0006842446082116,0.18,9.92962155341282,0.8919477628499887,-0.0394903376208127,0.03,7.76410976472731,0.7330129247459721,0.0798890844533623,0.15,8.388785233031019,1.345791465660645,-0.139725994560563,0.1033333333333333,7.113915609208962,1.125583722827321,0.0984653578744531,0.1766666666666666,1.0232827249098906,1.3108940165388994,0.8476703049986286,0.1166666666666666,6.69748807605344,0.8850094587373444,0.2288691400145579,0.12,5.2478882802057765,1.82706322302382,0.106020128902177,0.14,1.6098276085448122,285,"[1.0, 0.5200341194243161, 0.40690652671527605]","[0.0, 2.1431730319687223, 6.58384994522064]",0.5009840396391758,0.1362817547153098,14.898661735421143,0.4135406345283999,13.37218564349285,20.043584151528357,0.2186728050278538,0.3389124173968932,4.150220012713957,0.6652976477679485,0.0081449799740803,0.2723465332496533,4.0,"{""overproduction"": 0.7074340634241286, ""waiting"": 0.35820247590722204, ""defects"": 4.495276101139408, ""inventory"": 0.21620778358278625, ""transport"": 0.4161897730778633, ""motion"": 0.31215729945267456, ""over_processing"": 0.20294732527182247}"
44.97655897104069,0.6326323908176313,1.6467841842426958,0.1428571428571428,0.1,0.1111111111111111,0.6489428853597462,1.6520279152099842,0.1428571428571428,0.1,0.1111111111111111,0.897847720800706,2.715931184524736,0.2142857142857142,0.2,0.2222222222222222,0.9108877916758188,2.701489281588929,0.2142857142857142,0.2,0.2222222222222222,0.0916236469929787,0.4607385688881856,0.0,0.0,0.0,0.063155617057369,0.444085601452821,0.0,0.0,0.0,0.6303405253291109,2.266243024730401,0.2142857142857142,0.2,0.2222222222222222,0.6382779573888967,2.276882931129416,0.2142857142857142,0.2,0.2222222222222222,0.033801370835134,0.0865560847771173,0.0,0.0,0.0,0.8214285714285714,0.7142857142857143,0.7142857142857143,0.7142857142857143,1.0,7.105427357601003e-14,8.038286512224456,0.2685059294447525,0.1623340032216077,0.0,7.075972727681451,0.3764756918918255,0.1732176311259179,0.0,5.920487360169037,0.2396281651445745,0.4295647297144173,0.0,5.920487360169037,0.2396281651445745,0.4295647297144173,0.0,3.152935505736381,0.2985798547685228,0.6282299147113531,0.0033333333333333,5.415201130017829,0.2396281651445745,0.4653785397823352,0.0,3.0379595022938606,1.3345214016204408,0.7170710704834506,0.0,6.592271333035634,0.469619583438656,0.1380319381321803,0.0066666666666666,5.5841807546190845,0.6443662657278993,0.369320623821528,0.05,3.0936531283492354,0.7881633750552028,0.4455895580010159,0.4166666666666667,2.131610867620267,0.9078762555292182,0.601698491617068,0.4133333333333333,1.372985280072465,1.3298954428855412,0.8414400159997713,0.0666666666666666,-1.333919971862589,0.4368376690487202,1.2499469138466262,0.1233333333333333,3.034368611538483,0.4384327851447184,0.5863331782128759,0.0633333333333333,4.332623807685057,0.4409831665320702,0.3618414553420356,0.3433333333333333,5.622129959096603,0.6834531224326641,0.2830515833646074,0.0533333333333333,1.833859924720944,286,"[1.0, 0.7463149517844934, 0.560958071548898]","[0.0, 0.3636687321938141, 0.7326044616257121]",0.6928773416391389,0.3674995660941093,3.5737576171745946,0.4455674328227842,13.755504322775534,126.49173741730048,0.0236470636019364,0.106739681074052,5.814002482087959,0.32827501987022,0.006497559621789,0.0724902550027554,4.0,"{""overproduction"": 1.4622559050280814, ""waiting"": 0.5240829090586442, ""defects"": 1.7353231571956869, ""inventory"": 0.3028966601492409, ""transport"": 0.6212818337552302, ""motion"": 0.21287618316301762, ""over_processing"": 0.26574841348745704}"
89.29352081811868,1.8356261387848571,5.0901634335304005,0.1818181818181818,0.1764705882352941,0.1875,1.8580698810199687,5.112281548169429,0.1818181818181818,0.1764705882352941,0.1875,2.460161275301238,7.576009868000527,0.1818181818181818,0.1764705882352941,0.1875,2.4640386793669684,7.560440333736019,0.1818181818181818,0.1764705882352941,0.1875,0.6545285061703047,2.291755232067321,0.1363636363636363,0.1176470588235294,0.0625,0.6725389993793123,2.3303484528426464,0.0909090909090909,0.0588235294117647,0.0625,1.740980460538583,6.524134475597527,0.2272727272727272,0.2352941176470588,0.1875,1.7439326625233125,6.528279925808618,0.2272727272727272,0.2352941176470588,0.1875,-0.1392984015915317,0.2311167026746675,0.0454545454545454,0.0,0.0,0.7142857142857143,0.8214285714285714,0.6071428571428571,0.5357142857142857,1.0,1.4210854715202006e-13,9.820217635434416,0.8396222360387425,-0.3091286127442921,0.0,8.405336633754628,1.4037518800013655,-0.1758414990408399,0.0,0.2074781441405256,0.4690053177306114,0.9762222724308072,0.0,-0.0506241143199458,0.4690053177306114,1.005934942177832,0.0,-4.801496152172537,0.9386714185084166,1.9011824432191171,0.1066666666666666,-6.241885498657839,0.5969759833128607,2.9467825018986407,0.3433333333333333,5.193254997166669,0.7651405976145587,-0.3563981948941244,0.0,7.108895096162539,1.6916537581385538,0.0199245866491596,0.0,6.109780051927972,1.1965336219318974,0.1398392135023314,0.01,7.069453579303126,1.7486009168164875,-0.4697392630061915,0.14,6.113459118748271,1.7235650249111147,-0.2557730433160509,0.1566666666666666,6.936450986496682,2.368045601522499,,0.6666666666666666,5.091436314127128,1.1230050652217405,-0.0805354264326775,0.0266666666666666,-1.979398727008384,1.5086787099983567,1.6358542196338506,0.3333333333333333,4.735820649596518,1.3358704038546312,0.1290966387372419,0.2066666666666666,5.955402966458104,1.077502400321555,0.1476648338562821,0.04,2.503212425275439,287,"[1.0, 0.7996385550443613, 0.666341631735514]","[0.0, 2.579408945043695, 4.388976573341367]",0.6463281828278361,0.324692194022283,3.7884043675916494,0.7421204378784014,6.6043017594840805,173.65328618978887,0.2919275930006463,0.6221195495379074,12.178403528493908,0.4441111854115093,0.0102440609122784,0.0824292884170668,4.0,"{""overproduction"": 1.664819408076965, ""waiting"": 0.9560603572658072, ""defects"": 4.125054555949602, ""inventory"": 0.4796274696717072, ""transport"": 1.4643220290036492, ""motion"": 0.41080985086735466, ""over_processing"": 0.16997690265199422}"
84.57008984273982,1.0079878737349417,2.87508223274038,0.1304347826086956,0.05,0.0625,1.0522316086552048,2.8886973901884336,0.1739130434782608,0.1,0.0625,1.482090032107554,4.209823674664228,0.1739130434782608,0.15,0.1875,1.5138072548932675,4.202558063074075,0.1739130434782608,0.15,0.1875,0.2442721188614363,1.224709960314354,0.0869565217391304,0.05,0.0,0.2629385358806921,1.324385819711689,0.0869565217391304,0.05,0.0,0.9676504801210392,3.3077782799337374,0.0434782608695652,0.05,0.0625,1.0461816644843638,3.388528170155219,0.1739130434782608,0.2,0.125,-0.0927191277106307,0.4462820549049934,0.0434782608695652,0.0,0.0,0.6071428571428571,0.5714285714285714,0.6071428571428571,0.4642857142857143,1.0,1.7053025658242404e-13,27.549357061440254,0.3527932249463564,-0.3906729229582988,0.0,22.976049681440436,1.6901371647797,-0.2556202203255628,0.0,18.780048718820662,0.3067919023515956,0.1338851801100362,0.0,18.32518760740895,0.1787653236386633,0.1532462985110268,0.0,16.751617853229007,0.144533592960077,0.150129991634567,0.0133333333333333,16.81994593519322,0.2666386070526259,0.1700864713411499,0.0033333333333333,19.043094937974512,2.0553220066358797,-0.667152278306507,0.0,22.171761510689176,2.1670707157838933,-0.2922934275107038,0.0,20.55789251546314,2.395181610882122,-0.2957355927567243,0.0266666666666666,22.558008966030147,2.496840275903881,-0.2421819510294462,0.0033333333333333,21.367035624247844,2.0088196370145366,-0.1866308476590332,0.0,17.866026867814753,5.829142463009784,-0.5053940416254432,0.02,16.493394309537155,1.4269252798733176,-0.093709062792743,0.12,19.61732896135743,2.2012902281993645,-0.372881627210039,0.1066666666666666,15.46703405682388,0.9973610985661984,-0.0021228145162275,0.1966666666666666,20.08608868811752,2.864111466433039,-0.4641882015737094,0.0266666666666666,2.6237360741829137,288,"[1.0, 0.6736132106990398, 0.3136556262100834]","[0.0, 2.192683312052344, 4.779779667435552]",0.9186246394206824,0.6575908586054507,18.639984422331395,0.8816588430721191,11.293283968328424,165.50251106860782,0.3824075611401445,0.6603238861240908,10.861990155177882,0.6548922631460066,0.0188856300446447,0.1534005154533146,4.0,"{""overproduction"": 1.3334990346091116, ""waiting"": 0.5200242561011401, ""defects"": 3.2501694808957606, ""inventory"": 0.48133984931420104, ""transport"": 1.1875997008732027, ""motion"": 0.20811680575882616, ""over_processing"": 0.25729961436918763}"
114.4197891764484,0.6294639526879217,2.0586475268194797,0.0476190476190476,0.0526315789473684,0.0555555555555555,0.8410177292983078,2.5672375818754087,0.0952380952380952,0.1052631578947368,0.1111111111111111,0.943937310019418,3.1131346256560883,0.0952380952380952,0.1052631578947368,0.1111111111111111,1.2300806188431723,3.5648469424551963,0.0952380952380952,0.1052631578947368,0.1111111111111111,0.0645219390349089,0.7817871879795155,0.0,0.0,0.0,0.0996085315478169,0.8837700435455815,0.0,0.0,0.0,0.6955697396827409,2.38382235114612,0.0476190476190476,0.0526315789473684,0.0555555555555555,0.7631010519632626,2.547848579709134,0.0952380952380952,0.1052631578947368,0.1111111111111111,0.1205730188463696,0.2820983534894427,0.0,0.0,0.0,0.8928571428571429,0.8214285714285714,0.7142857142857143,0.6428571428571429,1.0,1.4210854715202006e-13,35.806507700038416,0.5193698532053719,-0.3083181714114891,0.0,33.925346004256554,0.8427325502321836,-0.2816388578076491,0.0,30.531750947016956,0.0385518144070361,0.1814834591392566,0.0,30.531750947016956,0.0385518144070361,0.1814834591392566,0.0,28.875353159441037,0.6812558677744424,0.0200782788756164,0.08,30.06502511106779,0.2189832563891413,0.1446867550280192,0.0033333333333333,31.00964650150745,2.8527514765869277,-0.8576405191449782,0.0,33.47488892214928,0.9241513411757616,-0.2954045754859922,0.0,33.54311853339939,1.125616956991514,-0.3592765019123419,0.0,33.56743905541383,1.1427883173532154,-0.4301179735333113,0.0,33.38728569777285,1.435269736834821,-0.4908768796950504,0.0,33.04273494823383,1.7936609740232543,-0.673191385462222,0.0,25.506219374247884,1.343442226806124,-0.3650783518445223,0.0966666666666666,29.698853446141516,1.1689031625762198,-0.3659467537385717,0.0,30.188010595487604,0.464305261941951,0.002526074337337,0.0366666666666666,33.742373548205826,1.242842848831966,-0.5018700197866107,0.0,3.0641944762754543,289,"[1.0, 0.8485501887279454, 0.23210336889028133]","[0.0, 6.139853515190234, 12.720523823906483]",0.4842801886946674,0.808306684552233,24.746121360566335,0.8678753928969194,10.215656500803544,196.68800748639637,0.3978275910243764,0.707657444891678,14.259316191022698,0.3622990735879063,0.0158335097726756,0.2930183705015932,4.0,"{""overproduction"": 1.6039074148333714, ""waiting"": 0.9661422808845826, ""defects"": 3.2541395224428253, ""inventory"": 0.29410724739907285, ""transport"": 0.6393233635270584, ""motion"": 0.29640438115923895, ""over_processing"": 0.4007544609954266}"
93.819749235166,0.5985017475898439,1.5221317760902435,0.0454545454545454,0.0,0.0,0.893251150541181,1.9242450198108716,0.0909090909090909,0.1052631578947368,0.1111111111111111,0.7706149347815865,2.179829296577998,0.0909090909090909,0.0526315789473684,0.0555555555555555,1.092443886405389,2.5738988229725943,0.1363636363636363,0.1052631578947368,0.1111111111111111,0.0360588367186388,0.5751433803377793,0.0,0.0,0.0,0.1233271315447986,0.6118849511569068,0.0,0.0,0.0,0.4905767748148043,1.7113812027830158,0.0454545454545454,0.0526315789473684,0.0555555555555555,0.6694752013243958,1.9228512517496967,0.0454545454545454,0.0526315789473684,0.0555555555555555,0.0537072003069885,0.2018581649010472,0.0,0.0,0.0,0.8928571428571429,0.8571428571428571,0.7142857142857143,0.6428571428571429,1.0,1.4210854715202006e-13,22.65423540713223,0.4913965787124499,-0.6731728887438307,0.0,20.52111198406621,1.553768955901299,-0.6023799494745108,0.0,15.232405107145912,1.2225488011304573,-0.1158833787674885,0.0,9.900817832435743,1.1289830722789242,0.2702002658419834,0.0,9.468012101782028,0.502477009306907,0.3081921719785714,0.0,13.599529719986704,1.2856489632355987,0.0033654639431741,0.0033333333333333,16.950321077062686,5.11174984947848,-0.3196196492629325,0.0,20.06347780628159,2.460779568490955,-0.5745951769994765,0.0,17.457376453940032,4.3742548275269,-0.3965909085759945,0.0,19.419563179631755,2.900599700842262,-0.5590196326821786,0.0,19.296644327292096,2.9818438432540484,-0.5479428939288035,0.0,18.44844900575894,3.89237980173594,-0.4686952419387528,0.0,19.23914103810483,1.7074072312293307,-0.5065329712440604,0.0466666666666666,20.258210414622305,2.3217880913795472,-0.537646615669156,0.0,15.604424606524915,1.1969808556687678,-0.64092827674327,0.1066666666666666,16.742799967304375,4.642635493050874,-0.3571579130308492,0.0,3.831996636648132,290,"[1.0, 0.6980004773493935, 0.3331406064569762]","[0.0, 3.2910951501642134, 8.642983065779244]",0.5473295991398295,0.9037098894482992,10.696384725197833,0.8983007269564902,11.542473959879697,590.6941794518615,0.2573716319532828,0.8608658615699664,7.590227742021359,0.4795791050379264,0.0103977956498171,0.2642021236143309,4.0,"{""overproduction"": 1.1770531040985224, ""waiting"": 0.457069854445156, ""defects"": 5.441658334955468, ""inventory"": 0.5105740416348924, ""transport"": 1.3067314327006134, ""motion"": 0.3439767710186817, ""over_processing"": 0.469540774112971}"
48.861948123648,0.4409827833478526,1.1845457357440552,0.0714285714285714,0.0,0.0,0.397802290112399,1.1815670431847989,0.0714285714285714,0.0,0.0,0.5576346807300112,1.8386082900770668,0.0714285714285714,0.0,0.0,0.5515536283955005,1.7658663443390232,0.0714285714285714,0.0,0.0,0.0649905255055879,0.3987585304046446,0.0714285714285714,0.0909090909090909,0.0,0.0200352769411844,0.4763234327386207,0.0714285714285714,0.0909090909090909,0.0,0.3830709068936273,1.464521681107353,0.0714285714285714,0.0,0.0,0.4145052514485999,1.4812361345891247,0.0714285714285714,0.0,0.0,-0.0006968230930045,0.1143326181234995,0.0,0.0,0.0,0.9285714285714286,0.75,0.7857142857142857,0.7142857142857143,1.0,7.105427357601003e-14,20.589909150050826,0.4903614517191518,0.1594295676207038,0.0,20.30187019703782,0.510938172903432,0.1949778677683155,0.0,20.33997589174172,0.4833533786177715,0.2026532474231689,0.0,17.73417142713103,0.4150406215856232,0.2994466307244113,0.0,3.2729014406715544,0.3464065522447352,0.8382482725505899,0.0666666666666666,16.29754554502007,0.5130155167639491,0.3450780764286479,0.0,20.33997589174172,0.4833533786177715,0.2026532474231689,0.0,20.10930006473936,0.5245032372057377,0.2003146499354441,0.0,20.141510093346565,0.5091983999151913,0.1930191465651113,0.0,19.72602410183812,0.5594257690293,0.1638365526068493,0.0,19.774535055521547,0.5472200269082323,0.1698306291158023,0.0,15.228190403887986,1.0751899137726102,-0.0178714998185231,0.0066666666666666,5.86726405177622,0.8216982800586023,0.2668534461092989,0.4366666666666666,18.517619977664467,0.6115367620567848,0.2102032242344676,0.0466666666666666,13.858649943123542,0.5880237606905854,0.2022967489516075,0.1233333333333333,20.1101722669216,0.4976984914086104,0.1965177355677362,0.0,1.936862014641563,291,"[1.0, 0.6652491018062464, 0.47902822401800604]","[0.0, 0.24634337711046309, 0.5518890228403489]",0.5922526415693198,0.1447260903385586,20.60641081519961,0.547067867170973,0.5038099486226472,178.06023121558158,0.381855565236664,0.2376477760822142,7.61483659781582,0.3474916995079742,0.0072877312247862,0.2544078597240203,4.0,"{""overproduction"": 0.9534888425904683, ""waiting"": 0.4648440643993089, ""defects"": 1.9150667500736314, ""inventory"": 0.20960400481880584, ""transport"": 0.5938251537639169, ""motion"": 0.22720148981164, ""over_processing"": 0.25562437266340127}"
94.37639182609652,1.318604765793096,3.4853348221520184,0.1363636363636363,0.1428571428571428,0.1764705882352941,1.464169596730099,3.647320820849877,0.1363636363636363,0.1428571428571428,0.1764705882352941,1.9489871172910076,5.715692769255331,0.1363636363636363,0.1428571428571428,0.1764705882352941,2.1271132176955176,5.882876859404993,0.1363636363636363,0.1428571428571428,0.1764705882352941,0.408645457503422,1.5267198532720434,0.0,0.0,0.0,0.5282220863460714,1.5521729507450008,0.0,0.0,0.0,1.4580269239742367,4.9244216027208125,0.1363636363636363,0.1428571428571428,0.1764705882352941,1.5829381287307829,4.947423111462816,0.1363636363636363,0.1428571428571428,0.1764705882352941,0.0241030389276305,0.4896748786575899,0.0,0.0,0.0,0.7857142857142857,0.75,0.5357142857142857,0.4642857142857143,1.0,2.557953848736361e-13,19.116162864404902,1.3517082664291735,-0.5577457066066251,0.0,16.40192390925312,2.047523569228075,-0.4801909493344788,0.0,11.204730004263467,1.1657746357551777,0.1122444235001731,0.0,10.14315565314594,1.1226023578858009,0.1834839743530236,0.0,7.28380218719226,2.7451991607280646,0.1555582970193557,0.0233333333333333,10.6870587349395,1.148380683952973,0.096994382829186,0.03,15.834002518344343,1.8938861446214863,-0.788696793018584,0.0,16.285924227150637,2.023298931704259,-0.3634048637538457,0.0,15.943320383026643,2.3877287587188856,-0.4733549301654109,0.0,14.776227937111711,3.147282410050945,-0.1794666732731384,0.0033333333333333,15.078642585070636,3.0136639242782777,-0.2503230908895865,0.01,7.205476100056654,7.889655304359555,0.3550700202255067,0.05,15.808835948533872,2.6496675068577127,-0.590112104378235,0.0133333333333333,15.741901952224117,2.2990780517000875,-0.7317423422534686,0.0333333333333333,12.66685459209645,1.3753086632055669,-0.4528921140063877,0.1566666666666666,14.626974173131233,2.674323717747647,-0.3248768496530972,0.01,2.672767237086088,292,"[1.0, 0.6246033993097594, 0.5164297718464077]","[0.0, 6.673412762053389, 14.208824568801665]",0.394281888626752,0.6667856265642422,11.93868345326892,0.4463345387038715,7.344304720815021,522.3158120757167,0.2642596359164041,0.6064190433451798,3.204443177255957,0.6424417343220599,0.0096157794049411,0.1054836703360322,4.0,"{""overproduction"": 0.6552720602746115, ""waiting"": 0.6971454567161514, ""defects"": 4.201192626288206, ""inventory"": 0.7751672399181851, ""transport"": 1.2804011634213888, ""motion"": 0.1756696742832789, ""over_processing"": 0.4323952671824661}"
64.68298914431402,0.6398339677898246,1.470390754874748,0.0,0.0,0.0,0.7100815474984987,1.561592710695176,0.0909090909090909,0.0555555555555555,0.0666666666666666,0.9030807828278224,2.291798477336316,0.1818181818181818,0.1666666666666666,0.2,0.9292987773777625,2.249072279873455,0.0909090909090909,0.0555555555555555,0.0666666666666666,0.1607321215149223,0.6381135775069325,0.0,0.0,0.0,0.1579879432657009,0.649155212370269,0.0,0.0,0.0,0.5230466240775474,1.6877797951780096,0.0,0.0,0.0,0.5676062113875603,1.7824367121221858,0.1363636363636363,0.1111111111111111,0.0666666666666666,-0.0656643746168003,0.192754745015836,0.0,0.0,0.0,0.8928571428571429,0.7142857142857143,0.6785714285714286,0.5357142857142857,1.0,1.5631940186722204e-13,16.9797262286582,0.1810337543781107,-0.555377694263145,0.0,14.31981016934625,0.6740234410023376,-0.3643264660317571,0.0,11.501990573924948,1.2024799522217915,-0.0052818701682498,0.0,10.795473183545552,1.674035330195308,-0.0315415604595941,0.0066666666666666,9.025403769669468,2.555198144366789,0.0164934233835412,0.0,10.999078178591542,1.4550541555886851,-0.1242065048044549,0.0,12.346480650382627,0.8592621816359143,-0.1616183337310055,0.0,13.213670138946275,0.462466833357689,-0.2094472374467428,0.0033333333333333,13.142284759162775,1.0095169160793211,-0.2604882062173947,0.01,12.305051637529244,1.778881239428061,-0.4815184697294065,0.04,11.72212039637458,2.1427636525743727,-0.3150628459925776,0.0066666666666666,8.087013140155825,3.873798314319243,-1.5790978345850497,0.22,8.323963174999575,0.6438387074950391,-0.1160623571033665,0.32,11.387402671769232,0.2513440413831036,0.0110291663948972,0.0333333333333333,7.536421493424936,0.3924508911131018,0.2213295340336369,0.1733333333333333,13.361249974821208,0.7233117614748852,-0.2776963920227131,0.0266666666666666,1.9584639930323309,293,"[1.0, 0.5269878973263785, 0.27472489391873306]","[0.0, 1.9146526541101008, 5.512592228131346]",0.6162072521102852,0.3078751718812038,19.813055064769177,0.8009570476562153,11.815221721149593,20.311504127951924,0.0408532851448891,0.4857786213078572,5.374838982706584,0.5446045944046038,0.0139748639779525,0.192003008898256,4.0,"{""overproduction"": 1.1018887022936295, ""waiting"": 0.3469911171414595, ""defects"": 3.508660933977234, ""inventory"": 0.25291568788557156, ""transport"": 0.7463269110749047, ""motion"": 0.49395305570859205, ""over_processing"": 0.3111671931414564}"
83.19713340550406,0.9172294662061544,2.647369714319568,0.1052631578947368,0.1111111111111111,0.1428571428571428,0.9157304180401896,2.662640685866576,0.1052631578947368,0.1111111111111111,0.1428571428571428,1.2002137148974366,3.833827932461699,0.1578947368421052,0.1666666666666666,0.2142857142857142,1.2565305352398946,3.870006300821152,0.1578947368421052,0.1666666666666666,0.2142857142857142,0.4215948244228265,1.60188069596419,0.0526315789473684,0.0,0.0,0.3843992644964812,1.6240478593616166,0.0526315789473684,0.0,0.0,1.031997095860992,3.4840407114102208,0.1578947368421052,0.1666666666666666,0.1428571428571428,1.0638485784269744,3.5179709822357155,0.1578947368421052,0.1666666666666666,0.1428571428571428,-0.0163135672200089,0.221505916578153,0.0,0.0,0.0,0.6428571428571429,0.6071428571428571,0.5714285714285714,0.5,0.9642857142857144,1.8474111129762605e-13,24.14508875882153,0.2262890499563764,-0.3221929667964316,0.0,20.727988401587773,0.6386831688300043,-0.1384100650071309,0.0066666666666666,17.341052553563003,0.0525491600055039,0.3149004591073051,0.0,7.669127006534008,0.1189854132673519,0.6866605510162637,0.0,9.627709775450636,0.1919169926151077,0.5704136053262314,0.0133333333333333,14.15177888655281,0.1349122683563454,0.4397434716793732,0.0033333333333333,17.18527295490501,0.0195305663202952,0.3297596779464235,0.0,19.813319411814277,1.122292293035177,-0.2414918625906353,0.0033333333333333,19.680327612442124,1.1184195375984205,-0.0951160691168237,0.0133333333333333,20.609795458171057,1.0425757557420046,-0.4082806992436626,0.0166666666666666,20.53432272872408,1.1441824292844156,-0.4280693441366817,0.0166666666666666,14.982322116548223,4.481395208603368,-1.0916452389029885,0.0966666666666666,18.06542675240736,1.6682627347642145,-0.2882999918098745,0.01,19.52763268690958,1.758615770564535,-0.4186129235698656,0.02,16.09750399035575,0.2706676128122655,0.0767395875644425,0.1266666666666666,19.69040160649414,1.0590603857599636,-0.115678133359619,0.0466666666666666,2.4381028861403227,294,"[1.0, 0.5953364793373145, 0.22198381908009546]","[0.0, 2.517392388764541, 4.911758413592548]",0.550221613340144,0.3495762205549931,20.52709110011969,0.5724134430849706,0.2109645842060592,327.86935053462986,0.3724224890957008,0.5032877067445002,0.7393811566856673,0.5985536057930737,0.0142880247389777,0.0836888402576372,4.0,"{""overproduction"": 2.2034246793493035, ""waiting"": 0.6150140891170868, ""defects"": 1.9394962672215865, ""inventory"": 0.5427319274538647, ""transport"": 0.9287605964242092, ""motion"": 0.16627220477116963, ""over_processing"": 0.5806805651160278}"
63.463802529716304,0.511530572480715,1.653756964809896,0.1739130434782608,0.15,0.25,0.5680749322841324,1.7266879290849286,0.1739130434782608,0.2,0.25,0.6451368657707425,2.2629292567464225,0.1739130434782608,0.2,0.25,0.6943550419309261,2.334262216001381,0.1739130434782608,0.2,0.25,0.1559744714638607,0.5354525405123292,0.0,0.0,0.0,0.2396049340320175,0.5815868056966946,0.0,0.0,0.0,0.4078308124446438,1.6476525612143602,0.1739130434782608,0.2,0.25,0.4679043783809569,1.701368567647542,0.1739130434782608,0.2,0.25,0.0208115076587172,0.1894932762301405,0.0,0.0,0.0,0.7857142857142857,0.7857142857142857,0.6071428571428571,0.5,1.0,8.526512829121202e-14,17.329229099954915,1.4774425963952678,-0.243615118765026,0.0,14.11416824881154,2.678471261507746,-0.0617421455107118,0.0133333333333333,6.267364233391031,2.631751245972689,-0.0634443881554794,0.0066666666666666,7.436172429693409,2.8840382010639565,-0.2217410819286134,0.01,2.4462325395169997,2.218610955175999,0.5894448423299862,0.0166666666666666,4.684417727392612,2.5330083324567805,0.3081998248487711,0.0166666666666666,11.932326624915722,4.26620016632448,0.0299769698199548,0.07,12.243669553153886,3.773593012730644,0.0174943237131438,0.0566666666666666,11.59778190603829,4.345059235646652,0.1215134576329231,0.03,10.34957788980624,3.6531241617585457,0.1274028762246931,0.0666666666666666,10.391720623953226,3.706428646259066,0.1069985609445033,0.0333333333333333,10.647791868667085,4.26620016632448,0.1256238079670472,0.04,9.340379961590488,3.723075357937304,0.0740429910906315,0.1666666666666666,10.272410096744936,4.254153047237485,0.1225481175117792,0.1066666666666666,9.055217307808697,2.340571490227603,0.0062771725654692,0.2733333333333333,11.327012535866356,3.757022173761969,0.0603636687177303,0.0633333333333333,3.5518770889436384,295,"[1.0, 0.7903296630113097, 0.6653786339852908]","[0.0, 6.640960057993871, 11.546895306372003]",0.2191087821672836,0.2933795510762808,12.80124151435373,0.7440582723372211,5.576142956388136,503.92875463287953,0.0443840784877759,0.6403408535156437,2.798856130998058,0.4947753134203665,0.0196782301371899,0.1140351987658587,4.0,"{""overproduction"": 1.502056183306548, ""waiting"": 0.24070608874314597, ""defects"": 1.985414612051731, ""inventory"": 0.40221177673881175, ""transport"": 1.7783083746593462, ""motion"": 0.3468768015630458, ""over_processing"": 0.2979084218615503}"
85.47520202848942,1.4279350855724446,3.594604498689485,0.0666666666666666,0.0666666666666666,0.0833333333333333,1.4775962919489305,3.723216783455576,0.0666666666666666,0.0666666666666666,0.0833333333333333,1.9005776628011355,5.289885156441908,0.1333333333333333,0.1333333333333333,0.1666666666666666,1.9812698728260736,5.479848893911939,0.1333333333333333,0.1333333333333333,0.1666666666666666,0.2997434519359797,1.2818290448426104,0.0,0.0,0.0,0.3128836848920142,1.3839521400477413,0.0,0.0,0.0,1.1244604025091252,3.951194741179612,0.1333333333333333,0.1333333333333333,0.0833333333333333,1.357656587766834,4.212663991325357,0.1333333333333333,0.1333333333333333,0.0833333333333333,-0.1058702251503317,0.5209616041867309,0.0,0.0,0.0,0.8571428571428571,0.75,0.6428571428571429,0.5,0.9642857142857144,1.5631940186722204e-13,18.89594253057085,0.226185795017198,-0.1085718660418875,0.0,17.164610592352524,0.4217046841991043,0.0556813888179827,0.0,6.820362644423112,0.190122460779987,0.7041191222711145,0.0,6.5457715841787065,0.192822236044247,0.7140415736081546,0.0,-1.1744215102802265,0.4768264379372262,1.066558188025517,0.0166666666666666,6.383164671818794,0.2760888084992373,0.7191735516647455,0.0,8.15201837684727,0.5339099328444857,0.4649701615365474,0.01,16.02677290358546,0.3642950168970863,0.1038626465650946,0.0033333333333333,16.33553170470005,0.292186784118267,0.0718427317309383,0.0033333333333333,16.737410867827727,0.5866969906149551,-0.0364647545292964,0.0,16.606633716128542,0.5664809468093929,-0.0268931854586057,0.0,15.284829495525251,1.2144844399527148,-0.2835610593067252,0.0633333333333333,8.292608099025996,0.4235710317901843,0.252415686599384,0.33,15.232080680668332,0.3428674201437686,0.1026673762732959,0.03,10.442112654665356,0.5870733209498669,0.2899124527489866,0.1033333333333333,14.747330949302569,0.7652100604952486,0.1415591704512045,0.0066666666666666,1.411495631858956,296,"[1.0, 0.5160351489982306, 0.3787165822263927]","[0.0, 5.3675208440106745, 13.960578200855402]",0.0112127697045069,0.0198912564543048,18.288716545644,0.5344343409138732,1.5065480291162632,161.8673016719948,0.1177186540168367,0.9502940658375968,12.420038882139943,0.5210131229198386,0.0158798068328348,0.282124355941468,4.0,"{""overproduction"": 1.630870736076951, ""waiting"": 0.844020305290972, ""defects"": 5.989295481802148, ""inventory"": 0.2601331967451897, ""transport"": 0.5404132569824731, ""motion"": 0.22461454784124982, ""over_processing"": 0.3497583516992131}"
70.21756047874082,0.6771792083944461,2.2902348976821525,0.1363636363636363,0.15,0.125,0.8111624064189739,2.401464623688357,0.1363636363636363,0.15,0.125,0.7954471853316482,2.9877771228873025,0.1363636363636363,0.15,0.125,0.9407884106101192,3.182755242731192,0.1363636363636363,0.15,0.125,0.2730022881299671,1.1832584406755402,0.0454545454545454,0.05,0.0,0.365058872000032,1.146776841797394,0.0454545454545454,0.05,0.0,0.6783260515294585,2.358505226149916,0.1363636363636363,0.15,0.125,0.8433947100342891,2.569292805510984,0.1363636363636363,0.15,0.125,0.0848116805296207,0.3170503195811778,0.0,0.0,0.0,0.6785714285714286,0.75,0.4642857142857143,0.5714285714285714,1.0,1.7053025658242404e-13,23.076147174897603,1.1078791559236096,-1.0346736034526829,0.0,18.933242257482792,3.1103425494829784,-0.6975819541507353,0.0,10.250094230982016,2.3336909455548778,-0.3689719251639544,0.0133333333333333,4.258153680630084,2.074703986640709,0.4970006688344098,0.02,8.40215312048468,2.1607429230578057,-0.0558236244129558,0.0366666666666666,6.778470476581338,1.5646449207375774,0.0984268660122879,0.0933333333333333,15.680358635024293,6.373886103613349,-0.3458019568203844,0.0,17.540701843928662,2.6909241207030186,-0.556194875473316,0.0,17.95071129771088,3.794982657031736,-0.6336025795041526,0.0066666666666666,15.142619930746074,4.1528537030048,-0.4593172147774326,0.01,12.887696797136508,3.868413199416794,-0.341515420399664,0.0266666666666666,15.272886174369136,5.6414377979103785,-0.4042181126340326,0.0066666666666666,9.6069463140575,2.1401704963794748,-0.3613729093367074,0.3133333333333333,14.236301826621856,3.3566304149429427,-0.4828102920823717,0.0833333333333333,10.24707386267568,1.830000855912844,-0.2595620038462588,0.2033333333333333,17.8940726737384,3.803313518330457,-0.6211651425975925,0.0066666666666666,3.58577068506862,297,"[1.0, 0.6558597301366677, 0.41055527115410884]","[0.0, 6.246227280802523, 12.365557314077478]",1.1180179058758872,0.5558873830503467,13.05288778438155,0.3656226005907009,10.74301552554726,645.008151480382,0.0770567226501804,0.2013474840763153,7.135247834570172,0.6498721268536696,0.0188775302034233,0.2605093753373324,4.0,"{""overproduction"": 1.1122150018315093, ""waiting"": 0.3349851546204145, ""defects"": 1.744551565371487, ""inventory"": 0.29778438446871053, ""transport"": 0.8104469825629158, ""motion"": 0.47237485180046757, ""over_processing"": 0.416682709960674}"
59.982570350673726,0.3753420079964029,1.4309817578221606,0.0,0.0,0.0,0.4232213909279667,1.5212710306482191,0.0,0.0,0.0,0.7006309678262329,2.420494043065509,0.2142857142857142,0.2307692307692307,0.3,0.7177020854660773,2.456647787871257,0.2142857142857142,0.2307692307692307,0.3,-0.0079602185206075,0.3742652484205312,0.0,0.0,0.0,-0.0642963271830882,0.5447331134912472,0.0,0.0,0.0,0.5917904641593948,2.0871025374440904,0.2142857142857142,0.1538461538461538,0.2,0.6448676833061734,2.184904437100095,0.2857142857142857,0.2307692307692307,0.3,0.0738839801471983,0.2804810193467942,0.0,0.0,0.0,0.8214285714285714,0.7142857142857143,0.6428571428571429,0.5714285714285714,1.0,2.273736754432321e-13,8.86300841970899,1.7242407012835037,0.2283090230179432,0.0,8.573718588964,1.7143405725918752,0.2725705215329483,0.0,8.566897140512316,1.7119286657896668,0.2773445652318752,0.0,6.774634956202712,2.1203449023764924,0.3520620914903695,0.0133333333333333,-1.4393292238023727,1.7987184235341358,1.2362619437678073,0.1966666666666666,0.9573033280062356,2.6617469787047723,0.8435933927287529,0.2266666666666666,8.577005390935355,1.711273146608732,0.2166304959698116,0.0566666666666666,4.8600213129834025,2.113978173516275,0.2801636904864929,0.1333333333333333,3.7845319274929055,2.49291886735852,0.3897380125334069,0.1866666666666666,4.679437381346355,2.030942781931591,0.2485819597532184,0.34,4.168655878221382,2.0306220822270755,0.2672102954184105,0.29,-2.662696623596029,4.373845481912659,,0.57,3.4213423573134465,1.9471569522086312,0.536785214813647,0.1666666666666666,2.0406702322118835,3.343330773607788,0.6180371911569464,0.2566666666666666,4.626725660407586,2.0757003953137514,0.2672062534302215,0.15,5.026887764751844,2.249800453612819,0.2582190913502175,0.1433333333333333,2.2663574679292235,298,"[1.0, 0.7767173064664759, 0.548670595001724]","[0.0, 0.05577189649127268, 0.11928397651510825]",0.3835403790312184,0.1792952590436254,5.903540450698946,0.7607706146247089,13.926935564744374,606.6162196203679,0.3087033470570056,0.6480464741563526,0.5081967193305792,0.5057951395447666,0.0119795646348869,0.2288469726312413,4.0,"{""overproduction"": 1.4107187939458876, ""waiting"": 0.46315682521818174, ""defects"": 2.342523098923328, ""inventory"": 0.26131262769144536, ""transport"": 1.0208659699897582, ""motion"": 0.26714809375311205, ""over_processing"": 0.3867912591327517}"
70.3651809072336,0.5866237926481085,1.4802922942895678,0.0,0.0,0.0,0.6089905482251441,1.5663618810242252,0.0,0.0,0.0,0.6802043649190495,1.9429716397560703,0.0952380952380952,0.0952380952380952,0.1176470588235294,0.7457509632113754,2.05427331272163,0.0952380952380952,0.0952380952380952,0.1176470588235294,0.1906289756122609,0.6295433646324217,0.0,0.0,0.0,0.1749808905516813,0.613815324231277,0.0476190476190476,0.0476190476190476,0.0,0.4888357411845995,1.6822334596944268,0.0476190476190476,0.0476190476190476,0.0,0.4882964300082615,1.7176362230536313,0.0476190476190476,0.0476190476190476,0.0,0.0650802350976841,0.2612618939098602,0.0,0.0,0.0,0.7142857142857143,0.6785714285714286,0.5714285714285714,0.5357142857142857,0.8928571428571429,7.105427357601003e-14,31.318370895524883,0.7173883084113493,-0.9487083355043068,0.0,29.68146788070561,1.7450518542433224,-0.9307733797204456,0.0,5.637078840596044,0.9723176276716926,0.5319659478141668,0.0,6.647484553246449,0.8298974959563937,0.4534480041482051,0.0,11.299787485955946,0.9602903348014084,0.0680829903208582,0.0,7.685838637149528,0.7333562325447237,0.3655072716545177,0.0,27.433581012628068,3.2457747279336107,-0.8690625424759931,0.0133333333333333,29.052422932970696,2.0902822624024013,-0.9174538423687248,0.0033333333333333,29.62340838788837,1.5526259670363776,-0.9296121708449342,0.0,27.707968949726578,3.0965259959479448,-0.8566950984526083,0.0,27.35401921900528,3.080879075492763,-0.899152485629835,0.0,27.433581012628068,3.2457747279336107,-0.9174703289714458,0.0,28.09370822611256,2.254557620790492,-0.970833884920682,0.01,28.52790879331522,1.4475844948406398,-0.9267481201079538,0.0,13.17982415238913,0.7102886458763521,-0.481216959589274,0.2933333333333333,29.43839199206901,1.6311668617468038,-0.9380986931975578,0.0,4.049142845538174,299,"[1.0, 0.4664993695254583, 0.36307338377798026]","[0.0, 7.342678960742626, 12.663858220318719]",0.8804163414702683,0.4814464526627541,19.91473048636307,0.8989745907853561,11.530538438747216,20.45643472318513,0.1753611974155289,0.9201617584805856,5.030151698965789,0.3212666546279801,0.0140377537756787,0.0503384737174665,4.0,"{""overproduction"": 1.5979185131577864, ""waiting"": 0.34400489441575577, ""defects"": 3.628506221595193, ""inventory"": 0.31798556964125396, ""transport"": 0.39674902612296126, ""motion"": 0.18295930380106337, ""over_processing"": 0.3516229732562594}"
