rep,c,design,scenario,p,est,truth,n_units,weeks
0,0.5,daily,alt,0.013997200559888023,-5.595573828093937,-9.69760851614302,12,12
0,0.5,daily,sharp,0.9212157568486303,0.1650585905713354,-9.69760851614302,12,12
0,0.5,daily,weak,0.6142771445710857,1.0153755861810396,-9.69760851614302,12,12
0,0.5,daily,weak_skew,0.8884223155368927,-0.36702074002588364,-9.69760851614302,12,12
0,0.5,two_day,alt,0.15869140625,-6.527149887970158,-9.69760851614302,12,12
0,0.5,two_day,sharp,0.5810546875,2.706849190962366,-9.69760851614302,12,12
0,0.5,two_day,weak,0.41650390625,3.372008019164411,-9.69760851614302,12,12
0,0.5,two_day,weak_skew,0.71923828125,1.3174660359442811,-9.69760851614302,12,12
0,0.5,four_day,alt,0.0625,-11.45625807549507,-9.69760851614302,6,12
0,0.5,four_day,sharp,0.84375,-0.5655293353358672,-9.69760851614302,6,12
0,0.5,four_day,weak,0.625,-1.7832005775139628,-9.69760851614302,6,12
0,0.5,four_day,weak_skew,0.28125,-5.364274012292449,-9.69760851614302,6,12
1,0.5,daily,alt,0.03999200159968006,-7.23566849885555,-7.7902527640765555,12,12
1,0.5,daily,sharp,0.8970205958808238,-0.3284820516703177,-7.7902527640765555,12,12
1,0.5,daily,weak,0.6544691061787642,-1.5354257137580483,-7.7902527640765555,12,12
1,0.5,daily,weak_skew,0.5002999400119976,-1.5256298854635955,-7.7902527640765555,12,12
1,0.5,two_day,alt,0.00048828125,-8.200640865685555,-7.7902527640765555,12,12
1,0.5,two_day,sharp,0.98193359375,-0.0429548078882771,-7.7902527640765555,12,12
1,0.5,two_day,weak,0.7734375,0.7920484891140896,-7.7902527640765555,12,12
1,0.5,two_day,weak_skew,0.40625,2.7895340608963513,-7.7902527640765555,12,12
1,0.5,four_day,alt,0.625,-2.3436254026373384,-7.7902527640765555,6,12
1,0.5,four_day,sharp,0.28125,3.722443553907914,-7.7902527640765555,6,12
1,0.5,four_day,weak,0.84375,-1.2207336233722152,-7.7902527640765555,6,12
1,0.5,four_day,weak_skew,0.65625,2.245962937608583,-7.7902527640765555,6,12
2,0.5,daily,alt,0.004199160167966407,-7.152324928581167,-7.780530728053698,12,12
2,0.5,daily,sharp,0.74625074985003,-0.5638540857631877,-7.780530728053698,12,12
2,0.5,daily,weak,0.43331333733253347,-1.9205975898079277,-7.780530728053698,12,12
2,0.5,daily,weak_skew,0.5836832633473306,2.7913232639558037,-7.780530728053698,12,12
2,0.5,two_day,alt,0.02099609375,-9.009721004600854,-7.780530728053698,12,12
2,0.5,two_day,sharp,0.43359375,-2.2639129548036627,-7.780530728053698,12,12
2,0.5,two_day,weak,0.09814453125,-5.4778784774984866,-7.780530728053698,12,12
2,0.5,two_day,weak_skew,0.09814453125,-5.6465556287922665,-7.780530728053698,12,12
2,0.5,four_day,alt,0.375,-4.86872315592364,-7.780530728053698,6,12
2,0.5,four_day,sharp,0.65625,1.6302514496542635,-7.780530728053698,6,12
2,0.5,four_day,weak,0.625,1.7577223670973072,-7.780530728053698,6,12
2,0.5,four_day,weak_skew,0.8125,-1.0838015761457054,-7.780530728053698,6,12
3,0.5,daily,alt,0.7040591881623676,5.752035934946808,-3.4180996246886366,12,12
3,0.5,daily,sharp,0.7320535892821436,1.0187077903615307,-3.4180996246886366,12,12
3,0.5,daily,weak,0.31593681263747253,2.9345393588543125,-3.4180996246886366,12,12
3,0.5,daily,weak_skew,0.6918616276744651,1.0051776270424633,-3.4180996246886366,12,12
3,0.5,two_day,alt,0.7646484375,-2.3895319957372467,-3.4180996246886366,12,12
3,0.5,two_day,sharp,0.68017578125,-1.618003621518037,-3.4180996246886366,12,12
3,0.5,two_day,weak,0.28369140625,-4.09488227746814,-3.4180996246886366,12,12
3,0.5,two_day,weak_skew,0.7470703125,2.1130403126402997,-3.4180996246886366,12,12
3,0.5,four_day,alt,0.78125,-5.116743215787807,-3.4180996246886366,6,12
3,0.5,four_day,sharp,0.53125,-3.815842952481759,-3.4180996246886366,6,12
3,0.5,four_day,weak,0.53125,-5.290606838399963,-3.4180996246886366,6,12
3,0.5,four_day,weak_skew,0.28125,-7.5453222879635335,-3.4180996246886366,6,12
4,0.5,daily,alt,0.0013997200559888023,-9.89950120129377,-10.388407628742499,12,12
4,0.5,daily,sharp,0.4901019796040792,-1.3878453704466842,-10.388407628742499,12,12
4,0.5,daily,weak,0.8488302339532093,-0.47974594500755074,-10.388407628742499,12,12
4,0.5,daily,weak_skew,0.16296740651869626,-3.3571649955551397,-10.388407628742499,12,12
4,0.5,two_day,alt,0.13330078125,-5.9099875783657145,-10.388407628742499,12,12
4,0.5,two_day,sharp,0.66552734375,1.3410647165844463,-10.388407628742499,12,12
4,0.5,two_day,weak,0.779296875,1.1794152681260563,-10.388407628742499,12,12
4,0.5,two_day,weak_skew,0.8779296875,0.54863390657994,-10.388407628742499,12,12
4,0.5,four_day,alt,0.09375,-9.596271418676283,-10.388407628742499,6,12
4,0.5,four_day,sharp,0.25,2.6054268541618533,-10.388407628742499,6,12
4,0.5,four_day,weak,0.5625,4.546474449639337,-10.388407628742499,6,12
4,0.5,four_day,weak_skew,0.6875,1.5408722238580796,-10.388407628742499,6,12
5,0.5,daily,alt,0.10697860427914417,-4.443362146233624,-10.059131869560545,12,12
5,0.5,daily,sharp,0.29414117176564686,1.7054269119025431,-10.059131869560545,12,12
5,0.5,daily,weak,0.12577484503099381,3.565719725581685,-10.059131869560545,12,12
5,0.5,daily,weak_skew,0.9142171565686863,-0.2765566627147103,-10.059131869560545,12,12
5,0.5,two_day,alt,0.00244140625,-14.868052760193224,-10.059131869560545,12,12
5,0.5,two_day,sharp,0.14501953125,-3.9268623799265967,-10.059131869560545,12,12
5,0.5,two_day,weak,0.21435546875,-5.1819794185134995,-10.059131869560545,12,12
5,0.5,two_day,weak_skew,0.00634765625,-7.074004280080691,-10.059131869560545,12,12
5,0.5,four_day,alt,0.125,-8.153019071704778,-10.059131869560545,6,12
5,0.5,four_day,sharp,1.0,0.3097018214572624,-10.059131869560545,6,12
5,0.5,four_day,weak,0.59375,-2.3807693342944645,-10.059131869560545,6,12
5,0.5,four_day,weak_skew,0.09375,5.206373330814871,-10.059131869560545,6,12
6,0.5,daily,alt,0.0003999200159968006,-11.026764307890021,-9.393366699634896,12,12
6,0.5,daily,sharp,0.038992201559688064,-3.6002406205606667,-9.393366699634896,12,12
6,0.5,daily,weak,0.11117776444711058,-4.274416766818992,-9.393366699634896,12,12
6,0.5,daily,weak_skew,0.01919616076784643,-6.079768350703216,-9.393366699634896,12,12
6,0.5,two_day,alt,0.0048828125,-8.90300668383982,-9.393366699634896,12,12
6,0.5,two_day,sharp,0.61962890625,0.9491312403581945,-9.393366699634896,12,12
6,0.5,two_day,weak,0.6298828125,-1.7964132227402498,-9.393366699634896,12,12
6,0.5,two_day,weak_skew,0.43798828125,-2.4890461388691416,-9.393366699634896,12,12
6,0.5,four_day,alt,0.03125,-7.464171870955359,-9.393366699634896,6,12
6,0.5,four_day,sharp,0.6875,0.7629283985317462,-9.393366699634896,6,12
6,0.5,four_day,weak,0.71875,3.4494620545696493,-9.393366699634896,6,12
6,0.5,four_day,weak_skew,0.5625,2.7526911240043836,-9.393366699634896,6,12
7,0.5,daily,alt,0.004799040191961607,-7.062817757485278,-5.9637251813632375,12,12
7,0.5,daily,sharp,0.027594481103779243,-2.3092448033532142,-5.9637251813632375,12,12
7,0.5,daily,weak,0.28474305138972206,-2.427777662550067,-5.9637251813632375,12,12
7,0.5,daily,weak_skew,0.00639872025594881,-4.961876346535063,-5.9637251813632375,12,12
7,0.5,two_day,alt,0.00390625,-11.47185602127727,-5.9637251813632375,12,12
7,0.5,two_day,sharp,0.31787109375,-3.774331414329085,-5.9637251813632375,12,12
7,0.5,two_day,weak,0.13134765625,-5.798184759241636,-5.9637251813632375,12,12
7,0.5,two_day,weak_skew,0.3056640625,-4.758876588273661,-5.9637251813632375,12,12
7,0.5,four_day,alt,0.1875,-10.414652844462573,-5.9637251813632375,6,12
7,0.5,four_day,sharp,0.4375,-4.244856539802257,-5.9637251813632375,6,12
7,0.5,four_day,weak,0.625,-2.4207726818821045,-5.9637251813632375,6,12
7,0.5,four_day,weak_skew,0.0625,-9.855071378232415,-5.9637251813632375,6,12
8,0.5,daily,alt,0.07338532293541292,-5.708503249613433,-10.164708760269662,12,12
8,0.5,daily,sharp,0.1897620475904819,2.226320909576246,-10.164708760269662,12,12
8,0.5,daily,weak,0.8398320335932813,-0.36239918551086464,-10.164708760269662,12,12
8,0.5,daily,weak_skew,0.34333133373325336,2.965645151985884,-10.164708760269662,12,12
8,0.5,two_day,alt,0.64013671875,-2.0326777206484983,-10.164708760269662,12,12
8,0.5,two_day,sharp,0.11328125,4.758828213566212,-10.164708760269662,12,12
8,0.5,two_day,weak,0.0810546875,8.165574786775508,-10.164708760269662,12,12
8,0.5,two_day,weak_skew,0.1796875,4.793563957054711,-10.164708760269662,12,12
8,0.5,four_day,alt,0.03125,-9.501905281532455,-10.164708760269662,6,12
8,0.5,four_day,sharp,0.78125,0.8907320117190345,-10.164708760269662,6,12
8,0.5,four_day,weak,0.625,-2.546121875918845,-10.164708760269662,6,12
8,0.5,four_day,weak_skew,1.0,0.1570735236631459,-10.164708760269662,6,12
9,0.5,daily,alt,0.08938212357528494,-6.7096759145116245,-6.014701846519678,12,12
9,0.5,daily,sharp,0.8554289142171566,0.4525698414366719,-6.014701846519678,12,12
9,0.5,daily,weak,0.6116776644671066,1.593713936186069,-6.014701846519678,12,12
9,0.5,daily,weak_skew,0.9784043191361728,-0.08961885835112327,-6.014701846519678,12,12
9,0.5,two_day,alt,0.02001953125,-9.042306168241927,-6.014701846519678,12,12
9,0.5,two_day,sharp,0.47314453125,-2.4947819066736856,-6.014701846519678,12,12
9,0.5,two_day,weak,0.322265625,-4.209321326025404,-6.014701846519678,12,12
9,0.5,two_day,weak_skew,0.84033203125,-0.7354539531560847,-6.014701846519678,12,12
9,0.5,four_day,alt,0.28125,-8.365292014888821,-6.014701846519678,6,12
9,0.5,four_day,sharp,0.75,-1.6563972018963053,-6.014701846519678,6,12
9,0.5,four_day,weak,0.9375,-0.9029211031274139,-6.014701846519678,6,12
9,0.5,four_day,weak_skew,0.65625,-2.9909241954711034,-6.014701846519678,6,12
10,0.5,daily,alt,0.0005998800239952009,-11.217948183738216,-8.456396345483569,12,12
10,0.5,daily,sharp,0.3101379724055189,-2.40948333006299,-8.456396345483569,12,12
10,0.5,daily,weak,0.6302739452109578,-1.3591565355300876,-8.456396345483569,12,12
10,0.5,daily,weak_skew,0.029994001199760048,-5.481272837305465,-8.456396345483569,12,12
10,0.5,two_day,alt,0.93798828125,-0.6806943159072342,-8.456396345483569,12,12
10,0.5,two_day,sharp,0.345703125,2.8894801844888733,-8.456396345483569,12,12
10,0.5,two_day,weak,0.7724609375,1.6017171204731249,-8.456396345483569,12,12
10,0.5,two_day,weak_skew,0.51318359375,2.596460688569597,-8.456396345483569,12,12
10,0.5,four_day,alt,0.03125,-15.334937915579133,-8.456396345483569,6,12
10,0.5,four_day,sharp,0.25,-4.026450083599831,-8.456396345483569,6,12
10,0.5,four_day,weak,0.09375,-8.978786600557651,-8.456396345483569,6,12
10,0.5,four_day,weak_skew,0.53125,-2.7908065541193614,-8.456396345483569,6,12
11,0.5,daily,alt,0.1267746450709858,-4.250548999731504,-7.873462371457066,12,12
11,0.5,daily,sharp,0.3169366126774645,1.1556961295319101,-7.873462371457066,12,12
11,0.5,daily,weak,0.08658268346330734,2.908414922802683,-7.873462371457066,12,12
11,0.5,daily,weak_skew,0.4303139372125575,1.2039553351631114,-7.873462371457066,12,12
11,0.5,two_day,alt,0.49658203125,-3.131584752279847,-7.873462371457066,12,12
11,0.5,two_day,sharp,0.43505859375,2.254706774819695,-7.873462371457066,12,12
11,0.5,two_day,weak,0.197265625,5.485653535047651,-7.873462371457066,12,12
11,0.5,two_day,weak_skew,0.85498046875,-0.6292467686976947,-7.873462371457066,12,12
11,0.5,four_day,alt,0.1875,-6.034066321262561,-7.873462371457066,6,12
11,0.5,four_day,sharp,0.78125,0.8466784747933751,-7.873462371457066,6,12
11,0.5,four_day,weak,0.375,4.199425597608862,-7.873462371457066,6,12
11,0.5,four_day,weak_skew,0.8125,-1.319954471805674,-7.873462371457066,6,12
12,0.5,daily,alt,0.4375124975004999,-3.4529804807033635,-10.835784990089977,12,12
12,0.5,daily,sharp,0.07098580283943211,4.936195130039856,-10.835784990089977,12,12
12,0.5,daily,weak,0.2953409318136373,4.280787705202897,-10.835784990089977,12,12
12,0.5,daily,weak_skew,0.1899620075984803,4.266096642679356,-10.835784990089977,12,12
12,0.5,two_day,alt,0.28515625,-6.125157929015928,-10.835784990089977,12,12
12,0.5,two_day,sharp,0.40576171875,2.733839894890712,-10.835784990089977,12,12
12,0.5,two_day,weak,0.77685546875,1.2363313415004864,-10.835784990089977,12,12
12,0.5,two_day,weak_skew,0.18896484375,4.399645906859778,-10.835784990089977,12,12
12,0.5,four_day,alt,0.03125,-23.730545133296275,-10.835784990089977,6,12
12,0.5,four_day,sharp,0.0625,-7.532203803291175,-10.835784990089977,6,12
12,0.5,four_day,weak,0.3125,-6.090668842391782,-10.835784990089977,6,12
12,0.5,four_day,weak_skew,0.46875,-4.319405860896093,-10.835784990089977,6,12
13,0.5,daily,alt,0.08998200359928014,-10.870509796387124,-5.7598306898969724,12,12
13,0.5,daily,sharp,0.5576884623075385,-3.7277690311820106,-5.7598306898969724,12,12
13,0.5,daily,weak,0.5496900619876025,-3.8753393918303694,-5.7598306898969724,12,12
13,0.5,daily,weak_skew,0.4877024595080984,-4.010330285106364,-5.7598306898969724,12,12
13,0.5,two_day,alt,0.7890625,6.326527505514151,-5.7598306898969724,12,12
13,0.5,two_day,sharp,0.197265625,9.395316646903808,-5.7598306898969724,12,12
13,0.5,two_day,weak,0.623046875,6.24330143447888,-5.7598306898969724,12,12
13,0.5,two_day,weak_skew,0.51708984375,6.535764964841602,-5.7598306898969724,12,12
13,0.5,four_day,alt,0.03125,-8.514751104488985,-5.7598306898969724,6,12
13,0.5,four_day,sharp,0.71875,0.4957795951676485,-5.7598306898969724,6,12
13,0.5,four_day,weak,0.28125,4.672801983572572,-5.7598306898969724,6,12
13,0.5,four_day,weak_skew,0.96875,-0.112155103598095,-5.7598306898969724,6,12
14,0.5,daily,alt,0.0001999600079984003,-10.85474382120564,-6.47110829737268,12,12
14,0.5,daily,sharp,0.023395320935812838,-4.460587658805988,-6.47110829737268,12,12
14,0.5,daily,weak,0.10317936412717456,-4.041994464534771,-6.47110829737268,12,12
14,0.5,daily,weak_skew,0.04599080183963208,-5.679470628754473,-6.47110829737268,12,12
14,0.5,two_day,alt,0.26416015625,-4.629220704310545,-6.47110829737268,12,12
14,0.5,two_day,sharp,0.43798828125,2.059061685670731,-6.47110829737268,12,12
14,0.5,two_day,weak,0.68798828125,1.7816211638538462,-6.47110829737268,12,12
14,0.5,two_day,weak_skew,0.2978515625,3.577197861133923,-6.47110829737268,12,12
14,0.5,four_day,alt,0.03125,-8.790042811628208,-6.47110829737268,6,12
14,0.5,four_day,sharp,0.59375,-1.6790964538098407,-6.47110829737268,6,12
14,0.5,four_day,weak,0.28125,-6.571499750542557,-6.47110829737268,6,12
14,0.5,four_day,weak_skew,0.59375,-2.0836378231518764,-6.47110829737268,6,12
15,0.5,daily,alt,0.08078384323135374,-6.74642413790419,-8.867548007558675,12,12
15,0.5,daily,sharp,0.9708058388322336,-0.14965488058746543,-8.867548007558675,12,12
15,0.5,daily,weak,0.7192561487702459,-1.5677832467026231,-8.867548007558675,12,12
15,0.5,daily,weak_skew,0.9188162367526495,0.4003547035966572,-8.867548007558675,12,12
15,0.5,two_day,alt,0.73388671875,-0.9449514016391127,-8.867548007558675,12,12
15,0.5,two_day,sharp,0.0869140625,5.403182765901451,-8.867548007558675,12,12
15,0.5,two_day,weak,0.18359375,7.111159318431301,-8.867548007558675,12,12
15,0.5,two_day,weak_skew,0.35693359375,3.7123604191783097,-8.867548007558675,12,12
15,0.5,four_day,alt,0.03125,-12.554611819122846,-8.867548007558675,6,12
15,0.5,four_day,sharp,0.28125,-2.6560647319183595,-8.867548007558675,6,12
15,0.5,four_day,weak,0.5,-3.707899357065654,-8.867548007558675,6,12
15,0.5,four_day,weak_skew,0.3125,-4.166225169004637,-8.867548007558675,6,12
16,0.5,daily,alt,0.01859628074385123,-7.189465174277726,-8.770910407077352,12,12
16,0.5,daily,sharp,0.8824235152969406,-0.1815280107318594,-8.770910407077352,12,12
16,0.5,daily,weak,0.261747650469906,-2.3067920286083976,-8.770910407077352,12,12
16,0.5,daily,weak_skew,0.5046990601879624,1.7020565734034605,-8.770910407077352,12,12
16,0.5,two_day,alt,0.2578125,-5.215625333466565,-8.770910407077352,12,12
16,0.5,two_day,sharp,0.54150390625,1.05354164545428,-8.770910407077352,12,12
16,0.5,two_day,weak,0.2431640625,3.2168810227421267,-8.770910407077352,12,12
16,0.5,two_day,weak_skew,0.81591796875,0.6725556122000415,-8.770910407077352,12,12
16,0.5,four_day,alt,0.375,-5.501535170905996,-8.770910407077352,6,12
16,0.5,four_day,sharp,0.5625,1.6008071559876857,-8.770910407077352,6,12
16,0.5,four_day,weak,0.375,5.653190348476609,-8.770910407077352,6,12
16,0.5,four_day,weak_skew,0.9375,0.5337697963699645,-8.770910407077352,6,12
17,0.5,daily,alt,0.2933413317336533,-5.050442666562698,-5.128161668571181,12,12
17,0.5,daily,sharp,0.5952809438112378,-2.211809307461504,-5.128161668571181,12,12
17,0.5,daily,weak,0.634873025394921,-2.9118772757303737,-5.128161668571181,12,12
17,0.5,daily,weak_skew,0.23795240951809637,-5.10688912680518,-5.128161668571181,12,12
17,0.5,two_day,alt,0.9208984375,-0.9152787186190364,-5.128161668571181,12,12
17,0.5,two_day,sharp,0.7626953125,0.9091427260889701,-5.128161668571181,12,12
17,0.5,two_day,weak,0.890625,-0.5224271408850344,-5.128161668571181,12,12
17,0.5,two_day,weak_skew,0.986328125,0.07205834335713253,-5.128161668571181,12,12
17,0.5,four_day,alt,0.4375,-4.219273127631381,-5.128161668571181,6,12
17,0.5,four_day,sharp,0.6875,2.9136828058459217,-5.128161668571181,6,12
17,0.5,four_day,weak,0.375,-7.22738949291206,-5.128161668571181,6,12
17,0.5,four_day,weak_skew,0.1875,11.1008922837352,-5.128161668571181,6,12
18,0.5,daily,alt,0.0007998400319936012,-7.276622713157338,-5.455603899081822,12,12
18,0.5,daily,sharp,0.27214557088582286,-2.657528422732358,-5.455603899081822,12,12
18,0.5,daily,weak,0.20975804839032194,-3.943823653373854,-5.455603899081822,12,12
18,0.5,daily,weak_skew,0.5518896220755849,-1.4805256366416917,-5.455603899081822,12,12
18,0.5,two_day,alt,0.0068359375,-9.97416655919225,-5.455603899081822,12,12
18,0.5,two_day,sharp,0.20166015625,-2.2826818912433073,-5.455603899081822,12,12
18,0.5,two_day,weak,0.88037109375,0.5627922540234541,-5.455603899081822,12,12
18,0.5,two_day,weak_skew,0.52978515625,-1.9524408096419148,-5.455603899081822,12,12
18,0.5,four_day,alt,0.03125,-12.604437008781423,-5.455603899081822,6,12
18,0.5,four_day,sharp,0.09375,-3.51599087349064,-5.455603899081822,6,12
18,0.5,four_day,weak,0.3125,-3.3913883458295815,-5.455603899081822,6,12
18,0.5,four_day,weak_skew,0.03125,-7.618199507527635,-5.455603899081822,6,12
19,0.5,daily,alt,0.3333333333333333,-2.8998451093965385,-8.146288749269303,12,12
19,0.5,daily,sharp,0.4029194161167766,1.1837455825821153,-8.146288749269303,12,12
19,0.5,daily,weak,0.4313137372525495,1.4480872442820178,-8.146288749269303,12,12
19,0.5,daily,weak_skew,0.3817236552689462,2.579382568200106,-8.146288749269303,12,12
19,0.5,two_day,alt,0.20703125,-5.611675435507163,-8.146288749269303,12,12
19,0.5,two_day,sharp,0.4619140625,1.640493120871901,-8.146288749269303,12,12
19,0.5,two_day,weak,0.0419921875,7.4707059718998465,-8.146288749269303,12,12
19,0.5,two_day,weak_skew,0.8154296875,0.6891386428110788,-8.146288749269303,12,12
19,0.5,four_day,alt,0.03125,-14.601345767073289,-8.146288749269303,6,12
19,0.5,four_day,sharp,0.15625,-3.5572550446354305,-8.146288749269303,6,12
19,0.5,four_day,weak,0.53125,-4.3270844603914975,-8.146288749269303,6,12
19,0.5,four_day,weak_skew,0.875,-1.5553943906191314,-8.146288749269303,6,12
20,0.5,daily,alt,0.6996600679864027,-2.9290015122450996,-6.061617862438467,12,12
20,0.5,daily,sharp,0.46970605878824234,2.0745375972602176,-6.061617862438467,12,12
20,0.5,daily,weak,0.4843031393721256,-2.5072299307344856,-6.061617862438467,12,12
20,0.5,daily,weak_skew,0.7634473105378924,2.8605032292021964,-6.061617862438467,12,12
20,0.5,two_day,alt,0.130859375,-6.569641228806996,-6.061617862438467,12,12
20,0.5,two_day,sharp,0.890625,-0.5801980956097944,-6.061617862438467,12,12
20,0.5,two_day,weak,0.20703125,-6.8294376253463005,-6.061617862438467,12,12
20,0.5,two_day,weak_skew,0.935546875,-0.3903995207789824,-6.061617862438467,12,12
20,0.5,four_day,alt,0.5625,-2.253559783220273,-6.061617862438467,6,12
20,0.5,four_day,sharp,0.5625,2.685685135073136,-6.061617862438467,6,12
20,0.5,four_day,weak,0.53125,1.7859706273090457,-6.061617862438467,6,12
20,0.5,four_day,weak_skew,0.53125,4.097453022226183,-6.061617862438467,6,12
21,0.5,daily,alt,0.16616676664667065,-3.943336650158246,-5.832927159952831,12,12
21,0.5,daily,sharp,0.7046590681863627,0.9556890248377291,-5.832927159952831,12,12
21,0.5,daily,weak,0.9442111577684463,0.1970403013310443,-5.832927159952831,12,12
21,0.5,daily,weak_skew,0.8818236352729454,-0.47385097540251486,-5.832927159952831,12,12
21,0.5,two_day,alt,0.0322265625,-6.709304901209163,-5.832927159952831,12,12
21,0.5,two_day,sharp,0.5771484375,1.2874957879576396,-5.832927159952831,12,12
21,0.5,two_day,weak,0.27099609375,3.7585231397403724,-5.832927159952831,12,12
21,0.5,two_day,weak_skew,0.2216796875,-2.6611819620486092,-5.832927159952831,12,12
21,0.5,four_day,alt,0.21875,-7.32274064826026,-5.832927159952831,6,12
21,0.5,four_day,sharp,0.6875,-1.450546008959801,-5.832927159952831,6,12
21,0.5,four_day,weak,0.3125,-5.208429454809715,-5.832927159952831,6,12
21,0.5,four_day,weak_skew,0.84375,1.4462386798314977,-5.832927159952831,6,12
22,0.5,daily,alt,0.00639872025594881,-5.225298842136691,-7.3120080943958,12,12
22,0.5,daily,sharp,0.4123175364927015,-1.271182782245517,-7.3120080943958,12,12
22,0.5,daily,weak,0.6908618276344731,-1.1120290483185304,-7.3120080943958,12,12
22,0.5,daily,weak_skew,0.3437312537492502,-1.4033761523086643,-7.3120080943958,12,12
22,0.5,two_day,alt,0.20458984375,-6.1552216833916304,-7.3120080943958,12,12
22,0.5,two_day,sharp,0.76904296875,-0.6507600891362078,-7.3120080943958,12,12
22,0.5,two_day,weak,0.5439453125,2.267183184412335,-7.3120080943958,12,12
22,0.5,two_day,weak_skew,0.5908203125,-1.5783324857258918,-7.3120080943958,12,12
22,0.5,four_day,alt,0.125,-14.314053937094682,-7.3120080943958,6,12
22,0.5,four_day,sharp,0.40625,-4.733109009994,-7.3120080943958,6,12
22,0.5,four_day,weak,0.8125,1.5139473489857107,-7.3120080943958,6,12
22,0.5,four_day,weak_skew,0.5,-4.960784204418457,-7.3120080943958,6,12
23,0.5,daily,alt,0.2443511297740452,-5.561885997634927,-4.939817470554317,12,12
23,0.5,daily,sharp,0.25674865026994603,-3.769873101798998,-4.939817470554317,12,12
23,0.5,daily,weak,0.5404919016196761,-2.1519933312519406,-4.939817470554317,12,12
23,0.5,daily,weak_skew,0.3763247350529894,-3.9825619644927186,-4.939817470554317,12,12
23,0.5,two_day,alt,0.318359375,-4.706322753624051,-4.939817470554317,12,12
23,0.5,two_day,sharp,0.4052734375,2.5913888986516924,-4.939817470554317,12,12
23,0.5,two_day,weak,0.6611328125,1.8961939771309921,-4.939817470554317,12,12
23,0.5,two_day,weak_skew,0.828125,0.7063351719896284,-4.939817470554317,12,12
23,0.5,four_day,alt,0.25,-8.566957849164153,-4.939817470554317,6,12
23,0.5,four_day,sharp,0.28125,-4.820827595026178,-4.939817470554317,6,12
23,0.5,four_day,weak,0.53125,-4.13820959508963,-4.939817470554317,6,12
23,0.5,four_day,weak_skew,0.21875,-7.20084566724974,-4.939817470554317,6,12
24,0.5,daily,alt,0.0001999600079984003,-12.12886676051589,-10.132949499684877,12,12
24,0.5,daily,sharp,0.11817636472705459,-3.869133629892777,-10.132949499684877,12,12
24,0.5,daily,weak,0.3853229354129174,-2.6727739549933394,-10.132949499684877,12,12
24,0.5,daily,weak_skew,0.6668666266746651,-1.6945576289045985,-10.132949499684877,12,12
24,0.5,two_day,alt,0.0966796875,-8.973232027991129,-10.132949499684877,12,12
24,0.5,two_day,sharp,0.95556640625,0.15329014583366352,-10.132949499684877,12,12
24,0.5,two_day,weak,0.853515625,0.5903490740808538,-10.132949499684877,12,12
24,0.5,two_day,weak_skew,0.8251953125,0.762699826160309,-10.132949499684877,12,12
24,0.5,four_day,alt,0.0625,-10.619091181278549,-10.132949499684877,6,12
24,0.5,four_day,sharp,1.0,-0.09222242431966284,-10.132949499684877,6,12
24,0.5,four_day,weak,0.96875,0.3448011257571639,-10.132949499684877,6,12
24,0.5,four_day,weak_skew,0.71875,2.5689457148072585,-10.132949499684877,6,12
25,0.5,daily,alt,0.008398320335932814,-8.198910801794806,-7.343572732601494,12,12
25,0.5,daily,sharp,0.14117176564687062,-3.7296081995499555,-7.343572732601494,12,12
25,0.5,daily,weak,0.11297740451909619,-5.0411767005641765,-7.343572732601494,12,12
25,0.5,daily,weak_skew,0.07418516296740651,-4.292536975605741,-7.343572732601494,12,12
25,0.5,two_day,alt,0.0966796875,-6.749105672512424,-7.343572732601494,12,12
25,0.5,two_day,sharp,0.66796875,1.623660035022569,-7.343572732601494,12,12
25,0.5,two_day,weak,0.6005859375,-2.4965669357181977,-7.343572732601494,12,12
25,0.5,two_day,weak_skew,0.59912109375,1.937652590590341,-7.343572732601494,12,12
25,0.5,four_day,alt,0.0625,-7.539740718508739,-7.343572732601494,6,12
25,0.5,four_day,sharp,1.0,0.03377407055855386,-7.343572732601494,6,12
25,0.5,four_day,weak,0.46875,-3.3702975677226257,-7.343572732601494,6,12
25,0.5,four_day,weak_skew,0.59375,3.106726719166138,-7.343572732601494,6,12
26,0.5,daily,alt,0.003199360127974405,-10.17395064276436,-9.133399075063906,12,12
26,0.5,daily,sharp,0.10517896420715857,-4.044995357115623,-9.133399075063906,12,12
26,0.5,daily,weak,0.19816036792641473,-3.64669717171299,-9.133399075063906,12,12
26,0.5,daily,weak_skew,0.046590681863627276,-5.45160676879609,-9.133399075063906,12,12
26,0.5,two_day,alt,0.02587890625,-10.716747831830157,-9.133399075063906,12,12
26,0.5,two_day,sharp,0.39013671875,-2.77813194992093,-9.133399075063906,12,12
26,0.5,two_day,weak,0.783203125,-1.1277542951131376,-9.133399075063906,12,12
26,0.5,two_day,weak_skew,0.2353515625,-4.305849346929526,-9.133399075063906,12,12
26,0.5,four_day,alt,0.34375,-6.815032300723774,-9.133399075063906,6,12
26,0.5,four_day,sharp,0.5625,2.6720777177697257,-9.133399075063906,6,12
26,0.5,four_day,weak,0.96875,0.1326224214180307,-9.133399075063906,6,12
26,0.5,four_day,weak_skew,1.0,-0.026183439161935478,-9.133399075063906,6,12
27,0.5,daily,alt,0.1235752849430114,-4.056002547635672,-7.531471974912741,12,12
27,0.5,daily,sharp,0.7964407118576284,0.3458287817882055,-7.531471974912741,12,12
27,0.5,daily,weak,0.827634473105379,-0.33128102400406334,-7.531471974912741,12,12
27,0.5,daily,weak_skew,0.3747250549890022,-1.971184943192999,-7.531471974912741,12,12
27,0.5,two_day,alt,0.18115234375,-5.840924615262181,-7.531471974912741,12,12
27,0.5,two_day,sharp,0.6748046875,1.0971680430327375,-7.531471974912741,12,12
27,0.5,two_day,weak,0.80517578125,-0.9474866160408281,-7.531471974912741,12,12
27,0.5,two_day,weak_skew,0.4873046875,2.4995109342197313,-7.531471974912741,12,12
27,0.5,four_day,alt,0.03125,-13.246880640829062,-7.531471974912741,6,12
27,0.5,four_day,sharp,0.09375,-4.290715788017006,-7.531471974912741,6,12
27,0.5,four_day,weak,0.53125,2.2103549483935616,-7.531471974912741,6,12
27,0.5,four_day,weak_skew,0.90625,-1.191015922135276,-7.531471974912741,6,12
28,0.5,daily,alt,0.004599080183963208,-5.825440795632313,-8.792322983348086,12,12
28,0.5,daily,sharp,0.8952209558088382,-0.15748302072771558,-8.792322983348086,12,12
28,0.5,daily,weak,0.34393121375724856,-1.5709902964424252,-8.792322983348086,12,12
28,0.5,daily,weak_skew,0.8064387122575485,0.44169362561826847,-8.792322983348086,12,12
28,0.5,two_day,alt,0.0947265625,-6.029701530812595,-8.792322983348086,12,12
28,0.5,two_day,sharp,0.4189453125,1.948773123973546,-8.792322983348086,12,12
28,0.5,two_day,weak,0.6474609375,1.2872784499696486,-8.792322983348086,12,12
28,0.5,two_day,weak_skew,0.6416015625,1.347894784466811,-8.792322983348086,12,12
28,0.5,four_day,alt,0.34375,-4.034740372840596,-8.792322983348086,6,12
28,0.5,four_day,sharp,0.40625,2.944300589407901,-8.792322983348086,6,12
28,0.5,four_day,weak,0.5625,1.7028581821143511,-8.792322983348086,6,12
28,0.5,four_day,weak_skew,0.53125,4.884951561748848,-8.792322983348086,6,12
29,0.5,daily,alt,0.2927414517096581,-5.0665645843063105,-3.352711014413444,12,12
29,0.5,daily,sharp,0.6166766646670666,-1.9706153594201918,-3.352711014413444,12,12
29,0.5,daily,weak,0.5032993401319736,-3.0539515474732912,-3.352711014413444,12,12
29,0.5,daily,weak_skew,0.7594481103779244,-0.839417725186887,-3.352711014413444,12,12
29,0.5,two_day,alt,0.2861328125,-5.204454568783826,-3.352711014413444,12,12
29,0.5,two_day,sharp,0.900390625,0.5108923217306701,-3.352711014413444,12,12
29,0.5,two_day,weak,0.77783203125,-1.3006126754730676,-3.352711014413444,12,12
29,0.5,two_day,weak_skew,0.2978515625,5.55381400499585,-3.352711014413444,12,12
29,0.5,four_day,alt,0.09375,-13.018560454427542,-3.352711014413444,6,12
29,0.5,four_day,sharp,0.15625,-7.227255875933767,-3.352711014413444,6,12
29,0.5,four_day,weak,0.71875,1.9863186269036521,-3.352711014413444,6,12
29,0.5,four_day,weak_skew,0.0625,-13.316178242931693,-3.352711014413444,6,12
30,0.5,daily,alt,0.0003999200159968006,-10.279340494934734,-7.9690217433042605,12,12
30,0.5,daily,sharp,0.9142171565686863,0.3042350485270238,-7.9690217433042605,12,12
30,0.5,daily,weak,0.5302939412117577,-2.265818422931073,-7.9690217433042605,12,12
30,0.5,daily,weak_skew,0.6744651069786043,-1.5768427081680383,-7.9690217433042605,12,12
30,0.5,two_day,alt,0.0009765625,-13.342603852447482,-7.9690217433042605,12,12
30,0.5,two_day,sharp,0.2998046875,-2.597009562219488,-7.9690217433042605,12,12
30,0.5,two_day,weak,0.61181640625,-2.251232801103812,-7.9690217433042605,12,12
30,0.5,two_day,weak_skew,0.13330078125,-4.75360621396298,-7.9690217433042605,12,12
30,0.5,four_day,alt,0.1875,-4.741900961263543,-7.9690217433042605,6,12
30,0.5,four_day,sharp,0.5,2.6303794960719196,-7.9690217433042605,6,12
30,0.5,four_day,weak,0.6875,2.448627232178474,-7.9690217433042605,6,12
30,0.5,four_day,weak_skew,0.84375,0.9874607564451914,-7.9690217433042605,6,12
31,0.5,daily,alt,0.0009998000399920016,-8.277578743959518,-7.018133490927724,12,12
31,0.5,daily,sharp,0.44731053789242153,-1.1617229686119674,-7.018133490927724,12,12
31,0.5,daily,weak,0.1835632873425315,-3.787829863920555,-7.018133490927724,12,12
31,0.5,daily,weak_skew,0.3219356128774245,3.4124288480625626,-7.018133490927724,12,12
31,0.5,two_day,alt,0.416015625,-4.263104352858883,-7.018133490927724,12,12
31,0.5,two_day,sharp,0.7421875,-0.6377352898188929,-7.018133490927724,12,12
31,0.5,two_day,weak,0.80224609375,-1.032062372260907,-7.018133490927724,12,12
31,0.5,two_day,weak_skew,0.55078125,-1.5372170044189375,-7.018133490927724,12,12
31,0.5,four_day,alt,0.1875,-11.051837429771048,-7.018133490927724,6,12
31,0.5,four_day,sharp,0.125,-5.765058608032711,-7.018133490927724,6,12
31,0.5,four_day,weak,0.34375,-6.73630460829871,-7.018133490927724,6,12
31,0.5,four_day,weak_skew,0.875,-0.9240833447281732,-7.018133490927724,6,12
32,0.5,daily,alt,0.021195760847830435,-7.386678898829024,-7.700971436767773,12,12
32,0.5,daily,sharp,0.615876824635073,-1.134871083974076,-7.700971436767773,12,12
32,0.5,daily,weak,0.8708258348330334,-0.4889240505118237,-7.700971436767773,12,12
32,0.5,daily,weak_skew,0.7842431513697261,-0.817073832035143,-7.700971436767773,12,12
32,0.5,two_day,alt,0.01806640625,-11.474403086530232,-7.700971436767773,12,12
32,0.5,two_day,sharp,0.37841796875,-2.9372317890485427,-7.700971436767773,12,12
32,0.5,two_day,weak,0.1845703125,-4.905843513279579,-7.700971436767773,12,12
32,0.5,two_day,weak_skew,0.3193359375,-3.880230134428322,-7.700971436767773,12,12
32,0.5,four_day,alt,0.03125,-12.34325007291921,-7.700971436767773,6,12
32,0.5,four_day,sharp,0.34375,-3.452203292342149,-7.700971436767773,6,12
32,0.5,four_day,weak,0.28125,-2.9579557779859136,-7.700971436767773,6,12
32,0.5,four_day,weak_skew,0.71875,-2.3024958399951196,-7.700971436767773,6,12
33,0.5,daily,alt,0.09918016396720655,-6.095103288764967,-7.694470455504202,12,12
33,0.5,daily,sharp,0.496500699860028,2.046875874736287,-7.694470455504202,12,12
33,0.5,daily,weak,0.2019596080783843,5.92395973575293,-7.694470455504202,12,12
33,0.5,daily,weak_skew,0.7484503099380124,1.2432357801459837,-7.694470455504202,12,12
33,0.5,two_day,alt,0.1201171875,-7.517374994889173,-7.694470455504202,12,12
33,0.5,two_day,sharp,0.2568359375,-3.364340166476229,-7.694470455504202,12,12
33,0.5,two_day,weak,0.05126953125,-7.441906394834489,-7.694470455504202,12,12
33,0.5,two_day,weak_skew,0.287109375,-3.9416895869950372,-7.694470455504202,12,12
33,0.5,four_day,alt,0.5625,-3.5163730549892533,-7.694470455504202,6,12
33,0.5,four_day,sharp,0.5,2.7059087520835496,-7.694470455504202,6,12
33,0.5,four_day,weak,0.96875,1.079341884919117,-7.694470455504202,6,12
33,0.5,four_day,weak_skew,0.75,1.422842679659149,-7.694470455504202,6,12
34,0.5,daily,alt,0.0009998000399920016,-9.811648509135573,-9.372576118440548,12,12
34,0.5,daily,sharp,0.13817236552689463,-2.4984718020730767,-9.372576118440548,12,12
34,0.5,daily,weak,0.02399520095980804,-6.000904563283477,-9.372576118440548,12,12
34,0.5,daily,weak_skew,0.051989602079584085,-3.967128685064029,-9.372576118440548,12,12
34,0.5,two_day,alt,0.00048828125,-12.563097254430849,-9.372576118440548,12,12
34,0.5,two_day,sharp,0.17578125,-2.774006033355851,-9.372576118440548,12,12
34,0.5,two_day,weak,0.78271484375,0.7214099480554612,-9.372576118440548,12,12
34,0.5,two_day,weak_skew,0.05419921875,-5.573505578841629,-9.372576118440548,12,12
34,0.5,four_day,alt,0.0625,-9.594056883604132,-9.372576118440548,6,12
34,0.5,four_day,sharp,0.90625,0.6527299480572223,-9.372576118440548,6,12
34,0.5,four_day,weak,0.21875,-7.2709765315519155,-9.372576118440548,6,12
34,0.5,four_day,weak_skew,0.9375,0.2227910763732043,-9.372576118440548,6,12
35,0.5,daily,alt,0.9306138772245551,-0.5620772597933765,-5.994392268369296,12,12
35,0.5,daily,sharp,0.3235352929414117,2.3505017015370986,-5.994392268369296,12,12
35,0.5,daily,weak,0.3499300139972006,2.9576683591646495,-5.994392268369296,12,12
35,0.5,daily,weak_skew,0.34293141371725655,2.5179057428316205,-5.994392268369296,12,12
35,0.5,two_day,alt,0.001953125,-12.515955905395893,-5.994392268369296,12,12
35,0.5,two_day,sharp,0.00830078125,-6.683557570216305,-5.994392268369296,12,12
35,0.5,two_day,weak,0.00732421875,-11.744934916886978,-5.994392268369296,12,12
35,0.5,two_day,weak_skew,0.0009765625,-9.00304431543407,-5.994392268369296,12,12
35,0.5,four_day,alt,0.21875,-8.068751355988796,-5.994392268369296,6,12
35,0.5,four_day,sharp,0.4375,-1.6021189797200819,-5.994392268369296,6,12
35,0.5,four_day,weak,0.65625,-2.922052624187271,-5.994392268369296,6,12
35,0.5,four_day,weak_skew,0.1875,-4.078991146254505,-5.994392268369296,6,12
36,0.5,daily,alt,0.6780643871225754,-2.3302527180323427,-8.008907331000806,12,12
36,0.5,daily,sharp,0.5664867026594681,1.2285834736712087,-8.008907331000806,12,12
36,0.5,daily,weak,0.28934213157368527,3.098032106797197,-8.008907331000806,12,12
36,0.5,daily,weak_skew,0.5894821035792841,1.6252084077659912,-8.008907331000806,12,12
36,0.5,two_day,alt,0.048828125,-11.181696353849189,-8.008907331000806,12,12
36,0.5,two_day,sharp,0.63427734375,-1.8054114673336017,-8.008907331000806,12,12
36,0.5,two_day,weak,0.671875,-2.2973700363220364,-8.008907331000806,12,12
36,0.5,two_day,weak_skew,0.73193359375,-1.491097751306225,-8.008907331000806,12,12
36,0.5,four_day,alt,0.0625,-9.310923396693436,-8.008907331000806,6,12
36,0.5,four_day,sharp,0.96875,-0.13420565379749405,-8.008907331000806,6,12
36,0.5,four_day,weak,0.625,3.0530980733501045,-8.008907331000806,6,12
36,0.5,four_day,weak_skew,1.0,-0.05664038491085203,-8.008907331000806,6,12
37,0.5,daily,alt,0.0011997600479904018,-8.188000667778704,-8.261633618225403,12,12
37,0.5,daily,sharp,0.9638072385522896,0.06977856882268559,-8.261633618225403,12,12
37,0.5,daily,weak,0.15856828634273146,2.1409107638027294,-8.261633618225403,12,12
37,0.5,daily,weak_skew,0.7588482303539292,-0.7419486021608795,-8.261633618225403,12,12
37,0.5,two_day,alt,0.1171875,-6.915876653478051,-8.261633618225403,12,12
37,0.5,two_day,sharp,0.705078125,1.3151598034550815,-8.261633618225403,12,12
37,0.5,two_day,weak,0.505859375,-2.7469978423954022,-8.261633618225403,12,12
37,0.5,two_day,weak_skew,0.13916015625,5.384290423224972,-8.261633618225403,12,12
37,0.5,four_day,alt,0.1875,-5.206582625899526,-8.261633618225403,6,12
37,0.5,four_day,sharp,0.46875,2.705978258772795,-8.261633618225403,6,12
37,0.5,four_day,weak,0.9375,0.5220301254564603,-8.261633618225403,6,12
37,0.5,four_day,weak_skew,0.78125,-1.440884570774551,-8.261633618225403,6,12
38,0.5,daily,alt,0.046990601879624075,-3.9684135379650503,-7.002176965045635,12,12
38,0.5,daily,sharp,0.1749650069986003,1.7403900287448628,-7.002176965045635,12,12
38,0.5,daily,weak,0.18156368726254749,3.192440997507468,-7.002176965045635,12,12
38,0.5,daily,weak_skew,0.0613877224555089,3.4847747534250932,-7.002176965045635,12,12
38,0.5,two_day,alt,0.06982421875,-6.388392108392708,-7.002176965045635,12,12
38,0.5,two_day,sharp,0.80419921875,0.5560181568232997,-7.002176965045635,12,12
38,0.5,two_day,weak,0.3203125,3.276841606838999,-7.002176965045635,12,12
38,0.5,two_day,weak_skew,0.517578125,3.0695006966455707,-7.002176965045635,12,12
38,0.5,four_day,alt,0.15625,-5.863373765121019,-7.002176965045635,6,12
38,0.5,four_day,sharp,0.5625,1.631399613312529,-7.002176965045635,6,12
38,0.5,four_day,weak,0.1875,3.7177877035448206,-7.002176965045635,6,12
38,0.5,four_day,weak_skew,0.71875,1.689779933867623,-7.002176965045635,6,12
39,0.5,daily,alt,0.02439512097580484,-5.825482455297581,-6.313441902668053,12,12
39,0.5,daily,sharp,0.6786642671465707,-0.45713847240158617,-6.313441902668053,12,12
39,0.5,daily,weak,0.7186562687462508,-0.9928853491829255,-6.313441902668053,12,12
39,0.5,daily,weak_skew,0.525494901019796,-1.0836452593435109,-6.313441902668053,12,12
39,0.5,two_day,alt,0.1259765625,-4.240246136294095,-6.313441902668053,12,12
39,0.5,two_day,sharp,0.4306640625,1.4050854387720157,-6.313441902668053,12,12
39,0.5,two_day,weak,0.53076171875,2.2550759123848003,-6.313441902668053,12,12
39,0.5,two_day,weak_skew,0.52734375,-1.5954469787795944,-6.313441902668053,12,12
39,0.5,four_day,alt,0.0625,-10.274211603173795,-6.313441902668053,6,12
39,0.5,four_day,sharp,0.75,-0.9262530041885407,-6.313441902668053,6,12
39,0.5,four_day,weak,0.90625,-0.7766517337937889,-6.313441902668053,6,12
39,0.5,four_day,weak_skew,0.03125,-6.463190044632465,-6.313441902668053,6,12
40,0.5,daily,alt,0.0027994401119776045,-7.130624205963109,-8.486115358596706,12,12
40,0.5,daily,sharp,0.5754849030193961,-0.7896604082910473,-8.486115358596706,12,12
40,0.5,daily,weak,0.3879224155168966,-2.2651324934601855,-8.486115358596706,12,12
40,0.5,daily,weak_skew,0.244751049790042,-2.656159485829546,-8.486115358596706,12,12
40,0.5,two_day,alt,0.51220703125,-2.7291182072252647,-8.486115358596706,12,12
40,0.5,two_day,sharp,0.4208984375,1.4732059301349694,-8.486115358596706,12,12
40,0.5,two_day,weak,0.822265625,-0.9770183541117715,-8.486115358596706,12,12
40,0.5,two_day,weak_skew,0.42529296875,1.9137364278068496,-8.486115358596706,12,12
40,0.5,four_day,alt,0.03125,-9.882260020219915,-8.486115358596706,6,12
40,0.5,four_day,sharp,0.34375,-0.8972596623575839,-8.486115358596706,6,12
40,0.5,four_day,weak,0.8125,-0.8338358799723219,-8.486115358596706,6,12
40,0.5,four_day,weak_skew,0.25,-1.6692713775501022,-8.486115358596706,6,12
41,0.5,daily,alt,0.005398920215956809,-9.930094671179907,-8.877603718293308,12,12
41,0.5,daily,sharp,0.2569486102779444,-2.5991127994219743,-8.877603718293308,12,12
41,0.5,daily,weak,0.021595680863827234,-6.5958617462978735,-8.877603718293308,12,12
41,0.5,daily,weak_skew,0.28074385122975404,-2.62798840423555,-8.877603718293308,12,12
41,0.5,two_day,alt,0.1015625,-7.106216407908742,-8.877603718293308,12,12
41,0.5,two_day,sharp,0.67919921875,1.4811130283039702,-8.877603718293308,12,12
41,0.5,two_day,weak,0.1708984375,5.611324376288874,-8.877603718293308,12,12
41,0.5,two_day,weak_skew,0.77978515625,1.206166417550408,-8.877603718293308,12,12
41,0.5,four_day,alt,0.1875,-11.047293313427394,-8.877603718293308,6,12
41,0.5,four_day,sharp,0.59375,-2.971993126725257,-8.877603718293308,6,12
41,0.5,four_day,weak,0.8125,-1.6766578931812528,-8.877603718293308,6,12
41,0.5,four_day,weak_skew,0.90625,-1.2127196128894073,-8.877603718293308,6,12
42,0.5,daily,alt,0.0001999600079984003,-14.07979276861731,-9.167623083607936,12,12
42,0.5,daily,sharp,0.1907618476304739,-3.077899795047642,-9.167623083607936,12,12
42,0.5,daily,weak,0.0639872025594881,-3.3298763635966053,-9.167623083607936,12,12
42,0.5,daily,weak_skew,0.4433113377324535,-2.2495676819559125,-9.167623083607936,12,12
42,0.5,two_day,alt,0.001953125,-10.662634349922437,-9.167623083607936,12,12
42,0.5,two_day,sharp,0.8408203125,-0.4620569222053117,-9.167623083607936,12,12
42,0.5,two_day,weak,0.1923828125,-4.107308461004199,-9.167623083607936,12,12
42,0.5,two_day,weak_skew,0.5322265625,-1.6974285849328072,-9.167623083607936,12,12
42,0.5,four_day,alt,0.09375,-6.491587116682704,-9.167623083607936,6,12
42,0.5,four_day,sharp,0.21875,2.1693443220041098,-9.167623083607936,6,12
42,0.5,four_day,weak,0.53125,2.150595927209244,-9.167623083607936,6,12
42,0.5,four_day,weak_skew,0.15625,4.59646063644979,-9.167623083607936,6,12
43,0.5,daily,alt,0.10917816436712657,-4.887217059463897,-7.07443762748877,12,12
43,0.5,daily,sharp,0.9330133973205359,0.15950429447904213,-7.07443762748877,12,12
43,0.5,daily,weak,0.9310137972405519,0.23498040348648117,-7.07443762748877,12,12
43,0.5,daily,weak_skew,0.5018996200759848,-1.74801866420126,-7.07443762748877,12,12
43,0.5,two_day,alt,0.98095703125,-0.11798087370569081,-7.07443762748877,12,12
43,0.5,two_day,sharp,0.095703125,3.9203460516671225,-7.07443762748877,12,12
43,0.5,two_day,weak,0.3291015625,4.586516935305927,-7.07443762748877,12,12
43,0.5,two_day,weak_skew,0.17578125,5.55755520322531,-7.07443762748877,12,12
43,0.5,four_day,alt,0.125,-7.277077279814143,-7.07443762748877,6,12
43,0.5,four_day,sharp,0.84375,0.8730013801623357,-7.07443762748877,6,12
43,0.5,four_day,weak,0.65625,-2.816735696909454,-7.07443762748877,6,12
43,0.5,four_day,weak_skew,0.9375,0.4441431634814492,-7.07443762748877,6,12
44,0.5,daily,alt,0.5136972605478904,-1.9012178366070003,-5.793255812093932,12,12
44,0.5,daily,sharp,0.9224155168966207,0.17359036885664025,-5.793255812093932,12,12
44,0.5,daily,weak,0.15976804639072187,4.218069351644834,-5.793255812093932,12,12
44,0.5,daily,weak_skew,0.5122975404919016,1.7650143884012384,-5.793255812093932,12,12
44,0.5,two_day,alt,0.556640625,2.6768487501741363,-5.793255812093932,12,12
44,0.5,two_day,sharp,0.06787109375,5.336979113898139,-5.793255812093932,12,12
44,0.5,two_day,weak,0.22509765625,4.361981154088457,-5.793255812093932,12,12
44,0.5,two_day,weak_skew,0.3076171875,6.773347481250742,-5.793255812093932,12,12
44,0.5,four_day,alt,0.25,-8.209642438501932,-5.793255812093932,6,12
44,0.5,four_day,sharp,0.46875,-2.2735010440449392,-5.793255812093932,6,12
44,0.5,four_day,weak,0.65625,-2.6326445578441415,-5.793255812093932,6,12
44,0.5,four_day,weak_skew,0.90625,-1.7867312799673545,-5.793255812093932,6,12
45,0.5,daily,alt,0.0021995600879824036,-9.35753036219927,-10.042900334777869,12,12
45,0.5,daily,sharp,0.9220155968806238,-0.2132482369887665,-10.042900334777869,12,12
45,0.5,daily,weak,0.6204759048190361,-1.6203664714923083,-10.042900334777869,12,12
45,0.5,daily,weak_skew,0.9070185962807439,0.31702604055892714,-10.042900334777869,12,12
45,0.5,two_day,alt,0.00830078125,-10.187503256123358,-10.042900334777869,12,12
45,0.5,two_day,sharp,0.4521484375,-1.179066676871522,-10.042900334777869,12,12
45,0.5,two_day,weak,0.19287109375,3.7385693101771884,-10.042900334777869,12,12
45,0.5,two_day,weak_skew,0.51171875,-1.6628757277352406,-10.042900334777869,12,12
45,0.5,four_day,alt,0.75,1.8499662183338355,-10.042900334777869,6,12
45,0.5,four_day,sharp,0.0625,8.383318064999575,-10.042900334777869,6,12
45,0.5,four_day,weak,0.4375,4.059336951148029,-10.042900334777869,6,12
45,0.5,four_day,weak_skew,0.15625,11.435196719506648,-10.042900334777869,6,12
46,0.5,daily,alt,0.001799640071985603,-9.200845902851304,-6.213597097627215,12,12
46,0.5,daily,sharp,0.1827634473105379,-2.425060821535995,-6.213597097627215,12,12
46,0.5,daily,weak,0.1985602879424115,-3.7893657741595974,-6.213597097627215,12,12
46,0.5,daily,weak_skew,0.04459108178364327,-3.9913623624988745,-6.213597097627215,12,12
46,0.5,two_day,alt,0.1279296875,-7.090156448066409,-6.213597097627215,12,12
46,0.5,two_day,sharp,0.96923828125,-0.16348312023062603,-6.213597097627215,12,12
46,0.5,two_day,weak,0.4716796875,2.406018843078888,-6.213597097627215,12,12
46,0.5,two_day,weak_skew,0.82568359375,-0.8761961670830907,-6.213597097627215,12,12
46,0.5,four_day,alt,0.25,-6.266181183421987,-6.213597097627215,6,12
46,0.5,four_day,sharp,0.59375,3.4751973558249247,-6.213597097627215,6,12
46,0.5,four_day,weak,0.78125,2.5569060408198703,-6.213597097627215,6,12
46,0.5,four_day,weak_skew,1.0,0.13992213932802025,-6.213597097627215,6,12
47,0.5,daily,alt,0.0007998400319936012,-7.558502508513335,-9.824702824587114,12,12
47,0.5,daily,sharp,0.2907418516296741,0.9494788742128287,-9.824702824587114,12,12
47,0.5,daily,weak,0.30353929214157166,2.453363274263669,-9.824702824587114,12,12
47,0.5,daily,weak_skew,0.43691261747650467,2.3486410848694472,-9.824702824587114,12,12
47,0.5,two_day,alt,0.01708984375,-6.782248582177928,-9.824702824587114,12,12
47,0.5,two_day,sharp,0.642578125,0.8197398998084248,-9.824702824587114,12,12
47,0.5,two_day,weak,0.29833984375,4.254530184131867,-9.824702824587114,12,12
47,0.5,two_day,weak_skew,0.61376953125,1.684831673146234,-9.824702824587114,12,12
47,0.5,four_day,alt,0.125,-8.586106405972972,-9.824702824587114,6,12
47,0.5,four_day,sharp,0.53125,0.856273246733906,-9.824702824587114,6,12
47,0.5,four_day,weak,0.75,1.6050019571456566,-9.824702824587114,6,12
47,0.5,four_day,weak_skew,0.71875,-1.5849991438518696,-9.824702824587114,6,12
48,0.5,daily,alt,0.22675464907018597,-2.3525133059170735,-6.240948123794475,12,12
48,0.5,daily,sharp,0.028594281143771244,4.442012448433018,-6.240948123794475,12,12
48,0.5,daily,weak,0.11757648470305938,5.8796334275285504,-6.240948123794475,12,12
48,0.5,daily,weak_skew,0.1869626074785043,4.160402544898121,-6.240948123794475,12,12
48,0.5,two_day,alt,0.1533203125,-4.550886926518815,-6.240948123794475,12,12
48,0.5,two_day,sharp,0.35693359375,2.314186108029377,-6.240948123794475,12,12
48,0.5,two_day,weak,0.48291015625,2.578068257425093,-6.240948123794475,12,12
48,0.5,two_day,weak_skew,0.75048828125,0.9019371284909182,-6.240948123794475,12,12
48,0.5,four_day,alt,0.03125,-6.0686688236692845,-6.240948123794475,6,12
48,0.5,four_day,sharp,0.6875,0.9215495023158837,-6.240948123794475,6,12
48,0.5,four_day,weak,0.90625,1.8772797031844182,-6.240948123794475,6,12
48,0.5,four_day,weak_skew,0.96875,-0.26039085827407743,-6.240948123794475,6,12
49,0.5,daily,alt,0.09278144371125775,-5.4686379430820224,-7.631496212050266,12,12
49,0.5,daily,sharp,0.7058588282343531,-0.6913843396998782,-7.631496212050266,12,12
49,0.5,daily,weak,0.7460507898420315,0.780736108469854,-7.631496212050266,12,12
49,0.5,daily,weak_skew,0.8186362727454509,0.7751012426286863,-7.631496212050266,12,12
49,0.5,two_day,alt,0.0419921875,-7.051713890616473,-7.631496212050266,12,12
49,0.5,two_day,sharp,0.93798828125,-0.19203487805774996,-7.631496212050266,12,12
49,0.5,two_day,weak,0.779296875,-1.2626024465072305,-7.631496212050266,12,12
49,0.5,two_day,weak_skew,0.69189453125,1.25126723377325,-7.631496212050266,12,12
49,0.5,four_day,alt,0.15625,-6.003035642214541,-7.631496212050266,6,12
49,0.5,four_day,sharp,0.90625,0.5919282083677023,-7.631496212050266,6,12
49,0.5,four_day,weak,0.1875,-5.819904159283855,-7.631496212050266,6,12
49,0.5,four_day,weak_skew,0.5,3.4867856113745055,-7.631496212050266,6,12
50,0.5,daily,alt,0.39992001599680066,-2.386706846836063,-8.491213907204312,12,12
50,0.5,daily,sharp,0.20475904819036192,2.9246243564230614,-8.491213907204312,12,12
50,0.5,daily,weak,0.24235152969406118,3.7245211590231815,-8.491213907204312,12,12
50,0.5,daily,weak_skew,0.07838432313537293,3.1598081089310406,-8.491213907204312,12,12
50,0.5,two_day,alt,0.02978515625,-9.388156583766486,-8.491213907204312,12,12
50,0.5,two_day,sharp,0.9638671875,0.14444007615710616,-8.491213907204312,12,12
50,0.5,two_day,weak,0.52001953125,3.0200854081405186,-8.491213907204312,12,12
50,0.5,two_day,weak_skew,0.63720703125,-2.194520835612399,-8.491213907204312,12,12
50,0.5,four_day,alt,0.09375,-10.079505938504873,-8.491213907204312,6,12
50,0.5,four_day,sharp,0.71875,-1.8752116910441892,-8.491213907204312,6,12
50,0.5,four_day,weak,0.78125,0.8887810930250465,-8.491213907204312,6,12
50,0.5,four_day,weak_skew,0.21875,-6.3420255231693075,-8.491213907204312,6,12
51,0.5,daily,alt,0.9632073585282943,-0.8664919800963412,-4.652987486985822,12,12
51,0.5,daily,sharp,0.3597280543891222,1.4859619109680409,-4.652987486985822,12,12
51,0.5,daily,weak,0.13877224555088982,2.5753237659278185,-4.652987486985822,12,12
51,0.5,daily,weak_skew,0.118376324735053,4.543212396453465,-4.652987486985822,12,12
51,0.5,two_day,alt,0.970703125,0.2812725103235512,-4.652987486985822,12,12
51,0.5,two_day,sharp,0.43017578125,1.9819629690111047,-4.652987486985822,12,12
51,0.5,two_day,weak,0.6953125,1.8995480200541348,-4.652987486985822,12,12
51,0.5,two_day,weak_skew,0.9296875,0.2639145205431153,-4.652987486985822,12,12
51,0.5,four_day,alt,0.84375,-1.4448915004842438,-4.652987486985822,6,12
51,0.5,four_day,sharp,0.53125,1.9104280913280338,-4.652987486985822,6,12
51,0.5,four_day,weak,0.3125,4.577607386737546,-4.652987486985822,6,12
51,0.5,four_day,weak_skew,0.25,6.223573146607991,-4.652987486985822,6,12
52,0.5,daily,alt,0.005198960207958408,-10.950483214331788,-10.146417279000659,12,12
52,0.5,daily,sharp,0.29674065186962606,-2.4614788085999497,-10.146417279000659,12,12
52,0.5,daily,weak,0.16996600679864027,-3.575722818897098,-10.146417279000659,12,12
52,0.5,daily,weak_skew,0.5474905018996201,-1.5872421674704522,-10.146417279000659,12,12
52,0.5,two_day,alt,0.01025390625,-14.961224208697402,-10.146417279000659,12,12
52,0.5,two_day,sharp,0.2802734375,-5.051391257060203,-10.146417279000659,12,12
52,0.5,two_day,weak,0.63623046875,-1.3714216768808913,-10.146417279000659,12,12
52,0.5,two_day,weak_skew,0.01025390625,-10.56618969493462,-10.146417279000659,12,12
52,0.5,four_day,alt,0.15625,-7.6267764912093305,-10.146417279000659,6,12
52,0.5,four_day,sharp,0.28125,3.273681999154217,-10.146417279000659,6,12
52,0.5,four_day,weak,0.125,7.058070511574226,-10.146417279000659,6,12
52,0.5,four_day,weak_skew,0.625,1.7525203153073363,-10.146417279000659,6,12
53,0.5,daily,alt,0.003199360127974405,-9.051700695520347,-8.305998320155965,12,12
53,0.5,daily,sharp,0.4521095780843831,-1.343997988520152,-8.305998320155965,12,12
53,0.5,daily,weak,0.9362127574485103,0.18580501429709173,-8.305998320155965,12,12
53,0.5,daily,weak_skew,0.3083383323335333,-2.8958305031786473,-8.305998320155965,12,12
53,0.5,two_day,alt,0.3291015625,-4.879556274076453,-8.305998320155965,12,12
53,0.5,two_day,sharp,0.72021484375,1.3311391916311948,-8.305998320155965,12,12
53,0.5,two_day,weak,0.203125,6.520119653467218,-8.305998320155965,12,12
53,0.5,two_day,weak_skew,0.96728515625,0.23088779533225315,-8.305998320155965,12,12
53,0.5,four_day,alt,0.09375,-5.898403780876081,-8.305998320155965,6,12
53,0.5,four_day,sharp,0.4375,2.542157562995392,-8.305998320155965,6,12
53,0.5,four_day,weak,0.96875,-0.6462139824964007,-8.305998320155965,6,12
53,0.5,four_day,weak_skew,0.21875,2.2331940937756976,-8.305998320155965,6,12
54,0.5,daily,alt,0.3207358528294341,-3.569003651405016,-6.194839056668052,12,12
54,0.5,daily,sharp,0.5164967006598681,1.6253095633018966,-6.194839056668052,12,12
54,0.5,daily,weak,0.7370525894821036,0.9767245815101949,-6.194839056668052,12,12
54,0.5,daily,weak_skew,0.8302339532093581,-0.552209315614857,-6.194839056668052,12,12
54,0.5,two_day,alt,0.0517578125,-6.426944887570582,-6.194839056668052,12,12
54,0.5,two_day,sharp,0.8984375,0.25316925228516496,-6.194839056668052,12,12
54,0.5,two_day,weak,0.40869140625,-3.1893737930773334,-6.194839056668052,12,12
54,0.5,two_day,weak_skew,0.994140625,0.02932812762689056,-6.194839056668052,12,12
54,0.5,four_day,alt,0.84375,-0.91654160145803,-6.194839056668052,6,12
54,0.5,four_day,sharp,0.21875,4.582182348248646,-6.194839056668052,6,12
54,0.5,four_day,weak,0.25,5.69681238806053,-6.194839056668052,6,12
54,0.5,four_day,weak_skew,0.0625,8.893831293227471,-6.194839056668052,6,12
55,0.5,daily,alt,0.0021995600879824036,-6.4565677742689,-9.348201614819253,12,12
55,0.5,daily,sharp,0.3693261347730454,1.269952195598193,-9.348201614819253,12,12
55,0.5,daily,weak,0.8244351129774046,0.6324440928767944,-9.348201614819253,12,12
55,0.5,daily,weak_skew,0.03139372125574885,3.303623927519499,-9.348201614819253,12,12
55,0.5,two_day,alt,0.0009765625,-10.791182963211908,-9.348201614819253,12,12
55,0.5,two_day,sharp,0.87451171875,-0.5033689245501621,-9.348201614819253,12,12
55,0.5,two_day,weak,0.2353515625,3.857713787739438,-9.348201614819253,12,12
55,0.5,two_day,weak_skew,0.21142578125,-3.8393920406065623,-9.348201614819253,12,12
55,0.5,four_day,alt,0.03125,-13.117191951914464,-9.348201614819253,6,12
55,0.5,four_day,sharp,0.5625,-2.9201741723929118,-9.348201614819253,6,12
55,0.5,four_day,weak,0.03125,7.611908534562474,-9.348201614819253,6,12
55,0.5,four_day,weak_skew,0.9375,-0.3882265283798472,-9.348201614819253,6,12
56,0.5,daily,alt,0.026394721055788842,-6.082939689367571,-5.479280941922013,12,12
56,0.5,daily,sharp,0.754249150169966,-0.5728634244928266,-5.479280941922013,12,12
56,0.5,daily,weak,0.5598880223955209,1.3109399353815927,-5.479280941922013,12,12
56,0.5,daily,weak_skew,0.4533093381323735,-2.0231415970578333,-5.479280941922013,12,12
56,0.5,two_day,alt,0.68994140625,2.028992239562111,-5.479280941922013,12,12
56,0.5,two_day,sharp,0.44287109375,3.5444319996486615,-5.479280941922013,12,12
56,0.5,two_day,weak,0.00732421875,10.305994023221588,-5.479280941922013,12,12
56,0.5,two_day,weak_skew,0.3740234375,6.893052644125436,-5.479280941922013,12,12
56,0.5,four_day,alt,0.75,-1.2325283790207007,-5.479280941922013,6,12
56,0.5,four_day,sharp,0.3125,5.433082188490452,-5.479280941922013,6,12
56,0.5,four_day,weak,0.3125,6.1523585925618205,-5.479280941922013,6,12
56,0.5,four_day,weak_skew,0.40625,10.09451885474599,-5.479280941922013,6,12
57,0.5,daily,alt,0.04239152169566087,-4.551261290069598,-10.595028193116633,12,12
57,0.5,daily,sharp,0.01899620075984803,2.3424656058855207,-10.595028193116633,12,12
57,0.5,daily,weak,0.0657868426314737,4.44455631467517,-10.595028193116633,12,12
57,0.5,daily,weak_skew,0.22075584883023394,2.717986658184389,-10.595028193116633,12,12
57,0.5,two_day,alt,0.00439453125,-10.203192114990827,-10.595028193116633,12,12
57,0.5,two_day,sharp,0.4541015625,-1.1385354047289329,-10.595028193116633,12,12
57,0.5,two_day,weak,0.42333984375,-1.4922203927887718,-10.595028193116633,12,12
57,0.5,two_day,weak_skew,0.38671875,3.1234410741669634,-10.595028193116633,12,12
57,0.5,four_day,alt,0.03125,-10.969330403858608,-10.595028193116633,6,12
57,0.5,four_day,sharp,0.0625,-1.1482774489221228,-10.595028193116633,6,12
57,0.5,four_day,weak,0.15625,-6.178994830564669,-10.595028193116633,6,12
57,0.5,four_day,weak_skew,0.21875,-2.6018691127602254,-10.595028193116633,6,12
58,0.5,daily,alt,0.002999400119976005,-8.158083215419547,-8.360231799485092,12,12
58,0.5,daily,sharp,0.1865626874625075,-1.6893662107651544,-8.360231799485092,12,12
58,0.5,daily,weak,0.5292941411717657,-1.425101636787686,-8.360231799485092,12,12
58,0.5,daily,weak_skew,0.23795240951809637,-2.283500779445031,-8.360231799485092,12,12
58,0.5,two_day,alt,0.01123046875,-7.311214762434973,-8.360231799485092,12,12
58,0.5,two_day,sharp,0.81787109375,0.37262232301444875,-8.360231799485092,12,12
58,0.5,two_day,weak,0.896484375,0.4592708876826759,-8.360231799485092,12,12
58,0.5,two_day,weak_skew,0.81298828125,-0.6862005738091922,-8.360231799485092,12,12
58,0.5,four_day,alt,0.90625,-2.6489017963116317,-8.360231799485092,6,12
58,0.5,four_day,sharp,0.875,7.607123319416079,-8.360231799485092,6,12
58,0.5,four_day,weak,0.84375,9.071633570538639,-8.360231799485092,6,12
58,0.5,four_day,weak_skew,0.5,11.206272084785448,-8.360231799485092,6,12
59,0.5,daily,alt,0.015396920615876825,-6.776220101736148,-7.957760339018229,12,12
59,0.5,daily,sharp,0.5000999800039992,-0.7651783848653615,-7.957760339018229,12,12
59,0.5,daily,weak,0.851629674065187,-0.3162108183779206,-7.957760339018229,12,12
59,0.5,daily,weak_skew,0.9414117176564687,0.14733040659095842,-7.957760339018229,12,12
59,0.5,two_day,alt,0.0146484375,-8.473152510792524,-7.957760339018229,12,12
59,0.5,two_day,sharp,0.9794921875,-0.05083589617449036,-7.957760339018229,12,12
59,0.5,two_day,weak,0.71142578125,-0.8583408641917512,-7.957760339018229,12,12
59,0.5,two_day,weak_skew,0.18701171875,-3.2760110650894023,-7.957760339018229,12,12
59,0.5,four_day,alt,0.28125,-5.973707108668179,-7.957760339018229,6,12
59,0.5,four_day,sharp,0.9375,-0.21269577066707748,-7.957760339018229,6,12
59,0.5,four_day,weak,0.25,5.2108889213231615,-7.957760339018229,6,12
59,0.5,four_day,weak_skew,0.375,5.730850709924495,-7.957760339018229,6,12
60,0.5,daily,alt,0.0003999200159968006,-11.509826204939786,-12.185578844687669,12,12
60,0.5,daily,sharp,0.29774045190961806,-1.9494540193375756,-12.185578844687669,12,12
60,0.5,daily,weak,0.4365126974605079,-2.007603866404328,-12.185578844687669,12,12
60,0.5,daily,weak_skew,0.6292741451709658,1.170360295499691,-12.185578844687669,12,12
60,0.5,two_day,alt,0.02734375,-7.312858767698107,-12.185578844687669,12,12
60,0.5,two_day,sharp,0.29541015625,3.1151762617414147,-12.185578844687669,12,12
60,0.5,two_day,weak,0.609375,1.4057323476835617,-12.185578844687669,12,12
60,0.5,two_day,weak_skew,0.60107421875,1.9161426162349695,-12.185578844687669,12,12
60,0.5,four_day,alt,0.03125,-12.364784445636033,-12.185578844687669,6,12
60,0.5,four_day,sharp,0.375,2.168139954515469,-12.185578844687669,6,12
60,0.5,four_day,weak,0.90625,-0.6840860153894776,-12.185578844687669,6,12
60,0.5,four_day,weak_skew,0.0625,5.0566707127771835,-12.185578844687669,6,12
61,0.5,daily,alt,0.016196760647870425,-8.876835103593463,-7.672998307578197,12,12
61,0.5,daily,sharp,0.6256748650269947,-1.1672402464795013,-7.672998307578197,12,12
61,0.5,daily,weak,0.9526094781043791,0.14534680906189004,-7.672998307578197,12,12
61,0.5,daily,weak_skew,0.15396920615876825,-3.6338285124964025,-7.672998307578197,12,12
61,0.5,two_day,alt,0.0244140625,-7.716014231280219,-7.672998307578197,12,12
61,0.5,two_day,sharp,0.72021484375,0.9734866739922605,-7.672998307578197,12,12
61,0.5,two_day,weak,0.63037109375,-2.2203494816688836,-7.672998307578197,12,12
61,0.5,two_day,weak_skew,0.998046875,0.006832839735616029,-7.672998307578197,12,12
61,0.5,four_day,alt,0.03125,-13.690271893427843,-7.672998307578197,6,12
61,0.5,four_day,sharp,0.1875,-4.582182556574442,-7.672998307578197,6,12
61,0.5,four_day,weak,0.59375,-2.426662708935781,-7.672998307578197,6,12
61,0.5,four_day,weak_skew,0.0625,-10.18340286698525,-7.672998307578197,6,12
62,0.5,daily,alt,0.003999200159968006,-6.31202518550482,-7.2394456435494945,12,12
62,0.5,daily,sharp,0.8178364327134573,0.4310567493964908,-7.2394456435494945,12,12
62,0.5,daily,weak,0.7128574285142971,-1.1419434448952728,-7.2394456435494945,12,12
62,0.5,daily,weak_skew,0.9554089182163568,0.14017687942694815,-7.2394456435494945,12,12
62,0.5,two_day,alt,0.0537109375,-5.495026705161226,-7.2394456435494945,12,12
62,0.5,two_day,sharp,0.53271484375,1.2075642145109977,-7.2394456435494945,12,12
62,0.5,two_day,weak,0.06640625,5.912827082187846,-7.2394456435494945,12,12
62,0.5,two_day,weak_skew,0.63623046875,2.3599376687663374,-7.2394456435494945,12,12
62,0.5,four_day,alt,0.09375,-10.15330836711087,-7.2394456435494945,6,12
62,0.5,four_day,sharp,0.875,-1.0629590637982094,-7.2394456435494945,6,12
62,0.5,four_day,weak,0.78125,-1.8895338218381355,-7.2394456435494945,6,12
62,0.5,four_day,weak_skew,0.21875,-3.801616178226851,-7.2394456435494945,6,12
63,0.5,daily,alt,0.19956008798240352,5.053285072261277,-5.555647271008638,12,12
63,0.5,daily,sharp,0.010397920415916816,5.798048020987371,-5.555647271008638,12,12
63,0.5,daily,weak,0.014797040591881624,4.194296726794014,-5.555647271008638,12,12
63,0.5,daily,weak_skew,0.08058388322335533,4.405669868374332,-5.555647271008638,12,12
63,0.5,two_day,alt,0.263671875,-4.751062591615153,-5.555647271008638,12,12
63,0.5,two_day,sharp,0.88232421875,0.3243033816525009,-5.555647271008638,12,12
63,0.5,two_day,weak,0.9033203125,0.5045279396432635,-5.555647271008638,12,12
63,0.5,two_day,weak_skew,0.70849609375,1.1069150290409417,-5.555647271008638,12,12
63,0.5,four_day,alt,0.15625,-7.43202218211619,-5.555647271008638,6,12
63,0.5,four_day,sharp,0.3125,-3.7959730489203545,-5.555647271008638,6,12
63,0.5,four_day,weak,0.65625,-3.1899349843389886,-5.555647271008638,6,12
63,0.5,four_day,weak_skew,0.90625,0.9794621818751045,-5.555647271008638,6,12
64,0.5,daily,alt,0.022595480903819236,-7.815664243143691,-7.989652168872965,12,12
64,0.5,daily,sharp,0.16816636672665466,-1.675953860488575,-7.989652168872965,12,12
64,0.5,daily,weak,0.16796640671865626,-2.4725781092930212,-7.989652168872965,12,12
64,0.5,daily,weak_skew,0.5734853029394121,-1.5379731792820213,-7.989652168872965,12,12
64,0.5,two_day,alt,0.12109375,-7.343392080323091,-7.989652168872965,12,12
64,0.5,two_day,sharp,0.8388671875,0.5887294504112474,-7.989652168872965,12,12
64,0.5,two_day,weak,0.46142578125,3.901021770040419,-7.989652168872965,12,12
64,0.5,two_day,weak_skew,0.41015625,-2.9008853948490962,-7.989652168872965,12,12
64,0.5,four_day,alt,0.1875,-7.589821532394136,-7.989652168872965,6,12
64,0.5,four_day,sharp,0.78125,-1.2348680306381385,-7.989652168872965,6,12
64,0.5,four_day,weak,0.4375,-3.0144539635343555,-7.989652168872965,6,12
64,0.5,four_day,weak_skew,0.71875,-2.9757761604857316,-7.989652168872965,6,12
65,0.5,daily,alt,0.01879624075184963,-8.690641709881096,-11.341903041745049,12,12
65,0.5,daily,sharp,0.9112177564487103,0.2577582431888228,-11.341903041745049,12,12
65,0.5,daily,weak,0.9314137172565486,0.21993093109868234,-11.341903041745049,12,12
65,0.5,daily,weak_skew,0.7864427114577085,0.6462621486439483,-11.341903041745049,12,12
65,0.5,two_day,alt,0.00537109375,-11.535733258721862,-11.341903041745049,12,12
65,0.5,two_day,sharp,0.8681640625,-0.3750822566060534,-11.341903041745049,12,12
65,0.5,two_day,weak,0.990234375,0.04840241408836891,-11.341903041745049,12,12
65,0.5,two_day,weak_skew,0.67529296875,1.763941375820325,-11.341903041745049,12,12
65,0.5,four_day,alt,0.0625,-15.50732334375578,-11.341903041745049,6,12
65,0.5,four_day,sharp,0.28125,-3.894841606560681,-11.341903041745049,6,12
65,0.5,four_day,weak,0.5,-4.4046593934043266,-11.341903041745049,6,12
65,0.5,four_day,weak_skew,0.0625,-7.377510661644725,-11.341903041745049,6,12
66,0.5,daily,alt,0.004799040191961607,-7.706660132090335,-10.046670788876995,12,12
66,0.5,daily,sharp,0.8966206758648271,0.2772295392222528,-10.046670788876995,12,12
66,0.5,daily,weak,0.16996600679864027,-3.52778938653589,-10.046670788876995,12,12
66,0.5,daily,weak_skew,0.9682063587282543,0.08340465842611995,-10.046670788876995,12,12
66,0.5,two_day,alt,0.00390625,-9.17381702520501,-10.046670788876995,12,12
66,0.5,two_day,sharp,0.78564453125,0.6257548482301866,-10.046670788876995,12,12
66,0.5,two_day,weak,0.93408203125,0.26400902777328206,-10.046670788876995,12,12
66,0.5,two_day,weak_skew,0.18994140625,-2.9886063911478202,-10.046670788876995,12,12
66,0.5,four_day,alt,0.03125,-10.70439206037935,-10.046670788876995,6,12
66,0.5,four_day,sharp,0.9375,-0.5148642616721967,-10.046670788876995,6,12
66,0.5,four_day,weak,0.96875,-0.0526405394795321,-10.046670788876995,6,12
66,0.5,four_day,weak_skew,0.5625,-2.3057986323366584,-10.046670788876995,6,12
67,0.5,daily,alt,0.003999200159968006,-10.56260474557843,-9.206798687295624,12,12
67,0.5,daily,sharp,0.7016596680663867,-1.0846154642272772,-9.206798687295624,12,12
67,0.5,daily,weak,0.3773245350929814,-2.865567918655193,-9.206798687295624,12,12
67,0.5,daily,weak_skew,0.7390521895620876,-1.1363560685041587,-9.206798687295624,12,12
67,0.5,two_day,alt,0.1181640625,-6.62610345592805,-9.206798687295624,12,12
67,0.5,two_day,sharp,0.90185546875,0.5061017025320454,-9.206798687295624,12,12
67,0.5,two_day,weak,0.759765625,-1.657576872993042,-9.206798687295624,12,12
67,0.5,two_day,weak_skew,0.5322265625,4.319238731829015,-9.206798687295624,12,12
67,0.5,four_day,alt,0.84375,-2.448582860645157,-9.206798687295624,6,12
67,0.5,four_day,sharp,0.3125,5.559577788219728,-9.206798687295624,6,12
67,0.5,four_day,weak,0.125,12.243702812595727,-9.206798687295624,6,12
67,0.5,four_day,weak_skew,0.65625,3.2693464450072356,-9.206798687295624,6,12
68,0.5,daily,alt,0.009398120375924815,-11.200830173702627,-10.713042465072881,12,12
68,0.5,daily,sharp,0.9346130773845231,-0.26901393027392534,-10.713042465072881,12,12
68,0.5,daily,weak,0.20275944811037794,3.5910546164937216,-10.713042465072881,12,12
68,0.5,daily,weak_skew,0.4839032193561288,-2.409309307264113,-10.713042465072881,12,12
68,0.5,two_day,alt,0.0107421875,-10.44029162387733,-10.713042465072881,12,12
68,0.5,two_day,sharp,0.77783203125,1.40976561279291,-10.713042465072881,12,12
68,0.5,two_day,weak,0.82568359375,-1.1203877173779546,-10.713042465072881,12,12
68,0.5,two_day,weak_skew,0.56494140625,-2.6830512432570455,-10.713042465072881,12,12
68,0.5,four_day,alt,0.03125,-12.024019167443031,-10.713042465072881,6,12
68,0.5,four_day,sharp,1.0,0.10898981028284993,-10.713042465072881,6,12
68,0.5,four_day,weak,0.875,-0.7718449899679017,-10.713042465072881,6,12
68,0.5,four_day,weak_skew,0.625,-2.4149038103197142,-10.713042465072881,6,12
69,0.5,daily,alt,0.6874625074985004,-1.9889474286589675,-1.2234417314740824,12,12
69,0.5,daily,sharp,0.4367126574685063,-1.8272847835489596,-1.2234417314740824,12,12
69,0.5,daily,weak,0.5960807838432314,-1.4879827974415616,-1.2234417314740824,12,12
69,0.5,daily,weak_skew,0.33313337332533494,-2.962584103041691,-1.2234417314740824,12,12
69,0.5,two_day,alt,0.13623046875,-6.94719337869098,-1.2234417314740824,12,12
69,0.5,two_day,sharp,0.26708984375,-2.828423723606471,-1.2234417314740824,12,12
69,0.5,two_day,weak,0.80322265625,-1.0791426900028742,-1.2234417314740824,12,12
69,0.5,two_day,weak_skew,0.333984375,-3.7397614253060607,-1.2234417314740824,12,12
69,0.5,four_day,alt,0.28125,-6.2422955178113435,-1.2234417314740824,6,12
69,0.5,four_day,sharp,0.46875,-2.2661522511755954,-1.2234417314740824,6,12
69,0.5,four_day,weak,0.34375,-6.238320016049361,-1.2234417314740824,6,12
69,0.5,four_day,weak_skew,0.9375,0.5266795928593027,-1.2234417314740824,6,12
70,0.5,daily,alt,0.001799640071985603,-9.632651945602433,-7.793358984706742,12,12
70,0.5,daily,sharp,0.3053389322135573,-1.9360378106909248,-7.793358984706742,12,12
70,0.5,daily,weak,0.08318336332733453,-4.350653010725121,-7.793358984706742,12,12
70,0.5,daily,weak_skew,0.6922615476904619,1.130494446613594,-7.793358984706742,12,12
70,0.5,two_day,alt,0.0634765625,-4.21387687858982,-7.793358984706742,12,12
70,0.5,two_day,sharp,0.43359375,2.4607764324479398,-7.793358984706742,12,12
70,0.5,two_day,weak,0.4072265625,3.403851402657812,-7.793358984706742,12,12
70,0.5,two_day,weak_skew,0.96142578125,0.17148386679946745,-7.793358984706742,12,12
70,0.5,four_day,alt,0.25,-3.7336028691263414,-7.793358984706742,6,12
70,0.5,four_day,sharp,0.375,2.797601860016035,-7.793358984706742,6,12
70,0.5,four_day,weak,0.71875,0.6047418634311867,-7.793358984706742,6,12
70,0.5,four_day,weak_skew,0.28125,-2.168370104431047,-7.793358984706742,6,12
71,0.5,daily,alt,0.0005998800239952009,-9.132237056007403,-7.998292076726173,12,12
71,0.5,daily,sharp,0.1911617676464707,-2.5589300856565056,-7.998292076726173,12,12
71,0.5,daily,weak,0.07578484303139373,-3.3129191686599104,-7.998292076726173,12,12
71,0.5,daily,weak_skew,0.5012997400519896,-1.8562404145454117,-7.998292076726173,12,12
71,0.5,two_day,alt,0.87451171875,-0.6879634612517608,-7.998292076726173,12,12
71,0.5,two_day,sharp,0.10205078125,5.2018112407467365,-7.998292076726173,12,12
71,0.5,two_day,weak,0.04443359375,9.016589650570404,-7.998292076726173,12,12
71,0.5,two_day,weak_skew,0.1572265625,5.824353409568679,-7.998292076726173,12,12
71,0.5,four_day,alt,0.25,-8.75959364718785,-7.998292076726173,6,12
71,0.5,four_day,sharp,0.90625,-0.7734112290409089,-7.998292076726173,6,12
71,0.5,four_day,weak,0.84375,0.6648231924689844,-7.998292076726173,6,12
71,0.5,four_day,weak_skew,0.90625,3.0090979786107233,-7.998292076726173,6,12
72,0.5,daily,alt,0.033793241351729654,-6.264107362608402,-8.302328651206743,12,12
72,0.5,daily,sharp,0.8792241551689662,0.48120130431302915,-8.302328651206743,12,12
72,0.5,daily,weak,0.587882423515297,1.3460388182293102,-8.302328651206743,12,12
72,0.5,daily,weak_skew,0.6480703859228154,-1.7174205616198897,-8.302328651206743,12,12
72,0.5,two_day,alt,0.001953125,-14.033163843181411,-8.302328651206743,12,12
72,0.5,two_day,sharp,0.10791015625,-5.329246896363768,-8.302328651206743,12,12
72,0.5,two_day,weak,0.064453125,-5.930940391403472,-8.302328651206743,12,12
72,0.5,two_day,weak_skew,0.064453125,-8.362462231728074,-8.302328651206743,12,12
72,0.5,four_day,alt,0.0625,-9.80154506988412,-8.302328651206743,6,12
72,0.5,four_day,sharp,0.6875,-1.2317485235184809,-8.302328651206743,6,12
72,0.5,four_day,weak,0.78125,-0.6939710390674149,-8.302328651206743,6,12
72,0.5,four_day,weak_skew,0.96875,0.5849637859429274,-8.302328651206743,6,12
73,0.5,daily,alt,0.0001999600079984003,-12.382389519262034,-7.623846779273599,12,12
73,0.5,daily,sharp,0.038592281543691265,-3.173894479642218,-7.623846779273599,12,12
73,0.5,daily,weak,0.0057988402319536095,-7.211374905452131,-7.623846779273599,12,12
73,0.5,daily,weak_skew,0.013197360527894421,-5.748290539851677,-7.623846779273599,12,12
73,0.5,two_day,alt,0.0029296875,-9.93294683417006,-7.623846779273599,12,12
73,0.5,two_day,sharp,0.3056640625,-1.5913458160812002,-7.623846779273599,12,12
73,0.5,two_day,weak,0.51953125,-2.61063288274076,-7.623846779273599,12,12
73,0.5,two_day,weak_skew,0.36865234375,1.7687221927985586,-7.623846779273599,12,12
73,0.5,four_day,alt,0.03125,-11.661964323044515,-7.623846779273599,6,12
73,0.5,four_day,sharp,0.21875,-2.1961038854143466,-7.623846779273599,6,12
73,0.5,four_day,weak,0.4375,-5.178073653399821,-7.623846779273599,6,12
73,0.5,four_day,weak_skew,0.1875,-5.486717977564223,-7.623846779273599,6,12
74,0.5,daily,alt,0.004999000199960008,-9.761353193894305,-8.852942115999724,12,12
74,0.5,daily,sharp,0.125374925014997,-2.415662795324027,-8.852942115999724,12,12
74,0.5,daily,weak,0.05598880223955209,-4.097591257515442,-8.852942115999724,12,12
74,0.5,daily,weak_skew,0.39732053589282146,-1.837947642894635,-8.852942115999724,12,12
74,0.5,two_day,alt,0.00146484375,-13.41545907450353,-8.852942115999724,12,12
74,0.5,two_day,sharp,0.06884765625,-4.325166283475938,-8.852942115999724,12,12
74,0.5,two_day,weak,0.09716796875,-7.030306721952136,-8.852942115999724,12,12
74,0.5,two_day,weak_skew,0.80126953125,1.4223897995070882,-8.852942115999724,12,12
74,0.5,four_day,alt,0.0625,-10.345960834859833,-8.852942115999724,6,12
74,0.5,four_day,sharp,0.59375,-1.0766085652921298,-8.852942115999724,6,12
74,0.5,four_day,weak,0.46875,-3.7481420848145697,-8.852942115999724,6,12
74,0.5,four_day,weak_skew,0.90625,0.39226505857184674,-8.852942115999724,6,12
75,0.5,daily,alt,0.0015996800639872025,-8.769949351670824,-12.319195312637063,12,12
75,0.5,daily,sharp,0.5828834233153369,1.4017456962764345,-12.319195312637063,12,12
75,0.5,daily,weak,0.7198560287942412,-1.4921513158328554,-12.319195312637063,12,12
75,0.5,daily,weak_skew,0.886622675464907,-0.40882786643278024,-12.319195312637063,12,12
75,0.5,two_day,alt,0.00146484375,-13.287098869882195,-12.319195312637063,12,12
75,0.5,two_day,sharp,0.7255859375,-0.863303838590871,-12.319195312637063,12,12
75,0.5,two_day,weak,0.77587890625,-1.3594998405298415,-12.319195312637063,12,12
75,0.5,two_day,weak_skew,0.978515625,-0.07658149565729151,-12.319195312637063,12,12
75,0.5,four_day,alt,0.0625,-12.94237396508254,-12.319195312637063,6,12
75,0.5,four_day,sharp,1.0,0.015554439294677517,-12.319195312637063,6,12
75,0.5,four_day,weak,0.96875,0.4820002556237976,-12.319195312637063,6,12
75,0.5,four_day,weak_skew,0.6875,-1.5007053361418805,-12.319195312637063,6,12
76,0.5,daily,alt,0.10317936412717456,-3.7835896647443996,-7.801784411054655,12,12
76,0.5,daily,sharp,0.6582683463307338,0.5301562089339645,-7.801784411054655,12,12
76,0.5,daily,weak,0.4257148570285943,1.7189609883112105,-7.801784411054655,12,12
76,0.5,daily,weak_skew,0.5436912617476505,1.1000817092576423,-7.801784411054655,12,12
76,0.5,two_day,alt,0.01318359375,-7.984502184979007,-7.801784411054655,12,12
76,0.5,two_day,sharp,0.89208984375,0.2779556462597868,-7.801784411054655,12,12
76,0.5,two_day,weak,0.7099609375,-1.1860032415149806,-7.801784411054655,12,12
76,0.5,two_day,weak_skew,0.63720703125,-1.2912570801974237,-7.801784411054655,12,12
76,0.5,four_day,alt,0.03125,-12.259772344216328,-7.801784411054655,6,12
76,0.5,four_day,sharp,0.5,-1.4350286871939606,-7.801784411054655,6,12
76,0.5,four_day,weak,0.71875,-1.6285780565866936,-7.801784411054655,6,12
76,0.5,four_day,weak_skew,0.75,-0.9632329949481443,-7.801784411054655,6,12
77,0.5,daily,alt,0.596880623875225,-1.6982951878506831,-5.641548571819641,12,12
77,0.5,daily,sharp,0.09018196360727855,5.624790423071372,-5.641548571819641,12,12
77,0.5,daily,weak,0.1305738852229554,6.028376543797215,-5.641548571819641,12,12
77,0.5,daily,weak_skew,0.0653869226154769,6.727935603043363,-5.641548571819641,12,12
77,0.5,two_day,alt,0.09423828125,-6.638743074287689,-5.641548571819641,12,12
77,0.5,two_day,sharp,0.47265625,-2.0498358579335236,-5.641548571819641,12,12
77,0.5,two_day,weak,0.80810546875,-0.9395377616396688,-5.641548571819641,12,12
77,0.5,two_day,weak_skew,0.2333984375,-4.229612950169501,-5.641548571819641,12,12
77,0.5,four_day,alt,0.21875,-10.554838012648025,-5.641548571819641,6,12
77,0.5,four_day,sharp,0.78125,-2.5291318318792584,-5.641548571819641,6,12
77,0.5,four_day,weak,0.875,-1.928585586917824,-5.641548571819641,6,12
77,0.5,four_day,weak_skew,0.34375,-7.0964874458260185,-5.641548571819641,6,12
78,0.5,daily,alt,0.0003999200159968006,-10.950909179202204,-11.52947350164743,12,12
78,0.5,daily,sharp,0.826634673065387,-0.35617181305128537,-11.52947350164743,12,12
78,0.5,daily,weak,0.28654269146170763,-2.2100644454192047,-11.52947350164743,12,12
78,0.5,daily,weak_skew,0.5582883423315337,-1.3628157595280832,-11.52947350164743,12,12
78,0.5,two_day,alt,0.0078125,-10.220794178072557,-11.52947350164743,12,12
78,0.5,two_day,sharp,0.9775390625,0.04272501920983807,-11.52947350164743,12,12
78,0.5,two_day,weak,0.8896484375,-0.5188980770689339,-11.52947350164743,12,12
78,0.5,two_day,weak_skew,0.69140625,-0.9741588064814888,-11.52947350164743,12,12
78,0.5,four_day,alt,0.0625,-11.742368215029321,-11.52947350164743,6,12
78,0.5,four_day,sharp,0.90625,-0.28417316715031166,-11.52947350164743,6,12
78,0.5,four_day,weak,0.90625,0.3759003389717475,-11.52947350164743,6,12
78,0.5,four_day,weak_skew,0.625,2.6683749352911144,-11.52947350164743,6,12
79,0.5,daily,alt,0.4803039392121576,-3.7559643675600967,-9.396453508794856,12,12
79,0.5,daily,sharp,0.2641471705658868,2.2586455104703176,-9.396453508794856,12,12
79,0.5,daily,weak,0.10477904419116177,5.000988615006636,-9.396453508794856,12,12
79,0.5,daily,weak_skew,0.10597880423915217,3.6069239517024076,-9.396453508794856,12,12
79,0.5,two_day,alt,0.00048828125,-12.627388558517445,-9.396453508794856,12,12
79,0.5,two_day,sharp,0.0908203125,-3.0182174039374736,-9.396453508794856,12,12
79,0.5,two_day,weak,0.0615234375,-5.744040686085309,-9.396453508794856,12,12
79,0.5,two_day,weak_skew,0.01220703125,-5.5853153946708325,-9.396453508794856,12,12
79,0.5,four_day,alt,0.875,-1.1077975992048519,-9.396453508794856,6,12
79,0.5,four_day,sharp,0.46875,4.023015657718435,-9.396453508794856,6,12
79,0.5,four_day,weak,0.21875,8.259435318106691,-9.396453508794856,6,12
79,0.5,four_day,weak_skew,0.34375,5.747398556857953,-9.396453508794856,6,12
80,0.5,daily,alt,0.04339132173565287,-6.128130999138894,-7.858723736338838,12,12
80,0.5,daily,sharp,0.8640271945610878,-0.49371539766110634,-7.858723736338838,12,12
80,0.5,daily,weak,0.3623275344931014,-2.6930795959603664,-7.858723736338838,12,12
80,0.5,daily,weak_skew,0.8564287142571486,0.6001921357370511,-7.858723736338838,12,12
80,0.5,two_day,alt,0.00146484375,-12.583837994909032,-7.858723736338838,12,12
80,0.5,two_day,sharp,0.015625,-5.542474170322716,-7.858723736338838,12,12
80,0.5,two_day,weak,0.4052734375,-2.741979466691896,-7.858723736338838,12,12
80,0.5,two_day,weak_skew,0.1259765625,-5.096548742487958,-7.858723736338838,12,12
80,0.5,four_day,alt,0.1875,-13.074496080088585,-7.858723736338838,6,12
80,0.5,four_day,sharp,0.8125,-4.070747748409455,-7.858723736338838,6,12
80,0.5,four_day,weak,0.90625,-1.8069154301533068,-7.858723736338838,6,12
80,0.5,four_day,weak_skew,0.65625,-6.128414854216349,-7.858723736338838,6,12
81,0.5,daily,alt,0.0005998800239952009,-10.988205479370157,-8.125148427548552,12,12
81,0.5,daily,sharp,0.20275944811037794,-1.8119901176676816,-8.125148427548552,12,12
81,0.5,daily,weak,0.016596680663867228,-5.039389294925604,-8.125148427548552,12,12
81,0.5,daily,weak_skew,0.8944211157768446,-0.2709664983037842,-8.125148427548552,12,12
81,0.5,two_day,alt,0.00146484375,-7.801680700331651,-8.125148427548552,12,12
81,0.5,two_day,sharp,0.10888671875,2.558951248969319,-8.125148427548552,12,12
81,0.5,two_day,weak,0.17431640625,3.8975155612478463,-8.125148427548552,12,12
81,0.5,two_day,weak_skew,0.05078125,6.07693158511394,-8.125148427548552,12,12
81,0.5,four_day,alt,0.0625,-11.559105952506236,-8.125148427548552,6,12
81,0.5,four_day,sharp,0.46875,-1.8335751817346448,-8.125148427548552,6,12
81,0.5,four_day,weak,0.28125,-3.8498036880897124,-8.125148427548552,6,12
81,0.5,four_day,weak_skew,0.375,3.617026592293944,-8.125148427548552,6,12
82,0.5,daily,alt,0.01279744051189762,-10.036488023248141,-11.386010248450752,12,12
82,0.5,daily,sharp,0.9696060787842431,-0.140140145197444,-11.386010248450752,12,12
82,0.5,daily,weak,0.8036392721455708,0.9014016052920404,-11.386010248450752,12,12
82,0.5,daily,weak_skew,0.6476704659068186,-1.4341912065048277,-11.386010248450752,12,12
82,0.5,two_day,alt,0.04345703125,-13.8056339527645,-11.386010248450752,12,12
82,0.5,two_day,sharp,0.6484375,-2.6705165037531926,-11.386010248450752,12,12
82,0.5,two_day,weak,0.33056640625,-4.517407825454387,-11.386010248450752,12,12
82,0.5,two_day,weak_skew,0.994140625,-0.07769480968734281,-11.386010248450752,12,12
82,0.5,four_day,alt,0.6875,1.6222582068544267,-11.386010248450752,6,12
82,0.5,four_day,sharp,0.0625,12.448051151138122,-11.386010248450752,6,12
82,0.5,four_day,weak,0.03125,15.171455593164067,-11.386010248450752,6,12
82,0.5,four_day,weak_skew,0.03125,13.307178690197444,-11.386010248450752,6,12
83,0.5,daily,alt,0.001999600079984003,-7.5351066404682285,-4.785279572319411,12,12
83,0.5,daily,sharp,0.023195360927814438,-2.801801186454579,-4.785279572319411,12,12
83,0.5,daily,weak,0.036192761447710456,-5.40271332913892,-4.785279572319411,12,12
83,0.5,daily,weak_skew,0.16156768646270747,-2.8029972397161167,-4.785279572319411,12,12
83,0.5,two_day,alt,0.27685546875,-4.809096997968351,-4.785279572319411,12,12
83,0.5,two_day,sharp,0.52880859375,-1.6871055455705932,-4.785279572319411,12,12
83,0.5,two_day,weak,0.90380859375,-0.48596844590766786,-4.785279572319411,12,12
83,0.5,two_day,weak_skew,0.44677734375,-2.6306423772496266,-4.785279572319411,12,12
83,0.5,four_day,alt,0.65625,-2.584307791521862,-4.785279572319411,6,12
83,0.5,four_day,sharp,0.5625,2.0599147965619515,-4.785279572319411,6,12
83,0.5,four_day,weak,0.0625,10.116690825087456,-4.785279572319411,6,12
83,0.5,four_day,weak_skew,0.9375,-0.2578456174449582,-4.785279572319411,6,12
84,0.5,daily,alt,0.0007998400319936012,-6.799834330970872,-7.292542481149795,12,12
84,0.5,daily,sharp,0.09698060387922415,-1.582679799541116,-7.292542481149795,12,12
84,0.5,daily,weak,0.0643871225754849,-3.308574808839054,-7.292542481149795,12,12
84,0.5,daily,weak_skew,0.3727254549090182,-1.633522999461017,-7.292542481149795,12,12
84,0.5,two_day,alt,0.41748046875,-3.283216663474817,-7.292542481149795,12,12
84,0.5,two_day,sharp,0.5888671875,1.612907347394317,-7.292542481149795,12,12
84,0.5,two_day,weak,0.55029296875,2.098801647202007,-7.292542481149795,12,12
84,0.5,two_day,weak_skew,0.5107421875,2.87532584182474,-7.292542481149795,12,12
84,0.5,four_day,alt,0.4375,-3.610744045269103,-7.292542481149795,6,12
84,0.5,four_day,sharp,0.875,0.8627633662982971,-7.292542481149795,6,12
84,0.5,four_day,weak,0.4375,2.894912946496408,-7.292542481149795,6,12
84,0.5,four_day,weak_skew,0.5,4.209641930005478,-7.292542481149795,6,12
85,0.5,daily,alt,0.004999000199960008,-9.104653467383761,-6.542423087344261,12,12
85,0.5,daily,sharp,0.10877824435112977,-2.215649888936474,-6.542423087344261,12,12
85,0.5,daily,weak,0.5822835432913417,-0.9461123502471285,-6.542423087344261,12,12
85,0.5,daily,weak_skew,0.27814437112577484,-3.206814037351028,-6.542423087344261,12,12
85,0.5,two_day,alt,0.10498046875,-7.554366932020101,-6.542423087344261,12,12
85,0.5,two_day,sharp,0.3408203125,-2.147690240003723,-6.542423087344261,12,12
85,0.5,two_day,weak,0.3955078125,-3.2219620750462528,-6.542423087344261,12,12
85,0.5,two_day,weak_skew,0.4375,-2.661144717834649,-6.542423087344261,12,12
85,0.5,four_day,alt,0.03125,-10.244233900527652,-6.542423087344261,6,12
85,0.5,four_day,sharp,0.28125,-2.1388349295103866,-6.542423087344261,6,12
85,0.5,four_day,weak,0.375,-6.155260609952262,-6.542423087344261,6,12
85,0.5,four_day,weak_skew,0.40625,4.702625096377928,-6.542423087344261,6,12
86,0.5,daily,alt,0.013597280543891222,-6.530572856710806,-4.75002082106149,12,12
86,0.5,daily,sharp,0.29374125174965005,-2.4814818004398727,-4.75002082106149,12,12
86,0.5,daily,weak,0.250749850029994,-3.2431688302904753,-4.75002082106149,12,12
86,0.5,daily,weak_skew,0.3807238552289542,-3.1922161677428,-4.75002082106149,12,12
86,0.5,two_day,alt,0.02001953125,-10.739764229621157,-4.75002082106149,12,12
86,0.5,two_day,sharp,0.2685546875,-4.737764973567754,-4.75002082106149,12,12
86,0.5,two_day,weak,0.00732421875,-9.950249857004605,-4.75002082106149,12,12
86,0.5,two_day,weak_skew,0.13623046875,-6.682241842489348,-4.75002082106149,12,12
86,0.5,four_day,alt,0.15625,-5.542992298835393,-4.75002082106149,6,12
86,0.5,four_day,sharp,0.78125,-1.0334783361455149,-4.75002082106149,6,12
86,0.5,four_day,weak,0.09375,2.9441763504873593,-4.75002082106149,6,12
86,0.5,four_day,weak_skew,0.6875,3.3004596027617232,-4.75002082106149,6,12
87,0.5,daily,alt,0.002999400119976005,-8.41081810393307,-7.511186110751304,12,12
87,0.5,daily,sharp,0.564887022595481,-1.0679492439533032,-7.511186110751304,12,12
87,0.5,daily,weak,0.4215156968606279,2.681150295380086,-7.511186110751304,12,12
87,0.5,daily,weak_skew,0.1367726454709058,-3.4910213475004817,-7.511186110751304,12,12
87,0.5,two_day,alt,0.0009765625,-15.43849015165276,-7.511186110751304,12,12
87,0.5,two_day,sharp,0.0263671875,-5.110411679983874,-7.511186110751304,12,12
87,0.5,two_day,weak,0.125,-4.744880743125985,-7.511186110751304,12,12
87,0.5,two_day,weak_skew,0.1025390625,-5.708085175265555,-7.511186110751304,12,12
87,0.5,four_day,alt,0.34375,-3.694070588778885,-7.511186110751304,6,12
87,0.5,four_day,sharp,0.09375,4.207824221301492,-7.511186110751304,6,12
87,0.5,four_day,weak,0.5,-2.4478360125447174,-7.511186110751304,6,12
87,0.5,four_day,weak_skew,0.125,6.284605407086313,-7.511186110751304,6,12
88,0.5,daily,alt,0.5960807838432314,-2.7305174320740484,-5.837696138518766,12,12
88,0.5,daily,sharp,0.7962407518496301,0.4739491121904435,-5.837696138518766,12,12
88,0.5,daily,weak,0.42351529694061185,2.4974437406853767,-5.837696138518766,12,12
88,0.5,daily,weak_skew,0.639872025594881,1.73326087337512,-5.837696138518766,12,12
88,0.5,two_day,alt,0.00927734375,-10.190550597037069,-5.837696138518766,12,12
88,0.5,two_day,sharp,0.34326171875,-2.278844461615723,-5.837696138518766,12,12
88,0.5,two_day,weak,0.65087890625,-1.3430651931948479,-5.837696138518766,12,12
88,0.5,two_day,weak_skew,0.9716796875,-0.14621088401004437,-5.837696138518766,12,12
88,0.5,four_day,alt,0.8125,-1.7705036036187327,-5.837696138518766,6,12
88,0.5,four_day,sharp,0.65625,1.3128328680263373,-5.837696138518766,6,12
88,0.5,four_day,weak,0.6875,1.511760921398409,-5.837696138518766,6,12
88,0.5,four_day,weak_skew,0.4375,4.665524120627684,-5.837696138518766,6,12
89,0.5,daily,alt,0.19456108778244352,-7.040607558030388,-11.683051518492924,12,12
89,0.5,daily,sharp,0.8118376324735053,1.4141897090705993,-11.683051518492924,12,12
89,0.5,daily,weak,0.9462107578484303,0.4429894904188168,-11.683051518492924,12,12
89,0.5,daily,weak_skew,0.5500899820035993,3.477708323937518,-11.683051518492924,12,12
89,0.5,two_day,alt,0.02685546875,-14.859761578515878,-11.683051518492924,12,12
89,0.5,two_day,sharp,0.83154296875,-2.461627814505853,-11.683051518492924,12,12
89,0.5,two_day,weak,0.8857421875,-2.7369345587784486,-11.683051518492924,12,12
89,0.5,two_day,weak_skew,0.84423828125,-2.65404202907602,-11.683051518492924,12,12
89,0.5,four_day,alt,0.03125,-13.553906117937116,-11.683051518492924,6,12
89,0.5,four_day,sharp,0.90625,-0.33484504759059774,-11.683051518492924,6,12
89,0.5,four_day,weak,0.96875,0.3513698335907627,-11.683051518492924,6,12
89,0.5,four_day,weak_skew,0.4375,3.021162534324463,-11.683051518492924,6,12
90,0.5,daily,alt,0.005598880223955209,-8.367031538424415,-8.789862491995265,12,12
90,0.5,daily,sharp,0.626874625074985,-0.9741576000062082,-8.789862491995265,12,12
90,0.5,daily,weak,0.9956008798240352,0.017546545325415625,-8.789862491995265,12,12
90,0.5,daily,weak_skew,0.4777044591081784,-1.584710231301046,-8.789862491995265,12,12
90,0.5,two_day,alt,0.1728515625,-5.887683902496423,-8.789862491995265,12,12
90,0.5,two_day,sharp,0.7607421875,0.96277466384887,-8.789862491995265,12,12
90,0.5,two_day,weak,0.90087890625,-0.43712413687542195,-8.789862491995265,12,12
90,0.5,two_day,weak_skew,0.59130859375,1.708857432036585,-8.789862491995265,12,12
90,0.5,four_day,alt,0.0625,-8.873117623127522,-8.789862491995265,6,12
90,0.5,four_day,sharp,0.96875,-0.33279508882016273,-8.789862491995265,6,12
90,0.5,four_day,weak,0.03125,6.389347404318829,-8.789862491995265,6,12
90,0.5,four_day,weak_skew,0.90625,-0.26739323319212477,-8.789862491995265,6,12
91,0.5,daily,alt,0.0003999200159968006,-13.933977041567966,-10.437137487250347,12,12
91,0.5,daily,sharp,0.26194761047790444,-4.071260586060889,-10.437137487250347,12,12
91,0.5,daily,weak,0.41551689662067587,-3.0278277604040524,-10.437137487250347,12,12
91,0.5,daily,weak_skew,0.9266146770645871,0.4717361404974862,-10.437137487250347,12,12
91,0.5,two_day,alt,0.7373046875,-4.5698100124673,-10.437137487250347,12,12
91,0.5,two_day,sharp,0.7490234375,-1.474031355002707,-10.437137487250347,12,12
91,0.5,two_day,weak,0.4736328125,-2.9106759028598073,-10.437137487250347,12,12
91,0.5,two_day,weak_skew,0.4111328125,-3.8178795099044547,-10.437137487250347,12,12
91,0.5,four_day,alt,0.0625,-10.956785558378684,-10.437137487250347,6,12
91,0.5,four_day,sharp,1.0,-0.07977849917096573,-10.437137487250347,6,12
91,0.5,four_day,weak,0.875,-0.43505929453677794,-10.437137487250347,6,12
91,0.5,four_day,weak_skew,0.1875,-5.456164490307271,-10.437137487250347,6,12
92,0.5,daily,alt,0.06938612277544491,-5.8611560321690925,-5.757182866866913,12,12
92,0.5,daily,sharp,0.8932213557288542,0.2742173199687669,-5.757182866866913,12,12
92,0.5,daily,weak,0.39592081583683264,-1.815519441824197,-5.757182866866913,12,12
92,0.5,daily,weak_skew,0.4939012197560488,-1.7422724783429568,-5.757182866866913,12,12
92,0.5,two_day,alt,0.0234375,-8.363644522645837,-5.757182866866913,12,12
92,0.5,two_day,sharp,0.81884765625,-0.5630877910335474,-5.757182866866913,12,12
92,0.5,two_day,weak,0.16259765625,-6.426945147130894,-5.757182866866913,12,12
92,0.5,two_day,weak_skew,0.87109375,0.5847449192725573,-5.757182866866913,12,12
92,0.5,four_day,alt,0.46875,-2.647110611014945,-5.757182866866913,6,12
92,0.5,four_day,sharp,0.21875,4.591311385043262,-5.757182866866913,6,12
92,0.5,four_day,weak,0.375,4.291321681918984,-5.757182866866913,6,12
92,0.5,four_day,weak_skew,0.59375,2.873879052072374,-5.757182866866913,6,12
93,0.5,daily,alt,0.34413117376524693,-4.583190495925389,-4.809247747992771,12,12
93,0.5,daily,sharp,0.6796640671865627,-1.7513675659063506,-4.809247747992771,12,12
93,0.5,daily,weak,0.6430713857228554,-1.740320962750981,-4.809247747992771,12,12
93,0.5,daily,weak_skew,0.6424715056988602,1.940050717398852,-4.809247747992771,12,12
93,0.5,two_day,alt,0.5927734375,-2.5238150607976473,-4.809247747992771,12,12
93,0.5,two_day,sharp,0.82470703125,0.42382459151926827,-4.809247747992771,12,12
93,0.5,two_day,weak,0.595703125,-1.1424898307296658,-4.809247747992771,12,12
93,0.5,two_day,weak_skew,0.57666015625,2.749493448510457,-4.809247747992771,12,12
93,0.5,four_day,alt,0.625,-3.7775607740655155,-4.809247747992771,6,12
93,0.5,four_day,sharp,0.96875,-0.05368337602067778,-4.809247747992771,6,12
93,0.5,four_day,weak,0.9375,0.859982415789671,-4.809247747992771,6,12
93,0.5,four_day,weak_skew,0.1875,-3.9947212808780144,-4.809247747992771,6,12
94,0.5,daily,alt,0.0005998800239952009,-10.656206980427505,-8.28725578860616,12,12
94,0.5,daily,sharp,0.26714657068586284,-1.9387924659545004,-8.28725578860616,12,12
94,0.5,daily,weak,0.9924015196960608,-0.0174897578513414,-8.28725578860616,12,12
94,0.5,daily,weak_skew,0.8532293541291741,-0.5008940693065718,-8.28725578860616,12,12
94,0.5,two_day,alt,0.29150390625,-4.624118656316423,-8.28725578860616,12,12
94,0.5,two_day,sharp,0.17333984375,5.0687092252499655,-8.28725578860616,12,12
94,0.5,two_day,weak,0.18115234375,5.552063159787639,-8.28725578860616,12,12
94,0.5,two_day,weak_skew,0.25244140625,6.782627066824368,-8.28725578860616,12,12
94,0.5,four_day,alt,0.15625,-10.000508137951071,-8.28725578860616,6,12
94,0.5,four_day,sharp,0.96875,-0.4524403116680548,-8.28725578860616,6,12
94,0.5,four_day,weak,0.5,-3.922904322398202,-8.28725578860616,6,12
94,0.5,four_day,weak_skew,0.90625,0.6505307141396864,-8.28725578860616,6,12
95,0.5,daily,alt,0.004599080183963208,-9.098029245547783,-7.571661519604149,12,12
95,0.5,daily,sharp,0.3135372925414917,-2.0444121784770792,-7.571661519604149,12,12
95,0.5,daily,weak,0.27114577084583086,-3.292978125005352,-7.571661519604149,12,12
95,0.5,daily,weak_skew,0.06758648270345931,-5.250991141480028,-7.571661519604149,12,12
95,0.5,two_day,alt,0.0869140625,-10.671271444512671,-7.571661519604149,12,12
95,0.5,two_day,sharp,0.4375,-3.0992945737436624,-7.571661519604149,12,12
95,0.5,two_day,weak,0.6064453125,-2.765760973095727,-7.571661519604149,12,12
95,0.5,two_day,weak_skew,0.33544921875,-4.778325498694245,-7.571661519604149,12,12
95,0.5,four_day,alt,0.90625,0.8488327942931129,-7.571661519604149,6,12
95,0.5,four_day,sharp,0.1875,4.803983520121761,-7.571661519604149,6,12
95,0.5,four_day,weak,0.125,8.628774494238352,-7.571661519604149,6,12
95,0.5,four_day,weak_skew,0.34375,6.642379754816365,-7.571661519604149,6,12
96,0.5,daily,alt,0.5280943811237753,-2.7532211221468956,-8.270333093477703,12,12
96,0.5,daily,sharp,0.16996600679864027,3.78411448277464,-8.270333093477703,12,12
96,0.5,daily,weak,0.23355328934213157,3.6557933287484357,-8.270333093477703,12,12
96,0.5,daily,weak_skew,0.22095580883823235,6.341659901323489,-8.270333093477703,12,12
96,0.5,two_day,alt,0.03173828125,-10.681432625015367,-8.270333093477703,12,12
96,0.5,two_day,sharp,0.7861328125,-1.2977763249571381,-8.270333093477703,12,12
96,0.5,two_day,weak,0.65869140625,-2.272711260765179,-8.270333093477703,12,12
96,0.5,two_day,weak_skew,0.3095703125,-4.682181827875134,-8.270333093477703,12,12
96,0.5,four_day,alt,0.375,-2.8752072999592335,-8.270333093477703,6,12
96,0.5,four_day,sharp,0.21875,4.196118708726509,-8.270333093477703,6,12
96,0.5,four_day,weak,0.25,4.988594497389758,-8.270333093477703,6,12
96,0.5,four_day,weak_skew,0.59375,3.4925052578898366,-8.270333093477703,6,12
97,0.5,daily,alt,0.038592281543691265,-7.708097189747925,-7.553263472523625,12,12
97,0.5,daily,sharp,0.21055788842231554,-1.8929782444610292,-7.553263472523625,12,12
97,0.5,daily,weak,0.10097980403919216,-6.053866711987568,-7.553263472523625,12,12
97,0.5,daily,weak_skew,0.011797640471905619,-5.068354628340383,-7.553263472523625,12,12
97,0.5,two_day,alt,0.23193359375,-4.2217595342891885,-7.553263472523625,12,12
97,0.5,two_day,sharp,0.22119140625,1.5373512096859165,-7.553263472523625,12,12
97,0.5,two_day,weak,0.91748046875,0.33559847441323853,-7.553263472523625,12,12
97,0.5,two_day,weak_skew,0.3330078125,-1.5745512044928767,-7.553263472523625,12,12
97,0.5,four_day,alt,0.03125,-14.519064629957862,-7.553263472523625,6,12
97,0.5,four_day,sharp,0.21875,-3.324365765018326,-7.553263472523625,6,12
97,0.5,four_day,weak,0.8125,1.267091556577623,-7.553263472523625,6,12
97,0.5,four_day,weak_skew,0.09375,-5.50722816648679,-7.553263472523625,6,12
98,0.5,daily,alt,0.7020595880823836,-2.0498728842969576,-4.353032347019749,12,12
98,0.5,daily,sharp,0.9392121575684863,-0.22264780059775546,-4.353032347019749,12,12
98,0.5,daily,weak,0.9866026794641072,-0.0449348793354698,-4.353032347019749,12,12
98,0.5,daily,weak_skew,0.9742051589682064,-0.10940622454409936,-4.353032347019749,12,12
98,0.5,two_day,alt,0.22412109375,9.523931316372982,-4.353032347019749,12,12
98,0.5,two_day,sharp,0.18359375,5.695275048763855,-4.353032347019749,12,12
98,0.5,two_day,weak,0.150390625,7.482364078116473,-4.353032347019749,12,12
98,0.5,two_day,weak_skew,0.45703125,6.331968128549749,-4.353032347019749,12,12
98,0.5,four_day,alt,0.8125,-1.6412629511658483,-4.353032347019749,6,12
98,0.5,four_day,sharp,0.84375,0.7056756248126584,-4.353032347019749,6,12
98,0.5,four_day,weak,0.4375,4.050448079389414,-4.353032347019749,6,12
98,0.5,four_day,weak_skew,0.9375,-0.5186561262596344,-4.353032347019749,6,12
99,0.5,daily,alt,0.41471705658868224,-3.618372088533851,-7.136113190338747,12,12
99,0.5,daily,sharp,0.8508298340331933,-0.7922928436149105,-7.136113190338747,12,12
99,0.5,daily,weak,0.354129174165167,3.5411929895507352,-7.136113190338747,12,12
99,0.5,daily,weak_skew,0.47230553889222154,2.190651619544641,-7.136113190338747,12,12
99,0.5,two_day,alt,0.22412109375,-5.438890115539635,-7.136113190338747,12,12
99,0.5,two_day,sharp,0.50537109375,2.5681513236510036,-7.136113190338747,12,12
99,0.5,two_day,weak,0.49609375,2.8414773432982297,-7.136113190338747,12,12
99,0.5,two_day,weak_skew,0.25146484375,5.01232602965572,-7.136113190338747,12,12
99,0.5,four_day,alt,0.03125,-10.431408454767032,-7.136113190338747,6,12
99,0.5,four_day,sharp,0.21875,-3.077515997383864,-7.136113190338747,6,12
99,0.5,four_day,weak,0.53125,2.4036902334138204,-7.136113190338747,6,12
99,0.5,four_day,weak_skew,0.84375,0.8189556523755925,-7.136113190338747,6,12
100,0.5,daily,alt,0.0009998000399920016,-7.128771289924916,-7.434435145292554,12,12
100,0.5,daily,sharp,0.5472905418916216,0.9761846222588483,-7.434435145292554,12,12
100,0.5,daily,weak,0.6434713057388523,-1.1201717420978667,-7.434435145292554,12,12
100,0.5,daily,weak_skew,0.2611477704459108,3.2285420924533614,-7.434435145292554,12,12
100,0.5,two_day,alt,0.00341796875,-8.356242269118306,-7.434435145292554,12,12
100,0.5,two_day,sharp,0.35302734375,-2.456823774065544,-7.434435145292554,12,12
100,0.5,two_day,weak,0.44970703125,-3.3429388164026457,-7.434435145292554,12,12
100,0.5,two_day,weak_skew,0.75341796875,2.0077909562476393,-7.434435145292554,12,12
100,0.5,four_day,alt,0.09375,-8.910460280846207,-7.434435145292554,6,12
100,0.5,four_day,sharp,0.4375,-3.159772635670791,-7.434435145292554,6,12
100,0.5,four_day,weak,0.625,-2.5843483997901266,-7.434435145292554,6,12
100,0.5,four_day,weak_skew,1.0,-0.08616573436581139,-7.434435145292554,6,12
101,0.5,daily,alt,0.10097980403919216,-4.245665832625392,-7.331018232070974,12,12
101,0.5,daily,sharp,0.5480903819236153,1.7828453272748004,-7.331018232070974,12,12
101,0.5,daily,weak,0.0651869626074785,6.464016718735711,-7.331018232070974,12,12
101,0.5,daily,weak_skew,0.8432313537292542,-0.5846261221166381,-7.331018232070974,12,12
101,0.5,two_day,alt,0.0263671875,-11.77297353980562,-7.331018232070974,12,12
101,0.5,two_day,sharp,0.57275390625,-2.8271642600779323,-7.331018232070974,12,12
101,0.5,two_day,weak,0.359375,-5.3954929963102005,-7.331018232070974,12,12
101,0.5,two_day,weak_skew,0.8056640625,-1.2310251139013968,-7.331018232070974,12,12
101,0.5,four_day,alt,0.03125,-13.417852396301635,-7.331018232070974,6,12
101,0.5,four_day,sharp,0.375,-3.8155794824378666,-7.331018232070974,6,12
101,0.5,four_day,weak,0.0625,-10.046625088433794,-7.331018232070974,6,12
101,0.5,four_day,weak_skew,0.46875,-4.703227145468005,-7.331018232070974,6,12
102,0.5,daily,alt,0.07518496300739852,-3.582690357844955,-7.687271018102493,12,12
102,0.5,daily,sharp,0.04059188162367527,2.7153197743628046,-7.687271018102493,12,12
102,0.5,daily,weak,0.5836832633473306,1.141107182907864,-7.687271018102493,12,12
102,0.5,daily,weak_skew,0.21375724855028994,2.4257263010014687,-7.687271018102493,12,12
102,0.5,two_day,alt,0.0146484375,-11.571305943390461,-7.687271018102493,12,12
102,0.5,two_day,sharp,0.82666015625,-1.2394075754579312,-7.687271018102493,12,12
102,0.5,two_day,weak,0.50830078125,-3.5799597249569195,-7.687271018102493,12,12
102,0.5,two_day,weak_skew,0.59521484375,-3.1215442305022947,-7.687271018102493,12,12
102,0.5,four_day,alt,0.71875,-2.463435988717736,-7.687271018102493,6,12
102,0.5,four_day,sharp,0.34375,6.615493662865743,-7.687271018102493,6,12
102,0.5,four_day,weak,0.25,8.42163677815932,-7.687271018102493,6,12
102,0.5,four_day,weak_skew,0.28125,10.862692553526722,-7.687271018102493,6,12
103,0.5,daily,alt,0.0003999200159968006,-7.6149920884628415,-9.034604688150047,12,12
103,0.5,daily,sharp,0.6988602279544092,0.5780410725900348,-9.034604688150047,12,12
103,0.5,daily,weak,0.8378324335132974,0.5545984585224417,-9.034604688150047,12,12
103,0.5,daily,weak_skew,0.3823235352929414,-2.0043082728066604,-9.034604688150047,12,12
103,0.5,two_day,alt,0.328125,-3.230684392184521,-9.034604688150047,12,12
103,0.5,two_day,sharp,0.1552734375,2.939547300491341,-9.034604688150047,12,12
103,0.5,two_day,weak,0.22607421875,5.361160834574416,-9.034604688150047,12,12
103,0.5,two_day,weak_skew,0.39306640625,5.9344220467439035,-9.034604688150047,12,12
103,0.5,four_day,alt,0.34375,-4.446585678017609,-9.034604688150047,6,12
103,0.5,four_day,sharp,0.375,3.8615233683568895,-9.034604688150047,6,12
103,0.5,four_day,weak,0.03125,12.741999646405754,-9.034604688150047,6,12
103,0.5,four_day,weak_skew,0.59375,2.98456624786442,-9.034604688150047,6,12
104,0.5,daily,alt,0.21055788842231554,-5.123110178662113,-6.298710153795,12,12
104,0.5,daily,sharp,0.7100579884023195,-0.7943436499539421,-6.298710153795,12,12
104,0.5,daily,weak,0.8524295140971806,-0.5889381410178428,-6.298710153795,12,12
104,0.5,daily,weak_skew,0.556488702259548,2.1032697367028903,-6.298710153795,12,12
104,0.5,two_day,alt,0.96826171875,0.37375229355120315,-6.298710153795,12,12
104,0.5,two_day,sharp,0.56396484375,2.124962137602657,-6.298710153795,12,12
104,0.5,two_day,weak,0.63427734375,-1.7654282236807994,-6.298710153795,12,12
104,0.5,two_day,weak_skew,0.25390625,5.923700971846951,-6.298710153795,12,12
104,0.5,four_day,alt,0.03125,-10.734749277536464,-6.298710153795,6,12
104,0.5,four_day,sharp,0.875,-0.37562728665385237,-6.298710153795,6,12
104,0.5,four_day,weak,0.5,-4.081038484567489,-6.298710153795,6,12
104,0.5,four_day,weak_skew,1.0,-0.18999776246462,-6.298710153795,6,12
105,0.5,daily,alt,0.0007998400319936012,-7.576694173959389,-11.351830918698496,12,12
105,0.5,daily,sharp,0.39012197560487905,1.7889091149427045,-11.351830918698496,12,12
105,0.5,daily,weak,0.4081183763247351,2.5129215217920624,-11.351830918698496,12,12
105,0.5,daily,weak_skew,0.5732853429314138,1.7316589448890547,-11.351830918698496,12,12
105,0.5,two_day,alt,0.0009765625,-8.068370885988182,-11.351830918698496,12,12
105,0.5,two_day,sharp,0.22021484375,1.7406144315602816,-11.351830918698496,12,12
105,0.5,two_day,weak,0.68798828125,-1.2478687738273357,-11.351830918698496,12,12
105,0.5,two_day,weak_skew,0.4111328125,2.579001566794125,-11.351830918698496,12,12
105,0.5,four_day,alt,0.03125,-11.649557286322048,-11.351830918698496,6,12
105,0.5,four_day,sharp,0.4375,-1.625122663134442,-11.351830918698496,6,12
105,0.5,four_day,weak,0.125,-4.516161599549569,-11.351830918698496,6,12
105,0.5,four_day,weak_skew,0.875,0.5173499891235606,-11.351830918698496,6,12
106,0.5,daily,alt,0.019396120775844832,-5.547242279650262,-6.9400103233509185,12,12
106,0.5,daily,sharp,0.7314537092581483,-0.774999189270582,-6.9400103233509185,12,12
106,0.5,daily,weak,0.5390921815636872,1.7025324962572217,-6.9400103233509185,12,12
106,0.5,daily,weak_skew,0.9538092381523695,-0.1836647201392919,-6.9400103233509185,12,12
106,0.5,two_day,alt,0.11474609375,-6.896605418558019,-6.9400103233509185,12,12
106,0.5,two_day,sharp,0.8330078125,-0.7896680456419786,-6.9400103233509185,12,12
106,0.5,two_day,weak,0.23095703125,4.807159620821435,-6.9400103233509185,12,12
106,0.5,two_day,weak_skew,0.7685546875,1.220971567666244,-6.9400103233509185,12,12
106,0.5,four_day,alt,0.34375,-5.2067226000619184,-6.9400103233509185,6,12
106,0.5,four_day,sharp,0.75,1.168520088218236,-6.9400103233509185,6,12
106,0.5,four_day,weak,0.96875,0.48660940101949396,-6.9400103233509185,6,12
106,0.5,four_day,weak_skew,0.53125,-2.4319097375067416,-6.9400103233509185,6,12
107,0.5,daily,alt,0.01199760047990402,-9.289383023644183,-7.487500043834814,12,12
107,0.5,daily,sharp,0.6404719056188762,-1.6902033427468843,-7.487500043834814,12,12
107,0.5,daily,weak,0.7978404319136173,1.1343286204872065,-7.487500043834814,12,12
107,0.5,daily,weak_skew,0.2913417316536693,-3.256596922040145,-7.487500043834814,12,12
107,0.5,two_day,alt,0.25634765625,-4.911585063879804,-7.487500043834814,12,12
107,0.5,two_day,sharp,0.3603515625,3.493634580334046,-7.487500043834814,12,12
107,0.5,two_day,weak,0.9912109375,-0.05498467048888441,-7.487500043834814,12,12
107,0.5,two_day,weak_skew,0.78369140625,1.1527511754514392,-7.487500043834814,12,12
107,0.5,four_day,alt,0.09375,-8.695789135992825,-7.487500043834814,6,12
107,0.5,four_day,sharp,0.71875,0.8408320192927631,-7.487500043834814,6,12
107,0.5,four_day,weak,0.96875,-0.16997327559179234,-7.487500043834814,6,12
107,0.5,four_day,weak_skew,0.4375,-3.151885849328797,-7.487500043834814,6,12
108,0.5,daily,alt,0.014997000599880024,-10.934743043167586,-8.974789211616823,12,12
108,0.5,daily,sharp,0.07138572285542892,-4.91887919591924,-8.974789211616823,12,12
108,0.5,daily,weak,0.2965406918616277,-2.9241453221504403,-8.974789211616823,12,12
108,0.5,daily,weak_skew,0.5498900219956009,-2.7512922105939808,-8.974789211616823,12,12
108,0.5,two_day,alt,0.02685546875,-11.998921179211365,-8.974789211616823,12,12
108,0.5,two_day,sharp,0.19091796875,-4.224547210857315,-8.974789211616823,12,12
108,0.5,two_day,weak,0.5029296875,-2.6606440071553408,-8.974789211616823,12,12
108,0.5,two_day,weak_skew,0.12744140625,-6.1109034416841075,-8.974789211616823,12,12
108,0.5,four_day,alt,0.0625,-14.078036594036993,-8.974789211616823,6,12
108,0.5,four_day,sharp,0.53125,-3.1149133815608074,-8.974789211616823,6,12
108,0.5,four_day,weak,0.65625,-5.41494041654229,-8.974789211616823,6,12
108,0.5,four_day,weak_skew,0.46875,-4.180209531376736,-8.974789211616823,6,12
109,0.5,daily,alt,0.8564287142571486,1.2195756848277164,-4.355588325772629,12,12
109,0.5,daily,sharp,0.4767046590681864,2.5850595268156673,-4.355588325772629,12,12
109,0.5,daily,weak,0.40331933613277343,3.7775511642641466,-4.355588325772629,12,12
109,0.5,daily,weak_skew,0.9348130373925215,-0.41702126543759377,-4.355588325772629,12,12
109,0.5,two_day,alt,0.70556640625,2.4305762705490337,-4.355588325772629,12,12
109,0.5,two_day,sharp,0.3212890625,3.5716103777548707,-4.355588325772629,12,12
109,0.5,two_day,weak,0.51953125,3.150400757006197,-4.355588325772629,12,12
109,0.5,two_day,weak_skew,0.3369140625,4.7424961500221645,-4.355588325772629,12,12
109,0.5,four_day,alt,0.78125,4.23213879065445,-4.355588325772629,6,12
109,0.5,four_day,sharp,0.3125,3.7563010824424836,-4.355588325772629,6,12
109,0.5,four_day,weak,0.90625,0.3720952848544303,-4.355588325772629,6,12
109,0.5,four_day,weak_skew,0.875,0.49870147116096913,-4.355588325772629,6,12
110,0.5,daily,alt,0.0013997200559888023,-8.80166714270627,-11.493031027948547,12,12
110,0.5,daily,sharp,0.7838432313537292,-0.4624115630312697,-11.493031027948547,12,12
110,0.5,daily,weak,0.3353329334133173,2.1196543706762427,-11.493031027948547,12,12
110,0.5,daily,weak_skew,0.08118376324735053,-2.8144184257063576,-11.493031027948547,12,12
110,0.5,two_day,alt,0.001953125,-12.977051296440548,-11.493031027948547,12,12
110,0.5,two_day,sharp,0.75830078125,-0.7347855794271995,-11.493031027948547,12,12
110,0.5,two_day,weak,0.6513671875,-1.5517070210133834,-11.493031027948547,12,12
110,0.5,two_day,weak_skew,0.517578125,3.7310428886224063,-11.493031027948547,12,12
110,0.5,four_day,alt,0.03125,-7.818854921927873,-11.493031027948547,6,12
110,0.5,four_day,sharp,0.84375,0.3146846502979024,-11.493031027948547,6,12
110,0.5,four_day,weak,0.6875,1.3013354633820111,-11.493031027948547,6,12
110,0.5,four_day,weak_skew,0.59375,-1.5971378323995704,-11.493031027948547,6,12
111,0.5,daily,alt,0.09178164367126575,-5.05664234020369,-6.715821901874833,12,12
111,0.5,daily,sharp,0.9814037192561488,-0.05453034636628473,-6.715821901874833,12,12
111,0.5,daily,weak,0.8154369126174765,0.534542829488822,-6.715821901874833,12,12
111,0.5,daily,weak_skew,0.49750049990002,-1.4075041361453298,-6.715821901874833,12,12
111,0.5,two_day,alt,0.033203125,-9.901506510335373,-6.715821901874833,12,12
111,0.5,two_day,sharp,0.41748046875,-2.7939790170151806,-6.715821901874833,12,12
111,0.5,two_day,weak,0.708984375,1.6047614213984858,-6.715821901874833,12,12
111,0.5,two_day,weak_skew,0.54638671875,-3.170392648399993,-6.715821901874833,12,12
111,0.5,four_day,alt,0.125,-11.118689445417715,-6.715821901874833,6,12
111,0.5,four_day,sharp,0.28125,-4.704119011285774,-6.715821901874833,6,12
111,0.5,four_day,weak,0.09375,-6.2688080971248334,-6.715821901874833,6,12
111,0.5,four_day,weak_skew,0.0625,-8.84504611655259,-6.715821901874833,6,12
112,0.5,daily,alt,0.0003999200159968006,-7.67428558944011,-9.632830045738636,12,12
112,0.5,daily,sharp,0.32313537292541494,-1.1824296310217477,-9.632830045738636,12,12
112,0.5,daily,weak,0.6750649870025994,-0.8522279976977144,-9.632830045738636,12,12
112,0.5,daily,weak_skew,0.28154369126174766,-1.3851244100890459,-9.632830045738636,12,12
112,0.5,two_day,alt,0.00048828125,-17.072859680138425,-9.632830045738636,12,12
112,0.5,two_day,sharp,0.01123046875,-6.093658173426675,-9.632830045738636,12,12
112,0.5,two_day,weak,0.14697265625,-3.2351785825696715,-9.632830045738636,12,12
112,0.5,two_day,weak_skew,0.16552734375,-6.975456851240323,-9.632830045738636,12,12
112,0.5,four_day,alt,0.03125,-12.313938066795638,-9.632830045738636,6,12
112,0.5,four_day,sharp,0.21875,-4.3035079806150085,-9.632830045738636,6,12
112,0.5,four_day,weak,0.625,-3.067503911963403,-9.632830045738636,6,12
112,0.5,four_day,weak_skew,0.8125,-1.37680809998378,-9.632830045738636,6,12
113,0.5,daily,alt,0.11397720455908818,-7.1842489506142355,-7.430565807117574,12,12
113,0.5,daily,sharp,0.7490501899620076,-1.3692387765781475,-7.430565807117574,12,12
113,0.5,daily,weak,0.4803039392121576,-2.875747177823989,-7.430565807117574,12,12
113,0.5,daily,weak_skew,0.530493901219756,-2.2801312463410857,-7.430565807117574,12,12
113,0.5,two_day,alt,0.05078125,-13.349797083550172,-7.430565807117574,12,12
113,0.5,two_day,sharp,0.43212890625,-4.259423682927045,-7.430565807117574,12,12
113,0.5,two_day,weak,0.53125,-4.027322400508682,-7.430565807117574,12,12
113,0.5,two_day,weak_skew,0.64697265625,-3.2608423501887507,-7.430565807117574,12,12
113,0.5,four_day,alt,0.53125,-5.605610262217053,-7.430565807117574,6,12
113,0.5,four_day,sharp,1.0,0.4127048809521649,-7.430565807117574,6,12
113,0.5,four_day,weak,0.59375,4.555633989827421,-7.430565807117574,6,12
113,0.5,four_day,weak_skew,0.375,-5.142058633256965,-7.430565807117574,6,12
114,0.5,daily,alt,0.004599080183963208,-8.79895210993883,-6.560749237821213,12,12
114,0.5,daily,sharp,0.08658268346330734,-3.086233054760244,-6.560749237821213,12,12
114,0.5,daily,weak,0.7654469106178764,-0.841709172729835,-6.560749237821213,12,12
114,0.5,daily,weak_skew,0.01859628074385123,-4.905312500560065,-6.560749237821213,12,12
114,0.5,two_day,alt,0.251953125,-4.936092944093645,-6.560749237821213,12,12
114,0.5,two_day,sharp,0.66357421875,1.3809399599905248,-6.560749237821213,12,12
114,0.5,two_day,weak,0.61962890625,-2.6906773210246873,-6.560749237821213,12,12
114,0.5,two_day,weak_skew,0.69970703125,1.6455942254209297,-6.560749237821213,12,12
114,0.5,four_day,alt,0.0625,-5.915788530519691,-6.560749237821213,6,12
114,0.5,four_day,sharp,0.90625,0.26757347239403845,-6.560749237821213,6,12
114,0.5,four_day,weak,0.53125,-2.4379817092039935,-6.560749237821213,6,12
114,0.5,four_day,weak_skew,1.0,-0.08103309594864665,-6.560749237821213,6,12
115,0.5,daily,alt,0.028994201159768047,-7.173602843620163,-8.098528937865346,12,12
115,0.5,daily,sharp,0.9242151569686062,-0.19362110985177475,-8.098528937865346,12,12
115,0.5,daily,weak,0.6160767846430714,-1.0807694213838719,-8.098528937865346,12,12
115,0.5,daily,weak_skew,0.6652669466106779,-1.2340324077562013,-8.098528937865346,12,12
115,0.5,two_day,alt,0.00048828125,-13.391001021328057,-8.098528937865346,12,12
115,0.5,two_day,sharp,0.0322265625,-4.563360209404413,-8.098528937865346,12,12
115,0.5,two_day,weak,0.3857421875,-2.571916335637299,-8.098528937865346,12,12
115,0.5,two_day,weak_skew,0.20166015625,-4.142955145819942,-8.098528937865346,12,12
115,0.5,four_day,alt,0.5625,-3.793409447438851,-8.098528937865346,6,12
115,0.5,four_day,sharp,0.28125,3.077482142860031,-8.098528937865346,6,12
115,0.5,four_day,weak,0.03125,10.631580295177397,-8.098528937865346,6,12
115,0.5,four_day,weak_skew,0.9375,0.6170003946600376,-8.098528937865346,6,12
116,0.5,daily,alt,0.6140771845630874,-1.5307053998702322,-3.687206519161137,12,12
116,0.5,daily,sharp,0.4549090181963607,1.7328854492945773,-3.687206519161137,12,12
116,0.5,daily,weak,0.34093181363727254,2.6873172328590766,-3.687206519161137,12,12
116,0.5,daily,weak_skew,0.27554489102179563,3.6113668034241964,-3.687206519161137,12,12
116,0.5,two_day,alt,0.0888671875,-6.170230378006932,-3.687206519161137,12,12
116,0.5,two_day,sharp,0.6669921875,-1.3363424761499818,-3.687206519161137,12,12
116,0.5,two_day,weak,0.37744140625,-4.387390756439048,-3.687206519161137,12,12
116,0.5,two_day,weak_skew,0.22314453125,5.236723065886722,-3.687206519161137,12,12
116,0.5,four_day,alt,0.1875,-7.159170266337387,-3.687206519161137,6,12
116,0.5,four_day,sharp,0.34375,-4.004004025714326,-3.687206519161137,6,12
116,0.5,four_day,weak,0.5625,-2.3215951263173245,-3.687206519161137,6,12
116,0.5,four_day,weak_skew,0.25,-4.736918552353678,-3.687206519161137,6,12
117,0.5,daily,alt,0.0003999200159968006,-10.866518127616402,-9.686210692456783,12,12
117,0.5,daily,sharp,0.4585082983403319,-1.5605646887498963,-9.686210692456783,12,12
117,0.5,daily,weak,0.41711657668466307,-3.0471888763072017,-9.686210692456783,12,12
117,0.5,daily,weak_skew,0.9568086382723455,0.19683758745442384,-9.686210692456783,12,12
117,0.5,two_day,alt,0.234375,-3.8092642141934285,-9.686210692456783,12,12
117,0.5,two_day,sharp,0.01416015625,5.576904939512573,-9.686210692456783,12,12
117,0.5,two_day,weak,0.162109375,5.564477674157609,-9.686210692456783,12,12
117,0.5,two_day,weak_skew,0.02587890625,12.733795369598695,-9.686210692456783,12,12
117,0.5,four_day,alt,0.25,-7.183243869073073,-9.686210692456783,6,12
117,0.5,four_day,sharp,0.90625,1.1405788831736505,-9.686210692456783,6,12
117,0.5,four_day,weak,0.5625,-3.4750194224707123,-9.686210692456783,6,12
117,0.5,four_day,weak_skew,0.875,0.7217630630616251,-9.686210692456783,6,12
118,0.5,daily,alt,0.0001999600079984003,-10.865465018515883,-9.26864415090936,12,12
118,0.5,daily,sharp,0.2579484103179364,-1.501201180985434,-9.26864415090936,12,12
118,0.5,daily,weak,0.6950609878024395,-0.9249466738059322,-9.26864415090936,12,12
118,0.5,daily,weak_skew,0.6460707858428314,1.7857160292768874,-9.26864415090936,12,12
118,0.5,two_day,alt,0.02880859375,-6.672913718992935,-9.26864415090936,12,12
118,0.5,two_day,sharp,0.27001953125,1.5330120727417829,-9.26864415090936,12,12
118,0.5,two_day,weak,0.314453125,2.26411931161752,-9.26864415090936,12,12
118,0.5,two_day,weak_skew,0.5009765625,2.4530569513397,-9.26864415090936,12,12
118,0.5,four_day,alt,0.03125,-11.898466385007348,-9.26864415090936,6,12
118,0.5,four_day,sharp,0.28125,-2.0618376307641326,-9.26864415090936,6,12
118,0.5,four_day,weak,0.46875,-4.092033120114319,-9.26864415090936,6,12
118,0.5,four_day,weak_skew,0.65625,-1.6550742845212874,-9.26864415090936,6,12
119,0.5,daily,alt,0.0003999200159968006,-9.092691200526636,-9.463549696441177,12,12
119,0.5,daily,sharp,0.727254549090182,-0.5092619216718486,-9.463549696441177,12,12
119,0.5,daily,weak,0.7936412717456509,-0.7386882262610636,-9.463549696441177,12,12
119,0.5,daily,weak_skew,0.33773245350929815,-1.745146416028567,-9.463549696441177,12,12
119,0.5,two_day,alt,0.03515625,-11.561497857457397,-9.463549696441177,12,12
119,0.5,two_day,sharp,0.34912109375,-2.138300228351388,-9.463549696441177,12,12
119,0.5,two_day,weak,0.34521484375,-3.8218687446177597,-9.463549696441177,12,12
119,0.5,two_day,weak_skew,0.2314453125,-3.6163138903129077,-9.463549696441177,12,12
119,0.5,four_day,alt,0.25,-3.892320915703325,-9.463549696441177,6,12
119,0.5,four_day,sharp,0.5625,1.3020160194396244,-9.463549696441177,6,12
119,0.5,four_day,weak,0.15625,5.709719469909817,-9.463549696441177,6,12
119,0.5,four_day,weak_skew,0.34375,7.575562585617599,-9.463549696441177,6,12
120,0.5,daily,alt,0.008598280343931213,-4.896443554588227,-8.50853437569532,12,12
120,0.5,daily,sharp,0.4315136972605479,1.2036414724535245,-8.50853437569532,12,12
120,0.5,daily,weak,0.6756648670265947,0.9347119103608078,-8.50853437569532,12,12
120,0.5,daily,weak_skew,0.15056988602279545,2.0544770362721896,-8.50853437569532,12,12
120,0.5,two_day,alt,0.01123046875,-10.319800610956515,-8.50853437569532,12,12
120,0.5,two_day,sharp,0.22265625,-3.5445704969947713,-8.50853437569532,12,12
120,0.5,two_day,weak,0.60986328125,-2.092178213335199,-8.50853437569532,12,12
120,0.5,two_day,weak_skew,0.30615234375,-3.72679473617853,-8.50853437569532,12,12
120,0.5,four_day,alt,0.09375,-7.133599199428962,-8.50853437569532,6,12
120,0.5,four_day,sharp,0.46875,2.1132961162628767,-8.50853437569532,6,12
120,0.5,four_day,weak,0.28125,6.920006118041055,-8.50853437569532,6,12
120,0.5,four_day,weak_skew,0.6875,1.005908904371405,-8.50853437569532,6,12
121,0.5,daily,alt,0.015196960607878424,-7.788743731098624,-8.798788688532582,12,12
121,0.5,daily,sharp,0.29454109178164367,1.7018974138185794,-8.798788688532582,12,12
121,0.5,daily,weak,0.506498700259948,2.3347573976879734,-8.798788688532582,12,12
121,0.5,daily,weak_skew,0.3225354929014197,2.9975657786747116,-8.798788688532582,12,12
121,0.5,two_day,alt,0.00146484375,-8.39449202475172,-8.798788688532582,12,12
121,0.5,two_day,sharp,0.8623046875,0.297276231281509,-8.798788688532582,12,12
121,0.5,two_day,weak,0.28076171875,3.6186125423989437,-8.798788688532582,12,12
121,0.5,two_day,weak_skew,0.5322265625,-1.1846996523240414,-8.798788688532582,12,12
121,0.5,four_day,alt,0.0625,-10.265890764918732,-8.798788688532582,6,12
121,0.5,four_day,sharp,0.5,-0.7230466246019583,-8.798788688532582,6,12
121,0.5,four_day,weak,0.65625,-1.2823408854089895,-8.798788688532582,6,12
121,0.5,four_day,weak_skew,0.9375,1.6706101870127779,-8.798788688532582,6,12
122,0.5,daily,alt,0.07038592281543692,-3.9099896765877156,-4.888185671883086,12,12
122,0.5,daily,sharp,0.9566086782643471,-0.11846185350101261,-4.888185671883086,12,12
122,0.5,daily,weak,0.5540891821635673,-1.5623052478374142,-4.888185671883086,12,12
122,0.5,daily,weak_skew,0.8128374325134973,0.7633601453205964,-4.888185671883086,12,12
122,0.5,two_day,alt,0.0400390625,-6.402036245796456,-4.888185671883086,12,12
122,0.5,two_day,sharp,0.32568359375,-2.422996549614481,-4.888185671883086,12,12
122,0.5,two_day,weak,0.5126953125,-2.4505220955559763,-4.888185671883086,12,12
122,0.5,two_day,weak_skew,0.28515625,-3.680019865775554,-4.888185671883086,12,12
122,0.5,four_day,alt,1.0,0.18249926811061457,-4.888185671883086,6,12
122,0.5,four_day,sharp,0.4375,3.00968649837955,-4.888185671883086,6,12
122,0.5,four_day,weak,0.9375,-0.6248581904382959,-4.888185671883086,6,12
122,0.5,four_day,weak_skew,0.625,2.9284731033465072,-4.888185671883086,6,12
123,0.5,daily,alt,0.19456108778244352,-3.920983457711314,-8.851302050034946,12,12
123,0.5,daily,sharp,0.26034793041391724,1.096509925149288,-8.851302050034946,12,12
123,0.5,daily,weak,0.5874825034993001,-1.210932140892756,-8.851302050034946,12,12
123,0.5,daily,weak_skew,0.9922015596880623,-0.02754383442511177,-8.851302050034946,12,12
123,0.5,two_day,alt,0.08544921875,-8.294691061899634,-8.851302050034946,12,12
123,0.5,two_day,sharp,0.72119140625,-0.5098564043875496,-8.851302050034946,12,12
123,0.5,two_day,weak,0.04638671875,5.110159734344078,-8.851302050034946,12,12
123,0.5,two_day,weak_skew,0.3046875,5.643347697860084,-8.851302050034946,12,12
123,0.5,four_day,alt,1.0,-0.03882594840210155,-8.851302050034946,6,12
123,0.5,four_day,sharp,0.53125,1.7522012411260697,-8.851302050034946,6,12
123,0.5,four_day,weak,0.96875,-0.1413071572064588,-8.851302050034946,6,12
123,0.5,four_day,weak_skew,0.34375,3.6170239865578915,-8.851302050034946,6,12
124,0.5,daily,alt,0.017196560687862426,-5.5794002386352135,-8.65545125267456,12,12
124,0.5,daily,sharp,0.21615676864627076,2.5177187294344336,-8.65545125267456,12,12
124,0.5,daily,weak,0.3889222155568886,1.91834673628803,-8.65545125267456,12,12
124,0.5,daily,weak_skew,0.46330733853229356,2.092913085656185,-8.65545125267456,12,12
124,0.5,two_day,alt,0.33544921875,-3.925217687310702,-8.65545125267456,12,12
124,0.5,two_day,sharp,0.3203125,2.01770328905363,-8.65545125267456,12,12
124,0.5,two_day,weak,0.60693359375,1.6228462432606925,-8.65545125267456,12,12
124,0.5,two_day,weak_skew,0.4462890625,3.083068367017004,-8.65545125267456,12,12
124,0.5,four_day,alt,0.03125,-18.35942476260392,-8.65545125267456,6,12
124,0.5,four_day,sharp,0.125,-7.1082683919230485,-8.65545125267456,6,12
124,0.5,four_day,weak,0.71875,2.7325541611347766,-8.65545125267456,6,12
124,0.5,four_day,weak_skew,0.125,-9.740229902639818,-8.65545125267456,6,12
125,0.5,daily,alt,0.006998600279944011,-8.283039764927409,-7.907547509056059,12,12
125,0.5,daily,sharp,0.2959408118376325,-1.917860643955746,-7.907547509056059,12,12
125,0.5,daily,weak,0.4237152569486103,-1.9627608424438805,-7.907547509056059,12,12
125,0.5,daily,weak_skew,0.7212557488502299,1.304150622131256,-7.907547509056059,12,12
125,0.5,two_day,alt,0.2275390625,-4.113793951825982,-7.907547509056059,12,12
125,0.5,two_day,sharp,0.20263671875,2.7039577988790793,-7.907547509056059,12,12
125,0.5,two_day,weak,0.9541015625,0.3354915610671381,-7.907547509056059,12,12
125,0.5,two_day,weak_skew,0.36083984375,2.977813632153094,-7.907547509056059,12,12
125,0.5,four_day,alt,0.03125,-12.083957526864088,-7.907547509056059,6,12
125,0.5,four_day,sharp,0.625,-3.537824515714282,-7.907547509056059,6,12
125,0.5,four_day,weak,0.125,8.311600672511352,-7.907547509056059,6,12
125,0.5,four_day,weak_skew,0.59375,-3.7938736353255558,-7.907547509056059,6,12
126,0.5,daily,alt,0.013397320535892822,-3.809921321975271,-7.516997867374087,12,12
126,0.5,daily,sharp,0.2705458908218356,1.318916014835074,-7.516997867374087,12,12
126,0.5,daily,weak,0.6786642671465707,0.8609556490457221,-7.516997867374087,12,12
126,0.5,daily,weak_skew,0.6992601479704059,0.9490130629826806,-7.516997867374087,12,12
126,0.5,two_day,alt,0.02880859375,-6.595696298128305,-7.516997867374087,12,12
126,0.5,two_day,sharp,0.45654296875,1.0493739732245906,-7.516997867374087,12,12
126,0.5,two_day,weak,0.14453125,-3.79692805899356,-7.516997867374087,12,12
126,0.5,two_day,weak_skew,0.80224609375,-0.6556657494253463,-7.516997867374087,12,12
126,0.5,four_day,alt,0.15625,-6.3802264974368095,-7.516997867374087,6,12
126,0.5,four_day,sharp,0.71875,1.2502630023859567,-7.516997867374087,6,12
126,0.5,four_day,weak,0.5,3.5593728737034773,-7.516997867374087,6,12
126,0.5,four_day,weak_skew,0.84375,0.8611211418966273,-7.516997867374087,6,12
127,0.5,daily,alt,0.001999600079984003,-10.880424313992535,-6.085674912004869,12,12
127,0.5,daily,sharp,0.012397520495900819,-4.087087380709841,-6.085674912004869,12,12
127,0.5,daily,weak,0.1835632873425315,-2.7857235461040766,-6.085674912004869,12,12
127,0.5,daily,weak_skew,0.1881623675264947,-3.1485581219125653,-6.085674912004869,12,12
127,0.5,two_day,alt,0.00830078125,-9.262037863805192,-6.085674912004869,12,12
127,0.5,two_day,sharp,0.06982421875,-3.9998613488352235,-6.085674912004869,12,12
127,0.5,two_day,weak,0.34326171875,-3.6012531049754313,-6.085674912004869,12,12
127,0.5,two_day,weak_skew,0.33544921875,-3.1531729286180106,-6.085674912004869,12,12
127,0.5,four_day,alt,0.25,-6.377964267926738,-6.085674912004869,6,12
127,0.5,four_day,sharp,0.875,-0.8824594390425856,-6.085674912004869,6,12
127,0.5,four_day,weak,0.0625,12.976582028315997,-6.085674912004869,6,12
127,0.5,four_day,weak_skew,0.1875,-6.100611076064635,-6.085674912004869,6,12
128,0.5,daily,alt,0.008598280343931213,-13.396229776831362,-8.089720147503726,12,12
128,0.5,daily,sharp,0.07218556288742252,-5.705549601564357,-8.089720147503726,12,12
128,0.5,daily,weak,0.1247750449910018,-6.548150361646418,-8.089720147503726,12,12
128,0.5,daily,weak_skew,0.7150569886022795,-1.6672511860352526,-8.089720147503726,12,12
128,0.5,two_day,alt,0.00048828125,-19.854314760400328,-8.089720147503726,12,12
128,0.5,two_day,sharp,0.04296875,-9.881500311353642,-8.089720147503726,12,12
128,0.5,two_day,weak,0.1064453125,-9.539390714514186,-8.089720147503726,12,12
128,0.5,two_day,weak_skew,0.025390625,-11.753923335467627,-8.089720147503726,12,12
128,0.5,four_day,alt,0.0625,-13.020862242406352,-8.089720147503726,6,12
128,0.5,four_day,sharp,0.65625,-2.2796280280364556,-8.089720147503726,6,12
128,0.5,four_day,weak,0.875,1.4770215945307281,-8.089720147503726,6,12
128,0.5,four_day,weak_skew,0.5,6.15708933375852,-8.089720147503726,6,12
129,0.5,daily,alt,0.0001999600079984003,-14.466456789909799,-12.25237134740879,12,12
129,0.5,daily,sharp,0.5298940211957609,-1.85077160192101,-12.25237134740879,12,12
129,0.5,daily,weak,0.04899020195960808,-4.6466464743153075,-12.25237134740879,12,12
129,0.5,daily,weak_skew,0.07658468306338732,-5.063599266756843,-12.25237134740879,12,12
129,0.5,two_day,alt,0.04931640625,-8.841034230630685,-12.25237134740879,12,12
129,0.5,two_day,sharp,0.3671875,2.380141568974103,-12.25237134740879,12,12
129,0.5,two_day,weak,0.36865234375,-3.7137453868659294,-12.25237134740879,12,12
129,0.5,two_day,weak_skew,0.29248046875,4.044507601470819,-12.25237134740879,12,12
129,0.5,four_day,alt,0.03125,-7.947208260101235,-12.25237134740879,6,12
129,0.5,four_day,sharp,0.09375,5.2301411219735,-12.25237134740879,6,12
129,0.5,four_day,weak,0.125,7.90470186542256,-12.25237134740879,6,12
129,0.5,four_day,weak_skew,0.375,1.7788516492120319,-12.25237134740879,6,12
130,0.5,daily,alt,0.0001999600079984003,-8.256004850618087,-8.12177425417223,12,12
130,0.5,daily,sharp,0.08578284343131373,-1.5466171429332973,-8.12177425417223,12,12
130,0.5,daily,weak,0.45770845830833834,-1.757793126666965,-8.12177425417223,12,12
130,0.5,daily,weak_skew,0.858628274345131,-0.2846747324123869,-8.12177425417223,12,12
130,0.5,two_day,alt,0.0927734375,-6.581930723477484,-8.12177425417223,12,12
130,0.5,two_day,sharp,0.5693359375,1.4672740876729662,-8.12177425417223,12,12
130,0.5,two_day,weak,0.287109375,4.094844759901603,-8.12177425417223,12,12
130,0.5,two_day,weak_skew,0.56005859375,2.4018183078270936,-8.12177425417223,12,12
130,0.5,four_day,alt,0.09375,-11.056220874690647,-8.12177425417223,6,12
130,0.5,four_day,sharp,0.4375,-3.2432238850221347,-8.12177425417223,6,12
130,0.5,four_day,weak,0.6875,-0.859507590184594,-8.12177425417223,6,12
130,0.5,four_day,weak_skew,0.375,-4.40589051335154,-8.12177425417223,6,12
131,0.5,daily,alt,0.755248950209958,-1.1277609157919304,-9.279259279443266,12,12
131,0.5,daily,sharp,0.02419516096780644,5.882902562337313,-9.279259279443266,12,12
131,0.5,daily,weak,0.5498900219956009,1.790366847378051,-9.279259279443266,12,12
131,0.5,daily,weak_skew,0.07578484303139373,5.4557454681339435,-9.279259279443266,12,12
131,0.5,two_day,alt,0.01416015625,-10.126459649787096,-9.279259279443266,12,12
131,0.5,two_day,sharp,0.81298828125,0.8712332624092269,-9.279259279443266,12,12
131,0.5,two_day,weak,0.64111328125,-1.7813857046383514,-9.279259279443266,12,12
131,0.5,two_day,weak_skew,0.650390625,2.736863607355048,-9.279259279443266,12,12
131,0.5,four_day,alt,0.03125,-12.785468368019599,-9.279259279443266,6,12
131,0.5,four_day,sharp,0.375,-3.041998286552358,-9.279259279443266,6,12
131,0.5,four_day,weak,1.0,0.2886609284618243,-9.279259279443266,6,12
131,0.5,four_day,weak_skew,0.84375,4.406158213353177,-9.279259279443266,6,12
132,0.5,daily,alt,0.002999400119976005,-10.974300453022481,-9.171624488457532,12,12
132,0.5,daily,sharp,0.379124175164967,-2.3160974973142943,-9.171624488457532,12,12
132,0.5,daily,weak,0.3175364927014597,-3.022218051208432,-9.171624488457532,12,12
132,0.5,daily,weak_skew,0.506498700259948,-2.203193118344101,-9.171624488457532,12,12
132,0.5,two_day,alt,0.1396484375,-5.96223461570672,-9.171624488457532,12,12
132,0.5,two_day,sharp,0.7626953125,0.9239280217701555,-9.171624488457532,12,12
132,0.5,two_day,weak,0.35546875,-4.770124376341228,-9.171624488457532,12,12
132,0.5,two_day,weak_skew,0.8759765625,-0.574276526195017,-9.171624488457532,12,12
132,0.5,four_day,alt,0.0625,-9.346443995456855,-9.171624488457532,6,12
132,0.5,four_day,sharp,1.0,0.22517071428609134,-9.171624488457532,6,12
132,0.5,four_day,weak,0.53125,-4.049299111644072,-9.171624488457532,6,12
132,0.5,four_day,weak_skew,0.71875,-2.1472826786052246,-9.171624488457532,6,12
133,0.5,daily,alt,0.3767246550689862,-5.01594754021929,-8.0879610484833,12,12
133,0.5,daily,sharp,0.5708858228354329,3.7278904377061397,-8.0879610484833,12,12
133,0.5,daily,weak,0.754249150169966,1.9025785159494593,-8.0879610484833,12,12
133,0.5,daily,weak_skew,0.4983003399320136,3.9907571299976663,-8.0879610484833,12,12
133,0.5,two_day,alt,0.07568359375,-10.531892607934068,-8.0879610484833,12,12
133,0.5,two_day,sharp,0.9697265625,0.26270000538137595,-8.0879610484833,12,12
133,0.5,two_day,weak,0.89697265625,0.9530559941472146,-8.0879610484833,12,12
133,0.5,two_day,weak_skew,0.88037109375,-1.044644570970215,-8.0879610484833,12,12
133,0.5,four_day,alt,1.0,-0.2051734733689088,-8.0879610484833,6,12
133,0.5,four_day,sharp,0.0625,7.012690574782202,-8.0879610484833,6,12
133,0.5,four_day,weak,0.15625,7.522772673269202,-8.0879610484833,6,12
133,0.5,four_day,weak_skew,0.46875,5.575258282975363,-8.0879610484833,6,12
134,0.5,daily,alt,0.014997000599880024,-9.926087954472154,-9.822395331207261,12,12
134,0.5,daily,sharp,0.9234153169366127,-0.30898054006384496,-9.822395331207261,12,12
134,0.5,daily,weak,0.7946410717856429,-0.8831991090294746,-9.822395331207261,12,12
134,0.5,daily,weak_skew,0.6736652669466107,-1.518065727724057,-9.822395331207261,12,12
134,0.5,two_day,alt,0.033203125,-8.860563435903694,-9.822395331207261,12,12
134,0.5,two_day,sharp,0.5107421875,2.635223062950845,-9.822395331207261,12,12
134,0.5,two_day,weak,0.109375,7.375459874606278,-9.822395331207261,12,12
134,0.5,two_day,weak_skew,0.685546875,2.4837558394077526,-9.822395331207261,12,12
134,0.5,four_day,alt,0.53125,-6.942486746076553,-9.822395331207261,6,12
134,0.5,four_day,sharp,0.84375,1.9965240408623341,-9.822395331207261,6,12
134,0.5,four_day,weak,0.875,-5.892547400619004,-9.822395331207261,6,12
134,0.5,four_day,weak_skew,0.90625,1.3989435401225734,-9.822395331207261,6,12
135,0.5,daily,alt,0.03959208158368326,-6.94138303169093,-9.753213398696488,12,12
135,0.5,daily,sharp,0.9490101979604079,0.15114746401233425,-9.753213398696488,12,12
135,0.5,daily,weak,0.8528294341131774,0.7786718172040921,-9.753213398696488,12,12
135,0.5,daily,weak_skew,0.2829434113177364,3.264218619179214,-9.753213398696488,12,12
135,0.5,two_day,alt,0.05810546875,-9.181387434862403,-9.753213398696488,12,12
135,0.5,two_day,sharp,0.92529296875,0.2788391593134776,-9.753213398696488,12,12
135,0.5,two_day,weak,0.67919921875,1.9688188728510057,-9.753213398696488,12,12
135,0.5,two_day,weak_skew,0.69970703125,1.5945421466313014,-9.753213398696488,12,12
135,0.5,four_day,alt,0.03125,-16.1704304310215,-9.753213398696488,6,12
135,0.5,four_day,sharp,0.3125,-5.338322866853315,-9.753213398696488,6,12
135,0.5,four_day,weak,0.53125,-5.12724228346926,-9.753213398696488,6,12
135,0.5,four_day,weak_skew,0.625,-5.075195856044044,-9.753213398696488,6,12
136,0.5,daily,alt,0.09618076384723055,-5.97877663994399,-7.322741135853541,12,12
136,0.5,daily,sharp,0.33473305338932213,-1.9632208825068578,-7.322741135853541,12,12
136,0.5,daily,weak,0.23475304939012198,-2.893610578615404,-7.322741135853541,12,12
136,0.5,daily,weak_skew,0.9414117176564687,-0.20240086257731052,-7.322741135853541,12,12
136,0.5,two_day,alt,0.005859375,-11.2351130834168,-7.322741135853541,12,12
136,0.5,two_day,sharp,0.8896484375,-0.32178259843486084,-7.322741135853541,12,12
136,0.5,two_day,weak,0.1220703125,4.699342656138856,-7.322741135853541,12,12
136,0.5,two_day,weak_skew,0.494140625,2.375043625824469,-7.322741135853541,12,12
136,0.5,four_day,alt,0.625,-3.5838953336321104,-7.322741135853541,6,12
136,0.5,four_day,sharp,0.8125,0.627206087868411,-7.322741135853541,6,12
136,0.5,four_day,weak,0.1875,6.8204050798858065,-7.322741135853541,6,12
136,0.5,four_day,weak_skew,0.625,-1.7714900190654592,-7.322741135853541,6,12
137,0.5,daily,alt,0.008398320335932814,-9.07810240277359,-11.597377614516027,12,12
137,0.5,daily,sharp,0.9118176364727054,-0.3131940531325122,-11.597377614516027,12,12
137,0.5,daily,weak,0.09898020395920816,4.679438097387824,-11.597377614516027,12,12
137,0.5,daily,weak_skew,0.651869626074785,-1.442841139268617,-11.597377614516027,12,12
137,0.5,two_day,alt,0.111328125,-5.333905956059408,-11.597377614516027,12,12
137,0.5,two_day,sharp,0.068359375,5.250168523561368,-11.597377614516027,12,12
137,0.5,two_day,weak,0.1103515625,4.207917623047718,-11.597377614516027,12,12
137,0.5,two_day,weak_skew,0.521484375,1.7984823068805298,-11.597377614516027,12,12
137,0.5,four_day,alt,0.09375,-10.387084806109085,-11.597377614516027,6,12
137,0.5,four_day,sharp,0.53125,1.8347670306270298,-11.597377614516027,6,12
137,0.5,four_day,weak,0.84375,1.7672464087391913,-11.597377614516027,6,12
137,0.5,four_day,weak_skew,0.34375,11.391410168498993,-11.597377614516027,6,12
138,0.5,daily,alt,0.23715256948610278,-4.999646655123539,-8.516556642033343,12,12
138,0.5,daily,sharp,0.5854829034193162,1.0191818090527274,-8.516556642033343,12,12
138,0.5,daily,weak,0.9364127174565087,-0.17818901078398852,-8.516556642033343,12,12
138,0.5,daily,weak_skew,0.9962007598480304,0.006991977368025222,-8.516556642033343,12,12
138,0.5,two_day,alt,0.81103515625,-1.1806405326080534,-8.516556642033343,12,12
138,0.5,two_day,sharp,0.291015625,2.09990596063807,-8.516556642033343,12,12
138,0.5,two_day,weak,0.05908203125,4.830884071598049,-8.516556642033343,12,12
138,0.5,two_day,weak_skew,0.658203125,0.997704148333538,-8.516556642033343,12,12
138,0.5,four_day,alt,0.03125,-10.623248342426491,-8.516556642033343,6,12
138,0.5,four_day,sharp,0.78125,-0.74793748544633,-8.516556642033343,6,12
138,0.5,four_day,weak,0.46875,3.6086801836774973,-8.516556642033343,6,12
138,0.5,four_day,weak_skew,1.0,1.2505341456175738,-8.516556642033343,6,12
139,0.5,daily,alt,0.009198160367926415,-6.7804144241537765,-8.902983823824343,12,12
139,0.5,daily,sharp,0.3677264547090582,1.4555654017887658,-8.902983823824343,12,12
139,0.5,daily,weak,0.7748450309938012,0.6755160648014217,-8.902983823824343,12,12
139,0.5,daily,weak_skew,0.8510297940411917,-0.43515851458585725,-8.902983823824343,12,12
139,0.5,two_day,alt,0.001953125,-11.617826243035623,-8.902983823824343,12,12
139,0.5,two_day,sharp,0.63037109375,-0.888663756256045,-8.902983823824343,12,12
139,0.5,two_day,weak,0.58154296875,-1.777373729560404,-8.902983823824343,12,12
139,0.5,two_day,weak_skew,0.28369140625,-2.9105304251033366,-8.902983823824343,12,12
139,0.5,four_day,alt,0.46875,-2.9636013020366483,-8.902983823824343,6,12
139,0.5,four_day,sharp,0.125,4.308809789672747,-8.902983823824343,6,12
139,0.5,four_day,weak,0.46875,4.994505958747317,-8.902983823824343,6,12
139,0.5,four_day,weak_skew,0.375,-2.3081655570244366,-8.902983823824343,6,12
140,0.5,daily,alt,0.3239352129574085,-3.87726905103692,-9.097177777108712,12,12
140,0.5,daily,sharp,0.1295740851829634,3.385131021672626,-9.097177777108712,12,12
140,0.5,daily,weak,0.6778644271145771,1.0025387504784493,-9.097177777108712,12,12
140,0.5,daily,weak_skew,0.8164367126574685,0.6417012103367211,-9.097177777108712,12,12
140,0.5,two_day,alt,0.26708984375,-6.2588619804329175,-9.097177777108712,12,12
140,0.5,two_day,sharp,0.90576171875,0.3194740497408309,-9.097177777108712,12,12
140,0.5,two_day,weak,0.7236328125,1.096753637351923,-9.097177777108712,12,12
140,0.5,two_day,weak_skew,0.4765625,2.950105518828657,-9.097177777108712,12,12
140,0.5,four_day,alt,0.15625,-11.67510379052001,-9.097177777108712,6,12
140,0.5,four_day,sharp,0.75,-2.3754747601080175,-9.097177777108712,6,12
140,0.5,four_day,weak,0.65625,-2.196335817113281,-9.097177777108712,6,12
140,0.5,four_day,weak_skew,0.5625,3.292294023757519,-9.097177777108712,6,12
141,0.5,daily,alt,0.07198560287942411,-5.685055542351388,-4.901609906320985,12,12
141,0.5,daily,sharp,0.5362927414517097,-1.142817131007553,-4.901609906320985,12,12
141,0.5,daily,weak,0.22015596880623875,-2.181075736248698,-4.901609906320985,12,12
141,0.5,daily,weak_skew,0.7726454709058188,-0.8052073784222268,-4.901609906320985,12,12
141,0.5,two_day,alt,0.99658203125,0.02717164437093326,-4.901609906320985,12,12
141,0.5,two_day,sharp,0.41357421875,-2.2177635276817234,-4.901609906320985,12,12
141,0.5,two_day,weak,0.681640625,1.4583294451266664,-4.901609906320985,12,12
141,0.5,two_day,weak_skew,0.7080078125,1.4878015377664948,-4.901609906320985,12,12
141,0.5,four_day,alt,0.625,-5.477848965544542,-4.901609906320985,6,12
141,0.5,four_day,sharp,0.125,-5.44883412923816,-4.901609906320985,6,12
141,0.5,four_day,weak,0.71875,-2.2430390175198163,-4.901609906320985,6,12
141,0.5,four_day,weak_skew,0.84375,-1.1088429690866555,-4.901609906320985,6,12
142,0.5,daily,alt,0.004599080183963208,-7.243639511787127,-7.741746035132778,12,12
142,0.5,daily,sharp,0.3967206558688262,-1.3803497024268268,-7.741746035132778,12,12
142,0.5,daily,weak,0.748250349930014,-0.6560354285683191,-7.741746035132778,12,12
142,0.5,daily,weak_skew,0.758248350329934,-0.8088356482056867,-7.741746035132778,12,12
142,0.5,two_day,alt,0.03271484375,-6.498327423528423,-7.741746035132778,12,12
142,0.5,two_day,sharp,0.71337890625,0.700716779549993,-7.741746035132778,12,12
142,0.5,two_day,weak,0.8251953125,0.9083403701567351,-7.741746035132778,12,12
142,0.5,two_day,weak_skew,0.79248046875,-0.6288413422644291,-7.741746035132778,12,12
142,0.5,four_day,alt,0.03125,-10.056423079258954,-7.741746035132778,6,12
142,0.5,four_day,sharp,0.59375,-1.3764768270337093,-7.741746035132778,6,12
142,0.5,four_day,weak,0.125,-7.8952601552387724,-7.741746035132778,6,12
142,0.5,four_day,weak_skew,0.03125,-8.47290150348846,-7.741746035132778,6,12
143,0.5,daily,alt,0.21575684863027395,-4.663251262479604,-7.894026456530241,12,12
143,0.5,daily,sharp,0.7280543891221756,0.40259396033913103,-7.894026456530241,12,12
143,0.5,daily,weak,0.45830833833233353,1.7818010474024895,-7.894026456530241,12,12
143,0.5,daily,weak_skew,0.5488902219556089,-1.0662696587408138,-7.894026456530241,12,12
143,0.5,two_day,alt,0.30712890625,-4.993244320105706,-7.894026456530241,12,12
143,0.5,two_day,sharp,0.95703125,-0.07837866513923746,-7.894026456530241,12,12
143,0.5,two_day,weak,0.45458984375,-1.917584248717627,-7.894026456530241,12,12
143,0.5,two_day,weak_skew,0.7529296875,-0.9849871881740265,-7.894026456530241,12,12
143,0.5,four_day,alt,0.46875,-3.0155440149389876,-7.894026456530241,6,12
143,0.5,four_day,sharp,0.375,1.636451776891936,-7.894026456530241,6,12
143,0.5,four_day,weak,0.96875,0.1010418386866263,-7.894026456530241,6,12
143,0.5,four_day,weak_skew,0.21875,4.838743571481667,-7.894026456530241,6,12
144,0.5,daily,alt,0.0003999200159968006,-8.169136757405326,-10.1768457699944,12,12
144,0.5,daily,sharp,0.5404919016196761,-0.6910602233623161,-10.1768457699944,12,12
144,0.5,daily,weak,0.9372125574885023,0.16981079688400236,-10.1768457699944,12,12
144,0.5,daily,weak_skew,0.910617876424715,0.20771187776231947,-10.1768457699944,12,12
144,0.5,two_day,alt,0.00048828125,-17.206976538112865,-10.1768457699944,12,12
144,0.5,two_day,sharp,0.00244140625,-5.891954309486668,-10.1768457699944,12,12
144,0.5,two_day,weak,0.06396484375,-6.293923667135554,-10.1768457699944,12,12
144,0.5,two_day,weak_skew,0.00048828125,-9.130403048726512,-10.1768457699944,12,12
144,0.5,four_day,alt,0.03125,-8.297988273769578,-10.1768457699944,6,12
144,0.5,four_day,sharp,0.90625,-0.11381700387532707,-10.1768457699944,6,12
144,0.5,four_day,weak,0.5,2.416142706059682,-10.1768457699944,6,12
144,0.5,four_day,weak_skew,0.03125,-4.758378130502694,-10.1768457699944,6,12
145,0.5,daily,alt,0.011797640471905619,-7.23115180068735,-7.8996192388651565,12,12
145,0.5,daily,sharp,0.8502299540091982,0.34628391208785264,-7.8996192388651565,12,12
145,0.5,daily,weak,0.357128574285143,2.2977459298827516,-7.8996192388651565,12,12
145,0.5,daily,weak_skew,0.9766046790641871,0.09348649504998778,-7.8996192388651565,12,12
145,0.5,two_day,alt,0.01416015625,-5.216797450479413,-7.8996192388651565,12,12
145,0.5,two_day,sharp,0.33349609375,2.7143598832855678,-7.8996192388651565,12,12
145,0.5,two_day,weak,0.5712890625,2.1814144605786545,-7.8996192388651565,12,12
145,0.5,two_day,weak_skew,0.3515625,5.024247132285432,-7.8996192388651565,12,12
145,0.5,four_day,alt,0.0625,-5.361394863272122,-7.8996192388651565,6,12
145,0.5,four_day,sharp,0.4375,2.3492916935680292,-7.8996192388651565,6,12
145,0.5,four_day,weak,0.1875,-4.814282619813029,-7.8996192388651565,6,12
145,0.5,four_day,weak_skew,0.21875,4.805989588503337,-7.8996192388651565,6,12
146,0.5,daily,alt,0.0001999600079984003,-7.137588620075704,-8.592075978152884,12,12
146,0.5,daily,sharp,0.5612877424515097,-0.5257525683945978,-8.592075978152884,12,12
146,0.5,daily,weak,0.6970605878824235,0.7873367756114261,-8.592075978152884,12,12
146,0.5,daily,weak_skew,0.9250149970005999,-0.18404075292681968,-8.592075978152884,12,12
146,0.5,two_day,alt,0.00048828125,-8.398189271706434,-8.592075978152884,12,12
146,0.5,two_day,sharp,0.98779296875,0.016920816993666914,-8.592075978152884,12,12
146,0.5,two_day,weak,0.17529296875,2.6850659746671455,-8.592075978152884,12,12
146,0.5,two_day,weak_skew,0.74169921875,0.9192604167602614,-8.592075978152884,12,12
146,0.5,four_day,alt,0.03125,-5.543185255925848,-8.592075978152884,6,12
146,0.5,four_day,sharp,0.1875,1.83369929637209,-8.592075978152884,6,12
146,0.5,four_day,weak,0.40625,-4.194887955269924,-8.592075978152884,6,12
146,0.5,four_day,weak_skew,0.15625,-2.9826920217156356,-8.592075978152884,6,12
147,0.5,daily,alt,0.00639872025594881,-8.941651290650658,-6.9721858977941125,12,12
147,0.5,daily,sharp,0.8268346330733853,-0.8388925877384997,-6.9721858977941125,12,12
147,0.5,daily,weak,0.8000399920015997,-0.9982709603742114,-6.9721858977941125,12,12
147,0.5,daily,weak_skew,0.7972405518896221,-0.9477923428195828,-6.9721858977941125,12,12
147,0.5,two_day,alt,0.326171875,-3.6914010712133103,-6.9721858977941125,12,12
147,0.5,two_day,sharp,0.31689453125,3.523009834343885,-6.9721858977941125,12,12
147,0.5,two_day,weak,0.47265625,3.334887447934489,-6.9721858977941125,12,12
147,0.5,two_day,weak_skew,0.3330078125,4.226955341736102,-6.9721858977941125,12,12
147,0.5,four_day,alt,0.0625,-12.24792675350561,-6.9721858977941125,6,12
147,0.5,four_day,sharp,0.28125,-4.861719278826925,-6.9721858977941125,6,12
147,0.5,four_day,weak,0.9375,-0.11306172584598428,-6.9721858977941125,6,12
147,0.5,four_day,weak_skew,0.09375,-8.028966979905986,-6.9721858977941125,6,12
148,0.5,daily,alt,0.0001999600079984003,-9.22595920355142,-7.9639070839482144,12,12
148,0.5,daily,sharp,0.047190561887622474,-3.0454167990069365,-7.9639070839482144,12,12
148,0.5,daily,weak,0.250749850029994,-3.3698707100726497,-7.9639070839482144,12,12
148,0.5,daily,weak_skew,0.14317136572685463,-3.569023880799502,-7.9639070839482144,12,12
148,0.5,two_day,alt,0.0029296875,-7.867725549615426,-7.9639070839482144,12,12
148,0.5,two_day,sharp,0.85302734375,-0.19803894807088382,-7.9639070839482144,12,12
148,0.5,two_day,weak,0.31298828125,-2.87124971152978,-7.9639070839482144,12,12
148,0.5,two_day,weak_skew,0.90771484375,0.27282021310748245,-7.9639070839482144,12,12
148,0.5,four_day,alt,0.625,-2.028697538848835,-7.9639070839482144,6,12
148,0.5,four_day,sharp,0.09375,4.198412383595563,-7.9639070839482144,6,12
148,0.5,four_day,weak,0.21875,4.949213285671601,-7.9639070839482144,6,12
148,0.5,four_day,weak_skew,0.375,4.502469681521624,-7.9639070839482144,6,12
149,0.5,daily,alt,0.0003999200159968006,-10.556137027971525,-9.173239494840466,12,12
149,0.5,daily,sharp,0.7446510697860428,-0.6919071769986195,-9.173239494840466,12,12
149,0.5,daily,weak,0.8182363527294542,0.7553027322653959,-9.173239494840466,12,12
149,0.5,daily,weak_skew,0.14417116576684663,-3.767723925297322,-9.173239494840466,12,12
149,0.5,two_day,alt,0.00830078125,-11.571435767767078,-9.173239494840466,12,12
149,0.5,two_day,sharp,0.73974609375,-0.9227969484826707,-9.173239494840466,12,12
149,0.5,two_day,weak,0.18505859375,-4.06847447257781,-9.173239494840466,12,12
149,0.5,two_day,weak_skew,0.69189453125,1.3035373645361983,-9.173239494840466,12,12
149,0.5,four_day,alt,0.0625,-7.898017279048442,-9.173239494840466,6,12
149,0.5,four_day,sharp,0.25,2.6063123815715143,-9.173239494840466,6,12
149,0.5,four_day,weak,0.90625,0.43980970401277375,-9.173239494840466,6,12
149,0.5,four_day,weak_skew,0.21875,-3.0450231328740003,-9.173239494840466,6,12
150,0.5,daily,alt,0.011597680463907219,-7.352016175374369,-9.158479478569753,12,12
150,0.5,daily,sharp,0.737252549490102,0.5608686034982616,-9.158479478569753,12,12
150,0.5,daily,weak,0.17776444711057787,4.168048539590171,-9.158479478569753,12,12
150,0.5,daily,weak_skew,0.6104779044191162,1.7248741656169149,-9.158479478569753,12,12
150,0.5,two_day,alt,0.0068359375,-9.012447480977963,-9.158479478569753,12,12
150,0.5,two_day,sharp,0.92333984375,-0.1706255232276265,-9.158479478569753,12,12
150,0.5,two_day,weak,0.615234375,1.8796227443297486,-9.158479478569753,12,12
150,0.5,two_day,weak_skew,0.94580078125,0.5435458604974789,-9.158479478569753,12,12
150,0.5,four_day,alt,0.0625,-7.201129923191264,-9.158479478569753,6,12
150,0.5,four_day,sharp,0.34375,1.5457134700414805,-9.158479478569753,6,12
150,0.5,four_day,weak,0.375,4.662302379331279,-9.158479478569753,6,12
150,0.5,four_day,weak_skew,0.5,2.288145646202685,-9.158479478569753,6,12
151,0.5,daily,alt,0.2559488102379524,-3.4469658383557302,-6.099068134885442,12,12
151,0.5,daily,sharp,0.36112777444511096,2.044449447765125,-6.099068134885442,12,12
151,0.5,daily,weak,0.5584883023395321,1.9828735127870136,-6.099068134885442,12,12
151,0.5,daily,weak_skew,0.4241151769646071,2.434548849381949,-6.099068134885442,12,12
151,0.5,two_day,alt,0.05322265625,-6.712687469420982,-6.099068134885442,12,12
151,0.5,two_day,sharp,0.39892578125,-1.51253003842751,-6.099068134885442,12,12
151,0.5,two_day,weak,0.3076171875,-3.4233706932261234,-6.099068134885442,12,12
151,0.5,two_day,weak_skew,0.130859375,-2.7334870353705916,-6.099068134885442,12,12
151,0.5,four_day,alt,0.0625,-8.4235388480221,-6.099068134885442,6,12
151,0.5,four_day,sharp,0.125,-2.173538189204591,-6.099068134885442,6,12
151,0.5,four_day,weak,0.59375,2.7797780790096396,-6.099068134885442,6,12
151,0.5,four_day,weak_skew,0.09375,-3.5158155816799144,-6.099068134885442,6,12
152,0.5,daily,alt,0.02979404119176165,-6.553544545705493,-8.240649912375616,12,12
152,0.5,daily,sharp,0.4953009398120376,1.3411534338187703,-8.240649912375616,12,12
152,0.5,daily,weak,0.2903419316136773,3.388651568224709,-8.240649912375616,12,12
152,0.5,daily,weak_skew,0.5590881823635273,-1.2698325443194303,-8.240649912375616,12,12
152,0.5,two_day,alt,0.01806640625,-9.054195290525756,-8.240649912375616,12,12
152,0.5,two_day,sharp,0.40966796875,-1.8821487485187844,-8.240649912375616,12,12
152,0.5,two_day,weak,0.78173828125,-1.073129606315656,-8.240649912375616,12,12
152,0.5,two_day,weak_skew,0.421875,-2.848335221288331,-8.240649912375616,12,12
152,0.5,four_day,alt,0.03125,-11.384124865328332,-8.240649912375616,6,12
152,0.5,four_day,sharp,0.25,-2.8751488926245514,-8.240649912375616,6,12
152,0.5,four_day,weak,0.34375,-4.267118490217782,-8.240649912375616,6,12
152,0.5,four_day,weak_skew,0.125,-6.153695891728398,-8.240649912375616,6,12
153,0.5,daily,alt,0.06818636272745451,-7.788093164841599,-6.017883368055806,12,12
153,0.5,daily,sharp,0.6472705458908218,-1.3937784630878098,-6.017883368055806,12,12
153,0.5,daily,weak,0.24415116976604678,-4.52273546489113,-6.017883368055806,12,12
153,0.5,daily,weak_skew,0.3625274945010998,-2.5531066895992733,-6.017883368055806,12,12
153,0.5,two_day,alt,0.05712890625,-8.163759044354771,-6.017883368055806,12,12
153,0.5,two_day,sharp,0.96923828125,-0.10263964188513519,-6.017883368055806,12,12
153,0.5,two_day,weak,0.76025390625,-0.8837062310287553,-6.017883368055806,12,12
153,0.5,two_day,weak_skew,0.62548828125,-1.3341317866046996,-6.017883368055806,12,12
153,0.5,four_day,alt,0.21875,-5.894077361597728,-6.017883368055806,6,12
153,0.5,four_day,sharp,0.75,0.794558458763877,-6.017883368055806,6,12
153,0.5,four_day,weak,0.78125,-2.674973959652867,-6.017883368055806,6,12
153,0.5,four_day,weak_skew,0.3125,-2.866573390161895,-6.017883368055806,6,12
154,0.5,daily,alt,0.0009998000399920016,-9.890744194139847,-8.580356400962401,12,12
154,0.5,daily,sharp,0.7668466306738653,-0.5271422720359785,-8.580356400962401,12,12
154,0.5,daily,weak,0.7968406318736253,-0.6985476471219568,-8.580356400962401,12,12
154,0.5,daily,weak_skew,0.553489302139572,-1.8788269640871598,-8.580356400962401,12,12
154,0.5,two_day,alt,0.00390625,-13.956509909320937,-8.580356400962401,12,12
154,0.5,two_day,sharp,0.15283203125,-4.326566116853849,-8.580356400962401,12,12
154,0.5,two_day,weak,0.11328125,-5.828540673720627,-8.580356400962401,12,12
154,0.5,two_day,weak_skew,0.11279296875,-5.063884190800666,-8.580356400962401,12,12
154,0.5,four_day,alt,0.15625,-10.591024938602397,-8.580356400962401,6,12
154,0.5,four_day,sharp,0.71875,-1.4551311176473287,-8.580356400962401,6,12
154,0.5,four_day,weak,0.6875,1.692674721819729,-8.580356400962401,6,12
154,0.5,four_day,weak_skew,0.6875,-2.6574244058081646,-8.580356400962401,6,12
155,0.5,daily,alt,0.0001999600079984003,-7.082397431392806,-8.87638209581543,12,12
155,0.5,daily,sharp,0.5382923415316937,0.6601558242532347,-8.87638209581543,12,12
155,0.5,daily,weak,0.7066586682663467,-0.8212972197557592,-8.87638209581543,12,12
155,0.5,daily,weak_skew,0.887622475504899,0.3829504780512683,-8.87638209581543,12,12
155,0.5,two_day,alt,0.10888671875,-4.958468566508375,-8.87638209581543,12,12
155,0.5,two_day,sharp,0.43359375,1.6564798800131324,-8.87638209581543,12,12
155,0.5,two_day,weak,0.32275390625,3.3156654680115527,-8.87638209581543,12,12
155,0.5,two_day,weak_skew,0.74462890625,1.3769650136210398,-8.87638209581543,12,12
155,0.5,four_day,alt,0.1875,-9.28710549965651,-8.87638209581543,6,12
155,0.5,four_day,sharp,0.96875,-0.4000456973717294,-8.87638209581543,6,12
155,0.5,four_day,weak,0.09375,-7.321347931996821,-8.87638209581543,6,12
155,0.5,four_day,weak_skew,0.9375,-0.5631752916691551,-8.87638209581543,6,12
156,0.5,daily,alt,0.033793241351729654,-5.989365381325165,-9.25294099235171,12,12
156,0.5,daily,sharp,0.7370525894821036,0.6702957208634288,-9.25294099235171,12,12
156,0.5,daily,weak,0.882623475304939,0.5272093929901066,-9.25294099235171,12,12
156,0.5,daily,weak_skew,0.5674865026994601,1.879539059506314,-9.25294099235171,12,12
156,0.5,two_day,alt,0.919921875,0.2577364216313634,-9.25294099235171,12,12
156,0.5,two_day,sharp,0.00146484375,8.295175481508219,-9.25294099235171,12,12
156,0.5,two_day,weak,0.3310546875,3.000398342264877,-9.25294099235171,12,12
156,0.5,two_day,weak_skew,0.04541015625,5.505840282479913,-9.25294099235171,12,12
156,0.5,four_day,alt,0.125,-8.07349183263409,-9.25294099235171,6,12
156,0.5,four_day,sharp,0.9375,0.5206975719707323,-9.25294099235171,6,12
156,0.5,four_day,weak,0.78125,1.0236043071012826,-9.25294099235171,6,12
156,0.5,four_day,weak_skew,0.90625,-0.5743494658328174,-9.25294099235171,6,12
157,0.5,daily,alt,0.041591681663667265,-6.118826229449193,-9.192048398060741,12,12
157,0.5,daily,sharp,0.3145370925814837,1.3867881960839419,-9.192048398060741,12,12
157,0.5,daily,weak,0.7546490701859628,0.47538592030692445,-9.192048398060741,12,12
157,0.5,daily,weak_skew,0.9578084383123375,-0.18202942205444592,-9.192048398060741,12,12
157,0.5,two_day,alt,0.20263671875,-4.8624806859747745,-9.192048398060741,12,12
157,0.5,two_day,sharp,0.1982421875,2.602126751329189,-9.192048398060741,12,12
157,0.5,two_day,weak,0.21435546875,3.4514991930311987,-9.192048398060741,12,12
157,0.5,two_day,weak_skew,0.6572265625,-0.9689044523517101,-9.192048398060741,12,12
157,0.5,four_day,alt,0.125,-10.644971139039127,-9.192048398060741,6,12
157,0.5,four_day,sharp,0.90625,-0.524916874433778,-9.192048398060741,6,12
157,0.5,four_day,weak,0.84375,-0.6948140315575877,-9.192048398060741,6,12
157,0.5,four_day,weak_skew,0.59375,5.4387175346573535,-9.192048398060741,6,12
158,0.5,daily,alt,0.0001999600079984003,-9.419971092284928,-7.825645047439906,12,12
158,0.5,daily,sharp,0.06598680263947211,-3.130502485748156,-7.825645047439906,12,12
158,0.5,daily,weak,0.50249950009998,-1.5908647432428573,-7.825645047439906,12,12
158,0.5,daily,weak_skew,0.9054189162167566,-0.4413275916537079,-7.825645047439906,12,12
158,0.5,two_day,alt,0.005859375,-11.084817768021642,-7.825645047439906,12,12
158,0.5,two_day,sharp,0.328125,-2.221221793613127,-7.825645047439906,12,12
158,0.5,two_day,weak,0.15966796875,-3.412517744781884,-7.825645047439906,12,12
158,0.5,two_day,weak_skew,0.48291015625,2.877974135946145,-7.825645047439906,12,12
158,0.5,four_day,alt,0.03125,-12.218185337976534,-7.825645047439906,6,12
158,0.5,four_day,sharp,0.09375,-3.55915563065336,-7.825645047439906,6,12
158,0.5,four_day,weak,0.5625,-4.154493369510707,-7.825645047439906,6,12
158,0.5,four_day,weak_skew,0.34375,-2.7721372092556678,-7.825645047439906,6,12
159,0.5,daily,alt,0.0001999600079984003,-9.672443017305383,-8.199108629822938,12,12
159,0.5,daily,sharp,0.46490701859628075,-1.4610557078268276,-8.199108629822938,12,12
159,0.5,daily,weak,0.21935612877424515,-3.3023543439617637,-8.199108629822938,12,12
159,0.5,daily,weak_skew,0.1261747650469906,-3.9371927347577462,-8.199108629822938,12,12
159,0.5,two_day,alt,0.0986328125,-6.829288220932123,-8.199108629822938,12,12
159,0.5,two_day,sharp,0.90673828125,-0.27969458032308836,-8.199108629822938,12,12
159,0.5,two_day,weak,0.42138671875,-3.0568317005702803,-8.199108629822938,12,12
159,0.5,two_day,weak_skew,0.732421875,1.084011581290109,-8.199108629822938,12,12
159,0.5,four_day,alt,0.09375,-7.54843873016758,-8.199108629822938,6,12
159,0.5,four_day,sharp,0.6875,1.9258353872801806,-8.199108629822938,6,12
159,0.5,four_day,weak,0.84375,-1.1171113550871112,-8.199108629822938,6,12
159,0.5,four_day,weak_skew,0.59375,4.406893836488169,-8.199108629822938,6,12
160,0.5,daily,alt,0.0023995200959808036,-8.186209296418197,-5.68287488941295,12,12
160,0.5,daily,sharp,0.38712257548490303,-2.3023575439610386,-5.68287488941295,12,12
160,0.5,daily,weak,0.21255748850229955,-3.8510408228767905,-5.68287488941295,12,12
160,0.5,daily,weak_skew,0.09058188362327535,-4.26462140347686,-5.68287488941295,12,12
160,0.5,two_day,alt,0.94189453125,-0.29964177640674866,-5.68287488941295,12,12
160,0.5,two_day,sharp,0.12255859375,3.6779506563574276,-5.68287488941295,12,12
160,0.5,two_day,weak,0.57568359375,2.082617767463176,-5.68287488941295,12,12
160,0.5,two_day,weak_skew,0.6171875,-1.2128872308606837,-5.68287488941295,12,12
160,0.5,four_day,alt,0.09375,-12.9313586595718,-5.68287488941295,6,12
160,0.5,four_day,sharp,0.4375,-4.964352747833957,-5.68287488941295,6,12
160,0.5,four_day,weak,0.5625,-6.172031158704528,-5.68287488941295,6,12
160,0.5,four_day,weak_skew,0.78125,-1.3682717703657907,-5.68287488941295,6,12
161,0.5,daily,alt,0.0005998800239952009,-9.798356825751892,-10.15666430667887,12,12
161,0.5,daily,sharp,0.8652269546090782,-0.28296568020258484,-10.15666430667887,12,12
161,0.5,daily,weak,0.6110777844431113,-1.142865714074226,-10.15666430667887,12,12
161,0.5,daily,weak_skew,0.8362327534493101,-0.41064689300547447,-10.15666430667887,12,12
161,0.5,two_day,alt,0.001953125,-13.62804464024139,-10.15666430667887,12,12
161,0.5,two_day,sharp,0.20703125,-3.004723026400042,-10.15666430667887,12,12
161,0.5,two_day,weak,0.93798828125,-0.3694715927701508,-10.15666430667887,12,12
161,0.5,two_day,weak_skew,0.734375,-0.8761105359230535,-10.15666430667887,12,12
161,0.5,four_day,alt,0.09375,-12.459256066032532,-10.15666430667887,6,12
161,0.5,four_day,sharp,0.78125,-1.3105934380237396,-10.15666430667887,6,12
161,0.5,four_day,weak,0.9375,0.7801944019175018,-10.15666430667887,6,12
161,0.5,four_day,weak_skew,0.125,-8.680101411649856,-10.15666430667887,6,12
162,0.5,daily,alt,0.003599280143971206,-6.934015805537331,-9.152263133651182,12,12
162,0.5,daily,sharp,0.968006398720256,0.03510457444010721,-9.152263133651182,12,12
162,0.5,daily,weak,0.5252949410117976,1.3431292761239118,-9.152263133651182,12,12
162,0.5,daily,weak_skew,0.908618276344731,-0.2360359488218838,-9.152263133651182,12,12
162,0.5,two_day,alt,0.00146484375,-10.474626018288363,-9.152263133651182,12,12
162,0.5,two_day,sharp,0.4150390625,-1.7733917470453828,-9.152263133651182,12,12
162,0.5,two_day,weak,0.20947265625,-3.1854121613318362,-9.152263133651182,12,12
162,0.5,two_day,weak_skew,0.51513671875,-1.9684750032113854,-9.152263133651182,12,12
162,0.5,four_day,alt,0.09375,-8.069487196328648,-9.152263133651182,6,12
162,0.5,four_day,sharp,0.625,1.6503082969568876,-9.152263133651182,6,12
162,0.5,four_day,weak,0.875,-1.0559621165223458,-9.152263133651182,6,12
162,0.5,four_day,weak_skew,0.96875,0.20401788281316632,-9.152263133651182,6,12
163,0.5,daily,alt,0.022595480903819236,-6.083337524766964,-8.269516066849533,12,12
163,0.5,daily,sharp,0.8602279544091181,0.28568353258766815,-8.269516066849533,12,12
163,0.5,daily,weak,0.46330733853229356,1.9842730392172125,-8.269516066849533,12,12
163,0.5,daily,weak_skew,0.7172565486902619,-0.686140984935126,-8.269516066849533,12,12
163,0.5,two_day,alt,0.13818359375,-5.35006128676316,-8.269516066849533,12,12
163,0.5,two_day,sharp,0.205078125,2.996964802248194,-8.269516066849533,12,12
163,0.5,two_day,weak,0.548828125,1.4842911617897319,-8.269516066849533,12,12
163,0.5,two_day,weak_skew,0.470703125,2.018828576159466,-8.269516066849533,12,12
163,0.5,four_day,alt,0.5625,-1.2263817921570492,-8.269516066849533,6,12
163,0.5,four_day,sharp,0.03125,5.136287079776264,-8.269516066849533,6,12
163,0.5,four_day,weak,0.0625,4.483852098667882,-8.269516066849533,6,12
163,0.5,four_day,weak_skew,0.15625,4.954575213543417,-8.269516066849533,6,12
164,0.5,daily,alt,0.008398320335932814,-9.281664985229872,-13.270977626282985,12,12
164,0.5,daily,sharp,0.7978404319136173,0.6652336320649374,-13.270977626282985,12,12
164,0.5,daily,weak,0.5542891421715657,2.2987843154315297,-13.270977626282985,12,12
164,0.5,daily,weak_skew,0.6086782643471306,1.606339775510411,-13.270977626282985,12,12
164,0.5,two_day,alt,0.0263671875,-10.662810859091822,-13.270977626282985,12,12
164,0.5,two_day,sharp,0.845703125,0.606874542022546,-13.270977626282985,12,12
164,0.5,two_day,weak,0.09033203125,6.570526324199174,-13.270977626282985,12,12
164,0.5,two_day,weak_skew,0.54736328125,-1.9482647665765864,-13.270977626282985,12,12
164,0.5,four_day,alt,0.03125,-9.122491384058664,-13.270977626282985,6,12
164,0.5,four_day,sharp,0.1875,4.849425696783879,-13.270977626282985,6,12
164,0.5,four_day,weak,0.8125,0.922807923106466,-13.270977626282985,6,12
164,0.5,four_day,weak_skew,0.90625,-0.2354056319806309,-13.270977626282985,6,12
165,0.5,daily,alt,0.012397520495900819,-5.192857147613441,-9.090757034915164,12,12
165,0.5,daily,sharp,0.1977604479104179,1.7846101365411666,-9.090757034915164,12,12
165,0.5,daily,weak,0.8096380723855229,0.6429126807723146,-9.090757034915164,12,12
165,0.5,daily,weak_skew,0.16096780643871225,4.277815072241326,-9.090757034915164,12,12
165,0.5,two_day,alt,0.00146484375,-12.794934735651486,-9.090757034915164,12,12
165,0.5,two_day,sharp,0.0908203125,-3.8169040026865506,-9.090757034915164,12,12
165,0.5,two_day,weak,0.02587890625,-6.663904930390243,-9.090757034915164,12,12
165,0.5,two_day,weak_skew,0.005859375,-4.398155638961035,-9.090757034915164,12,12
165,0.5,four_day,alt,0.15625,-5.001074619901664,-9.090757034915164,6,12
165,0.5,four_day,sharp,0.40625,2.2421100835954326,-9.090757034915164,6,12
165,0.5,four_day,weak,0.5625,-2.5134175382604576,-9.090757034915164,6,12
165,0.5,four_day,weak_skew,0.75,0.8971506276422225,-9.090757034915164,6,12
166,0.5,daily,alt,0.10017996400719856,-7.043697772036217,-6.520383163860565,12,12
166,0.5,daily,sharp,0.3783243351329734,-1.7563445772144206,-6.520383163860565,12,12
166,0.5,daily,weak,0.3271345730853829,-2.1803766608821094,-6.520383163860565,12,12
166,0.5,daily,weak_skew,0.6912617476504699,1.2829108856666551,-6.520383163860565,12,12
166,0.5,two_day,alt,0.04248046875,-7.8497459675022485,-6.520383163860565,12,12
166,0.5,two_day,sharp,0.89404296875,0.29148953422683616,-6.520383163860565,12,12
166,0.5,two_day,weak,0.18603515625,3.8054680759702713,-6.520383163860565,12,12
166,0.5,two_day,weak_skew,0.8818359375,0.5351425657228065,-6.520383163860565,12,12
166,0.5,four_day,alt,0.3125,-4.473394084483796,-6.520383163860565,6,12
166,0.5,four_day,sharp,0.65625,0.8801280332909313,-6.520383163860565,6,12
166,0.5,four_day,weak,0.15625,-5.747412297588945,-6.520383163860565,6,12
166,0.5,four_day,weak_skew,0.3125,-3.513176701313084,-6.520383163860565,6,12
167,0.5,daily,alt,0.0005998800239952009,-11.346645959906505,-12.236774256207859,12,12
167,0.5,daily,sharp,0.7310537892421516,-0.7616678403249555,-12.236774256207859,12,12
167,0.5,daily,weak,0.9244151169766047,0.24432387381627882,-12.236774256207859,12,12
167,0.5,daily,weak_skew,0.33413317336532694,-2.4983362291620685,-12.236774256207859,12,12
167,0.5,two_day,alt,0.01318359375,-7.154288299601785,-12.236774256207859,12,12
167,0.5,two_day,sharp,0.1025390625,3.1504709572379017,-12.236774256207859,12,12
167,0.5,two_day,weak,0.17431640625,4.762333669033753,-12.236774256207859,12,12
167,0.5,two_day,weak_skew,0.1533203125,6.886165010904882,-12.236774256207859,12,12
167,0.5,four_day,alt,0.0625,-20.378535678899297,-12.236774256207859,6,12
167,0.5,four_day,sharp,0.15625,-5.73025193273224,-12.236774256207859,6,12
167,0.5,four_day,weak,1.0,0.07846736915961472,-12.236774256207859,6,12
167,0.5,four_day,weak_skew,0.15625,-9.901903766012316,-12.236774256207859,6,12
168,0.5,daily,alt,0.00639872025594881,-5.121213752668452,-7.302547377252907,12,12
168,0.5,daily,sharp,0.29774045190961806,1.3807512061791172,-7.302547377252907,12,12
168,0.5,daily,weak,0.3255348930213957,2.3816727968326195,-7.302547377252907,12,12
168,0.5,daily,weak_skew,0.33913217356528697,-2.2132410367354876,-7.302547377252907,12,12
168,0.5,two_day,alt,0.06005859375,-6.322340111119495,-7.302547377252907,12,12
168,0.5,two_day,sharp,0.84375,0.520554206284738,-7.302547377252907,12,12
168,0.5,two_day,weak,0.60498046875,-2.5036675219133104,-7.302547377252907,12,12
168,0.5,two_day,weak_skew,0.73876953125,-1.3710999007463343,-7.302547377252907,12,12
168,0.5,four_day,alt,0.125,-6.292419970512907,-7.302547377252907,6,12
168,0.5,four_day,sharp,0.5625,1.6144226865447955,-7.302547377252907,6,12
168,0.5,four_day,weak,0.78125,1.7772514414876237,-7.302547377252907,6,12
168,0.5,four_day,weak_skew,0.15625,-3.0349814853056807,-7.302547377252907,6,12
169,0.5,daily,alt,0.0007998400319936012,-10.89232702180128,-9.011548946534596,12,12
169,0.5,daily,sharp,0.12157568486302739,-2.636244230227487,-9.011548946534596,12,12
169,0.5,daily,weak,0.11657668466306739,-4.122301737213871,-9.011548946534596,12,12
169,0.5,daily,weak_skew,0.5746850629874025,-1.494848388302391,-9.011548946534596,12,12
169,0.5,two_day,alt,0.01953125,-8.88421864699637,-9.011548946534596,12,12
169,0.5,two_day,sharp,0.9638671875,-0.1263901049699475,-9.011548946534596,12,12
169,0.5,two_day,weak,0.9306640625,0.31889438135511483,-9.011548946534596,12,12
169,0.5,two_day,weak_skew,0.3154296875,-3.1018124356085437,-9.011548946534596,12,12
169,0.5,four_day,alt,0.125,-10.740782367915592,-9.011548946534596,6,12
169,0.5,four_day,sharp,0.875,-0.7754972978560831,-9.011548946534596,6,12
169,0.5,four_day,weak,0.90625,0.4405527504302699,-9.011548946534596,6,12
169,0.5,four_day,weak_skew,0.875,0.7761930691235968,-9.011548946534596,6,12
170,0.5,daily,alt,0.06858628274345131,-7.529483270662596,-9.75236920420572,12,12
170,0.5,daily,sharp,0.8346330733853229,-0.5842530957118234,-9.75236920420572,12,12
170,0.5,daily,weak,0.5634873025394921,1.6251055571335928,-9.75236920420572,12,12
170,0.5,daily,weak_skew,0.6618676264747051,1.349466935945659,-9.75236920420572,12,12
170,0.5,two_day,alt,0.00048828125,-13.740106019049483,-9.75236920420572,12,12
170,0.5,two_day,sharp,0.1181640625,-4.490427814842265,-9.75236920420572,12,12
170,0.5,two_day,weak,0.22265625,-5.952376665543716,-9.75236920420572,12,12
170,0.5,two_day,weak_skew,0.10986328125,-6.599205016938233,-9.75236920420572,12,12
170,0.5,four_day,alt,0.0625,-10.884968298840606,-9.75236920420572,6,12
170,0.5,four_day,sharp,0.75,1.1389155783606693,-9.75236920420572,6,12
170,0.5,four_day,weak,0.96875,0.2636604752343139,-9.75236920420572,6,12
170,0.5,four_day,weak_skew,0.875,-1.186797105422207,-9.75236920420572,6,12
171,0.5,daily,alt,0.0001999600079984003,-13.964026176521317,-9.489300942466095,12,12
171,0.5,daily,sharp,0.016596680663867228,-5.497672077592427,-9.489300942466095,12,12
171,0.5,daily,weak,0.05018996200759848,-4.239457072420197,-9.489300942466095,12,12
171,0.5,daily,weak_skew,0.004199160167966407,-7.335396377223723,-9.489300942466095,12,12
171,0.5,two_day,alt,0.00146484375,-12.774596600303132,-9.489300942466095,12,12
171,0.5,two_day,sharp,0.12109375,-3.9826432080295877,-9.489300942466095,12,12
171,0.5,two_day,weak,0.47900390625,-2.7812711109910047,-9.489300942466095,12,12
171,0.5,two_day,weak_skew,0.07861328125,-4.7743375387824765,-9.489300942466095,12,12
171,0.5,four_day,alt,0.0625,-7.221351599055633,-9.489300942466095,6,12
171,0.5,four_day,sharp,0.40625,1.4169139829862172,-9.489300942466095,6,12
171,0.5,four_day,weak,0.34375,-3.6270195632915936,-9.489300942466095,6,12
171,0.5,four_day,weak_skew,0.40625,-1.896137602411379,-9.489300942466095,6,12
172,0.5,daily,alt,0.0013997200559888023,-8.10187268327825,-10.206793603109602,12,12
172,0.5,daily,sharp,0.19536092781443712,1.6103338999233294,-10.206793603109602,12,12
172,0.5,daily,weak,0.6192761447710458,1.3176818091059606,-10.206793603109602,12,12
172,0.5,daily,weak_skew,0.5478904219156169,0.93798764996966,-10.206793603109602,12,12
172,0.5,two_day,alt,0.005859375,-10.848301822618497,-10.206793603109602,12,12
172,0.5,two_day,sharp,0.7041015625,0.7194479618383737,-10.206793603109602,12,12
172,0.5,two_day,weak,0.51806640625,2.8159243330690007,-10.206793603109602,12,12
172,0.5,two_day,weak_skew,0.45068359375,1.9856185137067701,-10.206793603109602,12,12
172,0.5,four_day,alt,0.03125,-12.640476475700956,-10.206793603109602,6,12
172,0.5,four_day,sharp,0.5,-2.509495519150075,-10.206793603109602,6,12
172,0.5,four_day,weak,0.25,-3.790982538753044,-10.206793603109602,6,12
172,0.5,four_day,weak_skew,0.03125,-8.923947452479604,-10.206793603109602,6,12
173,0.5,daily,alt,0.002599480103979204,-9.93747230855165,-10.6445069858516,12,12
173,0.5,daily,sharp,0.5154969006198761,-1.2830364377964802,-10.6445069858516,12,12
173,0.5,daily,weak,0.2641471705658868,3.127082103901914,-10.6445069858516,12,12
173,0.5,daily,weak_skew,0.47750449910017995,-2.1322724318497226,-10.6445069858516,12,12
173,0.5,two_day,alt,0.01123046875,-11.885983492170128,-10.6445069858516,12,12
173,0.5,two_day,sharp,0.63525390625,-1.2518248100259928,-10.6445069858516,12,12
173,0.5,two_day,weak,0.20068359375,4.505283091619231,-10.6445069858516,12,12
173,0.5,two_day,weak_skew,0.72607421875,1.4080199098474921,-10.6445069858516,12,12
173,0.5,four_day,alt,0.03125,-11.073724757209774,-10.6445069858516,6,12
173,0.5,four_day,sharp,0.96875,-0.18139227266697588,-10.6445069858516,6,12
173,0.5,four_day,weak,0.3125,4.659076307100327,-10.6445069858516,6,12
173,0.5,four_day,weak_skew,0.90625,-0.8373327672510721,-10.6445069858516,6,12
174,0.5,daily,alt,0.005198960207958408,-8.137500469413906,-10.05018942654958,12,12
174,0.5,daily,sharp,0.827634473105379,0.5395777315552088,-10.05018942654958,12,12
174,0.5,daily,weak,0.7324535092981403,-0.7828450730723505,-10.05018942654958,12,12
174,0.5,daily,weak_skew,0.6890621875624875,1.0313678893567566,-10.05018942654958,12,12
174,0.5,two_day,alt,0.0302734375,-11.78277303232374,-10.05018942654958,12,12
174,0.5,two_day,sharp,0.4970703125,-2.925151212028151,-10.05018942654958,12,12
174,0.5,two_day,weak,0.1494140625,-8.875241487173566,-10.05018942654958,12,12
174,0.5,two_day,weak_skew,0.921875,-0.4950249452476753,-10.05018942654958,12,12
174,0.5,four_day,alt,0.375,-8.226184226862987,-10.05018942654958,6,12
174,0.5,four_day,sharp,0.9375,0.7177638921115559,-10.05018942654958,6,12
174,0.5,four_day,weak,0.59375,-2.1578176489794267,-10.05018942654958,6,12
174,0.5,four_day,weak_skew,0.90625,-1.0180398586922574,-10.05018942654958,6,12
175,0.5,daily,alt,0.022795440911817635,-9.266554296679763,-9.973074183393841,12,12
175,0.5,daily,sharp,0.1187762447510498,-4.562726326908187,-9.973074183393841,12,12
175,0.5,daily,weak,0.41311737652469505,-2.73603839977428,-9.973074183393841,12,12
175,0.5,daily,weak_skew,0.130373925214957,-5.397300143581655,-9.973074183393841,12,12
175,0.5,two_day,alt,0.154296875,-5.254947850237049,-9.973074183393841,12,12
175,0.5,two_day,sharp,0.17431640625,3.4251596638457933,-9.973074183393841,12,12
175,0.5,two_day,weak,0.42822265625,3.271482309870148,-9.973074183393841,12,12
175,0.5,two_day,weak_skew,0.93505859375,0.2127439472669573,-9.973074183393841,12,12
175,0.5,four_day,alt,0.15625,-4.750681339053219,-9.973074183393841,6,12
175,0.5,four_day,sharp,0.1875,4.152577711175604,-9.973074183393841,6,12
175,0.5,four_day,weak,0.4375,5.597572299569731,-9.973074183393841,6,12
175,0.5,four_day,weak_skew,0.59375,3.392977045680128,-9.973074183393841,6,12
176,0.5,daily,alt,0.057588482303539294,-7.0233790308269635,-6.135526176941994,12,12
176,0.5,daily,sharp,0.5760847830433913,-1.1802496191483243,-6.135526176941994,12,12
176,0.5,daily,weak,0.5236952609478105,-1.7696674874919172,-6.135526176941994,12,12
176,0.5,daily,weak_skew,0.7038592281543691,1.1046274827191496,-6.135526176941994,12,12
176,0.5,two_day,alt,0.12548828125,-7.418705535031261,-6.135526176941994,12,12
176,0.5,two_day,sharp,0.6572265625,-1.279457812147399,-6.135526176941994,12,12
176,0.5,two_day,weak,0.90185546875,-0.42829822776186016,-6.135526176941994,12,12
176,0.5,two_day,weak_skew,0.7646484375,-0.7877645207082379,-6.135526176941994,12,12
176,0.5,four_day,alt,0.71875,-0.9096821212236618,-6.135526176941994,6,12
176,0.5,four_day,sharp,0.4375,2.6600736033751438,-6.135526176941994,6,12
176,0.5,four_day,weak,0.15625,4.3242481569954405,-6.135526176941994,6,12
176,0.5,four_day,weak_skew,0.78125,1.7839568705275421,-6.135526176941994,6,12
177,0.5,daily,alt,0.008598280343931213,-8.298045057133987,-8.387669743418222,12,12
177,0.5,daily,sharp,0.33733253349330133,-1.6244681826867218,-8.387669743418222,12,12
177,0.5,daily,weak,0.8272345530893821,-0.5940388115959804,-8.387669743418222,12,12
177,0.5,daily,weak_skew,0.40771845630873826,-2.0574788909690866,-8.387669743418222,12,12
177,0.5,two_day,alt,0.0234375,-9.465434091140148,-8.387669743418222,12,12
177,0.5,two_day,sharp,0.681640625,-1.0260552416692856,-8.387669743418222,12,12
177,0.5,two_day,weak,0.25,-4.4510851132664015,-8.387669743418222,12,12
177,0.5,two_day,weak_skew,0.99169921875,0.03824330544398317,-8.387669743418222,12,12
177,0.5,four_day,alt,0.125,-6.757820408675411,-8.387669743418222,6,12
177,0.5,four_day,sharp,0.875,0.4136333555015265,-8.387669743418222,6,12
177,0.5,four_day,weak,0.6875,3.0651267482710516,-8.387669743418222,6,12
177,0.5,four_day,weak_skew,0.6875,1.426840365955389,-8.387669743418222,6,12
178,0.5,daily,alt,0.0005998800239952009,-9.538819543129124,-9.311189126727342,12,12
178,0.5,daily,sharp,0.2001599680063987,-2.293049695762027,-9.311189126727342,12,12
178,0.5,daily,weak,0.7394521095780844,-1.031024306286578,-9.311189126727342,12,12
178,0.5,daily,weak_skew,0.3909218156368726,-2.0123882339062416,-9.311189126727342,12,12
178,0.5,two_day,alt,0.0009765625,-10.410289289248977,-9.311189126727342,12,12
178,0.5,two_day,sharp,0.93701171875,0.29690889210976995,-9.311189126727342,12,12
178,0.5,two_day,weak,0.11328125,-3.810011957654615,-9.311189126727342,12,12
178,0.5,two_day,weak_skew,0.68701171875,1.5295527990909055,-9.311189126727342,12,12
178,0.5,four_day,alt,0.0625,-9.057177609075508,-9.311189126727342,6,12
178,0.5,four_day,sharp,0.875,0.6931211060453771,-9.311189126727342,6,12
178,0.5,four_day,weak,0.5625,-2.66136822336941,-9.311189126727342,6,12
178,0.5,four_day,weak_skew,0.5625,2.590818815963607,-9.311189126727342,6,12
179,0.5,daily,alt,0.642871425714857,-2.042128748196745,-4.5632840475863645,12,12
179,0.5,daily,sharp,0.7098580283943211,-0.4921499406993159,-4.5632840475863645,12,12
179,0.5,daily,weak,0.43331333733253347,-1.6995415366238593,-4.5632840475863645,12,12
179,0.5,daily,weak_skew,0.3887222555488902,-1.6719511921316919,-4.5632840475863645,12,12
179,0.5,two_day,alt,0.06298828125,-8.490684713287598,-4.5632840475863645,12,12
179,0.5,two_day,sharp,0.24609375,-2.3309231464264126,-4.5632840475863645,12,12
179,0.5,two_day,weak,0.9189453125,-0.35755614379199113,-4.5632840475863645,12,12
179,0.5,two_day,weak_skew,0.04736328125,-6.067954202167875,-4.5632840475863645,12,12
179,0.5,four_day,alt,0.84375,2.119210620809742,-4.5632840475863645,6,12
179,0.5,four_day,sharp,0.25,3.559753025175097,-4.5632840475863645,6,12
179,0.5,four_day,weak,0.84375,-1.0305242859105235,-4.5632840475863645,6,12
179,0.5,four_day,weak_skew,0.46875,6.360720108757694,-4.5632840475863645,6,12
180,0.5,daily,alt,0.1201759648070386,-3.480976714399064,-7.506364626831697,12,12
180,0.5,daily,sharp,0.7480503899220156,-0.6309801117743105,-7.506364626831697,12,12
180,0.5,daily,weak,0.15076984603079385,-4.023700806984811,-7.506364626831697,12,12
180,0.5,daily,weak_skew,0.6814637072585483,1.273117116912232,-7.506364626831697,12,12
180,0.5,two_day,alt,0.1240234375,-6.000988382025412,-7.506364626831697,12,12
180,0.5,two_day,sharp,0.388671875,3.5648637346815275,-7.506364626831697,12,12
180,0.5,two_day,weak,0.404296875,4.18917724287872,-7.506364626831697,12,12
180,0.5,two_day,weak_skew,0.8076171875,1.071063663719676,-7.506364626831697,12,12
180,0.5,four_day,alt,0.40625,-3.508638577339236,-7.506364626831697,6,12
180,0.5,four_day,sharp,0.25,5.027247858858629,-7.506364626831697,6,12
180,0.5,four_day,weak,0.3125,-5.017409205999871,-7.506364626831697,6,12
180,0.5,four_day,weak_skew,0.6875,2.491315215141229,-7.506364626831697,6,12
181,0.5,daily,alt,0.6548690261947611,-2.460841452608387,-6.918724113757058,12,12
181,0.5,daily,sharp,0.8512297540491902,0.45620336189506955,-6.918724113757058,12,12
181,0.5,daily,weak,0.8734253149370126,-0.5205084240413752,-6.918724113757058,12,12
181,0.5,daily,weak_skew,0.46450709858028394,2.799165435245952,-6.918724113757058,12,12
181,0.5,two_day,alt,0.076171875,-8.463892060826012,-6.918724113757058,12,12
181,0.5,two_day,sharp,0.458984375,-1.3962472732953752,-6.918724113757058,12,12
181,0.5,two_day,weak,0.619140625,-1.6058297654387796,-6.918724113757058,12,12
181,0.5,two_day,weak_skew,0.5634765625,-1.285427426091383,-6.918724113757058,12,12
181,0.5,four_day,alt,0.28125,-9.396368741348436,-6.918724113757058,6,12
181,0.5,four_day,sharp,0.46875,-3.693230195323109,-6.918724113757058,6,12
181,0.5,four_day,weak,0.65625,-2.2691443363318378,-6.918724113757058,6,12
181,0.5,four_day,weak_skew,0.8125,1.4656334347281295,-6.918724113757058,6,12
182,0.5,daily,alt,0.0001999600079984003,-9.174033773606293,-10.466256744644681,12,12
182,0.5,daily,sharp,0.5128974205158968,-0.4782649222804511,-10.466256744644681,12,12
182,0.5,daily,weak,0.669866026794641,0.8835306582843062,-10.466256744644681,12,12
182,0.5,daily,weak_skew,0.710257948410318,-0.6522119486626146,-10.466256744644681,12,12
182,0.5,two_day,alt,0.00048828125,-12.584240381932055,-10.466256744644681,12,12
182,0.5,two_day,sharp,0.36669921875,-2.1844708863996423,-10.466256744644681,12,12
182,0.5,two_day,weak,0.279296875,3.7813569880023574,-10.466256744644681,12,12
182,0.5,two_day,weak_skew,0.41357421875,-2.077054969692249,-10.466256744644681,12,12
182,0.5,four_day,alt,0.125,-8.523949831403648,-10.466256744644681,6,12
182,0.5,four_day,sharp,0.8125,0.8093638715738697,-10.466256744644681,6,12
182,0.5,four_day,weak,0.375,-4.9370951220331305,-10.466256744644681,6,12
182,0.5,four_day,weak_skew,0.3125,-3.842094771008752,-10.466256744644681,6,12
183,0.5,daily,alt,0.9296140771845631,0.7663253107101156,-5.336587711059323,12,12
183,0.5,daily,sharp,0.7414517096580684,0.5358126000329216,-5.336587711059323,12,12
183,0.5,daily,weak,0.5414917016596681,1.946057464290164,-5.336587711059323,12,12
183,0.5,daily,weak_skew,0.7798440311937612,0.6763441321940397,-5.336587711059323,12,12
183,0.5,two_day,alt,0.21923828125,-6.029732319445102,-5.336587711059323,12,12
183,0.5,two_day,sharp,0.94921875,-0.13069525885180688,-5.336587711059323,12,12
183,0.5,two_day,weak,0.3583984375,-2.940162690182492,-5.336587711059323,12,12
183,0.5,two_day,weak_skew,0.2412109375,-2.6037489589805074,-5.336587711059323,12,12
183,0.5,four_day,alt,0.625,-2.3456374079076667,-5.336587711059323,6,12
183,0.5,four_day,sharp,0.4375,2.171184559410559,-5.336587711059323,6,12
183,0.5,four_day,weak,0.875,1.901497901595942,-5.336587711059323,6,12
183,0.5,four_day,weak_skew,0.3125,-2.667055305081741,-5.336587711059323,6,12
184,0.5,daily,alt,0.1817636472705459,-2.9924914128992235,-4.519887143573335,12,12
184,0.5,daily,sharp,0.8068386322735452,0.37148955256214994,-4.519887143573335,12,12
184,0.5,daily,weak,0.0687862427514497,4.229001817782282,-4.519887143573335,12,12
184,0.5,daily,weak_skew,0.6668666266746651,1.0875044401968517,-4.519887143573335,12,12
184,0.5,two_day,alt,0.6689453125,-1.8430075326707118,-4.519887143573335,12,12
184,0.5,two_day,sharp,0.63671875,1.8819388082077808,-4.519887143573335,12,12
184,0.5,two_day,weak,0.80712890625,-1.286645672814674,-4.519887143573335,12,12
184,0.5,two_day,weak_skew,0.42431640625,3.8934725094854428,-4.519887143573335,12,12
184,0.5,four_day,alt,0.46875,-4.038598647578156,-4.519887143573335,6,12
184,0.5,four_day,sharp,0.8125,-0.8996972309280847,-4.519887143573335,6,12
184,0.5,four_day,weak,0.8125,-0.7058635363624871,-4.519887143573335,6,12
184,0.5,four_day,weak_skew,0.15625,-6.419388619023515,-4.519887143573335,6,12
185,0.5,daily,alt,0.03259348130373925,-4.844245065420076,-7.855936277578579,12,12
185,0.5,daily,sharp,0.48170365926814634,0.9280391708952269,-7.855936277578579,12,12
185,0.5,daily,weak,0.5622875424915017,1.8942655581101107,-7.855936277578579,12,12
185,0.5,daily,weak_skew,0.22115576884623075,-1.7653853162328659,-7.855936277578579,12,12
185,0.5,two_day,alt,0.00244140625,-10.189953849841267,-7.855936277578579,12,12
185,0.5,two_day,sharp,0.6513671875,-1.0853600456016548,-7.855936277578579,12,12
185,0.5,two_day,weak,0.86376953125,0.418780085866878,-7.855936277578579,12,12
185,0.5,two_day,weak_skew,0.2392578125,-3.9179242075753997,-7.855936277578579,12,12
185,0.5,four_day,alt,0.25,-5.2334268379860625,-7.855936277578579,6,12
185,0.5,four_day,sharp,0.4375,1.8099746504753302,-7.855936277578579,6,12
185,0.5,four_day,weak,0.53125,3.322814306835918,-7.855936277578579,6,12
185,0.5,four_day,weak_skew,0.71875,1.2911968096976547,-7.855936277578579,6,12
186,0.5,daily,alt,0.02519496100779844,-5.081998329148667,-6.229300665374694,12,12
186,0.5,daily,sharp,0.9186162767446511,0.24209263718503612,-6.229300665374694,12,12
186,0.5,daily,weak,0.259748050389922,2.79430235737194,-6.229300665374694,12,12
186,0.5,daily,weak_skew,0.8070385922815437,-0.5533671556482874,-6.229300665374694,12,12
186,0.5,two_day,alt,0.9638671875,-0.2772143906973354,-6.229300665374694,12,12
186,0.5,two_day,sharp,0.32568359375,4.405387940974037,-6.229300665374694,12,12
186,0.5,two_day,weak,0.97412109375,-0.10228804152692443,-6.229300665374694,12,12
186,0.5,two_day,weak_skew,0.63623046875,2.5737584351663774,-6.229300665374694,12,12
186,0.5,four_day,alt,0.71875,2.020475348845578,-6.229300665374694,6,12
186,0.5,four_day,sharp,0.375,6.25832306112925,-6.229300665374694,6,12
186,0.5,four_day,weak,0.75,2.232757118787189,-6.229300665374694,6,12
186,0.5,four_day,weak_skew,0.90625,0.513906722457893,-6.229300665374694,6,12
187,0.5,daily,alt,0.05878824235152969,-5.692743439515705,-6.154237279030831,12,12
187,0.5,daily,sharp,0.32473505298940214,2.246840579482375,-6.154237279030831,12,12
187,0.5,daily,weak,0.7730453909218157,0.6811108212260333,-6.154237279030831,12,12
187,0.5,daily,weak_skew,0.45410917816436713,2.1460437048431324,-6.154237279030831,12,12
187,0.5,two_day,alt,0.0400390625,-7.221926386141931,-6.154237279030831,12,12
187,0.5,two_day,sharp,0.76611328125,-0.8444149769317081,-6.154237279030831,12,12
187,0.5,two_day,weak,0.9013671875,0.40245012834234767,-6.154237279030831,12,12
187,0.5,two_day,weak_skew,0.44140625,-2.599534565444395,-6.154237279030831,12,12
187,0.5,four_day,alt,0.65625,-1.7200676418981533,-6.154237279030831,6,12
187,0.5,four_day,sharp,0.40625,2.763969447319736,-6.154237279030831,6,12
187,0.5,four_day,weak,0.53125,1.9400222027153784,-6.154237279030831,6,12
187,0.5,four_day,weak_skew,0.34375,5.758129170528502,-6.154237279030831,6,12
188,0.5,daily,alt,0.052189562087582485,-6.309499093178782,-7.373160341555135,12,12
188,0.5,daily,sharp,0.3349330133973205,3.1783172816162577,-7.373160341555135,12,12
188,0.5,daily,weak,0.6252749450109978,1.9577495594074381,-7.373160341555135,12,12
188,0.5,daily,weak_skew,0.39492101579684064,2.7167017404661027,-7.373160341555135,12,12
188,0.5,two_day,alt,0.1455078125,-9.702161580013795,-7.373160341555135,12,12
188,0.5,two_day,sharp,0.73046875,-2.182574803221236,-7.373160341555135,12,12
188,0.5,two_day,weak,0.498046875,-3.2655080489404384,-7.373160341555135,12,12
188,0.5,two_day,weak_skew,0.693359375,-2.3348475486479976,-7.373160341555135,12,12
188,0.5,four_day,alt,0.90625,-4.437706180715327,-7.373160341555135,6,12
188,0.5,four_day,sharp,0.625,4.056548300287589,-7.373160341555135,6,12
188,0.5,four_day,weak,0.65625,4.846526634793954,-7.373160341555135,6,12
188,0.5,four_day,weak_skew,0.9375,-1.9319044698766195,-7.373160341555135,6,12
189,0.5,daily,alt,0.0001999600079984003,-12.134866617110722,-8.785632499250255,12,12
189,0.5,daily,sharp,0.1341731653669266,-4.784598850435446,-8.785632499250255,12,12
189,0.5,daily,weak,0.23275344931013797,-5.058473444877815,-8.785632499250255,12,12
189,0.5,daily,weak_skew,0.14617076584683064,-5.544701415566435,-8.785632499250255,12,12
189,0.5,two_day,alt,0.00537109375,-9.875398184533664,-8.785632499250255,12,12
189,0.5,two_day,sharp,0.79296875,-0.7671634868293046,-8.785632499250255,12,12
189,0.5,two_day,weak,0.75537109375,-1.9003811497603298,-8.785632499250255,12,12
189,0.5,two_day,weak_skew,0.802734375,0.8557431143929387,-8.785632499250255,12,12
189,0.5,four_day,alt,0.09375,-10.019873058566136,-8.785632499250255,6,12
189,0.5,four_day,sharp,0.78125,-1.6164213293297927,-8.785632499250255,6,12
189,0.5,four_day,weak,0.28125,-4.954605800941803,-8.785632499250255,6,12
189,0.5,four_day,weak_skew,0.71875,-2.158281476258486,-8.785632499250255,6,12
190,0.5,daily,alt,0.01259748050389922,-7.7013229698818035,-8.031746076122303,12,12
190,0.5,daily,sharp,0.5774845030993802,-0.8331093737723106,-8.031746076122303,12,12
190,0.5,daily,weak,0.9786042791441711,-0.06533787799686586,-8.031746076122303,12,12
190,0.5,daily,weak_skew,0.8086382723455309,-0.532004381146533,-8.031746076122303,12,12
190,0.5,two_day,alt,0.00830078125,-6.678995531297673,-8.031746076122303,12,12
190,0.5,two_day,sharp,0.4052734375,1.4282715614084527,-8.031746076122303,12,12
190,0.5,two_day,weak,0.69580078125,1.390363960055416,-8.031746076122303,12,12
190,0.5,two_day,weak_skew,0.53076171875,2.3043663184361702,-8.031746076122303,12,12
190,0.5,four_day,alt,0.59375,-3.956657929607824,-8.031746076122303,6,12
190,0.5,four_day,sharp,0.875,1.1312428248986375,-8.031746076122303,6,12
190,0.5,four_day,weak,0.5,3.3781521849551672,-8.031746076122303,6,12
190,0.5,four_day,weak_skew,0.96875,-0.10998832191894081,-8.031746076122303,6,12
191,0.5,daily,alt,0.001799640071985603,-9.503955337556505,-5.441496072417522,12,12
191,0.5,daily,sharp,0.26294741051789644,-3.3215300052884786,-5.441496072417522,12,12
191,0.5,daily,weak,0.39692061587682465,-2.101417785119583,-5.441496072417522,12,12
191,0.5,daily,weak_skew,0.32533493301339733,-3.240918827361899,-5.441496072417522,12,12
191,0.5,two_day,alt,0.37158203125,-2.9560158057285424,-5.441496072417522,12,12
191,0.5,two_day,sharp,0.34326171875,3.053828209886541,-5.441496072417522,12,12
191,0.5,two_day,weak,0.37744140625,3.9194677282174504,-5.441496072417522,12,12
191,0.5,two_day,weak_skew,0.09765625,6.886640386201314,-5.441496072417522,12,12
191,0.5,four_day,alt,0.0625,-7.372824076541023,-5.441496072417522,6,12
191,0.5,four_day,sharp,0.6875,-2.5748175698713105,-5.441496072417522,6,12
191,0.5,four_day,weak,0.5,-2.643205188543856,-5.441496072417522,6,12
191,0.5,four_day,weak_skew,0.65625,-3.141926603260959,-5.441496072417522,6,12
192,0.5,daily,alt,0.002599480103979204,-8.641733801558408,-8.889451408873441,12,12
192,0.5,daily,sharp,0.5190961807638472,0.7239364711611233,-8.889451408873441,12,12
192,0.5,daily,weak,0.6654669066186762,-0.6368568604804743,-8.889451408873441,12,12
192,0.5,daily,weak_skew,0.8074385122975405,0.46600588711027885,-8.889451408873441,12,12
192,0.5,two_day,alt,0.00537109375,-8.190723815175184,-8.889451408873441,12,12
192,0.5,two_day,sharp,0.97216796875,0.05819465195208432,-8.889451408873441,12,12
192,0.5,two_day,weak,0.51318359375,1.3019030363267898,-8.889451408873441,12,12
192,0.5,two_day,weak_skew,0.357421875,-2.431319990296663,-8.889451408873441,12,12
192,0.5,four_day,alt,0.03125,-10.851277490108885,-8.889451408873441,6,12
192,0.5,four_day,sharp,0.28125,-2.541822803572977,-8.889451408873441,6,12
192,0.5,four_day,weak,0.8125,-0.7949095338245122,-8.889451408873441,6,12
192,0.5,four_day,weak_skew,0.8125,-1.6321896003787562,-8.889451408873441,6,12
193,0.5,daily,alt,0.0023995200959808036,-10.044557124797548,-10.105049282747878,12,12
193,0.5,daily,sharp,0.3205358928214357,-1.604074876394181,-10.105049282747878,12,12
193,0.5,daily,weak,0.5238952209558089,-1.5384237187183853,-10.105049282747878,12,12
193,0.5,daily,weak_skew,0.26294741051789644,-2.570715780673762,-10.105049282747878,12,12
193,0.5,two_day,alt,0.05517578125,-8.718778582296318,-10.105049282747878,12,12
193,0.5,two_day,sharp,0.8603515625,0.4815571671097594,-10.105049282747878,12,12
193,0.5,two_day,weak,0.80908203125,-0.8209963539910691,-10.105049282747878,12,12
193,0.5,two_day,weak_skew,0.470703125,-1.8504533408075456,-10.105049282747878,12,12
193,0.5,four_day,alt,0.03125,-11.45404165811677,-10.105049282747878,6,12
193,0.5,four_day,sharp,0.71875,0.440750772968497,-10.105049282747878,6,12
193,0.5,four_day,weak,0.6875,-3.0861153038313502,-10.105049282747878,6,12
193,0.5,four_day,weak_skew,0.84375,-1.0172807423002546,-10.105049282747878,6,12
194,0.5,daily,alt,0.04059188162367527,-7.920176897237208,-7.018629053302547,12,12
194,0.5,daily,sharp,0.5010997800439912,-2.0449168206012587,-7.018629053302547,12,12
194,0.5,daily,weak,0.9768046390721855,-0.07348851713956843,-7.018629053302547,12,12
194,0.5,daily,weak_skew,0.4319136172765447,-2.2856412057251974,-7.018629053302547,12,12
194,0.5,two_day,alt,0.22607421875,-5.995409953264087,-7.018629053302547,12,12
194,0.5,two_day,sharp,0.9873046875,-0.07404471323512614,-7.018629053302547,12,12
194,0.5,two_day,weak,0.69384765625,2.275941658802853,-7.018629053302547,12,12
194,0.5,two_day,weak_skew,0.5380859375,2.578601442427555,-7.018629053302547,12,12
194,0.5,four_day,alt,0.46875,3.7274708937389804,-7.018629053302547,6,12
194,0.5,four_day,sharp,0.125,7.641197896841445,-7.018629053302547,6,12
194,0.5,four_day,weak,0.28125,6.135715742604816,-7.018629053302547,6,12
194,0.5,four_day,weak_skew,0.25,3.660786489222654,-7.018629053302547,6,12
195,0.5,daily,alt,0.8300339932013597,1.284431582061903,-9.594831978579663,12,12
195,0.5,daily,sharp,0.005398920215956809,8.471094043923287,-9.594831978579663,12,12
195,0.5,daily,weak,0.013597280543891222,9.628263990057484,-9.594831978579663,12,12
195,0.5,daily,weak_skew,0.016796640671865627,12.266619396459722,-9.594831978579663,12,12
195,0.5,two_day,alt,0.00830078125,-14.723950352310126,-9.594831978579663,12,12
195,0.5,two_day,sharp,0.27490234375,-4.67826557817359,-9.594831978579663,12,12
195,0.5,two_day,weak,0.26513671875,-6.87306751979375,-9.594831978579663,12,12
195,0.5,two_day,weak_skew,0.48095703125,-2.9323735314103003,-9.594831978579663,12,12
195,0.5,four_day,alt,1.0,-0.013452827875637988,-9.594831978579663,6,12
195,0.5,four_day,sharp,0.03125,9.567009057242917,-9.594831978579663,6,12
195,0.5,four_day,weak,0.28125,4.269678676136017,-9.594831978579663,6,12
195,0.5,four_day,weak_skew,0.03125,22.104776523464725,-9.594831978579663,6,12
196,0.5,daily,alt,0.08958208358328335,-7.706825034990087,-9.466640317847379,12,12
196,0.5,daily,sharp,0.8106378724255149,1.0238514509045906,-9.466640317847379,12,12
196,0.5,daily,weak,0.7100579884023195,1.8920264417073185,-9.466640317847379,12,12
196,0.5,daily,weak_skew,0.993001399720056,-0.027377341083311062,-9.466640317847379,12,12
196,0.5,two_day,alt,0.0087890625,-12.125073781678566,-9.466640317847379,12,12
196,0.5,two_day,sharp,0.7265625,-2.1495037463706375,-9.466640317847379,12,12
196,0.5,two_day,weak,0.30322265625,-5.036635107945204,-9.466640317847379,12,12
196,0.5,two_day,weak_skew,0.7333984375,-1.7894478604934363,-9.466640317847379,12,12
196,0.5,four_day,alt,0.03125,-14.493367013468498,-9.466640317847379,6,12
196,0.5,four_day,sharp,0.21875,-2.3644987719086052,-9.466640317847379,6,12
196,0.5,four_day,weak,0.25,3.733413470028514,-9.466640317847379,6,12
196,0.5,four_day,weak_skew,0.71875,-1.4230729086267868,-9.466640317847379,6,12
197,0.5,daily,alt,0.010397920415916816,-7.601049115610831,-8.434652334517729,12,12
197,0.5,daily,sharp,0.999000199960008,0.003483373432871417,-8.434652334517729,12,12
197,0.5,daily,weak,0.2761447710457908,-2.2806632951849473,-8.434652334517729,12,12
197,0.5,daily,weak_skew,0.7280543891221756,-0.8007602059835902,-8.434652334517729,12,12
197,0.5,two_day,alt,0.01416015625,-8.663992938414646,-8.434652334517729,12,12
197,0.5,two_day,sharp,0.77001953125,-0.9269921151321068,-8.434652334517729,12,12
197,0.5,two_day,weak,0.69775390625,-1.6929471493001884,-8.434652334517729,12,12
197,0.5,two_day,weak_skew,0.31494140625,-3.5503507159296195,-8.434652334517729,12,12
197,0.5,four_day,alt,0.125,-8.414346067653314,-8.434652334517729,6,12
197,0.5,four_day,sharp,0.53125,-1.9065130654999756,-8.434652334517729,6,12
197,0.5,four_day,weak,0.75,-1.6758452126095627,-8.434652334517729,6,12
197,0.5,four_day,weak_skew,1.0,-0.02970922764014124,-8.434652334517729,6,12
198,0.5,daily,alt,0.0003999200159968006,-11.212135183903925,-10.404681102803764,12,12
198,0.5,daily,sharp,0.34553089382123575,-2.135093630638822,-10.404681102803764,12,12
198,0.5,daily,weak,0.8912217556488702,0.4781298637858953,-10.404681102803764,12,12
198,0.5,daily,weak_skew,0.03079384123175365,-4.5626718371244355,-10.404681102803764,12,12
198,0.5,two_day,alt,0.03564453125,-8.092522926448014,-10.404681102803764,12,12
198,0.5,two_day,sharp,0.7880859375,0.5209264574225129,-10.404681102803764,12,12
198,0.5,two_day,weak,0.86669921875,-0.5481091490167547,-10.404681102803764,12,12
198,0.5,two_day,weak_skew,0.81005859375,0.6331243771628371,-10.404681102803764,12,12
198,0.5,four_day,alt,0.3125,-6.859269128658382,-10.404681102803764,6,12
198,0.5,four_day,sharp,1.0,0.46492817852516194,-10.404681102803764,6,12
198,0.5,four_day,weak,1.0,0.5089483622287325,-10.404681102803764,6,12
198,0.5,four_day,weak_skew,0.65625,-2.570898339492576,-10.404681102803764,6,12
199,0.5,daily,alt,0.0003999200159968006,-10.598480623480008,-6.492646782506355,12,12
199,0.5,daily,sharp,0.13777244551089782,-4.082075834254829,-6.492646782506355,12,12
199,0.5,daily,weak,0.3573285342931414,-3.1219300022614576,-6.492646782506355,12,12
199,0.5,daily,weak_skew,0.14137172565486902,-4.892501687255617,-6.492646782506355,12,12
199,0.5,two_day,alt,0.15380859375,-6.294388112229112,-6.492646782506355,12,12
199,0.5,two_day,sharp,0.65673828125,-1.2082475442975429,-6.492646782506355,12,12
199,0.5,two_day,weak,0.8212890625,1.0151630349357266,-6.492646782506355,12,12
199,0.5,two_day,weak_skew,0.587890625,-1.7861945067385399,-6.492646782506355,12,12
199,0.5,four_day,alt,0.34375,-4.19592705631868,-6.492646782506355,6,12
199,0.5,four_day,sharp,0.53125,1.688723392847404,-6.492646782506355,6,12
199,0.5,four_day,weak,0.15625,6.948724012573654,-6.492646782506355,6,12
199,0.5,four_day,weak_skew,0.8125,1.4511535562491755,-6.492646782506355,6,12
200,0.5,daily,alt,0.039192161567686463,-5.704761519830861,-3.5369637268456984,12,12
200,0.5,daily,sharp,0.1933613277344531,-1.3599469017821757,-3.5369637268456984,12,12
200,0.5,daily,weak,0.6346730653869226,-1.1192523825750402,-3.5369637268456984,12,12
200,0.5,daily,weak_skew,0.1315736852629474,-2.323262720367609,-3.5369637268456984,12,12
200,0.5,two_day,alt,0.9453125,0.5247434759308849,-3.5369637268456984,12,12
200,0.5,two_day,sharp,0.443359375,1.9142175562821553,-3.5369637268456984,12,12
200,0.5,two_day,weak,0.3828125,2.984298620547319,-3.5369637268456984,12,12
200,0.5,two_day,weak_skew,0.5576171875,1.692715459574055,-3.5369637268456984,12,12
200,0.5,four_day,alt,1.0,-0.8893354171420226,-3.5369637268456984,6,12
200,0.5,four_day,sharp,0.65625,-1.640197256152805,-3.5369637268456984,6,12
200,0.5,four_day,weak,0.6875,1.0265910381611907,-3.5369637268456984,6,12
200,0.5,four_day,weak_skew,0.3125,-4.736075613137019,-3.5369637268456984,6,12
201,0.5,daily,alt,0.042191561687662464,-6.722666943129373,-9.482141262130561,12,12
201,0.5,daily,sharp,0.6402719456108779,1.1219120528597504,-9.482141262130561,12,12
201,0.5,daily,weak,0.6700659868026395,1.5172294522642407,-9.482141262130561,12,12
201,0.5,daily,weak_skew,0.6434713057388523,1.149391942045856,-9.482141262130561,12,12
201,0.5,two_day,alt,0.16357421875,-5.7849043382268555,-9.482141262130561,12,12
201,0.5,two_day,sharp,0.677734375,0.9551124013505218,-9.482141262130561,12,12
201,0.5,two_day,weak,0.685546875,1.2513345458752247,-9.482141262130561,12,12
201,0.5,two_day,weak_skew,0.962890625,-0.14050788754765797,-9.482141262130561,12,12
201,0.5,four_day,alt,0.09375,-9.014084054086434,-9.482141262130561,6,12
201,0.5,four_day,sharp,0.78125,1.30616615122063,-9.482141262130561,6,12
201,0.5,four_day,weak,0.40625,3.7504635707090315,-9.482141262130561,6,12
201,0.5,four_day,weak_skew,0.5625,4.259565206617318,-9.482141262130561,6,12
202,0.5,daily,alt,0.05398920215956809,-5.530859633311553,-7.227692960941717,12,12
202,0.5,daily,sharp,0.6432713457308539,-0.8766361154628785,-7.227692960941717,12,12
202,0.5,daily,weak,0.15936812637472506,-3.1895639237241418,-7.227692960941717,12,12
202,0.5,daily,weak_skew,0.5552889422115577,1.3689835493215672,-7.227692960941717,12,12
202,0.5,two_day,alt,0.06005859375,-7.524064040669977,-7.227692960941717,12,12
202,0.5,two_day,sharp,0.5146484375,1.679677571049983,-7.227692960941717,12,12
202,0.5,two_day,weak,0.39990234375,3.1418858953752284,-7.227692960941717,12,12
202,0.5,two_day,weak_skew,0.3125,4.542307126707681,-7.227692960941717,12,12
202,0.5,four_day,alt,0.5,-2.962327209326362,-7.227692960941717,6,12
202,0.5,four_day,sharp,0.25,3.3378262794085245,-7.227692960941717,6,12
202,0.5,four_day,weak,0.09375,7.220503857463929,-7.227692960941717,6,12
202,0.5,four_day,weak_skew,1.0,2.5411248731535268,-7.227692960941717,6,12
203,0.5,daily,alt,0.23635272945410918,-4.887273635458706,-7.672953581706828,12,12
203,0.5,daily,sharp,0.8852229554089183,0.23816252229827542,-7.672953581706828,12,12
203,0.5,daily,weak,0.27854429114177165,2.3640433366343783,-7.672953581706828,12,12
203,0.5,daily,weak_skew,0.4357128574285143,2.818910458360342,-7.672953581706828,12,12
203,0.5,two_day,alt,0.0390625,-8.865127386874855,-7.672953581706828,12,12
203,0.5,two_day,sharp,0.5751953125,1.2316137289392746,-7.672953581706828,12,12
203,0.5,two_day,weak,0.61474609375,-2.0136729903829393,-7.672953581706828,12,12
203,0.5,two_day,weak_skew,0.9052734375,0.791559530813629,-7.672953581706828,12,12
203,0.5,four_day,alt,0.03125,-8.139323243293228,-7.672953581706828,6,12
203,0.5,four_day,sharp,0.53125,0.8026200717112874,-7.672953581706828,6,12
203,0.5,four_day,weak,0.4375,3.5933860920888563,-7.672953581706828,6,12
203,0.5,four_day,weak_skew,1.0,-0.12677496537933428,-7.672953581706828,6,12
204,0.5,daily,alt,0.14997000599880023,-4.850581313581388,-6.647692164189905,12,12
204,0.5,daily,sharp,0.9080183963207359,-0.20518708213280354,-6.647692164189905,12,12
204,0.5,daily,weak,0.16876624675064986,-2.9831870082925334,-6.647692164189905,12,12
204,0.5,daily,weak_skew,0.9228154369126175,0.31052302780189994,-6.647692164189905,12,12
204,0.5,two_day,alt,0.109375,-5.090274329173689,-6.647692164189905,12,12
204,0.5,two_day,sharp,0.08740234375,2.8651265269471473,-6.647692164189905,12,12
204,0.5,two_day,weak,0.31005859375,3.4172082232877177,-6.647692164189905,12,12
204,0.5,two_day,weak_skew,0.54248046875,1.3736458578329043,-6.647692164189905,12,12
204,0.5,four_day,alt,0.09375,-10.622769100453521,-6.647692164189905,6,12
204,0.5,four_day,sharp,0.28125,-2.935513554768118,-6.647692164189905,6,12
204,0.5,four_day,weak,0.3125,-4.240140296643127,-6.647692164189905,6,12
204,0.5,four_day,weak_skew,0.09375,-5.466947782997312,-6.647692164189905,6,12
205,0.5,daily,alt,0.019396120775844832,-5.199676199953894,-8.803358896856338,12,12
205,0.5,daily,sharp,0.33153369326134774,1.7595467188179488,-8.803358896856338,12,12
205,0.5,daily,weak,0.7750449910017997,1.0244733922975922,-8.803358896856338,12,12
205,0.5,daily,weak_skew,0.3557288542291542,3.7679152154987388,-8.803358896856338,12,12
205,0.5,two_day,alt,0.03271484375,-6.968513220269572,-8.803358896856338,12,12
205,0.5,two_day,sharp,0.7548828125,0.6477814975737898,-8.803358896856338,12,12
205,0.5,two_day,weak,0.9052734375,-0.4452187364803131,-8.803358896856338,12,12
205,0.5,two_day,weak_skew,0.22705078125,5.007057702032269,-8.803358896856338,12,12
205,0.5,four_day,alt,0.0625,-8.185355889060434,-8.803358896856338,6,12
205,0.5,four_day,sharp,0.90625,0.2946063813617859,-8.803358896856338,6,12
205,0.5,four_day,weak,0.59375,1.9726433445472094,-8.803358896856338,6,12
205,0.5,four_day,weak_skew,0.625,2.7730811614834443,-8.803358896856338,6,12
206,0.5,daily,alt,0.0001999600079984003,-11.877852391578328,-9.29061278088033,12,12
206,0.5,daily,sharp,0.22975404919016196,-2.678328635210553,-9.29061278088033,12,12
206,0.5,daily,weak,0.5050989802039592,-2.2033212892526506,-9.29061278088033,12,12
206,0.5,daily,weak_skew,0.5680863827234554,-2.132901028952873,-9.29061278088033,12,12
206,0.5,two_day,alt,0.00927734375,-7.176115286649089,-9.29061278088033,12,12
206,0.5,two_day,sharp,0.79296875,0.49218197715583933,-9.29061278088033,12,12
206,0.5,two_day,weak,0.361328125,4.245949155953746,-9.29061278088033,12,12
206,0.5,two_day,weak_skew,0.4541015625,-2.573720895224554,-9.29061278088033,12,12
206,0.5,four_day,alt,0.0625,-12.134187359464859,-9.29061278088033,6,12
206,0.5,four_day,sharp,0.34375,-4.002712408496076,-9.29061278088033,6,12
206,0.5,four_day,weak,1.0,-0.5683129457446144,-9.29061278088033,6,12
206,0.5,four_day,weak_skew,0.3125,-5.574098628563895,-9.29061278088033,6,12
207,0.5,daily,alt,0.0003999200159968006,-10.06504848979462,-10.287627796552371,12,12
207,0.5,daily,sharp,0.7820435912817436,-0.31592967585930926,-10.287627796552371,12,12
207,0.5,daily,weak,0.4417116576684663,-2.4214118008832357,-10.287627796552371,12,12
207,0.5,daily,weak_skew,0.17596480703859227,4.960132452673139,-10.287627796552371,12,12
207,0.5,two_day,alt,0.0029296875,-13.479104405956102,-10.287627796552371,12,12
207,0.5,two_day,sharp,0.8134765625,-0.5859296266812807,-10.287627796552371,12,12
207,0.5,two_day,weak,0.75927734375,1.4206694511812834,-10.287627796552371,12,12
207,0.5,two_day,weak_skew,0.2919921875,3.219350440313469,-10.287627796552371,12,12
207,0.5,four_day,alt,0.8125,-1.2740608778843157,-10.287627796552371,6,12
207,0.5,four_day,sharp,0.125,5.379789887839085,-10.287627796552371,6,12
207,0.5,four_day,weak,0.09375,7.077133921664004,-10.287627796552371,6,12
207,0.5,four_day,weak_skew,0.96875,0.03241558829229992,-10.287627796552371,6,12
208,0.5,daily,alt,0.0001999600079984003,-12.185524819270483,-14.256605932392219,12,12
208,0.5,daily,sharp,0.4159168166366727,-1.7818568290835668,-14.256605932392219,12,12
208,0.5,daily,weak,0.05598880223955209,-4.904571944288931,-14.256605932392219,12,12
208,0.5,daily,weak_skew,0.47530493901219756,-1.6918132884208876,-14.256605932392219,12,12
208,0.5,two_day,alt,0.00048828125,-12.157085066737233,-14.256605932392219,12,12
208,0.5,two_day,sharp,0.42724609375,2.3101381280210487,-14.256605932392219,12,12
208,0.5,two_day,weak,0.85693359375,0.7752245451805901,-14.256605932392219,12,12
208,0.5,two_day,weak_skew,0.18115234375,4.626051241649303,-14.256605932392219,12,12
208,0.5,four_day,alt,0.03125,-14.603435140209896,-14.256605932392219,6,12
208,0.5,four_day,sharp,0.90625,0.24858375183834505,-14.256605932392219,6,12
208,0.5,four_day,weak,0.25,4.210337935529517,-14.256605932392219,6,12
208,0.5,four_day,weak_skew,0.25,10.382232462114644,-14.256605932392219,6,12
209,0.5,daily,alt,0.003799240151969606,-6.797355840544571,-4.755518978710157,12,12
209,0.5,daily,sharp,0.07438512297540492,-2.2881259320779592,-4.755518978710157,12,12
209,0.5,daily,weak,0.1299740051989602,-4.839128197596777,-4.755518978710157,12,12
209,0.5,daily,weak_skew,0.005398920215956809,-5.860211056515382,-4.755518978710157,12,12
209,0.5,two_day,alt,0.82958984375,1.0615571719124202,-4.755518978710157,12,12
209,0.5,two_day,sharp,0.43408203125,1.3373386636046714,-4.755518978710157,12,12
209,0.5,two_day,weak,0.11962890625,-5.584697070440131,-4.755518978710157,12,12
209,0.5,two_day,weak_skew,0.4296875,1.7349949039527697,-4.755518978710157,12,12
209,0.5,four_day,alt,0.375,-4.885342959479259,-4.755518978710157,6,12
209,0.5,four_day,sharp,0.96875,-0.20435302233682862,-4.755518978710157,6,12
209,0.5,four_day,weak,0.5625,2.683661954287423,-4.755518978710157,6,12
209,0.5,four_day,weak_skew,0.46875,4.572715263599218,-4.755518978710157,6,12
210,0.5,daily,alt,0.6062787442511498,-2.4910604854422407,-9.211496662824025,12,12
210,0.5,daily,sharp,0.15856828634273146,4.713302710580356,-9.211496662824025,12,12
210,0.5,daily,weak,0.3015396920615877,3.7473980144460306,-9.211496662824025,12,12
210,0.5,daily,weak_skew,0.29474105178964205,3.95424093356637,-9.211496662824025,12,12
210,0.5,two_day,alt,0.60009765625,-3.6247560966967076,-9.211496662824025,12,12
210,0.5,two_day,sharp,0.3984375,4.227867959525671,-9.211496662824025,12,12
210,0.5,two_day,weak,0.3115234375,5.961912213616617,-9.211496662824025,12,12
210,0.5,two_day,weak_skew,0.48583984375,3.0829135328045645,-9.211496662824025,12,12
210,0.5,four_day,alt,0.125,-16.948374086718008,-9.211496662824025,6,12
210,0.5,four_day,sharp,0.375,-7.017089383835689,-9.211496662824025,6,12
210,0.5,four_day,weak,0.375,-8.93525251315524,-9.211496662824025,6,12
210,0.5,four_day,weak_skew,0.875,-2.803264727904074,-9.211496662824025,6,12
211,0.5,daily,alt,0.6232753449310138,1.927024321368772,-6.493821326607318,12,12
211,0.5,daily,sharp,0.015796840631873626,2.877328795056443,-6.493821326607318,12,12
211,0.5,daily,weak,0.47370525894821036,1.9611803168060018,-6.493821326607318,12,12
211,0.5,daily,weak_skew,0.4225154969006199,2.5547377367117523,-6.493821326607318,12,12
211,0.5,two_day,alt,0.0341796875,-10.67814290928189,-6.493821326607318,12,12
211,0.5,two_day,sharp,0.162109375,-2.9636065531003157,-6.493821326607318,12,12
211,0.5,two_day,weak,0.21044921875,-2.8781934243781397,-6.493821326607318,12,12
211,0.5,two_day,weak_skew,0.0537109375,-5.862342099918571,-6.493821326607318,12,12
211,0.5,four_day,alt,0.03125,-12.754937305929213,-6.493821326607318,6,12
211,0.5,four_day,sharp,0.09375,-5.233372649600239,-6.493821326607318,6,12
211,0.5,four_day,weak,0.03125,-9.74951870273861,-6.493821326607318,6,12
211,0.5,four_day,weak_skew,0.3125,-5.667249797868316,-6.493821326607318,6,12
212,0.5,daily,alt,0.023195360927814438,-8.196339707940922,-5.251005089450828,12,12
212,0.5,daily,sharp,0.6024795040991802,-2.3012259322191118,-5.251005089450828,12,12
212,0.5,daily,weak,0.4227154569086183,-3.8543475240888863,-5.251005089450828,12,12
212,0.5,daily,weak_skew,0.4439112177564487,-3.021951236669643,-5.251005089450828,12,12
212,0.5,two_day,alt,0.6767578125,-1.7444110312197203,-5.251005089450828,12,12
212,0.5,two_day,sharp,0.77978515625,0.8493869181912862,-5.251005089450828,12,12
212,0.5,two_day,weak,0.7236328125,1.0172770000777678,-5.251005089450828,12,12
212,0.5,two_day,weak_skew,0.69970703125,1.3712516484545443,-5.251005089450828,12,12
212,0.5,four_day,alt,0.03125,-12.861598673663073,-5.251005089450828,6,12
212,0.5,four_day,sharp,0.1875,-4.909730789535175,-5.251005089450828,6,12
212,0.5,four_day,weak,0.125,-7.518454961247315,-5.251005089450828,6,12
212,0.5,four_day,weak_skew,0.96875,0.5474346308147501,-5.251005089450828,6,12
213,0.5,daily,alt,0.8310337932413517,-0.767790445681746,-5.412534296241887,12,12
213,0.5,daily,sharp,0.4159168166366727,1.3957818621173086,-5.412534296241887,12,12
213,0.5,daily,weak,0.5676864627074585,-1.807918267318783,-5.412534296241887,12,12
213,0.5,daily,weak_skew,0.11057788442311538,4.249328739977119,-5.412534296241887,12,12
213,0.5,two_day,alt,0.70166015625,-1.5358977667786995,-5.412534296241887,12,12
213,0.5,two_day,sharp,0.35205078125,2.267650518116571,-5.412534296241887,12,12
213,0.5,two_day,weak,0.22802734375,4.359769191418141,-5.412534296241887,12,12
213,0.5,two_day,weak_skew,0.15185546875,2.8095182523535045,-5.412534296241887,12,12
213,0.5,four_day,alt,0.34375,-6.367632585484011,-5.412534296241887,6,12
213,0.5,four_day,sharp,0.65625,-1.9809791965371737,-5.412534296241887,6,12
213,0.5,four_day,weak,0.3125,-5.020638707083503,-5.412534296241887,6,12
213,0.5,four_day,weak_skew,0.28125,-6.072712726392214,-5.412534296241887,6,12
214,0.5,daily,alt,0.981003799240152,0.10738514240889312,-4.79917224780138,12,12
214,0.5,daily,sharp,0.10897820435912818,4.476282410645383,-4.79917224780138,12,12
214,0.5,daily,weak,0.27014597080583885,3.7920599126002412,-4.79917224780138,12,12
214,0.5,daily,weak_skew,0.14757048590281943,4.159246357959413,-4.79917224780138,12,12
214,0.5,two_day,alt,0.005859375,-10.909017548526158,-4.79917224780138,12,12
214,0.5,two_day,sharp,0.05029296875,-6.17154955611019,-4.79917224780138,12,12
214,0.5,two_day,weak,0.11669921875,-7.19149835335734,-4.79917224780138,12,12
214,0.5,two_day,weak_skew,0.01806640625,-8.885994546564591,-4.79917224780138,12,12
214,0.5,four_day,alt,0.40625,-4.920268492298294,-4.79917224780138,6,12
214,0.5,four_day,sharp,0.875,0.48787523832488705,-4.79917224780138,6,12
214,0.5,four_day,weak,0.6875,-2.72354973846434,-4.79917224780138,6,12
214,0.5,four_day,weak_skew,0.53125,3.556514712923395,-4.79917224780138,6,12
215,0.5,daily,alt,0.0015996800639872025,-11.692011651347995,-9.94771545134028,12,12
215,0.5,daily,sharp,0.3915216956608678,-2.5796480955557843,-9.94771545134028,12,12
215,0.5,daily,weak,0.07858428314337132,-5.565920308476865,-9.94771545134028,12,12
215,0.5,daily,weak_skew,0.7792441511697661,-1.0699654202429645,-9.94771545134028,12,12
215,0.5,two_day,alt,0.0302734375,-7.386366818690035,-9.94771545134028,12,12
215,0.5,two_day,sharp,0.39990234375,1.8055274581793892,-9.94771545134028,12,12
215,0.5,two_day,weak,0.5927734375,-1.5267566994641684,-9.94771545134028,12,12
215,0.5,two_day,weak_skew,0.494140625,2.623379840422425,-9.94771545134028,12,12
215,0.5,four_day,alt,0.0625,-11.007864962224494,-9.94771545134028,6,12
215,0.5,four_day,sharp,0.78125,-0.7953550987881286,-9.94771545134028,6,12
215,0.5,four_day,weak,0.3125,-5.4831172860293576,-9.94771545134028,6,12
215,0.5,four_day,weak_skew,0.78125,0.8677830617297412,-9.94771545134028,6,12
216,0.5,daily,alt,0.4861027794441112,3.689557237168254,-7.259710266739248,12,12
216,0.5,daily,sharp,0.04279144171165767,5.361419950147429,-7.259710266739248,12,12
216,0.5,daily,weak,0.15716856628674264,3.9348731260088887,-7.259710266739248,12,12
216,0.5,daily,weak_skew,0.1235752849430114,4.403095258450686,-7.259710266739248,12,12
216,0.5,two_day,alt,0.0009765625,-12.983117352758319,-7.259710266739248,12,12
216,0.5,two_day,sharp,0.146484375,-4.035565638941475,-7.259710266739248,12,12
216,0.5,two_day,weak,0.39794921875,-4.162126663781827,-7.259710266739248,12,12
216,0.5,two_day,weak_skew,0.0849609375,-5.276291864839141,-7.259710266739248,12,12
216,0.5,four_day,alt,0.15625,-13.029506659321617,-7.259710266739248,6,12
216,0.5,four_day,sharp,0.21875,-7.131993785487231,-7.259710266739248,6,12
216,0.5,four_day,weak,0.46875,-5.713533400828344,-7.259710266739248,6,12
216,0.5,four_day,weak_skew,0.09375,-10.069664279452347,-7.259710266739248,6,12
217,0.5,daily,alt,0.0033993201359728054,-12.553710815993442,-7.229656709343317,12,12
217,0.5,daily,sharp,0.08698260347930414,-6.089910600252782,-7.229656709343317,12,12
217,0.5,daily,weak,0.05618876224755049,-8.416772465252707,-7.229656709343317,12,12
217,0.5,daily,weak_skew,0.09558088382323535,-7.618723719973935,-7.229656709343317,12,12
217,0.5,two_day,alt,0.71142578125,2.1716172847960884,-7.229656709343317,12,12
217,0.5,two_day,sharp,0.03857421875,8.932064367425992,-7.229656709343317,12,12
217,0.5,two_day,weak,0.1181640625,9.15688133257816,-7.229656709343317,12,12
217,0.5,two_day,weak_skew,0.09326171875,8.146355621217642,-7.229656709343317,12,12
217,0.5,four_day,alt,0.875,-1.287024721005043,-7.229656709343317,6,12
217,0.5,four_day,sharp,0.5625,3.6537250307179314,-7.229656709343317,6,12
217,0.5,four_day,weak,0.46875,3.252767823795935,-7.229656709343317,6,12
217,0.5,four_day,weak_skew,0.4375,4.210539022743721,-7.229656709343317,6,12
218,0.5,daily,alt,0.16876624675064986,-6.91503318059198,-8.624573664174875,12,12
218,0.5,daily,sharp,0.6934613077384523,0.9367850083115664,-8.624573664174875,12,12
218,0.5,daily,weak,0.9254149170165967,0.31661318470209093,-8.624573664174875,12,12
218,0.5,daily,weak_skew,0.5448910217956409,2.061228354690003,-8.624573664174875,12,12
218,0.5,two_day,alt,0.115234375,-7.187802925211642,-8.624573664174875,12,12
218,0.5,two_day,sharp,0.56591796875,2.6964301618306536,-8.624573664174875,12,12
218,0.5,two_day,weak,0.97216796875,-0.19535330743243642,-8.624573664174875,12,12
218,0.5,two_day,weak_skew,0.24658203125,5.746936926191599,-8.624573664174875,12,12
218,0.5,four_day,alt,0.28125,-6.741565382331621,-8.624573664174875,6,12
218,0.5,four_day,sharp,0.59375,3.6054379606545788,-8.624573664174875,6,12
218,0.5,four_day,weak,0.625,3.7216919138955062,-8.624573664174875,6,12
218,0.5,four_day,weak_skew,0.8125,1.0070320403470134,-8.624573664174875,6,12
219,0.5,daily,alt,0.7094581083783243,-2.7552707234779206,-6.773466403960043,12,12
219,0.5,daily,sharp,0.3421315736852629,2.0177461056029595,-6.773466403960043,12,12
219,0.5,daily,weak,0.3669266146770646,1.8977132411070208,-6.773466403960043,12,12
219,0.5,daily,weak_skew,0.8144371125774845,0.8134231647467747,-6.773466403960043,12,12
219,0.5,two_day,alt,0.876953125,-2.7877797187774984,-6.773466403960043,12,12
219,0.5,two_day,sharp,0.75537109375,1.548094395348069,-6.773466403960043,12,12
219,0.5,two_day,weak,0.685546875,1.3000124540727835,-6.773466403960043,12,12
219,0.5,two_day,weak_skew,0.935546875,0.3669631370011543,-6.773466403960043,12,12
219,0.5,four_day,alt,0.03125,-7.1388374744103595,-6.773466403960043,6,12
219,0.5,four_day,sharp,0.15625,2.266463406776694,-6.773466403960043,6,12
219,0.5,four_day,weak,0.09375,5.688368428494621,-6.773466403960043,6,12
219,0.5,four_day,weak_skew,1.0,0.08444914607380127,-6.773466403960043,6,12
220,0.5,daily,alt,0.022395520895820836,-5.595584102940388,-6.439340253494862,12,12
220,0.5,daily,sharp,0.7090581883623275,-0.4741762127391844,-6.439340253494862,12,12
220,0.5,daily,weak,0.5406918616276745,-1.6169598535970664,-6.439340253494862,12,12
220,0.5,daily,weak_skew,0.23315336932613479,-2.7844834115829102,-6.439340253494862,12,12
220,0.5,two_day,alt,0.24658203125,-4.8446081532471785,-6.439340253494862,12,12
220,0.5,two_day,sharp,0.6962890625,-0.5448319838018397,-6.439340253494862,12,12
220,0.5,two_day,weak,0.18701171875,-3.6289214674730617,-6.439340253494862,12,12
220,0.5,two_day,weak_skew,0.90087890625,0.45996425378944394,-6.439340253494862,12,12
220,0.5,four_day,alt,0.03125,-16.334837376250075,-6.439340253494862,6,12
220,0.5,four_day,sharp,0.1875,-5.998684424570374,-6.439340253494862,6,12
220,0.5,four_day,weak,0.375,-6.330188453604691,-6.439340253494862,6,12
220,0.5,four_day,weak_skew,0.34375,-2.746081727112307,-6.439340253494862,6,12
221,0.5,daily,alt,0.0661867626474705,-4.460454114717436,-9.51338633407876,12,12
221,0.5,daily,sharp,0.041191761647670466,3.984831069515252,-9.51338633407876,12,12
221,0.5,daily,weak,0.2539492101579684,3.5980650294659413,-9.51338633407876,12,12
221,0.5,daily,weak_skew,0.1757648470305939,3.081764512780159,-9.51338633407876,12,12
221,0.5,two_day,alt,0.00048828125,-16.719706288833688,-9.51338633407876,12,12
221,0.5,two_day,sharp,0.001953125,-7.6138084178506,-9.51338633407876,12,12
221,0.5,two_day,weak,0.0517578125,-8.588832828537731,-9.51338633407876,12,12
221,0.5,two_day,weak_skew,0.009765625,-10.458537326572568,-9.51338633407876,12,12
221,0.5,four_day,alt,0.09375,-12.540758368953886,-9.51338633407876,6,12
221,0.5,four_day,sharp,0.6875,-1.3678836452173186,-9.51338633407876,6,12
221,0.5,four_day,weak,0.78125,1.780770637413255,-9.51338633407876,6,12
221,0.5,four_day,weak_skew,0.0625,-7.413389646366621,-9.51338633407876,6,12
222,0.5,daily,alt,0.003199360127974405,-6.0207362623907414,-9.135815032225338,12,12
222,0.5,daily,sharp,0.02299540091981604,3.236697241585361,-9.135815032225338,12,12
222,0.5,daily,weak,0.026394721055788842,5.085104388764098,-9.135815032225338,12,12
222,0.5,daily,weak_skew,0.4427114577084583,1.4058189191626351,-9.135815032225338,12,12
222,0.5,two_day,alt,0.009765625,-11.495231796767362,-9.135815032225338,12,12
222,0.5,two_day,sharp,0.32275390625,-1.931341565933235,-9.135815032225338,12,12
222,0.5,two_day,weak,0.12744140625,-3.7570494330193154,-9.135815032225338,12,12
222,0.5,two_day,weak_skew,0.79345703125,0.9507709866283847,-9.135815032225338,12,12
222,0.5,four_day,alt,0.09375,-4.792980045509812,-9.135815032225338,6,12
222,0.5,four_day,sharp,0.5,1.9192594793004218,-9.135815032225338,6,12
222,0.5,four_day,weak,0.59375,-2.5369268722905254,-9.135815032225338,6,12
222,0.5,four_day,weak_skew,0.25,-2.419439331008077,-9.135815032225338,6,12
223,0.5,daily,alt,0.0001999600079984003,-9.523335065102843,-9.06770919628076,12,12
223,0.5,daily,sharp,0.052189562087582485,-2.3922668832668688,-9.06770919628076,12,12
223,0.5,daily,weak,0.6842631473705258,0.7092167010671293,-9.06770919628076,12,12
223,0.5,daily,weak_skew,0.5126974605078984,2.027764011009483,-9.06770919628076,12,12
223,0.5,two_day,alt,0.02001953125,-10.21153651153046,-9.06770919628076,12,12
223,0.5,two_day,sharp,0.380859375,-2.0936703039789784,-9.06770919628076,12,12
223,0.5,two_day,weak,0.68408203125,1.2312051893227327,-9.06770919628076,12,12
223,0.5,two_day,weak_skew,0.06787109375,-5.052938909392923,-9.06770919628076,12,12
223,0.5,four_day,alt,0.03125,-9.258463184183798,-9.06770919628076,6,12
223,0.5,four_day,sharp,0.3125,-3.4588001601815797,-9.06770919628076,6,12
223,0.5,four_day,weak,0.65625,-3.479317633183927,-9.06770919628076,6,12
223,0.5,four_day,weak_skew,0.15625,-6.032578101294061,-9.06770919628076,6,12
224,0.5,daily,alt,0.355128974205159,-4.523853380261399,-9.131227255745017,12,12
224,0.5,daily,sharp,0.9766046790641871,-0.06230463208737843,-9.131227255745017,12,12
224,0.5,daily,weak,0.5974805038992201,1.7577451168428493,-9.131227255745017,12,12
224,0.5,daily,weak_skew,0.8240351929614077,-0.6185664364427499,-9.131227255745017,12,12
224,0.5,two_day,alt,0.1318359375,-8.913812082710805,-9.131227255745017,12,12
224,0.5,two_day,sharp,0.7109375,-0.8435067637510182,-9.131227255745017,12,12
224,0.5,two_day,weak,0.3818359375,2.3371708080718054,-9.131227255745017,12,12
224,0.5,two_day,weak_skew,0.38134765625,4.165410342195895,-9.131227255745017,12,12
224,0.5,four_day,alt,0.03125,-13.368637854714118,-9.131227255745017,6,12
224,0.5,four_day,sharp,0.40625,-2.597198481737159,-9.131227255745017,6,12
224,0.5,four_day,weak,0.59375,2.6604870120083226,-9.131227255745017,6,12
224,0.5,four_day,weak_skew,0.03125,-8.493820009485068,-9.131227255745017,6,12
225,0.5,daily,alt,0.0015996800639872025,-13.317350200765718,-9.385559835964258,12,12
225,0.5,daily,sharp,0.3905218956208758,-2.786516963540647,-9.385559835964258,12,12
225,0.5,daily,weak,0.8212357528494301,-0.7545705717543362,-9.385559835964258,12,12
225,0.5,daily,weak_skew,0.6918616276744651,-1.165078137796635,-9.385559835964258,12,12
225,0.5,two_day,alt,0.00048828125,-13.298149942756382,-9.385559835964258,12,12
225,0.5,two_day,sharp,0.17333984375,-3.59968855393536,-9.385559835964258,12,12
225,0.5,two_day,weak,0.73876953125,-1.1462095093202809,-9.385559835964258,12,12
225,0.5,two_day,weak_skew,0.0224609375,-7.43161388588561,-9.385559835964258,12,12
225,0.5,four_day,alt,0.03125,-11.396028435428079,-9.385559835964258,6,12
225,0.5,four_day,sharp,0.9375,-0.1501556684378945,-9.385559835964258,6,12
225,0.5,four_day,weak,0.40625,3.0627373665614996,-9.385559835964258,6,12
225,0.5,four_day,weak_skew,0.5625,-2.2974216149434974,-9.385559835964258,6,12
226,0.5,daily,alt,0.23335332933413316,-3.634985151890555,-5.460259047516189,12,12
226,0.5,daily,sharp,0.9552089582083584,-0.10556743867172654,-5.460259047516189,12,12
226,0.5,daily,weak,0.1275744851029794,-3.403159175780773,-5.460259047516189,12,12
226,0.5,daily,weak_skew,0.849630073985203,-0.49847054204830066,-5.460259047516189,12,12
226,0.5,two_day,alt,0.0048828125,-11.270944330924758,-5.460259047516189,12,12
226,0.5,two_day,sharp,0.0576171875,-3.9897737709271475,-5.460259047516189,12,12
226,0.5,two_day,weak,0.3056640625,-3.176027863811657,-5.460259047516189,12,12
226,0.5,two_day,weak_skew,0.39453125,-2.2961986350985892,-5.460259047516189,12,12
226,0.5,four_day,alt,0.75,-1.5316597796060296,-5.460259047516189,6,12
226,0.5,four_day,sharp,0.25,4.422050717475827,-5.460259047516189,6,12
226,0.5,four_day,weak,0.53125,3.9944234870817836,-5.460259047516189,6,12
226,0.5,four_day,weak_skew,0.15625,6.029735576880264,-5.460259047516189,6,12
227,0.5,daily,alt,0.251749650069986,-4.0736687581394735,-5.49623351102759,12,12
227,0.5,daily,sharp,0.5568886222755449,-1.3531821807445759,-5.49623351102759,12,12
227,0.5,daily,weak,0.6756648670265947,-1.2792179996284432,-5.49623351102759,12,12
227,0.5,daily,weak_skew,0.7280543891221756,-0.8329757294322473,-5.49623351102759,12,12
227,0.5,two_day,alt,0.7001953125,-1.8736869506222948,-5.49623351102759,12,12
227,0.5,two_day,sharp,0.9052734375,0.1941448516740453,-5.49623351102759,12,12
227,0.5,two_day,weak,0.146484375,4.724706770493812,-5.49623351102759,12,12
227,0.5,two_day,weak_skew,0.2978515625,3.7803966491151257,-5.49623351102759,12,12
227,0.5,four_day,alt,0.4375,-3.0549286759113627,-5.49623351102759,6,12
227,0.5,four_day,sharp,0.9375,0.050834803790972195,-5.49623351102759,6,12
227,0.5,four_day,weak,0.65625,2.326618005133703,-5.49623351102759,6,12
227,0.5,four_day,weak_skew,0.9375,0.30043380397383856,-5.49623351102759,6,12
228,0.5,daily,alt,0.732253549290142,-1.640470197962312,-8.940523329895555,12,12
228,0.5,daily,sharp,0.3887222555488902,2.2843647966193323,-8.940523329895555,12,12
228,0.5,daily,weak,0.3713257348530294,2.723178196506538,-8.940523329895555,12,12
228,0.5,daily,weak_skew,0.28994201159768046,4.006799331563171,-8.940523329895555,12,12
228,0.5,two_day,alt,0.02294921875,-11.590112071303183,-8.940523329895555,12,12
228,0.5,two_day,sharp,0.59326171875,-2.049513753633919,-8.940523329895555,12,12
228,0.5,two_day,weak,0.5302734375,-3.17470815469701,-8.940523329895555,12,12
228,0.5,two_day,weak_skew,0.71875,-1.7771630582771276,-8.940523329895555,12,12
228,0.5,four_day,alt,0.125,-10.68057014661199,-8.940523329895555,6,12
228,0.5,four_day,sharp,1.0,0.09828478277891388,-8.940523329895555,6,12
228,0.5,four_day,weak,1.0,-1.8929480762291877,-8.940523329895555,6,12
228,0.5,four_day,weak_skew,0.75,-2.5330873211179905,-8.940523329895555,6,12
229,0.5,daily,alt,0.01199760047990402,-9.727921557427946,-9.01916101761266,12,12
229,0.5,daily,sharp,0.6440711857628474,-1.368708529845432,-9.01916101761266,12,12
229,0.5,daily,weak,0.6584683063387322,1.9146602028521205,-9.01916101761266,12,12
229,0.5,daily,weak_skew,0.3899220155968806,-2.794647149288195,-9.01916101761266,12,12
229,0.5,two_day,alt,0.03662109375,-7.503918780149523,-9.01916101761266,12,12
229,0.5,two_day,sharp,0.83154296875,-0.501328816635473,-9.01916101761266,12,12
229,0.5,two_day,weak,0.9248046875,0.25950532975364854,-9.01916101761266,12,12
229,0.5,two_day,weak_skew,0.98046875,0.07155073280623725,-9.01916101761266,12,12
229,0.5,four_day,alt,0.1875,-7.645967590231346,-9.01916101761266,6,12
229,0.5,four_day,sharp,0.8125,-0.6242779924851606,-9.01916101761266,6,12
229,0.5,four_day,weak,0.84375,0.294913445149034,-9.01916101761266,6,12
229,0.5,four_day,weak_skew,0.5625,-1.7111592880548219,-9.01916101761266,6,12
230,0.5,daily,alt,0.40471905618876225,-1.8130864606484753,-7.729608340427376,12,12
230,0.5,daily,sharp,0.24135172965406917,2.3012063242199967,-7.729608340427376,12,12
230,0.5,daily,weak,0.9544091181763648,0.14686823711827776,-7.729608340427376,12,12
230,0.5,daily,weak_skew,0.5984803039392121,1.322117560343403,-7.729608340427376,12,12
230,0.5,two_day,alt,0.23974609375,-6.507812992264662,-7.729608340427376,12,12
230,0.5,two_day,sharp,0.87841796875,-0.6038386828073268,-7.729608340427376,12,12
230,0.5,two_day,weak,0.8134765625,1.059035321114986,-7.729608340427376,12,12
230,0.5,two_day,weak_skew,0.43212890625,-3.4636284532141715,-7.729608340427376,12,12
230,0.5,four_day,alt,0.03125,-13.652763124579408,-7.729608340427376,6,12
230,0.5,four_day,sharp,0.125,-5.8534591425650015,-7.729608340427376,6,12
230,0.5,four_day,weak,0.28125,-5.31157223910765,-7.729608340427376,6,12
230,0.5,four_day,weak_skew,0.375,-4.283090578048063,-7.729608340427376,6,12
231,0.5,daily,alt,0.6134773045390922,-2.5701390912065882,-5.76750767208793,12,12
231,0.5,daily,sharp,0.02979404119176165,-3.436466908292284,-5.76750767208793,12,12
231,0.5,daily,weak,0.45550889822035595,-1.928704459532863,-5.76750767208793,12,12
231,0.5,daily,weak_skew,0.6044791041791642,-1.3893325031873793,-5.76750767208793,12,12
231,0.5,two_day,alt,0.21240234375,-5.284678316368808,-5.76750767208793,12,12
231,0.5,two_day,sharp,0.35302734375,-1.899079162969418,-5.76750767208793,12,12
231,0.5,two_day,weak,0.2802734375,-3.337645096918699,-5.76750767208793,12,12
231,0.5,two_day,weak_skew,0.10009765625,-3.689031486413429,-5.76750767208793,12,12
231,0.5,four_day,alt,0.9375,-0.4583482981212157,-5.76750767208793,6,12
231,0.5,four_day,sharp,0.9375,1.1906620591271302,-5.76750767208793,6,12
231,0.5,four_day,weak,0.1875,8.527011765938939,-5.76750767208793,6,12
231,0.5,four_day,weak_skew,0.9375,-0.9158079347406117,-5.76750767208793,6,12
232,0.5,daily,alt,0.009798040391921616,-8.28048079632529,-9.874011528016815,12,12
232,0.5,daily,sharp,0.6920615876824635,0.7009032898943405,-9.874011528016815,12,12
232,0.5,daily,weak,0.6766646670665867,-1.1089716934239184,-9.874011528016815,12,12
232,0.5,daily,weak_skew,0.19816036792641473,2.766927312255825,-9.874011528016815,12,12
232,0.5,two_day,alt,0.0009765625,-11.612799951966506,-9.874011528016815,12,12
232,0.5,two_day,sharp,0.830078125,-0.5171707938741417,-9.874011528016815,12,12
232,0.5,two_day,weak,0.763671875,1.3077476724970107,-9.874011528016815,12,12
232,0.5,two_day,weak_skew,0.36767578125,-3.121844247402193,-9.874011528016815,12,12
232,0.5,four_day,alt,0.0625,-11.315171676175432,-9.874011528016815,6,12
232,0.5,four_day,sharp,0.4375,-2.3524200045986796,-9.874011528016815,6,12
232,0.5,four_day,weak,0.125,-6.010430040205942,-9.874011528016815,6,12
232,0.5,four_day,weak_skew,0.3125,-5.084132542607221,-9.874011528016815,6,12
233,0.5,daily,alt,0.02299540091981604,-6.548325838046299,-9.349874801389632,12,12
233,0.5,daily,sharp,0.4851029794041192,1.5766250231357664,-9.349874801389632,12,12
233,0.5,daily,weak,0.7200559888022395,1.1981557918645471,-9.349874801389632,12,12
233,0.5,daily,weak_skew,0.860627874425115,-0.5159284417451122,-9.349874801389632,12,12
233,0.5,two_day,alt,0.0009765625,-12.78254739071127,-9.349874801389632,12,12
233,0.5,two_day,sharp,0.1611328125,-2.315688238526837,-9.349874801389632,12,12
233,0.5,two_day,weak,0.509765625,-1.9899399216971514,-9.349874801389632,12,12
233,0.5,two_day,weak_skew,0.08837890625,-3.8991280823271595,-9.349874801389632,12,12
233,0.5,four_day,alt,0.03125,-12.001846974513006,-9.349874801389632,6,12
233,0.5,four_day,sharp,0.4375,-1.4295832368948744,-9.349874801389632,6,12
233,0.5,four_day,weak,0.9375,-0.6709249704592418,-9.349874801389632,6,12
233,0.5,four_day,weak_skew,0.71875,1.2478397657436286,-9.349874801389632,6,12
234,0.5,daily,alt,0.0005998800239952009,-6.2222591433137255,-6.687934241891988,12,12
234,0.5,daily,sharp,0.9398120375924816,0.07434689403869517,-6.687934241891988,12,12
234,0.5,daily,weak,0.7456508698260348,-0.8075868637615932,-6.687934241891988,12,12
234,0.5,daily,weak_skew,0.41311737652469505,-1.520389346099126,-6.687934241891988,12,12
234,0.5,two_day,alt,0.05712890625,-6.180015522418117,-6.687934241891988,12,12
234,0.5,two_day,sharp,0.83447265625,-0.40964197686498355,-6.687934241891988,12,12
234,0.5,two_day,weak,0.5400390625,-2.1626607183882274,-6.687934241891988,12,12
234,0.5,two_day,weak_skew,0.47412109375,-2.298327206316591,-6.687934241891988,12,12
234,0.5,four_day,alt,0.5,-3.5774649342591913,-6.687934241891988,6,12
234,0.5,four_day,sharp,0.78125,1.480038307806326,-6.687934241891988,6,12
234,0.5,four_day,weak,0.90625,-0.5411648927035948,-6.687934241891988,6,12
234,0.5,four_day,weak_skew,0.84375,1.1436469155399547,-6.687934241891988,6,12
235,0.5,daily,alt,0.01279744051189762,-8.165607819146285,-10.08480580837324,12,12
235,0.5,daily,sharp,0.4381123775244951,1.9352257066476384,-10.08480580837324,12,12
235,0.5,daily,weak,0.4159168166366727,2.956489025690118,-10.08480580837324,12,12
235,0.5,daily,weak_skew,0.9524095180963807,0.17042579126210575,-10.08480580837324,12,12
235,0.5,two_day,alt,0.12353515625,-10.384121616404743,-10.08480580837324,12,12
235,0.5,two_day,sharp,0.26416015625,-3.891894104850758,-10.08480580837324,12,12
235,0.5,two_day,weak,0.4677734375,-2.7855532278092183,-10.08480580837324,12,12
235,0.5,two_day,weak_skew,0.59814453125,-2.257393280462501,-10.08480580837324,12,12
235,0.5,four_day,alt,0.0625,-11.38819450688905,-10.08480580837324,6,12
235,0.5,four_day,sharp,0.875,-0.4782065280400249,-10.08480580837324,6,12
235,0.5,four_day,weak,0.09375,-5.991036580306044,-10.08480580837324,6,12
235,0.5,four_day,weak_skew,0.59375,2.854277917108869,-10.08480580837324,6,12
236,0.5,daily,alt,0.0657868426314737,-5.157327088556893,-8.395218348303636,12,12
236,0.5,daily,sharp,0.3883223355328934,0.8611770521735155,-8.395218348303636,12,12
236,0.5,daily,weak,0.41971605678864227,1.6109049380020366,-8.395218348303636,12,12
236,0.5,daily,weak_skew,0.8230353929214157,-0.45393941383955233,-8.395218348303636,12,12
236,0.5,two_day,alt,0.31103515625,-3.593902628481158,-8.395218348303636,12,12
236,0.5,two_day,sharp,0.9091796875,0.19723515552282636,-8.395218348303636,12,12
236,0.5,two_day,weak,0.25634765625,4.09944580623182,-8.395218348303636,12,12
236,0.5,two_day,weak_skew,0.80517578125,-0.7776379108898125,-8.395218348303636,12,12
236,0.5,four_day,alt,0.53125,-4.076272519358272,-8.395218348303636,6,12
236,0.5,four_day,sharp,0.5,1.932452170387781,-8.395218348303636,6,12
236,0.5,four_day,weak,0.0625,4.621911434277236,-8.395218348303636,6,12
236,0.5,four_day,weak_skew,0.9375,-0.37461160745887173,-8.395218348303636,6,12
237,0.5,daily,alt,0.0023995200959808036,-9.613981280685273,-10.680052759262807,12,12
237,0.5,daily,sharp,0.9256148770245951,0.18606318857584014,-10.680052759262807,12,12
237,0.5,daily,weak,0.8160367926414717,0.5684765795994527,-10.680052759262807,12,12
237,0.5,daily,weak_skew,0.48210357928414316,-1.9842164508234923,-10.680052759262807,12,12
237,0.5,two_day,alt,0.013671875,-10.756649610902869,-10.680052759262807,12,12
237,0.5,two_day,sharp,0.9306640625,-0.3248429291729025,-10.680052759262807,12,12
237,0.5,two_day,weak,0.68310546875,1.7205720678501522,-10.680052759262807,12,12
237,0.5,two_day,weak_skew,0.44873046875,-3.0749639951024146,-10.680052759262807,12,12
237,0.5,four_day,alt,0.03125,-10.807094584077328,-10.680052759262807,6,12
237,0.5,four_day,sharp,0.78125,0.44199562618553045,-10.680052759262807,6,12
237,0.5,four_day,weak,0.71875,2.1959145594603178,-10.680052759262807,6,12
237,0.5,four_day,weak_skew,0.0625,-3.511318588459563,-10.680052759262807,6,12
238,0.5,daily,alt,0.6934613077384523,-1.446497007735692,-5.978267244500728,12,12
238,0.5,daily,sharp,0.5688862227554489,0.9330376218525197,-5.978267244500728,12,12
238,0.5,daily,weak,0.5268946210757849,1.966549633917572,-5.978267244500728,12,12
238,0.5,daily,weak_skew,0.8968206358728255,0.30558648899010227,-5.978267244500728,12,12
238,0.5,two_day,alt,0.0517578125,-9.62915373057752,-5.978267244500728,12,12
238,0.5,two_day,sharp,0.92822265625,-0.24196756765026942,-5.978267244500728,12,12
238,0.5,two_day,weak,0.92578125,-0.3935288068166412,-5.978267244500728,12,12
238,0.5,two_day,weak_skew,0.99169921875,-0.03420525346963821,-5.978267244500728,12,12
238,0.5,four_day,alt,0.1875,-5.142915312642788,-5.978267244500728,6,12
238,0.5,four_day,sharp,0.53125,1.3743104806133992,-5.978267244500728,6,12
238,0.5,four_day,weak,0.1875,5.793034702549186,-5.978267244500728,6,12
238,0.5,four_day,weak_skew,0.21875,-3.8639183538202757,-5.978267244500728,6,12
239,0.5,daily,alt,0.023595280943811237,-7.986262153750598,-9.5167319465085,12,12
239,0.5,daily,sharp,0.6848630273945211,-0.6079478306628161,-9.5167319465085,12,12
239,0.5,daily,weak,0.22175564887022595,-2.8355205975039635,-9.5167319465085,12,12
239,0.5,daily,weak_skew,0.8660267946410718,-0.43849163174352473,-9.5167319465085,12,12
239,0.5,two_day,alt,0.00048828125,-10.988946643336627,-9.5167319465085,12,12
239,0.5,two_day,sharp,0.7158203125,-0.6772879890725481,-9.5167319465085,12,12
239,0.5,two_day,weak,0.75244140625,-1.012967621102204,-9.5167319465085,12,12
239,0.5,two_day,weak_skew,0.83349609375,-0.6707927013241589,-9.5167319465085,12,12
239,0.5,four_day,alt,0.03125,-7.330582035395898,-9.5167319465085,6,12
239,0.5,four_day,sharp,0.03125,2.513119236617064,-9.5167319465085,6,12
239,0.5,four_day,weak,0.84375,-1.1848519556388883,-9.5167319465085,6,12
239,0.5,four_day,weak_skew,0.90625,-0.43971753427476185,-9.5167319465085,6,12
240,0.5,daily,alt,0.16616676664667065,-5.2933544077908445,-8.894339748050513,12,12
240,0.5,daily,sharp,0.9214157168566287,0.22526834832644127,-8.894339748050513,12,12
240,0.5,daily,weak,0.9692061587682463,-0.08987596061085885,-8.894339748050513,12,12
240,0.5,daily,weak_skew,0.5950809838032394,-0.9745444685344543,-8.894339748050513,12,12
240,0.5,two_day,alt,0.0029296875,-10.459055287714264,-8.894339748050513,12,12
240,0.5,two_day,sharp,0.97900390625,0.07187499319812514,-8.894339748050513,12,12
240,0.5,two_day,weak,0.53857421875,-2.0280144909049835,-8.894339748050513,12,12
240,0.5,two_day,weak_skew,0.6884765625,-0.692648925433069,-8.894339748050513,12,12
240,0.5,four_day,alt,0.0625,-9.044805442126552,-8.894339748050513,6,12
240,0.5,four_day,sharp,0.40625,-1.9783681781801725,-8.894339748050513,6,12
240,0.5,four_day,weak,0.34375,-5.1886923010771495,-8.894339748050513,6,12
240,0.5,four_day,weak_skew,0.09375,-2.9861243955617076,-8.894339748050513,6,12
241,0.5,daily,alt,0.007598480303939212,-6.107261770474374,-4.812829268899534,12,12
241,0.5,daily,sharp,0.7022595480903819,-0.6427773529964617,-4.812829268899534,12,12
241,0.5,daily,weak,0.9934013197360528,0.030870539332834568,-4.812829268899534,12,12
241,0.5,daily,weak_skew,0.8340331933613278,0.6629293027962261,-4.812829268899534,12,12
241,0.5,two_day,alt,0.71337890625,1.3395809438232391,-4.812829268899534,12,12
241,0.5,two_day,sharp,0.44384765625,2.2016505510120896,-4.812829268899534,12,12
241,0.5,two_day,weak,0.2548828125,4.477403201043105,-4.812829268899534,12,12
241,0.5,two_day,weak_skew,0.3916015625,-2.878922232777191,-4.812829268899534,12,12
241,0.5,four_day,alt,0.5625,-4.238477956112999,-4.812829268899534,6,12
241,0.5,four_day,sharp,0.90625,-1.1014612888143962,-4.812829268899534,6,12
241,0.5,four_day,weak,0.90625,-0.8596961097666274,-4.812829268899534,6,12
241,0.5,four_day,weak_skew,0.5,-3.4550617126221055,-4.812829268899534,6,12
242,0.5,daily,alt,0.005198960207958408,-10.312551425883735,-5.414273257272214,12,12
242,0.5,daily,sharp,0.17956408718256348,-3.0954008984774237,-5.414273257272214,12,12
242,0.5,daily,weak,0.20355928814237154,-4.33090819528915,-5.414273257272214,12,12
242,0.5,daily,weak_skew,0.44931013797240554,2.9302811129087103,-5.414273257272214,12,12
242,0.5,two_day,alt,0.25732421875,-4.11639325096123,-5.414273257272214,12,12
242,0.5,two_day,sharp,0.38330078125,4.2537440106539774,-5.414273257272214,12,12
242,0.5,two_day,weak,0.27197265625,6.481576610375093,-5.414273257272214,12,12
242,0.5,two_day,weak_skew,0.052734375,9.699413675260441,-5.414273257272214,12,12
242,0.5,four_day,alt,0.21875,-7.786061678262704,-5.414273257272214,6,12
242,0.5,four_day,sharp,0.75,-1.4602221742634274,-5.414273257272214,6,12
242,0.5,four_day,weak,0.25,-6.184174391260096,-5.414273257272214,6,12
242,0.5,four_day,weak_skew,0.3125,4.597603748049688,-5.414273257272214,6,12
243,0.5,daily,alt,0.010197960407918417,-5.7784106817945,-8.575297622097949,12,12
243,0.5,daily,sharp,0.375124975004999,0.9025468554009528,-8.575297622097949,12,12
243,0.5,daily,weak,0.2483503299340132,-2.2077196530631404,-8.575297622097949,12,12
243,0.5,daily,weak_skew,0.7950409918016397,-0.4060677995931492,-8.575297622097949,12,12
243,0.5,two_day,alt,0.1640625,-7.027430957314917,-8.575297622097949,12,12
243,0.5,two_day,sharp,0.85107421875,-0.4581692707991027,-8.575297622097949,12,12
243,0.5,two_day,weak,0.96240234375,-0.11413881620738013,-8.575297622097949,12,12
243,0.5,two_day,weak_skew,0.53369140625,-1.7911065418153154,-8.575297622097949,12,12
243,0.5,four_day,alt,0.1875,-7.656665158727852,-8.575297622097949,6,12
243,0.5,four_day,sharp,0.9375,0.1553875382676395,-8.575297622097949,6,12
243,0.5,four_day,weak,0.8125,-1.8160476366449683,-8.575297622097949,6,12
243,0.5,four_day,weak_skew,0.5625,3.4037058666733544,-8.575297622097949,6,12
244,0.5,daily,alt,0.00639872025594881,-8.417840426186274,-7.114845137910571,12,12
244,0.5,daily,sharp,0.3945210957808438,-1.4982760327209768,-7.114845137910571,12,12
244,0.5,daily,weak,0.022795440911817635,-4.041134079255677,-7.114845137910571,12,12
244,0.5,daily,weak_skew,0.8204359128174366,-0.5179210058946909,-7.114845137910571,12,12
244,0.5,two_day,alt,0.02001953125,-9.781932178801204,-7.114845137910571,12,12
244,0.5,two_day,sharp,0.62060546875,-1.0080322407681048,-7.114845137910571,12,12
244,0.5,two_day,weak,0.33837890625,3.267831323631162,-7.114845137910571,12,12
244,0.5,two_day,weak_skew,0.39794921875,-3.5950300134263173,-7.114845137910571,12,12
244,0.5,four_day,alt,0.03125,-9.623344225166989,-7.114845137910571,6,12
244,0.5,four_day,sharp,0.65625,-1.110067814893333,-7.114845137910571,6,12
244,0.5,four_day,weak,0.625,-2.676983040468881,-7.114845137910571,6,12
244,0.5,four_day,weak_skew,0.65625,0.8783118280277952,-7.114845137910571,6,12
245,0.5,daily,alt,0.0015996800639872025,-7.261575692219562,-7.765345933991732,12,12
245,0.5,daily,sharp,0.9008198360327935,-0.19471169099313576,-7.765345933991732,12,12
245,0.5,daily,weak,0.749250149970006,-0.9314784723437294,-7.765345933991732,12,12
245,0.5,daily,weak_skew,0.9526094781043791,-0.1851687857689258,-7.765345933991732,12,12
245,0.5,two_day,alt,0.05615234375,-5.087054745242472,-7.765345933991732,12,12
245,0.5,two_day,sharp,0.49169921875,1.5599750593946418,-7.765345933991732,12,12
245,0.5,two_day,weak,0.61328125,1.6847303076317448,-7.765345933991732,12,12
245,0.5,two_day,weak_skew,0.31689453125,4.733336107345303,-7.765345933991732,12,12
245,0.5,four_day,alt,0.03125,-9.970857711250604,-7.765345933991732,6,12
245,0.5,four_day,sharp,0.875,-0.3174252839771607,-7.765345933991732,6,12
245,0.5,four_day,weak,0.46875,2.381337656163782,-7.765345933991732,6,12
245,0.5,four_day,weak_skew,0.75,1.9904348845055975,-7.765345933991732,6,12
246,0.5,daily,alt,0.001999600079984003,-7.305986502570172,-8.124430684685379,12,12
246,0.5,daily,sharp,0.3129374125174965,1.2516528516539,-8.124430684685379,12,12
246,0.5,daily,weak,0.8078384323135372,0.5580365225760051,-8.124430684685379,12,12
246,0.5,daily,weak_skew,0.9602079584083183,-0.11289745032740998,-8.124430684685379,12,12
246,0.5,two_day,alt,0.57275390625,-2.541819762172191,-8.124430684685379,12,12
246,0.5,two_day,sharp,0.302734375,3.6457428521025452,-8.124430684685379,12,12
246,0.5,two_day,weak,0.14404296875,6.264009641691884,-8.124430684685379,12,12
246,0.5,two_day,weak_skew,0.6943359375,1.4306163170955315,-8.124430684685379,12,12
246,0.5,four_day,alt,0.3125,-4.002229187840399,-8.124430684685379,6,12
246,0.5,four_day,sharp,0.5,2.5220100291909304,-8.124430684685379,6,12
246,0.5,four_day,weak,0.96875,0.17075553597988483,-8.124430684685379,6,12
246,0.5,four_day,weak_skew,0.8125,0.9334788771036209,-8.124430684685379,6,12
247,0.5,daily,alt,0.02959408118376325,-7.109275229831176,-6.391395898081747,12,12
247,0.5,daily,sharp,0.4267146570685863,-1.4375890426552385,-6.391395898081747,12,12
247,0.5,daily,weak,0.9100179964007199,0.24904913288563435,-6.391395898081747,12,12
247,0.5,daily,weak_skew,0.6612677464507098,-1.127792742770526,-6.391395898081747,12,12
247,0.5,two_day,alt,0.453125,-3.5957442866371476,-6.391395898081747,12,12
247,0.5,two_day,sharp,0.23974609375,2.0345478410519227,-6.391395898081747,12,12
247,0.5,two_day,weak,0.10693359375,5.20661908238741,-6.391395898081747,12,12
247,0.5,two_day,weak_skew,0.90478515625,-0.3027774819677879,-6.391395898081747,12,12
247,0.5,four_day,alt,0.0625,-10.025223926550215,-6.391395898081747,6,12
247,0.5,four_day,sharp,0.90625,0.4477178656674745,-6.391395898081747,6,12
247,0.5,four_day,weak,0.75,-1.615685230635794,-6.391395898081747,6,12
247,0.5,four_day,weak_skew,1.0,-0.2029878041359853,-6.391395898081747,6,12
248,0.5,daily,alt,0.2829434113177364,-5.575378562807458,-6.840779478500181,12,12
248,0.5,daily,sharp,0.1861627674465107,3.0895228746917223,-6.840779478500181,12,12
248,0.5,daily,weak,0.5842831433713257,1.763985898608949,-6.840779478500181,12,12
248,0.5,daily,weak_skew,0.3099380123975205,2.670611793379761,-6.840779478500181,12,12
248,0.5,two_day,alt,0.00146484375,-12.81857746022015,-6.840779478500181,12,12
248,0.5,two_day,sharp,0.5595703125,-1.5134902974169986,-6.840779478500181,12,12
248,0.5,two_day,weak,0.47314453125,2.1129219370971715,-6.840779478500181,12,12
248,0.5,two_day,weak_skew,0.32421875,-3.4512131592075552,-6.840779478500181,12,12
248,0.5,four_day,alt,0.90625,-2.9167329178717516,-6.840779478500181,6,12
248,0.5,four_day,sharp,0.9375,-0.715556327300168,-6.840779478500181,6,12
248,0.5,four_day,weak,0.625,-2.985437506931023,-6.840779478500181,6,12
248,0.5,four_day,weak_skew,0.4375,-5.856198449763514,-6.840779478500181,6,12
249,0.5,daily,alt,0.015596880623875225,-7.134021545387431,-5.471546397115297,12,12
249,0.5,daily,sharp,0.3783243351329734,-1.4869370881586856,-5.471546397115297,12,12
249,0.5,daily,weak,0.2581483703259348,-3.283072294898871,-5.471546397115297,12,12
249,0.5,daily,weak_skew,0.6134773045390922,-1.4396315632306849,-5.471546397115297,12,12
249,0.5,two_day,alt,0.24267578125,-3.9961377775490274,-5.471546397115297,12,12
249,0.5,two_day,sharp,0.79736328125,-0.7019135556529932,-5.471546397115297,12,12
249,0.5,two_day,weak,0.392578125,-3.2189667821376617,-5.471546397115297,12,12
249,0.5,two_day,weak_skew,0.4091796875,-2.1868885270276643,-5.471546397115297,12,12
249,0.5,four_day,alt,0.71875,-1.412401529572718,-5.471546397115297,6,12
249,0.5,four_day,sharp,0.1875,3.1988102241146557,-5.471546397115297,6,12
249,0.5,four_day,weak,0.65625,2.9254913550521073,-5.471546397115297,6,12
249,0.5,four_day,weak_skew,0.6875,1.8771009857318919,-5.471546397115297,6,12
250,0.5,daily,alt,0.04879024195160968,-6.885923236082744,-7.832054528717222,12,12
250,0.5,daily,sharp,0.47070585882823435,-1.931011361625206,-7.832054528717222,12,12
250,0.5,daily,weak,0.07158568286342731,-6.501346227971621,-7.832054528717222,12,12
250,0.5,daily,weak_skew,0.20795840831833634,-3.8220592690372204,-7.832054528717222,12,12
250,0.5,two_day,alt,0.029296875,-9.02217554781697,-7.832054528717222,12,12
250,0.5,two_day,sharp,0.5283203125,-1.909659447002739,-7.832054528717222,12,12
250,0.5,two_day,weak,0.73583984375,-1.0626246247838775,-7.832054528717222,12,12
250,0.5,two_day,weak_skew,0.19189453125,-4.570801714635469,-7.832054528717222,12,12
250,0.5,four_day,alt,0.0625,-14.237701953369168,-7.832054528717222,6,12
250,0.5,four_day,sharp,0.125,-4.91970444838898,-7.832054528717222,6,12
250,0.5,four_day,weak,0.34375,-4.533932377836318,-7.832054528717222,6,12
250,0.5,four_day,weak_skew,0.125,-7.644750417819279,-7.832054528717222,6,12
251,0.5,daily,alt,0.04299140171965607,-5.682659902828507,-7.547044692690655,12,12
251,0.5,daily,sharp,0.47590481903619275,1.6566758609814791,-7.547044692690655,12,12
251,0.5,daily,weak,0.6684663067386523,1.1267254047356925,-7.547044692690655,12,12
251,0.5,daily,weak_skew,0.9070185962807439,-0.26773051335058956,-7.547044692690655,12,12
251,0.5,two_day,alt,0.0771484375,-8.090499780934758,-7.547044692690655,12,12
251,0.5,two_day,sharp,0.65966796875,-1.5855931514009491,-7.547044692690655,12,12
251,0.5,two_day,weak,0.9248046875,-0.4964576443652504,-7.547044692690655,12,12
251,0.5,two_day,weak_skew,0.98388671875,0.09220509518370257,-7.547044692690655,12,12
251,0.5,four_day,alt,0.0625,-13.261973815987025,-7.547044692690655,6,12
251,0.5,four_day,sharp,0.1875,-4.470120832483169,-7.547044692690655,6,12
251,0.5,four_day,weak,0.625,-2.5905775206399233,-7.547044692690655,6,12
251,0.5,four_day,weak_skew,0.40625,-3.3353597703680458,-7.547044692690655,6,12
252,0.5,daily,alt,0.16556688662267546,-3.2935370352242406,-9.626832521348817,12,12
252,0.5,daily,sharp,0.21255748850229955,4.08345541875036,-9.626832521348817,12,12
252,0.5,daily,weak,0.16816636672665466,5.768122063136111,-9.626832521348817,12,12
252,0.5,daily,weak_skew,0.27534493101379726,3.6644324408237328,-9.626832521348817,12,12
252,0.5,two_day,alt,0.00048828125,-14.862288433530116,-9.626832521348817,12,12
252,0.5,two_day,sharp,0.0888671875,-4.9953971769161285,-9.626832521348817,12,12
252,0.5,two_day,weak,0.36865234375,-3.7101229434122884,-9.626832521348817,12,12
252,0.5,two_day,weak_skew,0.3056640625,-4.408978741363131,-9.626832521348817,12,12
252,0.5,four_day,alt,0.03125,-10.462007848407344,-9.626832521348817,6,12
252,0.5,four_day,sharp,0.3125,-2.370380113083968,-9.626832521348817,6,12
252,0.5,four_day,weak,0.15625,-9.082656475624821,-9.626832521348817,6,12
252,0.5,four_day,weak_skew,0.71875,1.0723821636342759,-9.626832521348817,6,12
253,0.5,daily,alt,0.01899620075984803,-8.642193822987428,-9.201886852858095,12,12
253,0.5,daily,sharp,0.9506098780243951,0.11972549664653975,-9.201886852858095,12,12
253,0.5,daily,weak,0.14577084583083383,-3.458913887909056,-9.201886852858095,12,12
253,0.5,daily,weak_skew,0.5682863427314537,-1.304047038765044,-9.201886852858095,12,12
253,0.5,two_day,alt,0.005859375,-15.139355254688153,-9.201886852858095,12,12
253,0.5,two_day,sharp,0.140625,-4.890026620449258,-9.201886852858095,12,12
253,0.5,two_day,weak,0.07080078125,-6.304837938113347,-9.201886852858095,12,12
253,0.5,two_day,weak_skew,0.05859375,-6.1234185391867095,-9.201886852858095,12,12
253,0.5,four_day,alt,0.0625,-16.329633154230255,-9.201886852858095,6,12
253,0.5,four_day,sharp,0.4375,-4.307912159385672,-9.201886852858095,6,12
253,0.5,four_day,weak,1.0,-0.05426553841979024,-9.201886852858095,6,12
253,0.5,four_day,weak_skew,0.25,-8.674506305590427,-9.201886852858095,6,12
254,0.5,daily,alt,0.46530693861227757,3.859864542344559,-5.184107675179561,12,12
254,0.5,daily,sharp,0.04779044191161767,4.138421369654609,-5.184107675179561,12,12
254,0.5,daily,weak,0.5778844231153769,1.2677103410934354,-5.184107675179561,12,12
254,0.5,daily,weak_skew,0.1731653669266147,6.729196200495029,-5.184107675179561,12,12
254,0.5,two_day,alt,0.8212890625,1.7854446158227937,-5.184107675179561,12,12
254,0.5,two_day,sharp,0.23291015625,4.002499742495687,-5.184107675179561,12,12
254,0.5,two_day,weak,0.75439453125,1.528857714809573,-5.184107675179561,12,12
254,0.5,two_day,weak_skew,0.3896484375,2.648280588009085,-5.184107675179561,12,12
254,0.5,four_day,alt,0.125,-11.393209641136925,-5.184107675179561,6,12
254,0.5,four_day,sharp,0.46875,-2.5901742306737234,-5.184107675179561,6,12
254,0.5,four_day,weak,0.875,-1.1676628648660667,-5.184107675179561,6,12
254,0.5,four_day,weak_skew,0.8125,-1.713921530794457,-5.184107675179561,6,12
255,0.5,daily,alt,0.0001999600079984003,-13.547144802706024,-16.001156842645095,12,12
255,0.5,daily,sharp,0.9774045190961808,-0.05337080005414426,-16.001156842645095,12,12
255,0.5,daily,weak,0.733253349330134,-1.2649508890166465,-16.001156842645095,12,12
255,0.5,daily,weak_skew,0.7836432713457309,-0.8756224048282052,-16.001156842645095,12,12
255,0.5,two_day,alt,0.0029296875,-15.67784150986426,-16.001156842645095,12,12
255,0.5,two_day,sharp,0.83447265625,0.7241548972753513,-16.001156842645095,12,12
255,0.5,two_day,weak,0.84130859375,0.8568561580546158,-16.001156842645095,12,12
255,0.5,two_day,weak_skew,0.61572265625,1.95120124068482,-16.001156842645095,12,12
255,0.5,four_day,alt,0.125,-8.891485907313092,-16.001156842645095,6,12
255,0.5,four_day,sharp,0.15625,6.928666326970988,-16.001156842645095,6,12
255,0.5,four_day,weak,0.40625,4.362791995528653,-16.001156842645095,6,12
255,0.5,four_day,weak_skew,0.125,9.4986914160014,-16.001156842645095,6,12
256,0.5,daily,alt,0.0007998400319936012,-6.226070342011556,-7.98685213763504,12,12
256,0.5,daily,sharp,0.9154169166166767,0.13442295118396133,-7.98685213763504,12,12
256,0.5,daily,weak,0.0595880823835233,2.3736255436332097,-7.98685213763504,12,12
256,0.5,daily,weak_skew,0.07978404319136173,-2.4003368578494264,-7.98685213763504,12,12
256,0.5,two_day,alt,0.00244140625,-12.981838803876796,-7.98685213763504,12,12
256,0.5,two_day,sharp,0.1376953125,-3.2540564981404874,-7.98685213763504,12,12
256,0.5,two_day,weak,0.1630859375,-5.092202085786155,-7.98685213763504,12,12
256,0.5,two_day,weak_skew,0.10791015625,-5.188861158564712,-7.98685213763504,12,12
256,0.5,four_day,alt,0.28125,-1.9196776538279277,-7.98685213763504,6,12
256,0.5,four_day,sharp,0.09375,3.98035239942408,-7.98685213763504,6,12
256,0.5,four_day,weak,0.28125,5.256898226776382,-7.98685213763504,6,12
256,0.5,four_day,weak_skew,0.9375,-0.17714640948461735,-7.98685213763504,6,12
257,0.5,daily,alt,0.1923615276944611,-3.946294078244074,-7.544055899406203,12,12
257,0.5,daily,sharp,0.22655468906218756,2.1083228450833453,-7.544055899406203,12,12
257,0.5,daily,weak,0.8426314737052589,-0.40957141225083166,-7.544055899406203,12,12
257,0.5,daily,weak_skew,0.2965406918616277,2.824441733215394,-7.544055899406203,12,12
257,0.5,two_day,alt,0.0205078125,-8.146636334938467,-7.544055899406203,12,12
257,0.5,two_day,sharp,0.44775390625,-2.1207306021817574,-7.544055899406203,12,12
257,0.5,two_day,weak,0.25634765625,-4.306474780006819,-7.544055899406203,12,12
257,0.5,two_day,weak_skew,0.9775390625,0.12411144804299153,-7.544055899406203,12,12
257,0.5,four_day,alt,0.28125,-7.395380773740115,-7.544055899406203,6,12
257,0.5,four_day,sharp,0.90625,0.9717222422462678,-7.544055899406203,6,12
257,0.5,four_day,weak,0.65625,2.3568703330513983,-7.544055899406203,6,12
257,0.5,four_day,weak_skew,0.84375,0.37104018486219204,-7.544055899406203,6,12
258,0.5,daily,alt,0.10297940411917617,-6.149876760734769,-7.120734612755399,12,12
258,0.5,daily,sharp,0.49870025994801037,1.9840205618732334,-7.120734612755399,12,12
258,0.5,daily,weak,0.7108578284343131,0.990330493472341,-7.120734612755399,12,12
258,0.5,daily,weak_skew,0.7746450709858028,1.002745540756857,-7.120734612755399,12,12
258,0.5,two_day,alt,0.0078125,-15.980084493198362,-7.120734612755399,12,12
258,0.5,two_day,sharp,0.11328125,-6.981511181904132,-7.120734612755399,12,12
258,0.5,two_day,weak,0.06640625,-9.224379142199577,-7.120734612755399,12,12
258,0.5,two_day,weak_skew,0.3720703125,-4.215002987896503,-7.120734612755399,12,12
258,0.5,four_day,alt,0.25,-9.652908762657443,-7.120734612755399,6,12
258,0.5,four_day,sharp,0.84375,-1.210684122830764,-7.120734612755399,6,12
258,0.5,four_day,weak,0.8125,2.3868516341334804,-7.120734612755399,6,12
258,0.5,four_day,weak_skew,0.40625,-5.51026675958678,-7.120734612755399,6,12
259,0.5,daily,alt,0.40051989602079585,-2.3296614326269958,-4.263476557415139,12,12
259,0.5,daily,sharp,0.4269146170765847,1.7700178779172464,-4.263476557415139,12,12
259,0.5,daily,weak,0.7118576284743051,1.4069140290300464,-4.263476557415139,12,12
259,0.5,daily,weak_skew,0.9354129174165167,0.2358125622386608,-4.263476557415139,12,12
259,0.5,two_day,alt,0.02001953125,-9.02577988349765,-4.263476557415139,12,12
259,0.5,two_day,sharp,0.19873046875,-4.404709797991653,-4.263476557415139,12,12
259,0.5,two_day,weak,0.0146484375,-8.208575429707778,-4.263476557415139,12,12
259,0.5,two_day,weak_skew,0.62451171875,-2.456405017245585,-4.263476557415139,12,12
259,0.5,four_day,alt,0.5,-2.985951200063743,-4.263476557415139,6,12
259,0.5,four_day,sharp,0.78125,1.2740513301867626,-4.263476557415139,6,12
259,0.5,four_day,weak,0.71875,-2.749165514918966,-4.263476557415139,6,12
259,0.5,four_day,weak_skew,0.4375,-3.6473999990940946,-4.263476557415139,6,12
260,0.5,daily,alt,0.008198360327934412,-9.358651238009314,-10.454032012589778,12,12
260,0.5,daily,sharp,0.3203359328134373,3.2653118044764233,-10.454032012589778,12,12
260,0.5,daily,weak,0.5096980603879224,3.3246307519826543,-10.454032012589778,12,12
260,0.5,daily,weak_skew,0.6226754649070186,2.4033277374231776,-10.454032012589778,12,12
260,0.5,two_day,alt,0.00341796875,-14.936510428724688,-10.454032012589778,12,12
260,0.5,two_day,sharp,0.2509765625,-2.862096259239842,-10.454032012589778,12,12
260,0.5,two_day,weak,0.84814453125,-0.47612704316298665,-10.454032012589778,12,12
260,0.5,two_day,weak_skew,0.060546875,-6.925724462947323,-10.454032012589778,12,12
260,0.5,four_day,alt,0.125,-11.153784162885982,-10.454032012589778,6,12
260,0.5,four_day,sharp,0.625,2.7362802090026492,-10.454032012589778,6,12
260,0.5,four_day,weak,0.3125,6.1926728004642095,-10.454032012589778,6,12
260,0.5,four_day,weak_skew,0.84375,0.6451007703780528,-10.454032012589778,6,12
261,0.5,daily,alt,0.03239352129574085,-7.650044264823262,-9.743337554054236,12,12
261,0.5,daily,sharp,0.6186762647470506,-0.9564838714887269,-9.743337554054236,12,12
261,0.5,daily,weak,0.7356528694261147,-1.0994933386439918,-9.743337554054236,12,12
261,0.5,daily,weak_skew,0.5716856628674265,-1.2294272363967333,-9.743337554054236,12,12
261,0.5,two_day,alt,0.0107421875,-9.840565100562571,-9.743337554054236,12,12
261,0.5,two_day,sharp,0.81982421875,0.8047113978155007,-9.743337554054236,12,12
261,0.5,two_day,weak,0.708984375,-1.4379470269951842,-9.743337554054236,12,12
261,0.5,two_day,weak_skew,0.44189453125,3.444392274731216,-9.743337554054236,12,12
261,0.5,four_day,alt,0.03125,-10.344316607115077,-9.743337554054236,6,12
261,0.5,four_day,sharp,0.90625,0.16348477255523383,-9.743337554054236,6,12
261,0.5,four_day,weak,0.40625,-3.146156349084375,-9.743337554054236,6,12
261,0.5,four_day,weak_skew,0.5,4.3813229299082765,-9.743337554054236,6,12
262,0.5,daily,alt,0.008998200359928014,-7.49206656279502,-8.639893811432273,12,12
262,0.5,daily,sharp,0.8902219556088782,-0.21802271418984276,-8.639893811432273,12,12
262,0.5,daily,weak,0.5122975404919016,-1.6713426754153804,-8.639893811432273,12,12
262,0.5,daily,weak_skew,0.5484903019396121,1.2593726239633654,-8.639893811432273,12,12
262,0.5,two_day,alt,0.1396484375,-5.551010015797426,-8.639893811432273,12,12
262,0.5,two_day,sharp,0.94873046875,0.15046566543899212,-8.639893811432273,12,12
262,0.5,two_day,weak,0.57470703125,-1.9263279113047982,-8.639893811432273,12,12
262,0.5,two_day,weak_skew,0.3994140625,4.009164798090427,-8.639893811432273,12,12
262,0.5,four_day,alt,0.03125,-9.521968273670984,-8.639893811432273,6,12
262,0.5,four_day,sharp,0.96875,0.02347572443748665,-8.639893811432273,6,12
262,0.5,four_day,weak,0.8125,-1.2596327684623045,-8.639893811432273,6,12
262,0.5,four_day,weak_skew,0.3125,-2.8567034672072964,-8.639893811432273,6,12
263,0.5,daily,alt,0.0061987602479504095,-9.927438116133208,-8.789869228978432,12,12
263,0.5,daily,sharp,0.3167366526694661,-3.6849376340892985,-8.789869228978432,12,12
263,0.5,daily,weak,0.3489302139572086,-3.912621688751365,-8.789869228978432,12,12
263,0.5,daily,weak_skew,0.4385122975404919,-3.65539085321431,-8.789869228978432,12,12
263,0.5,two_day,alt,0.068359375,-6.898998471869494,-8.789869228978432,12,12
263,0.5,two_day,sharp,0.71826171875,1.2739460576516386,-8.789869228978432,12,12
263,0.5,two_day,weak,0.91748046875,0.5632454847952163,-8.789869228978432,12,12
263,0.5,two_day,weak_skew,0.21875,6.271823742116744,-8.789869228978432,12,12
263,0.5,four_day,alt,0.0625,-8.790146460189362,-8.789869228978432,6,12
263,0.5,four_day,sharp,0.8125,1.5792875026835134,-8.789869228978432,6,12
263,0.5,four_day,weak,0.71875,3.9395501257121737,-8.789869228978432,6,12
263,0.5,four_day,weak_skew,0.90625,0.7587076004911365,-8.789869228978432,6,12
264,0.5,daily,alt,0.010597880423915218,-8.399814478669244,-6.247122871210401,12,12
264,0.5,daily,sharp,0.22455508898220355,-2.499403617505711,-6.247122871210401,12,12
264,0.5,daily,weak,0.3757248550289942,-1.6359540464418008,-6.247122871210401,12,12
264,0.5,daily,weak_skew,0.121375724855029,-4.58193423907498,-6.247122871210401,12,12
264,0.5,two_day,alt,0.0380859375,-7.102704061156991,-6.247122871210401,12,12
264,0.5,two_day,sharp,0.8349609375,-0.6312296313109963,-6.247122871210401,12,12
264,0.5,two_day,weak,0.80224609375,-1.1094957545339543,-6.247122871210401,12,12
264,0.5,two_day,weak_skew,0.775390625,2.6694337236895858,-6.247122871210401,12,12
264,0.5,four_day,alt,1.0,-0.9132913405403933,-6.247122871210401,6,12
264,0.5,four_day,sharp,0.1875,3.2877167496811794,-6.247122871210401,6,12
264,0.5,four_day,weak,0.40625,-3.880686850681298,-6.247122871210401,6,12
264,0.5,four_day,weak_skew,0.375,2.6791578976494996,-6.247122871210401,6,12
265,0.5,daily,alt,0.49750049990002,-3.0957683457914738,-7.470907400606926,12,12
265,0.5,daily,sharp,0.5954809038192361,1.6714921009084478,-7.470907400606926,12,12
265,0.5,daily,weak,0.3001399720055989,3.723665880960297,-7.470907400606926,12,12
265,0.5,daily,weak_skew,0.41711657668466307,3.008662271322748,-7.470907400606926,12,12
265,0.5,two_day,alt,0.74755859375,-2.723691749324656,-7.470907400606926,12,12
265,0.5,two_day,sharp,0.82861328125,0.8638438133074585,-7.470907400606926,12,12
265,0.5,two_day,weak,0.84912109375,-0.7642116426627611,-7.470907400606926,12,12
265,0.5,two_day,weak_skew,0.7880859375,-1.070310638111198,-7.470907400606926,12,12
265,0.5,four_day,alt,0.5625,-3.2911953694107225,-7.470907400606926,6,12
265,0.5,four_day,sharp,0.25,3.3324319220770136,-7.470907400606926,6,12
265,0.5,four_day,weak,0.78125,2.0206212792490867,-7.470907400606926,6,12
265,0.5,four_day,weak_skew,0.1875,2.2755647609279386,-7.470907400606926,6,12
266,0.5,daily,alt,0.03179364127174565,-6.887871951840897,-10.490149665559763,12,12
266,0.5,daily,sharp,0.5392921415716857,1.908385060819068,-10.490149665559763,12,12
266,0.5,daily,weak,0.7800439912017596,-0.8733443616188735,-10.490149665559763,12,12
266,0.5,daily,weak_skew,0.46890621875624877,2.6266662047761717,-10.490149665559763,12,12
266,0.5,two_day,alt,0.1962890625,-5.773975415101371,-10.490149665559763,12,12
266,0.5,two_day,sharp,0.65478515625,1.725451179513356,-10.490149665559763,12,12
266,0.5,two_day,weak,0.908203125,0.6023620787626681,-10.490149665559763,12,12
266,0.5,two_day,weak_skew,0.89697265625,0.5310946373882341,-10.490149665559763,12,12
266,0.5,four_day,alt,0.03125,-16.313753271326153,-10.490149665559763,6,12
266,0.5,four_day,sharp,0.375,-5.190159960583731,-10.490149665559763,6,12
266,0.5,four_day,weak,0.9375,-2.4117738294142796,-10.490149665559763,6,12
266,0.5,four_day,weak_skew,0.125,-10.38564133904946,-10.490149665559763,6,12
267,0.5,daily,alt,0.3109378124375125,-3.0686066813382546,-7.010238808096737,12,12
267,0.5,daily,sharp,0.45870825834833034,1.3954297105024647,-7.010238808096737,12,12
267,0.5,daily,weak,0.9628074385122976,0.11536999596102326,-7.010238808096737,12,12
267,0.5,daily,weak_skew,0.7024595080983803,0.8403638399484432,-7.010238808096737,12,12
267,0.5,two_day,alt,0.01953125,-8.72300902258524,-7.010238808096737,12,12
267,0.5,two_day,sharp,0.36474609375,-1.913457314620101,-7.010238808096737,12,12
267,0.5,two_day,weak,0.59375,-1.7201956125481683,-7.010238808096737,12,12
267,0.5,two_day,weak_skew,0.5029296875,3.744563771987437,-7.010238808096737,12,12
267,0.5,four_day,alt,0.5,-2.5776062795085934,-7.010238808096737,6,12
267,0.5,four_day,sharp,0.5,2.8025412322768495,-7.010238808096737,6,12
267,0.5,four_day,weak,0.1875,8.702127947343167,-7.010238808096737,6,12
267,0.5,four_day,weak_skew,0.78125,7.435162172781303,-7.010238808096737,6,12
268,0.5,daily,alt,0.8960207958408318,0.6390574938562761,-10.462960392924039,12,12
268,0.5,daily,sharp,0.006998600279944011,5.598786822040213,-10.462960392924039,12,12
268,0.5,daily,weak,0.014997000599880024,5.603471300095447,-10.462960392924039,12,12
268,0.5,daily,weak_skew,0.0011997600479904018,7.374470051337035,-10.462960392924039,12,12
268,0.5,two_day,alt,0.0244140625,-9.12635419176136,-10.462960392924039,12,12
268,0.5,two_day,sharp,0.48388671875,1.6745539921673327,-10.462960392924039,12,12
268,0.5,two_day,weak,0.76904296875,-1.4215865847508393,-10.462960392924039,12,12
268,0.5,two_day,weak_skew,0.81201171875,0.5926763040567687,-10.462960392924039,12,12
268,0.5,four_day,alt,0.71875,-2.439131719393078,-10.462960392924039,6,12
268,0.5,four_day,sharp,0.25,4.8945748788259635,-10.462960392924039,6,12
268,0.5,four_day,weak,0.0625,10.508758005536963,-10.462960392924039,6,12
268,0.5,four_day,weak_skew,0.5625,3.6288468700200966,-10.462960392924039,6,12
269,0.5,daily,alt,0.36112777444511096,-3.0095428100607364,-4.950768733207447,12,12
269,0.5,daily,sharp,0.992001599680064,-0.01506080839599259,-4.950768733207447,12,12
269,0.5,daily,weak,0.8926214757048591,-0.3718800660470449,-4.950768733207447,12,12
269,0.5,daily,weak_skew,0.6252749450109978,1.5036673608959081,-4.950768733207447,12,12
269,0.5,two_day,alt,0.083984375,-7.655866471305899,-4.950768733207447,12,12
269,0.5,two_day,sharp,0.05859375,-4.874972518529786,-4.950768733207447,12,12
269,0.5,two_day,weak,0.49755859375,-2.6259763200500057,-4.950768733207447,12,12
269,0.5,two_day,weak_skew,0.38427734375,-3.3338031395799743,-4.950768733207447,12,12
269,0.5,four_day,alt,0.96875,0.8493148327471912,-4.950768733207447,6,12
269,0.5,four_day,sharp,0.53125,2.1742691180321914,-4.950768733207447,6,12
269,0.5,four_day,weak,0.84375,1.314165014354521,-4.950768733207447,6,12
269,0.5,four_day,weak_skew,0.4375,6.202898354421708,-4.950768733207447,6,12
270,0.5,daily,alt,0.028394321135772844,-7.126831983699865,-8.647174831601163,12,12
270,0.5,daily,sharp,0.99500099980004,0.01442037806450891,-8.647174831601163,12,12
270,0.5,daily,weak,0.6044791041791642,-1.6589828858355151,-8.647174831601163,12,12
270,0.5,daily,weak_skew,0.2861427714457109,-2.502302807697776,-8.647174831601163,12,12
270,0.5,two_day,alt,0.37353515625,-3.3548860153635487,-8.647174831601163,12,12
270,0.5,two_day,sharp,0.1767578125,3.8098084500174525,-8.647174831601163,12,12
270,0.5,two_day,weak,0.89306640625,-0.4122523341630136,-8.647174831601163,12,12
270,0.5,two_day,weak_skew,0.50146484375,2.268448795586359,-8.647174831601163,12,12
270,0.5,four_day,alt,0.03125,-15.890695084457855,-8.647174831601163,6,12
270,0.5,four_day,sharp,0.1875,-7.326197573410173,-8.647174831601163,6,12
270,0.5,four_day,weak,0.4375,-5.8792875520078125,-8.647174831601163,6,12
270,0.5,four_day,weak_skew,0.03125,-11.900425335310517,-8.647174831601163,6,12
271,0.5,daily,alt,0.001999600079984003,-11.395213544880937,-3.3205887662766003,12,12
271,0.5,daily,sharp,0.0591881623675265,-4.23903702778865,-3.3205887662766003,12,12
271,0.5,daily,weak,0.005398920215956809,-7.384126398936881,-3.3205887662766003,12,12
271,0.5,daily,weak_skew,0.43331333733253347,-2.003490153501518,-3.3205887662766003,12,12
271,0.5,two_day,alt,0.7294921875,-1.891542386913373,-3.3205887662766003,12,12
271,0.5,two_day,sharp,0.09814453125,5.633261590837416,-3.3205887662766003,12,12
271,0.5,two_day,weak,0.158203125,5.699294288118293,-3.3205887662766003,12,12
271,0.5,two_day,weak_skew,0.3525390625,2.694205796564616,-3.3205887662766003,12,12
271,0.5,four_day,alt,0.46875,3.080999412676693,-3.3205887662766003,6,12
271,0.5,four_day,sharp,0.28125,2.710178545434136,-3.3205887662766003,6,12
271,0.5,four_day,weak,0.65625,1.085049904881405,-3.3205887662766003,6,12
271,0.5,four_day,weak_skew,0.78125,-0.7331320008816379,-3.3205887662766003,6,12
272,0.5,daily,alt,0.11377724455108978,-4.559760410802585,-7.822554539580501,12,12
272,0.5,daily,sharp,0.6962607478504299,0.8390460673597797,-7.822554539580501,12,12
272,0.5,daily,weak,0.9388122375524895,0.1497986988219703,-7.822554539580501,12,12
272,0.5,daily,weak_skew,0.9006198760247951,-0.4044797105789139,-7.822554539580501,12,12
272,0.5,two_day,alt,0.0322265625,-10.994038559458543,-7.822554539580501,12,12
272,0.5,two_day,sharp,0.43701171875,-2.6532797002457755,-7.822554539580501,12,12
272,0.5,two_day,weak,0.044921875,-8.825710606996319,-7.822554539580501,12,12
272,0.5,two_day,weak_skew,0.9921875,-0.029781835125750906,-7.822554539580501,12,12
272,0.5,four_day,alt,0.03125,-10.711561356713824,-7.822554539580501,6,12
272,0.5,four_day,sharp,0.09375,-3.4801445695042204,-7.822554539580501,6,12
272,0.5,four_day,weak,0.0625,-5.196971936848723,-7.822554539580501,6,12
272,0.5,four_day,weak_skew,0.40625,-5.079039489255144,-7.822554539580501,6,12
273,0.5,daily,alt,0.006998600279944011,-10.218702668718493,-10.405589708886374,12,12
273,0.5,daily,sharp,0.9466106778644271,0.22994658903308066,-10.405589708886374,12,12
273,0.5,daily,weak,0.9594081183763248,-0.20577735169129419,-10.405589708886374,12,12
273,0.5,daily,weak_skew,0.6462707458508299,1.8376911283136206,-10.405589708886374,12,12
273,0.5,two_day,alt,0.0068359375,-14.0596507646505,-10.405589708886374,12,12
273,0.5,two_day,sharp,0.59326171875,-2.3925258540795933,-10.405589708886374,12,12
273,0.5,two_day,weak,0.56005859375,-3.0306770367017584,-10.405589708886374,12,12
273,0.5,two_day,weak_skew,0.72265625,-2.134768812071513,-10.405589708886374,12,12
273,0.5,four_day,alt,0.1875,-10.840274163873838,-10.405589708886374,6,12
273,0.5,four_day,sharp,0.9375,-0.14708915166295,-10.405589708886374,6,12
273,0.5,four_day,weak,0.875,0.8387796094461658,-10.405589708886374,6,12
273,0.5,four_day,weak_skew,0.375,4.084958701235653,-10.405589708886374,6,12
274,0.5,daily,alt,0.16136772645470907,-6.0217740103469,-9.874055517966454,12,12
274,0.5,daily,sharp,0.7426514697060588,1.2618076092276589,-9.874055517966454,12,12
274,0.5,daily,weak,0.9070185962807439,-0.5604661256011786,-9.874055517966454,12,12
274,0.5,daily,weak_skew,0.6362727454509098,-1.6617614533562737,-9.874055517966454,12,12
274,0.5,two_day,alt,0.00439453125,-9.903635207964788,-9.874055517966454,12,12
274,0.5,two_day,sharp,0.986328125,-0.043822900616750836,-9.874055517966454,12,12
274,0.5,two_day,weak,0.919921875,0.45125580928647224,-9.874055517966454,12,12
274,0.5,two_day,weak_skew,0.236328125,5.406596722924711,-9.874055517966454,12,12
274,0.5,four_day,alt,0.5,-5.573756829580751,-9.874055517966454,6,12
274,0.5,four_day,sharp,0.78125,4.211953270256267,-9.874055517966454,6,12
274,0.5,four_day,weak,0.6875,3.9425959311107994,-9.874055517966454,6,12
274,0.5,four_day,weak_skew,0.875,1.981340220692785,-9.874055517966454,6,12
275,0.5,daily,alt,0.9712057588482303,-0.10742829803852712,-4.5869141237855615,12,12
275,0.5,daily,sharp,0.33653269346130776,1.2859136785785494,-4.5869141237855615,12,12
275,0.5,daily,weak,0.19716056788642272,4.330858424199727,-4.5869141237855615,12,12
275,0.5,daily,weak_skew,0.8928214357128574,0.2501859597821916,-4.5869141237855615,12,12
275,0.5,two_day,alt,0.50927734375,-4.2988849850931805,-4.5869141237855615,12,12
275,0.5,two_day,sharp,0.41015625,-2.2416094739697416,-4.5869141237855615,12,12
275,0.5,two_day,weak,0.2666015625,-3.2148353974790034,-4.5869141237855615,12,12
275,0.5,two_day,weak_skew,0.9951171875,0.04075225182909629,-4.5869141237855615,12,12
275,0.5,four_day,alt,0.125,-5.899977670089565,-4.5869141237855615,6,12
275,0.5,four_day,sharp,0.59375,-0.49814632081807514,-4.5869141237855615,6,12
275,0.5,four_day,weak,0.28125,4.535514457732572,-4.5869141237855615,6,12
275,0.5,four_day,weak_skew,0.3125,-1.7378351568365626,-4.5869141237855615,6,12
276,0.5,daily,alt,0.0621875624875025,-4.785787390445329,-5.097092779646779,12,12
276,0.5,daily,sharp,0.6290741851629674,-0.9685409029442406,-5.097092779646779,12,12
276,0.5,daily,weak,0.09538092381523695,-3.5645210456781196,-5.097092779646779,12,12
276,0.5,daily,weak_skew,0.7230553889222155,-0.8294733657141915,-5.097092779646779,12,12
276,0.5,two_day,alt,0.02490234375,-9.979722483086505,-5.097092779646779,12,12
276,0.5,two_day,sharp,0.02783203125,-5.289133966126832,-5.097092779646779,12,12
276,0.5,two_day,weak,0.2373046875,-6.678281044198093,-5.097092779646779,12,12
276,0.5,two_day,weak_skew,0.5380859375,-2.356055583885833,-5.097092779646779,12,12
276,0.5,four_day,alt,0.15625,-6.715546992719189,-5.097092779646779,6,12
276,0.5,four_day,sharp,0.375,-2.595939908192605,-5.097092779646779,6,12
276,0.5,four_day,weak,0.875,-0.4724536925064247,-5.097092779646779,6,12
276,0.5,four_day,weak_skew,0.46875,-3.8819031728444195,-5.097092779646779,6,12
277,0.5,daily,alt,0.0003999200159968006,-12.40564538894135,-8.563526534020419,12,12
277,0.5,daily,sharp,0.29774045190961806,-2.883870811840957,-8.563526534020419,12,12
277,0.5,daily,weak,0.4877024595080984,-1.7868099453909103,-8.563526534020419,12,12
277,0.5,daily,weak_skew,0.7450509898020395,-1.3444411292063883,-8.563526534020419,12,12
277,0.5,two_day,alt,0.00146484375,-14.322147348262602,-8.563526534020419,12,12
277,0.5,two_day,sharp,0.0595703125,-6.812723586561681,-8.563526534020419,12,12
277,0.5,two_day,weak,0.09619140625,-6.2593489632529895,-8.563526534020419,12,12
277,0.5,two_day,weak_skew,0.0380859375,-9.61849539540755,-8.563526534020419,12,12
277,0.5,four_day,alt,0.75,-3.109550528680508,-8.563526534020419,6,12
277,0.5,four_day,sharp,0.71875,3.484083526882569,-8.563526534020419,6,12
277,0.5,four_day,weak,0.9375,1.7109392749733843,-8.563526534020419,6,12
277,0.5,four_day,weak_skew,0.90625,-1.1222679220336573,-8.563526534020419,6,12
278,0.5,daily,alt,0.20575884823035392,-4.0661573760281575,-7.2897093444360905,12,12
278,0.5,daily,sharp,0.9500099980003999,-0.15522848689637492,-7.2897093444360905,12,12
278,0.5,daily,weak,0.7944411117776444,0.9849927224490619,-7.2897093444360905,12,12
278,0.5,daily,weak_skew,0.15816836632673464,-2.965056560862227,-7.2897093444360905,12,12
278,0.5,two_day,alt,0.2021484375,-7.3184320062601245,-7.2897093444360905,12,12
278,0.5,two_day,sharp,0.5966796875,2.1201477742933146,-7.2897093444360905,12,12
278,0.5,two_day,weak,0.603515625,2.6894001213423344,-7.2897093444360905,12,12
278,0.5,two_day,weak_skew,0.87353515625,0.6573418973410519,-7.2897093444360905,12,12
278,0.5,four_day,alt,0.3125,-7.758879458355367,-7.2897093444360905,6,12
278,0.5,four_day,sharp,0.8125,-1.3101237447583856,-7.2897093444360905,6,12
278,0.5,four_day,weak,0.71875,1.8991706423963646,-7.2897093444360905,6,12
278,0.5,four_day,weak_skew,0.375,-6.272889055792906,-7.2897093444360905,6,12
279,0.5,daily,alt,0.003199360127974405,-10.228656757372068,-7.957811600145959,12,12
279,0.5,daily,sharp,0.054989002199560086,-5.4219899414426385,-7.957811600145959,12,12
279,0.5,daily,weak,0.15736852629474105,-4.126597630020476,-7.957811600145959,12,12
279,0.5,daily,weak_skew,0.03799240151969606,-7.260003908890547,-7.957811600145959,12,12
279,0.5,two_day,alt,0.458984375,-2.2238347394866804,-7.957811600145959,12,12
279,0.5,two_day,sharp,0.0556640625,6.827280550579569,-7.957811600145959,12,12
279,0.5,two_day,weak,0.05615234375,10.06034897058939,-7.957811600145959,12,12
279,0.5,two_day,weak_skew,0.03662109375,5.317380011650317,-7.957811600145959,12,12
279,0.5,four_day,alt,0.46875,-5.084036580128224,-7.957811600145959,6,12
279,0.5,four_day,sharp,0.875,1.2368732096972224,-7.957811600145959,6,12
279,0.5,four_day,weak,0.5625,2.060952742006407,-7.957811600145959,6,12
279,0.5,four_day,weak_skew,0.84375,0.8718803932135787,-7.957811600145959,6,12
280,0.5,daily,alt,0.019596080783843232,-5.0981419076799614,-7.065715672757634,12,12
280,0.5,daily,sharp,0.6778644271145771,0.3946287175168699,-7.065715672757634,12,12
280,0.5,daily,weak,0.08878224355128975,-3.6600705521646066,-7.065715672757634,12,12
280,0.5,daily,weak_skew,0.6618676264747051,0.7601814069869999,-7.065715672757634,12,12
280,0.5,two_day,alt,0.00146484375,-9.505756439537135,-7.065715672757634,12,12
280,0.5,two_day,sharp,0.416015625,-1.5094535932146105,-7.065715672757634,12,12
280,0.5,two_day,weak,0.87939453125,0.5833967642422007,-7.065715672757634,12,12
280,0.5,two_day,weak_skew,0.13623046875,-4.681831256548526,-7.065715672757634,12,12
280,0.5,four_day,alt,0.0625,-9.006864752580437,-7.065715672757634,6,12
280,0.5,four_day,sharp,0.84375,-0.5335237479791436,-7.065715672757634,6,12
280,0.5,four_day,weak,0.03125,-5.3060506751347125,-7.065715672757634,6,12
280,0.5,four_day,weak_skew,0.375,-2.5807843672979267,-7.065715672757634,6,12
281,0.5,daily,alt,0.3719256148770246,-2.8076088451052015,-5.270915602526472,12,12
281,0.5,daily,sharp,0.6436712657468506,-1.1737587599986334,-5.270915602526472,12,12
281,0.5,daily,weak,0.9692061587682463,0.11320650442944746,-5.270915602526472,12,12
281,0.5,daily,weak_skew,0.4533093381323735,-2.0241341362191814,-5.270915602526472,12,12
281,0.5,two_day,alt,0.0703125,-6.962021658167501,-5.270915602526472,12,12
281,0.5,two_day,sharp,0.5888671875,-1.5332143227108368,-5.270915602526472,12,12
281,0.5,two_day,weak,0.50634765625,-2.30299129233949,-5.270915602526472,12,12
281,0.5,two_day,weak_skew,0.84619140625,-0.6540582007793093,-5.270915602526472,12,12
281,0.5,four_day,alt,0.78125,-0.550661604986665,-5.270915602526472,6,12
281,0.5,four_day,sharp,0.0625,3.265821981018957,-5.270915602526472,6,12
281,0.5,four_day,weak,0.0625,10.35319921148467,-5.270915602526472,6,12
281,0.5,four_day,weak_skew,0.53125,3.645185592127897,-5.270915602526472,6,12
282,0.5,daily,alt,0.0021995600879824036,-8.51454338930142,-9.149968100166689,12,12
282,0.5,daily,sharp,0.484503099380124,-1.3189340383918513,-9.149968100166689,12,12
282,0.5,daily,weak,0.4371125774845031,-2.3596293735357787,-9.149968100166689,12,12
282,0.5,daily,weak_skew,0.7944411117776444,-0.6614727370739472,-9.149968100166689,12,12
282,0.5,two_day,alt,0.04345703125,-6.593596200870858,-9.149968100166689,12,12
282,0.5,two_day,sharp,0.66357421875,0.9990541358297816,-9.149968100166689,12,12
282,0.5,two_day,weak,0.5576171875,1.9246967411231146,-9.149968100166689,12,12
282,0.5,two_day,weak_skew,0.7802734375,-0.8748773459787978,-9.149968100166689,12,12
282,0.5,four_day,alt,0.03125,-10.316578417448296,-9.149968100166689,6,12
282,0.5,four_day,sharp,0.09375,-2.3276192630619263,-9.149968100166689,6,12
282,0.5,four_day,weak,0.71875,-1.3128505562475776,-9.149968100166689,6,12
282,0.5,four_day,weak_skew,0.09375,-5.4897093580426,-9.149968100166689,6,12
283,0.5,daily,alt,0.0001999600079984003,-10.799133112761169,-8.176804875334426,12,12
283,0.5,daily,sharp,0.08598280343931214,-1.8169660646261925,-8.176804875334426,12,12
283,0.5,daily,weak,0.7192561487702459,1.000542045269033,-8.176804875334426,12,12
283,0.5,daily,weak_skew,0.6672665466906619,1.5416661907621372,-8.176804875334426,12,12
283,0.5,two_day,alt,0.001953125,-10.774626283694985,-8.176804875334426,12,12
283,0.5,two_day,sharp,0.3740234375,-1.3587373026203782,-8.176804875334426,12,12
283,0.5,two_day,weak,0.24267578125,-3.531737393203471,-8.176804875334426,12,12
283,0.5,two_day,weak_skew,0.52392578125,-2.6208534720168335,-8.176804875334426,12,12
283,0.5,four_day,alt,0.0625,-9.392450882492524,-8.176804875334426,6,12
283,0.5,four_day,sharp,0.96875,0.17526883930143336,-8.176804875334426,6,12
283,0.5,four_day,weak,0.25,3.7229144433144206,-8.176804875334426,6,12
283,0.5,four_day,weak_skew,0.96875,0.2421629336610316,-8.176804875334426,6,12
284,0.5,daily,alt,0.22835432913417317,-3.7881847237779227,-5.1544631054500485,12,12
284,0.5,daily,sharp,0.6026794641071785,-0.9766385434335471,-5.1544631054500485,12,12
284,0.5,daily,weak,0.8280343931213757,-0.7254609208432582,-5.1544631054500485,12,12
284,0.5,daily,weak_skew,0.9996000799840032,0.005643753077037535,-5.1544631054500485,12,12
284,0.5,two_day,alt,0.63623046875,-2.5759166289124256,-5.1544631054500485,12,12
284,0.5,two_day,sharp,0.52978515625,2.2295523690118757,-5.1544631054500485,12,12
284,0.5,two_day,weak,0.85302734375,0.7547435285277473,-5.1544631054500485,12,12
284,0.5,two_day,weak_skew,0.603515625,-1.8016538439949958,-5.1544631054500485,12,12
284,0.5,four_day,alt,0.09375,-8.82444414427017,-5.1544631054500485,6,12
284,0.5,four_day,sharp,0.71875,-1.2664505637639074,-5.1544631054500485,6,12
284,0.5,four_day,weak,0.46875,4.734301593494144,-5.1544631054500485,6,12
284,0.5,four_day,weak_skew,0.5,-4.008125519458207,-5.1544631054500485,6,12
285,0.5,daily,alt,0.6974605078984203,-2.5319951419039017,-7.962001126833222,12,12
285,0.5,daily,sharp,0.5282943411317736,1.5520371010219158,-7.962001126833222,12,12
285,0.5,daily,weak,0.33733253349330133,3.3657584987995137,-7.962001126833222,12,12
285,0.5,daily,weak_skew,0.6330733853229354,1.9157588760003097,-7.962001126833222,12,12
285,0.5,two_day,alt,0.0087890625,-11.023423383960349,-7.962001126833222,12,12
285,0.5,two_day,sharp,0.67236328125,-1.0559129803014322,-7.962001126833222,12,12
285,0.5,two_day,weak,0.7490234375,-1.4930986207858197,-7.962001126833222,12,12
285,0.5,two_day,weak_skew,0.32373046875,3.2799042046488958,-7.962001126833222,12,12
285,0.5,four_day,alt,0.71875,-2.5649180391211517,-7.962001126833222,6,12
285,0.5,four_day,sharp,0.46875,3.667119702850375,-7.962001126833222,6,12
285,0.5,four_day,weak,0.09375,7.618424201701724,-7.962001126833222,6,12
285,0.5,four_day,weak_skew,0.375,8.576636312244663,-7.962001126833222,6,12
286,0.5,daily,alt,0.05898820235952809,-4.527115928234088,-10.19125682822471,12,12
286,0.5,daily,sharp,0.29154169166166766,1.8477205122778855,-10.19125682822471,12,12
286,0.5,daily,weak,0.5124975004999001,1.5591201663743959,-10.19125682822471,12,12
286,0.5,daily,weak_skew,0.6980603879224155,-0.9985802756899768,-10.19125682822471,12,12
286,0.5,two_day,alt,0.0009765625,-11.04033297020669,-10.19125682822471,12,12
286,0.5,two_day,sharp,0.9287109375,-0.154129418743952,-10.19125682822471,12,12
286,0.5,two_day,weak,0.65966796875,1.2517613507901821,-10.19125682822471,12,12
286,0.5,two_day,weak_skew,0.42822265625,2.314165932234259,-10.19125682822471,12,12
286,0.5,four_day,alt,0.09375,-8.962095155907486,-10.19125682822471,6,12
286,0.5,four_day,sharp,0.9375,-0.06933327780507881,-10.19125682822471,6,12
286,0.5,four_day,weak,0.90625,0.341178208809815,-10.19125682822471,6,12
286,0.5,four_day,weak_skew,0.6875,1.8799413058818146,-10.19125682822471,6,12
287,0.5,daily,alt,0.02399520095980804,-7.090066493221449,-7.014421240184042,12,12
287,0.5,daily,sharp,0.3189362127574485,-2.2701641414180984,-7.014421240184042,12,12
287,0.5,daily,weak,0.2533493301339732,-3.559678602194605,-7.014421240184042,12,12
287,0.5,daily,weak_skew,0.39172165566886624,-2.6087157760717616,-7.014421240184042,12,12
287,0.5,two_day,alt,0.17919921875,-6.900022059374241,-7.014421240184042,12,12
287,0.5,two_day,sharp,0.67724609375,-1.4508571284111682,-7.014421240184042,12,12
287,0.5,two_day,weak,0.38232421875,-2.728752654886709,-7.014421240184042,12,12
287,0.5,two_day,weak_skew,0.56689453125,-2.5398077966723025,-7.014421240184042,12,12
287,0.5,four_day,alt,0.15625,-10.011374374929433,-7.014421240184042,6,12
287,0.5,four_day,sharp,0.59375,-2.4573698646555067,-7.014421240184042,6,12
287,0.5,four_day,weak,1.0,0.310812767006085,-7.014421240184042,6,12
287,0.5,four_day,weak_skew,0.3125,-6.639596464704277,-7.014421240184042,6,12
288,0.5,daily,alt,0.7620475904819036,-3.111277878594779,-6.771039953641093,12,12
288,0.5,daily,sharp,0.9288142371525695,-0.24293056322256726,-6.771039953641093,12,12
288,0.5,daily,weak,0.8042391521695661,1.0048591314027153,-6.771039953641093,12,12
288,0.5,daily,weak_skew,0.9596080783843232,-0.1768414855399456,-6.771039953641093,12,12
288,0.5,two_day,alt,0.142578125,-6.310158225821657,-6.771039953641093,12,12
288,0.5,two_day,sharp,0.54296875,1.5968444878194787,-6.771039953641093,12,12
288,0.5,two_day,weak,0.36474609375,3.881682577152203,-6.771039953641093,12,12
288,0.5,two_day,weak_skew,0.06201171875,6.852638508338438,-6.771039953641093,12,12
288,0.5,four_day,alt,0.0625,-7.9997044821421,-6.771039953641093,6,12
288,0.5,four_day,sharp,0.65625,-1.5876408683460734,-6.771039953641093,6,12
288,0.5,four_day,weak,1.0,-0.4383128002590553,-6.771039953641093,6,12
288,0.5,four_day,weak_skew,0.8125,-0.7457528452563551,-6.771039953641093,6,12
289,0.5,daily,alt,0.013597280543891222,-13.198630159133108,-8.90939795567865,12,12
289,0.5,daily,sharp,0.1825634873025395,-3.658619994786569,-8.90939795567865,12,12
289,0.5,daily,weak,0.5498900219956009,-2.0665416329029593,-8.90939795567865,12,12
289,0.5,daily,weak_skew,0.3017396520695861,-3.508148601819785,-8.90939795567865,12,12
289,0.5,two_day,alt,0.05810546875,-11.567050815876891,-8.90939795567865,12,12
289,0.5,two_day,sharp,0.36572265625,-3.079027014011159,-8.90939795567865,12,12
289,0.5,two_day,weak,0.365234375,-4.837327572366665,-8.90939795567865,12,12
289,0.5,two_day,weak_skew,0.173828125,-5.641354863499945,-8.90939795567865,12,12
289,0.5,four_day,alt,0.03125,-15.325465546300883,-8.90939795567865,6,12
289,0.5,four_day,sharp,0.34375,-3.644226178279297,-8.90939795567865,6,12
289,0.5,four_day,weak,0.75,-1.7266688955530753,-8.90939795567865,6,12
289,0.5,four_day,weak_skew,0.125,-4.058709635100702,-8.90939795567865,6,12
290,0.5,daily,alt,0.21335732853429315,-4.154682434645966,-9.918186242926062,12,12
290,0.5,daily,sharp,0.26454709058188364,2.4640874416277856,-9.918186242926062,12,12
290,0.5,daily,weak,0.5160967806438712,1.409272602038233,-9.918186242926062,12,12
290,0.5,daily,weak_skew,0.7194561087782444,0.9500741736511747,-9.918186242926062,12,12
290,0.5,two_day,alt,0.09130859375,-7.428451067214199,-9.918186242926062,12,12
290,0.5,two_day,sharp,0.498046875,2.206833019780232,-9.918186242926062,12,12
290,0.5,two_day,weak,0.826171875,-0.7130473612221498,-9.918186242926062,12,12
290,0.5,two_day,weak_skew,0.16796875,7.4270444477470585,-9.918186242926062,12,12
290,0.5,four_day,alt,0.03125,-11.03726832350062,-9.918186242926062,6,12
290,0.5,four_day,sharp,0.5,-1.6035152467646465,-9.918186242926062,6,12
290,0.5,four_day,weak,0.5625,-3.7170200418176584,-9.918186242926062,6,12
290,0.5,four_day,weak_skew,0.5625,2.4588759787668777,-9.918186242926062,6,12
291,0.5,daily,alt,0.004399120175964807,-8.057481247193815,-9.794693472200791,12,12
291,0.5,daily,sharp,0.6580683863227355,-1.1132132502050531,-9.794693472200791,12,12
291,0.5,daily,weak,0.7732453509298141,-0.8195955432415722,-9.794693472200791,12,12
291,0.5,daily,weak_skew,0.9522095580883824,0.18510563578465522,-9.794693472200791,12,12
291,0.5,two_day,alt,0.00439453125,-12.199094919649824,-9.794693472200791,12,12
291,0.5,two_day,sharp,0.263671875,-4.268114667353629,-9.794693472200791,12,12
291,0.5,two_day,weak,0.09326171875,-6.8262493471839605,-9.794693472200791,12,12
291,0.5,two_day,weak_skew,0.35302734375,-3.461533154338918,-9.794693472200791,12,12
291,0.5,four_day,alt,0.25,-6.0615188017218005,-9.794693472200791,6,12
291,0.5,four_day,sharp,0.375,4.057507860424205,-9.794693472200791,6,12
291,0.5,four_day,weak,0.34375,8.536924578074276,-9.794693472200791,6,12
291,0.5,four_day,weak_skew,0.40625,7.621358140889016,-9.794693472200791,6,12
292,0.5,daily,alt,0.1767646470705859,-3.7320805123291794,-8.382036498168894,12,12
292,0.5,daily,sharp,0.7008598280343932,0.7456738341102742,-8.382036498168894,12,12
292,0.5,daily,weak,0.4549090181963607,-1.599017746935133,-8.382036498168894,12,12
292,0.5,daily,weak_skew,0.45510897820435914,2.094717829792467,-8.382036498168894,12,12
292,0.5,two_day,alt,0.15283203125,-7.439018006593436,-8.382036498168894,12,12
292,0.5,two_day,sharp,0.71533203125,1.1899923722927703,-8.382036498168894,12,12
292,0.5,two_day,weak,0.32080078125,3.9750251671711445,-8.382036498168894,12,12
292,0.5,two_day,weak_skew,0.60302734375,-1.8850678277601158,-8.382036498168894,12,12
292,0.5,four_day,alt,0.03125,-11.814680121068418,-8.382036498168894,6,12
292,0.5,four_day,sharp,0.375,-1.4351410219399494,-8.382036498168894,6,12
292,0.5,four_day,weak,0.96875,-0.1049784677073949,-8.382036498168894,6,12
292,0.5,four_day,weak_skew,0.0625,-4.402361349167307,-8.382036498168894,6,12
293,0.5,daily,alt,0.9422115576884623,0.5155272480888407,-7.612901200473729,12,12
293,0.5,daily,sharp,0.10037992401519696,4.86368723742165,-7.612901200473729,12,12
293,0.5,daily,weak,0.20295940811837632,5.440382781859895,-7.612901200473729,12,12
293,0.5,daily,weak_skew,0.42391521695660866,2.655199568729414,-7.612901200473729,12,12
293,0.5,two_day,alt,0.01806640625,-10.682518363560563,-7.612901200473729,12,12
293,0.5,two_day,sharp,0.3564453125,-2.925808504829209,-7.612901200473729,12,12
293,0.5,two_day,weak,0.7373046875,0.9588951945274964,-7.612901200473729,12,12
293,0.5,two_day,weak_skew,0.1220703125,-5.736463271453829,-7.612901200473729,12,12
293,0.5,four_day,alt,0.03125,-18.52298559806231,-7.612901200473729,6,12
293,0.5,four_day,sharp,0.28125,-8.353024697398544,-7.612901200473729,6,12
293,0.5,four_day,weak,0.5625,-3.0657559697978294,-7.612901200473729,6,12
293,0.5,four_day,weak_skew,0.5,-6.468643252930771,-7.612901200473729,6,12
294,0.5,daily,alt,0.007198560287942412,-7.555898869473476,-8.09579309486606,12,12
294,0.5,daily,sharp,0.21375724855028994,-1.911527081120365,-8.09579309486606,12,12
294,0.5,daily,weak,0.08958208358328335,-2.8712495007543626,-8.09579309486606,12,12
294,0.5,daily,weak_skew,0.4267146570685863,-1.3369301616115656,-8.09579309486606,12,12
294,0.5,two_day,alt,0.00927734375,-10.940579580825826,-8.09579309486606,12,12
294,0.5,two_day,sharp,0.9599609375,-0.0827355919475637,-8.09579309486606,12,12
294,0.5,two_day,weak,0.21142578125,4.292301091192479,-8.09579309486606,12,12
294,0.5,two_day,weak_skew,0.56201171875,1.9114974234250361,-8.09579309486606,12,12
294,0.5,four_day,alt,0.1875,-7.326745706765558,-8.09579309486606,6,12
294,0.5,four_day,sharp,0.6875,1.947776588776205,-8.09579309486606,6,12
294,0.5,four_day,weak,0.78125,1.4574390642226998,-8.09579309486606,6,12
294,0.5,four_day,weak_skew,0.59375,1.9618140947782574,-8.09579309486606,6,12
295,0.5,daily,alt,0.10717856428714258,-5.081418474101365,-6.002397432754066,12,12
295,0.5,daily,sharp,0.7716456708658268,0.3340848537034115,-6.002397432754066,12,12
295,0.5,daily,weak,0.47990401919616077,1.3035439786091871,-6.002397432754066,12,12
295,0.5,daily,weak_skew,0.6820635872825435,0.7799239676152313,-6.002397432754066,12,12
295,0.5,two_day,alt,0.99365234375,-0.07302217327860798,-6.002397432754066,12,12
295,0.5,two_day,sharp,0.513671875,1.0884363537303325,-6.002397432754066,12,12
295,0.5,two_day,weak,0.2626953125,-3.119980738070756,-6.002397432754066,12,12
295,0.5,two_day,weak_skew,0.56005859375,1.225306103665836,-6.002397432754066,12,12
295,0.5,four_day,alt,0.0625,-13.930532843871022,-6.002397432754066,6,12
295,0.5,four_day,sharp,0.1875,-4.297884890352393,-6.002397432754066,6,12
295,0.5,four_day,weak,0.84375,-1.0603741792154118,-6.002397432754066,6,12
295,0.5,four_day,weak_skew,0.59375,-2.763400687971964,-6.002397432754066,6,12
296,0.5,daily,alt,0.6550689862027594,2.3480158609760924,-5.733160580993719,12,12
296,0.5,daily,sharp,0.11077784443111378,4.070549377989212,-5.733160580993719,12,12
296,0.5,daily,weak,0.12077584483103379,3.879132453610705,-5.733160580993719,12,12
296,0.5,daily,weak_skew,0.11577684463107378,5.700618039335585,-5.733160580993719,12,12
296,0.5,two_day,alt,0.65185546875,3.7513391514855345,-5.733160580993719,12,12
296,0.5,two_day,sharp,0.23193359375,4.153489558796097,-5.733160580993719,12,12
296,0.5,two_day,weak,0.02880859375,9.118601615155754,-5.733160580993719,12,12
296,0.5,two_day,weak_skew,0.2236328125,5.2409658872157765,-5.733160580993719,12,12
296,0.5,four_day,alt,0.875,-1.0552188943572152,-5.733160580993719,6,12
296,0.5,four_day,sharp,0.125,6.843520349067081,-5.733160580993719,6,12
296,0.5,four_day,weak,0.09375,10.897490668773017,-5.733160580993719,6,12
296,0.5,four_day,weak_skew,0.46875,3.5390820607151086,-5.733160580993719,6,12
297,0.5,daily,alt,0.08318336332733453,-5.006465994964243,-7.448637457851426,12,12
297,0.5,daily,sharp,0.35592881423715256,2.1579802873997465,-7.448637457851426,12,12
297,0.5,daily,weak,0.26774645070985803,3.142026744874618,-7.448637457851426,12,12
297,0.5,daily,weak_skew,0.3807238552289542,2.040316614932236,-7.448637457851426,12,12
297,0.5,two_day,alt,0.00830078125,-9.522010292116297,-7.448637457851426,12,12
297,0.5,two_day,sharp,0.79052734375,0.6504872029821515,-7.448637457851426,12,12
297,0.5,two_day,weak,0.16650390625,5.35228783603831,-7.448637457851426,12,12
297,0.5,two_day,weak_skew,0.5869140625,-1.388880225900228,-7.448637457851426,12,12
297,0.5,four_day,alt,0.78125,-2.0520474860800313,-7.448637457851426,6,12
297,0.5,four_day,sharp,0.53125,2.589236688261186,-7.448637457851426,6,12
297,0.5,four_day,weak,0.78125,1.7987850301367843,-7.448637457851426,6,12
297,0.5,four_day,weak_skew,0.78125,0.9958869858980831,-7.448637457851426,6,12
298,0.5,daily,alt,0.011197760447910418,-6.379765050819953,-6.436089475252977,12,12
298,0.5,daily,sharp,0.7262547490501899,-0.8364638846858204,-6.436089475252977,12,12
298,0.5,daily,weak,0.7174565086982604,-1.379056324695919,-6.436089475252977,12,12
298,0.5,daily,weak_skew,0.7742451509698061,1.042237598411522,-6.436089475252977,12,12
298,0.5,two_day,alt,0.015625,-10.54645397433849,-6.436089475252977,12,12
298,0.5,two_day,sharp,0.40673828125,-2.854426930298725,-6.436089475252977,12,12
298,0.5,two_day,weak,0.01904296875,-9.68144760687487,-6.436089475252977,12,12
298,0.5,two_day,weak_skew,0.52294921875,-1.9548673819368176,-6.436089475252977,12,12
298,0.5,four_day,alt,0.125,-7.125047920342443,-6.436089475252977,6,12
298,0.5,four_day,sharp,0.75,-0.6752875823895733,-6.436089475252977,6,12
298,0.5,four_day,weak,1.0,0.018095053328410177,-6.436089475252977,6,12
298,0.5,four_day,weak_skew,0.78125,1.5973881875652793,-6.436089475252977,6,12
299,0.5,daily,alt,0.002999400119976005,-7.374184107929163,-10.93389681465554,12,12
299,0.5,daily,sharp,0.2569486102779444,2.4742180090462096,-10.93389681465554,12,12
299,0.5,daily,weak,0.11457708458308338,3.7374798018155406,-10.93389681465554,12,12
299,0.5,daily,weak_skew,0.2471505698860228,4.415046731902495,-10.93389681465554,12,12
299,0.5,two_day,alt,0.0263671875,-7.576124912180558,-10.93389681465554,12,12
299,0.5,two_day,sharp,0.3525390625,2.9044859706017667,-10.93389681465554,12,12
299,0.5,two_day,weak,0.03662109375,7.3339641198233805,-10.93389681465554,12,12
299,0.5,two_day,weak_skew,0.71826171875,1.4063301693597883,-10.93389681465554,12,12
299,0.5,four_day,alt,0.03125,-14.36828095140099,-10.93389681465554,6,12
299,0.5,four_day,sharp,0.5,-3.5937587151944066,-10.93389681465554,6,12
299,0.5,four_day,weak,0.59375,-4.248178920316782,-10.93389681465554,6,12
299,0.5,four_day,weak_skew,0.96875,-0.22300922134303747,-10.93389681465554,6,12
300,0.5,daily,alt,0.03659268146370726,-5.430456160545757,-8.361031774523987,12,12
300,0.5,daily,sharp,0.9484103179364127,0.0724010518313148,-8.361031774523987,12,12
300,0.5,daily,weak,0.14317136572685463,-2.219001047330741,-8.361031774523987,12,12
300,0.5,daily,weak_skew,0.6938612277544491,-0.59176108119261,-8.361031774523987,12,12
300,0.5,two_day,alt,0.19091796875,-4.680421265970845,-8.361031774523987,12,12
300,0.5,two_day,sharp,0.30322265625,2.899231413308972,-8.361031774523987,12,12
300,0.5,two_day,weak,0.41455078125,-3.329286646525644,-8.361031774523987,12,12
300,0.5,two_day,weak_skew,0.06787109375,6.334623073080613,-8.361031774523987,12,12
300,0.5,four_day,alt,0.15625,-7.071457072032828,-8.361031774523987,6,12
300,0.5,four_day,sharp,0.46875,2.4116629831509235,-8.361031774523987,6,12
300,0.5,four_day,weak,0.125,6.2939277252934245,-8.361031774523987,6,12
300,0.5,four_day,weak_skew,0.1875,5.050312504779416,-8.361031774523987,6,12
301,0.5,daily,alt,0.0009998000399920016,-9.933761589692145,-9.175819126721983,12,12
301,0.5,daily,sharp,0.15376924615076984,-3.1733021908837657,-9.175819126721983,12,12
301,0.5,daily,weak,0.07858428314337132,-4.987218936871518,-9.175819126721983,12,12
301,0.5,daily,weak_skew,0.2383523295340932,-3.072185042617599,-9.175819126721983,12,12
301,0.5,two_day,alt,0.02197265625,-7.577253544120073,-9.175819126721983,12,12
301,0.5,two_day,sharp,0.67431640625,0.6965940657303692,-9.175819126721983,12,12
301,0.5,two_day,weak,0.4921875,-1.9156143563870796,-9.175819126721983,12,12
301,0.5,two_day,weak_skew,0.7294921875,0.6624889812757875,-9.175819126721983,12,12
301,0.5,four_day,alt,0.03125,-9.462116091239652,-9.175819126721983,6,12
301,0.5,four_day,sharp,1.0,-0.7469356618037691,-9.175819126721983,6,12
301,0.5,four_day,weak,0.96875,0.4705519829442461,-9.175819126721983,6,12
301,0.5,four_day,weak_skew,0.875,2.0787560783695107,-9.175819126721983,6,12
302,0.5,daily,alt,0.21715656868626274,-4.720155791551542,-8.73330045354669,12,12
302,0.5,daily,sharp,0.7614477104579084,0.5785231386390078,-8.73330045354669,12,12
302,0.5,daily,weak,0.9568086382723455,-0.1777842579032196,-8.73330045354669,12,12
302,0.5,daily,weak_skew,0.4211157768446311,2.9549233762315197,-8.73330045354669,12,12
302,0.5,two_day,alt,0.0185546875,-9.737983475286493,-8.73330045354669,12,12
302,0.5,two_day,sharp,0.71875,-0.9382196500285632,-8.73330045354669,12,12
302,0.5,two_day,weak,0.658203125,-1.6799783561445742,-8.73330045354669,12,12
302,0.5,two_day,weak_skew,0.498046875,-1.9941054169368833,-8.73330045354669,12,12
302,0.5,four_day,alt,0.21875,-7.615917764316371,-8.73330045354669,6,12
302,0.5,four_day,sharp,0.90625,0.802365509667799,-8.73330045354669,6,12
302,0.5,four_day,weak,0.3125,5.722783117750513,-8.73330045354669,6,12
302,0.5,four_day,weak_skew,0.9375,1.806907705227052,-8.73330045354669,6,12
303,0.5,daily,alt,0.001799640071985603,-7.882871040734323,-7.016173555163043,12,12
303,0.5,daily,sharp,0.20235952809438112,-1.7358322122206136,-7.016173555163043,12,12
303,0.5,daily,weak,0.0621875624875025,-5.163952814151724,-7.016173555163043,12,12
303,0.5,daily,weak_skew,0.15316936612677465,-3.080301867103439,-7.016173555163043,12,12
303,0.5,two_day,alt,0.01318359375,-8.38433548748663,-7.016173555163043,12,12
303,0.5,two_day,sharp,0.2294921875,-2.56771832745337,-7.016173555163043,12,12
303,0.5,two_day,weak,0.65625,1.215079702206167,-7.016173555163043,12,12
303,0.5,two_day,weak_skew,0.7705078125,-0.7549871513357468,-7.016173555163043,12,12
303,0.5,four_day,alt,0.1875,-4.082684072331838,-7.016173555163043,6,12
303,0.5,four_day,sharp,0.59375,1.2676959992089607,-7.016173555163043,6,12
303,0.5,four_day,weak,0.625,-1.8964214157259924,-7.016173555163043,6,12
303,0.5,four_day,weak_skew,0.90625,0.4793261819385239,-7.016173555163043,6,12
304,0.5,daily,alt,0.2561487702459508,-3.532350855163795,-6.382154203304438,12,12
304,0.5,daily,sharp,0.6456708658268346,0.8932884537829958,-6.382154203304438,12,12
304,0.5,daily,weak,0.7968406318736253,-0.832639841921687,-6.382154203304438,12,12
304,0.5,daily,weak_skew,0.40371925614877024,3.9623202169302094,-6.382154203304438,12,12
304,0.5,two_day,alt,0.0078125,-7.941604351893717,-6.382154203304438,12,12
304,0.5,two_day,sharp,0.767578125,-0.5721296567280145,-6.382154203304438,12,12
304,0.5,two_day,weak,0.0771484375,4.424124435517469,-6.382154203304438,12,12
304,0.5,two_day,weak_skew,0.8564453125,-0.4854848807763747,-6.382154203304438,12,12
304,0.5,four_day,alt,0.03125,-9.229205134003461,-6.382154203304438,6,12
304,0.5,four_day,sharp,0.59375,-1.369554948228238,-6.382154203304438,6,12
304,0.5,four_day,weak,0.40625,1.521333616904626,-6.382154203304438,6,12
304,0.5,four_day,weak_skew,0.4375,-1.8656090905312237,-6.382154203304438,6,12
305,0.5,daily,alt,0.07038592281543692,-5.822608242432726,-7.394167346554333,12,12
305,0.5,daily,sharp,0.483503299340132,1.32051633893699,-7.394167346554333,12,12
305,0.5,daily,weak,0.5604879024195161,1.8144979463927449,-7.394167346554333,12,12
305,0.5,daily,weak_skew,0.8880223955208958,0.4886021841086663,-7.394167346554333,12,12
305,0.5,two_day,alt,0.7451171875,-2.3061581405774736,-7.394167346554333,12,12
305,0.5,two_day,sharp,0.548828125,1.5482654063500298,-7.394167346554333,12,12
305,0.5,two_day,weak,0.71240234375,-1.282597184808127,-7.394167346554333,12,12
305,0.5,two_day,weak_skew,0.7724609375,1.3908134801036127,-7.394167346554333,12,12
305,0.5,four_day,alt,0.0625,-8.06886516645089,-7.394167346554333,6,12
305,0.5,four_day,sharp,0.3125,1.5811336329564227,-7.394167346554333,6,12
305,0.5,four_day,weak,0.34375,3.735583218043317,-7.394167346554333,6,12
305,0.5,four_day,weak_skew,0.3125,3.786577854341175,-7.394167346554333,6,12
306,0.5,daily,alt,0.05138972205558888,-4.590118221616982,-6.092921801276184,12,12
306,0.5,daily,sharp,0.790241951609678,-0.4627510254176883,-6.092921801276184,12,12
306,0.5,daily,weak,0.5096980603879224,-1.6297576144728438,-6.092921801276184,12,12
306,0.5,daily,weak_skew,0.40611877624475107,2.3572680573229596,-6.092921801276184,12,12
306,0.5,two_day,alt,0.01123046875,-7.611694849243174,-6.092921801276184,12,12
306,0.5,two_day,sharp,0.625,-0.8824979481114568,-6.092921801276184,12,12
306,0.5,two_day,weak,0.60107421875,-1.7141656232143525,-6.092921801276184,12,12
306,0.5,two_day,weak_skew,0.6533203125,-1.0643883196484918,-6.092921801276184,12,12
306,0.5,four_day,alt,0.21875,-8.616835166868219,-6.092921801276184,6,12
306,0.5,four_day,sharp,0.4375,-3.670875277786339,-6.092921801276184,6,12
306,0.5,four_day,weak,0.9375,0.5023361909222454,-6.092921801276184,6,12
306,0.5,four_day,weak_skew,0.375,-6.2060082982198965,-6.092921801276184,6,12
307,0.5,daily,alt,0.021395720855828835,-8.386612042804702,-9.187347087118063,12,12
307,0.5,daily,sharp,0.8150369926014797,-0.6342152237856192,-9.187347087118063,12,12
307,0.5,daily,weak,0.4991001799640072,-1.8959342581546537,-9.187347087118063,12,12
307,0.5,daily,weak_skew,0.27294541091781643,-3.1729525286807103,-9.187347087118063,12,12
307,0.5,two_day,alt,0.02099609375,-10.511852221136179,-9.187347087118063,12,12
307,0.5,two_day,sharp,0.54541015625,-1.8568516180057657,-9.187347087118063,12,12
307,0.5,two_day,weak,0.69482421875,-1.8224133341979574,-9.187347087118063,12,12
307,0.5,two_day,weak_skew,0.7255859375,-1.4975220978656913,-9.187347087118063,12,12
307,0.5,four_day,alt,0.03125,-11.374128113850638,-9.187347087118063,6,12
307,0.5,four_day,sharp,0.4375,-2.486708751243659,-9.187347087118063,6,12
307,0.5,four_day,weak,0.0625,-7.669362637860829,-9.187347087118063,6,12
307,0.5,four_day,weak_skew,0.4375,-4.528094359625654,-9.187347087118063,6,12
308,0.5,daily,alt,0.555488902219556,-2.57903652998874,-5.925333284365244,12,12
308,0.5,daily,sharp,0.44571085782843434,1.6618871744799322,-5.925333284365244,12,12
308,0.5,daily,weak,0.6938612277544491,-1.526997108984394,-5.925333284365244,12,12
308,0.5,daily,weak_skew,0.22435512897420515,2.905163385839335,-5.925333284365244,12,12
308,0.5,two_day,alt,0.0693359375,-5.318422833206351,-5.925333284365244,12,12
308,0.5,two_day,sharp,0.79931640625,0.5712021479398436,-5.925333284365244,12,12
308,0.5,two_day,weak,0.54736328125,-2.0946411517464116,-5.925333284365244,12,12
308,0.5,two_day,weak_skew,0.7939453125,-0.7775744871788705,-5.925333284365244,12,12
308,0.5,four_day,alt,0.0625,-11.132000668141089,-5.925333284365244,6,12
308,0.5,four_day,sharp,0.21875,-2.6727856659848457,-5.925333284365244,6,12
308,0.5,four_day,weak,0.6875,-2.679029321302155,-5.925333284365244,6,12
308,0.5,four_day,weak_skew,0.6875,3.534825949221672,-5.925333284365244,6,12
309,0.5,daily,alt,0.041591681663667265,-5.493782103810129,-6.767345571825096,12,12
309,0.5,daily,sharp,0.2521495700859828,2.2530620070781993,-6.767345571825096,12,12
309,0.5,daily,weak,0.04359128174365127,5.070118822464391,-6.767345571825096,12,12
309,0.5,daily,weak_skew,0.31953609278144374,2.6690616623232444,-6.767345571825096,12,12
309,0.5,two_day,alt,0.00244140625,-11.58307871385366,-6.767345571825096,12,12
309,0.5,two_day,sharp,0.62841796875,-1.2960132581843358,-6.767345571825096,12,12
309,0.5,two_day,weak,0.69677734375,-0.8481557524578349,-6.767345571825096,12,12
309,0.5,two_day,weak_skew,0.1396484375,-4.648877673387194,-6.767345571825096,12,12
309,0.5,four_day,alt,0.03125,-13.677220658586227,-6.767345571825096,6,12
309,0.5,four_day,sharp,0.125,-3.144739769057685,-6.767345571825096,6,12
309,0.5,four_day,weak,0.03125,-9.770389736858005,-6.767345571825096,6,12
309,0.5,four_day,weak_skew,0.1875,-3.023135912475072,-6.767345571825096,6,12
310,0.5,daily,alt,0.0001999600079984003,-11.471133023568163,-8.89453436681164,12,12
310,0.5,daily,sharp,0.07258548290341932,-1.6050159578303471,-8.89453436681164,12,12
310,0.5,daily,weak,0.848630273945211,-0.32945017684619,-8.89453436681164,12,12
310,0.5,daily,weak_skew,0.2465506898620276,-1.9658106193627667,-8.89453436681164,12,12
310,0.5,two_day,alt,0.64453125,-3.831563371891347,-8.89453436681164,12,12
310,0.5,two_day,sharp,0.4248046875,1.2445071103762586,-8.89453436681164,12,12
310,0.5,two_day,weak,0.91796875,-0.332371933082074,-8.89453436681164,12,12
310,0.5,two_day,weak_skew,0.50439453125,2.327420807724971,-8.89453436681164,12,12
310,0.5,four_day,alt,0.03125,-12.159656666638691,-8.89453436681164,6,12
310,0.5,four_day,sharp,0.5,-1.1859204223857478,-8.89453436681164,6,12
310,0.5,four_day,weak,0.4375,-3.708115815347604,-8.89453436681164,6,12
310,0.5,four_day,weak_skew,0.0625,-5.574496858360618,-8.89453436681164,6,12
311,0.5,daily,alt,0.6530693861227754,1.5030615154085865,-3.9483590377378093,12,12
311,0.5,daily,sharp,0.11577684463107378,3.768425644215276,-3.9483590377378093,12,12
311,0.5,daily,weak,0.0613877224555089,4.510926009192457,-3.9483590377378093,12,12
311,0.5,daily,weak_skew,0.26854629074185166,3.605593360785653,-3.9483590377378093,12,12
311,0.5,two_day,alt,0.91943359375,0.3823847955851143,-3.9483590377378093,12,12
311,0.5,two_day,sharp,0.46044921875,2.933275326849087,-3.9483590377378093,12,12
311,0.5,two_day,weak,0.58740234375,2.9891178681230124,-3.9483590377378093,12,12
311,0.5,two_day,weak_skew,0.28515625,5.54020757971492,-3.9483590377378093,12,12
311,0.5,four_day,alt,0.03125,-10.414598849539125,-3.9483590377378093,6,12
311,0.5,four_day,sharp,0.21875,-5.863377512550521,-3.9483590377378093,6,12
311,0.5,four_day,weak,0.9375,0.240465068659829,-3.9483590377378093,6,12
311,0.5,four_day,weak_skew,0.1875,-7.934894632245968,-3.9483590377378093,6,12
312,0.5,daily,alt,0.0003999200159968006,-11.711231746659122,-7.361792063136228,12,12
312,0.5,daily,sharp,0.05398920215956809,-4.38689644746025,-7.361792063136228,12,12
312,0.5,daily,weak,0.15036992601479704,-4.786657460611733,-7.361792063136228,12,12
312,0.5,daily,weak_skew,0.04799040191961608,-5.485584897725482,-7.361792063136228,12,12
312,0.5,two_day,alt,0.2861328125,-4.142149400984606,-7.361792063136228,12,12
312,0.5,two_day,sharp,0.740234375,0.9586254948299544,-7.361792063136228,12,12
312,0.5,two_day,weak,0.94921875,-0.2831802815733167,-7.361792063136228,12,12
312,0.5,two_day,weak_skew,0.2548828125,5.133842646872838,-7.361792063136228,12,12
312,0.5,four_day,alt,0.21875,-5.555180561087141,-7.361792063136228,6,12
312,0.5,four_day,sharp,0.84375,1.4449810642534378,-7.361792063136228,6,12
312,0.5,four_day,weak,0.84375,0.8931540326310182,-7.361792063136228,6,12
312,0.5,four_day,weak_skew,0.5,6.107080698474931,-7.361792063136228,6,12
313,0.5,daily,alt,0.003199360127974405,-7.331030488345481,-7.491068963811209,12,12
313,0.5,daily,sharp,0.8974205158968206,-0.24484433918725182,-7.491068963811209,12,12
313,0.5,daily,weak,0.8518296340731853,-0.5381043013277923,-7.491068963811209,12,12
313,0.5,daily,weak_skew,0.9226154769046191,-0.2277238241986955,-7.491068963811209,12,12
313,0.5,two_day,alt,0.49609375,-2.1681349101607563,-7.491068963811209,12,12
313,0.5,two_day,sharp,0.08447265625,4.650814576994163,-7.491068963811209,12,12
313,0.5,two_day,weak,0.126953125,6.222782281746085,-7.491068963811209,12,12
313,0.5,two_day,weak_skew,0.28515625,4.517742087565826,-7.491068963811209,12,12
313,0.5,four_day,alt,0.0625,-7.424808436231722,-7.491068963811209,6,12
313,0.5,four_day,sharp,0.84375,0.40617663873511606,-7.491068963811209,6,12
313,0.5,four_day,weak,0.78125,-0.8856366887984647,-7.491068963811209,6,12
313,0.5,four_day,weak_skew,0.75,1.8968237738768263,-7.491068963811209,6,12
314,0.5,daily,alt,0.07838432313537293,-5.041182955814017,-7.33849042728734,12,12
314,0.5,daily,sharp,0.6272745450909818,-1.3609611761693057,-7.33849042728734,12,12
314,0.5,daily,weak,0.21955608878224356,-3.4939232149309434,-7.33849042728734,12,12
314,0.5,daily,weak_skew,0.6340731853629274,2.276264029828462,-7.33849042728734,12,12
314,0.5,two_day,alt,0.62158203125,-1.6956900752127613,-7.33849042728734,12,12
314,0.5,two_day,sharp,0.06005859375,3.8347048582278576,-7.33849042728734,12,12
314,0.5,two_day,weak,0.16455078125,4.12288400976445,-7.33849042728734,12,12
314,0.5,two_day,weak_skew,0.04541015625,8.010113168188747,-7.33849042728734,12,12
314,0.5,four_day,alt,0.0625,-9.053419905788695,-7.33849042728734,6,12
314,0.5,four_day,sharp,0.3125,-2.5977756759307007,-7.33849042728734,6,12
314,0.5,four_day,weak,0.65625,-3.169682642586281,-7.33849042728734,6,12
314,0.5,four_day,weak_skew,0.5625,-2.5869025918652384,-7.33849042728734,6,12
315,0.5,daily,alt,0.0013997200559888023,-13.02409473357895,-13.393068904281122,12,12
315,0.5,daily,sharp,0.35632873425314937,-2.6160646178336346,-13.393068904281122,12,12
315,0.5,daily,weak,0.1251749650069986,-4.813506088080572,-13.393068904281122,12,12
315,0.5,daily,weak_skew,0.5726854629074185,-1.9024369576118942,-13.393068904281122,12,12
315,0.5,two_day,alt,0.017578125,-11.21325599836463,-13.393068904281122,12,12
315,0.5,two_day,sharp,0.86865234375,0.6619766053240544,-13.393068904281122,12,12
315,0.5,two_day,weak,0.45458984375,-3.093117364604371,-13.393068904281122,12,12
315,0.5,two_day,weak_skew,0.86669921875,-0.5334715271105933,-13.393068904281122,12,12
315,0.5,four_day,alt,0.125,-13.68272974098079,-13.393068904281122,6,12
315,0.5,four_day,sharp,0.5,-4.076557897447582,-13.393068904281122,6,12
315,0.5,four_day,weak,0.75,1.689961203939924,-13.393068904281122,6,12
315,0.5,four_day,weak_skew,0.375,-4.0206491481316355,-13.393068904281122,6,12
316,0.5,daily,alt,0.0629874025194961,-4.387611942235752,-10.104201811310922,12,12
316,0.5,daily,sharp,0.052589482103579284,4.539044269103676,-10.104201811310922,12,12
316,0.5,daily,weak,0.06638672265546891,3.869578571207007,-10.104201811310922,12,12
316,0.5,daily,weak_skew,0.1877624475104979,4.940627464037597,-10.104201811310922,12,12
316,0.5,two_day,alt,0.03955078125,-7.078105978307853,-10.104201811310922,12,12
316,0.5,two_day,sharp,0.2314453125,4.410182697744317,-10.104201811310922,12,12
316,0.5,two_day,weak,0.7548828125,1.747573136623771,-10.104201811310922,12,12
316,0.5,two_day,weak_skew,0.53515625,2.3757976650322585,-10.104201811310922,12,12
316,0.5,four_day,alt,0.03125,-12.251699191820421,-10.104201811310922,6,12
316,0.5,four_day,sharp,0.375,-1.6180148585661296,-10.104201811310922,6,12
316,0.5,four_day,weak,0.8125,0.987793966519862,-10.104201811310922,6,12
316,0.5,four_day,weak_skew,0.46875,-2.234149149371222,-10.104201811310922,6,12
317,0.5,daily,alt,0.637872425514897,-2.0848883420651068,-9.111177922503543,12,12
317,0.5,daily,sharp,0.5342931413717257,1.7674624868008941,-9.111177922503543,12,12
317,0.5,daily,weak,0.7744451109778044,0.8530148694892764,-9.111177922503543,12,12
317,0.5,daily,weak_skew,0.13817236552689463,6.398601227541568,-9.111177922503543,12,12
317,0.5,two_day,alt,0.49462890625,2.5961559435040216,-9.111177922503543,12,12
317,0.5,two_day,sharp,0.013671875,12.101460101036013,-9.111177922503543,12,12
317,0.5,two_day,weak,0.001953125,16.300980246542494,-9.111177922503543,12,12
317,0.5,two_day,weak_skew,0.04052734375,12.259829514101298,-9.111177922503543,12,12
317,0.5,four_day,alt,0.09375,-12.41321369618334,-9.111177922503543,6,12
317,0.5,four_day,sharp,0.625,-4.148092958491841,-9.111177922503543,6,12
317,0.5,four_day,weak,0.3125,-6.394962644749671,-9.111177922503543,6,12
317,0.5,four_day,weak_skew,0.40625,-7.20570943044327,-9.111177922503543,6,12
318,0.5,daily,alt,0.026394721055788842,-7.830101402083375,-7.969507845807456,12,12
318,0.5,daily,sharp,0.5626874625074985,-1.1867262474923628,-7.969507845807456,12,12
318,0.5,daily,weak,0.1817636472705459,-3.8349054573720913,-7.969507845807456,12,12
318,0.5,daily,weak_skew,0.9892021595680864,-0.043917777997531715,-7.969507845807456,12,12
318,0.5,two_day,alt,0.05859375,-10.968573349139982,-7.969507845807456,12,12
318,0.5,two_day,sharp,0.591796875,-1.8902652241535762,-7.969507845807456,12,12
318,0.5,two_day,weak,0.595703125,-2.1710032382688422,-7.969507845807456,12,12
318,0.5,two_day,weak_skew,0.345703125,-4.100095292014151,-7.969507845807456,12,12
318,0.5,four_day,alt,0.34375,-6.878631131813054,-7.969507845807456,6,12
318,0.5,four_day,sharp,0.84375,0.7374158876920968,-7.969507845807456,6,12
318,0.5,four_day,weak,0.5,2.886759747228446,-7.969507845807456,6,12
318,0.5,four_day,weak_skew,0.25,5.973484901381582,-7.969507845807456,6,12
319,0.5,daily,alt,0.7390521895620876,-2.232553318797787,-3.805329661889985,12,12
319,0.5,daily,sharp,0.45510897820435914,3.2412342925733264,-3.805329661889985,12,12
319,0.5,daily,weak,0.4215156968606279,3.449937325628491,-3.805329661889985,12,12
319,0.5,daily,weak_skew,0.9620075984803039,-0.24863014378338022,-3.805329661889985,12,12
319,0.5,two_day,alt,0.236328125,-7.287979047893264,-3.805329661889985,12,12
319,0.5,two_day,sharp,0.49267578125,-2.7510156356066857,-3.805329661889985,12,12
319,0.5,two_day,weak,0.53369140625,-3.6041418580472757,-3.805329661889985,12,12
319,0.5,two_day,weak_skew,0.35595703125,-4.293360383729462,-3.805329661889985,12,12
319,0.5,four_day,alt,0.53125,8.364135851355995,-3.805329661889985,6,12
319,0.5,four_day,sharp,0.1875,8.993969831929823,-3.805329661889985,6,12
319,0.5,four_day,weak,0.375,5.234237152349209,-3.805329661889985,6,12
319,0.5,four_day,weak_skew,0.53125,3.7420022309468,-3.805329661889985,6,12
320,0.5,daily,alt,0.0003999200159968006,-9.667339729262912,-12.119288044364524,12,12
320,0.5,daily,sharp,0.9536092781443711,0.08929527992240398,-12.119288044364524,12,12
320,0.5,daily,weak,0.9254149170165967,0.2554105209626509,-12.119288044364524,12,12
320,0.5,daily,weak_skew,0.7160567886422715,0.8024122892450478,-12.119288044364524,12,12
320,0.5,two_day,alt,0.0419921875,-7.342822212506107,-12.119288044364524,12,12
320,0.5,two_day,sharp,0.20263671875,4.475458770596043,-12.119288044364524,12,12
320,0.5,two_day,weak,0.283203125,4.928728387550551,-12.119288044364524,12,12
320,0.5,two_day,weak_skew,0.29296875,7.922603296639321,-12.119288044364524,12,12
320,0.5,four_day,alt,0.03125,-5.854014290395653,-12.119288044364524,6,12
320,0.5,four_day,sharp,0.03125,5.8760066759493546,-12.119288044364524,6,12
320,0.5,four_day,weak,0.03125,11.129961556781458,-12.119288044364524,6,12
320,0.5,four_day,weak_skew,0.125,10.76998893040223,-12.119288044364524,6,12
321,0.5,daily,alt,0.09898020395920816,-3.8762645760468395,-4.271793135786311,12,12
321,0.5,daily,sharp,0.6452709458108379,1.2181677142564602,-4.271793135786311,12,12
321,0.5,daily,weak,0.34393121375724856,2.0951792973347914,-4.271793135786311,12,12
321,0.5,daily,weak_skew,0.5464907018596281,2.009600523984575,-4.271793135786311,12,12
321,0.5,two_day,alt,0.1435546875,-4.763252345959687,-4.271793135786311,12,12
321,0.5,two_day,sharp,0.87109375,-0.44855902841981293,-4.271793135786311,12,12
321,0.5,two_day,weak,0.33837890625,-3.964214417807101,-4.271793135786311,12,12
321,0.5,two_day,weak_skew,0.67626953125,-1.3612888894693154,-4.271793135786311,12,12
321,0.5,four_day,alt,0.96875,0.28579577290384606,-4.271793135786311,6,12
321,0.5,four_day,sharp,0.40625,4.021405196756112,-4.271793135786311,6,12
321,0.5,four_day,weak,0.71875,1.9694182192668006,-4.271793135786311,6,12
321,0.5,four_day,weak_skew,0.375,8.767233848784374,-4.271793135786311,6,12
322,0.5,daily,alt,0.5362927414517097,-3.425964681547763,-9.285283937605072,12,12
322,0.5,daily,sharp,0.6522695460907818,1.8869318057340159,-9.285283937605072,12,12
322,0.5,daily,weak,0.5926814637072585,1.9475367686579272,-9.285283937605072,12,12
322,0.5,daily,weak_skew,0.7750449910017997,1.3349952796500137,-9.285283937605072,12,12
322,0.5,two_day,alt,0.28759765625,-6.203286499922396,-9.285283937605072,12,12
322,0.5,two_day,sharp,0.615234375,2.4076544390149937,-9.285283937605072,12,12
322,0.5,two_day,weak,0.77978515625,-1.4515973746811763,-9.285283937605072,12,12
322,0.5,two_day,weak_skew,0.50830078125,3.8965419427326666,-9.285283937605072,12,12
322,0.5,four_day,alt,0.28125,-7.978509899767688,-9.285283937605072,6,12
322,0.5,four_day,sharp,0.9375,0.44326322276244196,-9.285283937605072,6,12
322,0.5,four_day,weak,0.0625,7.816413502830222,-9.285283937605072,6,12
322,0.5,four_day,weak_skew,0.0625,4.101519931688906,-9.285283937605072,6,12
323,0.5,daily,alt,0.09038192361527694,-4.498562901088843,-8.875041586515998,12,12
323,0.5,daily,sharp,0.1269746050789842,2.5736522986482657,-8.875041586515998,12,12
323,0.5,daily,weak,0.21695660867826436,3.2893931999426456,-8.875041586515998,12,12
323,0.5,daily,weak_skew,0.4217156568686263,2.4895549682003146,-8.875041586515998,12,12
323,0.5,two_day,alt,0.0126953125,-8.622973355632368,-8.875041586515998,12,12
323,0.5,two_day,sharp,0.78271484375,0.5872487530022928,-8.875041586515998,12,12
323,0.5,two_day,weak,0.6298828125,-2.026119064217862,-8.875041586515998,12,12
323,0.5,two_day,weak_skew,0.7705078125,0.9951439383416023,-8.875041586515998,12,12
323,0.5,four_day,alt,0.09375,-8.227563222185983,-8.875041586515998,6,12
323,0.5,four_day,sharp,0.90625,-0.46865175292869665,-8.875041586515998,6,12
323,0.5,four_day,weak,0.6875,1.697418522874911,-8.875041586515998,6,12
323,0.5,four_day,weak_skew,0.90625,-0.6758934597005523,-8.875041586515998,6,12
324,0.5,daily,alt,0.04579084183163367,-5.008563567325475,-9.831907307673816,12,12
324,0.5,daily,sharp,0.15956808638272346,2.7553983228402736,-9.831907307673816,12,12
324,0.5,daily,weak,0.5016996600679864,1.848633846352292,-9.831907307673816,12,12
324,0.5,daily,weak_skew,0.6760647870425914,0.9013377595278141,-9.831907307673816,12,12
324,0.5,two_day,alt,0.001953125,-11.006488315930845,-9.831907307673816,12,12
324,0.5,two_day,sharp,0.57177734375,-1.3342057769942457,-9.831907307673816,12,12
324,0.5,two_day,weak,0.2958984375,-4.130581884362499,-9.831907307673816,12,12
324,0.5,two_day,weak_skew,0.87451171875,-0.5803704729302149,-9.831907307673816,12,12
324,0.5,four_day,alt,0.03125,-11.819917004995608,-9.831907307673816,6,12
324,0.5,four_day,sharp,0.90625,0.34244926953855526,-9.831907307673816,6,12
324,0.5,four_day,weak,1.0,-0.055801972419236755,-9.831907307673816,6,12
324,0.5,four_day,weak_skew,0.40625,-2.594264780826993,-9.831907307673816,6,12
325,0.5,daily,alt,0.16256748650269945,-5.838500826240922,-10.604772021521654,12,12
325,0.5,daily,sharp,0.35012997400519896,3.230954411761058,-10.604772021521654,12,12
325,0.5,daily,weak,0.4029194161167766,3.648872481811838,-10.604772021521654,12,12
325,0.5,daily,weak_skew,0.47010597880423916,3.5652547135677595,-10.604772021521654,12,12
325,0.5,two_day,alt,0.025390625,-9.362283303342863,-10.604772021521654,12,12
325,0.5,two_day,sharp,0.7041015625,1.0688995753006516,-10.604772021521654,12,12
325,0.5,two_day,weak,0.17724609375,5.590141510046505,-10.604772021521654,12,12
325,0.5,two_day,weak_skew,0.93603515625,-0.2350890025348503,-10.604772021521654,12,12
325,0.5,four_day,alt,0.0625,-14.475425372129356,-10.604772021521654,6,12
325,0.5,four_day,sharp,0.40625,-4.392991117665777,-10.604772021521654,6,12
325,0.5,four_day,weak,0.65625,-4.208785312343331,-10.604772021521654,6,12
325,0.5,four_day,weak_skew,0.875,-0.5500645202162472,-10.604772021521654,6,12
326,0.5,daily,alt,0.30353929214157166,-3.6218752391690336,-8.580874005602269,12,12
326,0.5,daily,sharp,0.2401519696060788,3.4176134153892925,-8.580874005602269,12,12
326,0.5,daily,weak,0.32113577284543093,2.78456850233054,-8.580874005602269,12,12
326,0.5,daily,weak_skew,0.3047390521895621,4.1542745995972465,-8.580874005602269,12,12
326,0.5,two_day,alt,0.080078125,-6.252856276690331,-8.580874005602269,12,12
326,0.5,two_day,sharp,0.755859375,0.7113529923252161,-8.580874005602269,12,12
326,0.5,two_day,weak,0.6142578125,2.3594526181180466,-8.580874005602269,12,12
326,0.5,two_day,weak_skew,0.43603515625,-2.0506686817194413,-8.580874005602269,12,12
326,0.5,four_day,alt,0.03125,-14.525363395971418,-8.580874005602269,6,12
326,0.5,four_day,sharp,0.28125,-2.5662974214419294,-8.580874005602269,6,12
326,0.5,four_day,weak,0.84375,0.5207229883420889,-8.580874005602269,6,12
326,0.5,four_day,weak_skew,0.3125,-5.082614322543289,-8.580874005602269,6,12
327,0.5,daily,alt,0.004599080183963208,-6.873710613886907,-7.7439211860129475,12,12
327,0.5,daily,sharp,0.5624875024995001,1.1643408384191165,-7.7439211860129475,12,12
327,0.5,daily,weak,0.7974405118976204,0.6855163689771148,-7.7439211860129475,12,12
327,0.5,daily,weak_skew,0.5160967806438712,2.1133460064667986,-7.7439211860129475,12,12
327,0.5,two_day,alt,0.00732421875,-10.26117464256027,-7.7439211860129475,12,12
327,0.5,two_day,sharp,0.15625,-4.257360028143439,-7.7439211860129475,12,12
327,0.5,two_day,weak,0.15625,-5.652757290658733,-7.7439211860129475,12,12
327,0.5,two_day,weak_skew,0.05322265625,-6.317178938058056,-7.7439211860129475,12,12
327,0.5,four_day,alt,0.125,-8.082796897825629,-7.7439211860129475,6,12
327,0.5,four_day,sharp,0.71875,-0.9529018726869332,-7.7439211860129475,6,12
327,0.5,four_day,weak,0.59375,-2.063705179903767,-7.7439211860129475,6,12
327,0.5,four_day,weak_skew,0.84375,-0.7256043723121705,-7.7439211860129475,6,12
328,0.5,daily,alt,0.005198960207958408,-6.581235760941101,-10.165138393869647,12,12
328,0.5,daily,sharp,0.28214357128574286,1.5373173908901017,-10.165138393869647,12,12
328,0.5,daily,weak,0.21395720855828834,2.209829261570189,-10.165138393869647,12,12
328,0.5,daily,weak_skew,0.3945210957808438,2.253138577990942,-10.165138393869647,12,12
328,0.5,two_day,alt,0.1611328125,-8.11530361892114,-10.165138393869647,12,12
328,0.5,two_day,sharp,0.724609375,1.5639173578922982,-10.165138393869647,12,12
328,0.5,two_day,weak,0.04052734375,8.465423236270764,-10.165138393869647,12,12
328,0.5,two_day,weak_skew,0.7451171875,-1.4284893208363847,-10.165138393869647,12,12
328,0.5,four_day,alt,0.375,-4.958495691373792,-10.165138393869647,6,12
328,0.5,four_day,sharp,0.53125,3.0607297043060995,-10.165138393869647,6,12
328,0.5,four_day,weak,0.5625,4.112267148555908,-10.165138393869647,6,12
328,0.5,four_day,weak_skew,0.4375,3.264746711020473,-10.165138393869647,6,12
329,0.5,daily,alt,0.012397520495900819,-8.055845757686557,-11.603625239700804,12,12
329,0.5,daily,sharp,0.6220755848830234,1.5146027558803308,-11.603625239700804,12,12
329,0.5,daily,weak,0.5558888222355529,2.292890780061645,-11.603625239700804,12,12
329,0.5,daily,weak_skew,0.4377124575084983,3.065510128514361,-11.603625239700804,12,12
329,0.5,two_day,alt,0.00439453125,-9.134043404330837,-11.603625239700804,12,12
329,0.5,two_day,sharp,0.4677734375,2.481621654496933,-11.603625239700804,12,12
329,0.5,two_day,weak,0.6083984375,2.581391362665832,-11.603625239700804,12,12
329,0.5,two_day,weak_skew,0.44189453125,3.8673499371888043,-11.603625239700804,12,12
329,0.5,four_day,alt,0.125,-8.000036445187233,-11.603625239700804,6,12
329,0.5,four_day,sharp,0.375,4.683877387686206,-11.603625239700804,6,12
329,0.5,four_day,weak,0.75,2.540068938526492,-11.603625239700804,6,12
329,0.5,four_day,weak_skew,0.5625,3.1288801771294885,-11.603625239700804,6,12
330,0.5,daily,alt,0.005398920215956809,-6.011091719248365,-6.593894808561679,12,12
330,0.5,daily,sharp,0.5670865826834633,0.5727136093386859,-6.593894808561679,12,12
330,0.5,daily,weak,0.5088982203559288,-1.5752565807623664,-6.593894808561679,12,12
330,0.5,daily,weak_skew,0.6282743451309738,1.0919845440399083,-6.593894808561679,12,12
330,0.5,two_day,alt,0.01708984375,-6.007137746805611,-6.593894808561679,12,12
330,0.5,two_day,sharp,0.65869140625,0.7620056888306852,-6.593894808561679,12,12
330,0.5,two_day,weak,0.94189453125,0.19231731911014135,-6.593894808561679,12,12
330,0.5,two_day,weak_skew,0.53515625,2.3226421195475755,-6.593894808561679,12,12
330,0.5,four_day,alt,0.0625,-9.17050255579702,-6.593894808561679,6,12
330,0.5,four_day,sharp,0.25,-2.3656481234474698,-6.593894808561679,6,12
330,0.5,four_day,weak,0.0625,-10.877804641556054,-6.593894808561679,6,12
330,0.5,four_day,weak_skew,0.59375,-2.683098594970429,-6.593894808561679,6,12
331,0.5,daily,alt,0.013797240551889621,-5.670468625078836,-4.573205283294854,12,12
331,0.5,daily,sharp,0.13877224555088982,-1.8994916058974958,-4.573205283294854,12,12
331,0.5,daily,weak,0.2445510897820436,1.6332971781759664,-4.573205283294854,12,12
331,0.5,daily,weak_skew,0.6084783043391322,-1.1188592269234168,-4.573205283294854,12,12
331,0.5,two_day,alt,0.0556640625,-7.614068169096162,-4.573205283294854,12,12
331,0.5,two_day,sharp,0.5322265625,-1.724799299312772,-4.573205283294854,12,12
331,0.5,two_day,weak,0.6103515625,-1.9274986537272636,-4.573205283294854,12,12
331,0.5,two_day,weak_skew,0.66943359375,-1.4560180640986988,-4.573205283294854,12,12
331,0.5,four_day,alt,0.03125,-10.787864500034408,-4.573205283294854,6,12
331,0.5,four_day,sharp,0.1875,-3.5702312883761422,-4.573205283294854,6,12
331,0.5,four_day,weak,0.3125,-4.017928348530236,-4.573205283294854,6,12
331,0.5,four_day,weak_skew,0.875,0.9139706406627942,-4.573205283294854,6,12
332,0.5,daily,alt,0.15856828634273146,-3.821090272302302,-2.608484562675386,12,12
332,0.5,daily,sharp,0.5688862227554489,1.7086864657715364,-2.608484562675386,12,12
332,0.5,daily,weak,0.46510697860427913,1.9660250812034323,-2.608484562675386,12,12
332,0.5,daily,weak_skew,0.5426914617076585,4.365555392734823,-2.608484562675386,12,12
332,0.5,two_day,alt,0.30859375,-5.289696775866459,-2.608484562675386,12,12
332,0.5,two_day,sharp,0.9755859375,-0.1676740242943294,-2.608484562675386,12,12
332,0.5,two_day,weak,0.755859375,2.0610894643208604,-2.608484562675386,12,12
332,0.5,two_day,weak_skew,0.462890625,-3.847530893888159,-2.608484562675386,12,12
332,0.5,four_day,alt,0.34375,-3.891179023954519,-2.608484562675386,6,12
332,0.5,four_day,sharp,0.65625,1.5681319627927894,-2.608484562675386,6,12
332,0.5,four_day,weak,0.28125,-4.968890975132841,-2.608484562675386,6,12
332,0.5,four_day,weak_skew,0.75,1.2533275383561293,-2.608484562675386,6,12
333,0.5,daily,alt,0.28694261147770445,-3.2834796615333395,-7.420832401839888,12,12
333,0.5,daily,sharp,0.2861427714457109,2.3511435954011684,-7.420832401839888,12,12
333,0.5,daily,weak,0.7380523895220956,-0.8860779044145826,-7.420832401839888,12,12
333,0.5,daily,weak_skew,0.6080783843231353,-1.0108219304246202,-7.420832401839888,12,12
333,0.5,two_day,alt,0.0283203125,-9.92096200787656,-7.420832401839888,12,12
333,0.5,two_day,sharp,0.51513671875,-2.3680010084877523,-7.420832401839888,12,12
333,0.5,two_day,weak,0.38916015625,-3.910565166357031,-7.420832401839888,12,12
333,0.5,two_day,weak_skew,0.68408203125,3.9058760434379614,-7.420832401839888,12,12
333,0.5,four_day,alt,0.125,-8.237963993241541,-7.420832401839888,6,12
333,0.5,four_day,sharp,0.6875,-1.011985598972186,-7.420832401839888,6,12
333,0.5,four_day,weak,0.6875,3.1940951190993374,-7.420832401839888,6,12
333,0.5,four_day,weak_skew,0.3125,-5.009326709999585,-7.420832401839888,6,12
334,0.5,daily,alt,0.45610877824435114,-2.1804444634239406,-5.356753098068971,12,12
334,0.5,daily,sharp,0.23395320935812838,1.8856600228241962,-5.356753098068971,12,12
334,0.5,daily,weak,0.13017396520695862,3.9629671635960872,-5.356753098068971,12,12
334,0.5,daily,weak_skew,0.13997200559888023,3.9926400732975247,-5.356753098068971,12,12
334,0.5,two_day,alt,0.04833984375,-6.8038388869799755,-5.356753098068971,12,12
334,0.5,two_day,sharp,0.88232421875,0.37560974381418966,-5.356753098068971,12,12
334,0.5,two_day,weak,0.98583984375,0.07552678779493031,-5.356753098068971,12,12
334,0.5,two_day,weak_skew,0.7783203125,-0.7603984373428414,-5.356753098068971,12,12
334,0.5,four_day,alt,0.03125,-12.555503221191563,-5.356753098068971,6,12
334,0.5,four_day,sharp,0.21875,-4.45175993775053,-5.356753098068971,6,12
334,0.5,four_day,weak,0.1875,-5.022436753495984,-5.356753098068971,6,12
334,0.5,four_day,weak_skew,0.125,-6.661294284290514,-5.356753098068971,6,12
335,0.5,daily,alt,0.0005998800239952009,-10.755046779489897,-12.892324978400005,12,12
335,0.5,daily,sharp,0.707258548290342,-0.9337230620686157,-12.892324978400005,12,12
335,0.5,daily,weak,0.5952809438112378,-1.797923671230248,-12.892324978400005,12,12
335,0.5,daily,weak_skew,0.4933013397320536,3.085414927413741,-12.892324978400005,12,12
335,0.5,two_day,alt,0.00390625,-12.047362695772662,-12.892324978400005,12,12
335,0.5,two_day,sharp,0.6875,0.8215136074725345,-12.892324978400005,12,12
335,0.5,two_day,weak,0.24951171875,4.563486830626625,-12.892324978400005,12,12
335,0.5,two_day,weak_skew,0.9873046875,-0.06041784727262467,-12.892324978400005,12,12
335,0.5,four_day,alt,0.03125,-9.914745940462309,-12.892324978400005,6,12
335,0.5,four_day,sharp,0.46875,1.2014955274546821,-12.892324978400005,6,12
335,0.5,four_day,weak,0.28125,4.813003050515384,-12.892324978400005,6,12
335,0.5,four_day,weak_skew,0.375,3.4990500140486147,-12.892324978400005,6,12
336,0.5,daily,alt,0.059988002399520096,-4.688250230262903,-8.587273810448472,12,12
336,0.5,daily,sharp,0.551489702059588,1.8183274988296603,-8.587273810448472,12,12
336,0.5,daily,weak,0.4443111377724455,-1.501319273210843,-8.587273810448472,12,12
336,0.5,daily,weak_skew,0.5684863027394521,2.021323145686667,-8.587273810448472,12,12
336,0.5,two_day,alt,0.00048828125,-11.894519453011531,-8.587273810448472,12,12
336,0.5,two_day,sharp,0.39599609375,-2.0234680833017684,-8.587273810448472,12,12
336,0.5,two_day,weak,0.55078125,-1.6095968765358588,-8.587273810448472,12,12
336,0.5,two_day,weak_skew,0.2548828125,-2.887066170017951,-8.587273810448472,12,12
336,0.5,four_day,alt,0.03125,-15.444078335052247,-8.587273810448472,6,12
336,0.5,four_day,sharp,0.09375,-5.779993322129908,-8.587273810448472,6,12
336,0.5,four_day,weak,0.53125,-4.68926384042507,-8.587273810448472,6,12
336,0.5,four_day,weak_skew,0.40625,-5.662317113306493,-8.587273810448472,6,12
337,0.5,daily,alt,0.28514297140571887,-4.028248743274513,-7.120058737305293,12,12
337,0.5,daily,sharp,0.8108378324335133,0.5456488082426206,-7.120058737305293,12,12
337,0.5,daily,weak,0.17136572685462909,3.9482803041398244,-7.120058737305293,12,12
337,0.5,daily,weak_skew,0.47530493901219756,1.898433272110801,-7.120058737305293,12,12
337,0.5,two_day,alt,0.21337890625,-4.46175984750295,-7.120058737305293,12,12
337,0.5,two_day,sharp,0.4599609375,2.364911075075263,-7.120058737305293,12,12
337,0.5,two_day,weak,0.38525390625,3.1645488095629184,-7.120058737305293,12,12
337,0.5,two_day,weak_skew,0.39111328125,1.9997571730041848,-7.120058737305293,12,12
337,0.5,four_day,alt,0.03125,-9.391103398030776,-7.120058737305293,6,12
337,0.5,four_day,sharp,0.4375,-2.3017729479079905,-7.120058737305293,6,12
337,0.5,four_day,weak,0.59375,1.7177112090505904,-7.120058737305293,6,12
337,0.5,four_day,weak_skew,0.75,1.9395328195749286,-7.120058737305293,6,12
338,0.5,daily,alt,0.07998400319936012,-3.1047182217453124,-4.77991501611092,12,12
338,0.5,daily,sharp,0.3285342931413717,2.0409028282589134,-4.77991501611092,12,12
338,0.5,daily,weak,0.13277344531093782,4.359364120501898,-4.77991501611092,12,12
338,0.5,daily,weak_skew,0.41671665666866625,2.6305683278298875,-4.77991501611092,12,12
338,0.5,two_day,alt,0.5654296875,-3.735711021757577,-4.77991501611092,12,12
338,0.5,two_day,sharp,0.52490234375,-2.1314264469317514,-4.77991501611092,12,12
338,0.5,two_day,weak,0.73291015625,1.46375336409041,-4.77991501611092,12,12
338,0.5,two_day,weak_skew,0.298828125,-3.528066185436336,-4.77991501611092,12,12
338,0.5,four_day,alt,0.71875,-2.9004379962748614,-4.77991501611092,6,12
338,0.5,four_day,sharp,0.8125,2.0365876259724125,-4.77991501611092,6,12
338,0.5,four_day,weak,0.4375,4.994619163657959,-4.77991501611092,6,12
338,0.5,four_day,weak_skew,0.25,7.840915818947216,-4.77991501611092,6,12
339,0.5,daily,alt,0.0005998800239952009,-9.685010507776122,-8.733192867347952,12,12
339,0.5,daily,sharp,0.05138972205558888,-2.3901432291932116,-8.733192867347952,12,12
339,0.5,daily,weak,0.948010397920416,0.126586870698441,-8.733192867347952,12,12
339,0.5,daily,weak_skew,0.638872225554889,-1.111385492929437,-8.733192867347952,12,12
339,0.5,two_day,alt,0.0029296875,-9.150407949672273,-8.733192867347952,12,12
339,0.5,two_day,sharp,0.74755859375,0.40939224681200176,-8.733192867347952,12,12
339,0.5,two_day,weak,0.2646484375,-2.9253024891891806,-8.733192867347952,12,12
339,0.5,two_day,weak_skew,0.5693359375,-0.9635887329834117,-8.733192867347952,12,12
339,0.5,four_day,alt,0.0625,-9.508148595093422,-8.733192867347952,6,12
339,0.5,four_day,sharp,1.0,-0.09938886795461836,-8.733192867347952,6,12
339,0.5,four_day,weak,0.40625,-4.366713786891787,-8.733192867347952,6,12
339,0.5,four_day,weak_skew,0.65625,-1.0988163234227493,-8.733192867347952,6,12
340,0.5,daily,alt,0.0015996800639872025,-10.635765467230955,-10.197823491952043,12,12
340,0.5,daily,sharp,0.5052989402119576,-1.0603486728309133,-10.197823491952043,12,12
340,0.5,daily,weak,0.6142771445710857,-1.4093721266963861,-10.197823491952043,12,12
340,0.5,daily,weak_skew,0.7730453909218157,0.7123691979474582,-10.197823491952043,12,12
340,0.5,two_day,alt,0.57373046875,-3.864884816793772,-10.197823491952043,12,12
340,0.5,two_day,sharp,0.333984375,2.3361521532459686,-10.197823491952043,12,12
340,0.5,two_day,weak,0.83251953125,0.9281032704935205,-10.197823491952043,12,12
340,0.5,two_day,weak_skew,0.31689453125,3.1314597547640806,-10.197823491952043,12,12
340,0.5,four_day,alt,0.0625,-14.614901172346256,-10.197823491952043,6,12
340,0.5,four_day,sharp,0.28125,-3.9736866198855716,-10.197823491952043,6,12
340,0.5,four_day,weak,0.78125,-3.09344663136604,-10.197823491952043,6,12
340,0.5,four_day,weak_skew,0.125,-3.979783945077127,-10.197823491952043,6,12
341,0.5,daily,alt,0.020595880823835233,-6.904769343843873,-8.577696522901967,12,12
341,0.5,daily,sharp,0.9390121975604879,-0.15208874982312479,-8.577696522901967,12,12
341,0.5,daily,weak,0.4667066586682663,-1.5734929603898842,-8.577696522901967,12,12
341,0.5,daily,weak_skew,0.6666666666666666,1.1594027664752904,-8.577696522901967,12,12
341,0.5,two_day,alt,0.5126953125,-3.115959702007704,-8.577696522901967,12,12
341,0.5,two_day,sharp,0.86865234375,0.7836327330828166,-8.577696522901967,12,12
341,0.5,two_day,weak,0.8291015625,0.6611921752329634,-8.577696522901967,12,12
341,0.5,two_day,weak_skew,0.203125,3.76321644939913,-8.577696522901967,12,12
341,0.5,four_day,alt,0.125,-9.93352077102366,-8.577696522901967,6,12
341,0.5,four_day,sharp,0.625,-1.4845349837934414,-8.577696522901967,6,12
341,0.5,four_day,weak,0.34375,3.416135153582212,-8.577696522901967,6,12
341,0.5,four_day,weak_skew,0.25,-3.456667187073362,-8.577696522901967,6,12
342,0.5,daily,alt,0.3203359328134373,-3.133711316638745,-4.263603892302747,12,12
342,0.5,daily,sharp,0.7274545090981803,-1.3844828954066528,-4.263603892302747,12,12
342,0.5,daily,weak,0.9360127974405119,-0.3193436070027757,-4.263603892302747,12,12
342,0.5,daily,weak_skew,0.9246150769846031,-0.33431951651046354,-4.263603892302747,12,12
342,0.5,two_day,alt,0.048828125,-7.6241415373669446,-4.263603892302747,12,12
342,0.5,two_day,sharp,0.25927734375,-4.186161134673077,-4.263603892302747,12,12
342,0.5,two_day,weak,0.54248046875,-2.7727170360132067,-4.263603892302747,12,12
342,0.5,two_day,weak_skew,0.03515625,-6.271715458977522,-4.263603892302747,12,12
342,0.5,four_day,alt,0.03125,-7.025405321488716,-4.263603892302747,6,12
342,0.5,four_day,sharp,0.4375,-0.9580186595573252,-4.263603892302747,6,12
342,0.5,four_day,weak,0.5,-1.9589595159759388,-4.263603892302747,6,12
342,0.5,four_day,weak_skew,0.5,-1.8968130697896133,-4.263603892302747,6,12
343,0.5,daily,alt,0.013597280543891222,-8.677438768677598,-8.147487964011745,12,12
343,0.5,daily,sharp,0.7972405518896221,-0.6687106861644511,-8.147487964011745,12,12
343,0.5,daily,weak,0.8718256348730254,-0.5352370823735496,-8.147487964011745,12,12
343,0.5,daily,weak_skew,0.972005598880224,-0.09426276582353073,-8.147487964011745,12,12
343,0.5,two_day,alt,0.0966796875,-8.176441641877041,-8.147487964011745,12,12
343,0.5,two_day,sharp,0.83984375,0.9389489441057055,-8.147487964011745,12,12
343,0.5,two_day,weak,0.677734375,1.8790421310638923,-8.147487964011745,12,12
343,0.5,two_day,weak_skew,0.8017578125,1.4132180133130483,-8.147487964011745,12,12
343,0.5,four_day,alt,0.5625,-3.0230369040147473,-8.147487964011745,6,12
343,0.5,four_day,sharp,0.40625,3.5516794828048077,-8.147487964011745,6,12
343,0.5,four_day,weak,0.40625,5.824593619452707,-8.147487964011745,6,12
343,0.5,four_day,weak_skew,0.5625,3.0684476828181246,-8.147487964011745,6,12
344,0.5,daily,alt,0.00639872025594881,-9.172155627055353,-8.348952122061235,12,12
344,0.5,daily,sharp,0.4351129774045191,-1.5334890238248065,-8.348952122061235,12,12
344,0.5,daily,weak,0.29674065186962606,-3.6245452707676225,-8.348952122061235,12,12
344,0.5,daily,weak_skew,0.008798240351929614,-5.2512854209847495,-8.348952122061235,12,12
344,0.5,two_day,alt,0.01806640625,-10.478212854720335,-8.348952122061235,12,12
344,0.5,two_day,sharp,0.97900390625,-0.07818554633237913,-8.348952122061235,12,12
344,0.5,two_day,weak,0.2978515625,-4.603686086326605,-8.348952122061235,12,12
344,0.5,two_day,weak_skew,0.32470703125,-2.8541906167099618,-8.348952122061235,12,12
344,0.5,four_day,alt,0.25,-7.721401814340489,-8.348952122061235,6,12
344,0.5,four_day,sharp,0.875,0.7852425284480186,-8.348952122061235,6,12
344,0.5,four_day,weak,0.28125,-5.412526556922196,-8.348952122061235,6,12
344,0.5,four_day,weak_skew,1.0,0.2419472256036125,-8.348952122061235,6,12
345,0.5,daily,alt,0.0001999600079984003,-12.027019819404444,-12.847762039024992,12,12
345,0.5,daily,sharp,0.8890221955608878,0.3142286976911066,-12.847762039024992,12,12
345,0.5,daily,weak,0.7624475104979004,-0.8536906698131125,-12.847762039024992,12,12
345,0.5,daily,weak_skew,0.5002999400119976,2.0169626233070854,-12.847762039024992,12,12
345,0.5,two_day,alt,0.0009765625,-16.56970064359156,-12.847762039024992,12,12
345,0.5,two_day,sharp,0.2158203125,-3.9166926529642083,-12.847762039024992,12,12
345,0.5,two_day,weak,0.1279296875,-7.394925883781315,-12.847762039024992,12,12
345,0.5,two_day,weak_skew,0.0478515625,-6.726216815172656,-12.847762039024992,12,12
345,0.5,four_day,alt,0.1875,-6.946498720402822,-12.847762039024992,6,12
345,0.5,four_day,sharp,0.28125,3.537535938799022,-12.847762039024992,6,12
345,0.5,four_day,weak,0.65625,2.6380839296294583,-12.847762039024992,6,12
345,0.5,four_day,weak_skew,0.8125,1.8453076155093058,-12.847762039024992,6,12
346,0.5,daily,alt,0.027394521095780843,-5.6952043254220035,-5.3743006178711,12,12
346,0.5,daily,sharp,0.8910217956408718,-0.22795670347621902,-5.3743006178711,12,12
346,0.5,daily,weak,0.8034393121375725,-0.6515005682697801,-5.3743006178711,12,12
346,0.5,daily,weak_skew,0.4277144571085783,-1.674775372962749,-5.3743006178711,12,12
346,0.5,two_day,alt,0.25146484375,-3.724725601759609,-5.3743006178711,12,12
346,0.5,two_day,sharp,0.43115234375,1.4148122641411298,-5.3743006178711,12,12
346,0.5,two_day,weak,0.75,0.6700846252208775,-5.3743006178711,12,12
346,0.5,two_day,weak_skew,0.49462890625,2.8042147018311225,-5.3743006178711,12,12
346,0.5,four_day,alt,0.1875,-5.4123749597924204,-5.3743006178711,6,12
346,0.5,four_day,sharp,0.84375,0.6837569675670245,-5.3743006178711,6,12
346,0.5,four_day,weak,0.375,5.837464826940128,-5.3743006178711,6,12
346,0.5,four_day,weak_skew,0.875,1.721964743810857,-5.3743006178711,6,12
347,0.5,daily,alt,0.33673265346930614,-4.064803734591575,-9.157284034314046,12,12
347,0.5,daily,sharp,0.8982203559288142,-0.2097278095464361,-9.157284034314046,12,12
347,0.5,daily,weak,0.1347730453909218,-3.2320765344591256,-9.157284034314046,12,12
347,0.5,daily,weak_skew,0.5318936212757448,-1.2890421123790752,-9.157284034314046,12,12
347,0.5,two_day,alt,0.7705078125,-1.282230123177832,-9.157284034314046,12,12
347,0.5,two_day,sharp,0.0810546875,5.989337583343494,-9.157284034314046,12,12
347,0.5,two_day,weak,0.1806640625,6.567178072090972,-9.157284034314046,12,12
347,0.5,two_day,weak_skew,0.22998046875,5.33484787731793,-9.157284034314046,12,12
347,0.5,four_day,alt,0.03125,-12.873133768701843,-9.157284034314046,6,12
347,0.5,four_day,sharp,0.53125,-1.172180234518957,-9.157284034314046,6,12
347,0.5,four_day,weak,0.5625,-1.6642613130977264,-9.157284034314046,6,12
347,0.5,four_day,weak_skew,0.5625,1.8772294113955066,-9.157284034314046,6,12
348,0.5,daily,alt,0.003999200159968006,-9.055929319906559,-6.798518167871208,12,12
348,0.5,daily,sharp,0.13997200559888023,-2.923738663527392,-6.798518167871208,12,12
348,0.5,daily,weak,0.08458308338332333,-4.310869219433202,-6.798518167871208,12,12
348,0.5,daily,weak_skew,0.03259348130373925,-5.637069372382541,-6.798518167871208,12,12
348,0.5,two_day,alt,0.0107421875,-10.078780206300701,-6.798518167871208,12,12
348,0.5,two_day,sharp,0.59521484375,-1.2707900871859863,-6.798518167871208,12,12
348,0.5,two_day,weak,0.1591796875,-5.768162476826224,-6.798518167871208,12,12
348,0.5,two_day,weak_skew,0.29248046875,-3.065540179567586,-6.798518167871208,12,12
348,0.5,four_day,alt,0.65625,-2.6560482762467195,-6.798518167871208,6,12
348,0.5,four_day,sharp,0.65625,1.8565513429943852,-6.798518167871208,6,12
348,0.5,four_day,weak,0.96875,0.4497535662446464,-6.798518167871208,6,12
348,0.5,four_day,weak_skew,0.875,-0.7847961930153318,-6.798518167871208,6,12
349,0.5,daily,alt,0.013397320535892822,-7.137565257417123,-10.050379506352861,12,12
349,0.5,daily,sharp,0.4429114177164567,2.0833342439268647,-10.050379506352861,12,12
349,0.5,daily,weak,0.22355528894221155,3.4985509677328746,-10.050379506352861,12,12
349,0.5,daily,weak_skew,0.35452909418116374,2.117744982290423,-10.050379506352861,12,12
349,0.5,two_day,alt,0.001953125,-10.019667360054875,-10.050379506352861,12,12
349,0.5,two_day,sharp,0.77783203125,0.6811429233515263,-10.050379506352861,12,12
349,0.5,two_day,weak,0.36279296875,3.663593295713071,-10.050379506352861,12,12
349,0.5,two_day,weak_skew,0.85693359375,-0.605112493736188,-10.050379506352861,12,12
349,0.5,four_day,alt,0.03125,-11.436761268589583,-10.050379506352861,6,12
349,0.5,four_day,sharp,0.59375,-1.2377777686456082,-10.050379506352861,6,12
349,0.5,four_day,weak,1.0,0.036250173888062655,-10.050379506352861,6,12
349,0.5,four_day,weak_skew,0.375,-3.767588673139444,-10.050379506352861,6,12
350,0.5,daily,alt,0.04339132173565287,-6.2855645158822,-8.437471785326345,12,12
350,0.5,daily,sharp,0.9938012397520496,0.01168371586872278,-8.437471785326345,12,12
350,0.5,daily,weak,0.5354929014197161,1.690123149337816,-8.437471785326345,12,12
350,0.5,daily,weak_skew,0.4417116576684663,-0.7341684177250615,-8.437471785326345,12,12
350,0.5,two_day,alt,0.02783203125,-6.900067362753153,-8.437471785326345,12,12
350,0.5,two_day,sharp,0.4267578125,1.9262251259446213,-8.437471785326345,12,12
350,0.5,two_day,weak,0.7353515625,1.379899345105611,-8.437471785326345,12,12
350,0.5,two_day,weak_skew,0.78173828125,-0.6833729413817972,-8.437471785326345,12,12
350,0.5,four_day,alt,0.21875,-6.505017508671145,-8.437471785326345,6,12
350,0.5,four_day,sharp,0.59375,2.0128541835244,-8.437471785326345,6,12
350,0.5,four_day,weak,0.6875,3.6457645440017856,-8.437471785326345,6,12
350,0.5,four_day,weak_skew,0.9375,0.45949862415550413,-8.437471785326345,6,12
351,0.5,daily,alt,0.020595880823835233,-5.299139870737709,-8.638745688232248,12,12
351,0.5,daily,sharp,0.5582883423315337,1.1325753995727297,-8.638745688232248,12,12
351,0.5,daily,weak,0.9566086782643471,0.14124683453658685,-8.638745688232248,12,12
351,0.5,daily,weak_skew,0.8580283943211358,-0.44529310258132604,-8.638745688232248,12,12
351,0.5,two_day,alt,0.5419921875,-1.302159242507771,-8.638745688232248,12,12
351,0.5,two_day,sharp,0.01806640625,3.909900702118241,-8.638745688232248,12,12
351,0.5,two_day,weak,0.30615234375,3.273754045666706,-8.638745688232248,12,12
351,0.5,two_day,weak_skew,0.138671875,3.5785075524520806,-8.638745688232248,12,12
351,0.5,four_day,alt,0.0625,-8.69503243401696,-8.638745688232248,6,12
351,0.5,four_day,sharp,0.96875,-0.16129230979088285,-8.638745688232248,6,12
351,0.5,four_day,weak,0.625,-1.719602978248498,-8.638745688232248,6,12
351,0.5,four_day,weak_skew,0.875,-0.48052430538119967,-8.638745688232248,6,12
352,0.5,daily,alt,0.6538692261547691,1.468204903668217,-4.945461870735613,12,12
352,0.5,daily,sharp,0.14357128574285144,4.550040947258599,-4.945461870735613,12,12
352,0.5,daily,weak,0.29514097180563886,3.665351643523484,-4.945461870735613,12,12
352,0.5,daily,weak_skew,0.16396720655868827,4.555346769463772,-4.945461870735613,12,12
352,0.5,two_day,alt,0.89794921875,-0.8189100413680421,-4.945461870735613,12,12
352,0.5,two_day,sharp,0.65673828125,2.5679471211726796,-4.945461870735613,12,12
352,0.5,two_day,weak,0.6044921875,3.3331369146329046,-4.945461870735613,12,12
352,0.5,two_day,weak_skew,0.552734375,4.8875300133567885,-4.945461870735613,12,12
352,0.5,four_day,alt,0.15625,16.977665552447377,-4.945461870735613,6,12
352,0.5,four_day,sharp,0.125,17.849423567489577,-4.945461870735613,6,12
352,0.5,four_day,weak,0.1875,17.313788117519934,-4.945461870735613,6,12
352,0.5,four_day,weak_skew,0.0625,16.846197342204324,-4.945461870735613,6,12
353,0.5,daily,alt,0.0013997200559888023,-8.00306818236561,-9.255318088335144,12,12
353,0.5,daily,sharp,0.9994001199760048,0.0011292732963662881,-9.255318088335144,12,12
353,0.5,daily,weak,0.3369326134773045,-2.6663115915983333,-9.255318088335144,12,12
353,0.5,daily,weak_skew,0.36992601479704057,-1.6385825336068394,-9.255318088335144,12,12
353,0.5,two_day,alt,0.01123046875,-7.298221020510158,-9.255318088335144,12,12
353,0.5,two_day,sharp,0.6357421875,-0.9685446732512725,-9.255318088335144,12,12
353,0.5,two_day,weak,0.26953125,-3.231101254077627,-9.255318088335144,12,12
353,0.5,two_day,weak_skew,0.23681640625,-3.798392026048914,-9.255318088335144,12,12
353,0.5,four_day,alt,0.0625,-10.470134934503124,-9.255318088335144,6,12
353,0.5,four_day,sharp,0.78125,-0.5621514779578796,-9.255318088335144,6,12
353,0.5,four_day,weak,0.1875,2.7251508056505656,-9.255318088335144,6,12
353,0.5,four_day,weak_skew,1.0,0.07087911942265752,-9.255318088335144,6,12
354,0.5,daily,alt,0.0009998000399920016,-8.177263619383341,-7.794233463763646,12,12
354,0.5,daily,sharp,0.47390521895620874,-0.936293274278133,-7.794233463763646,12,12
354,0.5,daily,weak,0.7556488702259548,-0.6122958909303247,-7.794233463763646,12,12
354,0.5,daily,weak_skew,0.4417116576684663,2.6519656172125377,-7.794233463763646,12,12
354,0.5,two_day,alt,0.1943359375,-4.061018258282857,-7.794233463763646,12,12
354,0.5,two_day,sharp,0.06640625,3.282056498672622,-7.794233463763646,12,12
354,0.5,two_day,weak,0.06787109375,4.709944189340862,-7.794233463763646,12,12
354,0.5,two_day,weak_skew,0.205078125,3.3069237643368017,-7.794233463763646,12,12
354,0.5,four_day,alt,0.0625,-8.072159782944466,-7.794233463763646,6,12
354,0.5,four_day,sharp,0.78125,-0.6425922754063151,-7.794233463763646,6,12
354,0.5,four_day,weak,0.96875,0.2396332102164346,-7.794233463763646,6,12
354,0.5,four_day,weak_skew,0.21875,-2.636571017964665,-7.794233463763646,6,12
355,0.5,daily,alt,0.0009998000399920016,-8.235773292730434,-9.79553222804249,12,12
355,0.5,daily,sharp,0.5730853829234153,-0.7025090221749123,-9.79553222804249,12,12
355,0.5,daily,weak,0.09338132373525294,-4.3031248172690395,-9.79553222804249,12,12
355,0.5,daily,weak_skew,0.47210557888422316,-1.6801473144196202,-9.79553222804249,12,12
355,0.5,two_day,alt,0.00048828125,-9.666844970358923,-9.79553222804249,12,12
355,0.5,two_day,sharp,0.63525390625,-0.45909474760529295,-9.79553222804249,12,12
355,0.5,two_day,weak,0.7451171875,-0.8196701541045469,-9.79553222804249,12,12
355,0.5,two_day,weak_skew,0.58203125,-1.905876403282915,-9.79553222804249,12,12
355,0.5,four_day,alt,0.03125,-10.768856957009577,-9.79553222804249,6,12
355,0.5,four_day,sharp,0.90625,-0.09219857764473598,-9.79553222804249,6,12
355,0.5,four_day,weak,0.8125,-1.0528403939752191,-9.79553222804249,6,12
355,0.5,four_day,weak_skew,0.3125,5.6151445817913554,-9.79553222804249,6,12
356,0.5,daily,alt,0.015796840631873626,-7.992973361775012,-10.228358033626257,12,12
356,0.5,daily,sharp,0.7224555088982204,0.773383559650957,-10.228358033626257,12,12
356,0.5,daily,weak,0.9638072385522896,-0.09757658554475827,-10.228358033626257,12,12
356,0.5,daily,weak_skew,0.9030193961207759,-0.3825927316743556,-10.228358033626257,12,12
356,0.5,two_day,alt,0.2119140625,-4.828511552814212,-10.228358033626257,12,12
356,0.5,two_day,sharp,0.84912109375,0.3825891531772321,-10.228358033626257,12,12
356,0.5,two_day,weak,0.86572265625,0.5488589891962748,-10.228358033626257,12,12
356,0.5,two_day,weak_skew,0.626953125,-1.224523646282489,-10.228358033626257,12,12
356,0.5,four_day,alt,0.875,-2.439310754050554,-10.228358033626257,6,12
356,0.5,four_day,sharp,0.4375,3.3998928363883594,-10.228358033626257,6,12
356,0.5,four_day,weak,0.25,6.125761055272416,-10.228358033626257,6,12
356,0.5,four_day,weak_skew,0.75,1.7423759086935295,-10.228358033626257,6,12
357,0.5,daily,alt,0.023595280943811237,-4.718248901646117,-10.562185545487822,12,12
357,0.5,daily,sharp,0.29254149170165966,1.629183460692925,-10.562185545487822,12,12
357,0.5,daily,weak,0.02459508098380324,7.010718231262907,-10.562185545487822,12,12
357,0.5,daily,weak_skew,0.4253149370125975,1.8237954356799957,-10.562185545487822,12,12
357,0.5,two_day,alt,0.02490234375,-8.381431582516703,-10.562185545487822,12,12
357,0.5,two_day,sharp,0.94189453125,0.15500230808117266,-10.562185545487822,12,12
357,0.5,two_day,weak,0.810546875,0.5421092304341091,-10.562185545487822,12,12
357,0.5,two_day,weak_skew,0.33447265625,-2.177346016525643,-10.562185545487822,12,12
357,0.5,four_day,alt,0.03125,-8.29737084043377,-10.562185545487822,6,12
357,0.5,four_day,sharp,0.625,0.7794293720586344,-10.562185545487822,6,12
357,0.5,four_day,weak,0.125,9.113281142189937,-10.562185545487822,6,12
357,0.5,four_day,weak_skew,0.125,-3.401726934277729,-10.562185545487822,6,12
358,0.5,daily,alt,0.3139372125574885,-2.7872612450917944,-5.825471340070074,12,12
358,0.5,daily,sharp,0.5336932613477304,1.2852127429874407,-5.825471340070074,12,12
358,0.5,daily,weak,0.8370325934813038,0.5569370956448024,-5.825471340070074,12,12
358,0.5,daily,weak_skew,0.4435112977404519,2.421310420323518,-5.825471340070074,12,12
358,0.5,two_day,alt,0.31689453125,-3.976963542683071,-5.825471340070074,12,12
358,0.5,two_day,sharp,0.65771484375,-0.7633441406528961,-5.825471340070074,12,12
358,0.5,two_day,weak,0.974609375,-0.09891301094180349,-5.825471340070074,12,12
358,0.5,two_day,weak_skew,0.546875,-1.9540655786587824,-5.825471340070074,12,12
358,0.5,four_day,alt,0.3125,-4.60222689276814,-5.825471340070074,6,12
358,0.5,four_day,sharp,0.6875,-0.7733025885341883,-5.825471340070074,6,12
358,0.5,four_day,weak,0.9375,0.23837306367152186,-5.825471340070074,6,12
358,0.5,four_day,weak_skew,0.25,-3.923552099650692,-5.825471340070074,6,12
359,0.5,daily,alt,0.03459308138372325,-5.095097142330567,-9.04259133021246,12,12
359,0.5,daily,sharp,0.17136572685462909,3.2952880805365687,-9.04259133021246,12,12
359,0.5,daily,weak,0.5114977004599081,2.053642564730817,-9.04259133021246,12,12
359,0.5,daily,weak_skew,0.4761047790441912,2.4925423354587863,-9.04259133021246,12,12
359,0.5,two_day,alt,0.00732421875,-11.714890252792953,-9.04259133021246,12,12
359,0.5,two_day,sharp,0.39697265625,-2.8556431438550134,-9.04259133021246,12,12
359,0.5,two_day,weak,0.404296875,3.799814656364619,-9.04259133021246,12,12
359,0.5,two_day,weak_skew,0.1044921875,-5.86734867552011,-9.04259133021246,12,12
359,0.5,four_day,alt,0.59375,-3.136061087827722,-9.04259133021246,6,12
359,0.5,four_day,sharp,0.28125,4.264133141618751,-9.04259133021246,6,12
359,0.5,four_day,weak,0.78125,1.33702338721116,-9.04259133021246,6,12
359,0.5,four_day,weak_skew,0.5,3.8751950090424416,-9.04259133021246,6,12
360,0.5,daily,alt,0.033393321335732855,-8.553716864547745,-7.69266528832847,12,12
360,0.5,daily,sharp,0.23715256948610278,-2.49936591835041,-7.69266528832847,12,12
360,0.5,daily,weak,0.04779044191161767,-6.257810068113052,-7.69266528832847,12,12
360,0.5,daily,weak_skew,0.04499100179964007,-5.015256685197847,-7.69266528832847,12,12
360,0.5,two_day,alt,0.00341796875,-9.474058142443385,-7.69266528832847,12,12
360,0.5,two_day,sharp,0.79833984375,0.7038367065307073,-7.69266528832847,12,12
360,0.5,two_day,weak,0.830078125,1.122671467522397,-7.69266528832847,12,12
360,0.5,two_day,weak_skew,0.12060546875,-4.601845109710578,-7.69266528832847,12,12
360,0.5,four_day,alt,0.0625,-7.958045122373313,-7.69266528832847,6,12
360,0.5,four_day,sharp,0.375,-2.040540316112305,-7.69266528832847,6,12
360,0.5,four_day,weak,0.09375,-7.446793218071426,-7.69266528832847,6,12
360,0.5,four_day,weak_skew,0.96875,0.6674875854937786,-7.69266528832847,6,12
361,0.5,daily,alt,0.015796840631873626,-7.832861469857359,-10.460937430326581,12,12
361,0.5,daily,sharp,0.23535292941411717,2.8552789957568634,-10.460937430326581,12,12
361,0.5,daily,weak,0.6344731053789242,1.504259051032328,-10.460937430326581,12,12
361,0.5,daily,weak_skew,0.47630473905218956,1.976867258225946,-10.460937430326581,12,12
361,0.5,two_day,alt,0.22119140625,-5.906817388397819,-10.460937430326581,12,12
361,0.5,two_day,sharp,0.16650390625,3.8487521966894485,-10.460937430326581,12,12
361,0.5,two_day,weak,0.021484375,6.004774166060482,-10.460937430326581,12,12
361,0.5,two_day,weak_skew,0.30810546875,4.854800145186864,-10.460937430326581,12,12
361,0.5,four_day,alt,0.03125,-20.32393148689843,-10.460937430326581,6,12
361,0.5,four_day,sharp,0.09375,-7.42206109916514,-10.460937430326581,6,12
361,0.5,four_day,weak,0.34375,-4.190560524764529,-10.460937430326581,6,12
361,0.5,four_day,weak_skew,0.09375,-7.993608461255782,-10.460937430326581,6,12
362,0.5,daily,alt,0.001799640071985603,-9.846546429988571,-11.094356936223264,12,12
362,0.5,daily,sharp,0.47790441911617676,-1.0819669207130438,-11.094356936223264,12,12
362,0.5,daily,weak,0.17256548690261947,-3.0414267134955026,-11.094356936223264,12,12
362,0.5,daily,weak_skew,0.9184163167366527,0.38782516209796114,-11.094356936223264,12,12
362,0.5,two_day,alt,0.00146484375,-12.721741473494395,-11.094356936223264,12,12
362,0.5,two_day,sharp,0.36767578125,-1.9599708019792992,-11.094356936223264,12,12
362,0.5,two_day,weak,0.22265625,-4.410752007688572,-11.094356936223264,12,12
362,0.5,two_day,weak_skew,0.12451171875,-4.5159049623712395,-11.094356936223264,12,12
362,0.5,four_day,alt,0.03125,-12.695684199289751,-11.094356936223264,6,12
362,0.5,four_day,sharp,0.65625,-1.0964299508643383,-11.094356936223264,6,12
362,0.5,four_day,weak,0.59375,-2.498576929397629,-11.094356936223264,6,12
362,0.5,four_day,weak_skew,0.65625,-1.4235221185015934,-11.094356936223264,6,12
363,0.5,daily,alt,0.0003999200159968006,-9.838095722525198,-7.297826906208812,12,12
363,0.5,daily,sharp,0.5506898620275945,-1.2640314835052688,-7.297826906208812,12,12
363,0.5,daily,weak,0.4869026194761048,-2.2997286371041628,-7.297826906208812,12,12
363,0.5,daily,weak_skew,0.20795840831833634,-3.615977297848365,-7.297826906208812,12,12
363,0.5,two_day,alt,0.12255859375,-4.168118441525786,-7.297826906208812,12,12
363,0.5,two_day,sharp,0.89990234375,0.2502491788439632,-7.297826906208812,12,12
363,0.5,two_day,weak,0.5888671875,1.367473552687964,-7.297826906208812,12,12
363,0.5,two_day,weak_skew,0.283203125,4.971037123237235,-7.297826906208812,12,12
363,0.5,four_day,alt,0.03125,-11.004623871624018,-7.297826906208812,6,12
363,0.5,four_day,sharp,0.03125,-3.9096056940660673,-7.297826906208812,6,12
363,0.5,four_day,weak,0.5625,-1.6585259309948281,-7.297826906208812,6,12
363,0.5,four_day,weak_skew,0.625,-2.152474847343624,-7.297826906208812,6,12
364,0.5,daily,alt,0.026794641071785644,-8.366926731502884,-10.831048307039502,12,12
364,0.5,daily,sharp,0.68126374725055,1.074441670341362,-10.831048307039502,12,12
364,0.5,daily,weak,0.27754449110177964,2.8735441165768516,-10.831048307039502,12,12
364,0.5,daily,weak_skew,0.6874625074985004,1.140245839794624,-10.831048307039502,12,12
364,0.5,two_day,alt,0.0458984375,-8.346239699619778,-10.831048307039502,12,12
364,0.5,two_day,sharp,0.740234375,1.0683172140540786,-10.831048307039502,12,12
364,0.5,two_day,weak,0.2412109375,3.6344294427215096,-10.831048307039502,12,12
364,0.5,two_day,weak_skew,0.84521484375,-0.8183978875015997,-10.831048307039502,12,12
364,0.5,four_day,alt,0.125,-11.389123711804785,-10.831048307039502,6,12
364,0.5,four_day,sharp,0.59375,-1.8845859680664816,-10.831048307039502,6,12
364,0.5,four_day,weak,0.84375,-0.40173682691445833,-10.831048307039502,6,12
364,0.5,four_day,weak_skew,0.5625,-3.150215106983058,-10.831048307039502,6,12
365,0.5,daily,alt,0.006798640271945611,-7.465618285699661,-5.246726264590123,12,12
365,0.5,daily,sharp,0.8968206358728255,-0.38439409133174723,-5.246726264590123,12,12
365,0.5,daily,weak,0.8310337932413517,-0.6768046803401765,-5.246726264590123,12,12
365,0.5,daily,weak_skew,0.7170565886822635,-1.3110155112094783,-5.246726264590123,12,12
365,0.5,two_day,alt,0.04638671875,-8.859481191166454,-5.246726264590123,12,12
365,0.5,two_day,sharp,0.0498046875,-6.011777659955194,-5.246726264590123,12,12
365,0.5,two_day,weak,0.1875,-6.760435617771015,-5.246726264590123,12,12
365,0.5,two_day,weak_skew,0.10888671875,-5.824811803676106,-5.246726264590123,12,12
365,0.5,four_day,alt,0.0625,-7.1423166865093295,-5.246726264590123,6,12
365,0.5,four_day,sharp,0.65625,-0.8980793966563437,-5.246726264590123,6,12
365,0.5,four_day,weak,0.21875,-5.228560187952617,-5.246726264590123,6,12
365,0.5,four_day,weak_skew,0.75,1.3232427204224066,-5.246726264590123,6,12
366,0.5,daily,alt,0.3113377324535093,-2.338584388871112,-4.861823287619075,12,12
366,0.5,daily,sharp,0.5834833033393322,1.4485114313256233,-4.861823287619075,12,12
366,0.5,daily,weak,0.2981403719256149,3.663729612151418,-4.861823287619075,12,12
366,0.5,daily,weak_skew,0.4959008198360328,2.294591456015958,-4.861823287619075,12,12
366,0.5,two_day,alt,0.07421875,-6.642145336883067,-4.861823287619075,12,12
366,0.5,two_day,sharp,0.193359375,-2.140386937014189,-4.861823287619075,12,12
366,0.5,two_day,weak,0.05517578125,-6.853532026334965,-4.861823287619075,12,12
366,0.5,two_day,weak_skew,0.10546875,-3.689749698541114,-4.861823287619075,12,12
366,0.5,four_day,alt,0.21875,-8.59432062576162,-4.861823287619075,6,12
366,0.5,four_day,sharp,0.5,-1.9373307084911318,-4.861823287619075,6,12
366,0.5,four_day,weak,0.40625,-4.583921902210272,-4.861823287619075,6,12
366,0.5,four_day,weak_skew,0.46875,-2.827035661480829,-4.861823287619075,6,12
367,0.5,daily,alt,0.9984003199360127,-0.005526169657753617,-4.590042120499163,12,12
367,0.5,daily,sharp,0.3091381723655269,2.164857049011598,-4.590042120499163,12,12
367,0.5,daily,weak,0.1767646470705859,3.6467078139010867,-4.590042120499163,12,12
367,0.5,daily,weak_skew,0.6390721855628875,1.37659234235804,-4.590042120499163,12,12
367,0.5,two_day,alt,0.869140625,-0.7874934829627639,-4.590042120499163,12,12
367,0.5,two_day,sharp,0.263671875,2.5718427606579684,-4.590042120499163,12,12
367,0.5,two_day,weak,0.76025390625,-1.5588792446781294,-4.590042120499163,12,12
367,0.5,two_day,weak_skew,0.4296875,2.741297575456438,-4.590042120499163,12,12
367,0.5,four_day,alt,0.90625,-0.8864970773477113,-4.590042120499163,6,12
367,0.5,four_day,sharp,0.8125,0.609751963988335,-4.590042120499163,6,12
367,0.5,four_day,weak,0.9375,-0.9757459729005736,-4.590042120499163,6,12
367,0.5,four_day,weak_skew,0.46875,3.2182292622102437,-4.590042120499163,6,12
368,0.5,daily,alt,0.0027994401119776045,-8.708111025320244,-9.578611928011462,12,12
368,0.5,daily,sharp,0.5390921815636872,-1.142499433382003,-9.578611928011462,12,12
368,0.5,daily,weak,0.27974405118976203,-2.324939930947728,-9.578611928011462,12,12
368,0.5,daily,weak_skew,0.5106978604279144,-1.8262016534500376,-9.578611928011462,12,12
368,0.5,two_day,alt,0.00146484375,-12.775523308883585,-9.578611928011462,12,12
368,0.5,two_day,sharp,0.10693359375,-2.831219573700533,-9.578611928011462,12,12
368,0.5,two_day,weak,0.26708984375,-2.928394173936891,-9.578611928011462,12,12
368,0.5,two_day,weak_skew,0.3212890625,-3.518581634918269,-9.578611928011462,12,12
368,0.5,four_day,alt,0.21875,-3.865702223289478,-9.578611928011462,6,12
368,0.5,four_day,sharp,0.15625,3.475097450608793,-9.578611928011462,6,12
368,0.5,four_day,weak,0.53125,1.6724737128991443,-9.578611928011462,6,12
368,0.5,four_day,weak_skew,0.59375,6.352062018721952,-9.578611928011462,6,12
369,0.5,daily,alt,0.0001999600079984003,-14.141013106526984,-11.94801616455019,12,12
369,0.5,daily,sharp,0.8238352329534093,-0.42189082722518617,-11.94801616455019,12,12
369,0.5,daily,weak,0.5478904219156169,1.1764192631651749,-11.94801616455019,12,12
369,0.5,daily,weak_skew,0.4407118576284743,2.6625055051346416,-11.94801616455019,12,12
369,0.5,two_day,alt,0.396484375,-4.235035931200471,-11.94801616455019,12,12
369,0.5,two_day,sharp,0.40478515625,1.4825503285697696,-11.94801616455019,12,12
369,0.5,two_day,weak,0.17529296875,3.9881150262625713,-11.94801616455019,12,12
369,0.5,two_day,weak_skew,0.56884765625,2.1371181468432723,-11.94801616455019,12,12
369,0.5,four_day,alt,0.0625,-10.938629442463712,-11.94801616455019,6,12
369,0.5,four_day,sharp,0.4375,-1.2280428767533802,-11.94801616455019,6,12
369,0.5,four_day,weak,0.28125,-3.8914175930780153,-11.94801616455019,6,12
369,0.5,four_day,weak_skew,0.3125,4.416810409047389,-11.94801616455019,6,12
370,0.5,daily,alt,0.014997000599880024,-7.265650965524799,-7.779880424567558,12,12
370,0.5,daily,sharp,0.6784643071385723,0.8374630848043983,-7.779880424567558,12,12
370,0.5,daily,weak,0.47910417916416714,-1.7893065910849586,-7.779880424567558,12,12
370,0.5,daily,weak_skew,0.5320935812837433,1.7743422514374074,-7.779880424567558,12,12
370,0.5,two_day,alt,0.048828125,-6.629260631472562,-7.779880424567558,12,12
370,0.5,two_day,sharp,0.5439453125,1.1763165462186993,-7.779880424567558,12,12
370,0.5,two_day,weak,0.56103515625,1.5146787856704187,-7.779880424567558,12,12
370,0.5,two_day,weak_skew,0.57080078125,2.5059632504948888,-7.779880424567558,12,12
370,0.5,four_day,alt,0.53125,-3.117723360088977,-7.779880424567558,6,12
370,0.5,four_day,sharp,0.46875,2.40656945977684,-7.779880424567558,6,12
370,0.5,four_day,weak,0.375,3.8595702187909047,-7.779880424567558,6,12
370,0.5,four_day,weak_skew,0.78125,4.9538784373797,-7.779880424567558,6,12
371,0.5,daily,alt,0.22335532893421317,-5.322583861589386,-4.6171338755891185,12,12
371,0.5,daily,sharp,0.1881623675264947,-3.7905425119323115,-4.6171338755891185,12,12
371,0.5,daily,weak,0.10237952409518096,-5.190454792299601,-4.6171338755891185,12,12
371,0.5,daily,weak_skew,0.4373125374925015,-2.8275091991760166,-4.6171338755891185,12,12
371,0.5,two_day,alt,0.04296875,-14.056356025738927,-4.6171338755891185,12,12
371,0.5,two_day,sharp,0.490234375,-4.557555351862339,-4.6171338755891185,12,12
371,0.5,two_day,weak,0.90771484375,-0.6782514851864914,-4.6171338755891185,12,12
371,0.5,two_day,weak_skew,0.45849609375,-4.804955273658966,-4.6171338755891185,12,12
371,0.5,four_day,alt,1.0,-0.17794483744925196,-4.6171338755891185,6,12
371,0.5,four_day,sharp,0.65625,3.6540994193999645,-4.6171338755891185,6,12
371,0.5,four_day,weak,1.0,1.716754328027181,-4.6171338755891185,6,12
371,0.5,four_day,weak_skew,0.3125,10.896076383543866,-4.6171338755891185,6,12
372,0.5,daily,alt,0.15876824635072986,-5.347011632370879,-6.0948636969939045,12,12
372,0.5,daily,sharp,0.9832033593281344,-0.08339729096767516,-6.0948636969939045,12,12
372,0.5,daily,weak,0.9816036792641472,0.07942778741042271,-6.0948636969939045,12,12
372,0.5,daily,weak_skew,0.752249550089982,-1.062953142723724,-6.0948636969939045,12,12
372,0.5,two_day,alt,0.06396484375,-12.470416111150394,-6.0948636969939045,12,12
372,0.5,two_day,sharp,0.232421875,-6.242318770849273,-6.0948636969939045,12,12
372,0.5,two_day,weak,0.484375,-4.624385585653311,-6.0948636969939045,12,12
372,0.5,two_day,weak_skew,0.072265625,-9.573712957080863,-6.0948636969939045,12,12
372,0.5,four_day,alt,0.15625,-6.436423359319097,-6.0948636969939045,6,12
372,0.5,four_day,sharp,0.875,-0.9877067969969353,-6.0948636969939045,6,12
372,0.5,four_day,weak,0.46875,-3.3085915580138163,-6.0948636969939045,6,12
372,0.5,four_day,weak_skew,0.53125,-3.7444157312897857,-6.0948636969939045,6,12
373,0.5,daily,alt,0.26454709058188364,-3.0183740873377425,-8.25086391893678,12,12
373,0.5,daily,sharp,0.2401519696060788,2.090939448693586,-8.25086391893678,12,12
373,0.5,daily,weak,0.5792841431713657,0.9647512699933986,-8.25086391893678,12,12
373,0.5,daily,weak_skew,0.826634673065387,-0.43815277708152206,-8.25086391893678,12,12
373,0.5,two_day,alt,0.06640625,-6.0670694903090165,-8.25086391893678,12,12
373,0.5,two_day,sharp,0.90869140625,-0.23340732423624821,-8.25086391893678,12,12
373,0.5,two_day,weak,0.1064453125,5.0467304002031925,-8.25086391893678,12,12
373,0.5,two_day,weak_skew,0.82421875,1.2674459925128236,-8.25086391893678,12,12
373,0.5,four_day,alt,0.09375,-6.831242063355141,-8.25086391893678,6,12
373,0.5,four_day,sharp,1.0,0.10713683048346449,-8.25086391893678,6,12
373,0.5,four_day,weak,0.3125,-8.523272643228827,-8.25086391893678,6,12
373,0.5,four_day,weak_skew,0.9375,0.6516146865024149,-8.25086391893678,6,12
374,0.5,daily,alt,0.011597680463907219,-6.566340263723487,-8.959065485560672,12,12
374,0.5,daily,sharp,0.3255348930213957,1.8161934391334764,-8.959065485560672,12,12
374,0.5,daily,weak,0.40831833633273346,-2.2693123368851285,-8.959065485560672,12,12
374,0.5,daily,weak_skew,0.35952809438112376,2.076321138214334,-8.959065485560672,12,12
374,0.5,two_day,alt,0.0068359375,-8.646278667721889,-8.959065485560672,12,12
374,0.5,two_day,sharp,0.57470703125,1.5653150471153292,-8.959065485560672,12,12
374,0.5,two_day,weak,0.619140625,-2.4918590869360675,-8.959065485560672,12,12
374,0.5,two_day,weak_skew,0.876953125,-0.5131516885661119,-8.959065485560672,12,12
374,0.5,four_day,alt,0.0625,-8.965516552112344,-8.959065485560672,6,12
374,0.5,four_day,sharp,0.625,-0.7023360275580295,-8.959065485560672,6,12
374,0.5,four_day,weak,0.71875,2.0473166369575195,-8.959065485560672,6,12
374,0.5,four_day,weak_skew,0.71875,-0.9101731039705593,-8.959065485560672,6,12
375,0.5,daily,alt,0.019596080783843232,-7.627914432787077,-8.71664196804695,12,12
375,0.5,daily,sharp,0.9306138772245551,-0.266451703268008,-8.71664196804695,12,12
375,0.5,daily,weak,0.5626874625074985,-2.3466566454776285,-8.71664196804695,12,12
375,0.5,daily,weak_skew,0.6706658668266346,-1.4613509562800544,-8.71664196804695,12,12
375,0.5,two_day,alt,0.00048828125,-10.319325317506197,-8.71664196804695,12,12
375,0.5,two_day,sharp,0.447265625,-1.5022830885780387,-8.71664196804695,12,12
375,0.5,two_day,weak,0.65234375,-1.2050650501220683,-8.71664196804695,12,12
375,0.5,two_day,weak_skew,0.02099609375,-4.509285103119862,-8.71664196804695,12,12
375,0.5,four_day,alt,0.0625,-11.841692433471978,-8.71664196804695,6,12
375,0.5,four_day,sharp,0.5625,-2.4219823539108702,-8.71664196804695,6,12
375,0.5,four_day,weak,0.6875,-1.978672494495606,-8.71664196804695,6,12
375,0.5,four_day,weak_skew,0.96875,3.024042332677618,-8.71664196804695,6,12
376,0.5,daily,alt,0.1375724855028994,-4.928912203757227,-7.064406005997796,12,12
376,0.5,daily,sharp,0.8902219556088782,-0.19435013024666561,-7.064406005997796,12,12
376,0.5,daily,weak,0.9664067186562687,0.13817694235149425,-7.064406005997796,12,12
376,0.5,daily,weak_skew,0.5376924615076984,-1.5292803630087508,-7.064406005997796,12,12
376,0.5,two_day,alt,0.81494140625,1.340560937572142,-7.064406005997796,12,12
376,0.5,two_day,sharp,0.36962890625,3.0416243036081627,-7.064406005997796,12,12
376,0.5,two_day,weak,0.7197265625,1.5019925143515511,-7.064406005997796,12,12
376,0.5,two_day,weak_skew,0.9111328125,0.6286103676207736,-7.064406005997796,12,12
376,0.5,four_day,alt,0.15625,-11.610890834426103,-7.064406005997796,6,12
376,0.5,four_day,sharp,0.625,-2.5185018588436527,-7.064406005997796,6,12
376,0.5,four_day,weak,0.875,-1.1180227007868808,-7.064406005997796,6,12
376,0.5,four_day,weak_skew,0.40625,-5.015023906819523,-7.064406005997796,6,12
377,0.5,daily,alt,0.0005998800239952009,-12.258395867223085,-10.850777659531076,12,12
377,0.5,daily,sharp,0.21115776844631073,-2.6552940392718356,-10.850777659531076,12,12
377,0.5,daily,weak,0.1287742451509698,-5.195676323464718,-10.850777659531076,12,12
377,0.5,daily,weak_skew,0.07998400319936012,-5.153070678309668,-10.850777659531076,12,12
377,0.5,two_day,alt,0.00439453125,-12.194587499549257,-10.850777659531076,12,12
377,0.5,two_day,sharp,0.20947265625,-3.5253893326809607,-10.850777659531076,12,12
377,0.5,two_day,weak,0.77294921875,0.8179577675247772,-10.850777659531076,12,12
377,0.5,two_day,weak_skew,0.01904296875,-5.998789474403249,-10.850777659531076,12,12
377,0.5,four_day,alt,0.03125,-17.929601305049868,-10.850777659531076,6,12
377,0.5,four_day,sharp,0.21875,-5.513562549558003,-10.850777659531076,6,12
377,0.5,four_day,weak,0.6875,-4.565200434957045,-10.850777659531076,6,12
377,0.5,four_day,weak_skew,0.6875,-3.696616062003334,-10.850777659531076,6,12
378,0.5,daily,alt,0.07978404319136173,-4.311757399993968,-7.641562679191594,12,12
378,0.5,daily,sharp,0.30193961207758446,2.0495207099515196,-7.641562679191594,12,12
378,0.5,daily,weak,0.44831033793241354,1.8890279158947945,-7.641562679191594,12,12
378,0.5,daily,weak_skew,0.6588682263547291,-0.9744029231370911,-7.641562679191594,12,12
378,0.5,two_day,alt,0.013671875,-13.209572453664626,-7.641562679191594,12,12
378,0.5,two_day,sharp,0.27099609375,-4.031301803480354,-7.641562679191594,12,12
378,0.5,two_day,weak,0.13916015625,-5.2640228250977925,-7.641562679191594,12,12
378,0.5,two_day,weak_skew,0.22412109375,-5.256987563060863,-7.641562679191594,12,12
378,0.5,four_day,alt,0.84375,0.6536336271871015,-7.641562679191594,6,12
378,0.5,four_day,sharp,0.0625,8.758479085085431,-7.641562679191594,6,12
378,0.5,four_day,weak,0.09375,11.85050251318095,-7.641562679191594,6,12
378,0.5,four_day,weak_skew,0.3125,4.427814775859818,-7.641562679191594,6,12
379,0.5,daily,alt,0.20175964807038593,-4.439112342955792,-10.08166960882722,12,12
379,0.5,daily,sharp,0.3515296940611878,1.827513987025375,-10.08166960882722,12,12
379,0.5,daily,weak,0.9768046390721855,0.08736050943879133,-10.08166960882722,12,12
379,0.5,daily,weak_skew,0.394121175764847,1.403714780733732,-10.08166960882722,12,12
379,0.5,two_day,alt,0.060546875,-8.618955739058384,-10.08166960882722,12,12
379,0.5,two_day,sharp,0.693359375,-0.8471898849061562,-10.08166960882722,12,12
379,0.5,two_day,weak,0.3310546875,2.746934548382806,-10.08166960882722,12,12
379,0.5,two_day,weak_skew,0.47265625,-1.9728988327542905,-10.08166960882722,12,12
379,0.5,four_day,alt,0.53125,-3.7523384192394253,-10.08166960882722,6,12
379,0.5,four_day,sharp,0.625,1.7532729873009956,-10.08166960882722,6,12
379,0.5,four_day,weak,0.125,9.419330021879174,-10.08166960882722,6,12
379,0.5,four_day,weak_skew,0.46875,-3.0253706924256996,-10.08166960882722,6,12
380,0.5,daily,alt,0.014997000599880024,-5.468160416448971,-6.493701218200641,12,12
380,0.5,daily,sharp,0.9342131573685263,-0.15903378004934984,-6.493701218200641,12,12
380,0.5,daily,weak,0.23635272945410918,2.8181377301184725,-6.493701218200641,12,12
380,0.5,daily,weak_skew,0.6196760647870426,-0.995139484361958,-6.493701218200641,12,12
380,0.5,two_day,alt,0.1279296875,-4.890370413229627,-6.493701218200641,12,12
380,0.5,two_day,sharp,0.412109375,1.7132477440027916,-6.493701218200641,12,12
380,0.5,two_day,weak,0.97265625,0.11810195616855228,-6.493701218200641,12,12
380,0.5,two_day,weak_skew,0.6171875,-1.3425413636585468,-6.493701218200641,12,12
380,0.5,four_day,alt,0.03125,-11.631449447372342,-6.493701218200641,6,12
380,0.5,four_day,sharp,0.15625,-3.549138381748694,-6.493701218200641,6,12
380,0.5,four_day,weak,0.375,-4.055065490768441,-6.493701218200641,6,12
380,0.5,four_day,weak_skew,0.53125,4.0779554220553536,-6.493701218200641,6,12
381,0.5,daily,alt,0.0009998000399920016,-9.854875247294764,-6.882603556684181,12,12
381,0.5,daily,sharp,0.17336532693461307,-2.1457820183266443,-6.882603556684181,12,12
381,0.5,daily,weak,0.626874625074985,-1.4272981765863377,-6.882603556684181,12,12
381,0.5,daily,weak_skew,0.9200159968006398,0.33059801701692315,-6.882603556684181,12,12
381,0.5,two_day,alt,0.85302734375,-0.7924714232071803,-6.882603556684181,12,12
381,0.5,two_day,sharp,0.36962890625,1.1126420710811395,-6.882603556684181,12,12
381,0.5,two_day,weak,0.546875,1.4155393476082232,-6.882603556684181,12,12
381,0.5,two_day,weak_skew,0.986328125,0.04865438809036604,-6.882603556684181,12,12
381,0.5,four_day,alt,0.3125,-5.058185494659406,-6.882603556684181,6,12
381,0.5,four_day,sharp,0.96875,-0.10248385787420133,-6.882603556684181,6,12
381,0.5,four_day,weak,1.0,0.014625651575213302,-6.882603556684181,6,12
381,0.5,four_day,weak_skew,0.40625,6.19119855587378,-6.882603556684181,6,12
382,0.5,daily,alt,0.003199360127974405,-12.139136605245236,-10.548183120722086,12,12
382,0.5,daily,sharp,0.5930813837232554,-1.7975957318918063,-10.548183120722086,12,12
382,0.5,daily,weak,0.2673465306938612,-3.2489022971373847,-10.548183120722086,12,12
382,0.5,daily,weak_skew,0.4615076984603079,-3.025992560779914,-10.548183120722086,12,12
382,0.5,two_day,alt,0.0048828125,-10.05112506159289,-10.548183120722086,12,12
382,0.5,two_day,sharp,0.94482421875,-0.20925631465530792,-10.548183120722086,12,12
382,0.5,two_day,weak,0.6220703125,1.4953898642252963,-10.548183120722086,12,12
382,0.5,two_day,weak_skew,0.7099609375,-1.4903841852994066,-10.548183120722086,12,12
382,0.5,four_day,alt,0.125,-13.799328459511882,-10.548183120722086,6,12
382,0.5,four_day,sharp,0.65625,-3.0859237880338752,-10.548183120722086,6,12
382,0.5,four_day,weak,0.90625,-0.4810527760055135,-10.548183120722086,6,12
382,0.5,four_day,weak_skew,0.59375,7.599898943523654,-10.548183120722086,6,12
383,0.5,daily,alt,0.0003999200159968006,-9.890552139714428,-7.162926990349362,12,12
383,0.5,daily,sharp,0.22115576884623075,-2.1737457922456347,-7.162926990349362,12,12
383,0.5,daily,weak,0.07578484303139373,-4.376053633774416,-7.162926990349362,12,12
383,0.5,daily,weak_skew,0.21115776844631073,-2.6538682876867328,-7.162926990349362,12,12
383,0.5,two_day,alt,0.0107421875,-10.584732641863377,-7.162926990349362,12,12
383,0.5,two_day,sharp,0.5810546875,-1.1059925628250362,-7.162926990349362,12,12
383,0.5,two_day,weak,0.77587890625,1.4501080524716876,-7.162926990349362,12,12
383,0.5,two_day,weak_skew,0.3759765625,2.470206298448313,-7.162926990349362,12,12
383,0.5,four_day,alt,0.78125,-1.5111335575762688,-7.162926990349362,6,12
383,0.5,four_day,sharp,0.3125,2.151838353846839,-7.162926990349362,6,12
383,0.5,four_day,weak,0.03125,5.767349745478742,-7.162926990349362,6,12
383,0.5,four_day,weak_skew,0.625,-1.6425088183896162,-7.162926990349362,6,12
384,0.5,daily,alt,0.0003999200159968006,-12.73791226227617,-14.37832899914153,12,12
384,0.5,daily,sharp,0.7250549890021996,-0.7587429879876932,-14.37832899914153,12,12
384,0.5,daily,weak,0.8936212757448511,-0.5552797469802062,-14.37832899914153,12,12
384,0.5,daily,weak_skew,0.6104779044191162,-1.5097622819317735,-14.37832899914153,12,12
384,0.5,two_day,alt,0.00146484375,-15.89677150830027,-14.37832899914153,12,12
384,0.5,two_day,sharp,0.52587890625,-1.5014679762068976,-14.37832899914153,12,12
384,0.5,two_day,weak,0.525390625,-1.7843113948527147,-14.37832899914153,12,12
384,0.5,two_day,weak_skew,0.0908203125,-4.161695114645306,-14.37832899914153,12,12
384,0.5,four_day,alt,0.03125,-15.051868595036998,-14.37832899914153,6,12
384,0.5,four_day,sharp,0.875,-0.8685613459469602,-14.37832899914153,6,12
384,0.5,four_day,weak,0.875,-1.5638128918640415,-14.37832899914153,6,12
384,0.5,four_day,weak_skew,0.9375,0.2553348190546103,-14.37832899914153,6,12
385,0.5,daily,alt,0.04799040191961608,-9.895933368345037,-8.90679708677554,12,12
385,0.5,daily,sharp,0.3607278544291142,-3.497691703047481,-8.90679708677554,12,12
385,0.5,daily,weak,0.1993601279744051,-5.39173857992301,-8.90679708677554,12,12
385,0.5,daily,weak_skew,0.24235152969406118,-5.057708556657988,-8.90679708677554,12,12
385,0.5,two_day,alt,0.224609375,-7.292289448751814,-8.90679708677554,12,12
385,0.5,two_day,sharp,0.85205078125,1.0019143050349353,-8.90679708677554,12,12
385,0.5,two_day,weak,0.7431640625,1.7311011335085726,-8.90679708677554,12,12
385,0.5,two_day,weak_skew,0.8349609375,-1.1344344630664853,-8.90679708677554,12,12
385,0.5,four_day,alt,0.1875,-7.701618923195768,-8.90679708677554,6,12
385,0.5,four_day,sharp,0.875,1.977277590459682,-8.90679708677554,6,12
385,0.5,four_day,weak,0.6875,3.51572045282465,-8.90679708677554,6,12
385,0.5,four_day,weak_skew,0.78125,2.3895815253106307,-8.90679708677554,6,12
386,0.5,daily,alt,0.007398520295940812,-7.912915035727207,-8.143194393124766,12,12
386,0.5,daily,sharp,0.7012597480503899,-0.9152718443573024,-8.143194393124766,12,12
386,0.5,daily,weak,0.9070185962807439,-0.4477867788561323,-8.143194393124766,12,12
386,0.5,daily,weak_skew,0.5838832233553289,-1.4203804622166125,-8.143194393124766,12,12
386,0.5,two_day,alt,0.05419921875,-7.752546920012819,-8.143194393124766,12,12
386,0.5,two_day,sharp,0.95263671875,-0.19125580200649672,-8.143194393124766,12,12
386,0.5,two_day,weak,0.86572265625,0.629549783015006,-8.143194393124766,12,12
386,0.5,two_day,weak_skew,0.45263671875,5.280402256127932,-8.143194393124766,12,12
386,0.5,four_day,alt,0.25,-10.925358166349747,-8.143194393124766,6,12
386,0.5,four_day,sharp,0.5,-3.67510954958153,-8.143194393124766,6,12
386,0.5,four_day,weak,0.8125,-1.7329066339130346,-8.143194393124766,6,12
386,0.5,four_day,weak_skew,0.90625,-0.8321998515998601,-8.143194393124766,6,12
387,0.5,daily,alt,0.0003999200159968006,-9.82005873550834,-10.132790172659753,12,12
387,0.5,daily,sharp,0.7996400719856028,0.6416470540803617,-10.132790172659753,12,12
387,0.5,daily,weak,0.9384123175364927,-0.2382980590150575,-10.132790172659753,12,12
387,0.5,daily,weak_skew,0.5290941811637673,-1.5451939695528185,-10.132790172659753,12,12
387,0.5,two_day,alt,0.0107421875,-12.162535900790354,-10.132790172659753,12,12
387,0.5,two_day,sharp,0.54052734375,-2.078197380973594,-10.132790172659753,12,12
387,0.5,two_day,weak,0.423828125,-3.0565702694325707,-10.132790172659753,12,12
387,0.5,two_day,weak_skew,0.92626953125,-0.44356321509853264,-10.132790172659753,12,12
387,0.5,four_day,alt,0.03125,-12.99509648148335,-10.132790172659753,6,12
387,0.5,four_day,sharp,0.25,-4.362279841330697,-10.132790172659753,6,12
387,0.5,four_day,weak,0.40625,-6.510993824497891,-10.132790172659753,6,12
387,0.5,four_day,weak_skew,0.03125,-6.908700809515654,-10.132790172659753,6,12
388,0.5,daily,alt,0.03939212157568486,-7.6117276046843045,-3.983733686411128,12,12
388,0.5,daily,sharp,0.5362927414517097,-2.4935971692034182,-3.983733686411128,12,12
388,0.5,daily,weak,0.29454109178164367,-5.11299256672059,-3.983733686411128,12,12
388,0.5,daily,weak_skew,0.09378124375124974,-6.629197577531322,-3.983733686411128,12,12
388,0.5,two_day,alt,0.2548828125,-4.32311264061868,-3.983733686411128,12,12
388,0.5,two_day,sharp,0.43505859375,1.9214021642825354,-3.983733686411128,12,12
388,0.5,two_day,weak,0.14306640625,3.629207420297584,-3.983733686411128,12,12
388,0.5,two_day,weak_skew,0.94580078125,-0.18077420029764646,-3.983733686411128,12,12
388,0.5,four_day,alt,0.25,-4.992285511124121,-3.983733686411128,6,12
388,0.5,four_day,sharp,0.59375,1.880926944041099,-3.983733686411128,6,12
388,0.5,four_day,weak,0.5625,1.8825097612797752,-3.983733686411128,6,12
388,0.5,four_day,weak_skew,0.34375,7.659477881992445,-3.983733686411128,6,12
389,0.5,daily,alt,0.5490901819636073,-1.8268233576932194,-4.1339515707419565,12,12
389,0.5,daily,sharp,0.3935212957408518,2.2410653060746117,-4.1339515707419565,12,12
389,0.5,daily,weak,0.5954809038192361,1.2977269646882335,-4.1339515707419565,12,12
389,0.5,daily,weak_skew,0.5220955808838232,1.7791496354861245,-4.1339515707419565,12,12
389,0.5,two_day,alt,0.4541015625,-3.9931853368442654,-4.1339515707419565,12,12
389,0.5,two_day,sharp,0.8505859375,-0.6547421627235336,-4.1339515707419565,12,12
389,0.5,two_day,weak,0.4423828125,3.799318076562098,-4.1339515707419565,12,12
389,0.5,two_day,weak_skew,0.74267578125,1.2284524793854803,-4.1339515707419565,12,12
389,0.5,four_day,alt,0.25,4.664129802979215,-4.1339515707419565,6,12
389,0.5,four_day,sharp,0.03125,5.699947891459744,-4.1339515707419565,6,12
389,0.5,four_day,weak,0.03125,10.527322443006922,-4.1339515707419565,6,12
389,0.5,four_day,weak_skew,0.28125,6.62031097600169,-4.1339515707419565,6,12
390,0.5,daily,alt,0.007398520295940812,-5.820438939513743,-6.023485057128049,12,12
390,0.5,daily,sharp,0.4491101779644071,1.3805971343623924,-6.023485057128049,12,12
390,0.5,daily,weak,0.48210357928414316,-1.5521551874874906,-6.023485057128049,12,12
390,0.5,daily,weak_skew,0.8800239952009599,-0.3269486324195518,-6.023485057128049,12,12
390,0.5,two_day,alt,0.20703125,-3.9404337257383832,-6.023485057128049,12,12
390,0.5,two_day,sharp,0.1552734375,3.1058044340775353,-6.023485057128049,12,12
390,0.5,two_day,weak,0.05517578125,6.991106815879472,-6.023485057128049,12,12
390,0.5,two_day,weak_skew,0.42333984375,2.440725210394238,-6.023485057128049,12,12
390,0.5,four_day,alt,0.28125,-7.164426055615034,-6.023485057128049,6,12
390,0.5,four_day,sharp,0.84375,-0.47400877093543886,-6.023485057128049,6,12
390,0.5,four_day,weak,0.96875,0.515924783986641,-6.023485057128049,6,12
390,0.5,four_day,weak_skew,0.625,1.7031173146591445,-6.023485057128049,6,12
391,0.5,daily,alt,0.0013997200559888023,-11.838667043284284,-7.785568244756838,12,12
391,0.5,daily,sharp,0.05098980203959208,-5.8901469088624365,-7.785568244756838,12,12
391,0.5,daily,weak,0.02959408118376325,-9.96607654175091,-7.785568244756838,12,12
391,0.5,daily,weak_skew,0.04399120175964807,-7.3563820032983775,-7.785568244756838,12,12
391,0.5,two_day,alt,0.03515625,-8.040331083819925,-7.785568244756838,12,12
391,0.5,two_day,sharp,0.85009765625,-0.6095797125300955,-7.785568244756838,12,12
391,0.5,two_day,weak,0.32373046875,-4.126012741137653,-7.785568244756838,12,12
391,0.5,two_day,weak_skew,0.4765625,-3.1841508649104937,-7.785568244756838,12,12
391,0.5,four_day,alt,0.4375,-2.9718366483326975,-7.785568244756838,6,12
391,0.5,four_day,sharp,0.40625,3.335357671759527,-7.785568244756838,6,12
391,0.5,four_day,weak,0.8125,1.3773296184590436,-7.785568244756838,6,12
391,0.5,four_day,weak_skew,0.625,6.6369487692895754,-7.785568244756838,6,12
392,0.5,daily,alt,0.17596480703859227,-5.520240002234161,-7.138429873474593,12,12
392,0.5,daily,sharp,0.9266146770645871,-0.21258836356621558,-7.138429873474593,12,12
392,0.5,daily,weak,0.9040191961607679,-0.40264410476450213,-7.138429873474593,12,12
392,0.5,daily,weak_skew,0.5226954609078185,-1.263468356997303,-7.138429873474593,12,12
392,0.5,two_day,alt,0.02783203125,-8.558831014432647,-7.138429873474593,12,12
392,0.5,two_day,sharp,0.736328125,-0.778724307894859,-7.138429873474593,12,12
392,0.5,two_day,weak,0.79443359375,-0.8501455789364295,-7.138429873474593,12,12
392,0.5,two_day,weak_skew,0.67431640625,1.2639738921788435,-7.138429873474593,12,12
392,0.5,four_day,alt,0.1875,-5.266912034661875,-7.138429873474593,6,12
392,0.5,four_day,sharp,0.25,3.3147341781986035,-7.138429873474593,6,12
392,0.5,four_day,weak,0.46875,3.460930366864267,-7.138429873474593,6,12
392,0.5,four_day,weak_skew,0.21875,5.761495775009444,-7.138429873474593,6,12
393,0.5,daily,alt,0.0065986802639472104,-7.017628439355728,-8.78119297259451,12,12
393,0.5,daily,sharp,0.15716856628674264,1.9218385534073683,-8.78119297259451,12,12
393,0.5,daily,weak,0.6756648670265947,-0.6818344666520512,-8.78119297259451,12,12
393,0.5,daily,weak_skew,0.2545490901819636,1.9773123404445052,-8.78119297259451,12,12
393,0.5,two_day,alt,0.0107421875,-12.103226964118955,-8.78119297259451,12,12
393,0.5,two_day,sharp,0.203125,-2.7727298280642305,-8.78119297259451,12,12
393,0.5,two_day,weak,0.12060546875,-5.653527030550918,-8.78119297259451,12,12
393,0.5,two_day,weak_skew,0.05908203125,-6.078258704068769,-8.78119297259451,12,12
393,0.5,four_day,alt,0.09375,-13.09875246724589,-8.78119297259451,6,12
393,0.5,four_day,sharp,0.5,-3.074761887358356,-8.78119297259451,6,12
393,0.5,four_day,weak,0.625,-4.824247274979794,-8.78119297259451,6,12
393,0.5,four_day,weak_skew,0.40625,-3.49998431634076,-8.78119297259451,6,12
394,0.5,daily,alt,0.2981403719256149,3.282955375960654,-4.189739589679078,12,12
394,0.5,daily,sharp,0.015196960607878424,5.737872006819586,-4.189739589679078,12,12
394,0.5,daily,weak,0.016396720655868825,6.908595409272379,-4.189739589679078,12,12
394,0.5,daily,weak_skew,0.15016996600679863,3.052435125374689,-4.189739589679078,12,12
394,0.5,two_day,alt,0.8994140625,0.4654575950993145,-4.189739589679078,12,12
394,0.5,two_day,sharp,0.1240234375,5.985351400274627,-4.189739589679078,12,12
394,0.5,two_day,weak,0.1181640625,8.281875748080685,-4.189739589679078,12,12
394,0.5,two_day,weak_skew,0.453125,2.9416518418052355,-4.189739589679078,12,12
394,0.5,four_day,alt,0.1875,-8.176009269325677,-4.189739589679078,6,12
394,0.5,four_day,sharp,0.78125,-1.1364466195880614,-4.189739589679078,6,12
394,0.5,four_day,weak,0.90625,1.8835301075673587,-4.189739589679078,6,12
394,0.5,four_day,weak_skew,0.5625,-3.5283541932626896,-4.189739589679078,6,12
395,0.5,daily,alt,0.5020995800839833,-2.1149371266848203,-8.817930269232235,12,12
395,0.5,daily,sharp,0.09398120375924815,1.6273967417159216,-8.817930269232235,12,12
395,0.5,daily,weak,0.976004799040192,-0.07315810027646148,-8.817930269232235,12,12
395,0.5,daily,weak_skew,0.5112977404519096,1.517513833554536,-8.817930269232235,12,12
395,0.5,two_day,alt,0.93994140625,0.444927060583091,-8.817930269232235,12,12
395,0.5,two_day,sharp,0.0234375,3.8981263640505444,-8.817930269232235,12,12
395,0.5,two_day,weak,0.0986328125,5.486861624498619,-8.817930269232235,12,12
395,0.5,two_day,weak_skew,0.03173828125,4.984106214334577,-8.817930269232235,12,12
395,0.5,four_day,alt,0.09375,-10.395780347387847,-8.817930269232235,6,12
395,0.5,four_day,sharp,0.125,-4.587800298234607,-8.817930269232235,6,12
395,0.5,four_day,weak,0.28125,-6.567467690325048,-8.817930269232235,6,12
395,0.5,four_day,weak_skew,0.15625,-5.365640956397371,-8.817930269232235,6,12
396,0.5,daily,alt,0.0005998800239952009,-11.759990840059864,-9.730479158025858,12,12
396,0.5,daily,sharp,0.22155568886222757,-2.6991522033034787,-9.730479158025858,12,12
396,0.5,daily,weak,0.16016796640671865,-3.8622673030589145,-9.730479158025858,12,12
396,0.5,daily,weak_skew,0.04039192161567687,-4.028043148800721,-9.730479158025858,12,12
396,0.5,two_day,alt,0.00390625,-10.223824156084511,-9.730479158025858,12,12
396,0.5,two_day,sharp,0.78076171875,-0.6237909497613376,-9.730479158025858,12,12
396,0.5,two_day,weak,0.81396484375,0.718442616305909,-9.730479158025858,12,12
396,0.5,two_day,weak_skew,0.92578125,0.43491019360532884,-9.730479158025858,12,12
396,0.5,four_day,alt,0.4375,-3.94110388162415,-9.730479158025858,6,12
396,0.5,four_day,sharp,0.1875,6.487619972263783,-9.730479158025858,6,12
396,0.5,four_day,weak,0.40625,6.570363288108459,-9.730479158025858,6,12
396,0.5,four_day,weak_skew,0.21875,7.531238054135883,-9.730479158025858,6,12
397,0.5,daily,alt,0.6944611077784443,-1.1515413516682766,-5.058082483313733,12,12
397,0.5,daily,sharp,0.21915616876624675,3.3683400508181234,-5.058082483313733,12,12
397,0.5,daily,weak,0.23015396920615877,3.7708438475902675,-5.058082483313733,12,12
397,0.5,daily,weak_skew,0.1251749650069986,4.159825175478082,-5.058082483313733,12,12
397,0.5,two_day,alt,0.90283203125,-0.2951530394843302,-5.058082483313733,12,12
397,0.5,two_day,sharp,0.17578125,4.75087717843156,-5.058082483313733,12,12
397,0.5,two_day,weak,0.98486328125,-0.08007740587388372,-5.058082483313733,12,12
397,0.5,two_day,weak_skew,0.59521484375,2.675664123257864,-5.058082483313733,12,12
397,0.5,four_day,alt,0.375,-4.985360264221793,-5.058082483313733,6,12
397,0.5,four_day,sharp,1.0,0.16647417374103313,-5.058082483313733,6,12
397,0.5,four_day,weak,0.40625,-4.3766479381380625,-5.058082483313733,6,12
397,0.5,four_day,weak_skew,0.78125,-1.6487055054293915,-5.058082483313733,6,12
398,0.5,daily,alt,0.07198560287942411,-5.941625578315545,-7.544634498202804,12,12
398,0.5,daily,sharp,0.6402719456108779,0.806316993181067,-7.544634498202804,12,12
398,0.5,daily,weak,0.9754049190161967,0.0818262924544572,-7.544634498202804,12,12
398,0.5,daily,weak_skew,0.9018196360727855,0.39318545968740953,-7.544634498202804,12,12
398,0.5,two_day,alt,0.00439453125,-10.49030433271947,-7.544634498202804,12,12
398,0.5,two_day,sharp,0.43896484375,-1.4347982174919363,-7.544634498202804,12,12
398,0.5,two_day,weak,0.1572265625,-4.575454401968751,-7.544634498202804,12,12
398,0.5,two_day,weak_skew,0.92333984375,-0.3677185488003711,-7.544634498202804,12,12
398,0.5,four_day,alt,0.125,-9.523662846663553,-7.544634498202804,6,12
398,0.5,four_day,sharp,0.78125,1.159811863291677,-7.544634498202804,6,12
398,0.5,four_day,weak,0.875,1.671615330685795,-7.544634498202804,6,12
398,0.5,four_day,weak_skew,0.3125,5.366038392308309,-7.544634498202804,6,12
399,0.5,daily,alt,0.4977004599080184,-4.182139732165279,-8.438507322350546,12,12
399,0.5,daily,sharp,0.5906818636272746,-0.7029313463406576,-8.438507322350546,12,12
399,0.5,daily,weak,0.5712857428514297,-1.016826430433957,-8.438507322350546,12,12
399,0.5,daily,weak_skew,0.8374325134973005,0.8235858509418689,-8.438507322350546,12,12
399,0.5,two_day,alt,0.00146484375,-9.923781038589441,-8.438507322350546,12,12
399,0.5,two_day,sharp,0.6767578125,-0.5793408794987466,-8.438507322350546,12,12
399,0.5,two_day,weak,0.54833984375,-1.7302900261833596,-8.438507322350546,12,12
399,0.5,two_day,weak_skew,0.3896484375,-2.102034075917864,-8.438507322350546,12,12
399,0.5,four_day,alt,0.0625,-9.845649910311696,-8.438507322350546,6,12
399,0.5,four_day,sharp,0.75,0.5859884646988895,-8.438507322350546,6,12
399,0.5,four_day,weak,0.25,2.8977953885178565,-8.438507322350546,6,12
399,0.5,four_day,weak_skew,0.46875,4.824511793567308,-8.438507322350546,6,12
400,0.5,daily,alt,0.046390721855628876,-8.193914903096621,-10.389540769173493,12,12
400,0.5,daily,sharp,0.4941011797640472,-2.0527756553434258,-10.389540769173493,12,12
400,0.5,daily,weak,0.11977604479104179,-4.975302679151182,-10.389540769173493,12,12
400,0.5,daily,weak_skew,0.4383123375324935,-2.4545566874716234,-10.389540769173493,12,12
400,0.5,two_day,alt,0.05615234375,-7.763962723036175,-10.389540769173493,12,12
400,0.5,two_day,sharp,0.185546875,3.9729736403612907,-10.389540769173493,12,12
400,0.5,two_day,weak,0.62109375,1.8659356608328028,-10.389540769173493,12,12
400,0.5,two_day,weak_skew,0.3076171875,5.224410745933095,-10.389540769173493,12,12
400,0.5,four_day,alt,0.1875,-7.381820337170445,-10.389540769173493,6,12
400,0.5,four_day,sharp,0.625,2.335790831246237,-10.389540769173493,6,12
400,0.5,four_day,weak,0.71875,1.0156588790826895,-10.389540769173493,6,12
400,0.5,four_day,weak_skew,0.90625,0.6692455078420411,-10.389540769173493,6,12
401,0.5,daily,alt,0.01279744051189762,-9.851556662267525,-10.281138675634587,12,12
401,0.5,daily,sharp,0.5776844631073785,-1.986476784921593,-10.281138675634587,12,12
401,0.5,daily,weak,0.9830033993201359,-0.10095452641428852,-10.281138675634587,12,12
401,0.5,daily,weak_skew,0.6768646270745851,-1.103047750043892,-10.281138675634587,12,12
401,0.5,two_day,alt,0.0029296875,-10.188422385899317,-10.281138675634587,12,12
401,0.5,two_day,sharp,0.8349609375,-0.6149527276275132,-10.281138675634587,12,12
401,0.5,two_day,weak,0.6875,2.23283087523633,-10.281138675634587,12,12
401,0.5,two_day,weak_skew,0.26708984375,-3.955380136093625,-10.281138675634587,12,12
401,0.5,four_day,alt,0.03125,-12.801867191716072,-10.281138675634587,6,12
401,0.5,four_day,sharp,0.1875,-2.785891996574597,-10.281138675634587,6,12
401,0.5,four_day,weak,0.625,2.6038498146020608,-10.281138675634587,6,12
401,0.5,four_day,weak_skew,1.0,-0.679552965396225,-10.281138675634587,6,12
402,0.5,daily,alt,0.003199360127974405,-6.545233949352695,-7.6718761761190635,12,12
402,0.5,daily,sharp,0.6102779444111178,-0.6309320477579389,-7.6718761761190635,12,12
402,0.5,daily,weak,0.8030393921215757,0.4478816796278071,-7.6718761761190635,12,12
402,0.5,daily,weak_skew,0.6018796240751849,-0.9742224229862687,-7.6718761761190635,12,12
402,0.5,two_day,alt,0.0078125,-9.728656038102555,-7.6718761761190635,12,12
402,0.5,two_day,sharp,0.248046875,-2.106333426001184,-7.6718761761190635,12,12
402,0.5,two_day,weak,0.5703125,-2.0492604689128875,-7.6718761761190635,12,12
402,0.5,two_day,weak_skew,0.0751953125,-4.707834721358087,-7.6718761761190635,12,12
402,0.5,four_day,alt,0.15625,-4.119287044369777,-7.6718761761190635,6,12
402,0.5,four_day,sharp,0.15625,3.449434603676952,-7.6718761761190635,6,12
402,0.5,four_day,weak,0.5,2.192749975564656,-7.6718761761190635,6,12
402,0.5,four_day,weak_skew,0.28125,9.005036242593903,-7.6718761761190635,6,12
403,0.5,daily,alt,0.26034793041391724,-2.7741208642075446,-7.004815759094569,12,12
403,0.5,daily,sharp,0.33373325334933013,2.406935067816549,-7.004815759094569,12,12
403,0.5,daily,weak,0.4513097380523895,3.022489682186936,-7.004815759094569,12,12
403,0.5,daily,weak_skew,0.1227754449110178,4.3878763653463055,-7.004815759094569,12,12
403,0.5,two_day,alt,0.189453125,-5.9075412845039486,-7.004815759094569,12,12
403,0.5,two_day,sharp,0.6513671875,-3.231285064602595,-7.004815759094569,12,12
403,0.5,two_day,weak,0.67578125,-2.098980746480978,-7.004815759094569,12,12
403,0.5,two_day,weak_skew,0.6337890625,-3.277555683363726,-7.004815759094569,12,12
403,0.5,four_day,alt,0.21875,-5.91045893001471,-7.004815759094569,6,12
403,0.5,four_day,sharp,0.34375,4.209517565487853,-7.004815759094569,6,12
403,0.5,four_day,weak,0.875,-1.3629910579612943,-7.004815759094569,6,12
403,0.5,four_day,weak_skew,0.96875,-0.4803282641337094,-7.004815759094569,6,12
404,0.5,daily,alt,0.6386722655468906,-1.5411045269472516,-6.838696662152877,12,12
404,0.5,daily,sharp,0.28014397120575885,1.3848913492692005,-6.838696662152877,12,12
404,0.5,daily,weak,0.09858028394321136,4.469551755528088,-6.838696662152877,12,12
404,0.5,daily,weak_skew,0.9108178364327134,-0.19629317299432478,-6.838696662152877,12,12
404,0.5,two_day,alt,0.00048828125,-16.32431513191567,-6.838696662152877,12,12
404,0.5,two_day,sharp,0.00390625,-6.539031618687777,-6.838696662152877,12,12
404,0.5,two_day,weak,0.12060546875,-4.177882269343013,-6.838696662152877,12,12
404,0.5,two_day,weak_skew,0.05078125,-6.972935128765845,-6.838696662152877,12,12
404,0.5,four_day,alt,0.25,-10.493750210968495,-6.838696662152877,6,12
404,0.5,four_day,sharp,0.53125,-3.429096459298728,-6.838696662152877,6,12
404,0.5,four_day,weak,0.4375,-6.372696279394952,-6.838696662152877,6,12
404,0.5,four_day,weak_skew,0.71875,1.153317962377636,-6.838696662152877,6,12
405,0.5,daily,alt,0.0009998000399920016,-7.488820649646354,-9.101584293005885,12,12
405,0.5,daily,sharp,0.9624075184963007,-0.05523468795157527,-9.101584293005885,12,12
405,0.5,daily,weak,0.6628674265146971,-1.1903890076397428,-9.101584293005885,12,12
405,0.5,daily,weak_skew,0.16996600679864027,1.6694241118732165,-9.101584293005885,12,12
405,0.5,two_day,alt,0.00537109375,-8.550977731023641,-9.101584293005885,12,12
405,0.5,two_day,sharp,0.6318359375,0.8073438212648997,-9.101584293005885,12,12
405,0.5,two_day,weak,0.0126953125,-6.745823059508886,-9.101584293005885,12,12
405,0.5,two_day,weak_skew,0.69970703125,-1.2775319628866608,-9.101584293005885,12,12
405,0.5,four_day,alt,0.03125,-14.780417994558173,-9.101584293005885,6,12
405,0.5,four_day,sharp,0.15625,-3.303210669967745,-9.101584293005885,6,12
405,0.5,four_day,weak,0.46875,-3.400705500084085,-9.101584293005885,6,12
405,0.5,four_day,weak_skew,0.0625,-7.808403938737872,-9.101584293005885,6,12
406,0.5,daily,alt,0.010797840431913617,-3.829463232230618,-7.121877669297923,12,12
406,0.5,daily,sharp,0.027194561087782444,3.0595643921005777,-7.121877669297923,12,12
406,0.5,daily,weak,0.027794441111777646,3.7803559361616554,-7.121877669297923,12,12
406,0.5,daily,weak_skew,0.22995400919816036,4.3906290060629685,-7.121877669297923,12,12
406,0.5,two_day,alt,0.01953125,-7.150668855339899,-7.121877669297923,12,12
406,0.5,two_day,sharp,0.70361328125,-1.0358956885966595,-7.121877669297923,12,12
406,0.5,two_day,weak,0.966796875,0.19136437754835534,-7.121877669297923,12,12
406,0.5,two_day,weak_skew,0.197265625,5.835968480712186,-7.121877669297923,12,12
406,0.5,four_day,alt,0.125,-6.211630511753852,-7.121877669297923,6,12
406,0.5,four_day,sharp,0.8125,-0.949537468390119,-7.121877669297923,6,12
406,0.5,four_day,weak,0.4375,4.025599117881652,-7.121877669297923,6,12
406,0.5,four_day,weak_skew,0.3125,9.401424350918601,-7.121877669297923,6,12
407,0.5,daily,alt,0.6742651469706059,2.196790175633121,-4.4004247526199975,12,12
407,0.5,daily,sharp,0.23415316936612676,3.037436682835581,-4.4004247526199975,12,12
407,0.5,daily,weak,0.041991601679664065,5.433053066826417,-4.4004247526199975,12,12
407,0.5,daily,weak_skew,0.20235952809438112,3.0803045551007915,-4.4004247526199975,12,12
407,0.5,two_day,alt,0.9130859375,1.1265084116763895,-4.4004247526199975,12,12
407,0.5,two_day,sharp,0.70263671875,-1.652921399287924,-4.4004247526199975,12,12
407,0.5,two_day,weak,0.44091796875,-4.166463441680373,-4.4004247526199975,12,12
407,0.5,two_day,weak_skew,0.31591796875,-4.808151426031816,-4.4004247526199975,12,12
407,0.5,four_day,alt,0.84375,-1.4077630225544826,-4.4004247526199975,6,12
407,0.5,four_day,sharp,0.78125,0.7566693143308262,-4.4004247526199975,6,12
407,0.5,four_day,weak,1.0,0.12974261680527258,-4.4004247526199975,6,12
407,0.5,four_day,weak_skew,0.3125,-5.292017277175649,-4.4004247526199975,6,12
408,0.5,daily,alt,0.04319136172765447,-4.640992052770584,-10.012778875180054,12,12
408,0.5,daily,sharp,0.09518096380723855,3.5750863291924695,-10.012778875180054,12,12
408,0.5,daily,weak,0.030193961207758448,6.741454755797616,-10.012778875180054,12,12
408,0.5,daily,weak_skew,0.006998600279944011,4.999939623854561,-10.012778875180054,12,12
408,0.5,two_day,alt,0.01806640625,-9.87518706217613,-10.012778875180054,12,12
408,0.5,two_day,sharp,0.83935546875,0.7242590814115802,-10.012778875180054,12,12
408,0.5,two_day,weak,0.96435546875,0.14016212304536127,-10.012778875180054,12,12
408,0.5,two_day,weak_skew,0.59912109375,-2.321574173411497,-10.012778875180054,12,12
408,0.5,four_day,alt,0.40625,-5.584313603601603,-10.012778875180054,6,12
408,0.5,four_day,sharp,0.65625,2.5694943544911886,-10.012778875180054,6,12
408,0.5,four_day,weak,0.96875,0.3282712969630334,-10.012778875180054,6,12
408,0.5,four_day,weak_skew,0.5,3.9159898010170786,-10.012778875180054,6,12
409,0.5,daily,alt,0.0033993201359728054,-9.104984817043125,-9.302249770220534,12,12
409,0.5,daily,sharp,0.3171365726854629,-1.6829505343259807,-9.302249770220534,12,12
409,0.5,daily,weak,0.789242151569686,0.9252090973265918,-9.302249770220534,12,12
409,0.5,daily,weak_skew,0.22815436912617476,-2.8835341962314156,-9.302249770220534,12,12
409,0.5,two_day,alt,0.0009765625,-14.633028854598585,-9.302249770220534,12,12
409,0.5,two_day,sharp,0.1044921875,-2.9442274852710377,-9.302249770220534,12,12
409,0.5,two_day,weak,0.390625,2.712828690609042,-9.302249770220534,12,12
409,0.5,two_day,weak_skew,0.0078125,-6.8870407336005925,-9.302249770220534,12,12
409,0.5,four_day,alt,0.0625,-7.550894155772244,-9.302249770220534,6,12
409,0.5,four_day,sharp,0.46875,1.7985025218624717,-9.302249770220534,6,12
409,0.5,four_day,weak,0.4375,-3.470408228320943,-9.302249770220534,6,12
409,0.5,four_day,weak_skew,0.46875,2.865103733434894,-9.302249770220534,6,12
410,0.5,daily,alt,0.2793441311737652,-4.519298496420892,-2.494507518531364,12,12
410,0.5,daily,sharp,0.6136772645470906,-1.6358972640545424,-2.494507518531364,12,12
410,0.5,daily,weak,0.0683863227354529,-4.420665456588233,-2.494507518531364,12,12
410,0.5,daily,weak_skew,0.5338932213557288,-2.012435273193827,-2.494507518531364,12,12
410,0.5,two_day,alt,0.7578125,2.145643542829354,-2.494507518531364,12,12
410,0.5,two_day,sharp,0.2236328125,2.9090796472548175,-2.494507518531364,12,12
410,0.5,two_day,weak,0.5849609375,1.3909502955115336,-2.494507518531364,12,12
410,0.5,two_day,weak_skew,0.32763671875,3.6783078464983503,-2.494507518531364,12,12
410,0.5,four_day,alt,0.1875,-11.065062688552095,-2.494507518531364,6,12
410,0.5,four_day,sharp,0.15625,-6.9196666940281455,-2.494507518531364,6,12
410,0.5,four_day,weak,0.34375,-4.0340225294684755,-2.494507518531364,6,12
410,0.5,four_day,weak_skew,0.21875,-8.817859240382962,-2.494507518531364,6,12
411,0.5,daily,alt,0.009198160367926415,-9.371846858106121,-7.556468074523295,12,12
411,0.5,daily,sharp,0.039192161567686463,-4.625233222795801,-7.556468074523295,12,12
411,0.5,daily,weak,0.27554489102179563,-3.260509501455875,-7.556468074523295,12,12
411,0.5,daily,weak_skew,0.001799640071985603,-7.049782492823719,-7.556468074523295,12,12
411,0.5,two_day,alt,0.37451171875,-3.817957043270321,-7.556468074523295,12,12
411,0.5,two_day,sharp,0.7705078125,0.9477331595420354,-7.556468074523295,12,12
411,0.5,two_day,weak,0.673828125,-2.002609564277542,-7.556468074523295,12,12
411,0.5,two_day,weak_skew,0.650390625,2.108850442819373,-7.556468074523295,12,12
411,0.5,four_day,alt,0.90625,-0.729912378903966,-7.556468074523295,6,12
411,0.5,four_day,sharp,0.15625,5.182314413468451,-7.556468074523295,6,12
411,0.5,four_day,weak,0.40625,6.109335575552323,-7.556468074523295,6,12
411,0.5,four_day,weak_skew,0.375,7.688263439069671,-7.556468074523295,6,12
412,0.5,daily,alt,0.10257948410317937,-5.1005931561545905,-8.518479028088379,12,12
412,0.5,daily,sharp,0.25834833033393323,-1.4807152224955071,-8.518479028088379,12,12
412,0.5,daily,weak,0.5820835832833433,-1.0962973002230079,-8.518479028088379,12,12
412,0.5,daily,weak_skew,0.9258148370325935,-0.27753745696288173,-8.518479028088379,12,12
412,0.5,two_day,alt,0.01708984375,-9.614844705692208,-8.518479028088379,12,12
412,0.5,two_day,sharp,0.83837890625,-0.4174876481886418,-8.518479028088379,12,12
412,0.5,two_day,weak,0.9521484375,0.1862174749508565,-8.518479028088379,12,12
412,0.5,two_day,weak_skew,0.37109375,-1.4652657304359238,-8.518479028088379,12,12
412,0.5,four_day,alt,0.21875,-7.519536708349379,-8.518479028088379,6,12
412,0.5,four_day,sharp,0.84375,-0.7641578652863844,-8.518479028088379,6,12
412,0.5,four_day,weak,0.75,-2.0230342832906323,-8.518479028088379,6,12
412,0.5,four_day,weak_skew,0.03125,-8.239053845846575,-8.518479028088379,6,12
413,0.5,daily,alt,0.5526894621075785,-2.540278210540084,-5.329893507683977,12,12
413,0.5,daily,sharp,0.5126974605078984,1.0989447913610217,-5.329893507683977,12,12
413,0.5,daily,weak,0.4251149770045991,-2.0006999412630173,-5.329893507683977,12,12
413,0.5,daily,weak_skew,0.75624875024995,-0.6194197093878788,-5.329893507683977,12,12
413,0.5,two_day,alt,0.150390625,-7.147517760138754,-5.329893507683977,12,12
413,0.5,two_day,sharp,0.5517578125,-1.2701626048532528,-5.329893507683977,12,12
413,0.5,two_day,weak,0.72119140625,-1.2484026127916035,-5.329893507683977,12,12
413,0.5,two_day,weak_skew,0.181640625,-3.3734282098575386,-5.329893507683977,12,12
413,0.5,four_day,alt,0.03125,-17.06920185463883,-5.329893507683977,6,12
413,0.5,four_day,sharp,0.03125,-7.0866969914386315,-5.329893507683977,6,12
413,0.5,four_day,weak,0.125,-6.572142335319417,-5.329893507683977,6,12
413,0.5,four_day,weak_skew,0.09375,-9.332329054105847,-5.329893507683977,6,12
414,0.5,daily,alt,0.0003999200159968006,-12.489197917899238,-8.609473057858601,12,12
414,0.5,daily,sharp,0.10377924415116976,-3.18493710263602,-8.609473057858601,12,12
414,0.5,daily,weak,0.1757648470305939,-3.3066923387295,-8.609473057858601,12,12
414,0.5,daily,weak_skew,0.14617076584683064,-2.311512846950645,-8.609473057858601,12,12
414,0.5,two_day,alt,0.19921875,-7.091961113301266,-8.609473057858601,12,12
414,0.5,two_day,sharp,0.9169921875,-0.2327677057370252,-8.609473057858601,12,12
414,0.5,two_day,weak,0.9765625,-0.07143715199004023,-8.609473057858601,12,12
414,0.5,two_day,weak_skew,0.373046875,3.8076541166572064,-8.609473057858601,12,12
414,0.5,four_day,alt,0.28125,-5.552610107244764,-8.609473057858601,6,12
414,0.5,four_day,sharp,0.875,0.7714020808809122,-8.609473057858601,6,12
414,0.5,four_day,weak,0.84375,-0.8577805522233876,-8.609473057858601,6,12
414,0.5,four_day,weak_skew,0.90625,0.629443208659108,-8.609473057858601,6,12
415,0.5,daily,alt,0.07798440311937613,-6.22105122037303,-10.335832666107486,12,12
415,0.5,daily,sharp,0.6786642671465707,0.9067275275687722,-10.335832666107486,12,12
415,0.5,daily,weak,0.8654269146170765,-0.5640171419246697,-10.335832666107486,12,12
415,0.5,daily,weak_skew,0.7208558288342332,-0.7839136954145628,-10.335832666107486,12,12
415,0.5,two_day,alt,0.00146484375,-11.643984428468391,-10.335832666107486,12,12
415,0.5,two_day,sharp,0.48486328125,-0.9681636387174374,-10.335832666107486,12,12
415,0.5,two_day,weak,0.2119140625,-2.9670667736841936,-10.335832666107486,12,12
415,0.5,two_day,weak_skew,0.04541015625,-4.256506259621181,-10.335832666107486,12,12
415,0.5,four_day,alt,0.0625,-5.872251994773921,-10.335832666107486,6,12
415,0.5,four_day,sharp,0.21875,3.7315582302081722,-10.335832666107486,6,12
415,0.5,four_day,weak,0.4375,-3.53957816325919,-10.335832666107486,6,12
415,0.5,four_day,weak_skew,0.09375,3.829881935598832,-10.335832666107486,6,12
416,0.5,daily,alt,0.0001999600079984003,-9.442683965092161,-9.055234789718327,12,12
416,0.5,daily,sharp,0.244751049790042,-1.1319154685755557,-9.055234789718327,12,12
416,0.5,daily,weak,0.03579284143171366,-4.144009468870926,-9.055234789718327,12,12
416,0.5,daily,weak_skew,0.9576084783043392,0.10309486424472543,-9.055234789718327,12,12
416,0.5,two_day,alt,0.00146484375,-11.43612311392601,-9.055234789718327,12,12
416,0.5,two_day,sharp,0.05810546875,-3.5825062773497653,-9.055234789718327,12,12
416,0.5,two_day,weak,0.5361328125,-1.89805135217003,-9.055234789718327,12,12
416,0.5,two_day,weak_skew,0.01953125,-7.97211652262144,-9.055234789718327,12,12
416,0.5,four_day,alt,0.0625,-10.163323718269902,-9.055234789718327,6,12
416,0.5,four_day,sharp,0.53125,-1.342152710707932,-9.055234789718327,6,12
416,0.5,four_day,weak,0.375,-4.616650760439252,-9.055234789718327,6,12
416,0.5,four_day,weak_skew,1.0,-0.002238267829727173,-9.055234789718327,6,12
417,0.5,daily,alt,0.0009998000399920016,-8.309774529180176,-9.5257541112871,12,12
417,0.5,daily,sharp,0.521495700859828,-1.0803892864714282,-9.5257541112871,12,12
417,0.5,daily,weak,0.520495900819836,-1.4000979559169628,-9.5257541112871,12,12
417,0.5,daily,weak_skew,0.3847230553889222,2.596062777600761,-9.5257541112871,12,12
417,0.5,two_day,alt,0.09326171875,-5.5060214403001995,-9.5257541112871,12,12
417,0.5,two_day,sharp,0.35546875,1.7646459806739518,-9.5257541112871,12,12
417,0.5,two_day,weak,0.8369140625,0.41004974888450896,-9.5257541112871,12,12
417,0.5,two_day,weak_skew,0.81689453125,-0.5524304149008946,-9.5257541112871,12,12
417,0.5,four_day,alt,0.03125,-9.568119404778928,-9.5257541112871,6,12
417,0.5,four_day,sharp,0.75,0.7073996359952067,-9.5257541112871,6,12
417,0.5,four_day,weak,0.53125,-2.3073275492883867,-9.5257541112871,6,12
417,0.5,four_day,weak_skew,0.34375,6.456470564969023,-9.5257541112871,6,12
418,0.5,daily,alt,0.14637072585482905,-3.862451745168317,-5.617926171700674,12,12
418,0.5,daily,sharp,0.5020995800839833,-1.4160831590129093,-5.617926171700674,12,12
418,0.5,daily,weak,0.6150769846030794,-1.5889114192155944,-5.617926171700674,12,12
418,0.5,daily,weak_skew,0.5892821435712857,-1.4795599752700805,-5.617926171700674,12,12
418,0.5,two_day,alt,0.1015625,-7.15345948455522,-5.617926171700674,12,12
418,0.5,two_day,sharp,0.9228515625,-0.31569104521613056,-5.617926171700674,12,12
418,0.5,two_day,weak,0.1435546875,5.376923451604441,-5.617926171700674,12,12
418,0.5,two_day,weak_skew,0.9443359375,0.24994525623443783,-5.617926171700674,12,12
418,0.5,four_day,alt,0.0625,-5.259052250121278,-5.617926171700674,6,12
418,0.5,four_day,sharp,0.375,1.029863031805456,-5.617926171700674,6,12
418,0.5,four_day,weak,0.5625,2.616956668851794,-5.617926171700674,6,12
418,0.5,four_day,weak_skew,0.875,-0.5718560793553648,-5.617926171700674,6,12
419,0.5,daily,alt,0.597880423915217,-1.960799310109568,-7.503456363982849,12,12
419,0.5,daily,sharp,0.3967206558688262,1.7248775784317043,-7.503456363982849,12,12
419,0.5,daily,weak,0.4869026194761048,2.2212065209731846,-7.503456363982849,12,12
419,0.5,daily,weak_skew,0.3635272945410918,2.8871663474350746,-7.503456363982849,12,12
419,0.5,two_day,alt,0.02587890625,-8.123952483553142,-7.503456363982849,12,12
419,0.5,two_day,sharp,0.4091796875,-1.6105038983296467,-7.503456363982849,12,12
419,0.5,two_day,weak,0.7919921875,0.9141576446706304,-7.503456363982849,12,12
419,0.5,two_day,weak_skew,0.46240234375,-2.0121546912221677,-7.503456363982849,12,12
419,0.5,four_day,alt,0.9375,-0.3729123207341682,-7.503456363982849,6,12
419,0.5,four_day,sharp,0.1875,4.8905268690099275,-7.503456363982849,6,12
419,0.5,four_day,weak,0.25,4.9415229786136265,-7.503456363982849,6,12
419,0.5,four_day,weak_skew,0.0625,26.5358261447079,-7.503456363982849,6,12
420,0.5,daily,alt,0.029994001199760048,-6.811834347843444,-7.441569934111101,12,12
420,0.5,daily,sharp,0.607878424315137,-1.1280218823922887,-7.441569934111101,12,12
420,0.5,daily,weak,0.622875424915017,1.33953133089992,-7.441569934111101,12,12
420,0.5,daily,weak_skew,0.6534693061387723,-1.3394378316288005,-7.441569934111101,12,12
420,0.5,two_day,alt,0.0302734375,-6.990632213884587,-7.441569934111101,12,12
420,0.5,two_day,sharp,0.64990234375,0.9899868143636686,-7.441569934111101,12,12
420,0.5,two_day,weak,0.98486328125,-0.06675393044079965,-7.441569934111101,12,12
420,0.5,two_day,weak_skew,0.8681640625,0.5062614469588388,-7.441569934111101,12,12
420,0.5,four_day,alt,0.03125,-12.654160593060709,-7.441569934111101,6,12
420,0.5,four_day,sharp,0.125,-2.688309381026707,-7.441569934111101,6,12
420,0.5,four_day,weak,0.84375,0.7106129168550576,-7.441569934111101,6,12
420,0.5,four_day,weak_skew,0.09375,-5.162124738459455,-7.441569934111101,6,12
421,0.5,daily,alt,0.0061987602479504095,-8.069361616356032,-6.9555488821362985,12,12
421,0.5,daily,sharp,0.27854429114177165,-2.7057761878863236,-6.9555488821362985,12,12
421,0.5,daily,weak,0.21395720855828834,-4.290653700492815,-6.9555488821362985,12,12
421,0.5,daily,weak_skew,0.2819436112777445,-2.906411892144862,-6.9555488821362985,12,12
421,0.5,two_day,alt,0.64599609375,-1.7830388878837553,-6.9555488821362985,12,12
421,0.5,two_day,sharp,0.18896484375,3.7456926428972217,-6.9555488821362985,12,12
421,0.5,two_day,weak,0.345703125,3.7547305912370237,-6.9555488821362985,12,12
421,0.5,two_day,weak_skew,0.32275390625,2.44165538074437,-6.9555488821362985,12,12
421,0.5,four_day,alt,0.03125,-13.493123026561307,-6.9555488821362985,6,12
421,0.5,four_day,sharp,0.09375,-5.780459808526555,-6.9555488821362985,6,12
421,0.5,four_day,weak,0.625,2.8686995187976336,-6.9555488821362985,6,12
421,0.5,four_day,weak_skew,0.75,-1.181545394361174,-6.9555488821362985,6,12
422,0.5,daily,alt,0.006798640271945611,-8.479700279894972,-9.862844007245698,12,12
422,0.5,daily,sharp,0.9442111577684463,-0.1799259936526584,-9.862844007245698,12,12
422,0.5,daily,weak,0.6192761447710458,-0.9790909550782363,-9.862844007245698,12,12
422,0.5,daily,weak_skew,0.524495100979804,-1.717788082965359,-9.862844007245698,12,12
422,0.5,two_day,alt,0.00634765625,-10.925364578858735,-9.862844007245698,12,12
422,0.5,two_day,sharp,0.978515625,-0.13081043680296509,-9.862844007245698,12,12
422,0.5,two_day,weak,0.9501953125,-0.25230783764447057,-9.862844007245698,12,12
422,0.5,two_day,weak_skew,0.556640625,4.332308455643528,-9.862844007245698,12,12
422,0.5,four_day,alt,0.34375,-5.9482811528513,-9.862844007245698,6,12
422,0.5,four_day,sharp,0.5,3.956929250774619,-9.862844007245698,6,12
422,0.5,four_day,weak,0.59375,4.6935981012571375,-9.862844007245698,6,12
422,0.5,four_day,weak_skew,0.25,4.448039984737908,-9.862844007245698,6,12
423,0.5,daily,alt,0.22075584883023394,-4.605749046231316,-6.364571753390635,12,12
423,0.5,daily,sharp,0.9154169166166767,-0.2988301221727318,-6.364571753390635,12,12
423,0.5,daily,weak,0.551489702059588,-1.182898449214851,-6.364571753390635,12,12
423,0.5,daily,weak_skew,0.8782243551289742,-0.4838296094141512,-6.364571753390635,12,12
423,0.5,two_day,alt,0.43603515625,-4.0342802548980705,-6.364571753390635,12,12
423,0.5,two_day,sharp,0.2685546875,3.264698866694838,-6.364571753390635,12,12
423,0.5,two_day,weak,0.01220703125,9.009725806644251,-6.364571753390635,12,12
423,0.5,two_day,weak_skew,0.482421875,2.6894647043614532,-6.364571753390635,12,12
423,0.5,four_day,alt,0.96875,0.30336998696957335,-6.364571753390635,6,12
423,0.5,four_day,sharp,0.25,4.258522001321392,-6.364571753390635,6,12
423,0.5,four_day,weak,0.4375,4.694394305753892,-6.364571753390635,6,12
423,0.5,four_day,weak_skew,0.625,3.3750091761371457,-6.364571753390635,6,12
424,0.5,daily,alt,0.029994001199760048,-6.454991381759136,-4.97329119904564,12,12
424,0.5,daily,sharp,0.29874025194961007,-1.3363219569677742,-4.97329119904564,12,12
424,0.5,daily,weak,0.9588082383523295,0.12191182890598166,-4.97329119904564,12,12
424,0.5,daily,weak_skew,0.5718856228754249,-1.9660334662280186,-4.97329119904564,12,12
424,0.5,two_day,alt,0.0595703125,-6.385130032135533,-4.97329119904564,12,12
424,0.5,two_day,sharp,0.70947265625,-1.043888383611564,-4.97329119904564,12,12
424,0.5,two_day,weak,0.31201171875,-4.469112373080067,-4.97329119904564,12,12
424,0.5,two_day,weak_skew,0.9326171875,-0.42471963168884486,-4.97329119904564,12,12
424,0.5,four_day,alt,0.1875,-8.24466016699824,-4.97329119904564,6,12
424,0.5,four_day,sharp,0.5,-2.095360243065207,-4.97329119904564,6,12
424,0.5,four_day,weak,0.125,-8.565657715909444,-4.97329119904564,6,12
424,0.5,four_day,weak_skew,0.28125,-5.226909888026082,-4.97329119904564,6,12
425,0.5,daily,alt,0.02979404119176165,-4.591891432563798,-6.768667320750112,12,12
425,0.5,daily,sharp,0.5696860627874425,0.7883486771321072,-6.768667320750112,12,12
425,0.5,daily,weak,0.9422115576884623,0.16246681286101428,-6.768667320750112,12,12
425,0.5,daily,weak_skew,0.6670665866826635,-0.7098616246718953,-6.768667320750112,12,12
425,0.5,two_day,alt,0.287109375,-2.971664401500911,-6.768667320750112,12,12
425,0.5,two_day,sharp,0.99267578125,-0.01802921995459587,-6.768667320750112,12,12
425,0.5,two_day,weak,0.341796875,-4.593214687960492,-6.768667320750112,12,12
425,0.5,two_day,weak_skew,0.2529296875,5.80836191372503,-6.768667320750112,12,12
425,0.5,four_day,alt,0.9375,-0.4500639084617018,-6.768667320750112,6,12
425,0.5,four_day,sharp,0.09375,3.6075421061252357,-6.768667320750112,6,12
425,0.5,four_day,weak,0.1875,5.362999773013338,-6.768667320750112,6,12
425,0.5,four_day,weak_skew,0.53125,2.109611203967533,-6.768667320750112,6,12
426,0.5,daily,alt,0.17716456708658268,-5.011616709619113,-8.174226202486075,12,12
426,0.5,daily,sharp,0.7156568686262748,1.2324992398331684,-8.174226202486075,12,12
426,0.5,daily,weak,0.9988002399520096,0.005883715755634474,-8.174226202486075,12,12
426,0.5,daily,weak_skew,0.8136372725454909,1.0204048123435328,-8.174226202486075,12,12
426,0.5,two_day,alt,0.38134765625,-3.8087009395357527,-8.174226202486075,12,12
426,0.5,two_day,sharp,0.45068359375,3.0007330656225233,-8.174226202486075,12,12
426,0.5,two_day,weak,0.95361328125,0.27988193658061417,-8.174226202486075,12,12
426,0.5,two_day,weak_skew,0.20703125,7.0815903136307865,-8.174226202486075,12,12
426,0.5,four_day,alt,0.03125,-7.973728114508726,-8.174226202486075,6,12
426,0.5,four_day,sharp,1.0,-0.011665482300383445,-8.174226202486075,6,12
426,0.5,four_day,weak,0.84375,0.6021871604113684,-8.174226202486075,6,12
426,0.5,four_day,weak_skew,0.28125,5.006459033682493,-8.174226202486075,6,12
427,0.5,daily,alt,0.011397720455908818,-10.294679641508283,-8.238877061866809,12,12
427,0.5,daily,sharp,0.3165366926614677,-2.9133004849369204,-8.238877061866809,12,12
427,0.5,daily,weak,0.3187362527494501,-2.40373041320368,-8.238877061866809,12,12
427,0.5,daily,weak_skew,0.0629874025194961,-5.686321163715359,-8.238877061866809,12,12
427,0.5,two_day,alt,0.00244140625,-11.267097953110792,-8.238877061866809,12,12
427,0.5,two_day,sharp,0.60986328125,-1.3458634242540424,-8.238877061866809,12,12
427,0.5,two_day,weak,0.3193359375,-3.618004583129432,-8.238877061866809,12,12
427,0.5,two_day,weak_skew,0.28271484375,-3.14247617413302,-8.238877061866809,12,12
427,0.5,four_day,alt,0.34375,-3.5474832085750627,-8.238877061866809,6,12
427,0.5,four_day,sharp,0.03125,4.578571830068641,-8.238877061866809,6,12
427,0.5,four_day,weak,0.28125,7.163957936031583,-8.238877061866809,6,12
427,0.5,four_day,weak_skew,0.0625,10.98327342141213,-8.238877061866809,6,12
428,0.5,daily,alt,0.376124775044991,-5.870889324513686,-11.011322743980372,12,12
428,0.5,daily,sharp,0.8010397920415917,1.71236964800305,-11.011322743980372,12,12
428,0.5,daily,weak,0.17596480703859227,8.234413653699413,-11.011322743980372,12,12
428,0.5,daily,weak_skew,0.29514097180563886,5.128698412763608,-11.011322743980372,12,12
428,0.5,two_day,alt,0.01513671875,-14.123781025908963,-11.011322743980372,12,12
428,0.5,two_day,sharp,0.62841796875,-3.8612872868239294,-11.011322743980372,12,12
428,0.5,two_day,weak,0.828125,-2.854276518893498,-11.011322743980372,12,12
428,0.5,two_day,weak_skew,0.81396484375,1.6219665601289222,-11.011322743980372,12,12
428,0.5,four_day,alt,0.78125,-1.8537515075815456,-11.011322743980372,6,12
428,0.5,four_day,sharp,0.03125,8.327551560792601,-11.011322743980372,6,12
428,0.5,four_day,weak,0.0625,12.435000123138963,-11.011322743980372,6,12
428,0.5,four_day,weak_skew,0.09375,4.95036809618816,-11.011322743980372,6,12
429,0.5,daily,alt,0.20515896820635873,-5.428505566586814,-7.664977917431926,12,12
429,0.5,daily,sharp,0.4793041391721656,-1.4164329733535332,-7.664977917431926,12,12
429,0.5,daily,weak,0.6964607078584283,1.2490321925317212,-7.664977917431926,12,12
429,0.5,daily,weak_skew,0.09938012397520496,-3.165046463293437,-7.664977917431926,12,12
429,0.5,two_day,alt,0.18798828125,-6.1070606740933,-7.664977917431926,12,12
429,0.5,two_day,sharp,0.716796875,-0.8692990558641007,-7.664977917431926,12,12
429,0.5,two_day,weak,0.9228515625,-0.5033695454926038,-7.664977917431926,12,12
429,0.5,two_day,weak_skew,0.44873046875,-1.6295489625811814,-7.664977917431926,12,12
429,0.5,four_day,alt,0.0625,-6.1690392571709,-7.664977917431926,6,12
429,0.5,four_day,sharp,0.21875,2.2320231742054424,-7.664977917431926,6,12
429,0.5,four_day,weak,0.09375,5.146280002915629,-7.664977917431926,6,12
429,0.5,four_day,weak_skew,0.84375,-0.30765845612134274,-7.664977917431926,6,12
430,0.5,daily,alt,0.17776444711057787,-5.768043209309724,-7.752169219456803,12,12
430,0.5,daily,sharp,0.9596080783843232,-0.10509974599636844,-7.752169219456803,12,12
430,0.5,daily,weak,0.5262947410517896,-2.273099648038846,-7.752169219456803,12,12
430,0.5,daily,weak_skew,0.16436712657468505,-3.5119409344915233,-7.752169219456803,12,12
430,0.5,two_day,alt,0.0166015625,-5.855754253914694,-7.752169219456803,12,12
430,0.5,two_day,sharp,0.40966796875,1.668540048277474,-7.752169219456803,12,12
430,0.5,two_day,weak,0.734375,1.1347238716270418,-7.752169219456803,12,12
430,0.5,two_day,weak_skew,0.18505859375,3.6650648216724355,-7.752169219456803,12,12
430,0.5,four_day,alt,0.09375,-8.339084765701124,-7.752169219456803,6,12
430,0.5,four_day,sharp,0.84375,-1.1664735901533614,-7.752169219456803,6,12
430,0.5,four_day,weak,0.4375,-3.3147969803805992,-7.752169219456803,6,12
430,0.5,four_day,weak_skew,0.46875,2.8816067706609396,-7.752169219456803,6,12
431,0.5,daily,alt,0.014197160567886422,-9.533994901707109,-7.938915385498937,12,12
431,0.5,daily,sharp,0.20875824835032994,-3.1687267363695892,-7.938915385498937,12,12
431,0.5,daily,weak,0.14677064587082583,-4.304111996331052,-7.938915385498937,12,12
431,0.5,daily,weak_skew,0.7364527094581084,-1.473360422858028,-7.938915385498937,12,12
431,0.5,two_day,alt,0.0078125,-11.596593911153247,-7.938915385498937,12,12
431,0.5,two_day,sharp,0.34033203125,-2.7618033484145843,-7.938915385498937,12,12
431,0.5,two_day,weak,0.1416015625,-4.246820400481527,-7.938915385498937,12,12
431,0.5,two_day,weak_skew,0.1826171875,-4.287784713403874,-7.938915385498937,12,12
431,0.5,four_day,alt,0.09375,-9.124069398142973,-7.938915385498937,6,12
431,0.5,four_day,sharp,0.96875,-0.36628869576640594,-7.938915385498937,6,12
431,0.5,four_day,weak,0.46875,5.369690185070645,-7.938915385498937,6,12
431,0.5,four_day,weak_skew,0.53125,-4.371813949391789,-7.938915385498937,6,12
432,0.5,daily,alt,0.09518096380723855,-5.841188108613255,-8.72919086065069,12,12
432,0.5,daily,sharp,0.45990801839632073,2.2750272684957014,-8.72919086065069,12,12
432,0.5,daily,weak,0.3297340531893621,3.5677812398770197,-8.72919086065069,12,12
432,0.5,daily,weak_skew,0.7706458708258348,0.9509820539071056,-8.72919086065069,12,12
432,0.5,two_day,alt,0.17529296875,-4.858194685371751,-8.72919086065069,12,12
432,0.5,two_day,sharp,0.28125,3.79519098247464,-8.72919086065069,12,12
432,0.5,two_day,weak,0.0478515625,7.5494673039212055,-8.72919086065069,12,12
432,0.5,two_day,weak_skew,0.36083984375,3.3505201746326776,-8.72919086065069,12,12
432,0.5,four_day,alt,0.125,-9.605543221321318,-8.72919086065069,6,12
432,0.5,four_day,sharp,0.71875,-1.7800098033075098,-8.72919086065069,6,12
432,0.5,four_day,weak,0.65625,-4.01482505334065,-8.72919086065069,6,12
432,0.5,four_day,weak_skew,0.90625,-0.394906908774279,-8.72919086065069,6,12
433,0.5,daily,alt,0.0003999200159968006,-8.75389269203314,-7.353055127752093,12,12
433,0.5,daily,sharp,0.6096780643871226,-0.5612233714653835,-7.353055127752093,12,12
433,0.5,daily,weak,0.752249550089982,-0.7999300751310733,-7.353055127752093,12,12
433,0.5,daily,weak_skew,0.5222955408918216,-0.806204108621524,-7.353055127752093,12,12
433,0.5,two_day,alt,0.02734375,-8.858669868185345,-7.353055127752093,12,12
433,0.5,two_day,sharp,0.8076171875,0.43481433707117745,-7.353055127752093,12,12
433,0.5,two_day,weak,0.34521484375,-1.778237000774439,-7.353055127752093,12,12
433,0.5,two_day,weak_skew,0.6513671875,-1.0029301247102531,-7.353055127752093,12,12
433,0.5,four_day,alt,0.34375,-5.999062667475115,-7.353055127752093,6,12
433,0.5,four_day,sharp,0.4375,2.1627420628012026,-7.353055127752093,6,12
433,0.5,four_day,weak,0.9375,-0.3491208360605711,-7.353055127752093,6,12
433,0.5,four_day,weak_skew,0.84375,3.048048923752416,-7.353055127752093,6,12
434,0.5,daily,alt,0.022595480903819236,-3.7420582876830757,-4.248648077962095,12,12
434,0.5,daily,sharp,0.6980603879224155,0.4749461948974159,-4.248648077962095,12,12
434,0.5,daily,weak,0.4081183763247351,1.9180338669087813,-4.248648077962095,12,12
434,0.5,daily,weak_skew,0.030193961207758448,-3.9756839828394614,-4.248648077962095,12,12
434,0.5,two_day,alt,0.16845703125,-6.0904720497938705,-4.248648077962095,12,12
434,0.5,two_day,sharp,0.42236328125,-1.9315055600775217,-4.248648077962095,12,12
434,0.5,two_day,weak,0.27587890625,-4.747783131525919,-4.248648077962095,12,12
434,0.5,two_day,weak_skew,0.396484375,-2.221079377272232,-4.248648077962095,12,12
434,0.5,four_day,alt,0.25,-5.7077309356365555,-4.248648077962095,6,12
434,0.5,four_day,sharp,0.84375,-0.5681172419028281,-4.248648077962095,6,12
434,0.5,four_day,weak,0.125,4.752254477852193,-4.248648077962095,6,12
434,0.5,four_day,weak_skew,0.09375,-6.277469230475089,-4.248648077962095,6,12
435,0.5,daily,alt,0.007198560287942412,-10.351336666157296,-9.786114887326974,12,12
435,0.5,daily,sharp,0.7560487902419516,-0.8751671015956024,-9.786114887326974,12,12
435,0.5,daily,weak,0.937612477504499,-0.2834196054793736,-9.786114887326974,12,12
435,0.5,daily,weak_skew,0.9958008398320336,-0.02974590646216768,-9.786114887326974,12,12
435,0.5,two_day,alt,0.01513671875,-14.628141706624376,-9.786114887326974,12,12
435,0.5,two_day,sharp,0.26025390625,-4.72346430201018,-9.786114887326974,12,12
435,0.5,two_day,weak,0.18408203125,-5.203666971903563,-9.786114887326974,12,12
435,0.5,two_day,weak_skew,0.89892578125,1.164728116248251,-9.786114887326974,12,12
435,0.5,four_day,alt,0.09375,-13.613070691741855,-9.786114887326974,6,12
435,0.5,four_day,sharp,0.46875,-4.126991825692215,-9.786114887326974,6,12
435,0.5,four_day,weak,0.3125,-5.678519307605183,-9.786114887326974,6,12
435,0.5,four_day,weak_skew,0.90625,1.2651436569293668,-9.786114887326974,6,12
436,0.5,daily,alt,0.1285742851429714,-4.829632732366028,-5.868542541151136,12,12
436,0.5,daily,sharp,0.5066986602679464,-1.13708499191657,-5.868542541151136,12,12
436,0.5,daily,weak,0.9412117576484703,-0.2139657205277222,-5.868542541151136,12,12
436,0.5,daily,weak_skew,0.8560287942411517,-0.4593937799041831,-5.868542541151136,12,12
436,0.5,two_day,alt,0.0107421875,-8.179548606702882,-5.868542541151136,12,12
436,0.5,two_day,sharp,0.99658203125,-0.00916236967850459,-5.868542541151136,12,12
436,0.5,two_day,weak,0.7783203125,-1.14810399682138,-5.868542541151136,12,12
436,0.5,two_day,weak_skew,0.9150390625,0.4372203110092781,-5.868542541151136,12,12
436,0.5,four_day,alt,0.375,-4.211787938499362,-5.868542541151136,6,12
436,0.5,four_day,sharp,0.8125,0.280785696093974,-5.868542541151136,6,12
436,0.5,four_day,weak,0.96875,-0.056521569195538746,-5.868542541151136,6,12
436,0.5,four_day,weak_skew,0.0625,-4.8259833253123245,-5.868542541151136,6,12
437,0.5,daily,alt,0.006998600279944011,-8.770034783438792,-11.714060634774384,12,12
437,0.5,daily,sharp,0.9936012797440512,0.013503678135365385,-11.714060634774384,12,12
437,0.5,daily,weak,0.8698260347930414,-0.6330232910688777,-11.714060634774384,12,12
437,0.5,daily,weak_skew,0.6280743851229754,-1.037481041529772,-11.714060634774384,12,12
437,0.5,two_day,alt,0.00146484375,-13.055311106684286,-11.714060634774384,12,12
437,0.5,two_day,sharp,0.55908203125,-1.8358210426698556,-11.714060634774384,12,12
437,0.5,two_day,weak,0.97412109375,-0.08822890718633107,-11.714060634774384,12,12
437,0.5,two_day,weak_skew,0.5048828125,-2.2373553355196223,-11.714060634774384,12,12
437,0.5,four_day,alt,0.03125,-12.63409411428948,-11.714060634774384,6,12
437,0.5,four_day,sharp,0.3125,-3.2873834137877047,-11.714060634774384,6,12
437,0.5,four_day,weak,0.84375,-0.3613894908785724,-11.714060634774384,6,12
437,0.5,four_day,weak_skew,0.4375,-3.080711352310503,-11.714060634774384,6,12
438,0.5,daily,alt,0.07718456308738253,-6.970931271256037,-9.02716288790296,12,12
438,0.5,daily,sharp,0.8908218356328734,0.206943655446907,-9.02716288790296,12,12
438,0.5,daily,weak,0.7774445110977805,-0.974282909148633,-9.02716288790296,12,12
438,0.5,daily,weak_skew,0.5774845030993802,-1.025851492200826,-9.02716288790296,12,12
438,0.5,two_day,alt,0.0068359375,-11.032047510310894,-9.02716288790296,12,12
438,0.5,two_day,sharp,0.56689453125,-1.1682780254345513,-9.02716288790296,12,12
438,0.5,two_day,weak,0.384765625,-2.142387259075171,-9.02716288790296,12,12
438,0.5,two_day,weak_skew,0.2900390625,-3.1121801633596298,-9.02716288790296,12,12
438,0.5,four_day,alt,0.625,-3.173319682496642,-9.02716288790296,6,12
438,0.5,four_day,sharp,0.375,3.299587222717404,-9.02716288790296,6,12
438,0.5,four_day,weak,1.0,-0.0895429658121903,-9.02716288790296,6,12
438,0.5,four_day,weak_skew,0.90625,0.23552379887635647,-9.02716288790296,6,12
439,0.5,daily,alt,0.007198560287942412,-6.002160864810814,-6.680142313366318,12,12
439,0.5,daily,sharp,0.8910217956408718,0.24966005428020152,-6.680142313366318,12,12
439,0.5,daily,weak,0.8232353529294141,-0.5527458002313956,-6.680142313366318,12,12
439,0.5,daily,weak_skew,0.7214557088582284,1.8219483498359483,-6.680142313366318,12,12
439,0.5,two_day,alt,0.427734375,-4.354369445382102,-6.680142313366318,12,12
439,0.5,two_day,sharp,0.8193359375,0.606997738378975,-6.680142313366318,12,12
439,0.5,two_day,weak,0.8544921875,0.6162402941898998,-6.680142313366318,12,12
439,0.5,two_day,weak_skew,0.08251953125,5.504034970664503,-6.680142313366318,12,12
439,0.5,four_day,alt,0.09375,-7.913403761227056,-6.680142313366318,6,12
439,0.5,four_day,sharp,0.59375,-1.4796965335325112,-6.680142313366318,6,12
439,0.5,four_day,weak,0.53125,4.218915534697,-6.680142313366318,6,12
439,0.5,four_day,weak_skew,0.5,-3.6734224444584718,-6.680142313366318,6,12
440,0.5,daily,alt,0.0015996800639872025,-9.155067983360551,-7.414925995602346,12,12
440,0.5,daily,sharp,0.6846630673865227,-1.4439247458263218,-7.414925995602346,12,12
440,0.5,daily,weak,0.5686862627474505,-2.7020184617237217,-7.414925995602346,12,12
440,0.5,daily,weak_skew,0.6236752649470106,2.3363421784792973,-7.414925995602346,12,12
440,0.5,two_day,alt,0.01806640625,-8.573107739968805,-7.414925995602346,12,12
440,0.5,two_day,sharp,0.81396484375,-0.7790120709834086,-7.414925995602346,12,12
440,0.5,two_day,weak,0.650390625,1.4809033186374208,-7.414925995602346,12,12
440,0.5,two_day,weak_skew,0.8994140625,-0.5745733545158883,-7.414925995602346,12,12
440,0.5,four_day,alt,0.125,-7.226767769441736,-7.414925995602346,6,12
440,0.5,four_day,sharp,0.96875,-0.7645697573120245,-7.414925995602346,6,12
440,0.5,four_day,weak,0.21875,-7.608140867744562,-7.414925995602346,6,12
440,0.5,four_day,weak_skew,0.6875,3.940584838934948,-7.414925995602346,6,12
441,0.5,daily,alt,0.0007998400319936012,-11.309389055005232,-8.234897512075321,12,12
441,0.5,daily,sharp,0.05798840231953609,-2.969163887947939,-8.234897512075321,12,12
441,0.5,daily,weak,0.05558888222355529,-4.252132911922142,-8.234897512075321,12,12
441,0.5,daily,weak_skew,0.021195760847830435,-4.248137680617753,-8.234897512075321,12,12
441,0.5,two_day,alt,0.00048828125,-13.527919699539666,-8.234897512075321,12,12
441,0.5,two_day,sharp,0.0234375,-4.5467750137814065,-8.234897512075321,12,12
441,0.5,two_day,weak,0.1728515625,-2.7381626332706746,-8.234897512075321,12,12
441,0.5,two_day,weak_skew,0.033203125,-5.74776773938612,-8.234897512075321,12,12
441,0.5,four_day,alt,0.03125,-10.275444146518778,-8.234897512075321,6,12
441,0.5,four_day,sharp,0.25,-2.0066926730705674,-8.234897512075321,6,12
441,0.5,four_day,weak,0.375,-4.171195191273306,-8.234897512075321,6,12
441,0.5,four_day,weak_skew,0.0625,-5.806120443895119,-8.234897512075321,6,12
442,0.5,daily,alt,0.11937612477504499,-5.509512875880989,-7.503822923326425,12,12
442,0.5,daily,sharp,0.7576484703059388,0.7571915445705564,-7.503822923326425,12,12
442,0.5,daily,weak,0.3809238152369526,-2.7750143207836313,-7.503822923326425,12,12
442,0.5,daily,weak_skew,0.6514697060587883,-1.4364018216453924,-7.503822923326425,12,12
442,0.5,two_day,alt,0.0205078125,-8.964322060654776,-7.503822923326425,12,12
442,0.5,two_day,sharp,0.5849609375,-1.3576219488336168,-7.503822923326425,12,12
442,0.5,two_day,weak,0.80908203125,0.9585214281373767,-7.503822923326425,12,12
442,0.5,two_day,weak_skew,0.8427734375,0.8697560397416417,-7.503822923326425,12,12
442,0.5,four_day,alt,0.03125,-21.23053418735568,-7.503822923326425,6,12
442,0.5,four_day,sharp,0.0625,-10.886001083971138,-7.503822923326425,6,12
442,0.5,four_day,weak,0.3125,-7.318919556842379,-7.503822923326425,6,12
442,0.5,four_day,weak_skew,0.0625,-12.237264228287282,-7.503822923326425,6,12
443,0.5,daily,alt,0.0003999200159968006,-16.802956911228296,-10.454267373694677,12,12
443,0.5,daily,sharp,0.03259348130373925,-6.75176103153451,-10.454267373694677,12,12
443,0.5,daily,weak,0.049590081983603276,-8.081363338476477,-10.454267373694677,12,12
443,0.5,daily,weak_skew,0.018196360727854428,-9.1248992033202,-10.454267373694677,12,12
443,0.5,two_day,alt,0.0263671875,-11.563643938514815,-10.454267373694677,12,12
443,0.5,two_day,sharp,0.97314453125,0.20735089487046446,-10.454267373694677,12,12
443,0.5,two_day,weak,0.42626953125,4.693933761231075,-10.454267373694677,12,12
443,0.5,two_day,weak_skew,0.57421875,-3.4420019335591747,-10.454267373694677,12,12
443,0.5,four_day,alt,0.75,-2.66011191590882,-10.454267373694677,6,12
443,0.5,four_day,sharp,0.28125,8.687247437578879,-10.454267373694677,6,12
443,0.5,four_day,weak,0.5,6.1069487308421095,-10.454267373694677,6,12
443,0.5,four_day,weak_skew,0.375,7.241134210691876,-10.454267373694677,6,12
444,0.5,daily,alt,0.0001999600079984003,-12.243018355216643,-10.344697861272557,12,12
444,0.5,daily,sharp,0.08738252349530094,-2.864055400135022,-10.344697861272557,12,12
444,0.5,daily,weak,0.3169366126774645,-2.057613014796782,-10.344697861272557,12,12
444,0.5,daily,weak_skew,0.04899020195960808,-4.081559852158887,-10.344697861272557,12,12
444,0.5,two_day,alt,0.01220703125,-8.976442403671543,-10.344697861272557,12,12
444,0.5,two_day,sharp,0.984375,0.038623494241793566,-10.344697861272557,12,12
444,0.5,two_day,weak,0.0322265625,7.409470899728485,-10.344697861272557,12,12
444,0.5,two_day,weak_skew,0.98046875,0.10576969222233856,-10.344697861272557,12,12
444,0.5,four_day,alt,0.03125,-10.78359768727485,-10.344697861272557,6,12
444,0.5,four_day,sharp,1.0,0.016899439736381083,-10.344697861272557,6,12
444,0.5,four_day,weak,0.4375,-3.752104148091192,-10.344697861272557,6,12
444,0.5,four_day,weak_skew,0.8125,1.2399533342811644,-10.344697861272557,6,12
445,0.5,daily,alt,0.0011997600479904018,-7.792240277879139,-9.67542104774207,12,12
445,0.5,daily,sharp,0.1249750049990002,-1.6178089363154544,-9.67542104774207,12,12
445,0.5,daily,weak,0.20275944811037794,-3.2358934613714343,-9.67542104774207,12,12
445,0.5,daily,weak_skew,0.34233153369326136,-1.6362357834767671,-9.67542104774207,12,12
445,0.5,two_day,alt,0.03271484375,-9.627138007026963,-9.67542104774207,12,12
445,0.5,two_day,sharp,0.6474609375,-1.121898993742499,-9.67542104774207,12,12
445,0.5,two_day,weak,0.970703125,0.17132869442941376,-9.67542104774207,12,12
445,0.5,two_day,weak_skew,0.97314453125,0.10681586092619295,-9.67542104774207,12,12
445,0.5,four_day,alt,0.125,-5.6111856544481595,-9.67542104774207,6,12
445,0.5,four_day,sharp,0.3125,2.4302221326868136,-9.67542104774207,6,12
445,0.5,four_day,weak,0.65625,1.48351872754487,-9.67542104774207,6,12
445,0.5,four_day,weak_skew,0.34375,3.4837954171427206,-9.67542104774207,6,12
446,0.5,daily,alt,0.11597680463907219,-4.033202657510652,-5.982732921610584,12,12
446,0.5,daily,sharp,0.8760247950409918,-0.2761404469784849,-5.982732921610584,12,12
446,0.5,daily,weak,0.7670465906818636,0.6541052391857018,-5.982732921610584,12,12
446,0.5,daily,weak_skew,0.854629074185163,-0.5158391096293252,-5.982732921610584,12,12
446,0.5,two_day,alt,0.00244140625,-12.531664067916347,-5.982732921610584,12,12
446,0.5,two_day,sharp,0.08935546875,-4.860740175167309,-5.982732921610584,12,12
446,0.5,two_day,weak,0.3076171875,-3.553654073822494,-5.982732921610584,12,12
446,0.5,two_day,weak_skew,0.5859375,-3.003121309447341,-5.982732921610584,12,12
446,0.5,four_day,alt,0.0625,-10.670879929573195,-5.982732921610584,6,12
446,0.5,four_day,sharp,0.5,-2.631342419112922,-5.982732921610584,6,12
446,0.5,four_day,weak,0.15625,-11.46974949178262,-5.982732921610584,6,12
446,0.5,four_day,weak_skew,0.90625,-1.1078446394050623,-5.982732921610584,6,12
447,0.5,daily,alt,0.5790841831633673,-1.9988917433475926,-7.754875061142158,12,12
447,0.5,daily,sharp,0.29514097180563886,2.0461332491744098,-7.754875061142158,12,12
447,0.5,daily,weak,0.55248950209958,1.983624171946099,-7.754875061142158,12,12
447,0.5,daily,weak_skew,0.1245750849830034,3.6367762150438345,-7.754875061142158,12,12
447,0.5,two_day,alt,0.056640625,-7.563180015315304,-7.754875061142158,12,12
447,0.5,two_day,sharp,0.94384765625,-0.19405307333110736,-7.754875061142158,12,12
447,0.5,two_day,weak,0.662109375,-1.928236404415852,-7.754875061142158,12,12
447,0.5,two_day,weak_skew,0.77734375,1.0637362955010374,-7.754875061142158,12,12
447,0.5,four_day,alt,0.28125,-6.570282365261739,-7.754875061142158,6,12
447,0.5,four_day,sharp,0.65625,1.4317929245101328,-7.754875061142158,6,12
447,0.5,four_day,weak,0.6875,1.4963953520903932,-7.754875061142158,6,12
447,0.5,four_day,weak_skew,0.78125,-0.7995005580787525,-7.754875061142158,6,12
448,0.5,daily,alt,0.09378124375124974,-7.121298858186846,-4.359879935980416,12,12
448,0.5,daily,sharp,0.27114577084583086,-3.36619545530937,-4.359879935980416,12,12
448,0.5,daily,weak,0.34353129374125174,-3.0005445441027043,-4.359879935980416,12,12
448,0.5,daily,weak_skew,0.34353129374125174,-3.667368279284663,-4.359879935980416,12,12
448,0.5,two_day,alt,0.2587890625,-5.385765422637609,-4.359879935980416,12,12
448,0.5,two_day,sharp,0.60693359375,-1.2427680571557271,-4.359879935980416,12,12
448,0.5,two_day,weak,0.59130859375,-1.4378539380925204,-4.359879935980416,12,12
448,0.5,two_day,weak_skew,0.8974609375,-0.4230389402374601,-4.359879935980416,12,12
448,0.5,four_day,alt,0.125,-8.68438069017448,-4.359879935980416,6,12
448,0.5,four_day,sharp,0.53125,-1.9028634197940602,-4.359879935980416,6,12
448,0.5,four_day,weak,0.3125,3.6666751422906168,-4.359879935980416,6,12
448,0.5,four_day,weak_skew,1.0,-0.5285334930320088,-4.359879935980416,6,12
449,0.5,daily,alt,0.10717856428714258,-6.042204105852906,-9.310958580344789,12,12
449,0.5,daily,sharp,0.8136372725454909,0.5474218919353385,-9.310958580344789,12,12
449,0.5,daily,weak,0.8822235552889423,0.2951680090587108,-9.310958580344789,12,12
449,0.5,daily,weak_skew,0.44891021795640873,2.671673503979646,-9.310958580344789,12,12
449,0.5,two_day,alt,0.2138671875,-5.214463186786963,-9.310958580344789,12,12
449,0.5,two_day,sharp,0.16455078125,3.792664198814757,-9.310958580344789,12,12
449,0.5,two_day,weak,0.79931640625,0.89936770836954,-9.310958580344789,12,12
449,0.5,two_day,weak_skew,0.166015625,4.891153913579347,-9.310958580344789,12,12
449,0.5,four_day,alt,0.5625,-2.9601891012212143,-9.310958580344789,6,12
449,0.5,four_day,sharp,0.28125,4.873741165544968,-9.310958580344789,6,12
449,0.5,four_day,weak,0.125,11.4694186834106,-9.310958580344789,6,12
449,0.5,four_day,weak_skew,0.75,1.7554042929725913,-9.310958580344789,6,12
450,0.5,daily,alt,0.20735852829434112,-6.441307793008041,-8.146661710008125,12,12
450,0.5,daily,sharp,0.9926014797040592,0.07832915456873775,-8.146661710008125,12,12
450,0.5,daily,weak,0.8452309538092382,-0.995870283023447,-8.146661710008125,12,12
450,0.5,daily,weak_skew,0.8398320335932813,-1.0276283369419612,-8.146661710008125,12,12
450,0.5,two_day,alt,0.0048828125,-13.479911524694849,-8.146661710008125,12,12
450,0.5,two_day,sharp,0.07763671875,-6.617387544338388,-8.146661710008125,12,12
450,0.5,two_day,weak,0.0751953125,-8.71124730338441,-8.146661710008125,12,12
450,0.5,two_day,weak_skew,0.0263671875,-8.956441156620777,-8.146661710008125,12,12
450,0.5,four_day,alt,0.09375,-12.913205047503359,-8.146661710008125,6,12
450,0.5,four_day,sharp,0.3125,-4.384496161459061,-8.146661710008125,6,12
450,0.5,four_day,weak,0.875,0.6713277597570553,-8.146661710008125,6,12
450,0.5,four_day,weak_skew,0.1875,-7.526313979554883,-8.146661710008125,6,12
451,0.5,daily,alt,0.05838832233553289,-3.895717506411146,-8.306885133493694,12,12
451,0.5,daily,sharp,0.1799640071985603,2.1673400671435306,-8.306885133493694,12,12
451,0.5,daily,weak,0.10757848430313938,4.655114180369842,-8.306885133493694,12,12
451,0.5,daily,weak_skew,0.5130973805238952,1.8480844468546038,-8.306885133493694,12,12
451,0.5,two_day,alt,0.013671875,-10.567747424778831,-8.306885133493694,12,12
451,0.5,two_day,sharp,0.76025390625,-0.7673708589324324,-8.306885133493694,12,12
451,0.5,two_day,weak,0.67578125,-1.5759162093213668,-8.306885133493694,12,12
451,0.5,two_day,weak_skew,0.5869140625,2.4980842204840834,-8.306885133493694,12,12
451,0.5,four_day,alt,0.125,-10.847253403069857,-8.306885133493694,6,12
451,0.5,four_day,sharp,0.59375,-1.8665416146157139,-8.306885133493694,6,12
451,0.5,four_day,weak,0.5,-4.604383028460897,-8.306885133493694,6,12
451,0.5,four_day,weak_skew,0.3125,-5.456180286301403,-8.306885133493694,6,12
452,0.5,daily,alt,0.04059188162367527,-7.353659319318627,-5.937250430015084,12,12
452,0.5,daily,sharp,0.7336532693461307,0.9647434507692031,-5.937250430015084,12,12
452,0.5,daily,weak,0.43171365726854627,2.905370425200951,-5.937250430015084,12,12
452,0.5,daily,weak_skew,0.509498100379924,-1.8482421795640864,-5.937250430015084,12,12
452,0.5,two_day,alt,0.421875,-4.439854733489711,-5.937250430015084,12,12
452,0.5,two_day,sharp,0.8583984375,0.41246898915727453,-5.937250430015084,12,12
452,0.5,two_day,weak,0.24560546875,-2.937177725082489,-5.937250430015084,12,12
452,0.5,two_day,weak_skew,0.607421875,1.9116668624682223,-5.937250430015084,12,12
452,0.5,four_day,alt,0.3125,-3.567708267736586,-5.937250430015084,6,12
452,0.5,four_day,sharp,0.1875,2.927439915846757,-5.937250430015084,6,12
452,0.5,four_day,weak,0.8125,-1.2823658541693597,-5.937250430015084,6,12
452,0.5,four_day,weak_skew,0.25,5.998720068285363,-5.937250430015084,6,12
453,0.5,daily,alt,0.028994201159768047,-4.978201903128643,-8.041333432075746,12,12
453,0.5,daily,sharp,0.7454509098180364,0.571062993176208,-8.041333432075746,12,12
453,0.5,daily,weak,0.728254349130174,-0.9689392858099334,-8.041333432075746,12,12
453,0.5,daily,weak_skew,0.9094181163767247,-0.2666334130451477,-8.041333432075746,12,12
453,0.5,two_day,alt,0.12255859375,-5.153606202001515,-8.041333432075746,12,12
453,0.5,two_day,sharp,0.9140625,-0.21741136029599475,-8.041333432075746,12,12
453,0.5,two_day,weak,0.3193359375,-3.8281866561483415,-8.041333432075746,12,12
453,0.5,two_day,weak_skew,0.546875,3.524600873574246,-8.041333432075746,12,12
453,0.5,four_day,alt,0.03125,-9.18501829159199,-8.041333432075746,6,12
453,0.5,four_day,sharp,0.25,-2.4734876660343184,-8.041333432075746,6,12
453,0.5,four_day,weak,0.40625,-3.418865509884386,-8.041333432075746,6,12
453,0.5,four_day,weak_skew,0.46875,-2.274612125790957,-8.041333432075746,6,12
454,0.5,daily,alt,0.1225754849030194,-4.649183019766919,-5.791122343129572,12,12
454,0.5,daily,sharp,0.2689462107578484,2.5153914949760736,-5.791122343129572,12,12
454,0.5,daily,weak,0.3155368926214757,2.251075679966512,-5.791122343129572,12,12
454,0.5,daily,weak_skew,0.6798640271945611,1.0683631203660144,-5.791122343129572,12,12
454,0.5,two_day,alt,0.1357421875,-5.42558580154095,-5.791122343129572,12,12
454,0.5,two_day,sharp,0.6806640625,-1.448978536951346,-5.791122343129572,12,12
454,0.5,two_day,weak,0.4072265625,-3.2904632619190077,-5.791122343129572,12,12
454,0.5,two_day,weak_skew,0.71142578125,1.452086458080765,-5.791122343129572,12,12
454,0.5,four_day,alt,0.4375,-4.641094226296701,-5.791122343129572,6,12
454,0.5,four_day,sharp,0.875,0.8339244418392914,-5.791122343129572,6,12
454,0.5,four_day,weak,0.78125,-1.3292921857606323,-5.791122343129572,6,12
454,0.5,four_day,weak_skew,0.96875,0.07704989925139809,-5.791122343129572,6,12
455,0.5,daily,alt,0.880623875224955,-0.444607872368645,-8.054289279559761,12,12
455,0.5,daily,sharp,0.04339132173565287,7.012397897165318,-8.054289279559761,12,12
455,0.5,daily,weak,0.10857828434313137,6.390640938526428,-8.054289279559761,12,12
455,0.5,daily,weak_skew,0.13437312537492502,5.963946533774266,-8.054289279559761,12,12
455,0.5,two_day,alt,0.2314453125,-3.9713062282505778,-8.054289279559761,12,12
455,0.5,two_day,sharp,0.5126953125,1.8580146789357357,-8.054289279559761,12,12
455,0.5,two_day,weak,0.94482421875,-0.23806978697147288,-8.054289279559761,12,12
455,0.5,two_day,weak_skew,0.69091796875,1.0925889311251236,-8.054289279559761,12,12
455,0.5,four_day,alt,0.0625,-9.884051990236204,-8.054289279559761,6,12
455,0.5,four_day,sharp,0.46875,-3.138029749819084,-8.054289279559761,6,12
455,0.5,four_day,weak,0.625,1.9134106949456644,-8.054289279559761,6,12
455,0.5,four_day,weak_skew,0.09375,-5.185218967740835,-8.054289279559761,6,12
456,0.5,daily,alt,0.6940611877624475,-1.528178887988919,-4.399484430896081,12,12
456,0.5,daily,sharp,0.8882223555288942,0.37718771405307194,-4.399484430896081,12,12
456,0.5,daily,weak,0.5022995400919816,2.0916813625746555,-4.399484430896081,12,12
456,0.5,daily,weak_skew,0.7698460307938413,-0.8823105235822553,-4.399484430896081,12,12
456,0.5,two_day,alt,0.07861328125,-7.504182393499566,-4.399484430896081,12,12
456,0.5,two_day,sharp,0.74853515625,-1.3442407010298065,-4.399484430896081,12,12
456,0.5,two_day,weak,0.673828125,-2.0297448303831227,-4.399484430896081,12,12
456,0.5,two_day,weak_skew,0.748046875,-1.81406662167144,-4.399484430896081,12,12
456,0.5,four_day,alt,0.75,-1.4108841601386917,-4.399484430896081,6,12
456,0.5,four_day,sharp,0.3125,4.23119515409201,-4.399484430896081,6,12
456,0.5,four_day,weak,0.53125,5.4364832444635205,-4.399484430896081,6,12
456,0.5,four_day,weak_skew,0.625,1.6857176793137245,-4.399484430896081,6,12
457,0.5,daily,alt,0.0001999600079984003,-9.386056864939894,-9.24036977985287,12,12
457,0.5,daily,sharp,0.15176964607078583,-3.9709275401998263,-9.24036977985287,12,12
457,0.5,daily,weak,0.35232953409318135,-2.9491328209945142,-9.24036977985287,12,12
457,0.5,daily,weak_skew,0.44311137772445514,-2.814234906459175,-9.24036977985287,12,12
457,0.5,two_day,alt,0.0400390625,-8.472152146930684,-9.24036977985287,12,12
457,0.5,two_day,sharp,0.9814453125,0.0674491437140728,-9.24036977985287,12,12
457,0.5,two_day,weak,0.3896484375,4.12175066872311,-9.24036977985287,12,12
457,0.5,two_day,weak_skew,0.60205078125,-1.8018569965710505,-9.24036977985287,12,12
457,0.5,four_day,alt,0.5625,-3.0645773012977315,-9.24036977985287,6,12
457,0.5,four_day,sharp,0.34375,4.596746383651415,-9.24036977985287,6,12
457,0.5,four_day,weak,0.78125,-1.98812238577345,-9.24036977985287,6,12
457,0.5,four_day,weak_skew,0.4375,6.817984678306934,-9.24036977985287,6,12
458,0.5,daily,alt,0.6720655868826235,-2.032104510198748,-9.564246272348065,12,12
458,0.5,daily,sharp,0.029994001199760048,3.6673150745887706,-9.564246272348065,12,12
458,0.5,daily,weak,0.1245750849830034,2.4456794714482775,-9.564246272348065,12,12
458,0.5,daily,weak_skew,0.2571485702859428,2.39275027267608,-9.564246272348065,12,12
458,0.5,two_day,alt,0.00146484375,-12.401580739210873,-9.564246272348065,12,12
458,0.5,two_day,sharp,0.10107421875,-3.0803273617133695,-9.564246272348065,12,12
458,0.5,two_day,weak,0.1845703125,-4.046992759184198,-9.564246272348065,12,12
458,0.5,two_day,weak_skew,0.43310546875,-1.8313663356801946,-9.564246272348065,12,12
458,0.5,four_day,alt,0.09375,-8.604156033618485,-9.564246272348065,6,12
458,0.5,four_day,sharp,0.71875,1.3965032161867323,-9.564246272348065,6,12
458,0.5,four_day,weak,0.1875,6.963536873010028,-9.564246272348065,6,12
458,0.5,four_day,weak_skew,0.25,5.279537737168449,-9.564246272348065,6,12
459,0.5,daily,alt,0.0627874425114977,-4.97207501631969,-7.200492894178382,12,12
459,0.5,daily,sharp,0.5412917416516697,1.1036981934393282,-7.200492894178382,12,12
459,0.5,daily,weak,0.8132373525294941,0.5408418839507819,-7.200492894178382,12,12
459,0.5,daily,weak_skew,0.9264147170565887,-0.2277841890329159,-7.200492894178382,12,12
459,0.5,two_day,alt,0.0048828125,-8.062880996364477,-7.200492894178382,12,12
459,0.5,two_day,sharp,0.68798828125,1.1351131678991884,-7.200492894178382,12,12
459,0.5,two_day,weak,0.904296875,-0.5522606764273027,-7.200492894178382,12,12
459,0.5,two_day,weak_skew,0.53857421875,3.2306930739839603,-7.200492894178382,12,12
459,0.5,four_day,alt,0.0625,-7.916693299777639,-7.200492894178382,6,12
459,0.5,four_day,sharp,0.9375,0.2883224845759014,-7.200492894178382,6,12
459,0.5,four_day,weak,1.0,-0.0015469209121761196,-7.200492894178382,6,12
459,0.5,four_day,weak_skew,0.28125,4.575354921741792,-7.200492894178382,6,12
460,0.5,daily,alt,0.0001999600079984003,-11.588119420325382,-8.872894295883619,12,12
460,0.5,daily,sharp,0.09278144371125775,-2.465621888468673,-8.872894295883619,12,12
460,0.5,daily,weak,0.8504299140171966,0.5167665320157221,-8.872894295883619,12,12
460,0.5,daily,weak_skew,0.09798040391921616,-3.0553780558646495,-8.872894295883619,12,12
460,0.5,two_day,alt,0.01806640625,-7.851311568611159,-8.872894295883619,12,12
460,0.5,two_day,sharp,0.9765625,0.054798150418908044,-8.872894295883619,12,12
460,0.5,two_day,weak,0.6337890625,1.847546107528176,-8.872894295883619,12,12
460,0.5,two_day,weak_skew,0.736328125,0.9153913083525845,-8.872894295883619,12,12
460,0.5,four_day,alt,0.0625,-10.599168343907339,-8.872894295883619,6,12
460,0.5,four_day,sharp,0.4375,-1.0535702483525011,-8.872894295883619,6,12
460,0.5,four_day,weak,0.875,-1.6972955479991942,-8.872894295883619,6,12
460,0.5,four_day,weak_skew,0.09375,-3.5543314874353533,-8.872894295883619,6,12
461,0.5,daily,alt,0.002599480103979204,-11.281468397368238,-9.461074397868899,12,12
461,0.5,daily,sharp,0.30813837232553487,-2.6676842363499964,-9.461074397868899,12,12
461,0.5,daily,weak,0.526494701059788,-1.9682928685273886,-9.461074397868899,12,12
461,0.5,daily,weak_skew,0.44471105778844233,-2.7118764594597007,-9.461074397868899,12,12
461,0.5,two_day,alt,0.8330078125,-0.8883532395715227,-9.461074397868899,12,12
461,0.5,two_day,sharp,0.03369140625,6.142725654355947,-9.461074397868899,12,12
461,0.5,two_day,weak,0.037109375,9.926996422586413,-9.461074397868899,12,12
461,0.5,two_day,weak_skew,0.126953125,4.2881478706422556,-9.461074397868899,12,12
461,0.5,four_day,alt,0.03125,-16.194133918214817,-9.461074397868899,6,12
461,0.5,four_day,sharp,0.125,-5.542239668168502,-9.461074397868899,6,12
461,0.5,four_day,weak,0.125,-8.580194584388076,-9.461074397868899,6,12
461,0.5,four_day,weak_skew,0.1875,-2.0569513204855796,-9.461074397868899,6,12
462,0.5,daily,alt,0.0007998400319936012,-9.258412910244408,-9.418110485856317,12,12
462,0.5,daily,sharp,0.5984803039392121,-0.7562966788065696,-9.418110485856317,12,12
462,0.5,daily,weak,0.828634273145371,-0.4672564018402395,-9.418110485856317,12,12
462,0.5,daily,weak_skew,0.014597080583883223,-3.725634550933186,-9.418110485856317,12,12
462,0.5,two_day,alt,0.064453125,-7.444699458946388,-9.418110485856317,12,12
462,0.5,two_day,sharp,0.81298828125,0.6683578208270445,-9.418110485856317,12,12
462,0.5,two_day,weak,0.4296875,2.6093742583471067,-9.418110485856317,12,12
462,0.5,two_day,weak_skew,0.802734375,-0.8440789452170385,-9.418110485856317,12,12
462,0.5,four_day,alt,0.25,-3.892477446228348,-9.418110485856317,6,12
462,0.5,four_day,sharp,0.0625,4.8169504571681365,-9.418110485856317,6,12
462,0.5,four_day,weak,0.40625,5.2116583478613725,-9.418110485856317,6,12
462,0.5,four_day,weak_skew,0.21875,5.277067431259069,-9.418110485856317,6,12
463,0.5,daily,alt,0.03779244151169766,-7.097141000539754,-8.063396746760553,12,12
463,0.5,daily,sharp,0.8770245950809838,0.4787181523225037,-8.063396746760553,12,12
463,0.5,daily,weak,0.563887222555489,-1.9476404567981327,-8.063396746760553,12,12
463,0.5,daily,weak_skew,0.8718256348730254,-0.6070938413493193,-8.063396746760553,12,12
463,0.5,two_day,alt,0.07666015625,-7.76675698661673,-8.063396746760553,12,12
463,0.5,two_day,sharp,0.8564453125,0.7234950529233201,-8.063396746760553,12,12
463,0.5,two_day,weak,0.4677734375,3.652021641074656,-8.063396746760553,12,12
463,0.5,two_day,weak_skew,0.92431640625,-0.3802782068414938,-8.063396746760553,12,12
463,0.5,four_day,alt,0.125,-15.086414438719752,-8.063396746760553,6,12
463,0.5,four_day,sharp,0.5,-3.807103239414959,-8.063396746760553,6,12
463,0.5,four_day,weak,0.90625,-1.7356510650877854,-8.063396746760553,6,12
463,0.5,four_day,weak_skew,0.84375,-2.210021307237053,-8.063396746760553,6,12
464,0.5,daily,alt,0.0001999600079984003,-11.97703271291257,-13.854926565436642,12,12
464,0.5,daily,sharp,0.34693061387722457,-1.8084058821137277,-13.854926565436642,12,12
464,0.5,daily,weak,0.1339732053589282,-2.3452190037829443,-13.854926565436642,12,12
464,0.5,daily,weak_skew,0.3291341731653669,-2.5009456969508768,-13.854926565436642,12,12
464,0.5,two_day,alt,0.08203125,-12.782462385068579,-13.854926565436642,12,12
464,0.5,two_day,sharp,0.7587890625,0.9246019978702922,-13.854926565436642,12,12
464,0.5,two_day,weak,0.80712890625,-1.1076064418449025,-13.854926565436642,12,12
464,0.5,two_day,weak_skew,0.78076171875,-1.0453221001423276,-13.854926565436642,12,12
464,0.5,four_day,alt,0.03125,-16.523228622732706,-13.854926565436642,6,12
464,0.5,four_day,sharp,0.5625,-2.2750321309672734,-13.854926565436642,6,12
464,0.5,four_day,weak,0.875,-0.9811685822752901,-13.854926565436642,6,12
464,0.5,four_day,weak_skew,0.625,-3.011473699732568,-13.854926565436642,6,12
465,0.5,daily,alt,0.5896820635872826,-1.2082809698567114,-3.7028768098112295,12,12
465,0.5,daily,sharp,0.8640271945610878,-0.29342676466248524,-3.7028768098112295,12,12
465,0.5,daily,weak,0.5866826634673066,-1.68302864766547,-3.7028768098112295,12,12
465,0.5,daily,weak_skew,0.4233153369326135,-1.870734799049325,-3.7028768098112295,12,12
465,0.5,two_day,alt,0.005859375,-11.427452809327642,-3.7028768098112295,12,12
465,0.5,two_day,sharp,0.16748046875,-3.5382637395598966,-3.7028768098112295,12,12
465,0.5,two_day,weak,0.28076171875,-3.2870433917470887,-3.7028768098112295,12,12
465,0.5,two_day,weak_skew,0.15283203125,-5.289908681653327,-3.7028768098112295,12,12
465,0.5,four_day,alt,0.75,-1.2172013349171529,-3.7028768098112295,6,12
465,0.5,four_day,sharp,0.78125,1.377797538573212,-3.7028768098112295,6,12
465,0.5,four_day,weak,0.09375,8.38166112078572,-3.7028768098112295,6,12
465,0.5,four_day,weak_skew,0.59375,-1.9322853691659958,-3.7028768098112295,6,12
466,0.5,daily,alt,0.008198360327934412,-10.593604959652597,-8.768783717132209,12,12
466,0.5,daily,sharp,0.39952009598080385,-3.0982507050759556,-8.768783717132209,12,12
466,0.5,daily,weak,0.46910617876424715,-2.7061342076900723,-8.768783717132209,12,12
466,0.5,daily,weak_skew,0.14317136572685463,-5.253162761831034,-8.768783717132209,12,12
466,0.5,two_day,alt,0.001953125,-12.807634278035238,-8.768783717132209,12,12
466,0.5,two_day,sharp,0.10986328125,-3.8504907506147137,-8.768783717132209,12,12
466,0.5,two_day,weak,0.4287109375,-3.026986578063193,-8.768783717132209,12,12
466,0.5,two_day,weak_skew,0.1474609375,-4.889671483614729,-8.768783717132209,12,12
466,0.5,four_day,alt,0.375,-4.986620943188194,-8.768783717132209,6,12
466,0.5,four_day,sharp,0.84375,0.8385238684602356,-8.768783717132209,6,12
466,0.5,four_day,weak,0.71875,-2.143697484726166,-8.768783717132209,6,12
466,0.5,four_day,weak_skew,0.9375,0.39285279098447984,-8.768783717132209,6,12
467,0.5,daily,alt,0.1939612077584483,-4.778209841470178,-7.140903837327919,12,12
467,0.5,daily,sharp,0.8598280343931214,0.333027999199827,-7.140903837327919,12,12
467,0.5,daily,weak,0.3359328134373125,-2.9175918218473846,-7.140903837327919,12,12
467,0.5,daily,weak_skew,0.6454709058188363,1.278016316775238,-7.140903837327919,12,12
467,0.5,two_day,alt,0.02783203125,-14.00357184505051,-7.140903837327919,12,12
467,0.5,two_day,sharp,0.24560546875,-4.4340691813165884,-7.140903837327919,12,12
467,0.5,two_day,weak,0.3515625,-4.462978262636523,-7.140903837327919,12,12
467,0.5,two_day,weak_skew,0.32861328125,-4.227037031950424,-7.140903837327919,12,12
467,0.5,four_day,alt,0.03125,-8.599566321578484,-7.140903837327919,6,12
467,0.5,four_day,sharp,0.75,0.7220924599163313,-7.140903837327919,6,12
467,0.5,four_day,weak,0.125,-4.807881905016128,-7.140903837327919,6,12
467,0.5,four_day,weak_skew,0.59375,-2.5600506319765644,-7.140903837327919,6,12
468,0.5,daily,alt,0.6436712657468506,-1.6139880027479492,-1.982577477862094,12,12
468,0.5,daily,sharp,0.28794241151769645,-2.7339134498568165,-1.982577477862094,12,12
468,0.5,daily,weak,0.6000799840031994,-1.894399989779302,-1.982577477862094,12,12
468,0.5,daily,weak_skew,0.010197960407918417,-6.458129771075586,-1.982577477862094,12,12
468,0.5,two_day,alt,0.1796875,-6.397342546990038,-1.982577477862094,12,12
468,0.5,two_day,sharp,0.05712890625,-4.817283981437343,-1.982577477862094,12,12
468,0.5,two_day,weak,0.63916015625,-1.7478409764144143,-1.982577477862094,12,12
468,0.5,two_day,weak_skew,0.06982421875,-4.650518397844002,-1.982577477862094,12,12
468,0.5,four_day,alt,0.09375,-8.731143970239085,-1.982577477862094,6,12
468,0.5,four_day,sharp,0.03125,-5.12176976261349,-1.982577477862094,6,12
468,0.5,four_day,weak,0.4375,-6.121134890052242,-1.982577477862094,6,12
468,0.5,four_day,weak_skew,0.5,-1.5053834129229138,-1.982577477862094,6,12
469,0.5,daily,alt,0.0615876824635073,-5.694354055286579,-7.484001140588056,12,12
469,0.5,daily,sharp,0.7140571885622875,0.855563978467579,-7.484001140588056,12,12
469,0.5,daily,weak,0.23775244951009797,2.840296914890811,-7.484001140588056,12,12
469,0.5,daily,weak_skew,0.8064387122575485,-0.7888390418942327,-7.484001140588056,12,12
469,0.5,two_day,alt,0.00341796875,-9.004151815071227,-7.484001140588056,12,12
469,0.5,two_day,sharp,0.212890625,-2.07995473003094,-7.484001140588056,12,12
469,0.5,two_day,weak,0.4609375,-2.6993058887906685,-7.484001140588056,12,12
469,0.5,two_day,weak_skew,0.18408203125,6.323059848832213,-7.484001140588056,12,12
469,0.5,four_day,alt,0.03125,-6.955994199484352,-7.484001140588056,6,12
469,0.5,four_day,sharp,0.6875,1.2832766059433947,-7.484001140588056,6,12
469,0.5,four_day,weak,0.5625,4.799959564366731,-7.484001140588056,6,12
469,0.5,four_day,weak_skew,0.5,2.7272270546670954,-7.484001140588056,6,12
470,0.5,daily,alt,0.09178164367126575,-5.6806581012113915,-8.004067048454395,12,12
470,0.5,daily,sharp,0.8002399520095981,-0.6418541372900304,-8.004067048454395,12,12
470,0.5,daily,weak,0.7538492301539692,-1.1431357366911084,-8.004067048454395,12,12
470,0.5,daily,weak_skew,0.9640071985602879,0.1404060430300742,-8.004067048454395,12,12
470,0.5,two_day,alt,0.08349609375,-7.296070628009098,-8.004067048454395,12,12
470,0.5,two_day,sharp,0.69921875,1.8808881058139768,-8.004067048454395,12,12
470,0.5,two_day,weak,0.80517578125,1.3994456240086652,-8.004067048454395,12,12
470,0.5,two_day,weak_skew,0.8720703125,-0.5465035232722517,-8.004067048454395,12,12
470,0.5,four_day,alt,0.0625,-9.683745508973024,-8.004067048454395,6,12
470,0.5,four_day,sharp,0.625,-2.181239484337157,-8.004067048454395,6,12
470,0.5,four_day,weak,0.28125,-5.997712091866203,-8.004067048454395,6,12
470,0.5,four_day,weak_skew,0.21875,-4.831218747925612,-8.004067048454395,6,12
471,0.5,daily,alt,0.07718456308738253,-4.531588147184604,-6.932332920786173,12,12
471,0.5,daily,sharp,0.47550489902019594,1.1211543465630498,-6.932332920786173,12,12
471,0.5,daily,weak,0.8402319536092782,0.5376061365981523,-6.932332920786173,12,12
471,0.5,daily,weak_skew,0.6262747450509898,1.3620077679253673,-6.932332920786173,12,12
471,0.5,two_day,alt,0.25830078125,-2.6513829622803837,-6.932332920786173,12,12
471,0.5,two_day,sharp,0.48583984375,1.4497300831648048,-6.932332920786173,12,12
471,0.5,two_day,weak,0.3876953125,3.4243142590986193,-6.932332920786173,12,12
471,0.5,two_day,weak_skew,0.76171875,0.8542889770807829,-6.932332920786173,12,12
471,0.5,four_day,alt,0.125,-6.030682622662187,-6.932332920786173,6,12
471,0.5,four_day,sharp,0.78125,-0.3194555479157823,-6.932332920786173,6,12
471,0.5,four_day,weak,0.84375,1.020789087155895,-6.932332920786173,6,12
471,0.5,four_day,weak_skew,0.5625,2.1154601697229025,-6.932332920786173,6,12
472,0.5,daily,alt,0.264747050589882,-3.113928565952687,-8.242427219128786,12,12
472,0.5,daily,sharp,0.08698260347930414,4.439212788332959,-8.242427219128786,12,12
472,0.5,daily,weak,0.03999200159968006,7.403897076738346,-8.242427219128786,12,12
472,0.5,daily,weak_skew,0.052589482103579284,6.784178938389089,-8.242427219128786,12,12
472,0.5,two_day,alt,0.00830078125,-10.211132240689793,-8.242427219128786,12,12
472,0.5,two_day,sharp,0.85595703125,-0.5533115522684996,-8.242427219128786,12,12
472,0.5,two_day,weak,0.91552734375,-0.4508437732379467,-8.242427219128786,12,12
472,0.5,two_day,weak_skew,0.2841796875,-4.063675837877703,-8.242427219128786,12,12
472,0.5,four_day,alt,0.21875,-4.657398413019986,-8.242427219128786,6,12
472,0.5,four_day,sharp,0.3125,3.8571009182795244,-8.242427219128786,6,12
472,0.5,four_day,weak,0.375,3.0407031720564874,-8.242427219128786,6,12
472,0.5,four_day,weak_skew,0.8125,0.9449995347722329,-8.242427219128786,6,12
473,0.5,daily,alt,0.7480503899220156,-1.1333372935337664,-5.299227917443055,12,12
473,0.5,daily,sharp,0.6746650669866027,0.9699709519996821,-5.299227917443055,12,12
473,0.5,daily,weak,0.2465506898620276,3.0799179777563492,-5.299227917443055,12,12
473,0.5,daily,weak_skew,0.9324135172965407,0.23097077092249543,-5.299227917443055,12,12
473,0.5,two_day,alt,0.10400390625,-6.8683368887334995,-5.299227917443055,12,12
473,0.5,two_day,sharp,0.79541015625,-1.0250227187941832,-5.299227917443055,12,12
473,0.5,two_day,weak,0.6875,-1.7830709576783121,-5.299227917443055,12,12
473,0.5,two_day,weak_skew,0.462890625,-2.429576242835333,-5.299227917443055,12,12
473,0.5,four_day,alt,0.1875,-12.644461170295466,-5.299227917443055,6,12
473,0.5,four_day,sharp,0.53125,-3.8101550548915974,-5.299227917443055,6,12
473,0.5,four_day,weak,0.53125,-5.171835467488354,-5.299227917443055,6,12
473,0.5,four_day,weak_skew,0.21875,-9.240907516998982,-5.299227917443055,6,12
474,0.5,daily,alt,0.0009998000399920016,-10.146763032228614,-6.910600893944945,12,12
474,0.5,daily,sharp,0.01199760047990402,-4.073520841080946,-6.910600893944945,12,12
474,0.5,daily,weak,0.0007998400319936012,-7.705012789227972,-6.910600893944945,12,12
474,0.5,daily,weak_skew,0.0015996800639872025,-5.91639681523224,-6.910600893944945,12,12
474,0.5,two_day,alt,0.013671875,-8.262895632347108,-6.910600893944945,12,12
474,0.5,two_day,sharp,0.96240234375,-0.16689404875208602,-6.910600893944945,12,12
474,0.5,two_day,weak,0.67529296875,-1.787925377428289,-6.910600893944945,12,12
474,0.5,two_day,weak_skew,0.49169921875,-2.7338592006381877,-6.910600893944945,12,12
474,0.5,four_day,alt,0.78125,-1.0294528655888395,-6.910600893944945,6,12
474,0.5,four_day,sharp,0.15625,5.595583648663884,-6.910600893944945,6,12
474,0.5,four_day,weak,0.46875,3.9256020541141545,-6.910600893944945,6,12
474,0.5,four_day,weak_skew,0.25,5.389786216254035,-6.910600893944945,6,12
475,0.5,daily,alt,0.6058788242351529,-2.166621765888117,-5.346003306791559,12,12
475,0.5,daily,sharp,0.6150769846030794,1.0516996426150864,-5.346003306791559,12,12
475,0.5,daily,weak,0.8172365526894622,0.5945508037976955,-5.346003306791559,12,12
475,0.5,daily,weak_skew,0.7436512697460508,1.1683176192047504,-5.346003306791559,12,12
475,0.5,two_day,alt,0.45654296875,-4.612652315083699,-5.346003306791559,12,12
475,0.5,two_day,sharp,0.73291015625,-1.1442183182442942,-5.346003306791559,12,12
475,0.5,two_day,weak,0.9345703125,0.3912494020387811,-5.346003306791559,12,12
475,0.5,two_day,weak_skew,0.244140625,-5.021017207848826,-5.346003306791559,12,12
475,0.5,four_day,alt,0.125,-9.341630335182794,-5.346003306791559,6,12
475,0.5,four_day,sharp,0.09375,-3.4001165990012887,-5.346003306791559,6,12
475,0.5,four_day,weak,0.84375,-1.2624923890110924,-5.346003306791559,6,12
475,0.5,four_day,weak_skew,0.03125,-9.465394598647674,-5.346003306791559,6,12
476,0.5,daily,alt,0.0027994401119776045,-6.518671596526787,-8.785445945148297,12,12
476,0.5,daily,sharp,0.35332933413317336,1.3988229365449427,-8.785445945148297,12,12
476,0.5,daily,weak,0.46790641871625677,1.9893230049454,-8.785445945148297,12,12
476,0.5,daily,weak_skew,0.8050389922015597,0.41730885112113764,-8.785445945148297,12,12
476,0.5,two_day,alt,0.00244140625,-8.944695856087268,-8.785445945148297,12,12
476,0.5,two_day,sharp,0.57177734375,-0.5686201647493293,-8.785445945148297,12,12
476,0.5,two_day,weak,0.021484375,-4.593527082053239,-8.785445945148297,12,12
476,0.5,two_day,weak_skew,0.46484375,4.418629006491149,-8.785445945148297,12,12
476,0.5,four_day,alt,0.0625,-11.057040201445679,-8.785445945148297,6,12
476,0.5,four_day,sharp,0.59375,-1.8632229711756072,-8.785445945148297,6,12
476,0.5,four_day,weak,0.8125,-1.0374053674024235,-8.785445945148297,6,12
476,0.5,four_day,weak_skew,0.125,-5.514111402279817,-8.785445945148297,6,12
477,0.5,daily,alt,0.06418716256748651,-6.609676379663715,-8.472153477893876,12,12
477,0.5,daily,sharp,0.5658868226354729,1.0578503744545966,-8.472153477893876,12,12
477,0.5,daily,weak,0.8170365926814637,0.5588613437088666,-8.472153477893876,12,12
477,0.5,daily,weak_skew,0.6000799840031994,2.4687990354813816,-8.472153477893876,12,12
477,0.5,two_day,alt,0.07373046875,-6.867508887295425,-8.472153477893876,12,12
477,0.5,two_day,sharp,0.39794921875,1.3927723259231648,-8.472153477893876,12,12
477,0.5,two_day,weak,0.45458984375,2.0213568883506157,-8.472153477893876,12,12
477,0.5,two_day,weak_skew,0.7138671875,-0.8824105265580791,-8.472153477893876,12,12
477,0.5,four_day,alt,0.03125,-13.133866992266398,-8.472153477893876,6,12
477,0.5,four_day,sharp,0.21875,-3.0986662973917922,-8.472153477893876,6,12
477,0.5,four_day,weak,0.25,-3.0426631121780994,-8.472153477893876,6,12
477,0.5,four_day,weak_skew,0.15625,-4.783258153146832,-8.472153477893876,6,12
478,0.5,daily,alt,0.3161367726454709,-3.9878382523598153,-7.066991178328642,12,12
478,0.5,daily,sharp,0.6386722655468906,0.9661572645712587,-7.066991178328642,12,12
478,0.5,daily,weak,0.9012197560487902,0.27285502557100116,-7.066991178328642,12,12
478,0.5,daily,weak_skew,0.21435712857428516,3.5576005925198477,-7.066991178328642,12,12
478,0.5,two_day,alt,0.18017578125,-7.070708547657159,-7.066991178328642,12,12
478,0.5,two_day,sharp,0.85693359375,0.39562601893784927,-7.066991178328642,12,12
478,0.5,two_day,weak,0.14453125,-5.481886128749298,-7.066991178328642,12,12
478,0.5,two_day,weak_skew,0.9970703125,0.0061593603948585,-7.066991178328642,12,12
478,0.5,four_day,alt,0.0625,-13.322440982562595,-7.066991178328642,6,12
478,0.5,four_day,sharp,0.03125,-4.068736324157348,-7.066991178328642,6,12
478,0.5,four_day,weak,0.46875,2.968208928025161,-7.066991178328642,6,12
478,0.5,four_day,weak_skew,0.4375,-3.5392564031123364,-7.066991178328642,6,12
479,0.5,daily,alt,0.041991601679664065,-7.58476316201104,-10.85284406828459,12,12
479,0.5,daily,sharp,0.5840831833633273,1.3819892382643377,-10.85284406828459,12,12
479,0.5,daily,weak,0.3437312537492502,3.268376474128399,-10.85284406828459,12,12
479,0.5,daily,weak_skew,0.9962007598480304,-0.01579539553038482,-10.85284406828459,12,12
479,0.5,two_day,alt,0.01171875,-10.355161258302791,-10.85284406828459,12,12
479,0.5,two_day,sharp,0.76904296875,0.8315893637055579,-10.85284406828459,12,12
479,0.5,two_day,weak,0.90771484375,0.6816887626243068,-10.85284406828459,12,12
479,0.5,two_day,weak_skew,0.1728515625,-4.366865484163527,-10.85284406828459,12,12
479,0.5,four_day,alt,0.03125,-17.92950477216247,-10.85284406828459,6,12
479,0.5,four_day,sharp,0.0625,-6.3304217534063705,-10.85284406828459,6,12
479,0.5,four_day,weak,0.21875,-4.103261430534094,-10.85284406828459,6,12
479,0.5,four_day,weak_skew,0.125,-7.763033290634119,-10.85284406828459,6,12
480,0.5,daily,alt,0.03839232153569286,-6.436342015381778,-10.401752041401473,12,12
480,0.5,daily,sharp,0.22895420915816836,3.8218434297749737,-10.401752041401473,12,12
480,0.5,daily,weak,0.1887622475504899,3.8592810375513014,-10.401752041401473,12,12
480,0.5,daily,weak_skew,0.35952809438112376,3.269796528021771,-10.401752041401473,12,12
480,0.5,two_day,alt,0.19921875,-5.03161870254833,-10.401752041401473,12,12
480,0.5,two_day,sharp,0.27978515625,5.6082920504133495,-10.401752041401473,12,12
480,0.5,two_day,weak,0.07958984375,9.508760071876695,-10.401752041401473,12,12
480,0.5,two_day,weak_skew,0.25634765625,4.860059855056309,-10.401752041401473,12,12
480,0.5,four_day,alt,0.96875,-0.11564207721273334,-10.401752041401473,6,12
480,0.5,four_day,sharp,0.0625,10.792021412056267,-10.401752041401473,6,12
480,0.5,four_day,weak,0.125,8.074619825085467,-10.401752041401473,6,12
480,0.5,four_day,weak_skew,0.0625,15.39317267249748,-10.401752041401473,6,12
481,0.5,daily,alt,0.04519096180763847,-4.974195749121567,-7.861129935515919,12,12
481,0.5,daily,sharp,0.8062387522495501,0.39032291215270654,-7.861129935515919,12,12
481,0.5,daily,weak,0.7534493101379725,1.0610599819057664,-7.861129935515919,12,12
481,0.5,daily,weak_skew,0.7094581083783243,-0.942893681817924,-7.861129935515919,12,12
481,0.5,two_day,alt,0.0048828125,-7.127580112121529,-7.861129935515919,12,12
481,0.5,two_day,sharp,0.96240234375,0.11132209415581802,-7.861129935515919,12,12
481,0.5,two_day,weak,0.55419921875,2.402451405222305,-7.861129935515919,12,12
481,0.5,two_day,weak_skew,0.91357421875,0.3702675071644374,-7.861129935515919,12,12
481,0.5,four_day,alt,0.15625,-7.832546932358675,-7.861129935515919,6,12
481,0.5,four_day,sharp,0.71875,-1.3574237798447335,-7.861129935515919,6,12
481,0.5,four_day,weak,0.78125,1.2334474439835834,-7.861129935515919,6,12
481,0.5,four_day,weak_skew,0.34375,-4.361522039935713,-7.861129935515919,6,12
482,0.5,daily,alt,0.08518296340731854,-5.425110094314285,-8.278732677096066,12,12
482,0.5,daily,sharp,0.6626674665066986,1.254628691714883,-8.278732677096066,12,12
482,0.5,daily,weak,0.6122775444911018,1.6639343094143246,-8.278732677096066,12,12
482,0.5,daily,weak_skew,0.9544091181763648,0.1661034990775511,-8.278732677096066,12,12
482,0.5,two_day,alt,0.048828125,-10.28277831171678,-8.278732677096066,12,12
482,0.5,two_day,sharp,0.7353515625,-1.5701472668954228,-8.278732677096066,12,12
482,0.5,two_day,weak,0.83984375,-0.9266980251567437,-8.278732677096066,12,12
482,0.5,two_day,weak_skew,0.4375,-4.58362429742436,-8.278732677096066,12,12
482,0.5,four_day,alt,0.125,-6.781985613850927,-8.278732677096066,6,12
482,0.5,four_day,sharp,0.71875,1.7411832313053945,-8.278732677096066,6,12
482,0.5,four_day,weak,0.875,-0.7112097837793657,-8.278732677096066,6,12
482,0.5,four_day,weak_skew,0.59375,7.126670062447367,-8.278732677096066,6,12
483,0.5,daily,alt,0.0001999600079984003,-8.425460957506647,-8.180362934898831,12,12
483,0.5,daily,sharp,0.09558088382323535,-2.3294618397055786,-8.180362934898831,12,12
483,0.5,daily,weak,0.7242551489702059,-0.6496687825502221,-8.180362934898831,12,12
483,0.5,daily,weak_skew,0.6608678264347131,1.3339119278824036,-8.180362934898831,12,12
483,0.5,two_day,alt,0.05224609375,-7.267613425896627,-8.180362934898831,12,12
483,0.5,two_day,sharp,0.66015625,1.0339982129886327,-8.180362934898831,12,12
483,0.5,two_day,weak,0.859375,-0.7344140894065738,-8.180362934898831,12,12
483,0.5,two_day,weak_skew,0.98779296875,0.0449103459717796,-8.180362934898831,12,12
483,0.5,four_day,alt,0.09375,-7.658955150811171,-8.180362934898831,6,12
483,0.5,four_day,sharp,0.53125,-1.8546145260692768,-8.180362934898831,6,12
483,0.5,four_day,weak,0.71875,-2.17658633080789,-8.180362934898831,6,12
483,0.5,four_day,weak_skew,0.5625,7.924534671926712,-8.180362934898831,6,12
484,0.5,daily,alt,0.5916816636672666,-1.885901316219232,-5.232597603642716,12,12
484,0.5,daily,sharp,0.13797240551889622,4.374409416351836,-5.232597603642716,12,12
484,0.5,daily,weak,0.08758248350329934,6.037540164113788,-5.232597603642716,12,12
484,0.5,daily,weak_skew,0.03959208158368326,5.5865991555042855,-5.232597603642716,12,12
484,0.5,two_day,alt,0.435546875,-4.287283766324536,-5.232597603642716,12,12
484,0.5,two_day,sharp,0.404296875,3.605345755010344,-5.232597603642716,12,12
484,0.5,two_day,weak,0.4150390625,5.179681954190745,-5.232597603642716,12,12
484,0.5,two_day,weak_skew,0.46923828125,3.1799636766563673,-5.232597603642716,12,12
484,0.5,four_day,alt,0.5,-4.536252441135571,-5.232597603642716,6,12
484,0.5,four_day,sharp,0.5,2.081107923058729,-5.232597603642716,6,12
484,0.5,four_day,weak,0.96875,-0.46218832846335545,-5.232597603642716,6,12
484,0.5,four_day,weak_skew,0.40625,7.825089978622855,-5.232597603642716,6,12
485,0.5,daily,alt,0.0001999600079984003,-11.515518727410218,-9.134316559775492,12,12
485,0.5,daily,sharp,0.026394721055788842,-2.938813990957074,-9.134316559775492,12,12
485,0.5,daily,weak,0.70625874825035,-0.9330373534218879,-9.134316559775492,12,12
485,0.5,daily,weak_skew,0.1889622075584883,-3.384036673025515,-9.134316559775492,12,12
485,0.5,two_day,alt,0.0029296875,-12.048837931651114,-9.134316559775492,12,12
485,0.5,two_day,sharp,0.447265625,-1.3035004570040474,-9.134316559775492,12,12
485,0.5,two_day,weak,0.0615234375,-6.14143780639709,-9.134316559775492,12,12
485,0.5,two_day,weak_skew,0.6259765625,2.5314578374087855,-9.134316559775492,12,12
485,0.5,four_day,alt,0.03125,-12.359885610108519,-9.134316559775492,6,12
485,0.5,four_day,sharp,0.40625,-1.7507938212777177,-9.134316559775492,6,12
485,0.5,four_day,weak,0.3125,-6.082615445758289,-9.134316559775492,6,12
485,0.5,four_day,weak_skew,0.53125,-2.530244749334789,-9.134316559775492,6,12
486,0.5,daily,alt,0.0009998000399920016,-10.684827531389821,-9.905406691099842,12,12
486,0.5,daily,sharp,0.4563087382523495,-1.9403593973084199,-9.905406691099842,12,12
486,0.5,daily,weak,0.09158168366326734,-5.329654927161106,-9.905406691099842,12,12
486,0.5,daily,weak_skew,0.09318136372725455,-4.304362436790968,-9.905406691099842,12,12
486,0.5,two_day,alt,0.00048828125,-15.817220601081006,-9.905406691099842,12,12
486,0.5,two_day,sharp,0.00146484375,-5.464894176093037,-9.905406691099842,12,12
486,0.5,two_day,weak,0.49658203125,-2.568736692270479,-9.905406691099842,12,12
486,0.5,two_day,weak_skew,0.4951171875,-1.496427429086289,-9.905406691099842,12,12
486,0.5,four_day,alt,0.03125,-15.343433920658333,-9.905406691099842,6,12
486,0.5,four_day,sharp,0.0625,-4.813736506681032,-9.905406691099842,6,12
486,0.5,four_day,weak,0.59375,2.830291609866817,-9.905406691099842,6,12
486,0.5,four_day,weak_skew,0.90625,-0.6751354214290922,-9.905406691099842,6,12
487,0.5,daily,alt,0.0003999200159968006,-7.525927053709991,-8.75365727943187,12,12
487,0.5,daily,sharp,0.8522295540891822,-0.2184457580176531,-8.75365727943187,12,12
487,0.5,daily,weak,0.888622275544891,-0.3227607860118109,-8.75365727943187,12,12
487,0.5,daily,weak_skew,0.368126374725055,-1.904161653620098,-8.75365727943187,12,12
487,0.5,two_day,alt,0.26953125,-5.540038909909268,-8.75365727943187,12,12
487,0.5,two_day,sharp,0.9775390625,-0.11528550065651011,-8.75365727943187,12,12
487,0.5,two_day,weak,0.97607421875,-0.1336113296165801,-8.75365727943187,12,12
487,0.5,two_day,weak_skew,0.48828125,4.201873663909211,-8.75365727943187,12,12
487,0.5,four_day,alt,0.0625,-10.929183170359758,-8.75365727943187,6,12
487,0.5,four_day,sharp,0.3125,-2.500701859745046,-8.75365727943187,6,12
487,0.5,four_day,weak,0.125,-4.746411164310618,-8.75365727943187,6,12
487,0.5,four_day,weak_skew,0.3125,7.387356927913516,-8.75365727943187,6,12
488,0.5,daily,alt,0.01739652069586083,-5.769658260928367,-7.729939918958209,12,12
488,0.5,daily,sharp,0.6798640271945611,-0.8088367737136549,-7.729939918958209,12,12
488,0.5,daily,weak,0.5126974605078984,-1.8271894458308495,-7.729939918958209,12,12
488,0.5,daily,weak_skew,0.6840631873625275,-0.7514020574682002,-7.729939918958209,12,12
488,0.5,two_day,alt,0.00048828125,-8.131351945568314,-7.729939918958209,12,12
488,0.5,two_day,sharp,0.4658203125,-0.8357717698949839,-7.729939918958209,12,12
488,0.5,two_day,weak,0.08203125,-4.8978156383187565,-7.729939918958209,12,12
488,0.5,two_day,weak_skew,0.4638671875,-2.4982507181233955,-7.729939918958209,12,12
488,0.5,four_day,alt,0.03125,-9.381107448742386,-7.729939918958209,6,12
488,0.5,four_day,sharp,0.25,-1.5518068558923268,-7.729939918958209,6,12
488,0.5,four_day,weak,0.96875,0.07967784803960853,-7.729939918958209,6,12
488,0.5,four_day,weak_skew,0.78125,-1.3885617421109266,-7.729939918958209,6,12
489,0.5,daily,alt,0.003199360127974405,-10.507330256368922,-8.156547716555615,12,12
489,0.5,daily,sharp,0.10237952409518096,-2.0204205471637433,-8.156547716555615,12,12
489,0.5,daily,weak,0.0635872825434913,-4.373432848938461,-8.156547716555615,12,12
489,0.5,daily,weak_skew,0.7756448710257948,-0.635449574251366,-8.156547716555615,12,12
489,0.5,two_day,alt,0.14306640625,-6.407332225052174,-8.156547716555615,12,12
489,0.5,two_day,sharp,0.6484375,1.358105721000842,-8.156547716555615,12,12
489,0.5,two_day,weak,0.822265625,-1.0221625592211876,-8.156547716555615,12,12
489,0.5,two_day,weak_skew,0.71240234375,1.5987556250964658,-8.156547716555615,12,12
489,0.5,four_day,alt,0.125,-7.88135908244037,-8.156547716555615,6,12
489,0.5,four_day,sharp,0.9375,-0.20978862429695985,-8.156547716555615,6,12
489,0.5,four_day,weak,1.0,0.10300681113074124,-8.156547716555615,6,12
489,0.5,four_day,weak_skew,0.09375,-6.238505536762232,-8.156547716555615,6,12
490,0.5,daily,alt,0.060787842431513694,-4.90523988287167,-8.22954818753535,12,12
490,0.5,daily,sharp,0.5522895420915817,0.8541937195990125,-8.22954818753535,12,12
490,0.5,daily,weak,0.8762247550489902,0.41055138175106026,-8.22954818753535,12,12
490,0.5,daily,weak_skew,0.8662267546490702,-0.22463577265418344,-8.22954818753535,12,12
490,0.5,two_day,alt,0.11181640625,-6.7659638948012635,-8.22954818753535,12,12
490,0.5,two_day,sharp,0.91748046875,0.2680630711423581,-8.22954818753535,12,12
490,0.5,two_day,weak,0.18994140625,5.221542202800548,-8.22954818753535,12,12
490,0.5,two_day,weak_skew,0.9609375,-0.17766291406393778,-8.22954818753535,12,12
490,0.5,four_day,alt,0.09375,-7.925684500508248,-8.22954818753535,6,12
490,0.5,four_day,sharp,0.84375,-0.3304906289023191,-8.22954818753535,6,12
490,0.5,four_day,weak,0.25,-7.502522886184951,-8.22954818753535,6,12
490,0.5,four_day,weak_skew,0.78125,-0.6959203359403006,-8.22954818753535,6,12
491,0.5,daily,alt,0.16416716656668667,-5.69227741446797,-6.702294700731123,12,12
491,0.5,daily,sharp,0.9472105578884223,0.1281870057608252,-6.702294700731123,12,12
491,0.5,daily,weak,0.6254749050189962,-1.77394891300943,-6.702294700731123,12,12
491,0.5,daily,weak_skew,0.22595480903819237,-1.9103534883968145,-6.702294700731123,12,12
491,0.5,two_day,alt,0.87060546875,1.0019543660235393,-6.702294700731123,12,12
491,0.5,two_day,sharp,0.71044921875,0.6934920474232348,-6.702294700731123,12,12
491,0.5,two_day,weak,0.22802734375,-4.935219654114647,-6.702294700731123,12,12
491,0.5,two_day,weak_skew,0.64453125,1.502630481743563,-6.702294700731123,12,12
491,0.5,four_day,alt,0.46875,-6.793852304704694,-6.702294700731123,6,12
491,0.5,four_day,sharp,0.90625,1.1072324497092108,-6.702294700731123,6,12
491,0.5,four_day,weak,0.71875,2.8594549670533596,-6.702294700731123,6,12
491,0.5,four_day,weak_skew,0.6875,-1.9109863247681236,-6.702294700731123,6,12
492,0.5,daily,alt,0.6024795040991802,-1.2890683217190564,-8.263808632727539,12,12
492,0.5,daily,sharp,0.07058588282343531,3.157225676137277,-8.263808632727539,12,12
492,0.5,daily,weak,0.6116776644671066,1.6439711049564192,-8.263808632727539,12,12
492,0.5,daily,weak_skew,0.11357728454309138,2.567259161920427,-8.263808632727539,12,12
492,0.5,two_day,alt,0.380859375,-4.450457662322548,-8.263808632727539,12,12
492,0.5,two_day,sharp,0.55322265625,2.0866946521218313,-8.263808632727539,12,12
492,0.5,two_day,weak,0.68994140625,1.7709429060676112,-8.263808632727539,12,12
492,0.5,two_day,weak_skew,0.548828125,2.4722087320901256,-8.263808632727539,12,12
492,0.5,four_day,alt,0.15625,-5.501769008067188,-8.263808632727539,6,12
492,0.5,four_day,sharp,0.59375,2.2418104297383756,-8.263808632727539,6,12
492,0.5,four_day,weak,0.9375,-0.27948935536636316,-8.263808632727539,6,12
492,0.5,four_day,weak_skew,0.90625,1.9443700812786204,-8.263808632727539,6,12
493,0.5,daily,alt,0.0627874425114977,-5.781969743684374,-5.778991286595776,12,12
493,0.5,daily,sharp,0.6144771045790842,1.0282860448474664,-5.778991286595776,12,12
493,0.5,daily,weak,0.729254149170166,0.6851341780658148,-5.778991286595776,12,12
493,0.5,daily,weak_skew,0.9630073985202959,-0.13380507482690498,-5.778991286595776,12,12
493,0.5,two_day,alt,0.48876953125,-3.8824179032089225,-5.778991286595776,12,12
493,0.5,two_day,sharp,0.47314453125,-1.3484325319869743,-5.778991286595776,12,12
493,0.5,two_day,weak,0.404296875,2.4944615145808355,-5.778991286595776,12,12
493,0.5,two_day,weak_skew,0.6396484375,1.8856961231507416,-5.778991286595776,12,12
493,0.5,four_day,alt,0.8125,-1.420959517654521,-5.778991286595776,6,12
493,0.5,four_day,sharp,0.0625,2.449528395844203,-5.778991286595776,6,12
493,0.5,four_day,weak,0.875,1.9439339437473617,-5.778991286595776,6,12
493,0.5,four_day,weak_skew,0.09375,8.827629027907868,-5.778991286595776,6,12
494,0.5,daily,alt,0.002599480103979204,-6.852548083907709,-5.851883876837903,12,12
494,0.5,daily,sharp,0.9256148770245951,-0.2032066388983965,-5.851883876837903,12,12
494,0.5,daily,weak,0.5538892221555689,-2.0606952147588404,-5.851883876837903,12,12
494,0.5,daily,weak_skew,0.26714657068586284,4.8401043398861034,-5.851883876837903,12,12
494,0.5,two_day,alt,0.001953125,-10.579417711681684,-5.851883876837903,12,12
494,0.5,two_day,sharp,0.09423828125,-3.7665275279616037,-5.851883876837903,12,12
494,0.5,two_day,weak,0.111328125,-5.4206654402867995,-5.851883876837903,12,12
494,0.5,two_day,weak_skew,0.0009765625,-7.144299133088492,-5.851883876837903,12,12
494,0.5,four_day,alt,0.03125,-6.810801448960629,-5.851883876837903,6,12
494,0.5,four_day,sharp,0.875,0.5312358568415144,-5.851883876837903,6,12
494,0.5,four_day,weak,0.90625,-1.681405624825467,-5.851883876837903,6,12
494,0.5,four_day,weak_skew,0.28125,8.459002186024227,-5.851883876837903,6,12
495,0.5,daily,alt,0.0001999600079984003,-12.70784099144835,-10.12516841349484,12,12
495,0.5,daily,sharp,0.3173365326934613,-3.1482368662832774,-10.12516841349484,12,12
495,0.5,daily,weak,0.8302339532093581,-0.7648505292999879,-10.12516841349484,12,12
495,0.5,daily,weak_skew,0.6102779444111178,-1.689641026105517,-10.12516841349484,12,12
495,0.5,two_day,alt,0.02734375,-10.797255041620943,-10.12516841349484,12,12
495,0.5,two_day,sharp,0.75537109375,-1.0623261004371567,-10.12516841349484,12,12
495,0.5,two_day,weak,0.859375,-0.7126835916661461,-10.12516841349484,12,12
495,0.5,two_day,weak_skew,0.3779296875,-3.174793187185648,-10.12516841349484,12,12
495,0.5,four_day,alt,0.15625,-11.973430507600149,-10.12516841349484,6,12
495,0.5,four_day,sharp,0.53125,-3.1872886514002743,-10.12516841349484,6,12
495,0.5,four_day,weak,0.46875,-7.886148485863566,-10.12516841349484,6,12
495,0.5,four_day,weak_skew,0.78125,-1.7843008276760155,-10.12516841349484,6,12
496,0.5,daily,alt,0.20975804839032194,-3.4340149799913973,-8.488846152422049,12,12
496,0.5,daily,sharp,0.2689462107578484,2.7076393182319634,-8.488846152422049,12,12
496,0.5,daily,weak,0.47590481903619275,2.136623164032135,-8.488846152422049,12,12
496,0.5,daily,weak_skew,0.4433113377324535,2.296218014079232,-8.488846152422049,12,12
496,0.5,two_day,alt,0.10986328125,-6.829472760083971,-8.488846152422049,12,12
496,0.5,two_day,sharp,0.81005859375,-0.7682044574347225,-8.488846152422049,12,12
496,0.5,two_day,weak,0.23583984375,-4.813653778800451,-8.488846152422049,12,12
496,0.5,two_day,weak_skew,0.8046875,1.413945823603458,-8.488846152422049,12,12
496,0.5,four_day,alt,0.0625,-9.774636371760446,-8.488846152422049,6,12
496,0.5,four_day,sharp,0.8125,-0.9047177642544592,-8.488846152422049,6,12
496,0.5,four_day,weak,0.84375,0.8572948207671919,-8.488846152422049,6,12
496,0.5,four_day,weak_skew,0.34375,-3.946859703376385,-8.488846152422049,6,12
497,0.5,daily,alt,0.001799640071985603,-9.332908551980294,-8.223521961849613,12,12
497,0.5,daily,sharp,0.22055588882223556,-1.69510107636283,-8.223521961849613,12,12
497,0.5,daily,weak,0.8252349530093981,-0.4582329286631097,-8.223521961849613,12,12
497,0.5,daily,weak_skew,0.5816836632673466,-1.3423466554762442,-8.223521961849613,12,12
497,0.5,two_day,alt,0.00390625,-9.66097052714994,-8.223521961849613,12,12
497,0.5,two_day,sharp,0.4599609375,-1.624470517165611,-8.223521961849613,12,12
497,0.5,two_day,weak,0.45947265625,-2.6415011185203743,-8.223521961849613,12,12
497,0.5,two_day,weak_skew,0.5576171875,2.5581286356272392,-8.223521961849613,12,12
497,0.5,four_day,alt,0.03125,-15.507916036032398,-8.223521961849613,6,12
497,0.5,four_day,sharp,0.21875,-5.397157921356836,-8.223521961849613,6,12
497,0.5,four_day,weak,0.1875,-8.704716022346025,-8.223521961849613,6,12
497,0.5,four_day,weak_skew,0.875,-1.8865181778899434,-8.223521961849613,6,12
498,0.5,daily,alt,0.04079184163167367,-4.048150943812224,-7.123376897962473,12,12
498,0.5,daily,sharp,0.5906818636272746,0.5820056232480345,-7.123376897962473,12,12
498,0.5,daily,weak,0.6904619076184763,-0.8286884880587367,-7.123376897962473,12,12
498,0.5,daily,weak_skew,0.651869626074785,1.215268375850736,-7.123376897962473,12,12
498,0.5,two_day,alt,0.404296875,-3.1976937218274455,-7.123376897962473,12,12
498,0.5,two_day,sharp,0.55615234375,1.2038423985769533,-7.123376897962473,12,12
498,0.5,two_day,weak,0.89599609375,0.40066796307272173,-7.123376897962473,12,12
498,0.5,two_day,weak_skew,0.8984375,-0.31657927592224944,-7.123376897962473,12,12
498,0.5,four_day,alt,0.28125,-3.6520942205976397,-7.123376897962473,6,12
498,0.5,four_day,sharp,0.625,1.6964804747259545,-7.123376897962473,6,12
498,0.5,four_day,weak,0.375,5.132453408035769,-7.123376897962473,6,12
498,0.5,four_day,weak_skew,0.71875,1.7694653629760282,-7.123376897962473,6,12
499,0.5,daily,alt,0.013397320535892822,-6.6983922588154385,-7.519314970635243,12,12
499,0.5,daily,sharp,0.7796440711857628,0.5863085074935975,-7.519314970635243,12,12
499,0.5,daily,weak,0.9080183963207359,-0.2866656508685151,-7.519314970635243,12,12
499,0.5,daily,weak_skew,0.7982403519296141,0.892006867300268,-7.519314970635243,12,12
499,0.5,two_day,alt,0.0927734375,-5.946952482810303,-7.519314970635243,12,12
499,0.5,two_day,sharp,0.166015625,2.7238611433238713,-7.519314970635243,12,12
499,0.5,two_day,weak,0.1708984375,4.389753187829961,-7.519314970635243,12,12
499,0.5,two_day,weak_skew,0.70849609375,-1.0017936382134678,-7.519314970635243,12,12
499,0.5,four_day,alt,0.0625,-12.638854912232125,-7.519314970635243,6,12
499,0.5,four_day,sharp,0.09375,-5.314859846831831,-7.519314970635243,6,12
499,0.5,four_day,weak,0.0625,-10.265519779828955,-7.519314970635243,6,12
499,0.5,four_day,weak_skew,0.03125,-7.521325092922251,-7.519314970635243,6,12
