rep,c,design,scenario,p,est,truth,n_units,weeks
0,1.0,daily,alt,0.76624675064987,-0.6697211467295153,-8.704136643601245,12,12
0,1.0,daily,sharp,0.6772645470905819,0.7112258311711172,-8.704136643601245,12,12
0,1.0,daily,weak,0.3453309338132374,1.5615428267808191,-8.704136643601245,12,12
0,1.0,daily,weak_skew,0.9436112777444511,0.17914650057389578,-8.704136643601245,12,12
0,1.0,two_day,alt,0.57568359375,-2.5417738432397843,-8.704136643601245,12,12
0,1.0,two_day,sharp,0.59033203125,2.622105136663459,-8.704136643601245,12,12
0,1.0,two_day,weak,0.41455078125,3.2872639648655047,-8.704136643601245,12,12
0,1.0,two_day,weak_skew,0.75732421875,1.2327219816453756,-8.704136643601245,12,12
0,1.0,four_day,alt,0.0625,-9.49854938256811,-8.704136643601245,6,12
0,1.0,four_day,sharp,0.5625,-1.595403952854415,-8.704136643601245,6,12
0,1.0,four_day,weak,0.375,-2.8130751950325084,-8.704136643601245,6,12
0,1.0,four_day,weak_skew,0.125,-6.394148629811004,-8.704136643601245,6,12
1,1.0,daily,alt,0.3189362127574485,-2.9207985555117784,-6.411302827405152,12,12
1,1.0,daily,sharp,0.7760447910417917,0.6947966769898594,-6.411302827405152,12,12
1,1.0,daily,weak,0.870625874825035,-0.5121469850978683,-6.411302827405152,12,12
1,1.0,daily,weak_skew,0.8218356328734253,-0.5023511568034161,-6.411302827405152,12,12
1,1.0,two_day,alt,0.03662109375,-3.7753758630634238,-6.411302827405152,12,12
1,1.0,two_day,sharp,0.78515625,0.6438999124541235,-6.411302827405152,12,12
1,1.0,two_day,weak,0.6435546875,1.478903209456491,-6.411302827405152,12,12
1,1.0,two_day,weak_skew,0.328125,3.4763887812387555,-6.411302827405152,12,12
1,1.0,four_day,alt,0.9375,0.4370478592532052,-6.411302827405152,6,12
1,1.0,four_day,sharp,0.28125,4.120606134080201,-6.411302827405152,6,12
1,1.0,four_day,weak,0.9375,-0.8225710431999277,-6.411302827405152,6,12
1,1.0,four_day,weak_skew,0.53125,2.6441255177808736,-6.411302827405152,6,12
2,1.0,daily,alt,0.013797240551889621,-4.861437341173872,-7.235881807058149,12,12
2,1.0,daily,sharp,0.5078984203159368,-1.0979836775546286,-7.235881807058149,12,12
2,1.0,daily,weak,0.30033993201359727,-2.4547271815993685,-7.235881807058149,12,12
2,1.0,daily,weak_skew,0.6500699860027994,2.2571936721643593,-7.235881807058149,12,12
2,1.0,two_day,alt,0.0908203125,-5.890383553319693,-7.235881807058149,12,12
2,1.0,two_day,sharp,0.49267578125,-1.9372123948348072,-7.235881807058149,12,12
2,1.0,two_day,weak,0.1474609375,-5.151177917529632,-7.235881807058149,12,12
2,1.0,two_day,weak_skew,0.11181640625,-5.319855068823415,-7.235881807058149,12,12
2,1.0,four_day,alt,0.59375,-2.631744257066489,-7.235881807058149,6,12
2,1.0,four_day,sharp,0.65625,1.7325048003472208,-7.235881807058149,6,12
2,1.0,four_day,weak,0.71875,1.8599757177902643,-7.235881807058149,6,12
2,1.0,four_day,weak_skew,0.875,-0.9815482254527481,-7.235881807058149,6,12
3,1.0,daily,alt,0.5260947810437913,8.926895542906285,-2.049325168766501,12,12
3,1.0,daily,sharp,0.9742051589682064,-0.09433518248731983,-2.049325168766501,12,12
3,1.0,daily,weak,0.5018996200759848,1.821496386005461,-2.049325168766501,12,12
3,1.0,daily,weak_skew,0.9628074385122976,-0.10786534580639066,-2.049325168766501,12,12
3,1.0,two_day,alt,0.759765625,2.654024468447242,-2.049325168766501,12,12
3,1.0,two_day,sharp,0.9912109375,0.044463739453259286,-2.049325168766501,12,12
3,1.0,two_day,weak,0.5126953125,-2.4324149164968443,-2.049325168766501,12,12
3,1.0,two_day,weak_skew,0.56298828125,3.7755076736116013,-2.049325168766501,12,12
3,1.0,four_day,alt,0.875,-2.468532031289152,-2.049325168766501,6,12
3,1.0,four_day,sharp,0.40625,-4.947167710405704,-2.049325168766501,6,12
3,1.0,four_day,weak,0.5,-6.421931596323909,-2.049325168766501,6,12
3,1.0,four_day,weak_skew,0.25,-8.676647045887472,-2.049325168766501,6,12
4,1.0,daily,alt,0.008798240351929614,-7.181792550022273,-11.34047156728139,12,12
4,1.0,daily,sharp,0.9198160367926415,0.24706999035482072,-11.34047156728139,12,12
4,1.0,daily,weak,0.6942611477704459,1.1551694157939547,-11.34047156728139,12,12
4,1.0,daily,weak_skew,0.5320935812837433,-1.722249634753629,-11.34047156728139,12,12
4,1.0,two_day,alt,0.3857421875,-3.8148532848567807,-11.34047156728139,12,12
4,1.0,two_day,sharp,0.69140625,1.2704611052186188,-11.34047156728139,12,12
4,1.0,two_day,weak,0.81005859375,1.1088116567602289,-11.34047156728139,12,12
4,1.0,two_day,weak_skew,0.935546875,0.4780302952141036,-11.34047156728139,12,12
4,1.0,four_day,alt,0.09375,-7.880941992308132,-11.34047156728139,6,12
4,1.0,four_day,sharp,0.0625,3.455686086955666,-11.34047156728139,6,12
4,1.0,four_day,weak,0.59375,5.39673368243315,-11.34047156728139,6,12
4,1.0,four_day,weak_skew,0.625,2.391131456651884,-11.34047156728139,6,12
5,1.0,daily,alt,0.7126574685062987,0.9370746828117001,-8.816528109197819,12,12
5,1.0,daily,sharp,0.17016596680663867,1.915015981092445,-8.816528109197819,12,12
5,1.0,daily,weak,0.09298140371925614,3.7753087947715875,-8.816528109197819,12,12
5,1.0,daily,weak_skew,0.9766046790641871,-0.0669675935248133,-8.816528109197819,12,12
5,1.0,two_day,alt,0.0087890625,-8.438205223882845,-8.816528109197819,12,12
5,1.0,two_day,sharp,0.33740234375,-2.594335802418339,-8.816528109197819,12,12
5,1.0,two_day,weak,0.34912109375,-3.849452841005243,-8.816528109197819,12,12
5,1.0,two_day,weak_skew,0.013671875,-5.741477702572432,-8.816528109197819,12,12
5,1.0,four_day,alt,0.3125,-5.059737244927004,-8.816528109197819,6,12
5,1.0,four_day,sharp,0.84375,-0.6080161691149613,-8.816528109197819,6,12
5,1.0,four_day,weak,0.53125,-3.298487324866688,-8.816528109197819,6,12
5,1.0,four_day,weak_skew,0.1875,4.288655340242649,-8.816528109197819,6,12
6,1.0,daily,alt,0.0009998000399920016,-9.090240272158224,-8.600665432816001,12,12
6,1.0,daily,sharp,0.03499300139972006,-4.361619345787463,-8.600665432816001,12,12
6,1.0,daily,weak,0.09198160367926415,-5.035795492045787,-8.600665432816001,12,12
6,1.0,daily,weak_skew,0.020395920815836834,-6.841147075930015,-8.600665432816001,12,12
6,1.0,two_day,alt,0.04248046875,-5.509173616305745,-8.600665432816001,12,12
6,1.0,two_day,sharp,0.61328125,0.8751277460380914,-8.600665432816001,12,12
6,1.0,two_day,weak,0.56787109375,-1.870416717060353,-8.600665432816001,12,12
6,1.0,two_day,weak_skew,0.3828125,-2.563049633189244,-8.600665432816001,12,12
6,1.0,four_day,alt,0.03125,-4.784922740450107,-8.600665432816001,6,12
6,1.0,four_day,sharp,0.65625,1.1538234788026631,-8.600665432816001,6,12
6,1.0,four_day,weak,0.71875,3.8403571348405663,-8.600665432816001,6,12
6,1.0,four_day,weak_skew,0.4375,3.143586204275305,-8.600665432816001,6,12
7,1.0,daily,alt,0.033193361327734455,-4.490542614158662,-5.8504388401833864,12,12
7,1.0,daily,sharp,0.0623875224955009,-2.5932239606365024,-5.8504388401833864,12,12
7,1.0,daily,weak,0.2375524895020996,-2.711756819833353,-5.8504388401833864,12,12
7,1.0,daily,weak_skew,0.0065986802639472104,-5.245855503818349,-5.8504388401833864,12,12
7,1.0,two_day,alt,0.02783203125,-7.2562122467759265,-5.8504388401833864,12,12
7,1.0,two_day,sharp,0.20458984375,-4.265711473293277,-5.8504388401833864,12,12
7,1.0,two_day,weak,0.119140625,-6.289564818205829,-5.8504388401833864,12,12
7,1.0,two_day,weak_skew,0.2265625,-5.250256647237855,-5.8504388401833864,12,12
7,1.0,four_day,alt,0.125,-9.770334494633104,-5.8504388401833864,6,12
7,1.0,four_day,sharp,0.34375,-4.387850720655471,-5.8504388401833864,6,12
7,1.0,four_day,weak,0.625,-2.5637668627353194,-5.8504388401833864,6,12
7,1.0,four_day,weak_skew,0.0625,-9.998065559085628,-5.8504388401833864,6,12
8,1.0,daily,alt,0.30033993201359727,-3.3537135002579563,-9.157646601586912,12,12
8,1.0,daily,sharp,0.22015596880623875,2.1734397810515684,-9.157646601586912,12,12
8,1.0,daily,weak,0.8282343531293741,-0.4152803140355405,-9.157646601586912,12,12
8,1.0,daily,weak_skew,0.3823235352929414,2.912764023461211,-9.157646601586912,12,12
8,1.0,two_day,alt,0.98583984375,-0.0715934688448101,-9.157646601586912,12,12
8,1.0,two_day,sharp,0.0771484375,4.559536592190317,-9.157646601586912,12,12
8,1.0,two_day,weak,0.0556640625,7.966283165399612,-9.157646601586912,12,12
8,1.0,two_day,weak_skew,0.1689453125,4.594272335678813,-9.157646601586912,12,12
8,1.0,four_day,alt,0.03125,-7.47382851576582,-9.157646601586912,6,12
8,1.0,four_day,sharp,0.8125,0.8798138404931907,-9.157646601586912,6,12
8,1.0,four_day,weak,0.53125,-2.557040047144691,-9.157646601586912,6,12
8,1.0,four_day,weak_skew,1.0,0.1461553524372962,-9.157646601586912,6,12
9,1.0,daily,alt,0.7048590281943611,-1.046305832743495,-3.2182728748534544,12,12
9,1.0,daily,sharp,0.3067386522695461,2.120302229890384,-3.2182728748534544,12,12
9,1.0,daily,weak,0.28314337132573486,3.261446324639781,-3.2182728748534544,12,12
9,1.0,daily,weak_skew,0.5766846630673865,1.5781135301025906,-3.2182728748534544,12,12
9,1.0,two_day,alt,0.31298828125,-3.4601145448571273,-3.2182728748534544,12,12
9,1.0,two_day,sharp,0.45849609375,-2.321312457383683,-3.2182728748534544,12,12
9,1.0,two_day,weak,0.28173828125,-4.035851876735403,-3.2182728748534544,12,12
9,1.0,two_day,weak_skew,0.869140625,-0.5619845038660755,-3.2182728748534544,12,12
9,1.0,four_day,alt,0.78125,-1.8065309239943528,-3.2182728748534544,6,12
9,1.0,four_day,sharp,0.84375,-0.5976645355542587,-3.2182728748534544,6,12
9,1.0,four_day,weak,1.0,0.1558115632146304,-3.2182728748534544,6,12
9,1.0,four_day,weak_skew,0.71875,-1.9321915291290495,-3.2182728748534544,6,12
10,1.0,daily,alt,0.047590481903619274,-4.292004455914533,-6.261212016700597,12,12
10,1.0,daily,sharp,0.8918216356728654,-0.2143730236076736,-6.261212016700597,12,12
10,1.0,daily,weak,0.7496500699860028,0.8359537709252258,-6.261212016700597,12,12
10,1.0,daily,weak_skew,0.08198360327934413,-3.286162530850152,-6.261212016700597,12,12
10,1.0,two_day,alt,0.697265625,3.544330197939292,-6.261212016700597,12,12
10,1.0,two_day,sharp,0.63525390625,1.14455800106158,-6.261212016700597,12,12
10,1.0,two_day,weak,0.96240234375,-0.1432050629541687,-6.261212016700597,12,12
10,1.0,two_day,weak_skew,0.74755859375,0.8515385051423093,-6.261212016700597,12,12
10,1.0,four_day,alt,0.03125,-10.536782811743288,-6.261212016700597,6,12
10,1.0,four_day,sharp,0.21875,-3.102469740400219,-6.261212016700597,6,12
10,1.0,four_day,weak,0.25,-8.054806257358038,-6.261212016700597,6,12
10,1.0,four_day,weak_skew,0.5,-1.8668262109197482,-6.261212016700597,6,12
11,1.0,daily,alt,0.10577884423115377,-2.80817992800671,-7.3259410754958125,12,12
11,1.0,daily,sharp,0.24135172965406917,1.2956914966592972,-7.3259410754958125,12,12
11,1.0,daily,weak,0.08038392321535692,3.0484102899300702,-7.3259410754958125,12,12
11,1.0,daily,weak_skew,0.39912017596480703,1.3439507022905002,-7.3259410754958125,12,12
11,1.0,two_day,alt,0.7294921875,1.3743860615957904,-7.3259410754958125,12,12
11,1.0,two_day,sharp,0.140625,3.843734068362261,-7.3259410754958125,12,12
11,1.0,two_day,weak,0.0849609375,7.074680828590218,-7.3259410754958125,12,12
11,1.0,two_day,weak_skew,0.74951171875,0.9597805248448706,-7.3259410754958125,12,12
11,1.0,four_day,alt,0.125,-5.515771080207931,-7.3259410754958125,6,12
11,1.0,four_day,sharp,0.90625,0.2918745002596393,-7.3259410754958125,6,12
11,1.0,four_day,weak,0.34375,3.6446216230751247,-7.3259410754958125,6,12
11,1.0,four_day,weak_skew,0.65625,-1.8747584463394074,-7.3259410754958125,6,12
12,1.0,daily,alt,0.5936812637472505,2.1860664789005653,-7.969317755941347,12,12
12,1.0,daily,sharp,0.08638272345530894,5.358341816210519,-7.969317755941347,12,12
12,1.0,daily,weak,0.2981403719256149,4.702934391373561,-7.969317755941347,12,12
12,1.0,daily,weak_skew,0.1871625674865027,4.68824332885002,-7.969317755941347,12,12
12,1.0,two_day,alt,0.939453125,0.453909460014487,-7.969317755941347,12,12
12,1.0,two_day,sharp,0.80126953125,0.8254880196266807,-7.969317755941347,12,12
12,1.0,two_day,weak,0.88330078125,-0.672020533763544,-7.969317755941347,12,12
12,1.0,two_day,weak_skew,0.40771484375,2.491294031595746,-7.969317755941347,12,12
12,1.0,four_day,alt,0.03125,-18.85275006721789,-7.969317755941347,6,12
12,1.0,four_day,sharp,0.09375,-7.165184743039582,-7.969317755941347,6,12
12,1.0,four_day,weak,0.1875,-5.723649782140192,-7.969317755941347,6,12
12,1.0,four_day,weak_skew,0.5,-3.9523868006444984,-7.969317755941347,6,12
13,1.0,daily,alt,0.3061387722455509,-5.644529982780269,-3.5968890026610865,12,12
13,1.0,daily,sharp,0.595880823835233,-2.8239845451798193,-3.5968890026610865,12,12
13,1.0,daily,weak,0.6022795440911818,-2.971554905828175,-3.5968890026610865,12,12
13,1.0,daily,weak_skew,0.523495300939812,-3.106545799104167,-3.5968890026610865,12,12
13,1.0,two_day,alt,0.390625,10.736984100493524,-3.5968890026610865,12,12
13,1.0,two_day,sharp,0.181640625,9.030156106024421,-3.5968890026610865,12,12
13,1.0,two_day,weak,0.60009765625,5.878140893599493,-3.5968890026610865,12,12
13,1.0,two_day,weak_skew,0.48291015625,6.170604423962215,-3.5968890026610865,12,12
13,1.0,four_day,alt,0.21875,-4.22259894217721,-3.5968890026610865,6,12
13,1.0,four_day,sharp,0.6875,0.9401485962849634,-3.5968890026610865,6,12
13,1.0,four_day,weak,0.28125,5.117170984689885,-3.5968890026610865,6,12
13,1.0,four_day,weak_skew,0.9375,0.3322138975192104,-3.5968890026610865,6,12
14,1.0,daily,alt,0.0005998800239952009,-7.624824441835376,-6.352446320611406,12,12
14,1.0,daily,sharp,0.007998400319936013,-3.178621708113616,-6.352446320611406,12,12
14,1.0,daily,weak,0.14857028594281144,-2.7600285138424,-6.352446320611406,12,12
14,1.0,daily,weak_skew,0.021795640871825634,-4.397504678062105,-6.352446320611406,12,12
14,1.0,two_day,alt,0.4716796875,-2.606413400447288,-6.352446320611406,12,12
14,1.0,two_day,sharp,0.79833984375,0.6480905531305142,-6.352446320611406,12,12
14,1.0,two_day,weak,0.9375,0.3706500313136291,-6.352446320611406,12,12
14,1.0,two_day,weak_skew,0.53271484375,2.166226728593698,-6.352446320611406,12,12
14,1.0,four_day,alt,0.03125,-8.098744662850743,-6.352446320611406,6,12
14,1.0,four_day,sharp,0.375,-2.252425708788041,-6.352446320611406,6,12
14,1.0,four_day,weak,0.15625,-7.1448290055207595,-6.352446320611406,6,12
14,1.0,four_day,weak_skew,0.4375,-2.656967078130078,-6.352446320611406,6,12
15,1.0,daily,alt,0.1877624475104979,-4.59930498601662,-8.261622200747333,12,12
15,1.0,daily,sharp,0.8288342331533693,-0.7143025852618704,-8.261622200747333,12,12
15,1.0,daily,weak,0.6234753049390122,-2.1324309513770285,-8.261622200747333,12,12
15,1.0,daily,weak_skew,0.9624075184963007,-0.16429300107775013,-8.261622200747333,12,12
15,1.0,two_day,alt,0.76220703125,-0.8626199967844776,-8.261622200747333,12,12
15,1.0,two_day,sharp,0.15869140625,3.981851316416474,-8.261622200747333,12,12
15,1.0,two_day,weak,0.27099609375,5.689827868946327,-8.261622200747333,12,12
15,1.0,two_day,weak_skew,0.52294921875,2.291028969693331,-8.261622200747333,12,12
15,1.0,four_day,alt,0.03125,-10.673151861887172,-8.261622200747333,6,12
15,1.0,four_day,sharp,0.3125,-2.4966507560879947,-8.261622200747333,6,12
15,1.0,four_day,weak,0.5,-3.5484853812352894,-8.261622200747333,6,12
15,1.0,four_day,weak_skew,0.3125,-4.006811193174278,-8.261622200747333,6,12
16,1.0,daily,alt,0.15536892621475704,-4.082643302881958,-8.65090879318874,12,12
16,1.0,daily,sharp,0.9442111577684463,-0.0925694438723254,-8.65090879318874,12,12
16,1.0,daily,weak,0.34133173365326935,-2.2178334617488615,-8.65090879318874,12,12
16,1.0,daily,weak_skew,0.5060987802439512,1.7910151402629904,-8.65090879318874,12,12
16,1.0,two_day,alt,0.65576171875,-2.097147900801468,-8.65090879318874,12,12
16,1.0,two_day,sharp,0.7431640625,0.8261772346099884,-8.65090879318874,12,12
16,1.0,two_day,weak,0.34033203125,2.989516611897834,-8.65090879318874,12,12
16,1.0,two_day,weak_skew,0.88623046875,0.44519120135575047,-8.65090879318874,12,12
16,1.0,four_day,alt,0.59375,-3.044399295973111,-8.65090879318874,6,12
16,1.0,four_day,sharp,0.375,3.1292984478940276,-8.65090879318874,6,12
16,1.0,four_day,weak,0.3125,7.181681640382949,-8.65090879318874,6,12
16,1.0,four_day,weak_skew,0.875,2.062261088276314,-8.65090879318874,6,12
17,1.0,daily,alt,0.3063387322535493,-5.1556780988564315,-5.509422427985854,12,12
17,1.0,daily,sharp,0.6972605478904219,-1.8291365998069165,-5.509422427985854,12,12
17,1.0,daily,weak,0.7078584283143371,-2.5292045680757798,-5.509422427985854,12,12
17,1.0,daily,weak_skew,0.34833033393321333,-4.724216419150586,-5.509422427985854,12,12
17,1.0,two_day,alt,0.96728515625,0.35787358847355694,-5.509422427985854,12,12
17,1.0,two_day,sharp,0.85009765625,0.5083196087945551,-5.509422427985854,12,12
17,1.0,two_day,weak,0.783203125,-0.9232502581794483,-5.509422427985854,12,12
17,1.0,two_day,weak_skew,0.953125,-0.3287647739372777,-5.509422427985854,12,12
17,1.0,four_day,alt,0.46875,-3.6177270538322794,-5.509422427985854,6,12
17,1.0,four_day,sharp,0.75,1.7963284991981172,-5.509422427985854,6,12
17,1.0,four_day,weak,0.15625,-8.344743799559867,-5.509422427985854,6,12
17,1.0,four_day,weak_skew,0.1875,9.983537977087394,-5.509422427985854,6,12
18,1.0,daily,alt,0.023395320935812838,-5.44993280999887,-5.050261150917628,12,12
18,1.0,daily,sharp,0.28274345130973805,-2.157656549685262,-5.050261150917628,12,12
18,1.0,daily,weak,0.2425514897020596,-3.443951780326761,-5.050261150917628,12,12
18,1.0,daily,weak_skew,0.6414717056588682,-0.9806537635945999,-5.050261150917628,12,12
18,1.0,two_day,alt,0.0263671875,-6.359320743915137,-5.050261150917628,12,12
18,1.0,two_day,sharp,0.1787109375,-2.4453897393961177,-5.050261150917628,12,12
18,1.0,two_day,weak,0.912109375,0.40008440587064403,-5.050261150917628,12,12
18,1.0,two_day,weak_skew,0.52294921875,-2.115148657794727,-5.050261150917628,12,12
18,1.0,four_day,alt,0.03125,-9.252364869158457,-5.050261150917628,6,12
18,1.0,four_day,sharp,0.03125,-3.7376426184998124,-5.050261150917628,6,12
18,1.0,four_day,weak,0.28125,-3.6130400908387537,-5.050261150917628,6,12
18,1.0,four_day,weak_skew,0.03125,-7.8398512525368105,-5.050261150917628,6,12
19,1.0,daily,alt,0.6912617476504699,-0.9693043191432581,-8.188934450490727,12,12
19,1.0,daily,sharp,0.642871425714857,0.6079143252649247,-8.188934450490727,12,12
19,1.0,daily,weak,0.6186762647470506,0.8722559869648272,-8.188934450490727,12,12
19,1.0,daily,weak_skew,0.4843031393721256,2.003551310882917,-8.188934450490727,12,12
19,1.0,two_day,alt,0.38671875,-2.9085313319112776,-8.188934450490727,12,12
19,1.0,two_day,sharp,0.55078125,1.2655131864850595,-8.188934450490727,12,12
19,1.0,two_day,weak,0.0439453125,7.095726037513003,-8.188934450490727,12,12
19,1.0,two_day,weak_skew,0.9091796875,0.3141587084242398,-8.188934450490727,12,12
19,1.0,four_day,alt,0.03125,-11.890116820306027,-8.188934450490727,6,12
19,1.0,four_day,sharp,0.21875,-3.9041073445043275,-8.188934450490727,6,12
19,1.0,four_day,weak,0.53125,-4.673936760260395,-8.188934450490727,6,12
19,1.0,four_day,weak_skew,0.875,-1.9022466904880204,-8.188934450490727,6,12
20,1.0,daily,alt,0.9348130373925215,0.9256119832983813,-5.914665143107385,12,12
20,1.0,daily,sharp,0.2601479704059188,3.341905955692568,-5.914665143107385,12,12
20,1.0,daily,weak,0.7206558688262348,-1.2398615723021358,-5.914665143107385,12,12
20,1.0,daily,weak_skew,0.5460907818436312,4.127871587634544,-5.914665143107385,12,12
20,1.0,two_day,alt,0.5810546875,-2.245187991522822,-5.914665143107385,12,12
20,1.0,two_day,sharp,0.69873046875,1.586509000637772,-5.914665143107385,12,12
20,1.0,two_day,weak,0.36767578125,-4.6627305290987335,-5.914665143107385,12,12
20,1.0,two_day,weak_skew,0.6923828125,1.776307575468574,-5.914665143107385,12,12
20,1.0,four_day,alt,0.96875,-0.13812884703615205,-5.914665143107385,6,12
20,1.0,four_day,sharp,0.3125,3.6479256797117494,-5.914665143107385,6,12
20,1.0,four_day,weak,0.46875,2.748211171947659,-5.914665143107385,6,12
20,1.0,four_day,weak_skew,0.375,5.059693566864805,-5.914665143107385,6,12
21,1.0,daily,alt,0.8678264347130574,-0.6072554290545314,-3.860490203050901,12,12
21,1.0,daily,sharp,0.7156568686262748,0.7393796547479893,-3.860490203050901,12,12
21,1.0,daily,weak,0.9928014397120576,-0.01926906875869842,-3.860490203050901,12,12
21,1.0,daily,weak_skew,0.8228354329134173,-0.6901603454922581,-3.860490203050901,12,12
21,1.0,two_day,alt,0.12646484375,-3.7241339549472507,-3.860490203050901,12,12
21,1.0,two_day,sharp,0.689453125,1.00093166465856,-3.860490203050901,12,12
21,1.0,two_day,weak,0.32080078125,3.4719590164412923,-3.860490203050901,12,12
21,1.0,two_day,weak_skew,0.16015625,-2.947746085347689,-3.860490203050901,12,12
21,1.0,four_day,alt,0.34375,-4.7154128335985925,-3.860490203050901,6,12
21,1.0,four_day,sharp,0.65625,-1.2307284953868407,-3.860490203050901,6,12
21,1.0,four_day,weak,0.28125,-4.988611941236752,-3.860490203050901,6,12
21,1.0,four_day,weak_skew,0.84375,1.6660561934044675,-3.860490203050901,6,12
22,1.0,daily,alt,0.46510697860427913,-1.22985040519419,-7.040072046358702,12,12
22,1.0,daily,sharp,0.36732653469306137,-1.0210640408094445,-7.040072046358702,12,12
22,1.0,daily,weak,0.7224555088982204,-0.8619103068824637,-7.040072046358702,12,12
22,1.0,daily,weak_skew,0.4521095780843831,-1.1532574108725981,-7.040072046358702,12,12
22,1.0,two_day,alt,0.58251953125,-2.277886606372087,-7.040072046358702,12,12
22,1.0,two_day,sharp,0.76416015625,-0.6547650044699456,-7.040072046358702,12,12
22,1.0,two_day,weak,0.56787109375,2.263178269078597,-7.040072046358702,12,12
22,1.0,two_day,weak_skew,0.58154296875,-1.5823374010596372,-7.040072046358702,12,12
22,1.0,four_day,alt,0.125,-12.111258578101237,-7.040072046358702,6,12
22,1.0,four_day,sharp,0.40625,-4.989299766816628,-7.040072046358702,6,12
22,1.0,four_day,weak,0.78125,1.2577565921630836,-7.040072046358702,6,12
22,1.0,four_day,weak_skew,0.5,-5.216974961241092,-7.040072046358702,6,12
23,1.0,daily,alt,0.6046790641871626,-2.344444351526366,-2.142190311371124,12,12
23,1.0,daily,sharp,0.34953009398120377,-3.1708592400296673,-2.142190311371124,12,12
23,1.0,daily,weak,0.6798640271945611,-1.5529794694826151,-2.142190311371124,12,12
23,1.0,daily,weak_skew,0.44891021795640873,-3.3835481027233953,-2.142190311371124,12,12
23,1.0,two_day,alt,0.8798828125,-0.6782930431145596,-2.142190311371124,12,12
23,1.0,two_day,sharp,0.9580078125,0.1512371007508347,-2.142190311371124,12,12
23,1.0,two_day,weak,0.89013671875,-0.5439578207698682,-2.142190311371124,12,12
23,1.0,two_day,weak_skew,0.57373046875,-1.7338166259112302,-2.142190311371124,12,12
23,1.0,four_day,alt,0.5,-3.1740298646522818,-2.142190311371124,6,12
23,1.0,four_day,sharp,0.53125,-2.0942661947394683,-2.142190311371124,6,12
23,1.0,four_day,weak,0.9375,-1.4116481948029194,-2.142190311371124,6,12
23,1.0,four_day,weak_skew,0.28125,-4.4742842669630285,-2.142190311371124,6,12
24,1.0,daily,alt,0.0027994401119776045,-8.976355254369631,-9.779947906989264,12,12
24,1.0,daily,sharp,0.13437312537492502,-3.625820920169066,-9.779947906989264,12,12
24,1.0,daily,weak,0.41251749650069985,-2.429461245269629,-9.779947906989264,12,12
24,1.0,daily,weak_skew,0.7016596680663867,-1.4512449191808887,-9.779947906989264,12,12
24,1.0,two_day,alt,0.23583984375,-5.244538106295939,-9.779947906989264,12,12
24,1.0,two_day,sharp,0.8232421875,0.5601175562933681,-9.779947906989264,12,12
24,1.0,two_day,weak,0.74951171875,0.997176484540559,-9.779947906989264,12,12
24,1.0,two_day,weak_skew,0.73046875,1.169527236620014,-9.779947906989264,12,12
24,1.0,four_day,alt,0.125,-7.665844775112561,-9.779947906989264,6,12
24,1.0,four_day,sharp,1.0,-0.28515385089652767,-9.779947906989264,6,12
24,1.0,four_day,weak,0.96875,0.15186969918029902,-9.779947906989264,6,12
24,1.0,four_day,weak_skew,0.71875,2.376014288230395,-9.779947906989264,6,12
25,1.0,daily,alt,0.04399120175964807,-4.6491592915962565,-5.2814639566772,12,12
25,1.0,daily,sharp,0.08678264347130574,-3.036090902097634,-5.2814639566772,12,12
25,1.0,daily,weak,0.11017796440711858,-4.347659403111856,-5.2814639566772,12,12
25,1.0,daily,weak_skew,0.060587882423515295,-3.5990196781534185,-5.2814639566772,12,12
25,1.0,two_day,alt,0.2138671875,-4.4693580032391,-5.2814639566772,12,12
25,1.0,two_day,sharp,0.76806640625,-0.917985262260288,-5.2814639566772,12,12
25,1.0,two_day,weak,0.23974609375,-5.038212233001054,-5.2814639566772,12,12
25,1.0,two_day,weak_skew,0.81591796875,-0.6039927066925189,-5.2814639566772,12,12
25,1.0,four_day,alt,0.125,-5.325489098582763,-5.2814639566772,6,12
25,1.0,four_day,sharp,0.625,-0.9435470496053059,-5.2814639566772,6,12
25,1.0,four_day,weak,0.375,-4.347618687886487,-5.2814639566772,6,12
25,1.0,four_day,weak_skew,0.75,2.1294055990022778,-5.2814639566772,6,12
26,1.0,daily,alt,0.021995600879824034,-7.087679067952721,-8.310961472036198,12,12
26,1.0,daily,sharp,0.20575884823035392,-2.9142461177431613,-8.310961472036198,12,12
26,1.0,daily,weak,0.33033393321335736,-2.515947932340529,-8.310961472036198,12,12
26,1.0,daily,weak_skew,0.09178164367126575,-4.320857529423628,-8.310961472036198,12,12
26,1.0,two_day,alt,0.09326171875,-7.058819341645136,-8.310961472036198,12,12
26,1.0,two_day,sharp,0.4853515625,-2.1774443775468875,-8.310961472036198,12,12
26,1.0,two_day,weak,0.900390625,-0.5270667227390966,-8.310961472036198,12,12
26,1.0,two_day,weak_skew,0.26220703125,-3.7051617745554855,-8.310961472036198,12,12
26,1.0,four_day,alt,0.46875,-4.545838792526322,-8.310961472036198,6,12
26,1.0,four_day,sharp,0.6875,1.8074230462382015,-8.310961472036198,6,12
26,1.0,four_day,weak,0.84375,-0.7320322501134923,-8.310961472036198,6,12
26,1.0,four_day,weak_skew,0.9375,-0.8908381106934691,-8.310961472036198,6,12
27,1.0,daily,alt,0.3297340531893621,-1.8359063708358754,-6.588707862231253,12,12
27,1.0,daily,sharp,0.9214157168566287,-0.12657107801997589,-6.588707862231253,12,12
27,1.0,daily,weak,0.6212757448510298,-0.8036808838122464,-6.588707862231253,12,12
27,1.0,daily,weak_skew,0.21315736852629474,-2.443584803001181,-6.588707862231253,12,12
27,1.0,two_day,alt,0.2236328125,-3.558339956217329,-6.588707862231253,12,12
27,1.0,two_day,sharp,0.623046875,1.2364079788558886,-6.588707862231253,12,12
27,1.0,two_day,weak,0.82958984375,-0.808246680217677,-6.588707862231253,12,12
27,1.0,two_day,weak_skew,0.4306640625,2.63875087004288,-6.588707862231253,12,12
27,1.0,four_day,alt,0.03125,-11.077416197960067,-6.588707862231253,6,12
27,1.0,four_day,sharp,0.125,-4.880936104078661,-6.588707862231253,6,12
27,1.0,four_day,weak,0.59375,1.6201346323319008,-6.588707862231253,6,12
27,1.0,four_day,weak_skew,0.78125,-1.7812362381969276,-6.588707862231253,6,12
28,1.0,daily,alt,0.09178164367126575,-3.0028559820759675,-7.9849093013744294,12,12
28,1.0,daily,sharp,0.7684463107378524,0.33285586628886854,-7.9849093013744294,12,12
28,1.0,daily,weak,0.521495700859828,-1.0806514094258415,-7.9849093013744294,12,12
28,1.0,daily,weak_skew,0.5820835832833433,0.9320325126348514,-7.9849093013744294,12,12
28,1.0,two_day,alt,0.25439453125,-3.1488973038402777,-7.9849093013744294,12,12
28,1.0,two_day,sharp,0.44140625,1.5028237083586735,-7.9849093013744294,12,12
28,1.0,two_day,weak,0.7607421875,0.8413290343547762,-7.9849093013744294,12,12
28,1.0,two_day,weak_skew,0.72802734375,0.9019453688519411,-7.9849093013744294,12,12
28,1.0,four_day,alt,0.6875,-2.0739237822092704,-7.9849093013744294,6,12
28,1.0,four_day,sharp,0.40625,2.8574653627304962,-7.9849093013744294,6,12
28,1.0,four_day,weak,0.5,1.6160229554369465,-7.9849093013744294,6,12
28,1.0,four_day,weak_skew,0.53125,4.798116335071441,-7.9849093013744294,6,12
29,1.0,daily,alt,0.27734453109378127,-4.187872287595817,-2.9296577102777803,12,12
29,1.0,daily,sharp,0.7754449110177964,-1.0076486304086238,-2.9296577102777803,12,12
29,1.0,daily,weak,0.6114777044591082,-2.0909848184617204,-2.9296577102777803,12,12
29,1.0,daily,weak_skew,0.9616076784643072,0.1235490038246893,-2.9296577102777803,12,12
29,1.0,two_day,alt,0.4306640625,-3.557690157377431,-2.9296577102777803,12,12
29,1.0,two_day,sharp,0.90380859375,0.5070716724947028,-2.9296577102777803,12,12
29,1.0,two_day,weak,0.783203125,-1.3044333247090354,-2.9296577102777803,12,12
29,1.0,two_day,weak_skew,0.3046875,5.549993355759874,-2.9296577102777803,12,12
29,1.0,four_day,alt,0.0625,-11.345095751005601,-2.9296577102777803,6,12
29,1.0,four_day,sharp,0.125,-5.4559065696143385,-2.9296577102777803,6,12
29,1.0,four_day,weak,0.5,3.757667933223079,-2.9296577102777803,6,12
29,1.0,four_day,weak_skew,0.03125,-11.544828936612271,-2.9296577102777803,6,12
30,1.0,daily,alt,0.16516696660667868,-3.842748737686447,-4.3072853512991145,12,12
30,1.0,daily,sharp,0.8860227954409118,0.45758691185835093,-4.3072853512991145,12,12
30,1.0,daily,weak,0.586882623475305,-2.1124665595997487,-4.3072853512991145,12,12
30,1.0,daily,weak_skew,0.6966606678664267,-1.4234908448367112,-4.3072853512991145,12,12
30,1.0,two_day,alt,0.10400390625,-5.915242322804981,-4.3072853512991145,12,12
30,1.0,two_day,sharp,0.62353515625,-1.3422231886027916,-4.3072853512991145,12,12
30,1.0,two_day,weak,0.8291015625,-0.9964464274871142,-4.3072853512991145,12,12
30,1.0,two_day,weak_skew,0.35693359375,-3.4988198403462847,-4.3072853512991145,12,12
30,1.0,four_day,alt,1.0,0.19143993903642928,-4.3072853512991145,6,12
30,1.0,four_day,sharp,0.59375,3.521788937849158,-4.3072853512991145,6,12
30,1.0,four_day,weak,0.65625,3.340036673955712,-4.3072853512991145,6,12
30,1.0,four_day,weak_skew,0.8125,1.8788701982224307,-4.3072853512991145,6,12
31,1.0,daily,alt,0.016996600679864027,-5.176592040925779,-5.9297014283516845,12,12
31,1.0,daily,sharp,0.33373325334933013,-1.5217690167267826,-5.9297014283516845,12,12
31,1.0,daily,weak,0.16876624675064986,-4.147875912035369,-5.9297014283516845,12,12
31,1.0,daily,weak_skew,0.3857228554289142,3.052382799947748,-5.9297014283516845,12,12
31,1.0,two_day,alt,0.26953125,-2.544349239383822,-5.9297014283516845,12,12
31,1.0,two_day,sharp,0.52197265625,-1.0233040958727007,-5.9297014283516845,12,12
31,1.0,two_day,weak,0.74169921875,-1.4176311783147153,-5.9297014283516845,12,12
31,1.0,two_day,weak_skew,0.470703125,-1.9227858104727389,-5.9297014283516845,12,12
31,1.0,four_day,alt,0.125,-8.755814586828278,-5.9297014283516845,6,12
31,1.0,four_day,sharp,0.0625,-5.26641643218968,-5.9297014283516845,6,12
31,1.0,four_day,weak,0.34375,-6.237662432455678,-5.9297014283516845,6,12
31,1.0,four_day,weak_skew,0.96875,-0.42544116888514577,-5.9297014283516845,6,12
32,1.0,daily,alt,0.07358528294341132,-5.154777735139037,-6.73604945401803,12,12
32,1.0,daily,sharp,0.5610877824435113,-1.4444097251321917,-6.73604945401803,12,12
32,1.0,daily,weak,0.7946410717856429,-0.798462691669938,-6.73604945401803,12,12
32,1.0,daily,weak_skew,0.7162567486502699,-1.126612473193261,-6.73604945401803,12,12
32,1.0,two_day,alt,0.06201171875,-7.6348554900326375,-6.73604945401803,12,12
32,1.0,two_day,sharp,0.5107421875,-2.2677140936725717,-6.73604945401803,12,12
32,1.0,two_day,weak,0.25341796875,-4.236325817903608,-6.73604945401803,12,12
32,1.0,two_day,weak_skew,0.42041015625,-3.210712439052351,-6.73604945401803,12,12
32,1.0,four_day,alt,0.0625,-9.334492265295566,-6.73604945401803,6,12
32,1.0,four_day,sharp,0.5,-2.799728277643721,-6.73604945401803,6,12
32,1.0,four_day,weak,0.4375,-2.305480763287484,-6.73604945401803,6,12
32,1.0,four_day,weak_skew,0.75,-1.650020825296701,-6.73604945401803,6,12
33,1.0,daily,alt,0.5448910217956409,-2.067778329355209,-6.286278958518558,12,12
33,1.0,daily,sharp,0.5222955408918216,1.863379835154402,-6.286278958518558,12,12
33,1.0,daily,weak,0.20575884823035392,5.74046369617104,-6.286278958518558,12,12
33,1.0,daily,weak_skew,0.7732453509298141,1.0597397405640923,-6.286278958518558,12,12
33,1.0,two_day,alt,0.4091796875,-3.786378683265856,-6.286278958518558,12,12
33,1.0,two_day,sharp,0.21337890625,-3.724795633642138,-6.286278958518558,12,12
33,1.0,two_day,weak,0.04541015625,-7.802361862000397,-6.286278958518558,12,12
33,1.0,two_day,weak_skew,0.2412109375,-4.302145054160946,-6.286278958518558,12,12
33,1.0,four_day,alt,0.9375,-0.9831144363741693,-6.286278958518558,6,12
33,1.0,four_day,sharp,0.59375,1.7956181902445632,-6.286278958518558,6,12
33,1.0,four_day,weak,0.96875,0.16905132308013057,-6.286278958518558,6,12
33,1.0,four_day,weak_skew,0.84375,0.5125521178201673,-6.286278958518558,6,12
34,1.0,daily,alt,0.01279744051189762,-5.764599651984592,-8.5551657673752,12,12
34,1.0,daily,sharp,0.12577484503099381,-2.4625401130324485,-8.5551657673752,12,12
34,1.0,daily,weak,0.021995600879824034,-5.964972874242851,-8.5551657673752,12,12
34,1.0,daily,weak_skew,0.05418916216756649,-3.931196996023403,-8.5551657673752,12,12
34,1.0,two_day,alt,0.005859375,-7.51663553290166,-8.5551657673752,12,12
34,1.0,two_day,sharp,0.240234375,-2.2941803397211875,-8.5551657673752,12,12
34,1.0,two_day,weak,0.63232421875,1.2012356416901244,-8.5551657673752,12,12
34,1.0,two_day,weak_skew,0.064453125,-5.093679885206975,-8.5551657673752,12,12
34,1.0,four_day,alt,0.09375,-6.9056669245503315,-8.5551657673752,6,12
34,1.0,four_day,sharp,0.90625,0.3653103623974718,-8.5551657673752,6,12
34,1.0,four_day,weak,0.1875,-7.558396117211665,-8.5551657673752,6,12
34,1.0,four_day,weak_skew,1.0,-0.06462850928655091,-8.5551657673752,6,12
35,1.0,daily,alt,0.8794241151769646,1.062664221912658,-6.072544471878643,12,12
35,1.0,daily,sharp,0.2643471305738852,2.013452211300264,-6.072544471878643,12,12
35,1.0,daily,weak,0.3795240951809638,2.62061886892781,-6.072544471878643,12,12
35,1.0,daily,weak_skew,0.36892621475704857,2.1808562525947868,-6.072544471878643,12,12
35,1.0,two_day,alt,0.00390625,-10.125885037690479,-6.072544471878643,12,12
35,1.0,two_day,sharp,0.03369140625,-6.317956371539498,-6.072544471878643,12,12
35,1.0,two_day,weak,0.005859375,-11.379333718210171,-6.072544471878643,12,12
35,1.0,two_day,weak_skew,0.00390625,-8.63744311675726,-6.072544471878643,12,12
35,1.0,four_day,alt,0.1875,-7.269777059392317,-6.072544471878643,6,12
35,1.0,four_day,sharp,0.1875,-3.0213777241744793,-6.072544471878643,6,12
35,1.0,four_day,weak,0.53125,-4.341311368641667,-6.072544471878643,6,12
35,1.0,four_day,weak_skew,0.125,-5.498249890708897,-6.072544471878643,6,12
36,1.0,daily,alt,0.5490901819636073,3.048260065667121,-7.05471868041537,12,12
36,1.0,daily,sharp,0.49350129974005197,1.5016317712876937,-7.05471868041537,12,12
36,1.0,daily,weak,0.29014197160567884,3.3710804044136844,-7.05471868041537,12,12
36,1.0,daily,weak_skew,0.5156968606278745,1.8982567053824753,-7.05471868041537,12,12
36,1.0,two_day,alt,0.36083984375,-5.449252590818882,-7.05471868041537,12,12
36,1.0,two_day,sharp,0.64599609375,-1.6473890811119993,-7.05471868041537,12,12
36,1.0,two_day,weak,0.67431640625,-2.1393476501004334,-7.05471868041537,12,12
36,1.0,two_day,weak_skew,0.7451171875,-1.3330753650846205,-7.05471868041537,12,12
36,1.0,four_day,alt,0.09375,-5.490457190189851,-7.05471868041537,6,12
36,1.0,four_day,sharp,0.875,0.3540154254722019,-7.05471868041537,6,12
36,1.0,four_day,weak,0.53125,3.541319152619799,-7.05471868041537,6,12
36,1.0,four_day,weak_skew,0.90625,0.4315806943588439,-7.05471868041537,6,12
37,1.0,daily,alt,0.07718456308738253,-3.847616693937406,-6.416642070731015,12,12
37,1.0,daily,sharp,0.6776644671065787,-0.4367531768745258,-6.416642070731015,12,12
37,1.0,daily,weak,0.2563487302539492,1.6343790181055156,-6.416642070731015,12,12
37,1.0,daily,weak_skew,0.5910817836432714,-1.2484803478580944,-6.416642070731015,12,12
37,1.0,two_day,alt,0.822265625,-0.9039196752826554,-6.416642070731015,12,12
37,1.0,two_day,sharp,0.609375,1.6433778838487534,-6.416642070731015,12,12
37,1.0,two_day,weak,0.51611328125,-2.41877976200173,-6.416642070731015,12,12
37,1.0,two_day,weak_skew,0.09228515625,5.712508503618646,-6.416642070731015,12,12
37,1.0,four_day,alt,0.84375,-1.559401661268686,-6.416642070731015,6,12
37,1.0,four_day,sharp,0.4375,2.4943471667567287,-6.416642070731015,6,12
37,1.0,four_day,weak,0.96875,0.31039903344039504,-6.416642070731015,6,12
37,1.0,four_day,weak_skew,0.6875,-1.6525156627906246,-6.416642070731015,6,12
38,1.0,daily,alt,0.5750849830033993,-1.0105799598081073,-6.047501559232124,12,12
38,1.0,daily,sharp,0.15896820635872824,1.8026217844268402,-6.047501559232124,12,12
38,1.0,daily,weak,0.17796440711857628,3.2546727531894413,-6.047501559232124,12,12
38,1.0,daily,weak_skew,0.05538892221555689,3.5470065091070726,-6.047501559232124,12,12
38,1.0,two_day,alt,0.20751953125,-3.9661965254843934,-6.047501559232124,12,12
38,1.0,two_day,sharp,0.888671875,-0.2669834293745404,-6.047501559232124,12,12
38,1.0,two_day,weak,0.4306640625,2.453840020641158,-6.047501559232124,12,12
38,1.0,two_day,weak_skew,0.6318359375,2.2464991104477274,-6.047501559232124,12,12
38,1.0,four_day,alt,0.375,-2.798439401213333,-6.047501559232124,6,12
38,1.0,four_day,sharp,0.53125,1.7475592005489524,-6.047501559232124,6,12
38,1.0,four_day,weak,0.1875,3.833947290781244,-6.047501559232124,6,12
38,1.0,four_day,weak_skew,0.6875,1.8059395211040474,-6.047501559232124,6,12
39,1.0,daily,alt,0.2625474905018996,-2.381940795415805,-5.345774131756656,12,12
39,1.0,daily,sharp,0.9186162767446511,-0.10913599061893049,-5.345774131756656,12,12
39,1.0,daily,weak,0.8072385522895421,-0.6448828674002668,-5.345774131756656,12,12
39,1.0,daily,weak_skew,0.6830633873225355,-0.7356427775608528,-5.345774131756656,12,12
39,1.0,two_day,alt,0.81201171875,-0.5177117850849774,-5.345774131756656,12,12
39,1.0,two_day,sharp,0.27685546875,2.2408045972574406,-5.345774131756656,12,12
39,1.0,two_day,weak,0.43017578125,3.0907950708702256,-5.345774131756656,12,12
39,1.0,two_day,weak_skew,0.78857421875,-0.7597278202941643,-5.345774131756656,12,12
39,1.0,four_day,alt,0.0625,-8.752751885992023,-5.345774131756656,6,12
39,1.0,four_day,sharp,0.40625,-1.8472623069735477,-5.345774131756656,6,12
39,1.0,four_day,weak,0.75,-1.697661036578797,-5.345774131756656,6,12
39,1.0,four_day,weak_skew,0.03125,-7.384199347417474,-5.345774131756656,6,12
40,1.0,daily,alt,0.19356128774245152,-1.9128443006569285,-7.246320570539204,12,12
40,1.0,daily,sharp,0.5092981403719257,0.7007129958543749,-7.246320570539204,12,12
40,1.0,daily,weak,0.7450509898020395,-0.7747590893147654,-7.246320570539204,12,12
40,1.0,daily,weak_skew,0.5022995400919816,-1.1657860816841297,-7.246320570539204,12,12
40,1.0,two_day,alt,0.71728515625,1.5427799843561836,-7.246320570539204,12,12
40,1.0,two_day,sharp,0.58984375,0.9459828102803159,-7.246320570539204,12,12
40,1.0,two_day,weak,0.720703125,-1.504241473966425,-7.246320570539204,12,12
40,1.0,two_day,weak_skew,0.56982421875,1.386513307952196,-7.246320570539204,12,12
40,1.0,four_day,alt,0.0625,-6.80569678503798,-7.246320570539204,6,12
40,1.0,four_day,sharp,0.5625,-0.5675011601249516,-7.246320570539204,6,12
40,1.0,four_day,weak,0.90625,-0.5040773777396884,-7.246320570539204,6,12
40,1.0,four_day,weak_skew,0.34375,-1.3395128753174734,-7.246320570539204,6,12
41,1.0,daily,alt,0.05038992201559688,-6.425793882102176,-8.238159213049293,12,12
41,1.0,daily,sharp,0.41311737652469505,-2.061845828647387,-8.238159213049293,12,12
41,1.0,daily,weak,0.03959208158368326,-6.058594775523285,-8.238159213049293,12,12
41,1.0,daily,weak_skew,0.41131773645270947,-2.0907214334609603,-8.238159213049293,12,12
41,1.0,two_day,alt,0.50341796875,-2.6181527991627718,-8.238159213049293,12,12
41,1.0,two_day,sharp,0.5751953125,2.054560639417185,-8.238159213049293,12,12
41,1.0,two_day,weak,0.203125,6.184771987402089,-8.238159213049293,12,12
41,1.0,two_day,weak_skew,0.697265625,1.7796140286636188,-8.238159213049293,12,12
41,1.0,four_day,alt,0.21875,-8.475759342988432,-8.238159213049293,6,12
41,1.0,four_day,sharp,0.71875,-2.0703945033360007,-8.238159213049293,6,12
41,1.0,four_day,weak,0.875,-0.7750592697919968,-8.238159213049293,6,12
41,1.0,four_day,weak_skew,0.9375,-0.31112098950015366,-8.238159213049293,6,12
42,1.0,daily,alt,0.0001999600079984003,-8.764799814330713,-9.67945327663076,12,12
42,1.0,daily,sharp,0.27814437112577484,-2.5058069686232076,-9.67945327663076,12,12
42,1.0,daily,weak,0.1299740051989602,-2.7577835371721684,-9.67945327663076,12,12
42,1.0,daily,weak_skew,0.5750849830033993,-1.6774748555314798,-9.67945327663076,12,12
42,1.0,two_day,alt,0.009765625,-6.455975709140911,-9.67945327663076,12,12
42,1.0,two_day,sharp,0.87353515625,-0.3798992361447908,-9.67945327663076,12,12
42,1.0,two_day,weak,0.2265625,-4.025150774943678,-9.67945327663076,12,12
42,1.0,two_day,weak_skew,0.5634765625,-1.6152708988722868,-9.67945327663076,12,12
42,1.0,four_day,alt,0.0625,-4.550783686451858,-9.67945327663076,6,12
42,1.0,four_day,sharp,0.25,2.2227955411893134,-9.67945327663076,6,12
42,1.0,four_day,weak,0.53125,2.2040471463944464,-9.67945327663076,6,12
42,1.0,four_day,weak_skew,0.15625,4.64991185563499,-9.67945327663076,6,12
43,1.0,daily,alt,0.55248950209958,-1.542259770215222,-6.222928458459535,12,12
43,1.0,daily,sharp,0.9448110377924415,0.13457283060031897,-6.222928458459535,12,12
43,1.0,daily,weak,0.9330133973205359,0.21004893960775148,-6.222928458459535,12,12
43,1.0,daily,weak_skew,0.4983003399320136,-1.7729501280799862,-6.222928458459535,12,12
43,1.0,two_day,alt,0.7890625,0.7262700062594281,-6.222928458459535,12,12
43,1.0,two_day,sharp,0.07373046875,4.04602660092833,-6.222928458459535,12,12
43,1.0,two_day,weak,0.31787109375,4.712197484567134,-6.222928458459535,12,12
43,1.0,two_day,weak_skew,0.1357421875,5.68323575248652,-6.222928458459535,12,12
43,1.0,four_day,alt,0.28125,-4.400430166175436,-6.222928458459535,6,12
43,1.0,four_day,sharp,0.84375,0.6520919320347515,-6.222928458459535,6,12
43,1.0,four_day,weak,0.6875,-3.037645145037041,-6.222928458459535,6,12
43,1.0,four_day,weak_skew,0.9375,0.22323371535386727,-6.222928458459535,6,12
44,1.0,daily,alt,0.40871825634873027,2.3321861525275285,-4.522759980351857,12,12
44,1.0,daily,sharp,0.9808038392321535,-0.030582768226734558,-4.522759980351857,12,12
44,1.0,daily,weak,0.1801639672065587,4.0138962145614565,-4.522759980351857,12,12
44,1.0,daily,weak_skew,0.5606878624275144,1.560841251317866,-4.522759980351857,12,12
44,1.0,two_day,alt,0.17724609375,6.164137690922971,-4.522759980351857,12,12
44,1.0,two_day,sharp,0.0966796875,4.2113025517349305,-4.522759980351857,12,12
44,1.0,two_day,weak,0.3037109375,3.2363045919252484,-4.522759980351857,12,12
44,1.0,two_day,weak_skew,0.38916015625,5.647670919087535,-4.522759980351857,12,12
44,1.0,four_day,alt,0.375,-5.185594004864096,-4.522759980351857,6,12
44,1.0,four_day,sharp,0.4375,-2.044701053614014,-4.522759980351857,6,12
44,1.0,four_day,weak,0.71875,-2.4038445674132176,-4.522759980351857,6,12
44,1.0,four_day,weak_skew,0.875,-1.557931289536428,-4.522759980351857,6,12
45,1.0,daily,alt,0.00639872025594881,-7.10367183755591,-9.064304508212189,12,12
45,1.0,daily,sharp,0.6532693461307738,0.798469595798224,-9.064304508212189,12,12
45,1.0,daily,weak,0.8384323135372925,-0.6086486387053173,-9.064304508212189,12,12
45,1.0,daily,weak_skew,0.5580883823235353,1.3287438733459176,-9.064304508212189,12,12
45,1.0,two_day,alt,0.0947265625,-5.942443035497867,-9.064304508212189,12,12
45,1.0,two_day,sharp,0.974609375,0.04357538778392289,-9.064304508212189,12,12
45,1.0,two_day,weak,0.046875,4.961211374832633,-9.064304508212189,12,12
45,1.0,two_day,weak_skew,0.841796875,-0.4402336630797959,-9.064304508212189,12,12
45,1.0,four_day,alt,0.34375,5.0438923321412785,-9.064304508212189,6,12
45,1.0,four_day,sharp,0.0625,10.136114050562913,-9.064304508212189,6,12
45,1.0,four_day,weak,0.40625,5.812132936711365,-9.064304508212189,6,12
45,1.0,four_day,weak_skew,0.09375,13.187992705069982,-9.064304508212189,6,12
46,1.0,daily,alt,0.015396920615876825,-7.2049378133347055,-4.2061619084607,12,12
46,1.0,daily,sharp,0.23615276944611077,-2.249505027107286,-4.2061619084607,12,12
46,1.0,daily,weak,0.2553489302139572,-3.6138099797308842,-4.2061619084607,12,12
46,1.0,daily,weak_skew,0.02299540091981604,-3.815806568070163,-4.2061619084607,12,12
46,1.0,two_day,alt,0.4013671875,-3.6271603627297626,-4.2061619084607,12,12
46,1.0,two_day,sharp,0.79638671875,1.0127218133429363,-4.2061619084607,12,12
46,1.0,two_day,weak,0.35498046875,3.5822237766524503,-4.2061619084607,12,12
46,1.0,two_day,weak_skew,0.943359375,0.30000876649047176,-4.2061619084607,12,12
46,1.0,four_day,alt,0.625,-3.049481790558603,-4.2061619084607,6,12
46,1.0,four_day,sharp,0.46875,3.7617441755817844,-4.2061619084607,6,12
46,1.0,four_day,weak,0.6875,2.8434528605767304,-4.2061619084607,6,12
46,1.0,four_day,weak_skew,0.90625,0.4264689590848742,-4.2061619084607,6,12
47,1.0,daily,alt,0.04779044191161767,-3.3563719316414957,-7.939148762432424,12,12
47,1.0,daily,sharp,0.501499700059988,0.7096331694590431,-7.939148762432424,12,12
47,1.0,daily,weak,0.3743251349730054,2.2135175695098828,-7.939148762432424,12,12
47,1.0,daily,weak_skew,0.5138972205558888,2.108795380115657,-7.939148762432424,12,12
47,1.0,two_day,alt,0.248046875,-2.477685487096876,-7.939148762432424,12,12
47,1.0,two_day,sharp,0.64208984375,0.8295364118071991,-7.939148762432424,12,12
47,1.0,two_day,weak,0.30078125,4.264326696130643,-7.939148762432424,12,12
47,1.0,two_day,weak_skew,0.60791015625,1.6946281851450096,-7.939148762432424,12,12
47,1.0,four_day,alt,0.28125,-4.843826308200292,-7.939148762432424,6,12
47,1.0,four_day,sharp,0.71875,0.49649184268336555,-7.939148762432424,6,12
47,1.0,four_day,weak,0.75,1.245220553095115,-7.939148762432424,6,12
47,1.0,four_day,weak_skew,0.6875,-1.94478054790241,-7.939148762432424,6,12
48,1.0,daily,alt,0.6756648670265947,0.7814907701832366,-4.784951219792262,12,12
48,1.0,daily,sharp,0.01839632073585283,3.5950358561314055,-4.784951219792262,12,12
48,1.0,daily,weak,0.13877224555088982,5.03265683522694,-4.784951219792262,12,12
48,1.0,daily,weak_skew,0.20975804839032194,3.313425952596503,-4.784951219792262,12,12
48,1.0,two_day,alt,0.93994140625,0.20862700984320467,-4.784951219792262,12,12
48,1.0,two_day,sharp,0.18603515625,2.3415999854225196,-4.784951219792262,12,12
48,1.0,two_day,weak,0.42626953125,2.605482134818235,-4.784951219792262,12,12
48,1.0,two_day,weak_skew,0.642578125,0.9293510058840541,-4.784951219792262,12,12
48,1.0,four_day,alt,0.1875,-2.6250575956891864,-4.784951219792262,6,12
48,1.0,four_day,sharp,0.375,1.2199254168095557,-4.784951219792262,6,12
48,1.0,four_day,weak,0.84375,2.1756556176780903,-4.784951219792262,6,12
48,1.0,four_day,weak_skew,1.0,0.03798505621958389,-4.784951219792262,6,12
49,1.0,daily,alt,0.11017796440711858,-3.6858631269893554,-7.251749319752683,12,12
49,1.0,daily,sharp,0.5010997800439912,-1.0410212508104308,-7.251749319752683,12,12
49,1.0,daily,weak,0.8490301939612077,0.4310991973593037,-7.251749319752683,12,12
49,1.0,daily,weak_skew,0.9094181163767247,0.4254643315181295,-7.251749319752683,12,12
49,1.0,two_day,alt,0.14453125,-3.6464174490985033,-7.251749319752683,12,12
49,1.0,two_day,sharp,0.88818359375,0.25131941747420744,-7.251749319752683,12,12
49,1.0,two_day,weak,0.845703125,-0.8192481509752731,-7.251749319752683,12,12
49,1.0,two_day,weak_skew,0.5322265625,1.694621529305208,-7.251749319752683,12,12
49,1.0,four_day,alt,0.125,-4.261708736317064,-7.251749319752683,6,12
49,1.0,four_day,sharp,0.96875,0.2519596886722096,-7.251749319752683,6,12
49,1.0,four_day,weak,0.1875,-6.159872678979347,-7.251749319752683,6,12
49,1.0,four_day,weak_skew,0.5,3.1468170916790172,-7.251749319752683,6,12
50,1.0,daily,alt,0.8650269946010798,0.44206307455935284,-7.2249465816301,12,12
50,1.0,daily,sharp,0.2499500099980004,2.9253486270668527,-7.2249465816301,12,12
50,1.0,daily,weak,0.2679464107178564,3.7252454296669764,-7.2249465816301,12,12
50,1.0,daily,weak_skew,0.1191761647670466,3.160532379574834,-7.2249465816301,12,12
50,1.0,two_day,alt,0.251953125,-4.425543174902253,-7.2249465816301,12,12
50,1.0,two_day,sharp,0.9013671875,0.3692916990693676,-7.2249465816301,12,12
50,1.0,two_day,weak,0.45556640625,3.2449370310527814,-7.2249465816301,12,12
50,1.0,two_day,weak_skew,0.65087890625,-1.969669212700138,-7.2249465816301,12,12
50,1.0,four_day,alt,0.28125,-5.7879939163027165,-7.2249465816301,6,12
50,1.0,four_day,sharp,0.6875,-2.036468137495023,-7.2249465816301,6,12
50,1.0,four_day,weak,0.84375,0.7275246465742123,-7.2249465816301,6,12
50,1.0,four_day,weak_skew,0.25,-6.5032819696201285,-7.2249465816301,6,12
51,1.0,daily,alt,0.17216556688662268,-2.3051158376913388,-5.061006730058665,12,12
51,1.0,daily,sharp,0.7508498300339932,0.48080353705413553,-5.061006730058665,12,12
51,1.0,daily,weak,0.367126574685063,1.5701653920139158,-5.061006730058665,12,12
51,1.0,daily,weak_skew,0.18056388722255548,3.538054022539552,-5.061006730058665,12,12
51,1.0,two_day,alt,0.6357421875,-1.1314845609225503,-5.061006730058665,12,12
51,1.0,two_day,sharp,0.4111328125,1.7794246097071316,-5.061006730058665,12,12
51,1.0,two_day,weak,0.685546875,1.6970096607501624,-5.061006730058665,12,12
51,1.0,two_day,weak_skew,0.982421875,0.06137616123913858,-5.061006730058665,12,12
51,1.0,four_day,alt,0.65625,-1.496809395490568,-5.061006730058665,6,12
51,1.0,four_day,sharp,0.59375,1.9892675833431355,-5.061006730058665,6,12
51,1.0,four_day,weak,0.25,4.6564468787526465,-5.061006730058665,6,12
51,1.0,four_day,weak_skew,0.28125,6.3024126386230845,-5.061006730058665,6,12
52,1.0,daily,alt,0.01759648070385923,-7.931427875420115,-8.567583799044542,12,12
52,1.0,daily,sharp,0.4427114577084583,-2.3816857088458643,-8.567583799044542,12,12
52,1.0,daily,weak,0.27274545090981805,-3.4959297191430116,-8.567583799044542,12,12
52,1.0,daily,weak_skew,0.6316736652669466,-1.5074490677163646,-8.567583799044542,12,12
52,1.0,two_day,alt,0.00244140625,-10.361988364034758,-8.567583799044542,12,12
52,1.0,two_day,sharp,0.2578125,-3.579899331067653,-8.567583799044542,12,12
52,1.0,two_day,weak,0.986328125,0.10007024911165807,-8.567583799044542,12,12
52,1.0,two_day,weak_skew,0.01611328125,-9.094697768942074,-8.567583799044542,12,12
52,1.0,four_day,alt,0.4375,-3.6165422896181716,-8.567583799044542,6,12
52,1.0,four_day,sharp,0.21875,3.461124121689147,-8.567583799044542,6,12
52,1.0,four_day,weak,0.09375,7.245512634109158,-8.567583799044542,6,12
52,1.0,four_day,weak_skew,0.59375,1.939962437842265,-8.567583799044542,6,12
53,1.0,daily,alt,0.0615876824635073,-4.828248467262285,-7.627071090040616,12,12
53,1.0,daily,sharp,0.9260147970405919,-0.1991514891868101,-7.627071090040616,12,12
53,1.0,daily,weak,0.6044791041791642,1.3306515136304373,-7.627071090040616,12,12
53,1.0,daily,weak_skew,0.5494901019796041,-1.7509840038453042,-7.627071090040616,12,12
53,1.0,two_day,alt,0.7158203125,-1.834838100856053,-7.627071090040616,12,12
53,1.0,two_day,sharp,0.60546875,2.115927052412266,-7.627071090040616,12,12
53,1.0,two_day,weak,0.181640625,7.304907514248289,-7.627071090040616,12,12
53,1.0,two_day,weak_skew,0.8408203125,1.0156756561133207,-7.627071090040616,12,12
53,1.0,four_day,alt,0.1875,-1.970706796914777,-7.627071090040616,6,12
53,1.0,four_day,sharp,0.5,1.5971185485665391,-7.627071090040616,6,12
53,1.0,four_day,weak,0.8125,-1.5912529969252536,-7.627071090040616,6,12
53,1.0,four_day,weak_skew,0.4375,1.2881550793468495,-7.627071090040616,6,12
54,1.0,daily,alt,0.528494301139772,-2.0376440670155684,-4.303672225094999,12,12
54,1.0,daily,sharp,0.5418916216756648,1.703941958503145,-4.303672225094999,12,12
54,1.0,daily,weak,0.7304539092181563,1.0553569767114386,-4.303672225094999,12,12
54,1.0,daily,weak_skew,0.8518296340731853,-0.47357692041361216,-4.303672225094999,12,12
54,1.0,two_day,alt,0.43212890625,-2.546560228949685,-4.303672225094999,12,12
54,1.0,two_day,sharp,0.8154296875,0.6243972152145117,-4.303672225094999,12,12
54,1.0,two_day,weak,0.50830078125,-2.818145830147986,-4.303672225094999,12,12
54,1.0,two_day,weak_skew,0.89794921875,0.4005560905562338,-4.303672225094999,12,12
54,1.0,four_day,alt,0.59375,2.49408702686684,-4.303672225094999,6,12
54,1.0,four_day,sharp,0.25,4.3855139426938505,-4.303672225094999,6,12
54,1.0,four_day,weak,0.1875,5.500143982505736,-4.303672225094999,6,12
54,1.0,four_day,weak_skew,0.0625,8.69716288767267,-4.303672225094999,6,12
55,1.0,daily,alt,0.14417116576684663,-2.1587461567772332,-6.557101232991933,12,12
55,1.0,daily,sharp,0.25374925014997,1.5516296430125152,-6.557101232991933,12,12
55,1.0,daily,weak,0.7444511097780444,0.9141215402911147,-6.557101232991933,12,12
55,1.0,daily,weak_skew,0.028394321135772844,3.585301374933811,-6.557101232991933,12,12
55,1.0,two_day,alt,0.017578125,-6.115028148273145,-6.557101232991933,12,12
55,1.0,two_day,sharp,0.837890625,-0.5942285568251192,-6.557101232991933,12,12
55,1.0,two_day,weak,0.232421875,3.7668541554644808,-6.557101232991933,12,12
55,1.0,two_day,weak_skew,0.18017578125,-3.93025167288152,-6.557101232991933,12,12
55,1.0,four_day,alt,0.0625,-10.221872475601089,-6.557101232991933,6,12
55,1.0,four_day,sharp,0.53125,-2.6840960659024433,-6.557101232991933,6,12
55,1.0,four_day,weak,0.03125,7.847986641052942,-6.557101232991933,6,12
55,1.0,four_day,weak_skew,1.0,-0.1521484218893825,-6.557101232991933,6,12
56,1.0,daily,alt,0.122375524895021,-3.3708409585153594,-4.226994264084624,12,12
56,1.0,daily,sharp,0.5788842231553689,-0.9952116287565715,-4.226994264084624,12,12
56,1.0,daily,weak,0.6972605478904219,0.8885917311178501,-4.226994264084624,12,12
56,1.0,daily,weak_skew,0.34093181363727254,-2.4454898013215742,-4.226994264084624,12,12
56,1.0,two_day,alt,0.482421875,2.8881420441106305,-4.226994264084624,12,12
56,1.0,two_day,sharp,0.43798828125,2.9709452280861797,-4.226994264084624,12,12
56,1.0,two_day,weak,0.0078125,9.732507251659106,-4.226994264084624,12,12
56,1.0,two_day,weak_skew,0.36376953125,6.319565872562953,-4.226994264084624,12,12
56,1.0,four_day,alt,0.59375,2.27440763029241,-4.226994264084624,6,12
56,1.0,four_day,sharp,0.28125,4.324346790828905,-4.226994264084624,6,12
56,1.0,four_day,weak,0.34375,5.043623194900273,-4.226994264084624,6,12
56,1.0,four_day,weak_skew,0.53125,8.985783457084446,-4.226994264084624,6,12
57,1.0,daily,alt,0.3899220155968806,-1.5523129642043838,-9.895321460306477,12,12
57,1.0,daily,sharp,0.013197360527894421,2.809226398368389,-9.895321460306477,12,12
57,1.0,daily,weak,0.051989602079584085,4.9113171071580375,-9.895321460306477,12,12
57,1.0,daily,weak_skew,0.16496700659868027,3.184747450667256,-9.895321460306477,12,12
57,1.0,two_day,alt,0.01708984375,-6.350183731260889,-9.895321460306477,12,12
57,1.0,two_day,sharp,0.734375,-0.503083077334941,-9.895321460306477,12,12
57,1.0,two_day,weak,0.6435546875,-0.85676806539478,-9.895321460306477,12,12
57,1.0,two_day,weak_skew,0.3154296875,3.7588934015609534,-9.895321460306477,12,12
57,1.0,four_day,alt,0.03125,-8.966439540013614,-9.895321460306477,6,12
57,1.0,four_day,sharp,0.09375,-1.3251286447819055,-9.895321460306477,6,12
57,1.0,four_day,weak,0.15625,-6.3558460264244525,-9.895321460306477,6,12
57,1.0,four_day,weak_skew,0.09375,-2.778720308620013,-9.895321460306477,6,12
58,1.0,daily,alt,0.026194761047790442,-5.429993984165773,-7.89192898570068,12,12
58,1.0,daily,sharp,0.35452909418116374,-1.9879405757585473,-7.89192898570068,12,12
58,1.0,daily,weak,0.5602879424115177,-1.7236760017810795,-7.89192898570068,12,12
58,1.0,daily,weak_skew,0.2693461307738452,-2.5820751444384213,-7.89192898570068,12,12
58,1.0,two_day,alt,0.06689453125,-4.8238810698266565,-7.89192898570068,12,12
58,1.0,two_day,sharp,0.4326171875,-1.5514119344674213,-7.89192898570068,12,12
58,1.0,two_day,weak,0.71142578125,-1.464763369799196,-7.89192898570068,12,12
58,1.0,two_day,weak_skew,0.4267578125,-2.6102348312910575,-7.89192898570068,12,12
58,1.0,four_day,alt,0.96875,-0.9312434209251492,-7.89192898570068,6,12
58,1.0,four_day,sharp,0.84375,6.174781764156428,-7.89192898570068,6,12
58,1.0,four_day,weak,0.875,7.639292015278986,-7.89192898570068,6,12
58,1.0,four_day,weak_skew,0.5625,9.773930529525794,-7.89192898570068,6,12
59,1.0,daily,alt,0.1785642871425715,-2.84824233741481,-7.1456633613434235,12,12
59,1.0,daily,sharp,0.6100779844031193,-0.5142493252514502,-7.1456633613434235,12,12
59,1.0,daily,weak,0.968006398720256,-0.06528175876400688,-7.1456633613434235,12,12
59,1.0,daily,weak_skew,0.8480303939212157,0.3982594662048721,-7.1456633613434235,12,12
59,1.0,two_day,alt,0.12109375,-4.577872315747738,-7.1456633613434235,12,12
59,1.0,two_day,sharp,0.81640625,-0.4401847525929365,-7.1456633613434235,12,12
59,1.0,two_day,weak,0.599609375,-1.2476897206101978,-7.1456633613434235,12,12
59,1.0,two_day,weak_skew,0.1572265625,-3.6653599215078443,-7.1456633613434235,12,12
59,1.0,four_day,alt,0.65625,-2.2868203693041687,-7.1456633613434235,6,12
59,1.0,four_day,sharp,1.0,0.2316017071038369,-7.1456633613434235,6,12
59,1.0,four_day,weak,0.21875,5.65518639909408,-7.1456633613434235,6,12
59,1.0,four_day,weak_skew,0.3125,6.1751481876954,-7.1456633613434235,6,12
60,1.0,daily,alt,0.00639872025594881,-7.152574114243916,-11.214155380847288,12,12
60,1.0,daily,sharp,0.3311337732453509,-1.5849787742876817,-11.214155380847288,12,12
60,1.0,daily,weak,0.523495300939812,-1.643128621354436,-11.214155380847288,12,12
60,1.0,daily,weak_skew,0.5358928214357128,1.534835540549586,-11.214155380847288,12,12
60,1.0,two_day,alt,0.45166015625,-2.573424216851562,-11.214155380847288,12,12
60,1.0,two_day,sharp,0.318359375,2.780815583620844,-11.214155380847288,12,12
60,1.0,two_day,weak,0.6943359375,1.071371669562991,-11.214155380847288,12,12
60,1.0,two_day,weak_skew,0.63916015625,1.5817819381144016,-11.214155380847288,12,12
60,1.0,four_day,alt,0.0625,-8.582023844252236,-11.214155380847288,6,12
60,1.0,four_day,sharp,0.75,0.7675157617367899,-11.214155380847288,6,12
60,1.0,four_day,weak,0.65625,-2.084710208168154,-11.214155380847288,6,12
60,1.0,four_day,weak_skew,0.125,3.656046519998508,-11.214155380847288,6,12
61,1.0,daily,alt,0.02499500099980004,-6.59017499053176,-7.166182134246405,12,12
61,1.0,daily,sharp,0.6456708658268346,-0.9775912973633675,-7.166182134246405,12,12
61,1.0,daily,weak,0.8984203159368126,0.3349957581780251,-7.166182134246405,12,12
61,1.0,daily,weak_skew,0.13817236552689463,-3.4441795633802705,-7.166182134246405,12,12
61,1.0,two_day,alt,0.2763671875,-3.1941280175847653,-7.166182134246405,12,12
61,1.0,two_day,sharp,0.609375,1.2395704099024847,-7.166182134246405,12,12
61,1.0,two_day,weak,0.646484375,-1.9542657457586596,-7.166182134246405,12,12
61,1.0,two_day,weak_skew,0.935546875,0.2729165756458431,-7.166182134246405,12,12
61,1.0,four_day,alt,0.03125,-10.767279850325878,-7.166182134246405,6,12
61,1.0,four_day,sharp,0.21875,-3.3849580491849522,-7.166182134246405,6,12
61,1.0,four_day,weak,0.75,-1.229438201546292,-7.166182134246405,6,12
61,1.0,four_day,weak_skew,0.0625,-8.98617835959576,-7.166182134246405,6,12
62,1.0,daily,alt,0.1225754849030194,-4.03126414707902,-6.156887170595532,12,12
62,1.0,daily,sharp,0.9402119576084783,-0.20231898534628812,-6.156887170595532,12,12
62,1.0,daily,weak,0.6092781443711258,-1.7753191796380523,-6.156887170595532,12,12
62,1.0,daily,weak_skew,0.8704259148170366,-0.4931988553158308,-6.156887170595532,12,12
62,1.0,two_day,alt,0.22314453125,-2.585802391754052,-6.156887170595532,12,12
62,1.0,two_day,sharp,0.9833984375,-0.03206545221565923,-6.156887170595532,12,12
62,1.0,two_day,weak,0.11181640625,4.67319741546119,-6.156887170595532,12,12
62,1.0,two_day,weak_skew,0.82666015625,1.1203080020396825,-6.156887170595532,12,12
62,1.0,four_day,alt,0.15625,-8.141992720500916,-6.156887170595532,6,12
62,1.0,four_day,sharp,0.875,-1.493239549045035,-6.156887170595532,6,12
62,1.0,four_day,weak,0.75,-2.3198143070849633,-6.156887170595532,6,12
62,1.0,four_day,weak_skew,0.3125,-4.231896663473672,-6.156887170595532,6,12
63,1.0,daily,alt,0.01199760047990402,10.236838612686105,-4.263931034506939,12,12
63,1.0,daily,sharp,0.004399120175964807,6.740102225959293,-4.263931034506939,12,12
63,1.0,daily,weak,0.009998000399920015,5.1363509317659375,-4.263931034506939,12,12
63,1.0,daily,weak_skew,0.05718856228754249,5.347724073346256,-4.263931034506939,12,12
63,1.0,two_day,alt,0.88525390625,0.82954401816996,-4.263931034506939,12,12
63,1.0,two_day,sharp,0.89013671875,0.4232780906835636,-4.263931034506939,12,12
63,1.0,two_day,weak,0.89306640625,0.6035026486743261,-4.263931034506939,12,12
63,1.0,two_day,weak_skew,0.6640625,1.2058897380720062,-4.263931034506939,12,12
63,1.0,four_day,alt,0.40625,-4.731325341388693,-4.263931034506939,6,12
63,1.0,four_day,sharp,0.28125,-4.667163534906585,-4.263931034506939,6,12
63,1.0,four_day,weak,0.5625,-4.061125470325218,-4.263931034506939,6,12
63,1.0,four_day,weak_skew,1.0,0.10827169588887979,-4.263931034506939,6,12
64,1.0,daily,alt,0.15776844631073786,-4.141583763155107,-7.012583302587565,12,12
64,1.0,daily,sharp,0.4481103779244151,-1.0079173915599313,-7.012583302587565,12,12
64,1.0,daily,weak,0.34593081383723256,-1.8045416403643741,-7.012583302587565,12,12
64,1.0,daily,weak_skew,0.7506498700259948,-0.8699367103533747,-7.012583302587565,12,12
64,1.0,two_day,alt,0.4912109375,-3.0467486523221132,-7.012583302587565,12,12
64,1.0,two_day,sharp,0.71044921875,-0.909233951537237,-7.012583302587565,12,12
64,1.0,two_day,weak,0.59619140625,2.4030583680919335,-7.012583302587565,12,12
64,1.0,two_day,weak_skew,0.177734375,-4.3988487967975765,-7.012583302587565,12,12
64,1.0,four_day,alt,0.4375,-4.480705361309909,-7.012583302587565,6,12
64,1.0,four_day,sharp,0.875,-1.091124035612232,-7.012583302587565,6,12
64,1.0,four_day,weak,0.4375,-2.870709968508448,-7.012583302587565,6,12
64,1.0,four_day,weak_skew,0.6875,-2.8320321654598204,-7.012583302587565,6,12
65,1.0,daily,alt,0.05678864227154569,-5.644929583434824,-8.553636050929768,12,12
65,1.0,daily,sharp,0.8954209158168366,0.25426373490462656,-8.553636050929768,12,12
65,1.0,daily,weak,0.9438112377524495,0.21643642281448727,-8.553636050929768,12,12
65,1.0,daily,weak_skew,0.7998400319936013,0.6427676403597591,-8.553636050929768,12,12
65,1.0,two_day,alt,0.0146484375,-6.759005934091071,-8.553636050929768,12,12
65,1.0,two_day,sharp,0.6787109375,0.9636275495074944,-8.553636050929768,12,12
65,1.0,two_day,weak,0.66455078125,1.3871122202019173,-8.553636050929768,12,12
65,1.0,two_day,weak_skew,0.4873046875,3.10265118193388,-8.553636050929768,12,12
65,1.0,four_day,alt,0.125,-8.2188299012034,-8.553636050929768,6,12
65,1.0,four_day,sharp,0.3125,-2.5052820798238487,-8.553636050929768,6,12
65,1.0,four_day,weak,0.59375,-3.0150998666674944,-8.553636050929768,6,12
65,1.0,four_day,weak_skew,0.0625,-5.987951134907887,-8.553636050929768,6,12
66,1.0,daily,alt,0.003799240151969606,-6.48540538182947,-10.303660365554087,12,12
66,1.0,daily,sharp,0.9832033593281344,-0.046830798485082425,-10.303660365554087,12,12
66,1.0,daily,weak,0.07318536292741452,-3.8518497242432272,-10.303660365554087,12,12
66,1.0,daily,weak_skew,0.9196160767846431,-0.24065567928121823,-10.303660365554087,12,12
66,1.0,two_day,alt,0.00927734375,-6.112183656063689,-10.303660365554087,12,12
66,1.0,two_day,sharp,0.65673828125,0.8017326944509223,-10.303660365554087,12,12
66,1.0,two_day,weak,0.8671875,0.43998687399401604,-10.303660365554087,12,12
66,1.0,two_day,weak_skew,0.17138671875,-2.812628544927088,-10.303660365554087,12,12
66,1.0,four_day,alt,0.0625,-8.956601487527982,-10.303660365554087,6,12
66,1.0,four_day,sharp,0.96875,-0.6082542016916955,-10.303660365554087,6,12
66,1.0,four_day,weak,1.0,-0.14603047949903214,-10.303660365554087,6,12
66,1.0,four_day,weak_skew,0.5,-2.3991885723561617,-10.303660365554087,6,12
67,1.0,daily,alt,0.010797840431913617,-8.503784402973617,-8.623180166520626,12,12
67,1.0,daily,sharp,0.6732653469306139,-1.3417807443608651,-8.623180166520626,12,12
67,1.0,daily,weak,0.4107178564287143,-3.1227331987887816,-8.623180166520626,12,12
67,1.0,daily,weak_skew,0.7270545890821836,-1.3935213486377425,-8.623180166520626,12,12
67,1.0,two_day,alt,0.2705078125,-4.804116545721988,-8.623180166520626,12,12
67,1.0,two_day,sharp,0.85205078125,0.8538372393008515,-8.623180166520626,12,12
67,1.0,two_day,weak,0.810546875,-1.3098413362242354,-8.623180166520626,12,12
67,1.0,two_day,weak_skew,0.53271484375,4.666974268597822,-8.623180166520626,12,12
67,1.0,four_day,alt,0.75,-1.5836324648019537,-8.623180166520626,6,12
67,1.0,four_day,sharp,0.34375,6.186865456501454,-8.623180166520626,6,12
67,1.0,four_day,weak,0.125,12.870990480877452,-8.623180166520626,6,12
67,1.0,four_day,weak_skew,0.65625,3.8966341132889646,-8.623180166520626,6,12
68,1.0,daily,alt,0.05578884223155369,-7.329484905057318,-9.164599925913855,12,12
68,1.0,daily,sharp,0.9726054789042191,0.09761723396230515,-9.164599925913855,12,12
68,1.0,daily,weak,0.10697860427914417,3.9576857807299515,-9.164599925913855,12,12
68,1.0,daily,weak_skew,0.5340931813637273,-2.042678143027883,-9.164599925913855,12,12
68,1.0,two_day,alt,0.05419921875,-6.209919436501669,-9.164599925913855,12,12
68,1.0,two_day,sharp,0.8603515625,0.7120468147720788,-9.164599925913855,12,12
68,1.0,two_day,weak,0.677734375,-1.8181065153987863,-9.164599925913855,12,12
68,1.0,two_day,weak_skew,0.40673828125,-3.380770041277882,-9.164599925913855,12,12
68,1.0,four_day,alt,0.03125,-8.066464366015916,-9.164599925913855,6,12
68,1.0,four_day,sharp,0.90625,-0.6283019850177235,-9.164599925913855,6,12
68,1.0,four_day,weak,0.625,-1.5091367852684752,-9.164599925913855,6,12
68,1.0,four_day,weak_skew,0.53125,-3.1521956056202867,-9.164599925913855,6,12
69,1.0,daily,alt,0.7756448710257948,-0.8551361475119172,-3.862573479361245,12,12
69,1.0,daily,sharp,0.7738452309538092,-0.6036155092812402,-3.862573479361245,12,12
69,1.0,daily,weak,0.9254149170165967,-0.2643135231738434,-3.862573479361245,12,12
69,1.0,daily,weak_skew,0.5430913817236552,-1.7389148287739697,-3.862573479361245,12,12
69,1.0,two_day,alt,0.12890625,-4.927029608129508,-3.862573479361245,12,12
69,1.0,two_day,sharp,0.1826171875,-3.0796520490268944,-3.862573479361245,12,12
69,1.0,two_day,weak,0.73583984375,-1.3303710154232977,-3.862573479361245,12,12
69,1.0,two_day,weak_skew,0.2724609375,-3.990989750726485,-3.862573479361245,12,12
69,1.0,four_day,alt,0.09375,-5.641062526431654,-3.862573479361245,6,12
69,1.0,four_day,sharp,0.375,-2.389371816488262,-3.862573479361245,6,12
69,1.0,four_day,weak,0.3125,-6.3615395813620275,-3.862573479361245,6,12
69,1.0,four_day,weak_skew,0.9375,0.40346002754663246,-3.862573479361245,6,12
70,1.0,daily,alt,0.004999000199960008,-7.732370250809505,-6.983154716506604,12,12
70,1.0,daily,sharp,0.45930813837232554,-1.6900333378820214,-6.983154716506604,12,12
70,1.0,daily,weak,0.13717256548690263,-4.104648537916218,-6.983154716506604,12,12
70,1.0,daily,weak_skew,0.6830633873225355,1.376498919422497,-6.983154716506604,12,12
70,1.0,two_day,alt,0.05078125,-3.555719747517409,-6.983154716506604,12,12
70,1.0,two_day,sharp,0.4404296875,2.3402037787364396,-6.983154716506604,12,12
70,1.0,two_day,weak,0.40478515625,3.2832787489463118,-6.983154716506604,12,12
70,1.0,two_day,weak_skew,0.98779296875,0.0509112130879655,-6.983154716506604,12,12
70,1.0,four_day,alt,0.4375,-2.3534477312249984,-6.983154716506604,6,12
70,1.0,four_day,sharp,0.5,2.2061331818885734,-6.983154716506604,6,12
70,1.0,four_day,weak,1.0,0.013273185303725418,-6.983154716506604,6,12
70,1.0,four_day,weak_skew,0.21875,-2.7598387825585085,-6.983154716506604,6,12
71,1.0,daily,alt,0.01779644071185763,-5.041152521971418,-5.4963298877963,12,12
71,1.0,daily,sharp,0.2819436112777445,-2.0488796154602227,-5.4963298877963,12,12
71,1.0,daily,weak,0.15476904619076184,-2.8028686984636244,-5.4963298877963,12,12
71,1.0,daily,weak_skew,0.6120775844831033,-1.3461899443491259,-5.4963298877963,12,12
71,1.0,two_day,alt,0.42333984375,3.11221002618727,-5.4963298877963,12,12
71,1.0,two_day,sharp,0.1552734375,3.7790211182798767,-5.4963298877963,12,12
71,1.0,two_day,weak,0.056640625,7.593799528103543,-5.4963298877963,12,12
71,1.0,two_day,weak_skew,0.2919921875,4.401563287101816,-5.4963298877963,12,12
71,1.0,four_day,alt,0.40625,-5.151031922762347,-5.4963298877963,6,12
71,1.0,four_day,sharp,0.875,-1.081543415549677,-5.4963298877963,6,12
71,1.0,four_day,weak,0.875,0.35669100596021863,-5.4963298877963,6,12
71,1.0,four_day,weak_skew,0.90625,2.7009657921019525,-5.4963298877963,6,12
72,1.0,daily,alt,0.3957208558288342,-2.40108651807942,-6.932808873533261,12,12
72,1.0,daily,sharp,0.7144571085782844,0.9861325439134868,-6.932808873533261,12,12
72,1.0,daily,weak,0.4371125774845031,1.8509700578297685,-6.932808873533261,12,12
72,1.0,daily,weak_skew,0.733253349330134,-1.2124893220194313,-6.932808873533261,12,12
72,1.0,two_day,alt,0.00439453125,-10.069064376707304,-6.932808873533261,12,12
72,1.0,two_day,sharp,0.041015625,-5.30538096112853,-6.932808873533261,12,12
72,1.0,two_day,weak,0.01416015625,-5.907074456168236,-6.932808873533261,12,12
72,1.0,two_day,weak_skew,0.04345703125,-8.338596296492838,-6.932808873533261,12,12
72,1.0,four_day,alt,0.21875,-5.429912877035572,-6.932808873533261,6,12
72,1.0,four_day,sharp,0.8125,-0.7395255793755418,-6.932808873533261,6,12
72,1.0,four_day,weak,1.0,-0.20174809492447446,-6.932808873533261,6,12
72,1.0,four_day,weak_skew,0.90625,1.077186730085862,-6.932808873533261,6,12
73,1.0,daily,alt,0.0001999600079984003,-8.329968652914436,-6.3334161665397275,12,12
73,1.0,daily,sharp,0.004999000199960008,-4.506614848780551,-6.3334161665397275,12,12
73,1.0,daily,weak,0.0015996800639872025,-8.544095274590463,-6.3334161665397275,12,12
73,1.0,daily,weak_skew,0.0033993201359728054,-7.081010908990012,-6.3334161665397275,12,12
73,1.0,two_day,alt,0.0234375,-5.827497261796419,-6.3334161665397275,12,12
73,1.0,two_day,sharp,0.1962890625,-2.331080680123788,-6.3334161665397275,12,12
73,1.0,two_day,weak,0.4169921875,-3.350367746783348,-6.3334161665397275,12,12
73,1.0,two_day,weak_skew,0.63623046875,1.0289873287559743,-6.3334161665397275,12,12
73,1.0,four_day,alt,0.0625,-8.796376718190894,-6.3334161665397275,6,12
73,1.0,four_day,sharp,0.1875,-2.5553164251861715,-6.3334161665397275,6,12
73,1.0,four_day,weak,0.34375,-5.537286193171646,-6.3334161665397275,6,12
73,1.0,four_day,weak_skew,0.1875,-5.845930517336044,-6.3334161665397275,6,12
74,1.0,daily,alt,0.03199360127974405,-5.353705232657948,-8.2791876660215,12,12
74,1.0,daily,sharp,0.14037192561487702,-2.064695102159791,-8.2791876660215,12,12
74,1.0,daily,weak,0.08198360327934413,-3.7466235643512085,-8.2791876660215,12,12
74,1.0,daily,weak_skew,0.47450509898020393,-1.4869799497304008,-8.2791876660215,12,12
74,1.0,two_day,alt,0.0126953125,-7.7255480014654765,-8.2791876660215,12,12
74,1.0,two_day,sharp,0.1123046875,-3.2614951334335758,-8.2791876660215,12,12
74,1.0,two_day,weak,0.11767578125,-5.966635571909772,-8.2791876660215,12,12
74,1.0,two_day,weak_skew,0.61962890625,2.486060949549451,-8.2791876660215,12,12
74,1.0,four_day,alt,0.125,-7.6074546476934275,-8.2791876660215,6,12
74,1.0,four_day,sharp,0.75,-0.8901647688084502,-8.2791876660215,6,12
74,1.0,four_day,weak,0.5625,-3.56169828833089,-8.2791876660215,6,12
74,1.0,four_day,weak_skew,0.90625,0.5787088550555216,-8.2791876660215,6,12
75,1.0,daily,alt,0.03679264147170566,-5.466066214650137,-10.072409106027735,12,12
75,1.0,daily,sharp,0.7808438312337532,0.6863571776949353,-10.072409106027735,12,12
75,1.0,daily,weak,0.6004799040191962,-2.2075398344143564,-10.072409106027735,12,12
75,1.0,daily,weak_skew,0.6950609878024395,-1.1242163850142763,-10.072409106027735,12,12
75,1.0,two_day,alt,0.02734375,-7.918349911362333,-10.072409106027735,12,12
75,1.0,two_day,sharp,0.91357421875,0.26930046667882007,-10.072409106027735,12,12
75,1.0,two_day,weak,0.96240234375,-0.22689553526014805,-10.072409106027735,12,12
75,1.0,two_day,weak_skew,0.6953125,1.0560228096124018,-10.072409106027735,12,12
75,1.0,four_day,alt,0.0625,-8.882671648145894,-10.072409106027735,6,12
75,1.0,four_day,sharp,0.9375,-0.2695771088723203,-10.072409106027735,6,12
75,1.0,four_day,weak,1.0,0.19686870745679977,-10.072409106027735,6,12
75,1.0,four_day,weak_skew,0.65625,-1.7858368843088748,-10.072409106027735,6,12
76,1.0,daily,alt,0.8996200759848031,0.2689226053959087,-7.20883812497479,12,12
76,1.0,daily,sharp,0.4813037392521496,0.8164915992004994,-7.20883812497479,12,12
76,1.0,daily,weak,0.33993201359728054,2.0052963785777433,-7.20883812497479,12,12
76,1.0,daily,weak_skew,0.4501099780043991,1.3864170995241771,-7.20883812497479,12,12
76,1.0,two_day,alt,0.15771484375,-3.7711566006533093,-7.20883812497479,12,12
76,1.0,two_day,sharp,0.90234375,0.22929640254417075,-7.20883812497479,12,12
76,1.0,two_day,weak,0.69140625,-1.2346624852305979,-7.20883812497479,12,12
76,1.0,two_day,weak_skew,0.599609375,-1.339916323913038,-7.20883812497479,12,12
76,1.0,four_day,alt,0.03125,-9.058922590706763,-7.20883812497479,6,12
76,1.0,four_day,sharp,0.46875,-1.7061733356834903,-7.20883812497479,6,12
76,1.0,four_day,weak,0.65625,-1.8997227050762244,-7.20883812497479,6,12
76,1.0,four_day,weak_skew,0.6875,-1.2343776434376739,-7.20883812497479,6,12
77,1.0,daily,alt,0.6840631873625275,-0.9088116555759095,-5.832732393371678,12,12
77,1.0,daily,sharp,0.39532093581283745,2.985829982464011,-5.832732393371678,12,12
77,1.0,daily,weak,0.386122775444911,3.3894161031898533,-5.832732393371678,12,12
77,1.0,daily,weak_skew,0.2887422515496901,4.088975162435997,-5.832732393371678,12,12
77,1.0,two_day,alt,0.08935546875,-5.851861005114675,-5.832732393371678,12,12
77,1.0,two_day,sharp,0.3466796875,-2.3634329792272264,-5.832732393371678,12,12
77,1.0,two_day,weak,0.8125,-1.2531348829333713,-5.832732393371678,12,12
77,1.0,two_day,weak_skew,0.17431640625,-4.543210071463207,-5.832732393371678,12,12
77,1.0,four_day,alt,0.09375,-8.81233947920411,-5.832732393371678,6,12
77,1.0,four_day,sharp,0.84375,-0.9081751887325235,-5.832732393371678,6,12
77,1.0,four_day,weak,0.9375,-0.30762894377108907,-5.832732393371678,6,12
77,1.0,four_day,weak_skew,0.34375,-5.47553080267928,-5.832732393371678,6,12
78,1.0,daily,alt,0.009198160367926415,-7.239346836304403,-10.415179959308283,12,12
78,1.0,daily,sharp,0.9722055588882224,0.07294704229092375,-10.415179959308283,12,12
78,1.0,daily,weak,0.4475104979004199,-1.7809455900769968,-10.415179959308283,12,12
78,1.0,daily,weak_skew,0.6880623875224955,-0.9336969041858811,-10.415179959308283,12,12
78,1.0,two_day,alt,0.02978515625,-6.360898447558807,-10.415179959308283,12,12
78,1.0,two_day,sharp,0.7841796875,-0.37352843351044623,-10.415179959308283,12,12
78,1.0,two_day,weak,0.734375,-0.9351515297892181,-10.415179959308283,12,12
78,1.0,two_day,weak_skew,0.58251953125,-1.3904122592017725,-10.415179959308283,12,12
78,1.0,four_day,alt,0.0625,-9.983421986876893,-10.415179959308283,6,12
78,1.0,four_day,sharp,0.625,-1.784212680360466,-10.415179959308283,6,12
78,1.0,four_day,weak,0.6875,-1.124139174238407,-10.415179959308283,6,12
78,1.0,four_day,weak_skew,0.8125,1.1683354220809576,-10.415179959308283,6,12
79,1.0,daily,alt,0.9608078384323135,-0.2135238679756455,-8.275742592610833,12,12
79,1.0,daily,sharp,0.42291541691661666,1.2639693405494288,-8.275742592610833,12,12
79,1.0,daily,weak,0.14817036592681462,4.006312445085744,-8.275742592610833,12,12
79,1.0,daily,weak_skew,0.1821635672865427,2.612247781781519,-8.275742592610833,12,12
79,1.0,two_day,alt,0.009765625,-6.280441842524443,-8.275742592610833,12,12
79,1.0,two_day,sharp,0.15283203125,-2.308546340174009,-8.275742592610833,12,12
79,1.0,two_day,weak,0.07373046875,-5.034369622321843,-8.275742592610833,12,12
79,1.0,two_day,weak_skew,0.01318359375,-4.875644330907364,-8.275742592610833,12,12
79,1.0,four_day,alt,0.875,2.6760354783218916,-8.275742592610833,6,12
79,1.0,four_day,sharp,0.46875,4.067169319703091,-8.275742592610833,6,12
79,1.0,four_day,weak,0.25,8.303588980091348,-8.275742592610833,6,12
79,1.0,four_day,weak_skew,0.34375,5.791552218842612,-8.275742592610833,6,12
80,1.0,daily,alt,0.1357728454309138,-4.049341860179644,-6.324423133541387,12,12
80,1.0,daily,sharp,0.7018596280743852,-1.1990599439177927,-6.324423133541387,12,12
80,1.0,daily,weak,0.2509498100379924,-3.398424142217049,-6.324423133541387,12,12
80,1.0,daily,weak_skew,0.9768046390721855,-0.10515241051962754,-6.324423133541387,12,12
80,1.0,two_day,alt,0.00341796875,-8.932516343492408,-6.324423133541387,12,12
80,1.0,two_day,sharp,0.02294921875,-4.913965427145499,-6.324423133541387,12,12
80,1.0,two_day,weak,0.517578125,-2.113470723514679,-6.324423133541387,12,12
80,1.0,two_day,weak_skew,0.16455078125,-4.468039999310736,-6.324423133541387,12,12
80,1.0,four_day,alt,0.40625,-8.825039002285305,-6.324423133541387,6,12
80,1.0,four_day,sharp,0.90625,-2.8203321847767726,-6.324423133541387,6,12
80,1.0,four_day,weak,0.96875,-0.5564998665206247,-6.324423133541387,6,12
80,1.0,four_day,weak_skew,0.6875,-4.877999290583673,-6.324423133541387,6,12
81,1.0,daily,alt,0.02299540091981604,-6.3941909854611465,-8.182367075462146,12,12
81,1.0,daily,sharp,0.15636872625474904,-2.242761407211967,-8.182367075462146,12,12
81,1.0,daily,weak,0.014797040591881624,-5.4701605844698875,-8.182367075462146,12,12
81,1.0,daily,weak_skew,0.7548490301939612,-0.7017377878480721,-8.182367075462146,12,12
81,1.0,two_day,alt,0.1279296875,-3.0481308886914626,-8.182367075462146,12,12
81,1.0,two_day,sharp,0.1416015625,2.2878866267647733,-8.182367075462146,12,12
81,1.0,two_day,weak,0.2158203125,3.6264509390432997,-8.182367075462146,12,12
81,1.0,two_day,weak_skew,0.041015625,5.805866962909398,-8.182367075462146,12,12
81,1.0,four_day,alt,0.125,-7.7670438039118785,-8.182367075462146,6,12
81,1.0,four_day,sharp,0.5,-1.8838516211561174,-8.182367075462146,6,12
81,1.0,four_day,weak,0.28125,-3.9000801275111847,-8.182367075462146,6,12
81,1.0,four_day,weak_skew,0.34375,3.566750152872481,-8.182367075462146,6,12
82,1.0,daily,alt,0.060187962407518496,-5.378806353977218,-8.677030129161409,12,12
82,1.0,daily,sharp,0.5592881423715257,-1.15312726834855,-8.677030129161409,12,12
82,1.0,daily,weak,0.9666066786642672,-0.1115855178590639,-8.677030129161409,12,12
82,1.0,daily,weak_skew,0.23275344931013797,-2.4471783296559333,-8.677030129161409,12,12
82,1.0,two_day,alt,0.07958984375,-7.62928446650087,-8.677030129161409,12,12
82,1.0,two_day,sharp,0.77294921875,-1.0186568149212754,-8.677030129161409,12,12
82,1.0,two_day,weak,0.279296875,-2.8655481366224698,-8.677030129161409,12,12
82,1.0,two_day,weak_skew,0.765625,1.574164879144572,-8.677030129161409,12,12
82,1.0,four_day,alt,0.25,4.712815467028388,-8.677030129161409,6,12
82,1.0,four_day,sharp,0.0625,11.646873019672299,-8.677030129161409,6,12
82,1.0,four_day,weak,0.03125,14.370277461698246,-8.677030129161409,6,12
82,1.0,four_day,weak_skew,0.03125,12.50600055873164,-8.677030129161409,6,12
83,1.0,daily,alt,0.020995800839832032,-4.661674482698703,-4.017086106003717,12,12
83,1.0,daily,sharp,0.20735852829434112,-1.9936409344448975,-4.017086106003717,12,12
83,1.0,daily,weak,0.09178164367126575,-4.594553077129236,-4.017086106003717,12,12
83,1.0,daily,weak_skew,0.3823235352929414,-1.994836987706443,-4.017086106003717,12,12
83,1.0,two_day,alt,0.1640625,-4.35887488998997,-4.017086106003717,12,12
83,1.0,two_day,sharp,0.73876953125,-0.978552782388722,-4.017086106003717,12,12
83,1.0,two_day,weak,0.9619140625,0.2225843172742028,-4.017086106003717,12,12
83,1.0,two_day,weak_skew,0.5625,-1.9220896140677552,-4.017086106003717,12,12
83,1.0,four_day,alt,0.875,-1.7847693930780355,-4.017086106003717,6,12
83,1.0,four_day,sharp,0.59375,2.1609277099303648,-4.017086106003717,6,12
83,1.0,four_day,weak,0.0625,10.217703738455869,-4.017086106003717,6,12
83,1.0,four_day,weak_skew,1.0,-0.15683270407652708,-4.017086106003717,6,12
84,1.0,daily,alt,0.08958208358328335,-2.41687833412932,-4.873591312592737,12,12
84,1.0,daily,sharp,0.8162367526494702,-0.23494243842550824,-4.873591312592737,12,12
84,1.0,daily,weak,0.26294741051789644,-1.9608374477234485,-4.873591312592737,12,12
84,1.0,daily,weak_skew,0.8648270345930814,-0.2857856383454127,-4.873591312592737,12,12
84,1.0,two_day,alt,0.75390625,1.120843264936391,-4.873591312592737,12,12
84,1.0,two_day,sharp,0.32421875,2.9042001527661157,-4.873591312592737,12,12
84,1.0,two_day,weak,0.32373046875,3.3900944525738073,-4.873591312592737,12,12
84,1.0,two_day,weak_skew,0.34375,4.166618647196539,-4.873591312592737,12,12
84,1.0,four_day,alt,0.96875,-0.3071362953138461,-4.873591312592737,6,12
84,1.0,four_day,sharp,0.53125,2.217225995953483,-4.873591312592737,6,12
84,1.0,four_day,weak,0.15625,4.249375576151594,-4.873591312592737,6,12
84,1.0,four_day,weak_skew,0.375,5.56410455966067,-4.873591312592737,6,12
85,1.0,daily,alt,0.09738052389522095,-5.062374101123196,-5.213134434605095,12,12
85,1.0,daily,sharp,0.10357928414317137,-1.954281246779356,-5.213134434605095,12,12
85,1.0,daily,weak,0.6848630273945211,-0.6847437080900102,-5.213134434605095,12,12
85,1.0,daily,weak_skew,0.30813837232553487,-2.9454453951939112,-5.213134434605095,12,12
85,1.0,two_day,alt,0.3515625,-3.6149371917756654,-5.213134434605095,12,12
85,1.0,two_day,sharp,0.40478515625,-1.848379929911916,-5.213134434605095,12,12
85,1.0,two_day,weak,0.43115234375,-2.9226517649544466,-5.213134434605095,12,12
85,1.0,two_day,weak_skew,0.47412109375,-2.361834407742837,-5.213134434605095,12,12
85,1.0,four_day,alt,0.03125,-6.0831919395238865,-5.213134434605095,6,12
85,1.0,four_day,sharp,0.53125,-1.3901562195033204,-5.213134434605095,6,12
85,1.0,four_day,weak,0.4375,-5.406581899945196,-5.213134434605095,6,12
85,1.0,four_day,weak_skew,0.3125,5.451303806385003,-5.213134434605095,6,12
86,1.0,daily,alt,0.1895620875824835,-2.9798027968932446,-4.998278131614676,12,12
86,1.0,daily,sharp,0.2971405718856229,-2.1507890962662213,-4.998278131614676,12,12
86,1.0,daily,weak,0.24935012997400519,-2.9124761261168257,-4.998278131614676,12,12
86,1.0,daily,weak_skew,0.40731853629274145,-2.8615234635691493,-4.998278131614676,12,12
86,1.0,two_day,alt,0.11669921875,-6.4161218221314344,-4.998278131614676,12,12
86,1.0,two_day,sharp,0.27197265625,-3.7460238096851524,-4.998278131614676,12,12
86,1.0,two_day,weak,0.00537109375,-8.958508693122004,-4.998278131614676,12,12
86,1.0,two_day,weak_skew,0.13916015625,-5.690500678606743,-4.998278131614676,12,12
86,1.0,four_day,alt,0.40625,-3.2968239744330425,-4.998278131614676,6,12
86,1.0,four_day,sharp,0.875,-1.0716061942360398,-4.998278131614676,6,12
86,1.0,four_day,weak,0.09375,2.906048492396837,-4.998278131614676,6,12
86,1.0,four_day,weak_skew,0.71875,3.2623317446712043,-4.998278131614676,6,12
87,1.0,daily,alt,0.029994001199760048,-4.928343577107998,-5.301255845415405,12,12
87,1.0,daily,sharp,0.5556888622275545,-1.1019329387550219,-5.301255845415405,12,12
87,1.0,daily,weak,0.4215156968606279,2.6471666005783696,-5.301255845415405,12,12
87,1.0,daily,weak_skew,0.11897620475904819,-3.5250050423021975,-5.301255845415405,12,12
87,1.0,two_day,alt,0.00244140625,-10.351716103501287,-5.301255845415405,12,12
87,1.0,two_day,sharp,0.04443359375,-4.8285001600163975,-5.301255845415405,12,12
87,1.0,two_day,weak,0.14990234375,-4.46296922315851,-5.301255845415405,12,12
87,1.0,two_day,weak_skew,0.1376953125,-5.426173655298075,-5.301255845415405,12,12
87,1.0,four_day,alt,0.78125,-1.001775013813506,-5.301255845415405,6,12
87,1.0,four_day,sharp,0.125,3.197748068620841,-5.301255845415405,6,12
87,1.0,four_day,weak,0.3125,-3.4579121652253684,-5.301255845415405,6,12
87,1.0,four_day,weak_skew,0.1875,5.274529254405664,-5.301255845415405,6,12
88,1.0,daily,alt,0.9120175964807039,0.7266122368048838,-5.369816602027598,12,12
88,1.0,daily,sharp,0.6624675064987002,0.6999570557128679,-5.369816602027598,12,12
88,1.0,daily,weak,0.34933013397320534,2.7234516842078,-5.369816602027598,12,12
88,1.0,daily,weak_skew,0.5950809838032394,1.959268816897551,-5.369816602027598,12,12
88,1.0,two_day,alt,0.0341796875,-6.565271821239588,-5.369816602027598,12,12
88,1.0,two_day,sharp,0.30126953125,-2.530420996282458,-5.369816602027598,12,12
88,1.0,two_day,weak,0.576171875,-1.5946417278615836,-5.369816602027598,12,12
88,1.0,two_day,weak_skew,0.92919921875,-0.3977874186767802,-5.369816602027598,12,12
88,1.0,four_day,alt,0.96875,0.41567246175376954,-5.369816602027598,6,12
88,1.0,four_day,sharp,0.65625,1.2508760942111483,-5.369816602027598,6,12
88,1.0,four_day,weak,0.71875,1.44980414758322,-5.369816602027598,6,12
88,1.0,four_day,weak_skew,0.5,4.603567346812501,-5.369816602027598,6,12
89,1.0,daily,alt,0.6382723455308938,-3.0048751560923255,-10.529298203652694,12,12
89,1.0,daily,sharp,0.9332133573285343,0.32755665090908553,-10.529298203652694,12,12
89,1.0,daily,weak,0.8792241551689662,-0.643643567742694,-10.529298203652694,12,12
89,1.0,daily,weak_skew,0.6574685062987402,2.391075265776004,-10.529298203652694,12,12
89,1.0,two_day,alt,0.158203125,-8.373151348596908,-10.529298203652694,12,12
89,1.0,two_day,sharp,0.8896484375,-1.263359244636608,-10.529298203652694,12,12
89,1.0,two_day,weak,0.90576171875,-1.5386659889092058,-10.529298203652694,12,12
89,1.0,two_day,weak_skew,0.8896484375,-1.4557734592067721,-10.529298203652694,12,12
89,1.0,four_day,alt,0.125,-8.807372011676536,-10.529298203652694,6,12
89,1.0,four_day,sharp,0.78125,1.2802200090317821,-10.529298203652694,6,12
89,1.0,four_day,weak,0.8125,1.9664348902131412,-10.529298203652694,6,12
89,1.0,four_day,weak_skew,0.25,4.636227590946839,-10.529298203652694,6,12
90,1.0,daily,alt,0.3085382923415317,-2.7398996912590268,-6.177885997117187,12,12
90,1.0,daily,sharp,0.7050589882023596,0.7646994953210479,-6.177885997117187,12,12
90,1.0,daily,weak,0.41731653669266144,1.7564036406526669,-6.177885997117187,12,12
90,1.0,daily,weak_skew,0.9468106378724255,0.15414686402621194,-6.177885997117187,12,12
90,1.0,two_day,alt,0.9853515625,-0.0758074135100942,-6.177885997117187,12,12
90,1.0,two_day,sharp,0.4453125,2.9510737089880004,-6.177885997117187,12,12
90,1.0,two_day,weak,0.720703125,1.5511749082637085,-6.177885997117187,12,12
90,1.0,two_day,weak_skew,0.26123046875,3.6971564771757186,-6.177885997117187,12,12
90,1.0,four_day,alt,0.15625,-6.050783979623969,-6.177885997117187,6,12
90,1.0,four_day,sharp,0.84375,-1.9722058078027753,-6.177885997117187,6,12
90,1.0,four_day,weak,0.03125,4.749936685336216,-6.177885997117187,6,12
90,1.0,four_day,weak_skew,0.71875,-1.9068039521747444,-6.177885997117187,6,12
91,1.0,daily,alt,0.0013997200559888023,-9.98219517192944,-9.478401014623046,12,12
91,1.0,daily,sharp,0.2469506098780244,-3.425099776170675,-9.478401014623046,12,12
91,1.0,daily,weak,0.45930813837232554,-2.381666950513839,-9.478401014623046,12,12
91,1.0,daily,weak_skew,0.8014397120575885,1.1178969503877052,-9.478401014623046,12,12
91,1.0,two_day,alt,0.9443359375,-1.79832373657563,-9.478401014623046,12,12
91,1.0,two_day,sharp,0.6298828125,-1.987597564268069,-9.478401014623046,12,12
91,1.0,two_day,weak,0.4052734375,-3.424242112125168,-9.478401014623046,12,12
91,1.0,two_day,weak_skew,0.35400390625,-4.3314457191698255,-9.478401014623046,12,12
91,1.0,four_day,alt,0.125,-7.6909905446391065,-9.478401014623046,6,12
91,1.0,four_day,sharp,0.8125,0.9819178812344802,-9.478401014623046,6,12
91,1.0,four_day,weak,0.90625,0.626637085868668,-9.478401014623046,6,12
91,1.0,four_day,weak_skew,0.1875,-4.394468109901832,-9.478401014623046,6,12
92,1.0,daily,alt,0.4313137372525495,-2.1930380816901134,-5.154233110638302,12,12
92,1.0,daily,sharp,0.7508498300339932,0.5477240857596737,-5.154233110638302,12,12
92,1.0,daily,weak,0.4405118976204759,-1.542012676033292,-5.154233110638302,12,12
92,1.0,daily,weak_skew,0.510497900419916,-1.4687657125520512,-5.154233110638302,12,12
92,1.0,two_day,alt,0.09716796875,-4.637550110833898,-5.154233110638302,12,12
92,1.0,two_day,sharp,0.63916015625,-0.9642064236459907,-5.154233110638302,12,12
92,1.0,two_day,weak,0.11083984375,-6.828063779743336,-5.154233110638302,12,12
92,1.0,two_day,weak_skew,0.95849609375,0.18362628666011696,-5.154233110638302,12,12
92,1.0,four_day,alt,0.9375,-0.5267305928075565,-5.154233110638302,6,12
92,1.0,four_day,sharp,0.21875,4.310864063185502,-5.154233110638302,6,12
92,1.0,four_day,weak,0.375,4.010874360061224,-5.154233110638302,6,12
92,1.0,four_day,weak_skew,0.65625,2.593431730214622,-5.154233110638302,6,12
93,1.0,daily,alt,0.903619276144771,-0.4158207675934242,-3.8485758405561796,12,12
93,1.0,daily,sharp,0.8214357128574286,0.4830466386555094,-3.8485758405561796,12,12
93,1.0,daily,weak,0.8660267946410718,0.49409324181088304,-3.8485758405561796,12,12
93,1.0,daily,weak_skew,0.1915616876624675,4.174464921960717,-3.8485758405561796,12,12
93,1.0,two_day,alt,0.86669921875,-0.7509243410652822,-3.8485758405561796,12,12
93,1.0,two_day,sharp,0.8505859375,0.3808653257627193,-3.8485758405561796,12,12
93,1.0,two_day,weak,0.6083984375,-1.1854490964862148,-3.8485758405561796,12,12
93,1.0,two_day,weak_skew,0.6005859375,2.7065341827539022,-3.8485758405561796,12,12
93,1.0,four_day,alt,0.75,-1.6019212572245216,-3.8485758405561796,6,12
93,1.0,four_day,sharp,0.71875,-0.899346774567956,-3.8485758405561796,6,12
93,1.0,four_day,weak,1.0,0.01431901724239045,-3.8485758405561796,6,12
93,1.0,four_day,weak_skew,0.1875,-4.840384679425294,-3.8485758405561796,6,12
94,1.0,daily,alt,0.007398520295940812,-6.210659357344045,-7.921625320496872,12,12
94,1.0,daily,sharp,0.3919216156768646,-1.4572472586489897,-7.921625320496872,12,12
94,1.0,daily,weak,0.7936412717456509,0.46405544945417293,-7.921625320496872,12,12
94,1.0,daily,weak_skew,0.9936012797440512,-0.01934886200105564,-7.921625320496872,12,12
94,1.0,two_day,alt,0.3857421875,-3.240869120405863,-7.921625320496872,12,12
94,1.0,two_day,sharp,0.4267578125,3.0219013696964203,-7.921625320496872,12,12
94,1.0,two_day,weak,0.45166015625,3.5052553042340953,-7.921625320496872,12,12
94,1.0,two_day,weak_skew,0.36669921875,4.735819211270825,-7.921625320496872,12,12
94,1.0,four_day,alt,0.125,-8.074432514727361,-7.921625320496872,6,12
94,1.0,four_day,sharp,0.875,-0.9882446721408679,-7.921625320496872,6,12
94,1.0,four_day,weak,0.5,-4.458708682871015,-7.921625320496872,6,12
94,1.0,four_day,weak_skew,0.96875,0.114726353666871,-7.921625320496872,6,12
95,1.0,daily,alt,0.03239352129574085,-6.445073276183487,-6.487867875250174,12,12
95,1.0,daily,sharp,0.989002199560088,0.04275577114076571,-6.487867875250174,12,12
95,1.0,daily,weak,0.7260547890421916,-1.2058101753875086,-6.487867875250174,12,12
95,1.0,daily,weak_skew,0.34393121375724856,-3.1638231918621784,-6.487867875250174,12,12
95,1.0,two_day,alt,0.24951171875,-7.155079033643321,-6.487867875250174,12,12
95,1.0,two_day,sharp,0.8720703125,-1.0294579613226638,-6.487867875250174,12,12
95,1.0,two_day,weak,0.921875,-0.6959243606747284,-6.487867875250174,12,12
95,1.0,two_day,weak_skew,0.67724609375,-2.708488886273244,-6.487867875250174,12,12
95,1.0,four_day,alt,0.8125,2.0548694116816777,-6.487867875250174,6,12
95,1.0,four_day,sharp,0.28125,4.1938540557774004,-6.487867875250174,6,12
95,1.0,four_day,weak,0.21875,8.01864502989399,-6.487867875250174,6,12
95,1.0,four_day,weak_skew,0.4375,6.032250290471997,-6.487867875250174,6,12
96,1.0,daily,alt,0.8988202359528095,0.4814981988237162,-5.543985413079753,12,12
96,1.0,daily,sharp,0.19196160767846432,3.6027138510083923,-5.543985413079753,12,12
96,1.0,daily,weak,0.27434513097380525,3.4743926969821888,-5.543985413079753,12,12
96,1.0,daily,weak_skew,0.2391521695660868,6.160259269557233,-5.543985413079753,12,12
96,1.0,two_day,alt,0.19580078125,-6.440592761993709,-5.543985413079753,12,12
96,1.0,two_day,sharp,0.95068359375,-0.3209663333682619,-5.543985413079753,12,12
96,1.0,two_day,weak,0.80859375,-1.2959012691763039,-5.543985413079753,12,12
96,1.0,two_day,weak_skew,0.4326171875,-3.705371836286261,-5.543985413079753,12,12
96,1.0,four_day,alt,0.84375,-0.6052694575620011,-5.543985413079753,6,12
96,1.0,four_day,sharp,0.1875,4.149069225994722,-5.543985413079753,6,12
96,1.0,four_day,weak,0.15625,4.941545014657971,-5.543985413079753,6,12
96,1.0,four_day,weak_skew,0.59375,3.4454557751580537,-5.543985413079753,6,12
97,1.0,daily,alt,0.0639872025594881,-4.976387311363678,-7.365936668133344,12,12
97,1.0,daily,sharp,0.23735252949410118,-1.6419858751784069,-7.365936668133344,12,12
97,1.0,daily,weak,0.09998000399920016,-5.802874342704944,-7.365936668133344,12,12
97,1.0,daily,weak_skew,0.010597880423915218,-4.817362259057758,-7.365936668133344,12,12
97,1.0,two_day,alt,0.3505859375,-2.001389483107845,-7.365936668133344,12,12
97,1.0,two_day,sharp,0.40283203125,1.0626490208662809,-7.365936668133344,12,12
97,1.0,two_day,weak,0.9609375,-0.13910371440639638,-7.365936668133344,12,12
97,1.0,two_day,weak_skew,0.2255859375,-2.0492533933125157,-7.365936668133344,12,12
97,1.0,four_day,alt,0.03125,-11.586518707888766,-7.365936668133344,6,12
97,1.0,four_day,sharp,0.1875,-3.7326007927512292,-7.365936668133344,6,12
97,1.0,four_day,weak,0.875,0.8588565288447197,-7.365936668133344,6,12
97,1.0,four_day,weak_skew,0.0625,-5.91546319421969,-7.365936668133344,6,12
98,1.0,daily,alt,0.743251349730054,1.7338468874173192,-3.226546738936406,12,12
98,1.0,daily,sharp,0.8404319136172765,-0.5712655804119576,-3.226546738936406,12,12
98,1.0,daily,weak,0.8844231153769246,-0.3935526591496714,-3.226546738936406,12,12
98,1.0,daily,weak_skew,0.884623075384923,-0.4580240043583039,-3.226546738936406,12,12
98,1.0,two_day,alt,0.08740234375,13.990392257541354,-3.226546738936406,12,12
98,1.0,two_day,sharp,0.1904296875,5.38970410310528,-3.226546738936406,12,12
98,1.0,two_day,weak,0.15283203125,7.1767931324579,-3.226546738936406,12,12
98,1.0,two_day,weak_skew,0.43212890625,6.0263971828911735,-3.226546738936406,12,12
98,1.0,four_day,alt,0.8125,2.085246494824704,-3.226546738936406,6,12
98,1.0,four_day,sharp,0.90625,0.7459698653358942,-3.226546738936406,6,12
98,1.0,four_day,weak,0.375,4.09074231991265,-3.226546738936406,6,12
98,1.0,four_day,weak_skew,0.90625,-0.47836188573639643,-3.226546738936406,6,12
99,1.0,daily,alt,0.7888422315536893,-0.9157015506592602,-6.501112055570999,12,12
99,1.0,daily,sharp,0.8322335532893421,0.8261047325108564,-6.501112055570999,12,12
99,1.0,daily,weak,0.1801639672065587,5.159590565676499,-6.501112055570999,12,12
99,1.0,daily,weak_skew,0.21335732853429315,3.8090491956704073,-6.501112055570999,12,12
99,1.0,two_day,alt,0.205078125,-4.347897653516797,-6.501112055570999,12,12
99,1.0,two_day,sharp,0.84130859375,0.5752713358113901,-6.501112055570999,12,12
99,1.0,two_day,weak,0.81005859375,0.8485973554586183,-6.501112055570999,12,12
99,1.0,two_day,weak_skew,0.45947265625,3.019446041816101,-6.501112055570999,12,12
99,1.0,four_day,alt,0.0625,-7.787952078267337,-6.501112055570999,6,12
99,1.0,four_day,sharp,0.625,-0.47644882180760223,-6.501112055570999,6,12
99,1.0,four_day,weak,0.25,5.004757408990083,-6.501112055570999,6,12
99,1.0,four_day,weak_skew,0.53125,3.42002282795186,-6.501112055570999,6,12
100,1.0,daily,alt,0.004599080183963208,-4.965240226843008,-5.572577369898973,12,12
100,1.0,daily,sharp,0.77124575084983,0.48344915682967243,-5.572577369898973,12,12
100,1.0,daily,weak,0.4947010597880424,-1.6129072075270408,-5.572577369898973,12,12
100,1.0,daily,weak_skew,0.34273145370925817,2.7358066270241803,-5.572577369898973,12,12
100,1.0,two_day,alt,0.00830078125,-6.167603559519347,-5.572577369898973,12,12
100,1.0,two_day,sharp,0.36865234375,-2.230512624098937,-5.572577369898973,12,12
100,1.0,two_day,weak,0.46875,-3.1166276664360386,-5.572577369898973,12,12
100,1.0,two_day,weak_skew,0.708984375,2.2341021062142423,-5.572577369898973,12,12
100,1.0,four_day,alt,0.15625,-7.302054431785339,-5.572577369898973,6,12
100,1.0,four_day,sharp,0.40625,-3.361096016635763,-5.572577369898973,6,12
100,1.0,four_day,weak,0.53125,-2.7856717807550986,-5.572577369898973,6,12
100,1.0,four_day,weak_skew,0.96875,-0.28748911533079635,-5.572577369898973,6,12
101,1.0,daily,alt,0.9166166766646671,0.2350810215104874,-6.620818024472385,12,12
101,1.0,daily,sharp,0.4233153369326135,1.9708345427097609,-6.620818024472385,12,12
101,1.0,daily,weak,0.03159368126374725,6.652005934170677,-6.620818024472385,12,12
101,1.0,daily,weak_skew,0.8708258348330334,-0.39663690668167817,-6.620818024472385,12,12
101,1.0,two_day,alt,0.1962890625,-6.491011839822291,-6.620818024472385,12,12
101,1.0,two_day,sharp,0.5234375,-2.491055200203029,-6.620818024472385,12,12
101,1.0,two_day,weak,0.35009765625,-5.059383936435299,-6.620818024472385,12,12
101,1.0,two_day,weak_skew,0.83935546875,-0.8949160540264932,-6.620818024472385,12,12
101,1.0,four_day,alt,0.0625,-9.615797857726287,-6.620818024472385,6,12
101,1.0,four_day,sharp,0.375,-3.173236859509295,-6.620818024472385,6,12
101,1.0,four_day,weak,0.0625,-9.404282465505224,-6.620818024472385,6,12
101,1.0,four_day,weak_skew,0.53125,-4.060884522539424,-6.620818024472385,6,12
102,1.0,daily,alt,0.9784043191361728,0.05522369975061281,-5.6877354051841635,12,12
102,1.0,daily,sharp,0.07478504299140172,2.7773631707143864,-5.6877354051841635,12,12
102,1.0,daily,weak,0.5822835432913417,1.2031505792594477,-5.6877354051841635,12,12
102,1.0,daily,weak_skew,0.23815236952609478,2.4877696973530505,-5.6877354051841635,12,12
102,1.0,two_day,alt,0.00439453125,-9.88318343415287,-5.6877354051841635,12,12
102,1.0,two_day,sharp,0.05810546875,-5.467562075897454,-5.6877354051841635,12,12
102,1.0,two_day,weak,0.10400390625,-7.8081142253964435,-5.6877354051841635,12,12
102,1.0,two_day,weak_skew,0.07421875,-7.349698730941814,-5.6877354051841635,12,12
102,1.0,four_day,alt,0.875,0.885522111942695,-5.6877354051841635,6,12
102,1.0,four_day,sharp,0.34375,4.054185820067048,-5.6877354051841635,6,12
102,1.0,four_day,weak,0.3125,5.860328935360626,-5.6877354051841635,6,12
102,1.0,four_day,weak_skew,0.40625,8.301384710728028,-5.6877354051841635,6,12
103,1.0,daily,alt,0.008198360327934412,-4.0757486047617135,-7.888827485912934,12,12
103,1.0,daily,sharp,0.8966206758648271,-0.1781110104706395,-7.888827485912934,12,12
103,1.0,daily,weak,0.9400119976004799,-0.20155362453823558,-7.888827485912934,12,12
103,1.0,daily,weak_skew,0.1811637672465507,-2.7604603558673353,-7.888827485912934,12,12
103,1.0,two_day,alt,0.8798828125,0.4285818668988437,-7.888827485912934,12,12
103,1.0,two_day,sharp,0.17333984375,2.917163011416062,-7.888827485912934,12,12
103,1.0,two_day,weak,0.24560546875,5.338776545499137,-7.888827485912934,12,12
103,1.0,two_day,weak_skew,0.43212890625,5.912037757668624,-7.888827485912934,12,12
103,1.0,four_day,alt,0.59375,-1.9603495279827996,-7.888827485912934,6,12
103,1.0,four_day,sharp,0.5,3.397059760854938,-7.888827485912934,6,12
103,1.0,four_day,weak,0.03125,12.277536038903804,-7.888827485912934,6,12
103,1.0,four_day,weak_skew,0.59375,2.5201026403624724,-7.888827485912934,6,12
104,1.0,daily,alt,0.1225754849030194,-6.381061943969125,-5.399614045133248,12,12
104,1.0,daily,sharp,0.35132973405318935,-2.6529840694974305,-5.399614045133248,12,12
104,1.0,daily,weak,0.4913017396520696,-2.4475785605613307,-5.399614045133248,12,12
104,1.0,daily,weak_skew,0.9598080383923215,0.24462931715940547,-5.399614045133248,12,12
104,1.0,two_day,alt,0.66357421875,3.801958485287328,-5.399614045133248,12,12
104,1.0,two_day,sharp,0.4326171875,3.189082780072527,-5.399614045133248,12,12
104,1.0,two_day,weak,0.86865234375,-0.70130758121093,-5.399614045133248,12,12
104,1.0,two_day,weak_skew,0.18798828125,6.987821614316824,-5.399614045133248,12,12
104,1.0,four_day,alt,0.0625,-7.497500677918698,-5.399614045133248,6,12
104,1.0,four_day,sharp,0.40625,-2.1695107712647634,-5.399614045133248,6,12
104,1.0,four_day,weak,0.28125,-5.874921969178399,-5.399614045133248,6,12
104,1.0,four_day,weak_skew,0.6875,-1.9838812470755418,-5.399614045133248,6,12
105,1.0,daily,alt,0.005198960207958408,-4.751364312348433,-9.588852878007131,12,12
105,1.0,daily,sharp,0.595880823835233,0.7913879439625493,-9.588852878007131,12,12
105,1.0,daily,weak,0.5548890221955609,1.5154003508119078,-9.588852878007131,12,12
105,1.0,daily,weak_skew,0.7868426314737053,0.7341377739089024,-9.588852878007131,12,12
105,1.0,two_day,alt,0.052734375,-3.5279043315855776,-9.588852878007131,12,12
105,1.0,two_day,sharp,0.24951171875,1.3055440196598056,-9.588852878007131,12,12
105,1.0,two_day,weak,0.53369140625,-1.682939185727811,-9.588852878007131,12,12
105,1.0,two_day,weak_skew,0.4306640625,2.1439311548936466,-9.588852878007131,12,12
105,1.0,four_day,alt,0.03125,-8.446313353548021,-9.588852878007131,6,12
105,1.0,four_day,sharp,0.40625,-1.0758290705358935,-9.588852878007131,6,12
105,1.0,four_day,weak,0.15625,-3.966868006951021,-9.588852878007131,6,12
105,1.0,four_day,weak_skew,0.78125,1.0666435817221043,-9.588852878007131,6,12
106,1.0,daily,alt,0.1951609678064387,-3.2268128779686074,-6.484083213794477,12,12
106,1.0,daily,sharp,0.7130573885222955,-0.8636840514884986,-6.484083213794477,12,12
106,1.0,daily,weak,0.5720855828834233,1.6138476340393033,-6.484083213794477,12,12
106,1.0,daily,weak_skew,0.9232153569286142,-0.2723495823572044,-6.484083213794477,12,12
106,1.0,two_day,alt,0.302734375,-4.087389698208821,-6.484083213794477,12,12
106,1.0,two_day,sharp,0.92236328125,-0.4439753917125131,-6.484083213794477,12,12
106,1.0,two_day,weak,0.228515625,5.152852274750901,-6.484083213794477,12,12
106,1.0,two_day,weak_skew,0.70068359375,1.5666642215957143,-6.484083213794477,12,12
106,1.0,four_day,alt,0.6875,-2.0926441512849174,-6.484083213794477,6,12
106,1.0,four_day,sharp,0.71875,1.2866297151906874,-6.484083213794477,6,12
106,1.0,four_day,weak,0.96875,0.6047190279919453,-6.484083213794477,6,12
106,1.0,four_day,weak_skew,0.625,-2.3138001105342845,-6.484083213794477,6,12
107,1.0,daily,alt,0.22715456908618276,-3.896792386240889,-5.163813829009229,12,12
107,1.0,daily,sharp,0.795240951809638,-0.8297975418024842,-5.163813829009229,12,12
107,1.0,daily,weak,0.6334733053389322,1.9947344214316072,-5.163813829009229,12,12
107,1.0,daily,weak_skew,0.3785242951409718,-2.3961911210957414,-5.163813829009229,12,12
107,1.0,two_day,alt,0.9775390625,0.12188321678291085,-5.163813829009229,12,12
107,1.0,two_day,sharp,0.26904296875,4.535072922386655,-5.163813829009229,12,12
107,1.0,two_day,weak,0.869140625,0.9864536715637241,-5.163813829009229,12,12
107,1.0,two_day,weak_skew,0.61376953125,2.194189517504052,-5.163813829009229,12,12
107,1.0,four_day,alt,0.1875,-6.18939940286504,-5.163813829009229,6,12
107,1.0,four_day,sharp,1.0,-0.09910686944433422,-5.163813829009229,6,12
107,1.0,four_day,weak,0.84375,-1.1099121643288896,-5.163813829009229,6,12
107,1.0,four_day,weak_skew,0.3125,-4.091824738065898,-5.163813829009229,6,12
108,1.0,daily,alt,0.23475304939012198,-5.6811285820219055,-7.98351050981794,12,12
108,1.0,daily,sharp,0.21595680863827235,-3.4440056515134434,-7.98351050981794,12,12
108,1.0,daily,weak,0.6214757048590281,-1.4492717777446416,-7.98351050981794,12,12
108,1.0,daily,weak_skew,0.7804439112177565,-1.276418666188181,-7.98351050981794,12,12
108,1.0,two_day,alt,0.134765625,-7.159020684388895,-7.98351050981794,12,12
108,1.0,two_day,sharp,0.2421875,-3.5687300004880025,-7.98351050981794,12,12
108,1.0,two_day,weak,0.58984375,-2.0048267967860274,-7.98351050981794,12,12
108,1.0,two_day,weak_skew,0.16064453125,-5.455086231314802,-7.98351050981794,12,12
108,1.0,four_day,alt,0.125,-10.076014879168982,-7.98351050981794,6,12
108,1.0,four_day,sharp,0.59375,-2.3146761239759783,-7.98351050981794,6,12
108,1.0,four_day,weak,0.6875,-4.614703158957461,-7.98351050981794,6,12
108,1.0,four_day,weak_skew,0.53125,-3.3799722737918985,-7.98351050981794,6,12
109,1.0,daily,alt,0.9802039592081584,0.09887152676620836,-4.790670236199318,12,12
109,1.0,daily,sharp,0.3607278544291142,2.971060821638193,-4.790670236199318,12,12
109,1.0,daily,weak,0.33353329334133175,4.163552459086673,-4.790670236199318,12,12
109,1.0,daily,weak_skew,0.9944011197760448,-0.03101997061506978,-4.790670236199318,12,12
109,1.0,two_day,alt,0.6494140625,1.5901555154938194,-4.790670236199318,12,12
109,1.0,two_day,sharp,0.1982421875,3.7745027257972423,-4.790670236199318,12,12
109,1.0,two_day,weak,0.39306640625,3.3532931050485693,-4.790670236199318,12,12
109,1.0,two_day,weak_skew,0.27099609375,4.945388498064538,-4.790670236199318,12,12
109,1.0,four_day,alt,0.875,1.127575154762481,-4.790670236199318,6,12
109,1.0,four_day,sharp,0.25,3.5470335290779027,-4.790670236199318,6,12
109,1.0,four_day,weak,0.9375,0.1628277314898471,-4.790670236199318,6,12
109,1.0,four_day,weak_skew,0.96875,0.2894339177963907,-4.790670236199318,6,12
110,1.0,daily,alt,0.049590081983603276,-4.314295591634459,-9.824787321652046,12,12
110,1.0,daily,sharp,0.7716456708658268,0.6134099342044834,-9.824787321652046,12,12
110,1.0,daily,weak,0.2569486102779444,3.1954758679119983,-9.824787321652046,12,12
110,1.0,daily,weak_skew,0.4253149370125975,-1.7385969284705987,-9.824787321652046,12,12
110,1.0,two_day,alt,0.03125,-8.544292319189442,-9.824787321652046,12,12
110,1.0,two_day,sharp,0.4365234375,-2.2243686346368055,-9.824787321652046,12,12
110,1.0,two_day,weak,0.4462890625,-3.0412900762229893,-9.824787321652046,12,12
110,1.0,two_day,weak_skew,0.68310546875,2.2414598334127973,-9.824787321652046,12,12
110,1.0,four_day,alt,0.03125,-4.397834930134117,-9.824787321652046,6,12
110,1.0,four_day,sharp,0.34375,1.9291470341849966,-9.824787321652046,6,12
110,1.0,four_day,weak,0.4375,2.9157978472691064,-9.824787321652046,6,12
110,1.0,four_day,weak_skew,1.0,0.01732455148752147,-9.824787321652046,6,12
111,1.0,daily,alt,0.3715256948610278,-2.3016213478681102,-6.245306796694706,12,12
111,1.0,daily,sharp,0.9308138372325535,-0.21695453040197718,-6.245306796694706,12,12
111,1.0,daily,weak,0.8774245150969806,0.3721186454531331,-6.245306796694706,12,12
111,1.0,daily,weak_skew,0.41991601679664065,-1.569928320181021,-6.245306796694706,12,12
111,1.0,two_day,alt,0.0810546875,-7.024799555678164,-6.245306796694706,12,12
111,1.0,two_day,sharp,0.3984375,-2.6883608617308425,-6.245306796694706,12,12
111,1.0,two_day,weak,0.66552734375,1.7103795766828238,-6.245306796694706,12,12
111,1.0,two_day,weak_skew,0.53857421875,-3.0647744931156478,-6.245306796694706,12,12
111,1.0,four_day,alt,0.125,-8.363612901086292,-6.245306796694706,6,12
111,1.0,four_day,sharp,0.25,-3.939922256544969,-6.245306796694706,6,12
111,1.0,four_day,weak,0.0625,-5.5046113423840275,-6.245306796694706,6,12
111,1.0,four_day,weak_skew,0.0625,-8.080849361811785,-6.245306796694706,6,12
112,1.0,daily,alt,0.047190561887622474,-3.0563565568398836,-7.795907418753487,12,12
112,1.0,daily,sharp,0.5364927014597081,-0.6407143637941175,-7.795907418753487,12,12
112,1.0,daily,weak,0.8578284343131374,-0.31051273047008426,-7.795907418753487,12,12
112,1.0,daily,weak_skew,0.5590881823635273,-0.8434091428614146,-7.795907418753487,12,12
112,1.0,two_day,alt,0.0009765625,-11.206360857615318,-7.795907418753487,12,12
112,1.0,two_day,sharp,0.0185546875,-5.092221924192969,-7.795907418753487,12,12
112,1.0,two_day,weak,0.31298828125,-2.233742333335963,-7.795907418753487,12,12
112,1.0,two_day,weak_skew,0.228515625,-5.974020602006618,-7.795907418753487,12,12
112,1.0,four_day,alt,0.125,-7.926344009581833,-7.795907418753487,6,12
112,1.0,four_day,sharp,0.1875,-4.045711902549619,-7.795907418753487,6,12
112,1.0,four_day,weak,0.625,-2.8097078338980155,-7.795907418753487,6,12
112,1.0,four_day,weak_skew,0.84375,-1.1190120219183928,-7.795907418753487,6,12
113,1.0,daily,alt,0.6004799040191962,-2.04210839677827,-4.196310952418905,12,12
113,1.0,daily,sharp,0.7496500699860028,-1.0930746726733112,-4.196310952418905,12,12
113,1.0,daily,weak,0.45670865826834633,-2.5995830739191508,-4.196310952418905,12,12
113,1.0,daily,weak_skew,0.5396920615876825,-2.0039671424362457,-4.196310952418905,12,12
113,1.0,two_day,alt,0.2138671875,-6.991876935373068,-4.196310952418905,12,12
113,1.0,two_day,sharp,0.53369140625,-2.6939732975998676,-4.196310952418905,12,12
113,1.0,two_day,weak,0.658203125,-2.461872015181506,-4.196310952418905,12,12
113,1.0,two_day,weak_skew,0.7841796875,-1.6953919648615703,-4.196310952418905,12,12
113,1.0,four_day,alt,0.84375,-2.1554440093534666,-4.196310952418905,6,12
113,1.0,four_day,sharp,0.96875,0.2085326443978263,-4.196310952418905,6,12
113,1.0,four_day,weak,0.5,4.351461753273083,-4.196310952418905,6,12
113,1.0,four_day,weak_skew,0.3125,-5.346230869811308,-4.196310952418905,6,12
114,1.0,daily,alt,0.03279344131173765,-5.390102704641568,-4.811986300463786,12,12
114,1.0,daily,sharp,0.0613877224555089,-3.464531295344902,-4.811986300463786,12,12
114,1.0,daily,weak,0.6720655868826235,-1.2200074133144938,-4.811986300463786,12,12
114,1.0,daily,weak_skew,0.02439512097580484,-5.283610741144723,-4.811986300463786,12,12
114,1.0,two_day,alt,0.59375,-1.9196051868649378,-4.811986300463786,12,12
114,1.0,two_day,sharp,0.79638671875,0.7002524521600595,-4.811986300463786,12,12
114,1.0,two_day,weak,0.53466796875,-3.371364828855152,-4.811986300463786,12,12
114,1.0,two_day,weak_skew,0.81689453125,0.9649067175904662,-4.811986300463786,12,12
114,1.0,four_day,alt,0.375,-2.405095344245557,-4.811986300463786,6,12
114,1.0,four_day,sharp,0.875,0.3543252914089538,-4.811986300463786,6,12
114,1.0,four_day,weak,0.59375,-2.351229890189078,-4.811986300463786,6,12
114,1.0,four_day,weak_skew,1.0,0.005718723066274596,-4.811986300463786,6,12
115,1.0,daily,alt,0.14577084583083383,-3.911227670875077,-6.379738637809055,12,12
115,1.0,daily,sharp,0.8124375124975005,-0.4589258775846569,-6.379738637809055,12,12
115,1.0,daily,weak,0.5116976604679064,-1.346074189116753,-6.379738637809055,12,12
115,1.0,daily,weak_skew,0.5864827034593081,-1.499337175489081,-6.379738637809055,12,12
115,1.0,two_day,alt,0.0009765625,-9.2812539793907,-6.379738637809055,12,12
115,1.0,two_day,sharp,0.05810546875,-4.03955066191113,-6.379738637809055,12,12
115,1.0,two_day,weak,0.48046875,-2.0481067881440165,-6.379738637809055,12,12
115,1.0,two_day,weak_skew,0.2548828125,-3.619145598326659,-6.379738637809055,12,12
115,1.0,four_day,alt,0.90625,-0.8959523350259057,-6.379738637809055,6,12
115,1.0,four_day,sharp,0.28125,3.2798286580993463,-6.379738637809055,6,12
115,1.0,four_day,weak,0.03125,10.833926810416713,-6.379738637809055,6,12
115,1.0,four_day,weak_skew,0.9375,0.8193469098993565,-6.379738637809055,6,12
116,1.0,daily,alt,0.6386722655468906,1.4855506862060437,-2.221490903898726,12,12
116,1.0,daily,sharp,0.4353129374125175,1.6351536265136832,-2.221490903898726,12,12
116,1.0,daily,weak,0.29874025194961007,2.589585410078182,-2.221490903898726,12,12
116,1.0,daily,weak_skew,0.2725454909018196,3.5136349806433085,-2.221490903898726,12,12
116,1.0,two_day,alt,0.45703125,-2.4857058887770784,-2.221490903898726,12,12
116,1.0,two_day,sharp,0.47314453125,-2.0906136423731767,-2.221490903898726,12,12
116,1.0,two_day,weak,0.27880859375,-5.1416619226622435,-2.221490903898726,12,12
116,1.0,two_day,weak_skew,0.3076171875,4.482451899663531,-2.221490903898726,12,12
116,1.0,four_day,alt,0.5,-4.147920408232211,-2.221490903898726,6,12
116,1.0,four_day,sharp,0.4375,-3.555276864371541,-2.221490903898726,6,12
116,1.0,four_day,weak,0.65625,-1.87286796497454,-2.221490903898726,6,12
116,1.0,four_day,weak_skew,0.28125,-4.288191391010887,-2.221490903898726,6,12
117,1.0,daily,alt,0.028394321135772844,-5.584388937533305,-7.660939730601513,12,12
117,1.0,daily,sharp,0.4153169366126775,-1.5002253566636885,-7.660939730601513,12,12
117,1.0,daily,weak,0.40251949610077986,-2.986849544220993,-7.660939730601513,12,12
117,1.0,daily,weak_skew,0.9332133573285343,0.25717691954063326,-7.660939730601513,12,12
117,1.0,two_day,alt,0.99560546875,-0.017759140447775934,-7.660939730601513,12,12
117,1.0,two_day,sharp,0.021484375,4.058412450829244,-7.660939730601513,12,12
117,1.0,two_day,weak,0.25,4.0459851854742785,-7.660939730601513,12,12
117,1.0,two_day,weak_skew,0.03369140625,11.215302880915365,-7.660939730601513,12,12
117,1.0,four_day,alt,0.4375,-4.101145597799982,-7.660939730601513,6,12
117,1.0,four_day,sharp,0.96875,0.5224513642662636,-7.660939730601513,6,12
117,1.0,four_day,weak,0.5,-4.093146941378098,-7.660939730601513,6,12
117,1.0,four_day,weak_skew,0.96875,0.103635544154231,-7.660939730601513,6,12
118,1.0,daily,alt,0.0011997600479904018,-6.053267677534258,-7.4122810095957234,12,12
118,1.0,daily,sharp,0.15696860627874426,-1.7932313582814718,-7.4122810095957234,12,12
118,1.0,daily,weak,0.597880423915217,-1.2169768511019725,-7.4122810095957234,12,12
118,1.0,daily,weak_skew,0.6846630673865227,1.4936858519808531,-7.4122810095957234,12,12
118,1.0,two_day,alt,0.23095703125,-2.799468613949353,-7.4122810095957234,12,12
118,1.0,two_day,sharp,0.2607421875,1.6192813454806885,-7.4122810095957234,12,12
118,1.0,two_day,weak,0.259765625,2.3503885843564256,-7.4122810095957234,12,12
118,1.0,two_day,weak_skew,0.4775390625,2.5393262240786023,-7.4122810095957234,12,12
118,1.0,four_day,alt,0.09375,-7.309723103043673,-7.4122810095957234,6,12
118,1.0,four_day,sharp,0.40625,-1.5403368227830552,-7.4122810095957234,6,12
118,1.0,four_day,weak,0.53125,-3.570532312133242,-7.4122810095957234,6,12
118,1.0,four_day,weak_skew,0.75,-1.1335734765402055,-7.4122810095957234,6,12
119,1.0,daily,alt,0.009198160367926415,-4.819955773475145,-8.237743629519187,12,12
119,1.0,daily,sharp,0.6450709858028394,-0.6519688507428386,-8.237743629519187,12,12
119,1.0,daily,weak,0.7456508698260348,-0.8813951553320555,-8.237743629519187,12,12
119,1.0,daily,weak_skew,0.30193961207758446,-1.8878533450995552,-8.237743629519187,12,12
119,1.0,two_day,alt,0.134765625,-7.139269624133713,-8.237743629519187,12,12
119,1.0,two_day,sharp,0.3525390625,-2.220019437309068,-8.237743629519187,12,12
119,1.0,two_day,weak,0.337890625,-3.903587953575441,-8.237743629519187,12,12
119,1.0,two_day,weak_skew,0.2177734375,-3.698033099270587,-8.237743629519187,12,12
119,1.0,four_day,alt,0.53125,-2.150769206017286,-8.237743629519187,6,12
119,1.0,four_day,sharp,0.5625,1.2089960670568634,-8.237743629519187,6,12
119,1.0,four_day,weak,0.15625,5.6166995175270555,-8.237743629519187,6,12
119,1.0,four_day,weak_skew,0.34375,7.48254263323484,-8.237743629519187,6,12
120,1.0,daily,alt,0.07738452309538092,-2.514494109028334,-8.01962563357224,12,12
120,1.0,daily,sharp,0.1959608078384323,1.904132297192449,-8.01962563357224,12,12
120,1.0,daily,weak,0.4479104179164167,1.6352027350997353,-8.01962563357224,12,12
120,1.0,daily,weak_skew,0.07858428314337132,2.754967861011115,-8.01962563357224,12,12
120,1.0,two_day,alt,0.01904296875,-8.14299943849011,-8.01962563357224,12,12
120,1.0,two_day,sharp,0.21630859375,-3.7790937785083645,-8.01962563357224,12,12
120,1.0,two_day,weak,0.625,-2.326701494848793,-8.01962563357224,12,12
120,1.0,two_day,weak_skew,0.29052734375,-3.9613180176921188,-8.01962563357224,12,12
120,1.0,four_day,alt,0.28125,-3.9769465638123633,-8.01962563357224,6,12
120,1.0,four_day,sharp,0.5625,2.0274550994225016,-8.01962563357224,6,12
120,1.0,four_day,weak,0.28125,6.834165101200681,-8.01962563357224,6,12
120,1.0,four_day,weak_skew,0.6875,0.920067887531026,-8.01962563357224,6,12
121,1.0,daily,alt,0.20955808838232354,-3.4850143214278577,-7.116314527903768,12,12
121,1.0,daily,sharp,0.627874425114977,0.7711560982919957,-7.116314527903768,12,12
121,1.0,daily,weak,0.638872225554889,1.4040160821613903,-7.116314527903768,12,12
121,1.0,daily,weak_skew,0.5134973005398921,2.0668244631481296,-7.116314527903768,12,12
121,1.0,two_day,alt,0.20458984375,-2.736727909826122,-7.116314527903768,12,12
121,1.0,two_day,sharp,0.40576171875,1.6554333774015284,-7.116314527903768,12,12
121,1.0,two_day,weak,0.07373046875,4.976769688518963,-7.116314527903768,12,12
121,1.0,two_day,weak_skew,0.92431640625,0.17345749379597564,-7.116314527903768,12,12
121,1.0,four_day,alt,0.1875,-5.712641669845858,-7.116314527903768,6,12
121,1.0,four_day,sharp,0.9375,-0.25027540667476816,-7.116314527903768,6,12
121,1.0,four_day,weak,0.875,-0.8095696674818006,-7.116314527903768,6,12
121,1.0,four_day,weak_skew,0.78125,2.1433814049399693,-7.116314527903768,6,12
122,1.0,daily,alt,0.07358528294341132,-3.320743622613209,-4.489342398016518,12,12
122,1.0,daily,sharp,0.379124175164967,-1.6216522674129201,-4.489342398016518,12,12
122,1.0,daily,weak,0.21155768846230755,-3.065495661749322,-4.489342398016518,12,12
122,1.0,daily,weak_skew,0.7962407518496301,-0.7398302685913087,-4.489342398016518,12,12
122,1.0,two_day,alt,0.123046875,-4.554812485126646,-4.489342398016518,12,12
122,1.0,two_day,sharp,0.2421875,-2.8410971209040294,-4.489342398016518,12,12
122,1.0,two_day,weak,0.48388671875,-2.868622666845526,-4.489342398016518,12,12
122,1.0,two_day,weak_skew,0.203125,-4.098120437065103,-4.489342398016518,12,12
122,1.0,four_day,alt,0.8125,-1.6061809872578483,-4.489342398016518,6,12
122,1.0,four_day,sharp,0.6875,1.9042259232027152,-4.489342398016518,6,12
122,1.0,four_day,weak,0.6875,-1.730318765615132,-4.489342398016518,6,12
122,1.0,four_day,weak_skew,0.65625,1.8230125281696712,-4.489342398016518,6,12
123,1.0,daily,alt,0.3713257348530294,-1.7081530884930853,-8.477782188600969,12,12
123,1.0,daily,sharp,0.22395520895820836,1.174455946588442,-8.477782188600969,12,12
123,1.0,daily,weak,0.6156768646270746,-1.1329861194535986,-8.477782188600969,12,12
123,1.0,daily,weak_skew,0.9848030393921215,0.05040218701404697,-8.477782188600969,12,12
123,1.0,two_day,alt,0.54345703125,-3.0769657757706974,-8.477782188600969,12,12
123,1.0,two_day,sharp,0.85546875,-0.32358216520837324,-8.477782188600969,12,12
123,1.0,two_day,weak,0.03759765625,5.296433973523256,-8.477782188600969,12,12
123,1.0,two_day,weak_skew,0.314453125,5.829621937039261,-8.477782188600969,12,12
123,1.0,four_day,alt,0.875,0.6821309254274995,-8.477782188600969,6,12
123,1.0,four_day,sharp,0.46875,2.0705773105305796,-8.477782188600969,6,12
123,1.0,four_day,weak,0.96875,0.17706891219805124,-8.477782188600969,6,12
123,1.0,four_day,weak_skew,0.28125,3.935400055962409,-8.477782188600969,6,12
124,1.0,daily,alt,0.1195760847830434,-3.375609375331857,-8.346985376503689,12,12
124,1.0,daily,sharp,0.3333333333333333,1.7595413032809841,-8.346985376503689,12,12
124,1.0,daily,weak,0.555488902219556,1.1601693101345827,-8.346985376503689,12,12
124,1.0,daily,weak_skew,0.6160767846430714,1.3347356595027382,-8.346985376503689,12,12
124,1.0,two_day,alt,0.1298828125,-3.7862874928533614,-8.346985376503689,12,12
124,1.0,two_day,sharp,0.2998046875,2.3659388332158406,-8.346985376503689,12,12
124,1.0,two_day,weak,0.5244140625,1.9710817874229036,-8.346985376503689,12,12
124,1.0,two_day,weak_skew,0.42724609375,3.431303911179216,-8.346985376503689,12,12
124,1.0,four_day,alt,0.03125,-15.609943744359532,-8.346985376503689,6,12
124,1.0,four_day,sharp,0.03125,-7.920424674314752,-8.346985376503689,6,12
124,1.0,four_day,weak,0.75,1.9203978787430767,-8.346985376503689,6,12
124,1.0,four_day,weak_skew,0.09375,-10.552386185031525,-8.346985376503689,6,12
125,1.0,daily,alt,0.08838232353529295,-4.829742469104552,-6.437444023620358,12,12
125,1.0,daily,sharp,0.4481103779244151,-1.6508351129885082,-6.437444023620358,12,12
125,1.0,daily,weak,0.5338932213557288,-1.6957353114766416,-6.437444023620358,12,12
125,1.0,daily,weak_skew,0.6786642671465707,1.5711761530984962,-6.437444023620358,12,12
125,1.0,two_day,alt,0.95947265625,2.171788367817062,-6.437444023620358,12,12
125,1.0,two_day,sharp,0.04150390625,3.549892773365006,-6.437444023620358,12,12
125,1.0,two_day,weak,0.822265625,1.181426535553065,-6.437444023620358,12,12
125,1.0,two_day,weak_skew,0.2177734375,3.8237486066390196,-6.437444023620358,12,12
125,1.0,four_day,alt,0.03125,-9.461753718156784,-6.437444023620358,6,12
125,1.0,four_day,sharp,0.625,-3.407895760759311,-6.437444023620358,6,12
125,1.0,four_day,weak,0.0625,8.441529427466323,-6.437444023620358,6,12
125,1.0,four_day,weak_skew,0.53125,-3.6639448803705874,-6.437444023620358,6,12
126,1.0,daily,alt,0.44831033793241354,-0.9040897376582754,-6.17244261839663,12,12
126,1.0,daily,sharp,0.3795240951809638,0.8515543705626077,-6.17244261839663,12,12
126,1.0,daily,weak,0.8562287542491501,0.39359400477326173,-6.17244261839663,12,12
126,1.0,daily,weak_skew,0.8360327934413118,0.4816514187102208,-6.17244261839663,12,12
126,1.0,two_day,alt,0.46826171875,-1.7528780719744308,-6.17244261839663,12,12
126,1.0,two_day,sharp,0.29345703125,1.6254937612666545,-6.17244261839663,12,12
126,1.0,two_day,weak,0.25927734375,-3.220808270951496,-6.17244261839663,12,12
126,1.0,two_day,weak_skew,0.9755859375,-0.07954596138327534,-6.17244261839663,12,12
126,1.0,four_day,alt,0.25,-5.145313656557003,-6.17244261839663,6,12
126,1.0,four_day,sharp,0.9375,0.16576439160014664,-6.17244261839663,6,12
126,1.0,four_day,weak,0.625,2.4748742629176674,-6.17244261839663,6,12
126,1.0,four_day,weak_skew,0.96875,-0.22337746888918866,-6.17244261839663,6,12
127,1.0,daily,alt,0.014797040591881624,-6.895179412378028,-5.053946504566383,12,12
127,1.0,daily,sharp,0.021595680863827234,-3.8682065674646116,-5.053946504566383,12,12
127,1.0,daily,weak,0.23355328934213157,-2.566842732858847,-5.053946504566383,12,12
127,1.0,daily,weak_skew,0.22495500899820037,-2.929677308667333,-5.053946504566383,12,12
127,1.0,two_day,alt,0.09228515625,-5.563259254778925,-5.053946504566383,12,12
127,1.0,two_day,sharp,0.0576171875,-4.31350566744187,-5.053946504566383,12,12
127,1.0,two_day,weak,0.31103515625,-3.9148974235820795,-5.053946504566383,12,12
127,1.0,two_day,weak_skew,0.3017578125,-3.466817247224658,-5.053946504566383,12,12
127,1.0,four_day,alt,0.40625,-4.186354881485355,-5.053946504566383,6,12
127,1.0,four_day,sharp,0.8125,-1.0527841791977768,-5.053946504566383,6,12
127,1.0,four_day,weak,0.0625,12.806257288160802,-5.053946504566383,6,12
127,1.0,four_day,weak_skew,0.1875,-6.270935816219836,-5.053946504566383,6,12
128,1.0,daily,alt,0.0033993201359728054,-11.62597488136008,-6.885393178306998,12,12
128,1.0,daily,sharp,0.05658868226354729,-6.253150531695897,-6.885393178306998,12,12
128,1.0,daily,weak,0.11677664467106579,-7.0957512917779555,-6.885393178306998,12,12
128,1.0,daily,weak_skew,0.6346730653869226,-2.21485211616679,-6.885393178306998,12,12
128,1.0,two_day,alt,0.00048828125,-14.284713776300421,-6.885393178306998,12,12
128,1.0,two_day,sharp,0.025390625,-10.1406434896571,-6.885393178306998,12,12
128,1.0,two_day,weak,0.07861328125,-9.798533892817641,-6.885393178306998,12,12
128,1.0,two_day,weak_skew,0.01513671875,-12.013066513771085,-6.885393178306998,12,12
128,1.0,four_day,alt,0.21875,-8.584672176221668,-6.885393178306998,6,12
128,1.0,four_day,sharp,0.53125,-2.601770145548796,-6.885393178306998,6,12
128,1.0,four_day,weak,0.875,1.154879477018388,-6.885393178306998,6,12
128,1.0,four_day,weak_skew,0.53125,5.834947216246174,-6.885393178306998,6,12
129,1.0,daily,alt,0.0001999600079984003,-9.200477087061385,-10.23908117106766,12,12
129,1.0,daily,sharp,0.16676664667066587,-2.669887372639859,-10.23908117106766,12,12
129,1.0,daily,weak,0.013397320535892822,-5.465762245034152,-10.23908117106766,12,12
129,1.0,daily,weak_skew,0.009398120375924815,-5.882715037475685,-10.23908117106766,12,12
129,1.0,two_day,alt,0.3095703125,-4.0469500281099196,-10.23908117106766,12,12
129,1.0,two_day,sharp,0.984375,0.03811489519011069,-10.23908117106766,12,12
129,1.0,two_day,weak,0.10595703125,-6.055772060649922,-10.23908117106766,12,12
129,1.0,two_day,weak_skew,0.64794921875,1.7024809276868265,-10.23908117106766,12,12
129,1.0,four_day,alt,0.125,-3.96220735952029,-10.23908117106766,6,12
129,1.0,four_day,sharp,0.15625,3.9298177334880697,-10.23908117106766,6,12
129,1.0,four_day,weak,0.1875,6.604378476937129,-10.23908117106766,6,12
129,1.0,four_day,weak_skew,0.78125,0.4785282607266031,-10.23908117106766,6,12
130,1.0,daily,alt,0.0001999600079984003,-5.216135031087902,-6.460839751194932,12,12
130,1.0,daily,sharp,0.07758448310337933,-1.5873727125956936,-6.460839751194932,12,12
130,1.0,daily,weak,0.45650869826034796,-1.7985486963293578,-6.460839751194932,12,12
130,1.0,daily,weak_skew,0.8364327134573085,-0.32543030207478313,-6.460839751194932,12,12
130,1.0,two_day,alt,0.24951171875,-3.837718915131298,-6.460839751194932,12,12
130,1.0,two_day,sharp,0.63720703125,1.2387908896602777,-6.460839751194932,12,12
130,1.0,two_day,weak,0.30810546875,3.866361561888915,-6.460839751194932,12,12
130,1.0,two_day,weak_skew,0.60009765625,2.1733351098144023,-6.460839751194932,12,12
130,1.0,four_day,alt,0.15625,-6.987200123022885,-6.460839751194932,6,12
130,1.0,four_day,sharp,0.5625,-2.4268612667281126,-6.460839751194932,6,12
130,1.0,four_day,weak,1.0,-0.043144971890572016,-6.460839751194932,6,12
130,1.0,four_day,weak_skew,0.375,-3.5895278950575196,-6.460839751194932,6,12
131,1.0,daily,alt,0.5438912217556489,2.048738173203231,-7.756270829513497,12,12
131,1.0,daily,sharp,0.04439112177564487,4.596509264271028,-7.756270829513497,12,12
131,1.0,daily,weak,0.8408318336332733,0.5039735493117696,-7.756270829513497,12,12
131,1.0,daily,weak_skew,0.13017396520695862,4.169352170067662,-7.756270829513497,12,12
131,1.0,two_day,alt,0.07177734375,-5.928745682570697,-7.756270829513497,12,12
131,1.0,two_day,sharp,0.83740234375,0.3790450284349743,-7.756270829513497,12,12
131,1.0,two_day,weak,0.44189453125,-2.273573938612605,-7.756270829513497,12,12
131,1.0,two_day,weak_skew,0.60986328125,2.2446753733807934,-7.756270829513497,12,12
131,1.0,four_day,alt,0.03125,-9.26263620888784,-7.756270829513497,6,12
131,1.0,four_day,sharp,0.375,-2.2732887544156974,-7.756270829513497,6,12
131,1.0,four_day,weak,0.75,1.0573704605984844,-7.756270829513497,6,12
131,1.0,four_day,weak_skew,0.84375,5.17486774548983,-7.756270829513497,6,12
132,1.0,daily,alt,0.012997400519896021,-7.670992003463127,-7.72474915245882,12,12
132,1.0,daily,sharp,0.23895220955808838,-2.560320232518883,-7.72474915245882,12,12
132,1.0,daily,weak,0.22515496900619877,-3.2664407864130247,-7.72474915245882,12,12
132,1.0,daily,weak_skew,0.44731053789242153,-2.447415853548685,-7.72474915245882,12,12
132,1.0,two_day,alt,0.357421875,-3.617128533196395,-7.72474915245882,12,12
132,1.0,two_day,sharp,0.95166015625,0.16559722519547768,-7.72474915245882,12,12
132,1.0,two_day,weak,0.24560546875,-5.528455172915905,-7.72474915245882,12,12
132,1.0,two_day,weak_skew,0.6923828125,-1.3326073227696937,-7.72474915245882,12,12
132,1.0,four_day,alt,0.0625,-7.402199326399504,-7.72474915245882,6,12
132,1.0,four_day,sharp,0.84375,-0.6005325563331768,-7.72474915245882,6,12
132,1.0,four_day,weak,0.28125,-4.87500238226334,-7.72474915245882,6,12
132,1.0,four_day,weak_skew,0.5,-2.972985949224494,-7.72474915245882,6,12
133,1.0,daily,alt,0.589882023595281,-2.480265847355098,-6.226122285193327,12,12
133,1.0,daily,sharp,0.6578684263147371,2.6838557064009065,-6.226122285193327,12,12
133,1.0,daily,weak,0.8642271545690862,0.8585437846442255,-6.226122285193327,12,12
133,1.0,daily,weak_skew,0.5706858628274345,2.9467223986924247,-6.226122285193327,12,12
133,1.0,two_day,alt,0.23291015625,-6.070086893323783,-6.226122285193327,12,12
133,1.0,two_day,sharp,0.5390625,-2.172739291256237,-6.226122285193327,12,12
133,1.0,two_day,weak,0.7470703125,-1.4823833024903976,-6.226122285193327,12,12
133,1.0,two_day,weak_skew,0.37890625,-3.4800838676078256,-6.226122285193327,12,12
133,1.0,four_day,alt,0.6875,1.2607282988182007,-6.226122285193327,6,12
133,1.0,four_day,sharp,0.09375,4.206287371054714,-6.226122285193327,6,12
133,1.0,four_day,weak,0.3125,4.7163694695417115,-6.226122285193327,6,12
133,1.0,four_day,weak_skew,0.71875,2.768855079247878,-6.226122285193327,6,12
134,1.0,daily,alt,0.17276544691061788,-4.635497202194103,-7.144362020125541,12,12
134,1.0,daily,sharp,0.9400119976004799,0.2784610646060859,-7.144362020125541,12,12
134,1.0,daily,weak,0.9312137572485503,-0.2957575043595444,-7.144362020125541,12,12
134,1.0,daily,weak_skew,0.7880423915216956,-0.930624123054128,-7.144362020125541,12,12
134,1.0,two_day,alt,0.28076171875,-4.306579506164884,-7.144362020125541,12,12
134,1.0,two_day,sharp,0.5869140625,2.0430366303846856,-7.144362020125541,12,12
134,1.0,two_day,weak,0.11376953125,6.783273442040117,-7.144362020125541,12,12
134,1.0,two_day,weak_skew,0.72607421875,1.8915694068415956,-7.144362020125541,12,12
134,1.0,four_day,alt,0.96875,-2.6115961220760653,-7.144362020125541,6,12
134,1.0,four_day,sharp,0.90625,1.2994272340777187,-7.144362020125541,6,12
134,1.0,four_day,weak,0.84375,-6.5896442074036194,-7.144362020125541,6,12
134,1.0,four_day,weak_skew,0.9375,0.7018467333379661,-7.144362020125541,6,12
135,1.0,daily,alt,0.3625274945010998,-2.6541824591598764,-8.439354071843638,12,12
135,1.0,daily,sharp,0.9304139172165566,0.20025578710510436,-8.439354071843638,12,12
135,1.0,daily,weak,0.8442311537692462,0.827780140296861,-8.439354071843638,12,12
135,1.0,daily,weak_skew,0.22595480903819237,3.3133269422719827,-8.439354071843638,12,12
135,1.0,two_day,alt,0.31689453125,-4.8429438577366275,-8.439354071843638,12,12
135,1.0,two_day,sharp,0.88720703125,-0.46367480056485694,-8.439354071843638,12,12
135,1.0,two_day,weak,0.80322265625,1.2263049129726713,-8.439354071843638,12,12
135,1.0,two_day,weak_skew,0.85400390625,0.8520281867529663,-8.439354071843638,12,12
135,1.0,four_day,alt,0.0625,-12.8964683101542,-8.439354071843638,6,12
135,1.0,four_day,sharp,0.3125,-5.870983856383355,-8.439354071843638,6,12
135,1.0,four_day,weak,0.46875,-5.659903272999301,-8.439354071843638,6,12
135,1.0,four_day,weak_skew,0.625,-5.607856845574095,-8.439354071843638,6,12
136,1.0,daily,alt,0.33053389322135573,-2.937022628268774,-6.943716399429675,12,12
136,1.0,daily,sharp,0.5276944611077784,-1.259668405170979,-6.943716399429675,12,12
136,1.0,daily,weak,0.3619276144771046,-2.190058101279522,-6.943716399429675,12,12
136,1.0,daily,weak_skew,0.8460307938412317,0.5011516147585683,-6.943716399429675,12,12
136,1.0,two_day,alt,0.03759765625,-6.691598307192859,-6.943716399429675,12,12
136,1.0,two_day,sharp,0.8076171875,-0.5026299037547469,-6.943716399429675,12,12
136,1.0,two_day,weak,0.1220703125,4.518495350818969,-6.943716399429675,12,12
136,1.0,two_day,weak_skew,0.5146484375,2.194196320504579,-6.943716399429675,12,12
136,1.0,four_day,alt,0.5625,-3.0569343615309847,-6.943716399429675,6,12
136,1.0,four_day,sharp,0.78125,0.769515362584985,-6.943716399429675,6,12
136,1.0,four_day,weak,0.1875,6.96271435460238,-6.943716399429675,6,12
136,1.0,four_day,weak_skew,0.59375,-1.6291807443488828,-6.943716399429675,6,12
137,1.0,daily,alt,0.08438312337532493,-5.109242711021683,-10.41481516488858,12,12
137,1.0,daily,sharp,0.9304139172165566,0.21346242689070158,-10.41481516488858,12,12
137,1.0,daily,weak,0.06638672265546891,5.206094577411037,-10.41481516488858,12,12
137,1.0,daily,weak_skew,0.7746450709858028,-0.9161846592454056,-10.41481516488858,12,12
137,1.0,two_day,alt,0.36328125,-2.5969178531199044,-10.41481516488858,12,12
137,1.0,two_day,sharp,0.1279296875,4.417769139196275,-10.41481516488858,12,12
137,1.0,two_day,weak,0.1884765625,3.3755182386826252,-10.41481516488858,12,12
137,1.0,two_day,weak_skew,0.7373046875,0.9660829225154389,-10.41481516488858,12,12
137,1.0,four_day,alt,0.15625,-6.957499320258454,-10.41481516488858,6,12
137,1.0,four_day,sharp,0.875,1.4771334616647671,-10.41481516488858,6,12
137,1.0,four_day,weak,0.8125,1.4096128397769274,-10.41481516488858,6,12
137,1.0,four_day,weak_skew,0.375,11.033776599536722,-10.41481516488858,6,12
138,1.0,daily,alt,0.34253149370125974,-2.946275295199516,-7.84832964625047,12,12
138,1.0,daily,sharp,0.6014797040591882,1.0378811191538777,-7.84832964625047,12,12
138,1.0,daily,weak,0.9496100779844031,-0.15948970068284338,-7.84832964625047,12,12
138,1.0,daily,weak_skew,0.992001599680064,0.025691287469179258,-7.84832964625047,12,12
138,1.0,two_day,alt,0.6708984375,1.559261568161693,-7.84832964625047,12,12
138,1.0,two_day,sharp,0.13232421875,3.2690699128076415,-7.84832964625047,12,12
138,1.0,two_day,weak,0.02197265625,6.000048023767619,-7.84832964625047,12,12
138,1.0,two_day,weak_skew,0.36279296875,2.1668681005031103,-7.84832964625047,12,12
138,1.0,four_day,alt,0.03125,-8.265208949426798,-7.84832964625047,6,12
138,1.0,four_day,sharp,0.53125,-1.7884400773010327,-7.84832964625047,6,12
138,1.0,four_day,weak,0.59375,2.5681775918227943,-7.84832964625047,6,12
138,1.0,four_day,weak_skew,1.0,0.21003155376287452,-7.84832964625047,6,12
139,1.0,daily,alt,0.08458308338332333,-3.4535740928187386,-7.964484597777407,12,12
139,1.0,daily,sharp,0.3385322935412917,1.483749845691749,-7.964484597777407,12,12
139,1.0,daily,weak,0.765246950609878,0.7037005087044085,-7.964484597777407,12,12
139,1.0,daily,weak_skew,0.8652269546090782,-0.4069740706828758,-7.964484597777407,12,12
139,1.0,two_day,alt,0.01611328125,-7.15796642432032,-7.964484597777407,12,12
139,1.0,two_day,sharp,0.53759765625,-1.1157157997782423,-7.964484597777407,12,12
139,1.0,two_day,weak,0.5283203125,-2.0044257730826005,-7.964484597777407,12,12
139,1.0,two_day,weak_skew,0.22900390625,-3.137582468625533,-7.964484597777407,12,12
139,1.0,four_day,alt,0.71875,-1.2901955630134847,-7.964484597777407,6,12
139,1.0,four_day,sharp,0.09375,4.412106400027244,-7.964484597777407,6,12
139,1.0,four_day,weak,0.46875,5.097802569101813,-7.964484597777407,6,12
139,1.0,four_day,weak_skew,0.375,-2.204868946669945,-7.964484597777407,6,12
140,1.0,daily,alt,0.9404119176164767,0.16869393510561834,-7.102031206362419,12,12
140,1.0,daily,sharp,0.17356528694261147,2.2705522402572424,-7.102031206362419,12,12
140,1.0,daily,weak,0.9526094781043791,-0.1120400309369387,-7.102031206362419,12,12
140,1.0,daily,weak_skew,0.8492301539692062,-0.4728775710786716,-7.102031206362419,12,12
140,1.0,two_day,alt,0.22998046875,-3.4940576633785096,-7.102031206362419,12,12
140,1.0,two_day,sharp,0.50927734375,1.7864934647281352,-7.102031206362419,12,12
140,1.0,two_day,weak,0.39306640625,2.563773052339227,-7.102031206362419,12,12
140,1.0,two_day,weak_skew,0.265625,4.417124933815955,-7.102031206362419,12,12
140,1.0,four_day,alt,0.125,-8.402636048345435,-7.102031206362419,6,12
140,1.0,four_day,sharp,0.65625,-1.49678174664088,-7.102031206362419,6,12
140,1.0,four_day,weak,0.71875,-1.3176428036461434,-7.102031206362419,6,12
140,1.0,four_day,weak_skew,0.375,4.170987037224655,-7.102031206362419,6,12
141,1.0,daily,alt,0.11677664467106579,-3.5552869200216386,-5.459175163303598,12,12
141,1.0,daily,sharp,0.26854629074185166,-2.4033779315413555,-5.459175163303598,12,12
141,1.0,daily,weak,0.07238552289542091,-3.4416365367825006,-5.459175163303598,12,12
141,1.0,daily,weak_skew,0.45710857828434315,-2.0657681789560343,-5.459175163303598,12,12
141,1.0,two_day,alt,0.953125,0.3930426033972824,-5.459175163303598,12,12
141,1.0,two_day,sharp,0.6318359375,-1.233596508226146,-5.459175163303598,12,12
141,1.0,two_day,weak,0.54052734375,2.442496464582245,-5.459175163303598,12,12
141,1.0,two_day,weak_skew,0.572265625,2.4719685572220733,-5.459175163303598,12,12
141,1.0,four_day,alt,0.5,-5.832640548029677,-5.459175163303598,6,12
141,1.0,four_day,sharp,0.0625,-5.671155193595048,-5.459175163303598,6,12
141,1.0,four_day,weak,0.6875,-2.4653600818767045,-5.459175163303598,6,12
141,1.0,four_day,weak_skew,0.8125,-1.3311640334435364,-5.459175163303598,6,12
142,1.0,daily,alt,0.01899620075984803,-5.167446770392137,-7.191395554712152,12,12
142,1.0,daily,sharp,0.28374325134973005,-1.8250577053440036,-7.191395554712152,12,12
142,1.0,daily,weak,0.585882823435313,-1.1007434314854947,-7.191395554712152,12,12
142,1.0,daily,weak_skew,0.6176764647070586,-1.2535436511228653,-7.191395554712152,12,12
142,1.0,two_day,alt,0.20703125,-3.072043876557748,-7.191395554712152,12,12
142,1.0,two_day,sharp,0.83056640625,0.5476139479168806,-7.191395554712152,12,12
142,1.0,two_day,weak,0.85888671875,0.755237538523622,-7.191395554712152,12,12
142,1.0,two_day,weak_skew,0.755859375,-0.7819441738975405,-7.191395554712152,12,12
142,1.0,four_day,alt,0.0625,-7.0969019335505585,-7.191395554712152,6,12
142,1.0,four_day,sharp,0.5625,-1.2356615158606985,-7.191395554712152,6,12
142,1.0,four_day,weak,0.09375,-7.754444844065759,-7.191395554712152,6,12
142,1.0,four_day,weak_skew,0.03125,-8.332086192315446,-7.191395554712152,6,12
143,1.0,daily,alt,0.9214157168566287,-0.4113101042348841,-7.509523153392983,12,12
143,1.0,daily,sharp,0.9952009598080384,0.008569662515707677,-7.509523153392983,12,12
143,1.0,daily,weak,0.5372925414917017,1.387776749579069,-7.509523153392983,12,12
143,1.0,daily,weak_skew,0.4399120175964807,-1.4602939565642383,-7.509523153392983,12,12
143,1.0,two_day,alt,0.400390625,-2.6981041223369773,-7.509523153392983,12,12
143,1.0,two_day,sharp,0.90625,0.19179777623544148,-7.509523153392983,12,12
143,1.0,two_day,weak,0.53515625,-1.6474078073429481,-7.509523153392983,12,12
143,1.0,two_day,weak_skew,0.82568359375,-0.7148107467993512,-7.509523153392983,12,12
143,1.0,four_day,alt,0.9375,-0.4327079736925607,-7.509523153392983,6,12
143,1.0,four_day,sharp,0.375,1.5814713326547256,-7.509523153392983,6,12
143,1.0,four_day,weak,1.0,0.04606139444941585,-7.509523153392983,6,12
143,1.0,four_day,weak_skew,0.25,4.783763127244446,-7.509523153392983,6,12
144,1.0,daily,alt,0.010997800439912017,-3.8926577902338546,-7.740072221827425,12,12
144,1.0,daily,sharp,0.7784443111377725,-0.38139195547820864,-7.740072221827425,12,12
144,1.0,daily,weak,0.8188362327534493,0.47947906476810687,-7.740072221827425,12,12
144,1.0,daily,weak_skew,0.7808438312337532,0.5173801456464299,-7.740072221827425,12,12
144,1.0,two_day,alt,0.00048828125,-12.448383982527917,-7.740072221827425,12,12
144,1.0,two_day,sharp,0.0009765625,-6.0417307502796325,-7.740072221827425,12,12
144,1.0,two_day,weak,0.060546875,-6.4437001079285166,-7.740072221827425,12,12
144,1.0,two_day,weak_skew,0.00048828125,-9.280179489519474,-7.740072221827425,12,12
144,1.0,four_day,alt,0.03125,-4.17118935626412,-7.740072221827425,6,12
144,1.0,four_day,sharp,0.90625,0.22253501477582915,-7.740072221827425,6,12
144,1.0,four_day,weak,0.40625,2.752494724710838,-7.740072221827425,6,12
144,1.0,four_day,weak_skew,0.03125,-4.422026111851537,-7.740072221827425,6,12
145,1.0,daily,alt,0.34493101379724056,-2.3191577811878417,-5.245288810270424,12,12
145,1.0,daily,sharp,0.760247950409918,0.47233859726199806,-5.245288810270424,12,12
145,1.0,daily,weak,0.2543491301739652,2.4238006150568943,-5.245288810270424,12,12
145,1.0,daily,weak_skew,0.9276144771045791,0.2195411802241279,-5.245288810270424,12,12
145,1.0,two_day,alt,0.4482421875,-1.3895802588323818,-5.245288810270424,12,12
145,1.0,two_day,sharp,0.74658203125,0.5257712242990316,-5.245288810270424,12,12
145,1.0,two_day,weak,0.99853515625,-0.007174198407882433,-5.245288810270424,12,12
145,1.0,two_day,weak_skew,0.5302734375,2.835658473298892,-5.245288810270424,12,12
145,1.0,four_day,alt,0.59375,-1.2743021547747198,-5.245288810270424,6,12
145,1.0,four_day,sharp,0.34375,3.106896025282128,-5.245288810270424,6,12
145,1.0,four_day,weak,0.28125,-4.056678288098933,-5.245288810270424,6,12
145,1.0,four_day,weak_skew,0.1875,5.563593920217442,-5.245288810270424,6,12
146,1.0,daily,alt,0.00599880023995201,-4.397780517128468,-7.9675835310729255,12,12
146,1.0,daily,sharp,0.8454309138172366,-0.15139012210768618,-7.9675835310729255,12,12
146,1.0,daily,weak,0.5782843431313738,1.1616992218983409,-7.9675835310729255,12,12
146,1.0,daily,weak_skew,0.9176164767046591,0.1903216933600902,-7.9675835310729255,12,12
146,1.0,two_day,alt,0.0029296875,-5.408306851456774,-7.9675835310729255,12,12
146,1.0,two_day,sharp,0.767578125,-0.2901950355834835,-7.9675835310729255,12,12
146,1.0,two_day,weak,0.22314453125,2.377950122089995,-7.9675835310729255,12,12
146,1.0,two_day,weak_skew,0.82275390625,0.6121445641831063,-7.9675835310729255,12,12
146,1.0,four_day,alt,0.0625,-4.003956044198802,-7.9675835310729255,6,12
146,1.0,four_day,sharp,0.375,1.1048501694484838,-7.9675835310729255,6,12
146,1.0,four_day,weak,0.25,-4.92373708219353,-7.9675835310729255,6,12
146,1.0,four_day,weak_skew,0.0625,-3.7115411486392347,-7.9675835310729255,6,12
147,1.0,daily,alt,0.05418916216756649,-6.432501628596185,-4.6485854085842675,12,12
147,1.0,daily,sharp,0.26194761047790444,-3.578669152962387,-4.6485854085842675,12,12
147,1.0,daily,weak,0.32633473305338934,-3.7380475255981023,-4.6485854085842675,12,12
147,1.0,daily,weak_skew,0.3209358128374325,-3.687568908043472,-4.6485854085842675,12,12
147,1.0,two_day,alt,0.7265625,-1.2858802843510648,-4.6485854085842675,12,12
147,1.0,two_day,sharp,0.6806640625,1.438208616237753,-4.6485854085842675,12,12
147,1.0,two_day,weak,0.755859375,1.2500862298283575,-4.6485854085842675,12,12
147,1.0,two_day,weak_skew,0.619140625,2.1421541236299597,-4.6485854085842675,12,12
147,1.0,four_day,alt,0.21875,-7.243734489841089,-4.6485854085842675,6,12
147,1.0,four_day,sharp,0.5625,-3.173613907047077,-4.6485854085842675,6,12
147,1.0,four_day,weak,0.84375,1.5750436459338637,-4.6485854085842675,6,12
147,1.0,four_day,weak_skew,0.34375,-6.340861608126134,-4.6485854085842675,6,12
148,1.0,daily,alt,0.0009998000399920016,-5.862449621539079,-6.696926637610353,12,12
148,1.0,daily,sharp,0.07298540291941612,-2.62418966608143,-6.696926637610353,12,12
148,1.0,daily,weak,0.3157368526294741,-2.948643577147145,-6.696926637610353,12,12
148,1.0,daily,weak_skew,0.16356728654269145,-3.147796747874,-6.696926637610353,12,12
148,1.0,two_day,alt,0.03955078125,-3.899070322362425,-6.696926637610353,12,12
148,1.0,two_day,sharp,0.4267578125,0.8886895300634953,-6.696926637610353,12,12
148,1.0,two_day,weak,0.505859375,-1.7845212333954017,-6.696926637610353,12,12
148,1.0,two_day,weak_skew,0.57373046875,1.3595486912418604,-6.696926637610353,12,12
148,1.0,four_day,alt,0.84375,-0.5252532883858692,-6.696926637610353,6,12
148,1.0,four_day,sharp,0.09375,3.3437356734316652,-6.696926637610353,6,12
148,1.0,four_day,weak,0.28125,4.0945365755077034,-6.696926637610353,6,12
148,1.0,four_day,weak_skew,0.4375,3.647792971357718,-6.696926637610353,6,12
149,1.0,daily,alt,0.004399120175964807,-5.906218695901058,-7.4621644882605835,12,12
149,1.0,daily,sharp,0.34693061387722457,-1.2969306769042934,-7.4621644882605835,12,12
149,1.0,daily,weak,0.9584083183363328,0.15027923235972315,-7.4621644882605835,12,12
149,1.0,daily,weak_skew,0.03159368126374725,-4.372747425202994,-7.4621644882605835,12,12
149,1.0,two_day,alt,0.01220703125,-6.836236055722445,-7.4621644882605835,12,12
149,1.0,two_day,sharp,0.9248046875,0.12773785959784037,-7.4621644882605835,12,12
149,1.0,two_day,weak,0.234375,-3.0179396644972987,-7.4621644882605835,12,12
149,1.0,two_day,weak_skew,0.3388671875,2.354072172616714,-7.4621644882605835,12,12
149,1.0,four_day,alt,0.0625,-5.617644532586362,-7.4621644882605835,6,12
149,1.0,four_day,sharp,0.75,0.374804184993053,-7.4621644882605835,6,12
149,1.0,four_day,weak,0.625,-1.7916984925656887,-7.4621644882605835,6,12
149,1.0,four_day,weak_skew,0.03125,-5.276531329452459,-7.4621644882605835,6,12
150,1.0,daily,alt,0.10117976404719056,-3.971135552159632,-8.139763499735132,12,12
150,1.0,daily,sharp,0.8290341931613677,0.43760841577300624,-8.139763499735132,12,12
150,1.0,daily,weak,0.2469506098780244,4.044788351864916,-8.139763499735132,12,12
150,1.0,daily,weak_skew,0.6450709858028394,1.6016139778916578,-8.139763499735132,12,12
150,1.0,two_day,alt,0.08837890625,-4.58579758017592,-8.139763499735132,12,12
150,1.0,two_day,sharp,0.9677734375,-0.06073125367580564,-8.139763499735132,12,12
150,1.0,two_day,weak,0.59130859375,1.9895170138815697,-8.139763499735132,12,12
150,1.0,two_day,weak_skew,0.94140625,0.6534401300492932,-8.139763499735132,12,12
150,1.0,four_day,alt,0.125,-3.3860775479297303,-8.139763499735132,6,12
150,1.0,four_day,sharp,0.34375,1.7716479146520794,-8.139763499735132,6,12
150,1.0,four_day,weak,0.34375,4.88823682394188,-8.139763499735132,6,12
150,1.0,four_day,weak_skew,0.28125,2.514080090813273,-8.139763499735132,6,12
151,1.0,daily,alt,0.9666066786642672,-0.11781514095749539,-5.4517716661848254,12,12
151,1.0,daily,sharp,0.26094781043791243,2.9624323393771217,-5.4517716661848254,12,12
151,1.0,daily,weak,0.4549090181963607,2.9008564043990126,-5.4517716661848254,12,12
151,1.0,daily,weak_skew,0.3021395720855829,3.3525317409939532,-5.4517716661848254,12,12
151,1.0,two_day,alt,0.74267578125,-0.9333053021703464,-5.4517716661848254,12,12
151,1.0,two_day,sharp,0.33349609375,1.9106970255846385,-5.4517716661848254,12,12
151,1.0,two_day,weak,1.0,-0.00014362921397292894,-5.4517716661848254,12,12
151,1.0,two_day,weak_skew,0.74951171875,0.68974002864155,-5.4517716661848254,12,12
151,1.0,four_day,alt,0.1875,-5.296328466575964,-5.4517716661848254,6,12
151,1.0,four_day,sharp,0.6875,0.7645572142215388,-5.4517716661848254,6,12
151,1.0,four_day,weak,0.3125,5.717873482435768,-5.4517716661848254,6,12
151,1.0,four_day,weak_skew,0.75,-0.5777201782537809,-5.4517716661848254,6,12
152,1.0,daily,alt,0.13737252549490103,-3.576814840178797,-7.728503099859971,12,12
152,1.0,daily,sharp,0.6764647070585883,0.7004683704348817,-7.728503099859971,12,12
152,1.0,daily,weak,0.36732653469306137,2.747966504840823,-7.728503099859971,12,12
152,1.0,daily,weak_skew,0.3265346930613877,-1.9105176077033204,-7.728503099859971,12,12
152,1.0,two_day,alt,0.03076171875,-6.2081176332162755,-7.728503099859971,12,12
152,1.0,two_day,sharp,0.33935546875,-2.2729301509122304,-7.728503099859971,12,12
152,1.0,two_day,weak,0.69775390625,-1.4639110087091023,-7.728503099859971,12,12
152,1.0,two_day,weak_skew,0.37841796875,-3.239116623681778,-7.728503099859971,12,12
152,1.0,four_day,alt,0.03125,-8.766102510832868,-7.728503099859971,6,12
152,1.0,four_day,sharp,0.25,-2.606642187693383,-7.728503099859971,6,12
152,1.0,four_day,weak,0.34375,-3.9986117852866143,-7.728503099859971,6,12
152,1.0,four_day,weak_skew,0.125,-5.8851891867972235,-7.728503099859971,6,12
153,1.0,daily,alt,0.21255748850229955,-4.608956732625537,-5.642286778779898,12,12
153,1.0,daily,sharp,0.6204759048190361,-1.4000595017261876,-5.642286778779898,12,12
153,1.0,daily,weak,0.2019596080783843,-4.529016503529507,-5.642286778779898,12,12
153,1.0,daily,weak_skew,0.3499300139972006,-2.5593877282376507,-5.642286778779898,12,12
153,1.0,two_day,alt,0.1875,-4.76915423310206,-5.642286778779898,12,12
153,1.0,two_day,sharp,0.63427734375,-1.2147953106642067,-5.642286778779898,12,12
153,1.0,two_day,weak,0.4658203125,-1.9958618998078261,-5.642286778779898,12,12
153,1.0,two_day,weak_skew,0.38134765625,-2.44628745538377,-5.642286778779898,12,12
153,1.0,four_day,alt,0.3125,-4.706143242457828,-5.642286778779898,6,12
153,1.0,four_day,sharp,0.9375,0.3608271140049221,-5.642286778779898,6,12
153,1.0,four_day,weak,0.6875,-3.1087053044118207,-5.642286778779898,6,12
153,1.0,four_day,weak_skew,0.375,-3.300304734920848,-5.642286778779898,6,12
154,1.0,daily,alt,0.005598880223955209,-6.387970619699061,-7.4042094334940245,12,12
154,1.0,daily,sharp,0.6642671465706859,-0.6994384578729799,-7.4042094334940245,12,12
154,1.0,daily,weak,0.7270545890821836,-0.8708438329589582,-7.4042094334940245,12,12
154,1.0,daily,weak_skew,0.495500899820036,-2.051123149924162,-7.4042094334940245,12,12
154,1.0,two_day,alt,0.01416015625,-8.514011832753107,-7.4042094334940245,12,12
154,1.0,two_day,sharp,0.1826171875,-3.1879209082879227,-7.4042094334940245,12,12
154,1.0,two_day,weak,0.15966796875,-4.689895465154701,-7.4042094334940245,12,12
154,1.0,two_day,weak_skew,0.14013671875,-3.9252389822347387,-7.4042094334940245,12,12
154,1.0,four_day,alt,0.125,-9.697029751297313,-7.4042094334940245,6,12
154,1.0,four_day,sharp,0.5625,-1.8519119289420682,-7.4042094334940245,6,12
154,1.0,four_day,weak,0.78125,1.2958939105249883,-7.4042094334940245,6,12
154,1.0,four_day,weak_skew,0.625,-3.054205217102897,-7.4042094334940245,6,12
155,1.0,daily,alt,0.07958408318336332,-2.4777788666365494,-7.320265640820864,12,12
155,1.0,daily,sharp,0.6440711857628474,0.4440081627621299,-7.320265640820864,12,12
155,1.0,daily,weak,0.6250749850029994,-1.0374448812468653,-7.320265640820864,12,12
155,1.0,daily,weak_skew,0.9466106778644271,0.16680281656016108,-7.320265640820864,12,12
155,1.0,two_day,alt,0.49560546875,-1.7826428907171323,-7.320265640820864,12,12
155,1.0,two_day,sharp,0.4814453125,1.5666505859977313,-7.320265640820864,12,12
155,1.0,two_day,weak,0.322265625,3.2258361739961536,-7.320265640820864,12,12
155,1.0,two_day,weak_skew,0.75830078125,1.2871357196056294,-7.320265640820864,12,12
155,1.0,four_day,alt,0.28125,-5.563052429093865,-7.320265640820864,6,12
155,1.0,four_day,sharp,1.0,-0.04031869762596448,-7.320265640820864,6,12
155,1.0,four_day,weak,0.09375,-6.961620932251056,-7.320265640820864,6,12
155,1.0,four_day,weak_skew,0.90625,-0.2034482919233843,-7.320265640820864,6,12
156,1.0,daily,alt,0.43691261747650467,-1.5833369043635745,-6.068127266568659,12,12
156,1.0,daily,sharp,0.3131373725254949,1.9378946340777699,-6.068127266568659,12,12
156,1.0,daily,weak,0.5830833833233353,1.7948083062044489,-6.068127266568659,12,12
156,1.0,daily,weak_skew,0.2887422515496901,3.147137972720653,-6.068127266568659,12,12
156,1.0,two_day,alt,0.2578125,2.9528078975287695,-6.068127266568659,12,12
156,1.0,two_day,sharp,0.00146484375,7.197725921993556,-6.068127266568659,12,12
156,1.0,two_day,weak,0.52880859375,1.9029487827502116,-6.068127266568659,12,12
156,1.0,two_day,weak_skew,0.080078125,4.408390722965248,-6.068127266568659,12,12
156,1.0,four_day,alt,0.40625,-4.204261086281387,-6.068127266568659,6,12
156,1.0,four_day,sharp,0.875,1.2142028390748258,-6.068127266568659,6,12
156,1.0,four_day,weak,0.6875,1.7171095742053772,-6.068127266568659,6,12
156,1.0,four_day,weak_skew,0.96875,0.11915580127126428,-6.068127266568659,6,12
157,1.0,daily,alt,0.13977204559088183,-3.0415215722507685,-6.959596479358638,12,12
157,1.0,daily,sharp,0.48830233953209357,0.9227550851015014,-6.959596479358638,12,12
157,1.0,daily,weak,0.9958008398320336,0.011352809324484644,-6.959596479358638,12,12
157,1.0,daily,weak_skew,0.850629874025195,-0.6460625330368828,-6.959596479358638,12,12
157,1.0,two_day,alt,0.74365234375,-1.0602592648782305,-6.959596479358638,12,12
157,1.0,two_day,sharp,0.16357421875,3.0518018697628624,-6.959596479358638,12,12
157,1.0,two_day,weak,0.17578125,3.901174311464874,-6.959596479358638,12,12
157,1.0,two_day,weak_skew,0.822265625,-0.5192293339180404,-6.959596479358638,12,12
157,1.0,four_day,alt,0.28125,-6.199977948147183,-6.959596479358638,6,12
157,1.0,four_day,sharp,0.96875,-0.4657782309504673,-6.959596479358638,6,12
157,1.0,four_day,weak,0.84375,-0.635675388074277,-6.959596479358638,6,12
157,1.0,four_day,weak_skew,0.5625,5.497856178140658,-6.959596479358638,6,12
158,1.0,daily,alt,0.002999400119976005,-5.405408348376594,-6.4941222122761815,12,12
158,1.0,daily,sharp,0.5276944611077784,-1.0280596055075997,-6.4941222122761815,12,12
158,1.0,daily,weak,0.8540291941611677,0.5115781369977009,-6.4941222122761815,12,12
158,1.0,daily,weak_skew,0.6058788242351529,1.661115288586852,-6.4941222122761815,12,12
158,1.0,two_day,alt,0.0205078125,-7.85489353732081,-6.4941222122761815,12,12
158,1.0,two_day,sharp,0.017578125,-5.819106047486279,-6.4941222122761815,12,12
158,1.0,two_day,weak,0.01416015625,-7.010401998655037,-6.4941222122761815,12,12
158,1.0,two_day,weak_skew,0.84765625,-0.7199101179270061,-6.4941222122761815,12,12
158,1.0,four_day,alt,0.0625,-6.785168902048091,-6.4941222122761815,6,12
158,1.0,four_day,sharp,0.1875,-2.5777730285938,-6.4941222122761815,6,12
158,1.0,four_day,weak,0.65625,-3.1731107674511456,-6.4941222122761815,6,12
158,1.0,four_day,weak_skew,0.65625,-1.790754607196109,-6.4941222122761815,6,12
159,1.0,daily,alt,0.013397320535892822,-5.726538024387654,-4.212215750195384,12,12
159,1.0,daily,sharp,0.21135772845430914,-2.3191138558619446,-4.212215750195384,12,12
159,1.0,daily,weak,0.14297140571885622,-4.160412491996882,-4.212215750195384,12,12
159,1.0,daily,weak_skew,0.046990601879624075,-4.795250882792866,-4.212215750195384,12,12
159,1.0,two_day,alt,0.32177734375,-4.323142495820155,-4.212215750195384,12,12
159,1.0,two_day,sharp,0.67431640625,-2.0700495232412055,-4.212215750195384,12,12
159,1.0,two_day,weak,0.341796875,-4.847186643488397,-4.212215750195384,12,12
159,1.0,two_day,weak_skew,0.83544921875,-0.7063433616280133,-4.212215750195384,12,12
159,1.0,four_day,alt,0.59375,-1.8211892268217664,-4.212215750195384,6,12
159,1.0,four_day,sharp,0.78125,1.0971226229983095,-4.212215750195384,6,12
159,1.0,four_day,weak,0.71875,-1.9458241193689858,-4.212215750195384,6,12
159,1.0,four_day,weak_skew,0.59375,3.5781810722062963,-4.212215750195384,6,12
160,1.0,daily,alt,0.0683863227354529,-4.6058783223822735,-4.601742897715617,12,12
160,1.0,daily,sharp,0.1931613677264547,-2.7340467912845257,-4.601742897715617,12,12
160,1.0,daily,weak,0.14937012597480503,-4.282730070200276,-4.601742897715617,12,12
160,1.0,daily,weak_skew,0.036192761447710456,-4.696310650800348,-4.601742897715617,12,12
160,1.0,two_day,alt,0.76806640625,1.393490591422351,-4.601742897715617,12,12
160,1.0,two_day,sharp,0.46142578125,1.7594688224028012,-4.601742897715617,12,12
160,1.0,two_day,weak,0.96630859375,0.1641359335085492,-4.601742897715617,12,12
160,1.0,two_day,weak_skew,0.1953125,-3.1313690648153134,-4.601742897715617,12,12
160,1.0,four_day,alt,0.1875,-10.455856130822367,-4.601742897715617,6,12
160,1.0,four_day,sharp,0.28125,-5.76195427348688,-4.601742897715617,6,12
160,1.0,four_day,weak,0.4375,-6.969632684357449,-4.601742897715617,6,12
160,1.0,four_day,weak_skew,0.71875,-2.165873296018718,-4.601742897715617,6,12
161,1.0,daily,alt,0.03679264147170566,-5.12374551771681,-7.517323662275864,12,12
161,1.0,daily,sharp,0.47810437912417514,-1.3481417662249993,-7.517323662275864,12,12
161,1.0,daily,weak,0.42131573685262946,-2.2080418000966398,-7.517323662275864,12,12
161,1.0,daily,weak_skew,0.5072985402919417,-1.4758229790278932,-7.517323662275864,12,12
161,1.0,two_day,alt,0.0234375,-8.327223396749497,-7.517323662275864,12,12
161,1.0,two_day,sharp,0.24169921875,-3.0148713639205202,-7.517323662275864,12,12
161,1.0,two_day,weak,0.93603515625,-0.37961993029063024,-7.517323662275864,12,12
161,1.0,two_day,weak_skew,0.7421875,-0.8862588734435253,-7.517323662275864,12,12
161,1.0,four_day,alt,0.09375,-9.527560573610817,-7.517323662275864,6,12
161,1.0,four_day,sharp,0.9375,-0.8813661863425514,-7.517323662275864,6,12
161,1.0,four_day,weak,0.84375,1.2094216535986877,-7.517323662275864,6,12
161,1.0,four_day,weak_skew,0.15625,-8.25087415996868,-7.517323662275864,6,12
162,1.0,daily,alt,0.09518096380723855,-2.9830254164022634,-7.976276921329699,12,12
162,1.0,daily,sharp,0.8928214357128574,0.1418450111636466,-7.976276921329699,12,12
162,1.0,daily,weak,0.4523095380923815,1.4498697128474543,-7.976276921329699,12,12
162,1.0,daily,weak_skew,0.9586082783443312,-0.1292955120983438,-7.976276921329699,12,12
162,1.0,two_day,alt,0.0654296875,-5.4843978455663605,-7.976276921329699,12,12
162,1.0,two_day,sharp,0.37353515625,-2.2718576433814444,-7.976276921329699,12,12
162,1.0,two_day,weak,0.1474609375,-3.683878057667899,-7.976276921329699,12,12
162,1.0,two_day,weak_skew,0.431640625,-2.46694089954744,-7.976276921329699,12,12
162,1.0,four_day,alt,0.28125,-3.3922960031232123,-7.976276921329699,6,12
162,1.0,four_day,sharp,0.65625,1.4468274661880827,-7.976276921329699,6,12
162,1.0,four_day,weak,0.8125,-1.2594429472911521,-7.976276921329699,6,12
162,1.0,four_day,weak_skew,1.0,0.0005370520443600905,-7.976276921329699,6,12
163,1.0,daily,alt,0.030193961207758448,-4.358336437073722,-7.530001878822574,12,12
163,1.0,daily,sharp,0.40951809638072384,-1.0706014515056659,-7.530001878822574,12,12
163,1.0,daily,weak,0.7804439112177565,0.6279880551238808,-7.530001878822574,12,12
163,1.0,daily,weak_skew,0.3053389322135573,-2.042425969028459,-7.530001878822574,12,12
163,1.0,two_day,alt,0.27392578125,-3.4424029470554607,-7.530001878822574,12,12
163,1.0,two_day,sharp,0.97900390625,-0.059863859552014155,-7.530001878822574,12,12
163,1.0,two_day,weak,0.26708984375,-1.5725375000104762,-7.530001878822574,12,12
163,1.0,two_day,weak_skew,0.7294921875,-1.0380000856407439,-7.530001878822574,12,12
163,1.0,four_day,alt,0.78125,-0.8348055164578329,-7.530001878822574,6,12
163,1.0,four_day,sharp,0.34375,2.273599377247193,-7.530001878822574,6,12
163,1.0,four_day,weak,0.3125,1.6211643961388102,-7.530001878822574,6,12
163,1.0,four_day,weak_skew,0.625,2.0918875110143405,-7.530001878822574,6,12
164,1.0,daily,alt,0.02499500099980004,-5.970032925166748,-11.776336157915559,12,12
164,1.0,daily,sharp,0.9346130773845231,-0.1476753035372352,-11.776336157915559,12,12
164,1.0,daily,weak,0.6810637872425515,1.485875379829355,-11.776336157915559,12,12
164,1.0,daily,weak_skew,0.733253349330134,0.7934308399082332,-11.776336157915559,12,12
164,1.0,two_day,alt,0.17724609375,-6.023634256029244,-11.776336157915559,12,12
164,1.0,two_day,sharp,0.72607421875,1.1306437404608758,-11.776336157915559,12,12
164,1.0,two_day,weak,0.0703125,7.094295522637502,-11.776336157915559,12,12
164,1.0,two_day,weak_skew,0.642578125,-1.4244955681382574,-11.776336157915559,12,12
164,1.0,four_day,alt,0.1875,-4.59724447019816,-11.776336157915559,6,12
164,1.0,four_day,sharp,0.1875,4.768590618554299,-11.776336157915559,6,12
164,1.0,four_day,weak,0.9375,0.8419728448768863,-11.776336157915559,6,12
164,1.0,four_day,weak_skew,0.9375,-0.3162407102102094,-11.776336157915559,6,12
165,1.0,daily,alt,0.6850629874025195,-0.7189498077950583,-7.642986086163823,12,12
165,1.0,daily,sharp,0.2419516096780644,1.6321865526607684,-7.642986086163823,12,12
165,1.0,daily,weak,0.8458308338332333,0.49048909689191217,-7.642986086163823,12,12
165,1.0,daily,weak_skew,0.16716656668666266,4.125391488360934,-7.642986086163823,12,12
165,1.0,two_day,alt,0.00830078125,-7.172167263748967,-7.642986086163823,12,12
165,1.0,two_day,sharp,0.12841796875,-3.5586284632697645,-7.642986086163823,12,12
165,1.0,two_day,weak,0.0283203125,-6.405629390973459,-7.642986086163823,12,12
165,1.0,two_day,weak_skew,0.01953125,-4.139880099544251,-7.642986086163823,12,12
165,1.0,four_day,alt,0.4375,-2.9284799482657298,-7.642986086163823,6,12
165,1.0,four_day,sharp,0.4375,1.6999630414031917,-7.642986086163823,6,12
165,1.0,four_day,weak,0.5,-3.0555645804526974,-7.642986086163823,6,12
165,1.0,four_day,weak_skew,0.96875,0.3550035854499818,-7.642986086163823,6,12
166,1.0,daily,alt,0.07738452309538092,-5.380548840320839,-6.590677617763738,12,12
166,1.0,daily,sharp,0.3317336532693461,-2.0520514309510687,-6.590677617763738,12,12
166,1.0,daily,weak,0.3223355328934213,-2.476083514618757,-6.590677617763738,12,12
166,1.0,daily,weak_skew,0.7456508698260348,0.987204031929999,-6.590677617763738,12,12
166,1.0,two_day,alt,0.17529296875,-5.063049510509867,-6.590677617763738,12,12
166,1.0,two_day,sharp,0.85693359375,-0.4752181997086602,-6.590677617763738,12,12
166,1.0,two_day,weak,0.32470703125,3.038760342034776,-6.590677617763738,12,12
166,1.0,two_day,weak_skew,0.9365234375,-0.2315651682126886,-6.590677617763738,12,12
166,1.0,four_day,alt,0.1875,-4.094223408785633,-6.590677617763738,6,12
166,1.0,four_day,sharp,1.0,-4.696891163528486e-05,-6.590677617763738,6,12
166,1.0,four_day,weak,0.125,-6.627587299791514,-6.590677617763738,6,12
166,1.0,four_day,weak_skew,0.28125,-4.393351703515645,-6.590677617763738,6,12
167,1.0,daily,alt,0.01739652069586083,-6.68492092082786,-10.333686683424354,12,12
167,1.0,daily,sharp,0.8582283543291341,-0.3435716672228028,-10.333686683424354,12,12
167,1.0,daily,weak,0.7806438712257548,0.6624200469184297,-10.333686683424354,12,12
167,1.0,daily,weak_skew,0.35012997400519896,-2.0802400560599126,-10.333686683424354,12,12
167,1.0,two_day,alt,0.2509765625,-2.549268752709129,-10.333686683424354,12,12
167,1.0,two_day,sharp,0.06640625,3.2787060427365096,-10.333686683424354,12,12
167,1.0,two_day,weak,0.142578125,4.890568754532361,-10.333686683424354,12,12
167,1.0,two_day,weak_skew,0.13037109375,7.014400096403494,-10.333686683424354,12,12
167,1.0,four_day,alt,0.0625,-17.483437794168463,-10.333686683424354,6,12
167,1.0,four_day,sharp,0.15625,-5.679073307180775,-10.333686683424354,6,12
167,1.0,four_day,weak,1.0,0.12964599471108093,-10.333686683424354,6,12
167,1.0,four_day,weak_skew,0.15625,-9.850725140460847,-10.333686683424354,6,12
168,1.0,daily,alt,0.28774245150969807,-1.7170254540827845,-6.097944774962613,12,12
168,1.0,daily,sharp,0.36212757448510297,1.1849677632136497,-6.097944774962613,12,12
168,1.0,daily,weak,0.32893421315736854,2.1858893538671555,-6.097944774962613,12,12
168,1.0,daily,weak_skew,0.3021395720855829,-2.4090244797009537,-6.097944774962613,12,12
168,1.0,two_day,alt,0.41650390625,-2.6725109315982145,-6.097944774962613,12,12
168,1.0,two_day,sharp,0.70849609375,1.0453314243906195,-6.097944774962613,12,12
168,1.0,two_day,weak,0.6875,-1.9788903038074313,-6.097944774962613,12,12
168,1.0,two_day,weak_skew,0.83544921875,-0.846322682640451,-6.097944774962613,12,12
168,1.0,four_day,alt,0.28125,-3.368658573351535,-6.097944774962613,6,12
168,1.0,four_day,sharp,0.59375,1.398112647974146,-6.097944774962613,6,12
168,1.0,four_day,weak,0.78125,1.5609414029169741,-6.097944774962613,6,12
168,1.0,four_day,weak_skew,0.0625,-3.251291523876328,-6.097944774962613,6,12
169,1.0,daily,alt,0.017996400719856028,-5.627583346137752,-5.578892122609204,12,12
169,1.0,daily,sharp,0.35372925414917017,-1.8084428592044108,-5.578892122609204,12,12
169,1.0,daily,weak,0.1847630473905219,-3.2945003661907966,-5.578892122609204,12,12
169,1.0,daily,weak_skew,0.8060387922415517,-0.6670470172793165,-5.578892122609204,12,12
169,1.0,two_day,alt,0.2666015625,-2.7596665495260955,-5.578892122609204,12,12
169,1.0,two_day,sharp,0.703125,1.0523009275546797,-5.578892122609204,12,12
169,1.0,two_day,weak,0.6767578125,1.4975854138797413,-5.578892122609204,12,12
169,1.0,two_day,weak_skew,0.55224609375,-1.9231214030839159,-5.578892122609204,12,12
169,1.0,four_day,alt,0.1875,-7.891431755916041,-5.578892122609204,6,12
169,1.0,four_day,sharp,0.6875,-1.5877655138316733,-5.578892122609204,6,12
169,1.0,four_day,weak,0.9375,-0.37171546554532026,-5.578892122609204,6,12
169,1.0,four_day,weak_skew,1.0,-0.03607514685199694,-5.578892122609204,6,12
170,1.0,daily,alt,0.3047390521895621,-3.334209615129289,-8.06417120377877,12,12
170,1.0,daily,sharp,0.8860227954409118,-0.3759909703927497,-8.06417120377877,12,12
170,1.0,daily,weak,0.46090781843631273,1.8333676824526648,-8.06417120377877,12,12
170,1.0,daily,weak_skew,0.6062787442511498,1.557729061264738,-8.06417120377877,12,12
170,1.0,two_day,alt,0.00048828125,-9.719045316057603,-8.06417120377877,12,12
170,1.0,two_day,sharp,0.099609375,-4.12011604085801,-8.06417120377877,12,12
170,1.0,two_day,weak,0.21923828125,-5.582064891559461,-8.06417120377877,12,12
170,1.0,two_day,weak_skew,0.1044921875,-6.228893242953979,-8.06417120377877,12,12
170,1.0,four_day,alt,0.21875,-6.802621347747305,-8.06417120377877,6,12
170,1.0,four_day,sharp,0.875,0.5446755994240036,-8.06417120377877,6,12
170,1.0,four_day,weak,0.96875,-0.33057950370235406,-8.06417120377877,6,12
170,1.0,four_day,weak_skew,0.78125,-1.7810370843588774,-8.06417120377877,6,12
171,1.0,daily,alt,0.0005998800239952009,-7.475023360757114,-5.86117414595725,12,12
171,1.0,daily,sharp,0.004199160167966407,-4.635634761903304,-5.86117414595725,12,12
171,1.0,daily,weak,0.11557688462307539,-3.3774197567310793,-5.86117414595725,12,12
171,1.0,daily,weak_skew,0.0003999200159968006,-6.473359061534605,-5.86117414595725,12,12
171,1.0,two_day,alt,0.0048828125,-6.608328457306709,-5.86117414595725,12,12
171,1.0,two_day,sharp,0.15576171875,-3.5656435200825904,-5.86117414595725,12,12
171,1.0,two_day,weak,0.552734375,-2.3642714230440074,-5.86117414595725,12,12
171,1.0,two_day,weak_skew,0.1171875,-4.357337850835481,-5.86117414595725,12,12
171,1.0,four_day,alt,0.25,-3.272495869395508,-5.86117414595725,6,12
171,1.0,four_day,sharp,0.875,-0.26512873098432027,-5.86117414595725,6,12
171,1.0,four_day,weak,0.34375,-5.309062277262131,-5.86117414595725,6,12
171,1.0,four_day,weak_skew,0.375,-3.578180316381912,-5.86117414595725,6,12
172,1.0,daily,alt,0.007198560287942412,-5.456850022636019,-9.191062659649845,12,12
172,1.0,daily,sharp,0.5374925014997001,0.8703667760396847,-9.191062659649845,12,12
172,1.0,daily,weak,0.8352329534093181,0.5777146852223142,-9.191062659649845,12,12
172,1.0,daily,weak_skew,0.902619476104779,0.1980205260860212,-9.191062659649845,12,12
172,1.0,two_day,alt,0.025390625,-6.566459576841564,-9.191062659649845,12,12
172,1.0,two_day,sharp,0.68017578125,0.7709304756810275,-9.191062659649845,12,12
172,1.0,two_day,weak,0.50341796875,2.867406846911653,-9.191062659649845,12,12
172,1.0,two_day,weak_skew,0.46728515625,2.03710102754942,-9.191062659649845,12,12
172,1.0,four_day,alt,0.03125,-9.567084554036558,-9.191062659649845,6,12
172,1.0,four_day,sharp,0.53125,-1.9770006777981592,-9.191062659649845,6,12
172,1.0,four_day,weak,0.25,-3.258487697401128,-9.191062659649845,6,12
172,1.0,four_day,weak_skew,0.03125,-8.391452611127692,-9.191062659649845,6,12
173,1.0,daily,alt,0.007598480303939212,-6.972823154131761,-9.577338689721195,12,12
173,1.0,daily,sharp,0.3007398520295941,-2.1517673593628994,-9.577338689721195,12,12
173,1.0,daily,weak,0.4091181763647271,2.258351182335494,-9.577338689721195,12,12
173,1.0,daily,weak_skew,0.3297340531893621,-3.0010033534161433,-9.577338689721195,12,12
173,1.0,two_day,alt,0.0546875,-7.35754375610365,-9.577338689721195,12,12
173,1.0,two_day,sharp,0.728515625,-1.042894265434254,-9.577338689721195,12,12
173,1.0,two_day,weak,0.2412109375,4.714213636210973,-9.577338689721195,12,12
173,1.0,two_day,weak_skew,0.68017578125,1.616950454439235,-9.577338689721195,12,12
173,1.0,four_day,alt,0.03125,-9.052171955030191,-9.577338689721195,6,12
173,1.0,four_day,sharp,0.71875,-0.6897004614943777,-9.577338689721195,6,12
173,1.0,four_day,weak,0.28125,4.150768118272925,-9.577338689721195,6,12
173,1.0,four_day,weak_skew,0.8125,-1.345640956078474,-9.577338689721195,6,12
174,1.0,daily,alt,0.15436912617476506,-3.2803984226298635,-7.752578459309525,12,12
174,1.0,daily,sharp,0.7886422715456909,0.521144929294603,-7.752578459309525,12,12
174,1.0,daily,weak,0.6672665466906619,-0.8012778753329565,-7.752578459309525,12,12
174,1.0,daily,weak_skew,0.5862827434513097,1.012935087096153,-7.752578459309525,12,12
174,1.0,two_day,alt,0.26416015625,-5.111611981610667,-7.752578459309525,12,12
174,1.0,two_day,sharp,0.83642578125,-0.7313236171987695,-7.752578459309525,12,12
174,1.0,two_day,weak,0.2392578125,-6.681413892344184,-7.752578459309525,12,12
174,1.0,two_day,weak_skew,0.71533203125,1.6988026495817017,-7.752578459309525,12,12
174,1.0,four_day,alt,0.40625,-5.906257253066003,-7.752578459309525,6,12
174,1.0,four_day,sharp,0.84375,1.1514724295285,-7.752578459309525,6,12
174,1.0,four_day,weak,0.6875,-1.724109111562483,-7.752578459309525,6,12
174,1.0,four_day,weak_skew,0.96875,-0.5843313212753074,-7.752578459309525,6,12
175,1.0,daily,alt,0.14217156568686262,-5.329314270778784,-8.82620433307347,12,12
175,1.0,daily,sharp,0.21615676864627076,-2.8184627095039327,-8.82620433307347,12,12
175,1.0,daily,weak,0.7278544291141772,-0.9917747823700273,-8.82620433307347,12,12
175,1.0,daily,weak_skew,0.22195560887822435,-3.653036526177402,-8.82620433307347,12,12
175,1.0,two_day,alt,0.84423828125,-0.7558543319713257,-8.82620433307347,12,12
175,1.0,two_day,sharp,0.11572265625,3.7523255470699337,-8.82620433307347,12,12
175,1.0,two_day,weak,0.3916015625,3.5986481930942875,-8.82620433307347,12,12
175,1.0,two_day,weak_skew,0.837890625,0.5399098304910979,-8.82620433307347,12,12
175,1.0,four_day,alt,0.34375,-2.0679994859882656,-8.82620433307347,6,12
175,1.0,four_day,sharp,0.03125,3.587342206077795,-8.82620433307347,6,12
175,1.0,four_day,weak,0.40625,5.032336794471921,-8.82620433307347,6,12
175,1.0,four_day,weak_skew,0.78125,2.8277415405823128,-8.82620433307347,6,12
176,1.0,daily,alt,0.052389522095580884,-5.203182859556406,-4.9447154544329806,12,12
176,1.0,daily,sharp,0.981003799240152,0.05375954140521285,-4.9447154544329806,12,12
176,1.0,daily,weak,0.8484303139372126,-0.5356583269383796,-4.9447154544329806,12,12
176,1.0,daily,weak_skew,0.4391121775644871,2.338636643272681,-4.9447154544329806,12,12
176,1.0,two_day,alt,0.349609375,-4.059257454306397,-4.9447154544329806,12,12
176,1.0,two_day,sharp,0.49462890625,-2.052273194961231,-4.9447154544329806,12,12
176,1.0,two_day,weak,0.73388671875,-1.2011136105756932,-4.9447154544329806,12,12
176,1.0,two_day,weak_skew,0.56494140625,-1.5605799035220702,-4.9447154544329806,12,12
176,1.0,four_day,alt,0.625,0.7930140212130018,-4.9447154544329806,6,12
176,1.0,four_day,sharp,0.625,1.3007711136116835,-4.9447154544329806,6,12
176,1.0,four_day,weak,0.40625,2.96494566723198,-4.9447154544329806,6,12
176,1.0,four_day,weak_skew,0.96875,0.42465438076407835,-4.9447154544329806,6,12
177,1.0,daily,alt,0.10477904419116177,-4.601390299773523,-6.842968330903773,12,12
177,1.0,daily,sharp,0.33093381323735255,-1.6865022278370834,-6.842968330903773,12,12
177,1.0,daily,weak,0.8134373125374925,-0.6560728567463426,-6.842968330903773,12,12
177,1.0,daily,weak_skew,0.4107178564287143,-2.1195129361194476,-6.842968330903773,12,12
177,1.0,two_day,alt,0.1591796875,-4.772584315563626,-6.842968330903773,12,12
177,1.0,two_day,sharp,0.72802734375,-0.8899427279838955,-6.842968330903773,12,12
177,1.0,two_day,weak,0.28369140625,-4.314972599581011,-6.842968330903773,12,12
177,1.0,two_day,weak_skew,0.9580078125,0.17435581912937614,-6.842968330903773,12,12
177,1.0,four_day,alt,0.3125,-4.4208552437070345,-6.842968330903773,6,12
177,1.0,four_day,sharp,0.875,0.4985752145518916,-6.842968330903773,6,12
177,1.0,four_day,weak,0.65625,3.150068607321417,-6.842968330903773,6,12
177,1.0,four_day,weak_skew,0.6875,1.5117822250057518,-6.842968330903773,6,12
178,1.0,daily,alt,0.004799040191961607,-4.292286768541451,-7.637168441173927,12,12
178,1.0,daily,sharp,0.1835632873425315,-1.4917302730037025,-7.637168441173927,12,12
178,1.0,daily,weak,0.9182163567286543,-0.22970488352825078,-7.637168441173927,12,12
178,1.0,daily,weak_skew,0.6376724655068986,-1.2110688111479184,-7.637168441173927,12,12
178,1.0,two_day,alt,0.01025390625,-6.3352899981357105,-7.637168441173927,12,12
178,1.0,two_day,sharp,0.3515625,-1.532941792202284,-7.637168441173927,12,12
178,1.0,two_day,weak,0.04150390625,-5.639862641966669,-7.637168441173927,12,12
178,1.0,two_day,weak_skew,0.9345703125,-0.3002978852211455,-7.637168441173927,12,12
178,1.0,four_day,alt,0.15625,-6.218646397490791,-7.637168441173927,6,12
178,1.0,four_day,sharp,0.6875,0.871481163261965,-7.637168441173927,6,12
178,1.0,four_day,weak,0.59375,-2.4830081661528234,-7.637168441173927,6,12
178,1.0,four_day,weak_skew,0.46875,2.769178873180197,-7.637168441173927,6,12
179,1.0,daily,alt,0.6124775044991002,2.023829094073808,-2.7143038379423245,12,12
179,1.0,daily,sharp,0.8844231153769246,-0.20450061669008748,-2.7143038379423245,12,12
179,1.0,daily,weak,0.5344931013797241,-1.4118922126146287,-2.7143038379423245,12,12
179,1.0,daily,weak_skew,0.46970605878824234,-1.3843018681224617,-2.7143038379423245,12,12
179,1.0,two_day,alt,0.17041015625,-5.251101849376698,-2.7143038379423245,12,12
179,1.0,two_day,sharp,0.138671875,-2.979112550301774,-2.7143038379423245,12,12
179,1.0,two_day,weak,0.77001953125,-1.0057455476673531,-2.7143038379423245,12,12
179,1.0,two_day,weak_skew,0.03662109375,-6.716143606043231,-2.7143038379423245,12,12
179,1.0,four_day,alt,0.75,5.941660244656138,-2.7143038379423245,6,12
179,1.0,four_day,sharp,0.25,4.085395696505945,-2.7143038379423245,6,12
179,1.0,four_day,weak,0.9375,-0.5048816145796758,-2.7143038379423245,6,12
179,1.0,four_day,weak_skew,0.34375,6.886362780088543,-2.7143038379423245,6,12
180,1.0,daily,alt,0.2927414517096581,-1.5435873509771085,-7.400438915737098,12,12
180,1.0,daily,sharp,0.7560487902419516,-0.6233972728521268,-7.400438915737098,12,12
180,1.0,daily,weak,0.1899620075984803,-4.01611796806263,-7.400438915737098,12,12
180,1.0,daily,weak_skew,0.6774645070985803,1.280699955834411,-7.400438915737098,12,12
180,1.0,two_day,alt,0.60009765625,-1.7516093327100861,-7.400438915737098,12,12
180,1.0,two_day,sharp,0.40576171875,3.974252095378177,-7.400438915737098,12,12
180,1.0,two_day,weak,0.35498046875,4.598565603575368,-7.400438915737098,12,12
180,1.0,two_day,weak_skew,0.76416015625,1.480452024416331,-7.400438915737098,12,12
180,1.0,four_day,alt,0.75,-2.168404171719603,-7.400438915737098,6,12
180,1.0,four_day,sharp,0.3125,4.971385768899346,-7.400438915737098,6,12
180,1.0,four_day,weak,0.34375,-5.073271295959153,-7.400438915737098,6,12
180,1.0,four_day,weak_skew,0.75,2.4354531251819416,-7.400438915737098,6,12
181,1.0,daily,alt,0.9284143171365726,-0.4650987793896739,-6.3157444925836685,12,12
181,1.0,daily,sharp,0.8910217956408718,0.2629101732043697,-6.3157444925836685,12,12
181,1.0,daily,weak,0.8182363527294542,-0.7138016127320744,-6.3157444925836685,12,12
181,1.0,daily,weak_skew,0.4843031393721256,2.6058722465552577,-6.3157444925836685,12,12
181,1.0,two_day,alt,0.42041015625,-3.730161704169696,-6.3157444925836685,12,12
181,1.0,two_day,sharp,0.78515625,-0.5170733720099907,-6.3157444925836685,12,12
181,1.0,two_day,weak,0.82373046875,-0.7266558641533933,-6.3157444925836685,12,12
181,1.0,two_day,weak_skew,0.86279296875,-0.40625352480599847,-6.3157444925836685,12,12
181,1.0,four_day,alt,0.5,-6.9422569074682245,-6.3157444925836685,6,12
181,1.0,four_day,sharp,0.40625,-3.8603404449909475,-6.3157444925836685,6,12
181,1.0,four_day,weak,0.6875,-2.436254585999676,-6.3157444925836685,6,12
181,1.0,four_day,weak_skew,0.78125,1.2985231850603032,-6.3157444925836685,6,12
182,1.0,daily,alt,0.0021995600879824036,-4.119572546347535,-9.115409076225646,12,12
182,1.0,daily,sharp,0.792241551689662,-0.21821022847401217,-9.115409076225646,12,12
182,1.0,daily,weak,0.5718856228754249,1.1435853520907404,-9.115409076225646,12,12
182,1.0,daily,weak_skew,0.831633673265347,-0.39215725485618336,-9.115409076225646,12,12
182,1.0,two_day,alt,0.02490234375,-8.205199908930718,-9.115409076225646,12,12
182,1.0,two_day,sharp,0.28857421875,-2.914065629935843,-9.115409076225646,12,12
182,1.0,two_day,weak,0.4169921875,3.0517622444661536,-9.115409076225646,12,12
182,1.0,two_day,weak_skew,0.32373046875,-2.806649713228447,-9.115409076225646,12,12
182,1.0,four_day,alt,0.1875,-5.148130059062371,-9.115409076225646,6,12
182,1.0,four_day,sharp,0.75,0.9933831719376975,-9.115409076225646,6,12
182,1.0,four_day,weak,0.4375,-4.753075821669301,-9.115409076225646,6,12
182,1.0,four_day,weak_skew,0.34375,-3.6580754706449254,-9.115409076225646,6,12
183,1.0,daily,alt,0.8250349930013997,1.0290447486057281,-6.749925599422397,12,12
183,1.0,daily,sharp,0.6602679464107178,0.749292058375333,-6.749925599422397,12,12
183,1.0,daily,weak,0.50749850029994,2.15953692263258,-6.749925599422397,12,12
183,1.0,daily,weak_skew,0.7286542691461708,0.889823590536451,-6.749925599422397,12,12
183,1.0,two_day,alt,0.130859375,-4.337985222874651,-6.749925599422397,12,12
183,1.0,two_day,sharp,0.84912109375,-0.3865851174840689,-6.749925599422397,12,12
183,1.0,two_day,weak,0.34228515625,-3.1960525488147518,-6.749925599422397,12,12
183,1.0,two_day,weak_skew,0.19287109375,-2.8596388176127685,-6.749925599422397,12,12
183,1.0,four_day,alt,0.53125,-2.1153424184499854,-6.749925599422397,6,12
183,1.0,four_day,sharp,0.46875,1.9994813412503032,-6.749925599422397,6,12
183,1.0,four_day,weak,0.875,1.729794683435685,-6.749925599422397,6,12
183,1.0,four_day,weak_skew,0.34375,-2.838758523241996,-6.749925599422397,6,12
184,1.0,daily,alt,0.6236752649470106,1.2127591371312334,-3.8708889242043156,12,12
184,1.0,daily,sharp,0.9104179164167167,0.23455935046814305,-3.8708889242043156,12,12
184,1.0,daily,weak,0.13997200559888023,4.0920716156882735,-3.8708889242043156,12,12
184,1.0,daily,weak_skew,0.7578484303139372,0.9505742381028407,-3.8708889242043156,12,12
184,1.0,two_day,alt,0.54150390625,2.675214838145919,-3.8708889242043156,12,12
184,1.0,two_day,sharp,0.517578125,2.50700483548448,-3.8708889242043156,12,12
184,1.0,two_day,weak,0.8974609375,-0.6615796455379753,-3.8708889242043156,12,12
184,1.0,two_day,weak_skew,0.337890625,4.518538536762146,-3.8708889242043156,12,12
184,1.0,four_day,alt,0.6875,-1.9303143095343411,-3.8708889242043156,6,12
184,1.0,four_day,sharp,0.84375,-0.7836391646963191,-3.8708889242043156,6,12
184,1.0,four_day,weak,0.9375,-0.589805470130719,-3.8708889242043156,6,12
184,1.0,four_day,weak_skew,0.125,-6.303330552791735,-3.8708889242043156,6,12
185,1.0,daily,alt,0.5462907418516296,-1.2247423382226892,-7.1800013765465565,12,12
185,1.0,daily,sharp,0.7678464307138573,0.4015022879815279,-7.1800013765465565,12,12
185,1.0,daily,weak,0.6700659868026395,1.367728675196411,-7.1800013765465565,12,12
185,1.0,daily,weak_skew,0.14177164567086584,-2.291922199146557,-7.1800013765465565,12,12
185,1.0,two_day,alt,0.0263671875,-5.915253304859924,-7.1800013765465565,12,12
185,1.0,two_day,sharp,0.6953125,-1.0066204482893089,-7.1800013765465565,12,12
185,1.0,two_day,weak,0.8251953125,0.4975196831792245,-7.1800013765465565,12,12
185,1.0,two_day,weak_skew,0.2490234375,-3.839184610263048,-7.1800013765465565,12,12
185,1.0,four_day,alt,0.59375,-2.4785999134677454,-7.1800013765465565,6,12
185,1.0,four_day,sharp,0.375,1.8504740263943897,-7.1800013765465565,6,12
185,1.0,four_day,weak,0.53125,3.363313682754979,-7.1800013765465565,6,12
185,1.0,four_day,weak_skew,0.75,1.3316961856167115,-7.1800013765465565,6,12
186,1.0,daily,alt,0.0611877624475105,-3.4660636994281453,-6.3561504319664905,12,12
186,1.0,daily,sharp,0.9988002399520096,-0.003737405482702035,-6.3561504319664905,12,12
186,1.0,daily,weak,0.22035592881423716,2.5484723147041994,-6.3561504319664905,12,12
186,1.0,daily,weak_skew,0.5814837032593482,-0.7991971983160315,-6.3561504319664905,12,12
186,1.0,two_day,alt,0.76220703125,1.4073216992398887,-6.3561504319664905,12,12
186,1.0,two_day,sharp,0.2626953125,4.338932000638136,-6.3561504319664905,12,12
186,1.0,two_day,weak,0.96533203125,-0.16874398186282372,-6.3561504319664905,12,12
186,1.0,two_day,weak_skew,0.607421875,2.5073024948304803,-6.3561504319664905,12,12
186,1.0,four_day,alt,1.0,0.43931343993026556,-6.3561504319664905,6,12
186,1.0,four_day,sharp,0.40625,3.417976515656155,-6.3561504319664905,6,12
186,1.0,four_day,weak,0.8125,-0.6075894266859064,-6.3561504319664905,6,12
186,1.0,four_day,weak_skew,0.6875,-2.326439823015201,-6.3561504319664905,6,12
187,1.0,daily,alt,0.14437112577484504,-3.742325349536723,-5.503192803260291,12,12
187,1.0,daily,sharp,0.14317136572685463,3.830990630064741,-5.503192803260291,12,12
187,1.0,daily,weak,0.39432113577284544,2.2652608718083997,-5.503192803260291,12,12
187,1.0,daily,weak_skew,0.22275544891021795,3.7301937554255,-5.503192803260291,12,12
187,1.0,two_day,alt,0.2294921875,-3.3176551152982596,-5.503192803260291,12,12
187,1.0,two_day,sharp,0.90380859375,0.30721053438443907,-5.503192803260291,12,12
187,1.0,two_day,weak,0.6884765625,1.5540756396584936,-5.503192803260291,12,12
187,1.0,two_day,weak_skew,0.595703125,-1.4479090541282489,-5.503192803260291,12,12
187,1.0,four_day,alt,0.78125,-1.023975455254399,-5.503192803260291,6,12
187,1.0,four_day,sharp,0.28125,2.3889247977453416,-5.503192803260291,6,12
187,1.0,four_day,weak,0.75,1.5649775531409833,-5.503192803260291,6,12
187,1.0,four_day,weak_skew,0.3125,5.383084520954106,-5.503192803260291,6,12
188,1.0,daily,alt,0.1977604479104179,-4.3563843785559095,-6.10961532792831,12,12
188,1.0,daily,sharp,0.7984403119376124,1.1014452770067653,-6.10961532792831,12,12
188,1.0,daily,weak,0.981003799240152,-0.11912244520205444,-6.10961532792831,12,12
188,1.0,daily,weak_skew,0.8598280343931214,0.6398297358566088,-6.10961532792831,12,12
188,1.0,two_day,alt,0.3291015625,-4.731164146483688,-6.10961532792831,12,12
188,1.0,two_day,sharp,0.80322265625,1.0915304701605624,-6.10961532792831,12,12
188,1.0,two_day,weak,0.9990234375,0.00859722444136087,-6.10961532792831,12,12
188,1.0,two_day,weak_skew,0.84619140625,0.9392577247337991,-6.10961532792831,12,12
188,1.0,four_day,alt,0.90625,-2.58946327914896,-6.10961532792831,6,12
188,1.0,four_day,sharp,0.75,3.0560975783704074,-6.10961532792831,6,12
188,1.0,four_day,weak,0.6875,3.8460759128767728,-6.10961532792831,6,12
188,1.0,four_day,weak_skew,0.9375,-2.932355191793801,-6.10961532792831,6,12
189,1.0,daily,alt,0.008198360327934412,-8.333926200768433,-7.94288436841174,12,12
189,1.0,daily,sharp,0.1811637672465507,-3.991867535069078,-7.94288436841174,12,12
189,1.0,daily,weak,0.2891421715656869,-4.265742129511449,-7.94288436841174,12,12
189,1.0,daily,weak_skew,0.1915616876624675,-4.751970100200068,-7.94288436841174,12,12
189,1.0,two_day,alt,0.095703125,-5.260461966787596,-7.94288436841174,12,12
189,1.0,two_day,sharp,0.912109375,-0.34790852264940203,-7.94288436841174,12,12
189,1.0,two_day,weak,0.7998046875,-1.4811261855804272,-7.94288436841174,12,12
189,1.0,two_day,weak_skew,0.69873046875,1.2749980785728432,-7.94288436841174,12,12
189,1.0,four_day,alt,0.1875,-7.1212548692447575,-7.94288436841174,6,12
189,1.0,four_day,sharp,0.75,-1.383536673683056,-7.94288436841174,6,12
189,1.0,four_day,weak,0.34375,-4.721721145295066,-7.94288436841174,6,12
189,1.0,four_day,weak_skew,0.71875,-1.925396820611753,-7.94288436841174,6,12
190,1.0,daily,alt,0.2793441311737652,-2.787072089738253,-6.303259875332763,12,12
190,1.0,daily,sharp,0.7154569086182764,-0.5547263012736406,-6.303259875332763,12,12
190,1.0,daily,weak,0.9380123975204959,0.21304519450180237,-6.303259875332763,12,12
190,1.0,daily,weak_skew,0.907618476304739,-0.2536213086478624,-6.303259875332763,12,12
190,1.0,two_day,alt,0.50732421875,-1.5296951407481707,-6.303259875332763,12,12
190,1.0,two_day,sharp,0.740234375,0.6029841606505778,-6.303259875332763,12,12
190,1.0,two_day,weak,0.8916015625,0.5650765592975411,-6.303259875332763,12,12
190,1.0,two_day,weak_skew,0.6669921875,1.4790789176783001,-6.303259875332763,12,12
190,1.0,four_day,alt,0.875,-0.7496806049566859,-6.303259875332763,6,12
190,1.0,four_day,sharp,0.75,1.2454306590778803,-6.303259875332763,6,12
190,1.0,four_day,weak,0.625,3.49234001913441,-6.303259875332763,6,12
190,1.0,four_day,weak_skew,1.0,0.004199512260292693,-6.303259875332763,6,12
191,1.0,daily,alt,0.021595680863827234,-8.044327405239931,-3.0035232443556623,12,12
191,1.0,daily,sharp,0.15096980603879223,-4.535924910601811,-3.0035232443556623,12,12
191,1.0,daily,weak,0.1863627274545091,-3.3158126904329173,-3.0035232443556623,12,12
191,1.0,daily,weak_skew,0.23415316936612676,-4.455313732675234,-3.0035232443556623,12,12
191,1.0,two_day,alt,0.5791015625,-1.8183447167119133,-3.0035232443556623,12,12
191,1.0,two_day,sharp,0.74755859375,1.010541553899144,-3.0035232443556623,12,12
191,1.0,two_day,weak,0.63623046875,1.8761810722300531,-3.0035232443556623,12,12
191,1.0,two_day,weak_skew,0.2236328125,4.843353730213917,-3.0035232443556623,12,12
191,1.0,four_day,alt,0.09375,-5.229073737306113,-3.0035232443556623,6,12
191,1.0,four_day,sharp,0.84375,-1.5003289180765655,-3.0035232443556623,6,12
191,1.0,four_day,weak,0.6875,-1.56871653674911,-3.0035232443556623,6,12
191,1.0,four_day,weak_skew,0.71875,-2.0674379514662213,-3.0035232443556623,6,12
192,1.0,daily,alt,0.027994401119776045,-5.748768216478598,-7.611347622189342,12,12
192,1.0,daily,sharp,0.6752649470105979,0.5406852760382505,-7.611347622189342,12,12
192,1.0,daily,weak,0.6068786242751449,-0.8201080556033483,-7.611347622189342,12,12
192,1.0,daily,weak_skew,0.8858228354329134,0.282754691987412,-7.611347622189342,12,12
192,1.0,two_day,alt,0.00439453125,-6.714540094540292,-7.611347622189342,12,12
192,1.0,two_day,sharp,0.84228515625,-0.511368457332034,-7.611347622189342,12,12
192,1.0,two_day,weak,0.76806640625,0.7323399270426716,-7.611347622189342,12,12
192,1.0,two_day,weak_skew,0.32763671875,-3.000883099580788,-7.611347622189342,12,12
192,1.0,four_day,alt,0.03125,-10.00920665823333,-7.611347622189342,6,12
192,1.0,four_day,sharp,0.46875,-2.0386737602452016,-7.611347622189342,6,12
192,1.0,four_day,weak,0.96875,-0.2917604904967395,-7.611347622189342,6,12
192,1.0,four_day,weak_skew,0.84375,-1.1290405570509847,-7.611347622189342,6,12
193,1.0,daily,alt,0.023395320935812838,-4.6440845262247334,-7.633153572548075,12,12
193,1.0,daily,sharp,0.8790241951609679,-0.33701531853058003,-7.633153572548075,12,12
193,1.0,daily,weak,0.9204159168166367,-0.27136416085478743,-7.633153572548075,12,12
193,1.0,daily,weak_skew,0.6526694661067787,-1.303656222810164,-7.633153572548075,12,12
193,1.0,two_day,alt,0.1767578125,-5.119862217256791,-7.633153572548075,12,12
193,1.0,two_day,sharp,0.81201171875,-0.6522480882907254,-7.633153572548075,12,12
193,1.0,two_day,weak,0.52294921875,-1.954801609391554,-7.633153572548075,12,12
193,1.0,two_day,weak_skew,0.2724609375,-2.984258596208029,-7.633153572548075,12,12
193,1.0,four_day,alt,0.0625,-7.739644955932358,-7.633153572548075,6,12
193,1.0,four_day,sharp,0.6875,-0.9577762643265437,-7.633153572548075,6,12
193,1.0,four_day,weak,0.59375,-4.484642341126391,-7.633153572548075,6,12
193,1.0,four_day,weak_skew,0.6875,-2.4158077795953035,-7.633153572548075,6,12
194,1.0,daily,alt,0.21655668866226754,-4.241419060660285,-6.385658201119078,12,12
194,1.0,daily,sharp,0.4453109378124375,-1.9594782343030204,-6.385658201119078,12,12
194,1.0,daily,weak,0.997000599880024,0.01195006915866692,-6.385658201119078,12,12
194,1.0,daily,weak_skew,0.4205158968206359,-2.2002026194269555,-6.385658201119078,12,12
194,1.0,two_day,alt,0.5908203125,-2.5388189185535204,-6.385658201119078,12,12
194,1.0,two_day,sharp,0.88720703125,-0.5740445266751895,-6.385658201119078,12,12
194,1.0,two_day,weak,0.734375,1.7759418453627898,-6.385658201119078,12,12
194,1.0,two_day,weak_skew,0.58203125,2.0786016289874953,-6.385658201119078,12,12
194,1.0,four_day,alt,0.28125,5.270977249228754,-6.385658201119078,6,12
194,1.0,four_day,sharp,0.1875,6.514288404531398,-6.385658201119078,6,12
194,1.0,four_day,weak,0.40625,5.0088062502947714,-6.385658201119078,6,12
194,1.0,four_day,weak_skew,0.40625,2.533876996912602,-6.385658201119078,6,12
195,1.0,daily,alt,0.9556088782243551,0.19816997226362076,-8.959194476441297,12,12
195,1.0,daily,sharp,0.03519296140771846,6.245416399202669,-8.959194476441297,12,12
195,1.0,daily,weak,0.05098980203959208,7.402586345336867,-8.959194476441297,12,12
195,1.0,daily,weak_skew,0.0597880423915217,10.040941751739103,-8.959194476441297,12,12
195,1.0,two_day,alt,0.017578125,-11.13894757735919,-8.959194476441297,12,12
195,1.0,two_day,sharp,0.30078125,-4.205233136079156,-8.959194476441297,12,12
195,1.0,two_day,weak,0.2880859375,-6.400035077699317,-8.959194476441297,12,12
195,1.0,two_day,weak_skew,0.5400390625,-2.4593410893158594,-8.959194476441297,12,12
195,1.0,four_day,alt,0.90625,2.2422504221064536,-8.959194476441297,6,12
195,1.0,four_day,sharp,0.03125,7.817410311190703,-8.959194476441297,6,12
195,1.0,four_day,weak,0.46875,2.520079930083804,-8.959194476441297,6,12
195,1.0,four_day,weak_skew,0.03125,20.3551777774125,-8.959194476441297,6,12
196,1.0,daily,alt,0.4911017796440712,-3.15630100036766,-7.067095927333064,12,12
196,1.0,daily,sharp,0.8472305538892222,-0.4391888288871601,-7.067095927333064,12,12
196,1.0,daily,weak,0.9102179564087183,0.42898616191556843,-7.067095927333064,12,12
196,1.0,daily,weak_skew,0.5192961407718456,-1.4904176208750641,-7.067095927333064,12,12
196,1.0,two_day,alt,0.0263671875,-7.424944527434387,-7.067095927333064,12,12
196,1.0,two_day,sharp,0.47802734375,-2.6424788771154604,-7.067095927333064,12,12
196,1.0,two_day,weak,0.16015625,-5.529610238690027,-7.067095927333064,12,12
196,1.0,two_day,weak_skew,0.61767578125,-2.2824229912382648,-7.067095927333064,12,12
196,1.0,four_day,alt,0.03125,-9.49542592428372,-7.067095927333064,6,12
196,1.0,four_day,sharp,0.15625,-2.664178558629748,-7.067095927333064,6,12
196,1.0,four_day,weak,0.28125,3.4337336833073686,-7.067095927333064,6,12
196,1.0,four_day,weak_skew,0.75,-1.7227526953479355,-7.067095927333064,6,12
197,1.0,daily,alt,0.15796840631873627,-3.3562271240822423,-6.914773528646634,12,12
197,1.0,daily,sharp,0.9186162767446511,-0.12053832355311773,-6.914773528646634,12,12
197,1.0,daily,weak,0.1841631673665267,-2.4046849921709392,-6.914773528646634,12,12
197,1.0,daily,weak_skew,0.6662667466506699,-0.9247819029695824,-6.914773528646634,12,12
197,1.0,two_day,alt,0.08642578125,-5.129319836466554,-6.914773528646634,12,12
197,1.0,two_day,sharp,0.60546875,-1.392497357506824,-6.914773528646634,12,12
197,1.0,two_day,weak,0.5771484375,-2.158452391674906,-6.914773528646634,12,12
197,1.0,two_day,weak_skew,0.20361328125,-4.015855958304333,-6.914773528646634,12,12
197,1.0,four_day,alt,0.34375,-4.3153798979985085,-6.914773528646634,6,12
197,1.0,four_day,sharp,0.59375,-1.607651597636534,-6.914773528646634,6,12
197,1.0,four_day,weak,0.78125,-1.376983744746121,-6.914773528646634,6,12
197,1.0,four_day,weak_skew,0.90625,0.26915224022330264,-6.914773528646634,6,12
198,1.0,daily,alt,0.0007998400319936012,-7.582726857837714,-10.218570283636659,12,12
198,1.0,daily,sharp,0.21555688862227554,-2.090283998115142,-10.218570283636659,12,12
198,1.0,daily,weak,0.8718256348730254,0.5229394963095763,-10.218570283636659,12,12
198,1.0,daily,weak_skew,0.01739652069586083,-4.517862204600756,-10.218570283636659,12,12
198,1.0,two_day,alt,0.177734375,-4.194621750971393,-10.218570283636659,12,12
198,1.0,two_day,sharp,0.99560546875,0.012719515981262456,-10.218570283636659,12,12
198,1.0,two_day,weak,0.73583984375,-1.0563160904580056,-10.218570283636659,12,12
198,1.0,two_day,weak_skew,0.955078125,0.12491743572158558,-10.218570283636659,12,12
198,1.0,four_day,alt,0.3125,-5.314130093662463,-10.218570283636659,6,12
198,1.0,four_day,sharp,0.71875,1.7278117797256922,-10.218570283636659,6,12
198,1.0,four_day,weak,0.84375,1.771831963429263,-10.218570283636659,6,12
198,1.0,four_day,weak_skew,0.8125,-1.3080147382920444,-10.218570283636659,6,12
199,1.0,daily,alt,0.01759648070385923,-6.315399397330535,-5.927633859205301,12,12
199,1.0,daily,sharp,0.1187762447510498,-3.644817623475918,-5.927633859205301,12,12
199,1.0,daily,weak,0.39012197560487905,-2.6846717914825464,-5.927633859205301,12,12
199,1.0,daily,weak_skew,0.15436912617476506,-4.45524347647671,-5.927633859205301,12,12
199,1.0,two_day,alt,0.57421875,-2.3201253685354435,-5.927633859205301,12,12
199,1.0,two_day,sharp,0.552734375,-1.4883705343509253,-5.927633859205301,12,12
199,1.0,two_day,weak,0.869140625,0.7350400448823441,-5.927633859205301,12,12
199,1.0,two_day,weak_skew,0.5224609375,-2.0663174967919287,-5.927633859205301,12,12
199,1.0,four_day,alt,0.75,-1.3640629877980501,-5.927633859205301,6,12
199,1.0,four_day,sharp,0.34375,2.246317430839781,-5.927633859205301,6,12
199,1.0,four_day,weak,0.125,7.50631805056603,-5.927633859205301,6,12
199,1.0,four_day,weak_skew,0.65625,2.0087475942415494,-5.927633859205301,6,12
200,1.0,daily,alt,0.393121375724855,-1.9233741427160613,-3.7711773429321696,12,12
200,1.0,daily,sharp,0.13197360527894422,-1.5482984571080098,-3.7711773429321696,12,12
200,1.0,daily,weak,0.5830833833233353,-1.3076039379008744,-3.7711773429321696,12,12
200,1.0,daily,weak_skew,0.08178364327134573,-2.51161427569344,-3.7711773429321696,12,12
200,1.0,two_day,alt,0.94873046875,0.23987266467321314,-3.7711773429321696,12,12
200,1.0,two_day,sharp,0.61572265625,1.205724993378169,-3.7711773429321696,12,12
200,1.0,two_day,weak,0.51708984375,2.275806057643333,-3.7711773429321696,12,12
200,1.0,two_day,weak_skew,0.7119140625,0.98422289667007,-3.7711773429321696,12,12
200,1.0,four_day,alt,0.9375,1.6106457024087995,-3.7711773429321696,6,12
200,1.0,four_day,sharp,0.625,-1.2137168486816219,-3.7711773429321696,6,12
200,1.0,four_day,weak,0.625,1.453071445632374,-3.7711773429321696,6,12
200,1.0,four_day,weak_skew,0.46875,-4.3095952056658335,-3.7711773429321696,6,12
201,1.0,daily,alt,0.2545490901819636,-2.8988199318748826,-8.63249216285034,12,12
201,1.0,daily,sharp,0.714257148570286,0.7314473330785743,-8.63249216285034,12,12
201,1.0,daily,weak,0.715256948610278,1.1267647324830652,-8.63249216285034,12,12
201,1.0,daily,weak_skew,0.714257148570286,0.7589272222646818,-8.63249216285034,12,12
201,1.0,two_day,alt,0.2724609375,-2.918736845264148,-8.63249216285034,12,12
201,1.0,two_day,sharp,0.93994140625,0.14946262726957826,-8.63249216285034,12,12
201,1.0,two_day,weak,0.87890625,0.4456847717942812,-8.63249216285034,12,12
201,1.0,two_day,weak_skew,0.70849609375,-0.9461576616286008,-8.63249216285034,12,12
201,1.0,four_day,alt,0.09375,-6.031703073781753,-8.63249216285034,6,12
201,1.0,four_day,sharp,0.6875,1.678961577080532,-8.63249216285034,6,12
201,1.0,four_day,weak,0.34375,4.123258996568933,-8.63249216285034,6,12
201,1.0,four_day,weak_skew,0.5,4.632360632477226,-8.63249216285034,6,12
202,1.0,daily,alt,0.05058988202359528,-4.355980452988977,-5.859333408285579,12,12
202,1.0,daily,sharp,0.5016996600679864,-1.2406552218218685,-5.859333408285579,12,12
202,1.0,daily,weak,0.11077784443111378,-3.5535830300831344,-5.859333408285579,12,12
202,1.0,daily,weak_skew,0.6630673865226955,1.0049644429625768,-5.859333408285579,12,12
202,1.0,two_day,alt,0.203125,-3.8972914525104603,-5.859333408285579,12,12
202,1.0,two_day,sharp,0.427734375,1.9188166303232042,-5.859333408285579,12,12
202,1.0,two_day,weak,0.3349609375,3.3810249546484497,-5.859333408285579,12,12
202,1.0,two_day,weak_skew,0.26318359375,4.781446185980898,-5.859333408285579,12,12
202,1.0,four_day,alt,0.53125,-2.4334157049122056,-5.859333408285579,6,12
202,1.0,four_day,sharp,0.59375,2.511057911279593,-5.859333408285579,6,12
202,1.0,four_day,weak,0.15625,6.393735489334998,-5.859333408285579,6,12
202,1.0,four_day,weak_skew,0.96875,1.7143565050246015,-5.859333408285579,6,12
203,1.0,daily,alt,0.4539092181563687,-2.7137715443244317,-7.495271200952459,12,12
203,1.0,daily,sharp,0.7598480303939212,-0.5464069764143945,-7.495271200952459,12,12
203,1.0,daily,weak,0.4389122175564887,1.5794738379217073,-7.495271200952459,12,12
203,1.0,daily,weak_skew,0.5540891821635673,2.0343409596476696,-7.495271200952459,12,12
203,1.0,two_day,alt,0.11181640625,-6.171461785475654,-7.495271200952459,12,12
203,1.0,two_day,sharp,0.720703125,1.0239358864304784,-7.495271200952459,12,12
203,1.0,two_day,weak,0.61474609375,-2.2213508328917353,-7.495271200952459,12,12
203,1.0,two_day,weak_skew,0.91064453125,0.5838816883048329,-7.495271200952459,12,12
203,1.0,four_day,alt,0.03125,-5.678336476353311,-7.495271200952459,6,12
203,1.0,four_day,sharp,0.8125,0.31585650894870315,-7.495271200952459,6,12
203,1.0,four_day,weak,0.53125,3.106622529326272,-7.495271200952459,6,12
203,1.0,four_day,weak_skew,0.875,-0.6135385281419173,-7.495271200952459,6,12
204,1.0,daily,alt,0.4279144171165767,-1.7822580357516014,-6.027823634989183,12,12
204,1.0,daily,sharp,0.9904019196160768,0.019616855169213448,-6.027823634989183,12,12
204,1.0,daily,weak,0.21235752849430115,-2.7583830709905186,-6.027823634989183,12,12
204,1.0,daily,weak_skew,0.8694261147770446,0.5353269651039158,-6.027823634989183,12,12
204,1.0,two_day,alt,0.73046875,-0.8379604303478855,-6.027823634989183,12,12
204,1.0,two_day,sharp,0.09619140625,3.0066507636916384,-6.027823634989183,12,12
204,1.0,two_day,weak,0.29052734375,3.558732460032209,-6.027823634989183,12,12
204,1.0,two_day,weak_skew,0.51513671875,1.5151700945773936,-6.027823634989183,12,12
204,1.0,four_day,alt,0.125,-6.687522341933611,-6.027823634989183,6,12
204,1.0,four_day,sharp,0.34375,-2.560284811910327,-6.027823634989183,6,12
204,1.0,four_day,weak,0.3125,-3.8649115537853356,-6.027823634989183,6,12
204,1.0,four_day,weak_skew,0.09375,-5.091719040139523,-6.027823634989183,6,12
205,1.0,daily,alt,0.3629274145170966,-2.2045877466863595,-7.417762392253785,12,12
205,1.0,daily,sharp,0.45150969806038793,1.3607143251247624,-7.417762392253785,12,12
205,1.0,daily,weak,0.8666266746650669,0.6256409986044087,-7.417762392253785,12,12
205,1.0,daily,weak_skew,0.4205158968206359,3.369082821805547,-7.417762392253785,12,12
205,1.0,two_day,alt,0.248046875,-3.0772386287526565,-7.417762392253785,12,12
205,1.0,two_day,sharp,0.89208984375,0.2666341254078297,-7.417762392253785,12,12
205,1.0,two_day,weak,0.8330078125,-0.8263661086462731,-7.417762392253785,12,12
205,1.0,two_day,weak_skew,0.25146484375,4.62591032986631,-7.417762392253785,12,12
205,1.0,four_day,alt,0.09375,-5.876038258656082,-7.417762392253785,6,12
205,1.0,four_day,sharp,0.96875,-0.2582083102052633,-7.417762392253785,6,12
205,1.0,four_day,weak,0.6875,1.4198286529801603,-7.417762392253785,6,12
205,1.0,four_day,weak_skew,0.75,2.2202664699163877,-7.417762392253785,6,12
206,1.0,daily,alt,0.0003999200159968006,-8.711055110107308,-8.299370409047157,12,12
206,1.0,daily,sharp,0.20615876824635074,-2.6373240210637268,-8.299370409047157,12,12
206,1.0,daily,weak,0.5050989802039592,-2.162316675105831,-8.299370409047157,12,12
206,1.0,daily,weak_skew,0.5802839432113577,-2.091896414806048,-8.299370409047157,12,12
206,1.0,two_day,alt,0.06689453125,-3.991576535474493,-8.299370409047157,12,12
206,1.0,two_day,sharp,0.56787109375,1.065120994736984,-8.299370409047157,12,12
206,1.0,two_day,weak,0.30712890625,4.81888817353489,-8.299370409047157,12,12
206,1.0,two_day,weak_skew,0.5263671875,-2.0007818776434085,-8.299370409047157,12,12
206,1.0,four_day,alt,0.0625,-9.974619036386967,-8.299370409047157,6,12
206,1.0,four_day,sharp,0.34375,-3.6512395873201116,-8.299370409047157,6,12
206,1.0,four_day,weak,1.0,-0.2168401245686482,-8.299370409047157,6,12
206,1.0,four_day,weak_skew,0.3125,-5.222625807387927,-8.299370409047157,6,12
207,1.0,daily,alt,0.0057988402319536095,-6.200117423695829,-8.527799789098971,12,12
207,1.0,daily,sharp,0.45350929814037194,-1.0192928211531413,-8.527799789098971,12,12
207,1.0,daily,weak,0.32213557288542294,-3.1247749461770713,-8.527799789098971,12,12
207,1.0,daily,weak_skew,0.24075184963007398,4.256769307379309,-8.527799789098971,12,12
207,1.0,two_day,alt,0.01416015625,-8.807194053226507,-8.527799789098971,12,12
207,1.0,two_day,sharp,0.88037109375,-0.41457482768646337,-8.527799789098971,12,12
207,1.0,two_day,weak,0.7333984375,1.5920242501761024,-8.527799789098971,12,12
207,1.0,two_day,weak_skew,0.31396484375,3.390705239308284,-8.527799789098971,12,12
207,1.0,four_day,alt,0.5625,2.240985571252357,-8.527799789098971,6,12
207,1.0,four_day,sharp,0.0625,6.328287656110081,-8.527799789098971,6,12
207,1.0,four_day,weak,0.0625,8.025631689935002,-8.527799789098971,6,12
207,1.0,four_day,weak_skew,0.75,0.9809133565632967,-8.527799789098971,6,12
208,1.0,daily,alt,0.003199360127974405,-7.240068389489153,-11.878881743600154,12,12
208,1.0,daily,sharp,0.5010997800439912,-1.358943629525264,-11.878881743600154,12,12
208,1.0,daily,weak,0.07338532293541292,-4.4816587447306295,-11.878881743600154,12,12
208,1.0,daily,weak_skew,0.5784843031393722,-1.2689000888625876,-11.878881743600154,12,12
208,1.0,two_day,alt,0.0146484375,-6.663803123462139,-11.878881743600154,12,12
208,1.0,two_day,sharp,0.3818359375,2.6579520641466132,-11.878881743600154,12,12
208,1.0,two_day,weak,0.81494140625,1.1230384813061534,-11.878881743600154,12,12
208,1.0,two_day,weak_skew,0.1689453125,4.973865177774867,-11.878881743600154,12,12
208,1.0,four_day,alt,0.03125,-11.322201855278536,-11.878881743600154,6,12
208,1.0,four_day,sharp,1.0,0.12994647245946922,-11.878881743600154,6,12
208,1.0,four_day,weak,0.28125,4.091700656150639,-11.878881743600154,6,12
208,1.0,four_day,weak_skew,0.25,10.263595182735765,-11.878881743600154,6,12
209,1.0,daily,alt,0.11817636472705459,-3.2921823772997723,-4.91656423663192,12,12
209,1.0,daily,sharp,0.132373525294941,-1.6864960519127106,-4.91656423663192,12,12
209,1.0,daily,weak,0.16236752649470107,-4.237498317431531,-4.91656423663192,12,12
209,1.0,daily,weak_skew,0.003799240151969606,-5.258581176350134,-4.91656423663192,12,12
209,1.0,two_day,alt,0.91943359375,-0.2701281591765626,-4.91656423663192,12,12
209,1.0,two_day,sharp,0.23681640625,1.7719587993464259,-4.91656423663192,12,12
209,1.0,two_day,weak,0.14794921875,-5.150076934698376,-4.91656423663192,12,12
209,1.0,two_day,weak_skew,0.27734375,2.169615039694527,-4.91656423663192,12,12
209,1.0,four_day,alt,0.59375,-2.448677806134859,-4.91656423663192,6,12
209,1.0,four_day,sharp,0.96875,0.2967805412633216,-4.91656423663192,6,12
209,1.0,four_day,weak,0.4375,3.1847955178875758,-4.91656423663192,6,12
209,1.0,four_day,weak_skew,0.4375,5.073848827199362,-4.91656423663192,6,12
210,1.0,daily,alt,0.8460307938412317,0.9020419012393331,-8.912804576569563,12,12
210,1.0,daily,sharp,0.09618076384723055,5.6668612521906345,-8.912804576569563,12,12
210,1.0,daily,weak,0.20595880823835233,4.700956556056307,-8.912804576569563,12,12
210,1.0,daily,weak_skew,0.17136572685462909,4.907799475176645,-8.912804576569563,12,12
210,1.0,two_day,alt,0.88623046875,-0.8239121859746751,-8.912804576569563,12,12
210,1.0,two_day,sharp,0.34033203125,4.695227742681072,-8.912804576569563,12,12
210,1.0,two_day,weak,0.25927734375,6.429271996772016,-8.912804576569563,12,12
210,1.0,two_day,weak_skew,0.400390625,3.5502733159599753,-8.912804576569563,12,12
210,1.0,four_day,alt,0.125,-14.498540759171101,-8.912804576569563,6,12
210,1.0,four_day,sharp,0.28125,-7.15854777878243,-8.912804576569563,6,12
210,1.0,four_day,weak,0.3125,-9.076710908101981,-8.912804576569563,6,12
210,1.0,four_day,weak_skew,0.8125,-2.9447231228508257,-8.912804576569563,6,12
211,1.0,daily,alt,0.046590681863627276,7.075686573467195,-4.884450934207933,12,12
211,1.0,daily,sharp,0.001999600079984003,3.417317622015167,-4.884450934207933,12,12
211,1.0,daily,weak,0.2955408918216357,2.5011691437647214,-4.884450934207933,12,12
211,1.0,daily,weak_skew,0.2955408918216357,3.0947265636704753,-4.884450934207933,12,12
211,1.0,two_day,alt,0.2294921875,-5.380311322650342,-4.884450934207933,12,12
211,1.0,two_day,sharp,0.18212890625,-3.26366876945071,-4.884450934207933,12,12
211,1.0,two_day,weak,0.21728515625,-3.178255640728534,-4.884450934207933,12,12
211,1.0,two_day,weak_skew,0.06689453125,-6.162404316268969,-4.884450934207933,12,12
211,1.0,four_day,alt,0.125,-7.818705493069803,-4.884450934207933,6,12
211,1.0,four_day,sharp,0.46875,-3.6669695499842128,-4.884450934207933,6,12
211,1.0,four_day,weak,0.03125,-8.183115603122586,-4.884450934207933,6,12
211,1.0,four_day,weak_skew,0.46875,-4.100846698252294,-4.884450934207933,6,12
212,1.0,daily,alt,0.021595680863827234,-7.851636805372348,-4.285293764654611,12,12
212,1.0,daily,sharp,0.9692061587682463,-0.17363343801029352,-4.285293764654611,12,12
212,1.0,daily,weak,0.7100579884023195,-1.7267550298800678,-4.285293764654611,12,12
212,1.0,daily,weak_skew,0.8250349930013997,-0.8943587424608257,-4.285293764654611,12,12
212,1.0,two_day,alt,0.5390625,-2.1112828660799643,-4.285293764654611,12,12
212,1.0,two_day,sharp,0.677734375,-1.3094122296479682,-4.285293764654611,12,12
212,1.0,two_day,weak,0.7431640625,-1.1415221477614867,-4.285293764654611,12,12
212,1.0,two_day,weak_skew,0.84130859375,-0.7875474993847108,-4.285293764654611,12,12
212,1.0,four_day,alt,0.03125,-12.069812198660552,-4.285293764654611,6,12
212,1.0,four_day,sharp,0.46875,-2.458849398722492,-4.285293764654611,6,12
212,1.0,four_day,weak,0.5,-5.067573570434632,-4.285293764654611,6,12
212,1.0,four_day,weak_skew,0.75,2.9983160216274265,-4.285293764654611,6,12
213,1.0,daily,alt,0.864627074585083,0.5357193790946795,-7.065129442563922,12,12
213,1.0,daily,sharp,0.33153369326134774,2.1317264434447414,-7.065129442563922,12,12
213,1.0,daily,weak,0.7536492701459708,-1.0719736859913507,-7.065129442563922,12,12
213,1.0,daily,weak_skew,0.10677864427114576,4.985273321304548,-7.065129442563922,12,12
213,1.0,two_day,alt,0.68994140625,-1.1921084608487806,-7.065129442563922,12,12
213,1.0,two_day,sharp,0.29541015625,2.627054920538892,-7.065129442563922,12,12
213,1.0,two_day,weak,0.17333984375,4.7191735938404635,-7.065129442563922,12,12
213,1.0,two_day,weak_skew,0.15283203125,3.168922654775825,-7.065129442563922,12,12
213,1.0,four_day,alt,0.09375,-7.243638359376077,-7.065129442563922,6,12
213,1.0,four_day,sharp,0.90625,-0.6395042235318229,-7.065129442563922,6,12
213,1.0,four_day,weak,0.28125,-3.679163734078152,-7.065129442563922,6,12
213,1.0,four_day,weak_skew,0.34375,-4.731237753386864,-7.065129442563922,6,12
214,1.0,daily,alt,0.4869026194761048,2.719113775503883,-3.4484876264861555,12,12
214,1.0,daily,sharp,0.09258148370325935,3.913771784011693,-3.4484876264861555,12,12
214,1.0,daily,weak,0.28394321135772843,3.229549285966551,-3.4484876264861555,12,12
214,1.0,daily,weak_skew,0.16776644671065788,3.5967357313257273,-3.4484876264861555,12,12
214,1.0,two_day,alt,0.068359375,-5.732409249068179,-3.4484876264861555,12,12
214,1.0,two_day,sharp,0.05419921875,-5.430353704541663,-3.4484876264861555,12,12
214,1.0,two_day,weak,0.1455078125,-6.450302501788815,-3.4484876264861555,12,12
214,1.0,two_day,weak_skew,0.021484375,-8.144798694996075,-3.4484876264861555,12,12
214,1.0,four_day,alt,0.78125,-1.2449266317160148,-3.4484876264861555,6,12
214,1.0,four_day,sharp,0.5625,1.9323170058731154,-3.4484876264861555,6,12
214,1.0,four_day,weak,0.78125,-1.2791079709161117,-3.4484876264861555,6,12
214,1.0,four_day,weak_skew,0.375,5.000956480471615,-3.4484876264861555,6,12
215,1.0,daily,alt,0.015796840631873626,-8.331368598911366,-7.959081661334963,12,12
215,1.0,daily,sharp,0.3163367326534693,-2.982560172067789,-7.959081661334963,12,12
215,1.0,daily,weak,0.0625874825034993,-5.968832384988869,-7.959081661334963,12,12
215,1.0,daily,weak_skew,0.6972605478904219,-1.4728774967549743,-7.959081661334963,12,12
215,1.0,two_day,alt,0.1953125,-3.189037074591654,-7.959081661334963,12,12
215,1.0,two_day,sharp,0.3779296875,1.773008196738567,-7.959081661334963,12,12
215,1.0,two_day,weak,0.60791015625,-1.5592759609049907,-7.959081661334963,12,12
215,1.0,two_day,weak_skew,0.48388671875,2.5908605789816033,-7.959081661334963,12,12
215,1.0,four_day,alt,0.125,-6.7161235696709936,-7.959081661334963,6,12
215,1.0,four_day,sharp,0.96875,0.015143113533403843,-7.959081661334963,6,12
215,1.0,four_day,weak,0.40625,-4.672619073707825,-7.959081661334963,6,12
215,1.0,four_day,weak_skew,0.5625,1.6782812740512618,-7.959081661334963,6,12
216,1.0,daily,alt,0.14357128574285144,6.634757578188321,-5.41738617032793,12,12
216,1.0,daily,sharp,0.046790641871625675,5.168660002796742,-5.41738617032793,12,12
216,1.0,daily,weak,0.17556488702259548,3.742113178658205,-5.41738617032793,12,12
216,1.0,daily,weak_skew,0.1245750849830034,4.210335311099997,-5.41738617032793,12,12
216,1.0,two_day,alt,0.04443359375,-6.969539022564537,-5.41738617032793,12,12
216,1.0,two_day,sharp,0.1376953125,-3.8980805060645025,-5.41738617032793,12,12
216,1.0,two_day,weak,0.41748046875,-4.024641530904854,-5.41738617032793,12,12
216,1.0,two_day,weak_skew,0.07861328125,-5.138806731962167,-5.41738617032793,12,12
216,1.0,four_day,alt,0.40625,-8.379532421257977,-5.41738617032793,6,12
216,1.0,four_day,sharp,0.3125,-6.377615045384135,-5.41738617032793,6,12
216,1.0,four_day,weak,0.625,-4.959154660725247,-5.41738617032793,6,12
216,1.0,four_day,weak_skew,0.125,-9.31528553934926,-5.41738617032793,6,12
217,1.0,daily,alt,0.027194561087782444,-9.08267781234347,-6.254125950182811,12,12
217,1.0,daily,sharp,0.05818836232753449,-7.0091394057711796,-6.254125950182811,12,12
217,1.0,daily,weak,0.03419316136772645,-9.336001270771106,-6.254125950182811,12,12
217,1.0,daily,weak_skew,0.07698460307938412,-8.537952525492337,-6.254125950182811,12,12
217,1.0,two_day,alt,0.20361328125,6.924838133870428,-6.254125950182811,12,12
217,1.0,two_day,sharp,0.03515625,9.343826473189617,-6.254125950182811,12,12
217,1.0,two_day,weak,0.09375,9.568643438341786,-6.254125950182811,12,12
217,1.0,two_day,weak_skew,0.076171875,8.558117726981264,-6.254125950182811,12,12
217,1.0,four_day,alt,1.0,-0.04670165805141598,-6.254125950182811,6,12
217,1.0,four_day,sharp,0.6875,2.6001139825127146,-6.254125950182811,6,12
217,1.0,four_day,weak,0.6875,2.199156775590717,-6.254125950182811,6,12
217,1.0,four_day,weak_skew,0.46875,3.1569279745385033,-6.254125950182811,6,12
218,1.0,daily,alt,0.6436712657468506,-2.032501414482484,-7.877826251056256,12,12
218,1.0,daily,sharp,0.13537292541491702,3.5323245900462137,-7.877826251056256,12,12
218,1.0,daily,weak,0.3437312537492502,2.9121527664367406,-7.877826251056256,12,12
218,1.0,daily,weak_skew,0.1339732053589282,4.656767936424653,-7.877826251056256,12,12
218,1.0,two_day,alt,0.33837890625,-3.493689224566562,-7.877826251056256,12,12
218,1.0,two_day,sharp,0.54296875,2.223163741321461,-7.877826251056256,12,12
218,1.0,two_day,weak,0.8857421875,-0.6686197279416302,-7.877826251056256,12,12
218,1.0,two_day,weak_skew,0.19580078125,5.273670505682403,-7.877826251056256,12,12
218,1.0,four_day,alt,0.40625,-3.9782975675324734,-7.877826251056256,6,12
218,1.0,four_day,sharp,0.40625,5.184175009194097,-7.877826251056256,6,12
218,1.0,four_day,weak,0.40625,5.300428962435025,-7.877826251056256,6,12
218,1.0,four_day,weak_skew,0.46875,2.5857690888865363,-7.877826251056256,6,12
219,1.0,daily,alt,0.590881823635273,-1.6609417063766472,-6.783813036753656,12,12
219,1.0,daily,sharp,0.47490501899620075,1.7884198939465648,-6.783813036753656,12,12
219,1.0,daily,weak,0.44671065786842634,1.6683870294506307,-6.783813036753656,12,12
219,1.0,daily,weak_skew,0.8820235952809438,0.58409695309038,-6.783813036753656,12,12
219,1.0,two_day,alt,0.58642578125,-2.809379680268956,-6.783813036753656,12,12
219,1.0,two_day,sharp,0.71044921875,2.1606691817389727,-6.783813036753656,12,12
219,1.0,two_day,weak,0.62841796875,1.9125872404636866,-6.783813036753656,12,12
219,1.0,two_day,weak_skew,0.8447265625,0.9795379233920597,-6.783813036753656,12,12
219,1.0,four_day,alt,0.15625,-3.735239743110965,-6.783813036753656,6,12
219,1.0,four_day,sharp,0.25,2.1464247839235853,-6.783813036753656,6,12
219,1.0,four_day,weak,0.09375,5.568329805641512,-6.783813036753656,6,12
219,1.0,four_day,weak_skew,1.0,-0.03558947677931101,-6.783813036753656,6,12
220,1.0,daily,alt,0.38752249550089984,-1.9577567053904705,-3.258049182350149,12,12
220,1.0,daily,sharp,0.7236552689462108,-0.4104605649411823,-3.258049182350149,12,12
220,1.0,daily,weak,0.5614877024595081,-1.5532442057990579,-3.258049182350149,12,12
220,1.0,daily,weak_skew,0.22015596880623875,-2.7207677637849037,-3.258049182350149,12,12
220,1.0,two_day,alt,0.65673828125,-1.3035130645577375,-3.258049182350149,12,12
220,1.0,two_day,sharp,0.48828125,-0.9207749695622306,-3.258049182350149,12,12
220,1.0,two_day,weak,0.13427734375,-4.004864453233452,-3.258049182350149,12,12
220,1.0,two_day,weak_skew,0.9814453125,0.0840212680290507,-3.258049182350149,12,12
220,1.0,four_day,alt,0.03125,-12.574703516989937,-3.258049182350149,6,12
220,1.0,four_day,sharp,0.15625,-5.599367187681138,-3.258049182350149,6,12
220,1.0,four_day,weak,0.40625,-5.930871216715455,-3.258049182350149,6,12
220,1.0,four_day,weak_skew,0.5,-2.3467644902230647,-3.258049182350149,6,12
221,1.0,daily,alt,0.6496700659868027,-1.0599279999802664,-9.047337472330916,12,12
221,1.0,daily,sharp,0.033393321335732855,5.307721848003264,-9.047337472330916,12,12
221,1.0,daily,weak,0.16296740651869626,4.920955807953955,-9.047337472330916,12,12
221,1.0,daily,weak_skew,0.1255748850229954,4.404655291268174,-9.047337472330916,12,12
221,1.0,two_day,alt,0.00048828125,-13.45203653364081,-9.047337472330916,12,12
221,1.0,two_day,sharp,0.00048828125,-7.149875755478889,-9.047337472330916,12,12
221,1.0,two_day,weak,0.04296875,-8.124900166166016,-9.047337472330916,12,12
221,1.0,two_day,weak_skew,0.0068359375,-9.994604664200855,-9.047337472330916,12,12
221,1.0,four_day,alt,0.125,-9.173460664547763,-9.047337472330916,6,12
221,1.0,four_day,sharp,0.5,-1.6876400337962199,-9.047337472330916,6,12
221,1.0,four_day,weak,0.78125,1.4610142488343538,-9.047337472330916,6,12
221,1.0,four_day,weak_skew,0.03125,-7.733146034945527,-9.047337472330916,6,12
222,1.0,daily,alt,0.28854229154169164,-2.2829190770527017,-6.396048894530907,12,12
222,1.0,daily,sharp,0.118376324735053,2.2690888473616817,-6.396048894530907,12,12
222,1.0,daily,weak,0.028194361127774445,4.117495994540419,-6.396048894530907,12,12
222,1.0,daily,weak_skew,0.8110377924415118,0.43821052493895846,-6.396048894530907,12,12
222,1.0,two_day,alt,0.06982421875,-6.86628520158528,-6.396048894530907,12,12
222,1.0,two_day,sharp,0.3857421875,-2.1044417555044816,-6.396048894530907,12,12
222,1.0,two_day,weak,0.18505859375,-3.9301496225905623,-6.396048894530907,12,12
222,1.0,two_day,weak_skew,0.87158203125,0.7776707970571314,-6.396048894530907,12,12
222,1.0,four_day,alt,0.59375,-1.979901310996489,-6.396048894530907,6,12
222,1.0,four_day,sharp,0.3125,2.304331266669093,-6.396048894530907,6,12
222,1.0,four_day,weak,0.59375,-2.1518550849218543,-6.396048894530907,6,12
222,1.0,four_day,weak_skew,0.34375,-2.034367543639403,-6.396048894530907,6,12
223,1.0,daily,alt,0.0007998400319936012,-5.9645858934189775,-6.9779907921967705,12,12
223,1.0,daily,sharp,0.0687862427514497,-2.18092589938489,-6.9779907921967705,12,12
223,1.0,daily,weak,0.6074785042991402,0.920557684949113,-6.9779907921967705,12,12
223,1.0,daily,weak_skew,0.47390521895620874,2.2391049948914663,-6.9779907921967705,12,12
223,1.0,two_day,alt,0.12158203125,-5.285984878638161,-6.9779907921967705,12,12
223,1.0,two_day,sharp,0.44580078125,-2.011925025492561,-6.9779907921967705,12,12
223,1.0,two_day,weak,0.68896484375,1.3129504678091486,-6.9779907921967705,12,12
223,1.0,two_day,weak_skew,0.0947265625,-4.971193630906501,-6.9779907921967705,12,12
223,1.0,four_day,alt,0.125,-6.025514650585912,-6.9779907921967705,6,12
223,1.0,four_day,sharp,0.4375,-2.8924133737300117,-6.9779907921967705,6,12
223,1.0,four_day,weak,0.6875,-2.9129308467323596,-6.9779907921967705,6,12
223,1.0,four_day,weak_skew,0.375,-5.466191314842494,-6.9779907921967705,6,12
224,1.0,daily,alt,0.9156168766246751,-0.6249596835721482,-7.51537841076167,12,12
224,1.0,daily,sharp,0.8926214757048591,-0.2956901760766488,-7.51537841076167,12,12
224,1.0,daily,weak,0.6472705458908218,1.5243595728535837,-7.51537841076167,12,12
224,1.0,daily,weak_skew,0.7778444311137772,-0.8519519804320232,-7.51537841076167,12,12
224,1.0,two_day,alt,0.42138671875,-4.813616107081962,-7.51537841076167,12,12
224,1.0,two_day,sharp,0.947265625,-0.19238306745388437,-7.51537841076167,12,12
224,1.0,two_day,weak,0.341796875,2.988294504368938,-7.51537841076167,12,12
224,1.0,two_day,weak_skew,0.3525390625,4.816534038493033,-7.51537841076167,12,12
224,1.0,four_day,alt,0.03125,-9.144200102148815,-7.51537841076167,6,12
224,1.0,four_day,sharp,0.34375,-2.894181430339355,-7.51537841076167,6,12
224,1.0,four_day,weak,0.625,2.363504063406127,-7.51537841076167,6,12
224,1.0,four_day,weak_skew,0.03125,-8.790802958087268,-7.51537841076167,6,12
225,1.0,daily,alt,0.009398120375924815,-9.854757133869116,-7.876044503347444,12,12
225,1.0,daily,sharp,0.38552289542091583,-2.7922235947158316,-7.876044503347444,12,12
225,1.0,daily,weak,0.8194361127774445,-0.7602772029295183,-7.876044503347444,12,12
225,1.0,daily,weak_skew,0.6714657068586283,-1.170784768971819,-7.876044503347444,12,12
225,1.0,two_day,alt,0.02490234375,-7.5882423640736825,-7.876044503347444,12,12
225,1.0,two_day,sharp,0.50537109375,-1.8288543851105423,-7.876044503347444,12,12
225,1.0,two_day,weak,0.8505859375,0.6246246595045388,-7.876044503347444,12,12
225,1.0,two_day,weak_skew,0.05615234375,-5.660779717060791,-7.876044503347444,12,12
225,1.0,four_day,alt,0.03125,-8.47383427583623,-7.876044503347444,6,12
225,1.0,four_day,sharp,0.75,-0.9020835165747426,-7.876044503347444,6,12
225,1.0,four_day,weak,0.375,2.310809518424653,-7.876044503347444,6,12
225,1.0,four_day,weak_skew,0.46875,-3.0493494630803553,-7.876044503347444,6,12
226,1.0,daily,alt,0.6700659868026395,-1.0238689421548102,-3.106424464707459,12,12
226,1.0,daily,sharp,0.5982803439312138,-0.9273873784912787,-3.106424464707459,12,12
226,1.0,daily,weak,0.05798840231953609,-4.224979115600321,-3.106424464707459,12,12
226,1.0,daily,weak_skew,0.6242751449710058,-1.3202904818678487,-3.106424464707459,12,12
226,1.0,two_day,alt,0.05615234375,-6.810357033605314,-3.106424464707459,12,12
226,1.0,two_day,sharp,0.0341796875,-3.9798894638252076,-3.106424464707459,12,12
226,1.0,two_day,weak,0.26025390625,-3.166143556709716,-3.106424464707459,12,12
226,1.0,two_day,weak_skew,0.41748046875,-2.286314327996648,-3.106424464707459,12,12
226,1.0,four_day,alt,0.625,3.160167823766065,-3.106424464707459,6,12
226,1.0,four_day,sharp,0.21875,5.008201138456594,-3.106424464707459,6,12
226,1.0,four_day,weak,0.5,4.58057390806255,-3.106424464707459,6,12
226,1.0,four_day,weak_skew,0.125,6.615885997861034,-3.106424464707459,6,12
227,1.0,daily,alt,0.6392721455708859,-1.466082650883246,-5.647777614969598,12,12
227,1.0,daily,sharp,0.6426714657068586,-1.0753954608800977,-5.647777614969598,12,12
227,1.0,daily,weak,0.76124775044991,-1.0014312797639622,-5.647777614969598,12,12
227,1.0,daily,weak_skew,0.8104379124175165,-0.5551890095677662,-5.647777614969598,12,12
227,1.0,two_day,alt,0.80810546875,-0.7921449411201209,-5.647777614969598,12,12
227,1.0,two_day,sharp,0.75341796875,0.5724962829919763,-5.647777614969598,12,12
227,1.0,two_day,weak,0.125,5.103058201811742,-5.647777614969598,12,12
227,1.0,two_day,weak_skew,0.26416015625,4.158748080433059,-5.647777614969598,12,12
227,1.0,four_day,alt,0.25,-3.1559664297077297,-5.647777614969598,6,12
227,1.0,four_day,sharp,1.0,-0.06479140139916595,-5.647777614969598,6,12
227,1.0,four_day,weak,0.71875,2.2109917999435673,-5.647777614969598,6,12
227,1.0,four_day,weak_skew,0.96875,0.18480759878370043,-5.647777614969598,6,12
228,1.0,daily,alt,0.6094781043791242,2.610103663767703,-7.433233942066828,12,12
228,1.0,daily,sharp,0.254749050189962,2.7038459832308974,-7.433233942066828,12,12
228,1.0,daily,weak,0.28134373125374923,3.1426593831181027,-7.433233942066828,12,12
228,1.0,daily,weak_skew,0.1857628474305139,4.426280518174738,-7.433233942066828,12,12
228,1.0,two_day,alt,0.17529296875,-5.439326494782843,-7.433233942066828,12,12
228,1.0,two_day,sharp,0.66064453125,-1.7136425177258967,-7.433233942066828,12,12
228,1.0,two_day,weak,0.56640625,-2.838836918788988,-7.433233942066828,12,12
228,1.0,two_day,weak_skew,0.75732421875,-1.4412918223691087,-7.433233942066828,12,12
228,1.0,four_day,alt,0.28125,-6.688278580456683,-7.433233942066828,6,12
228,1.0,four_day,sharp,0.90625,-0.6899339237437516,-7.433233942066828,6,12
228,1.0,four_day,weak,0.96875,-2.681166782751854,-7.433233942066828,6,12
228,1.0,four_day,weak_skew,0.71875,-3.321306027640656,-7.433233942066828,6,12
229,1.0,daily,alt,0.05318936212757448,-6.967379500190681,-7.187375541030875,12,12
229,1.0,daily,sharp,0.4537092581483703,-2.156035712477774,-7.187375541030875,12,12
229,1.0,daily,weak,0.7906418716256749,1.1273330202197787,-7.187375541030875,12,12
229,1.0,daily,weak_skew,0.2465506898620276,-3.581974331920534,-7.187375541030875,12,12
229,1.0,two_day,alt,0.12646484375,-4.551785031746865,-7.187375541030875,12,12
229,1.0,two_day,sharp,0.7587890625,0.6685790887389386,-7.187375541030875,12,12
229,1.0,two_day,weak,0.62841796875,1.4294132351280606,-7.187375541030875,12,12
229,1.0,two_day,weak_skew,0.75048828125,1.2414586381806452,-7.187375541030875,12,12
229,1.0,four_day,alt,0.28125,-5.700743460778097,-7.187375541030875,6,12
229,1.0,four_day,sharp,0.59375,-1.7205906427863649,-7.187375541030875,6,12
229,1.0,four_day,weak,0.75,-0.801399205152169,-7.187375541030875,6,12
229,1.0,four_day,weak_skew,0.375,-2.8074719383560285,-7.187375541030875,6,12
230,1.0,daily,alt,0.6880623875224955,0.8329889129680167,-6.450440163712898,12,12
230,1.0,daily,sharp,0.28594281143771244,2.177949949031697,-6.450440163712898,12,12
230,1.0,daily,weak,0.9914017196560688,0.023611861929978772,-6.450440163712898,12,12
230,1.0,daily,weak_skew,0.646870625874825,1.1988611851551052,-6.450440163712898,12,12
230,1.0,two_day,alt,0.4990234375,-3.248793582963477,-6.450440163712898,12,12
230,1.0,two_day,sharp,0.9052734375,-0.4384746122234233,-6.450440163712898,12,12
230,1.0,two_day,weak,0.7734375,1.2243993916988891,-6.450440163712898,12,12
230,1.0,two_day,weak_skew,0.42626953125,-3.298264382630272,-6.450440163712898,12,12
230,1.0,four_day,alt,0.03125,-11.133242765545667,-6.450440163712898,6,12
230,1.0,four_day,sharp,0.125,-5.957500843792066,-6.450440163712898,6,12
230,1.0,four_day,weak,0.3125,-5.4156139403347145,-6.450440163712898,6,12
230,1.0,four_day,weak_skew,0.40625,-4.387132279275125,-6.450440163712898,6,12
231,1.0,daily,alt,0.9260147970405919,0.4325876072249013,-5.764394215814036,12,12
231,1.0,daily,sharp,0.14657068586282743,-2.079421038740227,-5.764394215814036,12,12
231,1.0,daily,weak,0.855628874225155,-0.5716585899808037,-5.764394215814036,12,12
231,1.0,daily,weak_skew,0.9922015596880623,-0.03228663363531936,-5.764394215814036,12,12
231,1.0,two_day,alt,0.43701171875,-2.303484459281602,-5.764394215814036,12,12
231,1.0,two_day,sharp,0.6240234375,-0.8303326600617241,-5.764394215814036,12,12
231,1.0,two_day,weak,0.43603515625,-2.2688985940110054,-5.764394215814036,12,12
231,1.0,two_day,weak_skew,0.216796875,-2.6202849835057282,-5.764394215814036,12,12
231,1.0,four_day,alt,0.71875,2.5508160314935764,-5.764394215814036,6,12
231,1.0,four_day,sharp,0.59375,2.841711447723076,-5.764394215814036,6,12
231,1.0,four_day,weak,0.15625,10.178061154534884,-5.764394215814036,6,12
231,1.0,four_day,weak_skew,0.8125,0.7352414538553257,-5.764394215814036,6,12
232,1.0,daily,alt,0.14117176564687062,-3.7713455695345783,-8.102744128149965,12,12
232,1.0,daily,sharp,0.749250149970006,0.597201350668015,-8.102744128149965,12,12
232,1.0,daily,weak,0.6692661467706459,-1.2126736326502414,-8.102744128149965,12,12
232,1.0,daily,weak_skew,0.23795240951809637,2.663225373029507,-8.102744128149965,12,12
232,1.0,two_day,alt,0.02001953125,-5.912499569185883,-8.102744128149965,12,12
232,1.0,two_day,sharp,0.6533203125,-1.131026236509797,-8.102744128149965,12,12
232,1.0,two_day,weak,0.87890625,0.693892229861356,-8.102744128149965,12,12
232,1.0,two_day,weak_skew,0.3251953125,-3.735699690037848,-8.102744128149965,12,12
232,1.0,four_day,alt,0.125,-8.960637122709661,-8.102744128149965,6,12
232,1.0,four_day,sharp,0.5,-2.330809739527067,-8.102744128149965,6,12
232,1.0,four_day,weak,0.125,-5.98881977513433,-8.102744128149965,6,12
232,1.0,four_day,weak_skew,0.3125,-5.062522277535602,-8.102744128149965,6,12
233,1.0,daily,alt,0.4251149770045991,-2.465657707011431,-7.926642593580496,12,12
233,1.0,daily,sharp,0.615876824635073,1.2610260033696143,-7.926642593580496,12,12
233,1.0,daily,weak,0.7784443111377725,0.8825567720983946,-7.926642593580496,12,12
233,1.0,daily,weak_skew,0.7798440311937612,-0.831527461511266,-7.926642593580496,12,12
233,1.0,two_day,alt,0.00341796875,-7.841232940286481,-7.926642593580496,12,12
233,1.0,two_day,sharp,0.13671875,-2.471583194621177,-7.926642593580496,12,12
233,1.0,two_day,weak,0.47119140625,-2.14583487779149,-7.926642593580496,12,12
233,1.0,two_day,weak_skew,0.05859375,-4.055023038421498,-7.926642593580496,12,12
233,1.0,four_day,alt,0.0625,-7.339246696197509,-7.926642593580496,6,12
233,1.0,four_day,sharp,0.3125,-1.5786564532752732,-7.926642593580496,6,12
233,1.0,four_day,weak,0.90625,-0.8199981868396419,-7.926642593580496,6,12
233,1.0,four_day,weak_skew,0.8125,1.0987665493632381,-7.926642593580496,6,12
234,1.0,daily,alt,0.012397520495900819,-3.742201624407031,-6.537447384279041,12,12
234,1.0,daily,sharp,0.8998200359928015,0.13898459385225928,-6.537447384279041,12,12
234,1.0,daily,weak,0.7786442711457708,-0.7429491639480297,-6.537447384279041,12,12
234,1.0,daily,weak_skew,0.46130773845230955,-1.455751646285563,-6.537447384279041,12,12
234,1.0,two_day,alt,0.07666015625,-4.5348916202859355,-6.537447384279041,12,12
234,1.0,two_day,sharp,0.703125,-0.7525209309882618,-6.537447384279041,12,12
234,1.0,two_day,weak,0.4794921875,-2.505539672511506,-6.537447384279041,12,12
234,1.0,two_day,weak_skew,0.40673828125,-2.641206160439871,-6.537447384279041,12,12
234,1.0,four_day,alt,0.5625,-2.9413830165067303,-6.537447384279041,6,12
234,1.0,four_day,sharp,0.78125,1.2455134687934286,-6.537447384279041,6,12
234,1.0,four_day,weak,0.8125,-0.7756897317164922,-6.537447384279041,6,12
234,1.0,four_day,weak_skew,0.875,0.9091220765270632,-6.537447384279041,6,12
235,1.0,daily,alt,0.08778244351129774,-4.481185004796955,-9.79661074303182,12,12
235,1.0,daily,sharp,0.3379324135172965,2.350633094785209,-9.79661074303182,12,12
235,1.0,daily,weak,0.3525294941011798,3.371896413827685,-9.79661074303182,12,12
235,1.0,daily,weak_skew,0.8384323135372925,0.5858331793996729,-9.79661074303182,12,12
235,1.0,two_day,alt,0.04150390625,-8.713890314034112,-9.79661074303182,12,12
235,1.0,two_day,sharp,0.39697265625,-2.9209321347350876,-9.79661074303182,12,12
235,1.0,two_day,weak,0.640625,-1.8145912576935472,-9.79661074303182,12,12
235,1.0,two_day,weak_skew,0.759765625,-1.2864313103468301,-9.79661074303182,12,12
235,1.0,four_day,alt,0.0625,-9.530021975008006,-9.79661074303182,6,12
235,1.0,four_day,sharp,0.8125,-0.9194991426555141,-9.79661074303182,6,12
235,1.0,four_day,weak,0.09375,-6.432329194921533,-9.79661074303182,6,12
235,1.0,four_day,weak_skew,0.5625,2.412985302493368,-9.79661074303182,6,12
236,1.0,daily,alt,0.5124975004999001,-1.9092683405279836,-7.637559508137194,12,12
236,1.0,daily,sharp,0.6550689862027594,0.40346604012069953,-7.637559508137194,12,12
236,1.0,daily,weak,0.5500899820035993,1.1531939259492194,-7.637559508137194,12,12
236,1.0,daily,weak_skew,0.6516696660667867,-0.9116504258923707,-7.637559508137194,12,12
236,1.0,two_day,alt,0.90625,0.3719901267241828,-7.637559508137194,12,12
236,1.0,two_day,sharp,0.63818359375,0.773377612302717,-7.637559508137194,12,12
236,1.0,two_day,weak,0.185546875,4.675588263011711,-7.637559508137194,12,12
236,1.0,two_day,weak_skew,0.93505859375,-0.20149545410991956,-7.637559508137194,12,12
236,1.0,four_day,alt,0.78125,-1.2573525177975935,-7.637559508137194,6,12
236,1.0,four_day,sharp,0.53125,2.185623969149836,-7.637559508137194,6,12
236,1.0,four_day,weak,0.09375,4.8750832330392875,-7.637559508137194,6,12
236,1.0,four_day,weak_skew,1.0,-0.12143980869681315,-7.637559508137194,6,12
237,1.0,daily,alt,0.016196760647870425,-5.494829811307267,-8.941958562276263,12,12
237,1.0,daily,sharp,0.8926214757048591,0.2694016908865369,-8.941958562276263,12,12
237,1.0,daily,weak,0.7788442311537692,0.6518150819101519,-8.941958562276263,12,12
237,1.0,daily,weak_skew,0.4913017396520696,-1.900877948512795,-8.941958562276263,12,12
237,1.0,two_day,alt,0.12939453125,-5.6347843276555905,-8.941958562276263,12,12
237,1.0,two_day,sharp,0.96337890625,0.16632446789757496,-8.941958562276263,12,12
237,1.0,two_day,weak,0.599609375,2.2117394649206297,-8.941958562276263,12,12
237,1.0,two_day,weak_skew,0.5302734375,-2.5837965980319457,-8.941958562276263,12,12
237,1.0,four_day,alt,0.03125,-7.703041578873031,-8.941958562276263,6,12
237,1.0,four_day,sharp,1.0,0.07138082072610412,-8.941958562276263,6,12
237,1.0,four_day,weak,0.75,1.8252997540008913,-8.941958562276263,6,12
237,1.0,four_day,weak_skew,0.09375,-3.8819333939189917,-8.941958562276263,6,12
238,1.0,daily,alt,0.7080583883223356,0.9466204186047639,-5.1822293774693975,12,12
238,1.0,daily,sharp,0.49510097980403917,1.0640274740404376,-5.1822293774693975,12,12
238,1.0,daily,weak,0.4777044591081784,2.0975394861054864,-5.1822293774693975,12,12
238,1.0,daily,weak_skew,0.8400319936012798,0.4365763411780244,-5.1822293774693975,12,12
238,1.0,two_day,alt,0.1923828125,-5.020489021371947,-5.1822293774693975,12,12
238,1.0,two_day,sharp,0.85693359375,-0.4103583687056626,-5.1822293774693975,12,12
238,1.0,two_day,weak,0.8828125,-0.5619196078720338,-5.1822293774693975,12,12
238,1.0,two_day,weak_skew,0.9560546875,-0.20259605452502782,-5.1822293774693975,12,12
238,1.0,four_day,alt,0.59375,-1.9950675205119406,-5.1822293774693975,6,12
238,1.0,four_day,sharp,0.875,0.43823520311605196,-5.1822293774693975,6,12
238,1.0,four_day,weak,0.25,4.856959425051838,-5.1822293774693975,6,12
238,1.0,four_day,weak_skew,0.1875,-4.79999363131762,-5.1822293774693975,6,12
239,1.0,daily,alt,0.20055988802239552,-3.907129190520673,-8.573027451847658,12,12
239,1.0,daily,sharp,0.36172765446910615,-1.2520937001317307,-8.573027451847658,12,12
239,1.0,daily,weak,0.14217156568686262,-3.4796664669728785,-8.573027451847658,12,12
239,1.0,daily,weak_skew,0.6564687062587482,-1.0826375012124398,-8.573027451847658,12,12
239,1.0,two_day,alt,0.02783203125,-5.984747982538328,-8.573027451847658,12,12
239,1.0,two_day,sharp,0.73486328125,-0.5466057727919195,-8.573027451847658,12,12
239,1.0,two_day,weak,0.7705078125,-0.8822854048215772,-8.573027451847658,12,12
239,1.0,two_day,weak_skew,0.85986328125,-0.5401104850435292,-8.573027451847658,12,12
239,1.0,four_day,alt,0.03125,-4.305566308752193,-8.573027451847658,6,12
239,1.0,four_day,sharp,0.09375,2.2847950148851766,-8.573027451847658,6,12
239,1.0,four_day,weak,0.71875,-1.4131761773707758,-8.573027451847658,6,12
239,1.0,four_day,weak_skew,0.75,-0.6680417560066493,-8.573027451847658,6,12
240,1.0,daily,alt,0.6170765846830634,-1.6306512009002407,-6.730167797525063,12,12
240,1.0,daily,sharp,0.8614277144571085,0.3616869315642048,-6.730167797525063,12,12
240,1.0,daily,weak,0.9840031993601279,0.04654262262690404,-6.730167797525063,12,12
240,1.0,daily,weak_skew,0.6324735052989402,-0.8381258852966896,-6.730167797525063,12,12
240,1.0,two_day,alt,0.021484375,-5.754601720060312,-6.730167797525063,12,12
240,1.0,two_day,sharp,0.94921875,-0.1833597225734008,-6.730167797525063,12,12
240,1.0,two_day,weak,0.4755859375,-2.28324920667651,-6.730167797525063,12,12
240,1.0,two_day,weak_skew,0.638671875,-0.9478836412045938,-6.730167797525063,12,12
240,1.0,four_day,alt,0.15625,-5.853267232345658,-6.730167797525063,6,12
240,1.0,four_day,sharp,0.625,-1.4753953678200145,-6.730167797525063,6,12
240,1.0,four_day,weak,0.40625,-4.685719490716992,-6.730167797525063,6,12
240,1.0,four_day,weak_skew,0.15625,-2.4831515852015578,-6.730167797525063,6,12
241,1.0,daily,alt,0.015196960607878424,-3.586154580371986,-4.812984546234645,12,12
241,1.0,daily,sharp,0.27754449110177964,-1.5256666504227525,-4.812984546234645,12,12
241,1.0,daily,weak,0.768246350729854,-0.8520187580934557,-4.812984546234645,12,12
241,1.0,daily,weak_skew,0.9426114777044591,-0.2199599946300642,-4.812984546234645,12,12
241,1.0,two_day,alt,0.51953125,2.2084955342164627,-4.812984546234645,12,12
241,1.0,two_day,sharp,0.357421875,2.9172264672528176,-4.812984546234645,12,12
241,1.0,two_day,weak,0.21240234375,5.192979117283834,-4.812984546234645,12,12
241,1.0,two_day,weak_skew,0.5341796875,-2.1633463165364666,-4.812984546234645,12,12
241,1.0,four_day,alt,0.625,-3.016014157033595,-4.812984546234645,6,12
241,1.0,four_day,sharp,0.78125,-1.5016499686978193,-4.812984546234645,6,12
241,1.0,four_day,weak,0.84375,-1.2598847896500505,-4.812984546234645,6,12
241,1.0,four_day,weak_skew,0.5,-3.8552503925055306,-4.812984546234645,6,12
242,1.0,daily,alt,0.004399120175964807,-8.872012484992737,-4.40735825790172,12,12
242,1.0,daily,sharp,0.04999000199960008,-5.562254163277778,-4.40735825790172,12,12
242,1.0,daily,weak,0.10277944411117776,-6.797761460089504,-4.40735825790172,12,12
242,1.0,daily,weak_skew,0.9074185162967406,0.4634278481083527,-4.40735825790172,12,12
242,1.0,two_day,alt,0.6015625,-1.5256717133423443,-4.40735825790172,12,12
242,1.0,two_day,sharp,0.505859375,2.6299835614352483,-4.40735825790172,12,12
242,1.0,two_day,weak,0.34716796875,4.857816161156365,-4.40735825790172,12,12
242,1.0,two_day,weak_skew,0.0732421875,8.07565322604171,-4.40735825790172,12,12
242,1.0,four_day,alt,0.375,-5.8511186767547345,-4.40735825790172,6,12
242,1.0,four_day,sharp,0.90625,-1.0664023116287151,-4.40735825790172,6,12
242,1.0,four_day,weak,0.28125,-5.7903545286253815,-4.40735825790172,6,12
242,1.0,four_day,weak_skew,0.21875,4.9914236106843966,-4.40735825790172,6,12
243,1.0,daily,alt,0.5368926214757048,-1.1736905567032252,-8.085179523403738,12,12
243,1.0,daily,sharp,0.3077384523095381,0.9794749132696575,-8.085179523403738,12,12
243,1.0,daily,weak,0.2495500899820036,-2.1307915951944345,-8.085179523403738,12,12
243,1.0,daily,weak_skew,0.8234353129374126,-0.32913974172444327,-8.085179523403738,12,12
243,1.0,two_day,alt,0.28076171875,-4.502680501312644,-8.085179523403738,12,12
243,1.0,two_day,sharp,0.8134765625,-0.5961448710752565,-8.085179523403738,12,12
243,1.0,two_day,weak,0.91796875,-0.2521144164835327,-8.085179523403738,12,12
243,1.0,two_day,weak_skew,0.50634765625,-1.9290821420914657,-8.085179523403738,12,12
243,1.0,four_day,alt,0.28125,-4.774065897052772,-8.085179523403738,6,12
243,1.0,four_day,sharp,0.875,0.584566471242192,-8.085179523403738,6,12
243,1.0,four_day,weak,0.90625,-1.3868687036704184,-8.085179523403738,6,12
243,1.0,four_day,weak_skew,0.53125,3.8328847996479127,-8.085179523403738,6,12
244,1.0,daily,alt,0.124375124975005,-3.643536271606683,-6.226947195456617,12,12
244,1.0,daily,sharp,0.5934813037392521,-0.7345919034404543,-6.226947195456617,12,12
244,1.0,daily,weak,0.08258348330333934,-3.277449949975155,-6.226947195456617,12,12
244,1.0,daily,weak_skew,0.9062187562487503,0.2457631233858321,-6.226947195456617,12,12
244,1.0,two_day,alt,0.13818359375,-5.993996843023538,-6.226947195456617,12,12
244,1.0,two_day,sharp,0.81640625,-0.4320022422139396,-6.226947195456617,12,12
244,1.0,two_day,weak,0.2490234375,3.8438613221853273,-6.226947195456617,12,12
244,1.0,two_day,weak_skew,0.47607421875,-3.0190000148721547,-6.226947195456617,12,12
244,1.0,four_day,alt,0.125,-7.295014367180961,-6.226947195456617,6,12
244,1.0,four_day,sharp,0.59375,-1.5586805921910134,-6.226947195456617,6,12
244,1.0,four_day,weak,0.59375,-3.1255958177665604,-6.226947195456617,6,12
244,1.0,four_day,weak_skew,0.84375,0.42969905073012765,-6.226947195456617,6,12
245,1.0,daily,alt,0.8668266346730654,-0.3855324473266535,-2.1978530129145213,12,12
245,1.0,daily,sharp,0.7284543091381723,0.6687565376416119,-2.1978530129145213,12,12
245,1.0,daily,weak,0.9818036392721455,-0.0680102437089829,-2.1978530129145213,12,12
245,1.0,daily,weak_skew,0.8240351929614077,0.6782994428658231,-2.1978530129145213,12,12
245,1.0,two_day,alt,0.6337890625,1.280457797199718,-2.1978530129145213,12,12
245,1.0,two_day,sharp,0.17138671875,3.0653497524982893,-2.1978530129145213,12,12
245,1.0,two_day,weak,0.3515625,3.1901050007353944,-2.1978530129145213,12,12
245,1.0,two_day,weak_skew,0.20947265625,6.238710800448949,-2.1978530129145213,12,12
245,1.0,four_day,alt,0.46875,-2.4357153921048322,-2.1978530129145213,6,12
245,1.0,four_day,sharp,0.84375,-0.39042084807226374,-2.1978530129145213,6,12
245,1.0,four_day,weak,0.46875,2.3083420920686812,-2.1978530129145213,6,12
245,1.0,four_day,weak_skew,0.8125,1.9174393204104874,-2.1978530129145213,6,12
246,1.0,daily,alt,0.13437312537492502,-3.710289316029069,-6.548875346255592,12,12
246,1.0,daily,sharp,0.8538292341531694,0.25596479110197085,-6.548875346255592,12,12
246,1.0,daily,weak,0.8598280343931214,-0.4376515379759252,-6.548875346255592,12,12
246,1.0,daily,weak_skew,0.6090781843631273,-1.1085855108793368,-6.548875346255592,12,12
246,1.0,two_day,alt,0.63916015625,1.7280213958758524,-6.548875346255592,12,12
246,1.0,two_day,sharp,0.271484375,3.6400715661118337,-6.548875346255592,12,12
246,1.0,two_day,weak,0.140625,6.25833835570117,-6.548875346255592,12,12
246,1.0,two_day,weak_skew,0.6875,1.4249450311048182,-6.548875346255592,12,12
246,1.0,four_day,alt,0.71875,-1.1479508636265052,-6.548875346255592,6,12
246,1.0,four_day,sharp,0.4375,2.5268093789485313,-6.548875346255592,6,12
246,1.0,four_day,weak,0.96875,0.1755548857374857,-6.548875346255592,6,12
246,1.0,four_day,weak_skew,0.8125,0.9382782268612134,-6.548875346255592,6,12
247,1.0,daily,alt,0.3525294941011798,-2.909720644826553,-5.841972289116967,12,12
247,1.0,daily,sharp,0.40411917616476706,-1.499493253510175,-5.841972289116967,12,12
247,1.0,daily,weak,0.9262147570485902,0.18714492203069888,-5.841972289116967,12,12
247,1.0,daily,weak_skew,0.6446710657868426,-1.1896969536254645,-5.841972289116967,12,12
247,1.0,two_day,alt,0.90283203125,0.5901922985170582,-5.841972289116967,12,12
247,1.0,two_day,sharp,0.2978515625,1.8365165109872805,-5.841972289116967,12,12
247,1.0,two_day,weak,0.1181640625,5.008587752322768,-5.841972289116967,12,12
247,1.0,two_day,weak_skew,0.83935546875,-0.5008088120324263,-5.841972289116967,12,12
247,1.0,four_day,alt,0.0625,-7.536357772177226,-5.841972289116967,6,12
247,1.0,four_day,sharp,0.90625,0.3616975634478929,-5.841972289116967,6,12
247,1.0,four_day,weak,0.71875,-1.7017055328553756,-5.841972289116967,6,12
247,1.0,four_day,weak_skew,0.96875,-0.2890081063555788,-5.841972289116967,6,12
248,1.0,daily,alt,0.909618076384723,-0.5110060562525831,-4.349959102856815,12,12
248,1.0,daily,sharp,0.3061387722455509,2.564807101685631,-4.349959102856815,12,12
248,1.0,daily,weak,0.7044591081783643,1.2392701256028567,-4.349959102856815,12,12
248,1.0,daily,weak_skew,0.42091581683663265,2.1458960203736708,-4.349959102856815,12,12
248,1.0,two_day,alt,0.04443359375,-5.680614405342742,-4.349959102856815,12,12
248,1.0,two_day,sharp,0.37646484375,-2.241694166464891,-4.349959102856815,12,12
248,1.0,two_day,weak,0.634765625,1.3847180680492794,-4.349959102856815,12,12
248,1.0,two_day,weak_skew,0.2490234375,-4.179417028255446,-4.349959102856815,12,12
248,1.0,four_day,alt,0.96875,-0.5176246071109389,-4.349959102856815,6,12
248,1.0,four_day,sharp,1.0,0.13377246204102158,-4.349959102856815,6,12
248,1.0,four_day,weak,0.71875,-2.1361087175898312,-4.349959102856815,6,12
248,1.0,four_day,weak_skew,0.59375,-5.006869660422329,-4.349959102856815,6,12
249,1.0,daily,alt,0.15636872625474904,-4.131328196487779,-4.334967056533259,12,12
249,1.0,daily,sharp,0.38852229554089185,-1.5320637268212185,-4.334967056533259,12,12
249,1.0,daily,weak,0.28314337132573486,-3.3281989335614015,-4.334967056533259,12,12
249,1.0,daily,weak_skew,0.6106778644271146,-1.4847582018932133,-4.334967056533259,12,12
249,1.0,two_day,alt,0.875,-0.54231373317888,-4.334967056533259,12,12
249,1.0,two_day,sharp,0.47607421875,-1.808402593802791,-4.334967056533259,12,12
249,1.0,two_day,weak,0.25927734375,-4.32545582028746,-4.334967056533259,12,12
249,1.0,two_day,weak_skew,0.17236328125,-3.293377565177464,-4.334967056533259,12,12
249,1.0,four_day,alt,0.90625,0.6438280601439684,-4.334967056533259,6,12
249,1.0,four_day,sharp,0.46875,1.9347912743657585,-4.334967056533259,6,12
249,1.0,four_day,weak,0.84375,1.6614724053032102,-4.334967056533259,6,12
249,1.0,four_day,weak_skew,0.875,0.6130820359830006,-4.334967056533259,6,12
250,1.0,daily,alt,0.2453509298140372,-4.163546872771488,-7.586369604691242,12,12
250,1.0,daily,sharp,0.7070585882823436,-1.108933812572576,-7.586369604691242,12,12
250,1.0,daily,weak,0.1347730453909218,-5.679268678918992,-7.586369604691242,12,12
250,1.0,daily,weak_skew,0.34333133373325336,-2.999981719984595,-7.586369604691242,12,12
250,1.0,two_day,alt,0.2490234375,-4.28592260261085,-7.586369604691242,12,12
250,1.0,two_day,sharp,0.7041015625,-1.1064046368928888,-7.586369604691242,12,12
250,1.0,two_day,weak,0.93505859375,-0.2593698146740273,-7.586369604691242,12,12
250,1.0,two_day,weak_skew,0.2724609375,-3.7675469045256214,-7.586369604691242,12,12
250,1.0,four_day,alt,0.0625,-12.209125217196457,-7.586369604691242,6,12
250,1.0,four_day,sharp,0.0625,-5.823549584042542,-7.586369604691242,6,12
250,1.0,four_day,weak,0.3125,-5.4377775134898805,-7.586369604691242,6,12
250,1.0,four_day,weak_skew,0.125,-8.548595553472836,-7.586369604691242,6,12
251,1.0,daily,alt,0.19636072785442912,-3.239424583066157,-6.68764544210854,12,12
251,1.0,daily,sharp,0.5966806638672265,1.2973372616109995,-6.68764544210854,12,12
251,1.0,daily,weak,0.7856428714257149,0.767386805365217,-6.68764544210854,12,12
251,1.0,daily,weak_skew,0.8144371125774845,-0.6270691127210686,-6.68764544210854,12,12
251,1.0,two_day,alt,0.271484375,-4.328789070493879,-6.68764544210854,12,12
251,1.0,two_day,sharp,0.9150390625,0.3525883184506628,-6.68764544210854,12,12
251,1.0,two_day,weak,0.8046875,1.4417238254863622,-6.68764544210854,12,12
251,1.0,two_day,weak_skew,0.6865234375,2.0303865650353092,-6.68764544210854,12,12
251,1.0,four_day,alt,0.0625,-10.937907339003388,-6.68764544210854,6,12
251,1.0,four_day,sharp,0.125,-4.134896832395927,-6.68764544210854,6,12
251,1.0,four_day,weak,0.625,-2.2553535205526813,-6.68764544210854,6,12
251,1.0,four_day,weak_skew,0.40625,-3.000135770280808,-6.68764544210854,6,12
252,1.0,daily,alt,0.729254149170166,0.7518780999933844,-7.401221211445076,12,12
252,1.0,daily,sharp,0.22515496900619877,2.319201270994032,-7.401221211445076,12,12
252,1.0,daily,weak,0.1255748850229954,4.003867915379781,-7.401221211445076,12,12
252,1.0,daily,weak_skew,0.33253349330133974,1.9001782930674065,-7.401221211445076,12,12
252,1.0,two_day,alt,0.08642578125,-5.333290626968462,-7.401221211445076,12,12
252,1.0,two_day,sharp,0.74267578125,-0.606155367577364,-7.401221211445076,12,12
252,1.0,two_day,weak,0.80322265625,0.6791188659264762,-7.401221211445076,12,12
252,1.0,two_day,weak_skew,0.99462890625,-0.01973693202436581,-7.401221211445076,12,12
252,1.0,four_day,alt,0.0625,-6.369518688913583,-7.401221211445076,6,12
252,1.0,four_day,sharp,0.65625,-0.517571855435469,-7.401221211445076,6,12
252,1.0,four_day,weak,0.3125,-7.229848217976322,-7.401221211445076,6,12
252,1.0,four_day,weak_skew,0.5,2.925190421282777,-7.401221211445076,6,12
253,1.0,daily,alt,0.0023995200959808036,-7.288713907822242,-7.304086442436251,12,12
253,1.0,daily,sharp,0.4303139372125575,-1.760921796743783,-7.304086442436251,12,12
253,1.0,daily,weak,0.03839232153569286,-5.33956118129938,-7.304086442436251,12,12
253,1.0,daily,weak_skew,0.22375524895020996,-3.1846943321553667,-7.304086442436251,12,12
253,1.0,two_day,alt,0.0048828125,-11.808071299783826,-7.304086442436251,12,12
253,1.0,two_day,sharp,0.208984375,-4.849406259896186,-7.304086442436251,12,12
253,1.0,two_day,weak,0.09130859375,-6.264217577560275,-7.304086442436251,12,12
253,1.0,two_day,weak_skew,0.1005859375,-6.082798178633639,-7.304086442436251,12,12
253,1.0,four_day,alt,0.15625,-12.451991630813586,-7.304086442436251,6,12
253,1.0,four_day,sharp,0.34375,-5.488273106977457,-7.304086442436251,6,12
253,1.0,four_day,weak,0.90625,-1.2346264860115734,-7.304086442436251,6,12
253,1.0,four_day,weak_skew,0.15625,-9.85486725318223,-7.304086442436251,6,12
254,1.0,daily,alt,0.4399120175964807,2.8583916445835134,-6.001910332024757,12,12
254,1.0,daily,sharp,0.244751049790042,3.205018549540693,-6.001910332024757,12,12
254,1.0,daily,weak,0.9138172365526894,0.33430752097951927,-6.001910332024757,12,12
254,1.0,daily,weak_skew,0.3041391721655669,5.795793380381113,-6.001910332024757,12,12
254,1.0,two_day,alt,0.65625,3.6562356999248955,-6.001910332024757,12,12
254,1.0,two_day,sharp,0.3984375,3.7832566861712666,-6.001910332024757,12,12
254,1.0,two_day,weak,0.81396484375,1.3096146584851525,-6.001910332024757,12,12
254,1.0,two_day,weak_skew,0.61865234375,2.4290375316846675,-6.001910332024757,12,12
254,1.0,four_day,alt,0.15625,-8.576060131104539,-6.001910332024757,6,12
254,1.0,four_day,sharp,0.8125,-1.3520219951400314,-6.001910332024757,6,12
254,1.0,four_day,weak,1.0,0.07048937066762662,-6.001910332024757,6,12
254,1.0,four_day,weak_skew,0.84375,-0.4757692952607672,-6.001910332024757,6,12
255,1.0,daily,alt,0.016396720655868825,-7.03413042042433,-12.798432369775284,12,12
255,1.0,daily,sharp,0.9150169966006798,0.2549514614589299,-12.798432369775284,12,12
255,1.0,daily,weak,0.7880423915216956,-0.9566286275035717,-12.798432369775284,12,12
255,1.0,daily,weak_skew,0.854629074185163,-0.5673001433151376,-12.798432369775284,12,12
255,1.0,two_day,alt,0.0029296875,-11.508148998505746,-12.798432369775284,12,12
255,1.0,two_day,sharp,0.4599609375,-2.240183379976958,-12.798432369775284,12,12
255,1.0,two_day,weak,0.564453125,-2.107482119197693,-12.798432369775284,12,12
255,1.0,two_day,weak_skew,0.7890625,-1.013137036567486,-12.798432369775284,12,12
255,1.0,four_day,alt,0.21875,-5.961560954244839,-12.798432369775284,6,12
255,1.0,four_day,sharp,0.1875,5.0170953661718665,-12.798432369775284,6,12
255,1.0,four_day,weak,0.59375,2.4512210347295316,-12.798432369775284,6,12
255,1.0,four_day,weak_skew,0.125,7.587120455202284,-12.798432369775284,6,12
256,1.0,daily,alt,0.09918016396720655,-2.3564098292784323,-6.806643217072207,12,12
256,1.0,daily,sharp,0.7860427914417116,0.31423870507382173,-6.806643217072207,12,12
256,1.0,daily,weak,0.033993201359728054,2.553441297523069,-6.806643217072207,12,12
256,1.0,daily,weak_skew,0.07678464307138572,-2.2205211039595665,-6.806643217072207,12,12
256,1.0,two_day,alt,0.01025390625,-8.556803116548899,-6.806643217072207,12,12
256,1.0,two_day,sharp,0.10595703125,-3.687976135458784,-6.806643217072207,12,12
256,1.0,two_day,weak,0.12744140625,-5.526121723104453,-6.806643217072207,12,12
256,1.0,two_day,weak_skew,0.10009765625,-5.622780795883005,-6.806643217072207,12,12
256,1.0,four_day,alt,0.875,-0.24424023127335795,-6.806643217072207,6,12
256,1.0,four_day,sharp,0.0625,3.9404579996411804,-6.806643217072207,6,12
256,1.0,four_day,weak,0.3125,5.217003826993487,-6.806643217072207,6,12
256,1.0,four_day,weak_skew,0.78125,-0.2170408092675172,-6.806643217072207,6,12
257,1.0,daily,alt,0.34853029394121177,-2.275447525588998,-7.522604414817259,12,12
257,1.0,daily,sharp,0.7742451509698061,0.449118844886988,-7.522604414817259,12,12
257,1.0,daily,weak,0.3067386522695461,-2.0687754124471875,-7.522604414817259,12,12
257,1.0,daily,weak_skew,0.6630673865226955,1.1652377330190375,-7.522604414817259,12,12
257,1.0,two_day,alt,0.1259765625,-5.439952698935659,-7.522604414817259,12,12
257,1.0,two_day,sharp,0.3583984375,-2.748525721298824,-7.522604414817259,12,12
257,1.0,two_day,weak,0.22314453125,-4.934269899123886,-7.522604414817259,12,12
257,1.0,two_day,weak_skew,0.90380859375,-0.5036836710740727,-7.522604414817259,12,12
257,1.0,four_day,alt,0.3125,-6.038796858539038,-7.522604414817259,6,12
257,1.0,four_day,sharp,1.0,0.24547334231875104,-7.522604414817259,6,12
257,1.0,four_day,weak,0.75,1.6306214331238802,-7.522604414817259,6,12
257,1.0,four_day,weak_skew,0.90625,-0.3552087150653212,-7.522604414817259,6,12
258,1.0,daily,alt,0.3929214157168566,-2.812998387189765,-4.919872111115495,12,12
258,1.0,daily,sharp,0.6052789442111578,1.4584488194372682,-4.919872111115495,12,12
258,1.0,daily,weak,0.8598280343931214,0.464758751036376,-4.919872111115495,12,12
258,1.0,daily,weak_skew,0.8784243151369726,0.47717379832089496,-4.919872111115495,12,12
258,1.0,two_day,alt,0.01806640625,-11.01852645742852,-4.919872111115495,12,12
258,1.0,two_day,sharp,0.06884765625,-6.658661214120106,-4.919872111115495,12,12
258,1.0,two_day,weak,0.044921875,-8.901529174415552,-4.919872111115495,12,12
258,1.0,two_day,weak_skew,0.38037109375,-3.8921530201124797,-4.919872111115495,12,12
258,1.0,four_day,alt,0.5,-4.6569165603527045,-4.919872111115495,6,12
258,1.0,four_day,sharp,1.0,0.0769804686027129,-4.919872111115495,6,12
258,1.0,four_day,weak,0.625,3.6745162255669577,-4.919872111115495,6,12
258,1.0,four_day,weak_skew,0.4375,-4.2226021681533075,-4.919872111115495,6,12
259,1.0,daily,alt,0.7500499900019996,-0.6733733167256132,-3.537831032259845,12,12
259,1.0,daily,sharp,0.6266746650669867,0.8419516394204228,-3.537831032259845,12,12
259,1.0,daily,weak,0.8814237152569486,0.4788477905332229,-3.537831032259845,12,12
259,1.0,daily,weak_skew,0.772245550889822,-0.6922536762581674,-3.537831032259845,12,12
259,1.0,two_day,alt,0.18994140625,-4.0326005365257656,-3.537831032259845,12,12
259,1.0,two_day,sharp,0.40185546875,-2.3668652716157794,-3.537831032259845,12,12
259,1.0,two_day,weak,0.03857421875,-6.170730903331903,-3.537831032259845,12,12
259,1.0,two_day,weak_skew,0.92919921875,-0.41856049086971286,-3.537831032259845,12,12
259,1.0,four_day,alt,0.90625,-0.7879443214609824,-3.537831032259845,6,12
259,1.0,four_day,sharp,0.625,1.9981048156053802,-3.537831032259845,6,12
259,1.0,four_day,weak,0.71875,-2.025112029500349,-3.537831032259845,6,12
259,1.0,four_day,weak_skew,0.375,-2.9233465136754675,-3.537831032259845,6,12
260,1.0,daily,alt,0.17296540691861628,-3.7470956651173855,-6.980093242939468,12,12
260,1.0,daily,sharp,0.244751049790042,3.6903168612276596,-6.980093242939468,12,12
260,1.0,daily,weak,0.44891021795640873,3.749635808733888,-6.980093242939468,12,12
260,1.0,daily,weak_skew,0.5646870625874825,2.8283327941744165,-6.980093242939468,12,12
260,1.0,two_day,alt,0.01513671875,-8.81982204355397,-6.980093242939468,12,12
260,1.0,two_day,sharp,0.212890625,-3.1660517949429283,-6.980093242939468,12,12
260,1.0,two_day,weak,0.7587890625,-0.7800825788660717,-6.980093242939468,12,12
260,1.0,two_day,weak_skew,0.03369140625,-7.229679998650408,-6.980093242939468,12,12
260,1.0,four_day,alt,0.40625,-4.190568640919328,-6.980093242939468,6,12
260,1.0,four_day,sharp,0.59375,2.2151538718393162,-6.980093242939468,6,12
260,1.0,four_day,weak,0.34375,5.6715464633008805,-6.980093242939468,6,12
260,1.0,four_day,weak_skew,0.96875,0.12397443321471376,-6.980093242939468,6,12
261,1.0,daily,alt,0.4967006598680264,-2.0554398595884042,-7.593820803055138,12,12
261,1.0,daily,sharp,0.9442111577684463,-0.10425603485839356,-7.593820803055138,12,12
261,1.0,daily,weak,0.9310137972405519,-0.24726550201365605,-7.593820803055138,12,12
261,1.0,daily,weak_skew,0.8458308338332333,-0.3771993997663981,-7.593820803055138,12,12
261,1.0,two_day,alt,0.14013671875,-3.6619422581267016,-7.593820803055138,12,12
261,1.0,two_day,sharp,0.7744140625,0.7790340295252793,-7.593820803055138,12,12
261,1.0,two_day,weak,0.67822265625,-1.4636243952854056,-7.593820803055138,12,12
261,1.0,two_day,weak_skew,0.36376953125,3.4187149064409983,-7.593820803055138,12,12
261,1.0,four_day,alt,0.03125,-7.052056287677399,-7.593820803055138,6,12
261,1.0,four_day,sharp,0.375,-1.4344316477658268,-7.593820803055138,6,12
261,1.0,four_day,weak,0.25,-4.744072769405435,-7.593820803055138,6,12
261,1.0,four_day,weak_skew,0.75,2.7834065095872162,-7.593820803055138,6,12
262,1.0,daily,alt,0.07878424315136973,-3.86745810331731,-6.899479464386204,12,12
262,1.0,daily,sharp,0.9348130373925215,-0.1298389007439417,-6.899479464386204,12,12
262,1.0,daily,weak,0.5408918216356728,-1.5831588619694792,-6.899479464386204,12,12
262,1.0,daily,weak_skew,0.5196960607878425,1.3475564374092646,-6.899479464386204,12,12
262,1.0,two_day,alt,0.15087890625,-3.6467817464260874,-6.899479464386204,12,12
262,1.0,two_day,sharp,0.80029296875,-0.512890746587542,-6.899479464386204,12,12
262,1.0,two_day,weak,0.4130859375,-2.589684323331333,-6.899479464386204,12,12
262,1.0,two_day,weak_skew,0.470703125,3.34580838606389,-6.899479464386204,12,12
262,1.0,four_day,alt,0.09375,-6.6254280829742065,-6.899479464386204,6,12
262,1.0,four_day,sharp,1.0,-0.05999209274239211,-6.899479464386204,6,12
262,1.0,four_day,weak,0.8125,-1.3431005856421834,-6.899479464386204,6,12
262,1.0,four_day,weak_skew,0.3125,-2.9401712843871777,-6.899479464386204,6,12
263,1.0,daily,alt,0.02299540091981604,-7.557314297369374,-5.945639386985206,12,12
263,1.0,daily,sharp,0.378124375124975,-3.1589984354401057,-5.945639386985206,12,12
263,1.0,daily,weak,0.4227154569086183,-3.386682490102171,-5.945639386985206,12,12
263,1.0,daily,weak_skew,0.4881023795240952,-3.1294516545651145,-5.945639386985206,12,12
263,1.0,two_day,alt,0.28271484375,-3.848108963037152,-5.945639386985206,12,12
263,1.0,two_day,sharp,0.8046875,0.8472157083822124,-5.945639386985206,12,12
263,1.0,two_day,weak,0.9775390625,0.13651513552579017,-5.945639386985206,12,12
263,1.0,two_day,weak_skew,0.25732421875,5.845093392847321,-5.945639386985206,12,12
263,1.0,four_day,alt,0.0625,-5.895775238747039,-5.945639386985206,6,12
263,1.0,four_day,sharp,0.875,0.9442080120606361,-5.945639386985206,6,12
263,1.0,four_day,weak,0.875,3.3044706350892987,-5.945639386985206,6,12
263,1.0,four_day,weak_skew,0.96875,0.12362810986824375,-5.945639386985206,6,12
264,1.0,daily,alt,0.09478104379124175,-4.653148371162022,-5.555540013116435,12,12
264,1.0,daily,sharp,0.3583283343331334,-1.7611593832331434,-5.555540013116435,12,12
264,1.0,daily,weak,0.5910817836432714,-0.8977098121692352,-5.555540013116435,12,12
264,1.0,daily,weak_skew,0.17596480703859227,-3.8436900048024096,-5.555540013116435,12,12
264,1.0,two_day,alt,0.3037109375,-3.3396609514489413,-5.555540013116435,12,12
264,1.0,two_day,sharp,0.71044921875,-1.0939607342881015,-5.555540013116435,12,12
264,1.0,two_day,weak,0.71240234375,-1.5722268575110583,-5.555540013116435,12,12
264,1.0,two_day,weak_skew,0.7978515625,2.2067026207124845,-5.555540013116435,12,12
264,1.0,four_day,alt,0.8125,0.8598886320868537,-5.555540013116435,6,12
264,1.0,four_day,sharp,0.125,4.00796273121189,-5.555540013116435,6,12
264,1.0,four_day,weak,0.4375,-3.1604408691505874,-5.555540013116435,6,12
264,1.0,four_day,weak_skew,0.34375,3.399403879180215,-5.555540013116435,6,12
265,1.0,daily,alt,0.7386522695460908,1.2953768803092796,-5.955500748613737,12,12
265,1.0,daily,sharp,0.31333733253349333,3.237436536641743,-5.955500748613737,12,12
265,1.0,daily,weak,0.17196560687862428,5.289610316693594,-5.955500748613737,12,12
265,1.0,daily,weak_skew,0.23155368926214756,4.574606707056041,-5.955500748613737,12,12
265,1.0,two_day,alt,0.814453125,2.7467595950690815,-5.955500748613737,12,12
265,1.0,two_day,sharp,0.93896484375,-0.379366308052101,-5.955500748613737,12,12
265,1.0,two_day,weak,0.63720703125,-2.0074217640223213,-5.955500748613737,12,12
265,1.0,two_day,weak_skew,0.556640625,-2.3135207594707565,-5.955500748613737,12,12
265,1.0,four_day,alt,0.9375,2.1438486531294445,-5.955500748613737,6,12
265,1.0,four_day,sharp,0.46875,2.9716855380342033,-5.955500748613737,6,12
265,1.0,four_day,weak,0.84375,1.6598748952062767,-5.955500748613737,6,12
265,1.0,four_day,weak_skew,0.4375,1.914818376885118,-5.955500748613737,6,12
266,1.0,daily,alt,0.254749050189962,-3.334937081393735,-9.396559428967322,12,12
266,1.0,daily,sharp,0.5454909018196361,1.6794050112240206,-9.396559428967322,12,12
266,1.0,daily,weak,0.708258348330334,-1.102324411213921,-9.396559428967322,12,12
266,1.0,daily,weak_skew,0.4859028194361128,2.397686155181122,-9.396559428967322,12,12
266,1.0,two_day,alt,0.3125,-4.350973915984229,-9.396559428967322,12,12
266,1.0,two_day,sharp,0.75830078125,1.1185178080056104,-9.396559428967322,12,12
266,1.0,two_day,weak,0.9990234375,-0.004571292745076505,-9.396559428967322,12,12
266,1.0,two_day,weak_skew,0.9833984375,-0.07583873411951814,-9.396559428967322,12,12
266,1.0,four_day,alt,0.0625,-12.039693535701758,-9.396559428967322,6,12
266,1.0,four_day,sharp,0.34375,-4.559818353852266,-9.396559428967322,6,12
266,1.0,four_day,weak,0.9375,-1.7814322226828143,-9.396559428967322,6,12
266,1.0,four_day,weak_skew,0.125,-9.755299732317996,-9.396559428967322,6,12
267,1.0,daily,alt,0.998000399920016,0.006290343643833296,-4.939745602133897,12,12
267,1.0,daily,sharp,0.17016596680663867,2.2573102155146696,-4.939745602133897,12,12
267,1.0,daily,weak,0.7264547090581883,0.9772505009732259,-4.939745602133897,12,12
267,1.0,daily,weak_skew,0.3863227354529094,1.7022443449606441,-4.939745602133897,12,12
267,1.0,two_day,alt,0.0703125,-4.440889949148235,-4.939745602133897,12,12
267,1.0,two_day,sharp,0.6220703125,-0.8141074651607626,-4.939745602133897,12,12
267,1.0,two_day,weak,0.8466796875,-0.6208457630888287,-4.939745602133897,12,12
267,1.0,two_day,weak_skew,0.37646484375,4.843913621446772,-4.939745602133897,12,12
267,1.0,four_day,alt,1.0,-0.3082062258105047,-4.939745602133897,6,12
267,1.0,four_day,sharp,0.71875,1.24854788544222,-4.939745602133897,6,12
267,1.0,four_day,weak,0.21875,7.148134600508538,-4.939745602133897,6,12
267,1.0,four_day,weak_skew,0.875,5.881168825946676,-4.939745602133897,6,12
268,1.0,daily,alt,0.49510097980403917,3.97293711428612,-9.679167363823453,12,12
268,1.0,daily,sharp,0.008198360327934412,5.124824366667191,-9.679167363823453,12,12
268,1.0,daily,weak,0.016796640671865627,5.129508844722426,-9.679167363823453,12,12
268,1.0,daily,weak_skew,0.0005998800239952009,6.900507595964009,-9.679167363823453,12,12
268,1.0,two_day,alt,0.06640625,-5.848385543569613,-9.679167363823453,12,12
268,1.0,two_day,sharp,0.26123046875,3.2008312226826754,-9.679167363823453,12,12
268,1.0,two_day,weak,0.98486328125,0.10469064576450353,-9.679167363823453,12,12
268,1.0,two_day,weak_skew,0.40966796875,2.118953534572117,-9.679167363823453,12,12
268,1.0,four_day,alt,1.0,0.16560251907143572,-9.679167363823453,6,12
268,1.0,four_day,sharp,0.25,5.18656285008509,-9.679167363823453,6,12
268,1.0,four_day,weak,0.09375,10.800745976796092,-9.679167363823453,6,12
268,1.0,four_day,weak_skew,0.59375,3.9208348412792233,-9.679167363823453,6,12
269,1.0,daily,alt,0.5556888622275545,-1.2380048985851342,-5.965219071101757,12,12
269,1.0,daily,sharp,0.5142971405718856,1.0088506498400331,-5.965219071101757,12,12
269,1.0,daily,weak,0.8260347930413917,0.6520313921889814,-5.965219071101757,12,12
269,1.0,daily,weak_skew,0.4039192161567686,2.5275788191319344,-5.965219071101757,12,12
269,1.0,two_day,alt,0.02734375,-6.678783306376698,-5.965219071101757,12,12
269,1.0,two_day,sharp,0.05126953125,-4.809147342373625,-5.965219071101757,12,12
269,1.0,two_day,weak,0.50244140625,-2.560151143893844,-5.965219071101757,12,12
269,1.0,two_day,weak_skew,0.33349609375,-3.267977963423815,-5.965219071101757,12,12
269,1.0,four_day,alt,0.9375,0.23377915085558243,-5.965219071101757,6,12
269,1.0,four_day,sharp,0.625,2.2112197854892295,-5.965219071101757,6,12
269,1.0,four_day,weak,0.78125,1.3511156818115613,-5.965219071101757,6,12
269,1.0,four_day,weak_skew,0.46875,6.2398490218787535,-5.965219071101757,6,12
270,1.0,daily,alt,0.1249750049990002,-4.056438131392088,-6.3178075420164035,12,12
270,1.0,daily,sharp,0.8132373525294941,-0.3730754557412463,-6.3178075420164035,12,12
270,1.0,daily,weak,0.48050389922015596,-2.04647871964127,-6.3178075420164035,12,12
270,1.0,daily,weak_skew,0.16476704659068186,-2.889798641503532,-6.3178075420164035,12,12
270,1.0,two_day,alt,0.6552734375,-1.3839457010026,-6.3178075420164035,12,12
270,1.0,two_day,sharp,0.357421875,2.3059255310529934,-6.3178075420164035,12,12
270,1.0,two_day,weak,0.458984375,-1.9161352531274727,-6.3178075420164035,12,12
270,1.0,two_day,weak_skew,0.818359375,0.7645658766219027,-6.3178075420164035,12,12
270,1.0,four_day,alt,0.03125,-10.769093288165358,-6.3178075420164035,6,12
270,1.0,four_day,sharp,0.125,-5.422540556065408,-6.3178075420164035,6,12
270,1.0,four_day,weak,0.59375,-3.975630534663047,-6.3178075420164035,6,12
270,1.0,four_day,weak_skew,0.03125,-9.996768317965754,-6.3178075420164035,6,12
271,1.0,daily,alt,0.002599480103979204,-8.87946646904396,-4.9782584554499465,12,12
271,1.0,daily,sharp,0.03779244151169766,-4.469008885552559,-4.9782584554499465,12,12
271,1.0,daily,weak,0.010597880423915218,-7.614098256700785,-4.9782584554499465,12,12
271,1.0,daily,weak_skew,0.46610677864427114,-2.2334620112654258,-4.9782584554499465,12,12
271,1.0,two_day,alt,0.541015625,-1.673882517196126,-4.9782584554499465,12,12
271,1.0,two_day,sharp,0.3916015625,2.251967871877655,-4.9782584554499465,12,12
271,1.0,two_day,weak,0.47412109375,2.31800056915853,-4.9782584554499465,12,12
271,1.0,two_day,weak_skew,0.79638671875,-0.6870879223951452,-4.9782584554499465,12,12
271,1.0,four_day,alt,0.4375,2.352096917538925,-4.9782584554499465,6,12
271,1.0,four_day,sharp,0.125,4.493070351156907,-4.9782584554499465,6,12
271,1.0,four_day,weak,0.1875,2.8679417106041734,-4.9782584554499465,6,12
271,1.0,four_day,weak_skew,0.75,1.0497598048411245,-4.9782584554499465,6,12
272,1.0,daily,alt,0.277744451109778,-2.3014376106359222,-7.728383056911085,12,12
272,1.0,daily,sharp,0.5776844631073785,1.0406482655697051,-7.728383056911085,12,12
272,1.0,daily,weak,0.8512297540491902,0.35140089703189287,-7.728383056911085,12,12
272,1.0,daily,weak_skew,0.9402119576084783,-0.20287751236899432,-7.728383056911085,12,12
272,1.0,two_day,alt,0.0068359375,-10.26154061905508,-7.728383056911085,12,12
272,1.0,two_day,sharp,0.30810546875,-3.222080993724027,-7.728383056911085,12,12
272,1.0,two_day,weak,0.02099609375,-9.394511900474571,-7.728383056911085,12,12
272,1.0,two_day,weak_skew,0.82861328125,-0.5985831286039947,-7.728383056911085,12,12
272,1.0,four_day,alt,0.03125,-10.396538599387135,-7.728383056911085,6,12
272,1.0,four_day,sharp,0.0625,-4.107276559266608,-7.728383056911085,6,12
272,1.0,four_day,weak,0.0625,-5.824103926611109,-7.728383056911085,6,12
272,1.0,four_day,weak_skew,0.375,-5.706171479017521,-7.728383056911085,6,12
273,1.0,daily,alt,0.1265746850629874,-5.520420154988641,-9.441557758026889,12,12
273,1.0,daily,sharp,0.7172565486902619,1.1355370744750548,-9.441557758026889,12,12
273,1.0,daily,weak,0.8682263547290542,0.6998131337506829,-9.441557758026889,12,12
273,1.0,daily,weak_skew,0.4933013397320536,2.743281613755601,-9.441557758026889,12,12
273,1.0,two_day,alt,0.091796875,-8.638158758667636,-9.441557758026889,12,12
273,1.0,two_day,sharp,0.66943359375,-1.7910704226876522,-9.441557758026889,12,12
273,1.0,two_day,weak,0.630859375,-2.429221605309817,-9.441557758026889,12,12
273,1.0,two_day,weak_skew,0.791015625,-1.5333133806795782,-9.441557758026889,12,12
273,1.0,four_day,alt,0.40625,-5.342128462255874,-9.441557758026889,6,12
273,1.0,four_day,sharp,0.875,1.1025782445459076,-9.441557758026889,6,12
273,1.0,four_day,weak,0.65625,2.0884470056550235,-9.441557758026889,6,12
273,1.0,four_day,weak_skew,0.3125,5.334626097444516,-9.441557758026889,6,12
274,1.0,daily,alt,0.6394721055788842,-1.6687400471167433,-7.328960069016418,12,12
274,1.0,daily,sharp,0.6638672265546891,1.682751901043887,-7.328960069016418,12,12
274,1.0,daily,weak,0.9784043191361728,-0.13952183378495064,-7.328960069016418,12,12
274,1.0,daily,weak_skew,0.73125374925015,-1.2408171615400423,-7.328960069016418,12,12
274,1.0,two_day,alt,0.0166015625,-5.934097152313899,-7.328960069016418,12,12
274,1.0,two_day,sharp,0.88623046875,-0.28848118608555734,-7.328960069016418,12,12
274,1.0,two_day,weak,0.95947265625,0.20659752381766636,-7.328960069016418,12,12
274,1.0,two_day,weak_skew,0.21142578125,5.161938437455901,-7.328960069016418,12,12
274,1.0,four_day,alt,0.75,-2.6806759752147755,-7.328960069016418,6,12
274,1.0,four_day,sharp,0.9375,3.3976872927508404,-7.328960069016418,6,12
274,1.0,four_day,weak,0.75,3.128329953605372,-7.328960069016418,6,12
274,1.0,four_day,weak_skew,0.9375,1.1670742431873506,-7.328960069016418,6,12
275,1.0,daily,alt,0.16896620675864826,2.9992823161620894,-4.371105142425023,12,12
275,1.0,daily,sharp,0.2705458908218356,1.5253395953739866,-4.371105142425023,12,12
275,1.0,daily,weak,0.16736652669466107,4.5702843409951655,-4.371105142425023,12,12
275,1.0,daily,weak_skew,0.8096380723855229,0.489611876577633,-4.371105142425023,12,12
275,1.0,two_day,alt,0.66552734375,-1.937906810891705,-4.371105142425023,12,12
275,1.0,two_day,sharp,0.5419921875,-1.6893760744689736,-4.371105142425023,12,12
275,1.0,two_day,weak,0.36962890625,-2.662601997978235,-4.371105142425023,12,12
275,1.0,two_day,weak_skew,0.92919921875,0.5929856513298658,-4.371105142425023,12,12
275,1.0,four_day,alt,0.375,-2.4717962607252324,-4.371105142425023,6,12
275,1.0,four_day,sharp,0.5,-0.5755663042690529,-4.371105142425023,6,12
275,1.0,four_day,weak,0.25,4.458094474281594,-4.371105142425023,6,12
275,1.0,four_day,weak_skew,0.375,-1.8152551402875428,-4.371105142425023,6,12
276,1.0,daily,alt,0.4381123775244951,-1.760673061913975,-4.115402698911623,12,12
276,1.0,daily,sharp,0.5704859028194361,-1.1021766042591452,-4.115402698911623,12,12
276,1.0,daily,weak,0.0643871225754849,-3.6981567469930225,-4.115402698911623,12,12
276,1.0,daily,weak_skew,0.6712657468506299,-0.9631090670290897,-4.115402698911623,12,12
276,1.0,two_day,alt,0.021484375,-8.15489209609043,-4.115402698911623,12,12
276,1.0,two_day,sharp,0.0263671875,-5.402814218504457,-4.115402698911623,12,12
276,1.0,two_day,weak,0.2255859375,-6.791961296575718,-4.115402698911623,12,12
276,1.0,two_day,weak_skew,0.53515625,-2.4697358362634603,-4.115402698911623,12,12
276,1.0,four_day,alt,0.46875,-3.521481326446915,-4.115402698911623,6,12
276,1.0,four_day,sharp,0.59375,-1.5822577687050245,-4.115402698911623,6,12
276,1.0,four_day,weak,0.875,0.5412284469811558,-4.115402698911623,6,12
276,1.0,four_day,weak_skew,0.5625,-2.868221033356845,-4.115402698911623,6,12
277,1.0,daily,alt,0.0005998800239952009,-10.240468225885023,-8.068948415018646,12,12
277,1.0,daily,sharp,0.06898620275944811,-3.8041856702894497,-8.068948415018646,12,12
277,1.0,daily,weak,0.15776844631073786,-2.7071248038394047,-8.068948415018646,12,12
277,1.0,daily,weak_skew,0.5288942211557689,-2.2647559876548833,-8.068948415018646,12,12
277,1.0,two_day,alt,0.01953125,-8.891588171513881,-8.068948415018646,12,12
277,1.0,two_day,sharp,0.11474609375,-4.618094029806259,-8.068948415018646,12,12
277,1.0,two_day,weak,0.2314453125,-4.064719406497568,-8.068948415018646,12,12
277,1.0,two_day,weak_skew,0.0634765625,-7.423865838652126,-8.068948415018646,12,12
277,1.0,four_day,alt,0.875,-1.1685016423050445,-8.068948415018646,6,12
277,1.0,four_day,sharp,0.625,3.7064293587838777,-8.068948415018646,6,12
277,1.0,four_day,weak,0.84375,1.933285106874693,-8.068948415018646,6,12
277,1.0,four_day,weak_skew,0.96875,-0.8999220901323556,-8.068948415018646,6,12
278,1.0,daily,alt,0.7060587882423516,1.3963226854625688,-3.9765562430727925,12,12
278,1.0,daily,sharp,0.7448510297940412,0.5151232053740836,-3.9765562430727925,12,12
278,1.0,daily,weak,0.5900819836032793,1.655344414719518,-3.9765562430727925,12,12
278,1.0,daily,weak_skew,0.3067386522695461,-2.294704868591767,-3.9765562430727925,12,12
278,1.0,two_day,alt,0.73291015625,-1.8209162355816424,-3.9765562430727925,12,12
278,1.0,two_day,sharp,0.9228515625,0.27453997195552127,-3.9765562430727925,12,12
278,1.0,two_day,weak,0.82470703125,0.8437923190045401,-3.9765562430727925,12,12
278,1.0,two_day,weak_skew,0.716796875,-1.1882659049967341,-3.9765562430727925,12,12
278,1.0,four_day,alt,1.0,-0.1308493655138759,-3.9765562430727925,6,12
278,1.0,four_day,sharp,0.84375,1.100283359875861,-3.9765562430727925,6,12
278,1.0,four_day,weak,0.25,4.30957774703061,-3.9765562430727925,6,12
278,1.0,four_day,weak_skew,0.34375,-3.862481951158667,-3.9765562430727925,6,12
279,1.0,daily,alt,0.014397120575884824,-7.415775144083281,-5.68632233144136,12,12
279,1.0,daily,sharp,0.027994401119776045,-5.860667708129317,-5.68632233144136,12,12
279,1.0,daily,weak,0.10997800439912017,-4.565275396707154,-5.68632233144136,12,12
279,1.0,daily,weak_skew,0.024795040991801638,-7.698681675577229,-5.68632233144136,12,12
279,1.0,two_day,alt,0.423828125,2.428449162016919,-5.68632233144136,12,12
279,1.0,two_day,sharp,0.04638671875,7.985799505080138,-5.68632233144136,12,12
279,1.0,two_day,weak,0.04345703125,11.218867925089961,-5.68632233144136,12,12
279,1.0,two_day,weak_skew,0.03466796875,6.475898966150893,-5.68632233144136,12,12
279,1.0,four_day,alt,0.65625,-2.3849848239161204,-5.68632233144136,6,12
279,1.0,four_day,sharp,1.0,-0.13487159058313244,-5.68632233144136,6,12
279,1.0,four_day,weak,0.9375,0.689207941726052,-5.68632233144136,6,12
279,1.0,four_day,weak_skew,0.96875,-0.4998644070667784,-5.68632233144136,6,12
280,1.0,daily,alt,0.22975404919016196,-2.3055132090387427,-5.955164227347595,12,12
280,1.0,daily,sharp,0.5180963807238552,0.7321675952946128,-5.955164227347595,12,12
280,1.0,daily,weak,0.14357128574285144,-3.3225316743868607,-5.955164227347595,12,12
280,1.0,daily,weak_skew,0.5630873825234953,1.0977202847647505,-5.955164227347595,12,12
280,1.0,two_day,alt,0.02734375,-6.012537684180006,-5.955164227347595,12,12
280,1.0,two_day,sharp,0.40673828125,-1.5642945989485195,-5.955164227347595,12,12
280,1.0,two_day,weak,0.89111328125,0.5285557585082898,-5.955164227347595,12,12
280,1.0,two_day,weak_skew,0.13623046875,-4.736672262282438,-5.955164227347595,12,12
280,1.0,four_day,alt,0.09375,-7.504740221884657,-5.955164227347595,6,12
280,1.0,four_day,sharp,0.84375,-0.6558041877480735,-5.955164227347595,6,12
280,1.0,four_day,weak,0.03125,-5.428331114903642,-5.955164227347595,6,12
280,1.0,four_day,weak_skew,0.3125,-2.703064807066847,-5.955164227347595,6,12
281,1.0,daily,alt,0.5508898220355929,-1.5791797188660677,-5.303165978911537,12,12
281,1.0,daily,sharp,0.714257148570286,0.8451201864207482,-5.303165978911537,12,12
281,1.0,daily,weak,0.41711657668466307,2.1320854508488316,-5.303165978911537,12,12
281,1.0,daily,weak_skew,0.9984003199360127,-0.005255189799796038,-5.303165978911537,12,12
281,1.0,two_day,alt,0.11669921875,-6.326535465503494,-5.303165978911537,12,12
281,1.0,two_day,sharp,0.45849609375,-2.3780287142120407,-5.303165978911537,12,12
281,1.0,two_day,weak,0.43115234375,-3.147805683840692,-5.303165978911537,12,12
281,1.0,two_day,weak_skew,0.70556640625,-1.4988725922805124,-5.303165978911537,12,12
281,1.0,four_day,alt,0.40625,1.6806937995081672,-5.303165978911537,6,12
281,1.0,four_day,sharp,0.03125,4.427311719747884,-5.303165978911537,6,12
281,1.0,four_day,weak,0.0625,11.514688950213595,-5.303165978911537,6,12
281,1.0,four_day,weak_skew,0.4375,4.806675330856822,-5.303165978911537,6,12
282,1.0,daily,alt,0.13897220555888823,-4.6488295527011205,-8.035171839725841,12,12
282,1.0,daily,sharp,0.3909218156368726,-1.5548655991949876,-8.035171839725841,12,12
282,1.0,daily,weak,0.38752249550089984,-2.595560934338914,-8.035171839725841,12,12
282,1.0,daily,weak_skew,0.7298540291941612,-0.8974042978770852,-8.035171839725841,12,12
282,1.0,two_day,alt,0.26318359375,-2.8956404217636624,-8.035171839725841,12,12
282,1.0,two_day,sharp,0.60107421875,1.1348436506103454,-8.035171839725841,12,12
282,1.0,two_day,weak,0.5126953125,2.0604862559036774,-8.035171839725841,12,12
282,1.0,two_day,weak_skew,0.8095703125,-0.7390878311982328,-8.035171839725841,12,12
282,1.0,four_day,alt,0.03125,-7.573378740418817,-8.035171839725841,6,12
282,1.0,four_day,sharp,0.125,-2.0647185295159027,-8.035171839725841,6,12
282,1.0,four_day,weak,0.8125,-1.049949822701554,-8.035171839725841,6,12
282,1.0,four_day,weak_skew,0.125,-5.226808624496574,-8.035171839725841,6,12
283,1.0,daily,alt,0.0007998400319936012,-6.973340349837854,-7.858873618540116,12,12
283,1.0,daily,sharp,0.0637872425514897,-1.8508454833501389,-7.858873618540116,12,12
283,1.0,daily,weak,0.734253149370126,0.9666626265450903,-7.858873618540116,12,12
283,1.0,daily,weak_skew,0.6680663867226555,1.507786772038197,-7.858873618540116,12,12
283,1.0,two_day,alt,0.00732421875,-7.337854076820502,-7.858873618540116,12,12
283,1.0,two_day,sharp,0.2880859375,-1.4989663591115037,-7.858873618540116,12,12
283,1.0,two_day,weak,0.2177734375,-3.671966449694596,-7.858873618540116,12,12
283,1.0,two_day,weak_skew,0.486328125,-2.7610825285079574,-7.858873618540116,12,12
283,1.0,four_day,alt,0.1875,-5.262545137579374,-7.858873618540116,6,12
283,1.0,four_day,sharp,0.6875,0.807767042333051,-7.858873618540116,6,12
283,1.0,four_day,weak,0.15625,4.3554126463460365,-7.858873618540116,6,12
283,1.0,four_day,weak_skew,0.84375,0.8746611366926457,-7.858873618540116,6,12
284,1.0,daily,alt,0.47890421915616876,-1.9205776386240714,-4.700169995740929,12,12
284,1.0,daily,sharp,0.5400919816036792,-1.1437352380242658,-4.700169995740929,12,12
284,1.0,daily,weak,0.7920415916816637,-0.892557615433974,-4.700169995740929,12,12
284,1.0,daily,weak_skew,0.9624075184963007,-0.16145294151367473,-4.700169995740929,12,12
284,1.0,two_day,alt,0.95458984375,-0.26719962636208844,-4.700169995740929,12,12
284,1.0,two_day,sharp,0.591796875,1.9534347079167873,-4.700169995740929,12,12
284,1.0,two_day,weak,0.9111328125,0.4786258674326594,-4.700169995740929,12,12
284,1.0,two_day,weak_skew,0.564453125,-2.077771505090082,-4.700169995740929,12,12
284,1.0,four_day,alt,0.21875,-6.154735453357653,-4.700169995740929,6,12
284,1.0,four_day,sharp,0.6875,-1.5925685436338253,-4.700169995740929,6,12
284,1.0,four_day,weak,0.5,4.408183613624225,-4.700169995740929,6,12
284,1.0,four_day,weak_skew,0.40625,-4.334243499328122,-4.700169995740929,6,12
285,1.0,daily,alt,0.8678264347130574,-1.361011544324742,-7.190314901958324,12,12
285,1.0,daily,sharp,0.6048790241951609,1.3570984178741494,-7.190314901958324,12,12
285,1.0,daily,weak,0.3805238952209558,3.1708198156517433,-7.190314901958324,12,12
285,1.0,daily,weak_skew,0.6960607878424315,1.7208201928525402,-7.190314901958324,12,12
285,1.0,two_day,alt,0.00390625,-9.418427178535802,-7.190314901958324,12,12
285,1.0,two_day,sharp,0.7470703125,-0.800065252784672,-7.190314901958324,12,12
285,1.0,two_day,weak,0.77587890625,-1.237250893269059,-7.190314901958324,12,12
285,1.0,two_day,weak_skew,0.3427734375,3.5357519321656548,-7.190314901958324,12,12
285,1.0,four_day,alt,0.9375,-0.6040730584039219,-7.190314901958324,6,12
285,1.0,four_day,sharp,0.4375,3.5058804019343945,-7.190314901958324,6,12
285,1.0,four_day,weak,0.09375,7.457184900785742,-7.190314901958324,6,12
285,1.0,four_day,weak_skew,0.4375,8.415397011328682,-7.190314901958324,6,12
286,1.0,daily,alt,0.6094781043791242,-1.134583507508907,-8.560458984767479,12,12
286,1.0,daily,sharp,0.4809038192361528,1.0621833950157313,-8.560458984767479,12,12
286,1.0,daily,weak,0.7460507898420315,0.7735830491122435,-8.560458984767479,12,12
286,1.0,daily,weak_skew,0.4673065386922616,-1.784117392952134,-8.560458984767479,12,12
286,1.0,two_day,alt,0.0126953125,-6.827693794917987,-8.560458984767479,12,12
286,1.0,two_day,sharp,0.705078125,-0.5217843800347849,-8.560458984767479,12,12
286,1.0,two_day,weak,0.72705078125,0.8841063894993493,-8.560458984767479,12,12
286,1.0,two_day,weak_skew,0.47265625,1.946510970943427,-8.560458984767479,12,12
286,1.0,four_day,alt,0.15625,-6.230432918408089,-8.560458984767479,6,12
286,1.0,four_day,sharp,0.96875,-0.03296781966590364,-8.560458984767479,6,12
286,1.0,four_day,weak,0.9375,0.37754366694898894,-8.560458984767479,6,12
286,1.0,four_day,weak_skew,0.65625,1.9163067640209874,-8.560458984767479,6,12
287,1.0,daily,alt,0.041991601679664065,-4.60606008340712,-6.194261356974117,12,12
287,1.0,daily,sharp,0.47110577884423116,-1.5387577589070738,-6.194261356974117,12,12
287,1.0,daily,weak,0.3145370925814837,-2.828272219683578,-6.194261356974117,12,12
287,1.0,daily,weak_skew,0.5484903019396121,-1.8773093935607423,-6.194261356974117,12,12
287,1.0,two_day,alt,0.23583984375,-4.021136759794752,-6.194261356974117,12,12
287,1.0,two_day,sharp,0.8564453125,-0.4972042709732249,-6.194261356974117,12,12
287,1.0,two_day,weak,0.53466796875,-1.775099797448765,-6.194261356974117,12,12
287,1.0,two_day,weak_skew,0.70458984375,-1.5861549392343612,-6.194261356974117,12,12
287,1.0,four_day,alt,0.15625,-7.515192933222218,-6.194261356974117,6,12
287,1.0,four_day,sharp,0.625,-2.169720679048949,-6.194261356974117,6,12
287,1.0,four_day,weak,0.96875,0.5984619526126428,-6.194261356974117,6,12
287,1.0,four_day,weak_skew,0.3125,-6.351947279097723,-6.194261356974117,6,12
288,1.0,daily,alt,0.9292141571685663,1.2282441930302934,-5.62942900327856,12,12
288,1.0,daily,sharp,0.9278144371125775,0.19691412237527692,-5.62942900327856,12,12
288,1.0,daily,weak,0.673865226954609,1.4447038170005577,-5.62942900327856,12,12
288,1.0,daily,weak_skew,0.9404119176164767,0.2630032000578962,-5.62942900327856,12,12
288,1.0,two_day,alt,0.53662109375,-2.176887250075333,-5.62942900327856,12,12
288,1.0,two_day,sharp,0.548828125,1.5980466780958154,-5.62942900327856,12,12
288,1.0,two_day,weak,0.37646484375,3.882884767428539,-5.62942900327856,12,12
288,1.0,two_day,weak_skew,0.08251953125,6.853840698614772,-5.62942900327856,12,12
288,1.0,four_day,alt,0.3125,-3.600668828678105,-5.62942900327856,6,12
288,1.0,four_day,sharp,0.96875,0.156638078475248,-5.62942900327856,6,12
288,1.0,four_day,weak,0.78125,1.305966146562266,-5.62942900327856,6,12
288,1.0,four_day,weak_skew,0.75,0.9985261015649698,-5.62942900327856,6,12
289,1.0,daily,alt,0.0651869626074785,-9.128956829773337,-7.589408935620206,12,12
289,1.0,daily,sharp,0.16416716656668667,-3.3795072874039493,-7.589408935620206,12,12
289,1.0,daily,weak,0.5960807838432314,-1.787428925520339,-7.589408935620206,12,12
289,1.0,daily,weak_skew,0.29734053189362125,-3.2290358944371675,-7.589408935620206,12,12
289,1.0,two_day,alt,0.2431640625,-5.586295808492987,-7.589408935620206,12,12
289,1.0,two_day,sharp,0.779296875,-0.9557981848811726,-7.589408935620206,12,12
289,1.0,two_day,weak,0.62109375,-2.714098743236679,-7.589408935620206,12,12
289,1.0,two_day,weak_skew,0.37255859375,-3.51812603436996,-7.589408935620206,12,12
289,1.0,four_day,alt,0.0625,-11.609824620505199,-7.589408935620206,6,12
289,1.0,four_day,sharp,0.25,-3.79619791327881,-7.589408935620206,6,12
289,1.0,four_day,weak,0.625,-1.8786406305525887,-7.589408935620206,6,12
289,1.0,four_day,weak_skew,0.25,-4.210681370100211,-7.589408935620206,6,12
290,1.0,daily,alt,0.8972205558888222,0.3811356788154067,-6.166922329414916,12,12
290,1.0,daily,sharp,0.5158968206358728,1.5516546381127114,-6.166922329414916,12,12
290,1.0,daily,weak,0.7948410317936413,0.49683979852316007,-6.166922329414916,12,12
290,1.0,daily,weak_skew,0.9902019596080783,0.03764137013610499,-6.166922329414916,12,12
290,1.0,two_day,alt,0.6767578125,-1.5479869556668884,-6.166922329414916,12,12
290,1.0,two_day,sharp,0.94091796875,-0.2192768949775902,-6.166922329414916,12,12
290,1.0,two_day,weak,0.41357421875,-3.139157275979972,-6.166922329414916,12,12
290,1.0,two_day,weak_skew,0.328125,5.000934532989231,-6.166922329414916,12,12
290,1.0,four_day,alt,0.28125,-5.380537973033753,-6.166922329414916,6,12
290,1.0,four_day,sharp,0.46875,-2.0079973521503027,-6.166922329414916,6,12
290,1.0,four_day,weak,0.5,-4.121502147203316,-6.166922329414916,6,12
290,1.0,four_day,weak_skew,0.84375,2.054393873381225,-6.166922329414916,6,12
291,1.0,daily,alt,0.03179364127174565,-5.073582299964802,-9.354730321797021,12,12
291,1.0,daily,sharp,0.7508498300339932,-0.6421513705295853,-9.354730321797021,12,12
291,1.0,daily,weak,0.876624675064987,-0.34853366356610255,-9.354730321797021,12,12
291,1.0,daily,weak_skew,0.8056388722255549,0.6561675154601261,-9.354730321797021,12,12
291,1.0,two_day,alt,0.01904296875,-9.146159377323585,-9.354730321797021,12,12
291,1.0,two_day,sharp,0.2451171875,-3.8617209450947283,-9.354730321797021,12,12
291,1.0,two_day,weak,0.099609375,-6.419855624925059,-9.354730321797021,12,12
291,1.0,two_day,weak_skew,0.3740234375,-3.0551394320800203,-9.354730321797021,12,12
291,1.0,four_day,alt,0.1875,-6.448070769380859,-9.354730321797021,6,12
291,1.0,four_day,sharp,0.71875,1.366198555714084,-9.354730321797021,6,12
291,1.0,four_day,weak,0.4375,5.845615273364156,-9.354730321797021,6,12
291,1.0,four_day,weak_skew,0.5625,4.930048836178894,-9.354730321797021,6,12
292,1.0,daily,alt,0.5728854229154169,-1.2997412479671742,-7.210934158993197,12,12
292,1.0,daily,sharp,0.5776844631073785,1.1300334636640355,-7.210934158993197,12,12
292,1.0,daily,weak,0.5850829834033193,-1.2146581173813686,-7.210934158993197,12,12
292,1.0,daily,weak_skew,0.41291741651669667,2.479077459346234,-7.210934158993197,12,12
292,1.0,two_day,alt,0.47119140625,-3.0417822751507706,-7.210934158993197,12,12
292,1.0,two_day,sharp,0.599609375,1.622186753171432,-7.210934158993197,12,12
292,1.0,two_day,weak,0.2412109375,4.407219548049806,-7.210934158993197,12,12
292,1.0,two_day,weak_skew,0.64208984375,-1.4528734468814524,-7.210934158993197,12,12
292,1.0,four_day,alt,0.03125,-9.470161431761797,-7.210934158993197,6,12
292,1.0,four_day,sharp,0.28125,-2.0560808950278116,-7.210934158993197,6,12
292,1.0,four_day,weak,0.84375,-0.725918340795257,-7.210934158993197,6,12
292,1.0,four_day,weak_skew,0.03125,-5.023301222255166,-7.210934158993197,6,12
293,1.0,daily,alt,0.8368326334733054,0.6167956399915523,-6.656471116738274,12,12
293,1.0,daily,sharp,0.15836832633473305,4.0907556450503,-6.656471116738274,12,12
293,1.0,daily,weak,0.2445510897820436,4.667451189488541,-6.656471116738274,12,12
293,1.0,daily,weak_skew,0.5438912217556489,1.8822679763580659,-6.656471116738274,12,12
293,1.0,two_day,alt,0.1806640625,-5.744098983970311,-6.656471116738274,12,12
293,1.0,two_day,sharp,0.49609375,-2.1513505791325254,-6.656471116738274,12,12
293,1.0,two_day,weak,0.55126953125,1.7333531202241819,-6.656471116738274,12,12
293,1.0,two_day,weak_skew,0.197265625,-4.962005345757148,-6.656471116738274,12,12
293,1.0,four_day,alt,0.0625,-14.050167113548738,-6.656471116738274,6,12
293,1.0,four_day,sharp,0.21875,-7.595704482203252,-6.656471116738274,6,12
293,1.0,four_day,weak,0.59375,-2.3084357546025345,-6.656471116738274,6,12
293,1.0,four_day,weak_skew,0.5,-5.711323037735478,-6.656471116738274,6,12
294,1.0,daily,alt,0.05378924215156969,-4.199070110326168,-7.421904642162893,12,12
294,1.0,daily,sharp,0.36212757448510297,-1.575530602924746,-7.421904642162893,12,12
294,1.0,daily,weak,0.11297740451909619,-2.53525302255874,-7.421904642162893,12,12
294,1.0,daily,weak_skew,0.5512897420515896,-1.000933683415936,-7.421904642162893,12,12
294,1.0,two_day,alt,0.08056640625,-6.513590942995401,-7.421904642162893,12,12
294,1.0,two_day,sharp,0.97119140625,0.07702319755250346,-7.421904642162893,12,12
294,1.0,two_day,weak,0.20068359375,4.452059880692546,-7.421904642162893,12,12
294,1.0,two_day,weak_skew,0.5419921875,2.0712562129250993,-7.421904642162893,12,12
294,1.0,four_day,alt,0.25,-5.31619128827387,-7.421904642162893,6,12
294,1.0,four_day,sharp,0.75,1.0688059050743053,-7.421904642162893,6,12
294,1.0,four_day,weak,0.90625,0.578468380520801,-7.421904642162893,6,12
294,1.0,four_day,weak_skew,0.8125,1.0828434110763538,-7.421904642162893,6,12
295,1.0,daily,alt,0.9518096380723855,-0.1985865997371441,-5.437867947778834,12,12
295,1.0,daily,sharp,0.7968406318736253,0.2965972873686494,-5.437867947778834,12,12
295,1.0,daily,weak,0.5282943411317736,1.2660564122744258,-5.437867947778834,12,12
295,1.0,daily,weak_skew,0.7144571085782844,0.7424364012804675,-5.437867947778834,12,12
295,1.0,two_day,alt,0.54443359375,5.326290731022857,-5.437867947778834,12,12
295,1.0,two_day,sharp,0.4560546875,1.2540738390965984,-5.437867947778834,12,12
295,1.0,two_day,weak,0.30517578125,-2.95434325270449,-5.437867947778834,12,12
295,1.0,two_day,weak_skew,0.5205078125,1.3909435890321025,-5.437867947778834,12,12
295,1.0,four_day,alt,0.125,-10.627303564123645,-5.437867947778834,6,12
295,1.0,four_day,sharp,0.21875,-3.955826369530371,-5.437867947778834,6,12
295,1.0,four_day,weak,0.84375,-0.7183156583933877,-5.437867947778834,6,12
295,1.0,four_day,weak_skew,0.59375,-2.421342167149934,-5.437867947778834,6,12
296,1.0,daily,alt,0.2525494901019796,7.116801578841675,-4.754801435683319,12,12
296,1.0,daily,sharp,0.07778444311137772,4.260180974724135,-4.754801435683319,12,12
296,1.0,daily,weak,0.1241751649670066,4.068764050345627,-4.754801435683319,12,12
296,1.0,daily,weak_skew,0.09998000399920016,5.890249636070504,-4.754801435683319,12,12
296,1.0,two_day,alt,0.44873046875,7.923058524553947,-4.754801435683319,12,12
296,1.0,two_day,sharp,0.28759765625,3.652839598424036,-4.754801435683319,12,12
296,1.0,two_day,weak,0.0419921875,8.617951654783692,-4.754801435683319,12,12
296,1.0,two_day,weak_skew,0.27001953125,4.740315926843715,-4.754801435683319,12,12
296,1.0,four_day,alt,0.75,1.515954310419918,-4.754801435683319,6,12
296,1.0,four_day,sharp,0.21875,5.781884073059312,-4.754801435683319,6,12
296,1.0,four_day,weak,0.09375,9.835854392765249,-4.754801435683319,6,12
296,1.0,four_day,weak_skew,0.46875,2.477445784707342,-4.754801435683319,6,12
297,1.0,daily,alt,0.7136572685462907,-0.7942286034868579,-5.312183167909389,12,12
297,1.0,daily,sharp,0.28094381123775247,2.3317600977306037,-5.312183167909389,12,12
297,1.0,daily,weak,0.26354729054189163,3.3158065552054783,-5.312183167909389,12,12
297,1.0,daily,weak_skew,0.3243351329734053,2.2140964252630932,-5.312183167909389,12,12
297,1.0,two_day,alt,0.0654296875,-5.022330792948346,-5.312183167909389,12,12
297,1.0,two_day,sharp,0.7705078125,0.5848117627824442,-5.312183167909389,12,12
297,1.0,two_day,weak,0.15673828125,5.286612395838603,-5.312183167909389,12,12
297,1.0,two_day,weak_skew,0.51904296875,-1.4545556660999346,-5.312183167909389,12,12
297,1.0,four_day,alt,0.96875,0.23580581414895127,-5.312183167909389,6,12
297,1.0,four_day,sharp,0.375,3.5005340611186604,-5.312183167909389,6,12
297,1.0,four_day,weak,0.625,2.7100824029942587,-5.312183167909389,6,12
297,1.0,four_day,weak_skew,0.78125,1.9071843587555588,-5.312183167909389,6,12
298,1.0,daily,alt,0.28994201159768046,-2.534842289990982,-4.86701947071095,12,12
298,1.0,daily,sharp,0.7846430713857229,-0.610568362329636,-4.86701947071095,12,12
298,1.0,daily,weak,0.7540491901619676,-1.1531608023397346,-4.86701947071095,12,12
298,1.0,daily,weak_skew,0.7222555488902219,1.26813312076771,-4.86701947071095,12,12
298,1.0,two_day,alt,0.2021484375,-5.06889332649732,-4.86701947071095,12,12
298,1.0,two_day,sharp,0.44482421875,-2.5358038136133345,-4.86701947071095,12,12
298,1.0,two_day,weak,0.01904296875,-9.362824490189483,-4.86701947071095,12,12
298,1.0,two_day,weak_skew,0.5849609375,-1.6362442652514304,-4.86701947071095,12,12
298,1.0,four_day,alt,0.40625,-2.9672752739247805,-4.86701947071095,6,12
298,1.0,four_day,sharp,0.9375,-0.13747988061034633,-4.86701947071095,6,12
298,1.0,four_day,weak,0.875,0.555902755107636,-4.86701947071095,6,12
298,1.0,four_day,weak_skew,0.625,2.135195889344511,-4.86701947071095,6,12
299,1.0,daily,alt,0.41831633673265345,-1.8009222608729043,-9.120933733483852,12,12
299,1.0,daily,sharp,0.22395520895820836,2.2074163192234093,-9.120933733483852,12,12
299,1.0,daily,weak,0.09798040391921616,3.470678111992738,-9.120933733483852,12,12
299,1.0,daily,weak_skew,0.23195360927814437,4.148245042079697,-9.120933733483852,12,12
299,1.0,two_day,alt,0.51123046875,-1.8046403314825763,-9.120933733483852,12,12
299,1.0,two_day,sharp,0.27783203125,3.16787649558945,-9.120933733483852,12,12
299,1.0,two_day,weak,0.02734375,7.597354644811063,-9.120933733483852,12,12
299,1.0,two_day,weak_skew,0.67138671875,1.6697206943474725,-9.120933733483852,12,12
299,1.0,four_day,alt,0.0625,-11.386308600744238,-9.120933733483852,6,12
299,1.0,four_day,sharp,0.375,-4.278222058429122,-9.120933733483852,6,12
299,1.0,four_day,weak,0.5,-4.9326422635514975,-9.120933733483852,6,12
299,1.0,four_day,weak_skew,0.90625,-0.9074725645777567,-9.120933733483852,6,12
300,1.0,daily,alt,0.049590081983603276,-3.3899786805160304,-7.436373209199786,12,12
300,1.0,daily,sharp,0.7034593081383723,-0.4042129034178057,-7.436373209199786,12,12
300,1.0,daily,weak,0.09298140371925614,-2.695615002579865,-7.436373209199786,12,12
300,1.0,daily,weak_skew,0.4851029794041192,-1.0683750364417328,-7.436373209199786,12,12
300,1.0,two_day,alt,0.55322265625,-1.7818732577429284,-7.436373209199786,12,12
300,1.0,two_day,sharp,0.2568359375,3.0612210403811257,-7.436373209199786,12,12
300,1.0,two_day,weak,0.45361328125,-3.167297019453491,-7.436373209199786,12,12
300,1.0,two_day,weak_skew,0.06591796875,6.496612700152767,-7.436373209199786,12,12
300,1.0,four_day,alt,0.3125,-3.241857123098535,-7.436373209199786,6,12
300,1.0,four_day,sharp,0.4375,2.444687878927624,-7.436373209199786,6,12
300,1.0,four_day,weak,0.09375,6.326952621070126,-7.436373209199786,6,12
300,1.0,four_day,weak_skew,0.15625,5.083337400556118,-7.436373209199786,6,12
301,1.0,daily,alt,0.02519496100779844,-3.7468960039267127,-6.43227305007904,12,12
301,1.0,daily,sharp,0.11757648470305938,-2.6701320581438126,-6.43227305007904,12,12
301,1.0,daily,weak,0.09538092381523695,-4.4840488041315645,-6.43227305007904,12,12
301,1.0,daily,weak_skew,0.1867626474705059,-2.569014909877643,-6.43227305007904,12,12
301,1.0,two_day,alt,0.23779296875,-2.440036441598743,-6.43227305007904,12,12
301,1.0,two_day,sharp,0.328125,1.5099332890483488,-6.43227305007904,12,12
301,1.0,two_day,weak,0.65625,-1.1022751330690994,-6.43227305007904,12,12
301,1.0,two_day,weak_skew,0.42529296875,1.475828204593767,-6.43227305007904,12,12
301,1.0,four_day,alt,0.34375,-2.919206402386873,-6.43227305007904,6,12
301,1.0,four_day,sharp,0.53125,0.6621523859259888,-6.43227305007904,6,12
301,1.0,four_day,weak,0.84375,1.879640030674004,-6.43227305007904,6,12
301,1.0,four_day,weak_skew,0.625,3.487844126099277,-6.43227305007904,6,12
302,1.0,daily,alt,0.373125374925015,-2.350367498481173,-7.005421259508502,12,12
302,1.0,daily,sharp,0.3065386922615477,2.182624736099673,-7.005421259508502,12,12
302,1.0,daily,weak,0.6692661467706459,1.426317339557442,-7.005421259508502,12,12
302,1.0,daily,weak_skew,0.21455708858228353,4.559024973692182,-7.005421259508502,12,12
302,1.0,two_day,alt,0.05810546875,-7.21636091714813,-7.005421259508502,12,12
302,1.0,two_day,sharp,0.6357421875,-1.6465424397951238,-7.005421259508502,12,12
302,1.0,two_day,weak,0.58984375,-2.388301145911136,-7.005421259508502,12,12
302,1.0,two_day,weak_skew,0.4521484375,-2.7024282067034444,-7.005421259508502,12,12
302,1.0,four_day,alt,0.4375,-5.122802141531751,-7.005421259508502,6,12
302,1.0,four_day,sharp,0.9375,0.8413436071401499,-7.005421259508502,6,12
302,1.0,four_day,weak,0.375,5.761761215222864,-7.005421259508502,6,12
302,1.0,four_day,weak_skew,0.96875,1.845885802699416,-7.005421259508502,6,12
303,1.0,daily,alt,0.0647870425914817,-4.208868387164418,-6.3968900149915555,12,12
303,1.0,daily,sharp,0.3145370925814837,-1.5433625415004713,-6.3968900149915555,12,12
303,1.0,daily,weak,0.08138372325534893,-4.971483143431585,-6.3968900149915555,12,12
303,1.0,daily,weak_skew,0.22695460907818435,-2.887832196383298,-6.3968900149915555,12,12
303,1.0,two_day,alt,0.267578125,-3.698337543672243,-6.3968900149915555,12,12
303,1.0,two_day,sharp,0.591796875,-1.142194357317825,-6.3968900149915555,12,12
303,1.0,two_day,weak,0.369140625,2.640603672341713,-6.3968900149915555,12,12
303,1.0,two_day,weak_skew,0.76904296875,0.670536818799798,-6.3968900149915555,12,12
303,1.0,four_day,alt,0.53125,-1.9377543037310414,-6.3968900149915555,6,12
303,1.0,four_day,sharp,0.75,0.6761088644530465,-6.3968900149915555,6,12
303,1.0,four_day,weak,0.53125,-2.4880085504819065,-6.3968900149915555,6,12
303,1.0,four_day,weak_skew,0.96875,-0.11226095281738797,-6.3968900149915555,6,12
304,1.0,daily,alt,0.8442311537692462,-0.5213327891362495,-5.707914602527524,12,12
304,1.0,daily,sharp,0.7376524695060988,0.6183886252644731,-5.707914602527524,12,12
304,1.0,daily,weak,0.7354529094181164,-1.1075396704402098,-5.707914602527524,12,12
304,1.0,daily,weak_skew,0.42811437712457506,3.68742038841169,-5.707914602527524,12,12
304,1.0,two_day,alt,0.083984375,-4.311658541193067,-5.707914602527524,12,12
304,1.0,two_day,sharp,0.72314453125,-0.7242530775481152,-5.707914602527524,12,12
304,1.0,two_day,weak,0.10400390625,4.272001014697369,-5.707914602527524,12,12
304,1.0,two_day,weak_skew,0.82958984375,-0.6376083015964819,-5.707914602527524,12,12
304,1.0,four_day,alt,0.125,-5.93356895483062,-5.707914602527524,6,12
304,1.0,four_day,sharp,0.59375,-1.5387260244177579,-5.707914602527524,6,12
304,1.0,four_day,weak,0.46875,1.3521625407151074,-5.707914602527524,6,12
304,1.0,four_day,weak_skew,0.4375,-2.0347801667207364,-5.707914602527524,6,12
305,1.0,daily,alt,0.11217756448710257,-3.825907629125773,-6.642447327786542,12,12
305,1.0,daily,sharp,0.8104379124175165,0.4523319471650827,-6.642447327786542,12,12
305,1.0,daily,weak,0.7658468306338733,0.9463135546208399,-6.642447327786542,12,12
305,1.0,daily,weak_skew,0.9062187562487503,-0.37958220766324224,-6.642447327786542,12,12
305,1.0,two_day,alt,0.72412109375,-1.46018508564418,-6.642447327786542,12,12
305,1.0,two_day,sharp,0.47314453125,1.9159712812252814,-6.642447327786542,12,12
305,1.0,two_day,weak,0.80615234375,-0.9148913099328754,-6.642447327786542,12,12
305,1.0,two_day,weak_skew,0.7412109375,1.7585193549788614,-6.642447327786542,12,12
305,1.0,four_day,alt,0.0625,-4.659248353448938,-6.642447327786542,6,12
305,1.0,four_day,sharp,0.15625,1.47378735739618,-6.642447327786542,6,12
305,1.0,four_day,weak,0.4375,3.6282369424830763,-6.642447327786542,6,12
305,1.0,four_day,weak_skew,0.28125,3.679231578780932,-6.642447327786542,6,12
306,1.0,daily,alt,0.9402119576084783,-0.15522778609645785,-2.1544159724123517,12,12
306,1.0,daily,sharp,0.7616476704659069,0.4549099281755821,-2.1544159724123517,12,12
306,1.0,daily,weak,0.7274545090981803,-0.7120966608795717,-2.1544159724123517,12,12
306,1.0,daily,weak_skew,0.20235952809438112,3.274929010916227,-2.1544159724123517,12,12
306,1.0,two_day,alt,0.244140625,-2.7245182621394917,-2.1544159724123517,12,12
306,1.0,two_day,sharp,0.55029296875,-1.1071285602836962,-2.1544159724123517,12,12
306,1.0,two_day,weak,0.57861328125,-1.9387962353865913,-2.1544159724123517,12,12
306,1.0,two_day,weak_skew,0.61328125,-1.2890189318207341,-2.1544159724123517,12,12
306,1.0,four_day,alt,0.375,-3.8221662899562325,-2.1544159724123517,6,12
306,1.0,four_day,sharp,0.46875,-2.7169772975309137,-2.1544159724123517,6,12
306,1.0,four_day,weak,0.75,1.4562341711776707,-2.1544159724123517,6,12
306,1.0,four_day,weak_skew,0.375,-5.252110317964461,-2.1544159724123517,6,12
307,1.0,daily,alt,0.22075584883023394,-2.9140106406918043,-5.415809121928859,12,12
307,1.0,daily,sharp,0.979004199160168,0.07398225345909755,-5.415809121928859,12,12
307,1.0,daily,weak,0.6746650669866027,-1.1877367809099375,-5.415809121928859,12,12
307,1.0,daily,weak_skew,0.40471905618876225,-2.4647550514359957,-5.415809121928859,12,12
307,1.0,two_day,alt,0.341796875,-2.797448800830327,-5.415809121928859,12,12
307,1.0,two_day,sharp,0.63330078125,-1.455020274204679,-5.415809121928859,12,12
307,1.0,two_day,weak,0.75537109375,-1.4205819903968706,-5.415809121928859,12,12
307,1.0,two_day,weak_skew,0.7978515625,-1.0956907540646075,-5.415809121928859,12,12
307,1.0,four_day,alt,0.0625,-6.906209965597479,-5.415809121928859,6,12
307,1.0,four_day,sharp,0.25,-2.7076764178355823,-5.415809121928859,6,12
307,1.0,four_day,weak,0.0625,-7.890330304452753,-5.415809121928859,6,12
307,1.0,four_day,weak_skew,0.34375,-4.749062026217575,-5.415809121928859,6,12
308,1.0,daily,alt,0.3773245350929814,-2.0130220887860113,-6.142182310424914,12,12
308,1.0,daily,sharp,0.4441111777644471,1.308025659481291,-6.142182310424914,12,12
308,1.0,daily,weak,0.6028794241151769,-1.880858623983037,-6.142182310424914,12,12
308,1.0,daily,weak_skew,0.20755848830233953,2.551301870840693,-6.142182310424914,12,12
308,1.0,two_day,alt,0.3095703125,-2.442992647606308,-6.142182310424914,12,12
308,1.0,two_day,sharp,0.36962890625,1.9936542803703088,-6.142182310424914,12,12
308,1.0,two_day,weak,0.8359375,-0.6721890193159451,-6.142182310424914,12,12
308,1.0,two_day,weak_skew,0.7998046875,0.6448776452515977,-6.142182310424914,12,12
308,1.0,four_day,alt,0.0625,-8.930787732672302,-6.142182310424914,6,12
308,1.0,four_day,sharp,0.3125,-2.7998376521563912,-6.142182310424914,6,12
308,1.0,four_day,weak,0.6875,-2.8060813074737005,-6.142182310424914,6,12
308,1.0,four_day,weak_skew,0.6875,3.407773963050135,-6.142182310424914,6,12
309,1.0,daily,alt,0.21355728854229153,-2.595317735949632,-5.660155237377509,12,12
309,1.0,daily,sharp,0.3547290541891622,1.9503560282711778,-5.660155237377509,12,12
309,1.0,daily,weak,0.0639872025594881,4.767412843657373,-5.660155237377509,12,12
309,1.0,daily,weak_skew,0.42491501699660067,2.366355683516224,-5.660155237377509,12,12
309,1.0,two_day,alt,0.01025390625,-7.971821404835313,-5.660155237377509,12,12
309,1.0,two_day,sharp,0.0439453125,-4.873008589133983,-5.660155237377509,12,12
309,1.0,two_day,weak,0.150390625,-4.4251510834074805,-5.660155237377509,12,12
309,1.0,two_day,weak_skew,0.0048828125,-8.225873004336842,-5.660155237377509,12,12
309,1.0,four_day,alt,0.03125,-11.750772892682143,-5.660155237377509,6,12
309,1.0,four_day,sharp,0.03125,-6.493205975418665,-5.660155237377509,6,12
309,1.0,four_day,weak,0.03125,-13.118855943218984,-5.660155237377509,6,12
309,1.0,four_day,weak_skew,0.09375,-6.371602118836044,-5.660155237377509,6,12
310,1.0,daily,alt,0.0001999600079984003,-6.664061144794619,-8.21996609681802,12,12
310,1.0,daily,sharp,0.07178564287142572,-1.5335539480156406,-8.21996609681802,12,12
310,1.0,daily,weak,0.8630273945210958,-0.2579881670314865,-8.21996609681802,12,12
310,1.0,daily,weak_skew,0.29154169166166766,-1.8943486095480708,-8.21996609681802,12,12
310,1.0,two_day,alt,0.99365234375,1.746218841470866,-8.21996609681802,12,12
310,1.0,two_day,sharp,0.158203125,3.4019855265397454,-8.21996609681802,12,12
310,1.0,two_day,weak,0.7880859375,1.825106483081414,-8.21996609681802,12,12
310,1.0,two_day,weak_skew,0.3671875,4.484899223888454,-8.21996609681802,12,12
310,1.0,four_day,alt,0.0625,-7.879708023283634,-8.21996609681802,6,12
310,1.0,four_day,sharp,0.65625,-0.7685292106727566,-8.21996609681802,6,12
310,1.0,four_day,weak,0.4375,-3.290724603634613,-8.21996609681802,6,12
310,1.0,four_day,weak_skew,0.09375,-5.157105646647633,-8.21996609681802,6,12
311,1.0,daily,alt,0.36212757448510297,3.1061105592640206,-2.52821989191974,12,12
311,1.0,daily,sharp,0.1285742851429714,3.8072503551129215,-2.52821989191974,12,12
311,1.0,daily,weak,0.11297740451909619,4.549750720090104,-2.52821989191974,12,12
311,1.0,daily,weak_skew,0.2391521695660868,3.644418071683299,-2.52821989191974,12,12
311,1.0,two_day,alt,0.40380859375,3.556762054203825,-2.52821989191974,12,12
311,1.0,two_day,sharp,0.466796875,2.665994153533649,-2.52821989191974,12,12
311,1.0,two_day,weak,0.58837890625,2.7218366948075743,-2.52821989191974,12,12
311,1.0,two_day,weak_skew,0.2958984375,5.272926406399482,-2.52821989191974,12,12
311,1.0,four_day,alt,0.0625,-7.612980419888164,-2.52821989191974,6,12
311,1.0,four_day,sharp,0.21875,-5.008632359838269,-2.52821989191974,6,12
311,1.0,four_day,weak,0.90625,1.0952102213720802,-2.52821989191974,6,12
311,1.0,four_day,weak_skew,0.1875,-7.080149479533712,-2.52821989191974,6,12
312,1.0,daily,alt,0.001999600079984003,-7.100662700984643,-5.8852646303275264,12,12
312,1.0,daily,sharp,0.03159368126374725,-3.810553736748748,-5.8852646303275264,12,12
312,1.0,daily,weak,0.14897020595880825,-4.210314749900229,-5.8852646303275264,12,12
312,1.0,daily,weak_skew,0.03459308138372325,-4.909242187013981,-5.8852646303275264,12,12
312,1.0,two_day,alt,0.89794921875,-0.4948536514800536,-5.8852646303275264,12,12
312,1.0,two_day,sharp,0.95654296875,0.11812313086987973,-5.8852646303275264,12,12
312,1.0,two_day,weak,0.75830078125,-1.1236826455333908,-5.8852646303275264,12,12
312,1.0,two_day,weak_skew,0.2568359375,4.2933402829127685,-5.8852646303275264,12,12
312,1.0,four_day,alt,0.40625,-3.1039619444572075,-5.8852646303275264,6,12
312,1.0,four_day,sharp,0.875,1.0289473666418327,-5.8852646303275264,6,12
312,1.0,four_day,weak,0.9375,0.47712033501941065,-5.8852646303275264,6,12
312,1.0,four_day,weak_skew,0.5,5.6910470008633185,-5.8852646303275264,6,12
313,1.0,daily,alt,0.020395920815836834,-5.342028198143832,-5.886947067388398,12,12
313,1.0,daily,sharp,0.6516696660667867,-0.8313071278328122,-5.886947067388398,12,12
313,1.0,daily,weak,0.6736652669466107,-1.124567089973355,-5.886947067388398,12,12
313,1.0,daily,weak_skew,0.7254549090181963,-0.8141866128442524,-5.886947067388398,12,12
313,1.0,two_day,alt,0.97509765625,0.0933025530122998,-5.886947067388398,12,12
313,1.0,two_day,sharp,0.1162109375,4.521234423809688,-5.886947067388398,12,12
313,1.0,two_day,weak,0.12451171875,6.093202128561612,-5.886947067388398,12,12
313,1.0,two_day,weak_skew,0.27001953125,4.388161934381353,-5.886947067388398,12,12
313,1.0,four_day,alt,0.0625,-5.493840092862978,-5.886947067388398,6,12
313,1.0,four_day,sharp,1.0,-0.04332686794958699,-5.886947067388398,6,12
313,1.0,four_day,weak,0.65625,-1.3351401954831665,-5.886947067388398,6,12
313,1.0,four_day,weak_skew,0.78125,1.4473202671921233,-5.886947067388398,6,12
314,1.0,daily,alt,0.8170365926814637,-0.594661483274559,-6.171057479999575,12,12
314,1.0,daily,sharp,0.8468306338732253,-0.5009442552498621,-6.171057479999575,12,12
314,1.0,daily,weak,0.29574085182963405,-2.6339062940115023,-6.171057479999575,12,12
314,1.0,daily,weak_skew,0.504499100179964,3.1362809507479095,-6.171057479999575,12,12
314,1.0,two_day,alt,0.64892578125,1.6043754653465576,-6.171057479999575,12,12
314,1.0,two_day,sharp,0.130859375,3.6131323038411955,-6.171057479999575,12,12
314,1.0,two_day,weak,0.25537109375,3.9013114553777872,-6.171057479999575,12,12
314,1.0,two_day,weak_skew,0.099609375,7.788540613802095,-6.171057479999575,12,12
314,1.0,four_day,alt,0.34375,-4.840591737532832,-6.171057479999575,6,12
314,1.0,four_day,sharp,0.3125,-2.436647799247158,-6.171057479999575,6,12
314,1.0,four_day,weak,0.65625,-3.008554765902739,-6.171057479999575,6,12
314,1.0,four_day,weak_skew,0.65625,-2.42577471518169,-6.171057479999575,6,12
315,1.0,daily,alt,0.007398520295940812,-8.640018979397105,-10.828796990325372,12,12
315,1.0,daily,sharp,0.33713257348530296,-2.1766695648717107,-10.828796990325372,12,12
315,1.0,daily,weak,0.10037992401519696,-4.374111035118651,-10.828796990325372,12,12
315,1.0,daily,weak_skew,0.5956808638272345,-1.4630419046499707,-10.828796990325372,12,12
315,1.0,two_day,alt,0.10400390625,-7.344158419329368,-10.828796990325372,12,12
315,1.0,two_day,sharp,0.90673828125,-0.41703722207689964,-10.828796990325372,12,12
315,1.0,two_day,weak,0.37109375,-4.172131192005327,-10.828796990325372,12,12
315,1.0,two_day,weak_skew,0.6650390625,-1.6124853545115492,-10.828796990325372,12,12
315,1.0,four_day,alt,0.1875,-11.226417577623826,-10.828796990325372,6,12
315,1.0,four_day,sharp,0.5,-4.571064250402752,-10.828796990325372,6,12
315,1.0,four_day,weak,0.84375,1.1954548509847562,-10.828796990325372,6,12
315,1.0,four_day,weak_skew,0.40625,-4.515155501086806,-10.828796990325372,6,12
316,1.0,daily,alt,0.7406518696260748,-0.6979353000543789,-8.868425726502252,12,12
316,1.0,daily,sharp,0.0597880423915217,3.7108504009734022,-8.868425726502252,12,12
316,1.0,daily,weak,0.08998200359928014,3.0413847030767336,-8.868425726502252,12,12
316,1.0,daily,weak_skew,0.22415516896620677,4.112433595907318,-8.868425726502252,12,12
316,1.0,two_day,alt,0.4169921875,-2.5335171151762794,-8.868425726502252,12,12
316,1.0,two_day,sharp,0.2255859375,3.9593492568116093,-8.868425726502252,12,12
316,1.0,two_day,weak,0.79443359375,1.296739695691062,-8.868425726502252,12,12
316,1.0,two_day,weak_skew,0.564453125,1.9249642240995524,-8.868425726502252,12,12
316,1.0,four_day,alt,0.03125,-8.876747074566175,-8.868425726502252,6,12
316,1.0,four_day,sharp,0.4375,-1.5437945881954167,-8.868425726502252,6,12
316,1.0,four_day,weak,0.8125,1.062014236890575,-8.868425726502252,6,12
316,1.0,four_day,weak_skew,0.4375,-2.159928879000512,-8.868425726502252,6,12
317,1.0,daily,alt,0.9958008398320336,0.021828914066788958,-7.118627384335383,12,12
317,1.0,daily,sharp,0.6194761047790442,1.4521257534738279,-7.118627384335383,12,12
317,1.0,daily,weak,0.8446310737852429,0.5376781361622083,-7.118627384335383,12,12
317,1.0,daily,weak_skew,0.11197760447910418,6.0832644942144976,-7.118627384335383,12,12
317,1.0,two_day,alt,0.2255859375,5.197852322530575,-7.118627384335383,12,12
317,1.0,two_day,sharp,0.01171875,9.561511905669294,-7.118627384335383,12,12
317,1.0,two_day,weak,0.00048828125,13.76103205117577,-7.118627384335383,12,12
317,1.0,two_day,weak_skew,0.029296875,9.719881318734574,-7.118627384335383,12,12
317,1.0,four_day,alt,0.1875,-7.056964541263077,-7.118627384335383,6,12
317,1.0,four_day,sharp,0.84375,-0.8438147626331146,-7.118627384335383,6,12
317,1.0,four_day,weak,0.75,-3.090684448890945,-7.118627384335383,6,12
317,1.0,four_day,weak_skew,0.5,-3.901431234584544,-7.118627384335383,6,12
318,1.0,daily,alt,0.05318936212757448,-5.85427837079273,-6.63802456215609,12,12
318,1.0,daily,sharp,0.236752649470106,-2.49779826593006,-6.63802456215609,12,12
318,1.0,daily,weak,0.07398520295940812,-5.145977475809786,-6.63802456215609,12,12
318,1.0,daily,weak_skew,0.7252549490101979,-1.3549897964352215,-6.63802456215609,12,12
318,1.0,two_day,alt,0.162109375,-7.1808628838193265,-6.63802456215609,12,12
318,1.0,two_day,sharp,0.3447265625,-3.0374018264860294,-6.63802456215609,12,12
318,1.0,two_day,weak,0.4072265625,-3.318139840601295,-6.63802456215609,12,12
318,1.0,two_day,weak_skew,0.2041015625,-5.247231894346608,-6.63802456215609,12,12
318,1.0,four_day,alt,0.5,-4.773570194474034,-6.63802456215609,6,12
318,1.0,four_day,sharp,1.0,0.19138515594790798,-6.63802456215609,6,12
318,1.0,four_day,weak,0.5,2.340729015484257,-6.63802456215609,6,12
318,1.0,four_day,weak_skew,0.1875,5.4274541696373975,-6.63802456215609,6,12
319,1.0,daily,alt,0.704259148170366,2.5408500444986863,-2.050447485281339,12,12
319,1.0,daily,sharp,0.5322935412917417,2.7432248499072323,-2.050447485281339,12,12
319,1.0,daily,weak,0.4903019396120776,2.9519278829623965,-2.050447485281339,12,12
319,1.0,daily,weak_skew,0.8774245150969806,-0.7466395864494727,-2.050447485281339,12,12
319,1.0,two_day,alt,0.65673828125,-2.4026192243543316,-2.050447485281339,12,12
319,1.0,two_day,sharp,0.5673828125,-2.2449125611027685,-2.050447485281339,12,12
319,1.0,two_day,weak,0.58447265625,-3.098038783543357,-2.050447485281339,12,12
319,1.0,two_day,weak_skew,0.3896484375,-3.787257309225548,-2.050447485281339,12,12
319,1.0,four_day,alt,0.46875,10.426150175012339,-2.050447485281339,6,12
319,1.0,four_day,sharp,0.25,8.066604897176521,-2.050447485281339,6,12
319,1.0,four_day,weak,0.4375,4.306872217595909,-2.050447485281339,6,12
319,1.0,four_day,weak_skew,0.625,2.814637296193497,-2.050447485281339,6,12
320,1.0,daily,alt,0.0007998400319936012,-6.1997206208033,-10.317710331527287,12,12
320,1.0,daily,sharp,0.5576884623075385,0.8679064347807278,-10.317710331527287,12,12
320,1.0,daily,weak,0.6824635072985403,1.0340216758209717,-10.317710331527287,12,12
320,1.0,daily,weak_skew,0.4495100979804039,1.5810234441033792,-10.317710331527287,12,12
320,1.0,two_day,alt,0.1845703125,-4.022553895487733,-10.317710331527287,12,12
320,1.0,two_day,sharp,0.21826171875,4.116132039174102,-10.317710331527287,12,12
320,1.0,two_day,weak,0.2978515625,4.56940165612861,-10.317710331527287,12,12
320,1.0,two_day,weak_skew,0.30078125,7.563276565217378,-10.317710331527287,12,12
320,1.0,four_day,alt,0.34375,-2.350501740121041,-10.317710331527287,6,12
320,1.0,four_day,sharp,0.03125,6.54484041223787,-10.317710331527287,6,12
320,1.0,four_day,weak,0.03125,11.798795293069974,-10.317710331527287,6,12
320,1.0,four_day,weak_skew,0.125,11.438822666690754,-10.317710331527287,6,12
321,1.0,daily,alt,0.5088982203559288,-1.5957624971290574,-4.53496387269746,12,12
321,1.0,daily,sharp,0.46430713857228556,1.9124775595427945,-4.53496387269746,12,12
321,1.0,daily,weak,0.26394721055788845,2.7894891426211266,-4.53496387269746,12,12
321,1.0,daily,weak_skew,0.43331333733253347,2.7039103692709077,-4.53496387269746,12,12
321,1.0,two_day,alt,0.28271484375,-3.7010124662525024,-4.53496387269746,12,12
321,1.0,two_day,sharp,0.5732421875,1.1738238625065882,-4.53496387269746,12,12
321,1.0,two_day,weak,0.52001953125,-2.3418315268807004,-4.53496387269746,12,12
321,1.0,two_day,weak_skew,0.9365234375,0.26109400145708267,-4.53496387269746,12,12
321,1.0,four_day,alt,0.9375,1.075018490260927,-4.53496387269746,6,12
321,1.0,four_day,sharp,0.25,5.035048174499541,-4.53496387269746,6,12
321,1.0,four_day,weak,0.46875,2.9830611970102296,-4.53496387269746,6,12
321,1.0,four_day,weak_skew,0.3125,9.780876826527798,-4.53496387269746,6,12
322,1.0,daily,alt,0.6912617476504699,-1.6210637190889987,-6.7919217701416414,12,12
322,1.0,daily,sharp,0.9648070385922816,0.16160637521764265,-6.7919217701416414,12,12
322,1.0,daily,weak,0.9446110777844431,0.22221133814155358,-6.7919217701416414,12,12
322,1.0,daily,weak_skew,0.9206158768246351,-0.3903301508663552,-6.7919217701416414,12,12
322,1.0,two_day,alt,0.79248046875,-1.1766562951546942,-6.7919217701416414,12,12
322,1.0,two_day,sharp,0.60498046875,2.323118719231749,-6.7919217701416414,12,12
322,1.0,two_day,weak,0.763671875,-1.536133094464421,-6.7919217701416414,12,12
322,1.0,two_day,weak_skew,0.490234375,3.812006222949423,-6.7919217701416414,12,12
322,1.0,four_day,alt,0.8125,-1.8730528381740197,-6.7919217701416414,6,12
322,1.0,four_day,sharp,0.75,1.8934068193478606,-6.7919217701416414,6,12
322,1.0,four_day,weak,0.0625,9.26655709941564,-6.7919217701416414,6,12
322,1.0,four_day,weak_skew,0.0625,5.551663528274326,-6.7919217701416414,6,12
323,1.0,daily,alt,0.785242951409718,-0.6089851281583011,-6.619719241430516,12,12
323,1.0,daily,sharp,0.12917416516696661,2.2722712930308173,-6.619719241430516,12,12
323,1.0,daily,weak,0.22715456908618276,2.9880121943251994,-6.619719241430516,12,12
323,1.0,daily,weak_skew,0.47470505898820237,2.188173962582871,-6.619719241430516,12,12
323,1.0,two_day,alt,0.05078125,-4.310544490938358,-6.619719241430516,12,12
323,1.0,two_day,sharp,0.927734375,0.18403075819326395,-6.619719241430516,12,12
323,1.0,two_day,weak,0.5478515625,-2.42933705902689,-6.619719241430516,12,12
323,1.0,two_day,weak_skew,0.876953125,0.5919259435325722,-6.619719241430516,12,12
323,1.0,four_day,alt,0.28125,-4.4818343336746445,-6.619719241430516,6,12
323,1.0,four_day,sharp,0.9375,-0.22629967834335693,-6.619719241430516,6,12
323,1.0,four_day,weak,0.6875,1.9397705974602495,-6.619719241430516,6,12
323,1.0,four_day,weak_skew,0.9375,-0.43354138511521967,-6.619719241430516,6,12
324,1.0,daily,alt,0.8830233953209358,-0.3251852212108754,-7.176289123286246,12,12
324,1.0,daily,sharp,0.25774845030993804,2.3096392024367343,-7.176289123286246,12,12
324,1.0,daily,weak,0.611877624475105,1.4028747259487506,-7.176289123286246,12,12
324,1.0,daily,weak_skew,0.8528294341131774,0.45557863912427327,-7.176289123286246,12,12
324,1.0,two_day,alt,0.0546875,-4.709191424485135,-7.176289123286246,12,12
324,1.0,two_day,sharp,0.79443359375,-0.5255190397604442,-7.176289123286246,12,12
324,1.0,two_day,weak,0.345703125,-3.3218951471286986,-7.176289123286246,12,12
324,1.0,two_day,weak_skew,0.94580078125,0.22831626430358476,-7.176289123286246,12,12
324,1.0,four_day,alt,0.09375,-6.979496710527446,-7.176289123286246,6,12
324,1.0,four_day,sharp,0.8125,-0.48287325790832486,-7.176289123286246,6,12
324,1.0,four_day,weak,0.9375,-0.8811244998661169,-7.176289123286246,6,12
324,1.0,four_day,weak_skew,0.3125,-3.4195873082738815,-7.176289123286246,6,12
325,1.0,daily,alt,0.947010597880424,0.21675568389044386,-8.792331021173062,12,12
325,1.0,daily,sharp,0.13437312537492502,4.935381031145935,-8.792331021173062,12,12
325,1.0,daily,weak,0.21375724855028994,5.353299101196715,-8.792331021173062,12,12
325,1.0,daily,weak_skew,0.28414317136572687,5.269681332952637,-8.792331021173062,12,12
325,1.0,two_day,alt,0.5146484375,-2.441186442491883,-8.792331021173062,12,12
325,1.0,two_day,sharp,0.509765625,1.8871951789375334,-8.792331021173062,12,12
325,1.0,two_day,weak,0.087890625,6.408437113683386,-8.792331021173062,12,12
325,1.0,two_day,weak_skew,0.85107421875,0.5832066011020297,-8.792331021173062,12,12
325,1.0,four_day,alt,0.15625,-9.460701941660524,-8.792331021173062,6,12
325,1.0,four_day,sharp,0.71875,-2.356041998195311,-8.792331021173062,6,12
325,1.0,four_day,weak,0.875,-2.171836192872867,-8.792331021173062,6,12
325,1.0,four_day,weak_skew,0.8125,1.4868845992542152,-8.792331021173062,6,12
326,1.0,daily,alt,0.8312337532493501,-0.8191439536681026,-6.97775369543583,12,12
326,1.0,daily,sharp,0.242751449710058,3.2146155612445817,-6.97775369543583,12,12
326,1.0,daily,weak,0.3463307338532294,2.581570648185826,-6.97775369543583,12,12
326,1.0,daily,weak_skew,0.3105378924215157,3.9512767454525366,-6.97775369543583,12,12
326,1.0,two_day,alt,0.4453125,-2.307925729412983,-6.97775369543583,12,12
326,1.0,two_day,sharp,0.2314453125,2.8254979052007556,-6.97775369543583,12,12
326,1.0,two_day,weak,0.3212890625,4.473597530993587,-6.97775369543583,12,12
326,1.0,two_day,weak_skew,0.98095703125,0.06347623115609657,-6.97775369543583,12,12
326,1.0,four_day,alt,0.0625,-11.529697780094546,-6.97775369543583,6,12
326,1.0,four_day,sharp,0.625,-1.6135656000243135,-6.97775369543583,6,12
326,1.0,four_day,weak,0.75,1.4734548097597038,-6.97775369543583,6,12
326,1.0,four_day,weak_skew,0.40625,-4.129882501125671,-6.97775369543583,6,12
327,1.0,daily,alt,0.001799640071985603,-5.965797353829937,-7.342069634928492,12,12
327,1.0,daily,sharp,0.6490701859628074,-0.8623096405777453,-7.342069634928492,12,12
327,1.0,daily,weak,0.6046790641871626,-1.3411341100197454,-7.342069634928492,12,12
327,1.0,daily,weak_skew,0.9782043591281744,0.08669552746994154,-7.342069634928492,12,12
327,1.0,two_day,alt,0.0322265625,-7.526187130394014,-7.342069634928492,12,12
327,1.0,two_day,sharp,0.171875,-3.8873538086379704,-7.342069634928492,12,12
327,1.0,two_day,weak,0.201171875,-5.282751071153265,-7.342069634928492,12,12
327,1.0,two_day,weak_skew,0.0458984375,-5.947172718552591,-7.342069634928492,12,12
327,1.0,four_day,alt,0.125,-6.754386172021454,-7.342069634928492,6,12
327,1.0,four_day,sharp,0.46875,-1.7497701297235035,-7.342069634928492,6,12
327,1.0,four_day,weak,0.40625,-2.8605734369403386,-7.342069634928492,6,12
327,1.0,four_day,weak_skew,0.53125,-1.5224726293487443,-7.342069634928492,6,12
328,1.0,daily,alt,0.07758448310337933,-3.227336601554896,-8.88607381834602,12,12
328,1.0,daily,sharp,0.371125774845031,1.1668704098296434,-8.88607381834602,12,12
328,1.0,daily,weak,0.31333733253349333,1.8393822805097269,-8.88607381834602,12,12
328,1.0,daily,weak_skew,0.4413117376524695,1.8826915969304814,-8.88607381834602,12,12
328,1.0,two_day,alt,0.66064453125,-2.509105668106585,-8.88607381834602,12,12
328,1.0,two_day,sharp,0.708984375,1.433190717773284,-8.88607381834602,12,12
328,1.0,two_day,weak,0.04150390625,8.33469659615175,-8.88607381834602,12,12
328,1.0,two_day,weak_skew,0.70458984375,-1.559215960955396,-8.88607381834602,12,12
328,1.0,four_day,alt,0.8125,-1.9566318197008765,-8.88607381834602,6,12
328,1.0,four_day,sharp,0.46875,3.2980397017758953,-8.88607381834602,6,12
328,1.0,four_day,weak,0.46875,4.349577146025706,-8.88607381834602,6,12
328,1.0,four_day,weak_skew,0.4375,3.50205670849027,-8.88607381834602,6,12
329,1.0,daily,alt,0.05638872225554889,-4.712140362702903,-9.013950866742611,12,12
329,1.0,daily,sharp,0.3873225354929014,2.5717541669115804,-9.013950866742611,12,12
329,1.0,daily,weak,0.38752249550089984,3.3500421910928924,-9.013950866742611,12,12
329,1.0,daily,weak_skew,0.3021395720855829,4.122661539545607,-9.013950866742611,12,12
329,1.0,two_day,alt,0.15283203125,-3.856003209987102,-9.013950866742611,12,12
329,1.0,two_day,sharp,0.29736328125,3.1388411465888173,-9.013950866742611,12,12
329,1.0,two_day,weak,0.4697265625,3.2386108547577153,-9.013950866742611,12,12
329,1.0,two_day,weak_skew,0.333984375,4.524569429280688,-9.013950866742611,12,12
329,1.0,four_day,alt,0.375,-3.433986043775448,-9.013950866742611,6,12
329,1.0,four_day,sharp,0.28125,4.950301931518097,-9.013950866742611,6,12
329,1.0,four_day,weak,0.59375,2.806493482358382,-9.013950866742611,6,12
329,1.0,four_day,weak_skew,0.59375,3.395304720961383,-9.013950866742611,6,12
330,1.0,daily,alt,0.1375724855028994,-2.855935432855375,-6.654322075645311,12,12
330,1.0,daily,sharp,0.521495700859828,0.5944467261747904,-6.654322075645311,12,12
330,1.0,daily,weak,0.53249350129974,-1.5535234639262658,-6.654322075645311,12,12
330,1.0,daily,weak_skew,0.5882823435312937,1.11371766087601,-6.654322075645311,12,12
330,1.0,two_day,alt,0.35595703125,-1.968381996172636,-6.654322075645311,12,12
330,1.0,two_day,sharp,0.60888671875,0.9289101596530193,-6.654322075645311,12,12
330,1.0,two_day,weak,0.91064453125,0.3592217899324754,-6.654322075645311,12,12
330,1.0,two_day,weak_skew,0.50048828125,2.489546590369912,-6.654322075645311,12,12
330,1.0,four_day,alt,0.125,-6.480878991282104,-6.654322075645311,6,12
330,1.0,four_day,sharp,0.40625,-1.8397872273492648,-6.654322075645311,6,12
330,1.0,four_day,weak,0.09375,-10.351943745457849,-6.654322075645311,6,12
330,1.0,four_day,weak_skew,0.6875,-2.1572376988722346,-6.654322075645311,6,12
331,1.0,daily,alt,0.03559288142371526,-3.835133057783302,-4.708125168794169,12,12
331,1.0,daily,sharp,0.09678064387122576,-2.0273969435972883,-4.708125168794169,12,12
331,1.0,daily,weak,0.26554689062187564,1.5053918404761741,-4.708125168794169,12,12
331,1.0,daily,weak_skew,0.5760847830433913,-1.2467645646232182,-4.708125168794169,12,12
331,1.0,two_day,alt,0.171875,-4.680644659519946,-4.708125168794169,12,12
331,1.0,two_day,sharp,0.62109375,-1.2449158106370966,-4.708125168794169,12,12
331,1.0,two_day,weak,0.68212890625,-1.4476151650515892,-4.708125168794169,12,12
331,1.0,two_day,weak_skew,0.7578125,-0.9761345754230248,-4.708125168794169,12,12
331,1.0,four_day,alt,0.03125,-9.730156145786669,-4.708125168794169,6,12
331,1.0,four_day,sharp,0.03125,-3.3777890344409265,-4.708125168794169,6,12
331,1.0,four_day,weak,0.3125,-3.8254860945950213,-4.708125168794169,6,12
331,1.0,four_day,weak_skew,0.8125,1.1064128945980158,-4.708125168794169,6,12
332,1.0,daily,alt,0.21875624875024996,-2.6121218720091903,-3.0875214967817115,12,12
332,1.0,daily,sharp,0.7166566686662668,0.828169158350418,-3.0875214967817115,12,12
332,1.0,daily,weak,0.6396720655868826,1.0855077737823138,-3.0875214967817115,12,12
332,1.0,daily,weak_skew,0.5652869426114777,3.485038085313702,-3.0875214967817115,12,12
332,1.0,two_day,alt,0.40771484375,-3.3326200962780494,-3.0875214967817115,12,12
332,1.0,two_day,sharp,0.994140625,0.028655018889332712,-3.0875214967817115,12,12
332,1.0,two_day,weak,0.68994140625,2.2574185075045228,-3.0875214967817115,12,12
332,1.0,two_day,weak_skew,0.41796875,-3.6512018507044997,-3.0875214967817115,12,12
332,1.0,four_day,alt,0.375,-2.7440659828267613,-3.0875214967817115,6,12
332,1.0,four_day,sharp,0.78125,1.310902879915029,-3.0875214967817115,6,12
332,1.0,four_day,weak,0.25,-5.2261200580106015,-3.0875214967817115,6,12
332,1.0,four_day,weak_skew,0.75,0.9960984554783655,-3.0875214967817115,6,12
333,1.0,daily,alt,0.7606478704259149,-0.7790819928255649,-6.237019653630462,12,12
333,1.0,daily,sharp,0.20215956808638272,2.8549480584389193,-6.237019653630462,12,12
333,1.0,daily,weak,0.8864227154569086,-0.3822734413768322,-6.237019653630462,12,12
333,1.0,daily,weak_skew,0.8026394721055788,-0.507017467386864,-6.237019653630462,12,12
333,1.0,two_day,alt,0.1142578125,-6.106038012961572,-6.237019653630462,12,12
333,1.0,two_day,sharp,0.63916015625,-1.6678346273152378,-6.237019653630462,12,12
333,1.0,two_day,weak,0.47705078125,-3.2103987851845157,-6.237019653630462,12,12
333,1.0,two_day,weak_skew,0.60888671875,4.606042424610478,-6.237019653630462,12,12
333,1.0,four_day,alt,0.28125,-5.0750872734079016,-6.237019653630462,6,12
333,1.0,four_day,sharp,0.75,-1.1197369159331956,-6.237019653630462,6,12
333,1.0,four_day,weak,0.71875,3.086343802138328,-6.237019653630462,6,12
333,1.0,four_day,weak_skew,0.28125,-5.1170780269605975,-6.237019653630462,6,12
334,1.0,daily,alt,0.3189362127574485,-3.0265807285596646,-4.382115579400697,12,12
334,1.0,daily,sharp,0.4771045790841832,1.246430911523408,-4.382115579400697,12,12
334,1.0,daily,weak,0.2533493301339732,3.323738052295301,-4.382115579400697,12,12
334,1.0,daily,weak_skew,0.20295940811837632,3.3534109619967367,-4.382115579400697,12,12
334,1.0,two_day,alt,0.4638671875,-2.8327864394029874,-4.382115579400697,12,12
334,1.0,two_day,sharp,0.849609375,0.5631790141962453,-4.382115579400697,12,12
334,1.0,two_day,weak,0.9501953125,0.2630960581769865,-4.382115579400697,12,12
334,1.0,two_day,weak_skew,0.93359375,-0.5728291669607781,-4.382115579400697,12,12
334,1.0,four_day,alt,0.03125,-10.018619421939364,-4.382115579400697,6,12
334,1.0,four_day,sharp,0.125,-3.8543886211530576,-4.382115579400697,6,12
334,1.0,four_day,weak,0.15625,-4.425065436898511,-4.382115579400697,6,12
334,1.0,four_day,weak_skew,0.125,-6.063922967693036,-4.382115579400697,6,12
335,1.0,daily,alt,0.0065986802639472104,-6.263248330957371,-11.609554332652458,12,12
335,1.0,daily,sharp,0.4849030193961208,-1.5481736002636026,-11.609554332652458,12,12
335,1.0,daily,weak,0.39632073585282945,-2.412374209425234,-11.609554332652458,12,12
335,1.0,daily,weak_skew,0.5598880223955209,2.470964389218755,-11.609554332652458,12,12
335,1.0,two_day,alt,0.041015625,-6.154479879156452,-11.609554332652458,12,12
335,1.0,two_day,sharp,0.60595703125,1.0668559156871336,-11.609554332652458,12,12
335,1.0,two_day,weak,0.21240234375,4.808829138841223,-11.609554332652458,12,12
335,1.0,two_day,weak_skew,0.95654296875,0.18492446094197965,-11.609554332652458,12,12
335,1.0,four_day,alt,0.0625,-6.026832015674415,-11.609554332652458,6,12
335,1.0,four_day,sharp,0.15625,1.3528734764392059,-11.609554332652458,6,12
335,1.0,four_day,weak,0.25,4.964380999499909,-11.609554332652458,6,12
335,1.0,four_day,weak_skew,0.46875,3.650427963033129,-11.609554332652458,6,12
336,1.0,daily,alt,0.9262147570485902,-0.24159114044959593,-6.914679584541041,12,12
336,1.0,daily,sharp,0.6756648670265947,0.8648794497459628,-6.914679584541041,12,12
336,1.0,daily,weak,0.15336932613477305,-2.45476732229454,-6.914679584541041,12,12
336,1.0,daily,weak_skew,0.747250549890022,1.0678750966029729,-6.914679584541041,12,12
336,1.0,two_day,alt,0.0009765625,-7.718485431990121,-6.914679584541041,12,12
336,1.0,two_day,sharp,0.39697265625,-1.572765715003067,-6.914679584541041,12,12
336,1.0,two_day,weak,0.66259765625,-1.1588945082371573,-6.914679584541041,12,12
336,1.0,two_day,weak_skew,0.2509765625,-2.436363801719247,-6.914679584541041,12,12
336,1.0,four_day,alt,0.03125,-10.574988840890189,-6.914679584541041,6,12
336,1.0,four_day,sharp,0.15625,-4.239551829834501,-6.914679584541041,6,12
336,1.0,four_day,weak,0.59375,-3.1488223481296664,-6.914679584541041,6,12
336,1.0,four_day,weak_skew,0.5,-4.121875621011086,-6.914679584541041,6,12
337,1.0,daily,alt,0.8508298340331933,-0.7079429542196488,-5.394255066838959,12,12
337,1.0,daily,sharp,0.9132173565286943,0.29003253567168547,-5.394255066838959,12,12
337,1.0,daily,weak,0.20095980803839233,3.6926640315688863,-5.394255066838959,12,12
337,1.0,daily,weak_skew,0.5158968206358728,1.6428169995398658,-5.394255066838959,12,12
337,1.0,two_day,alt,0.8984375,-0.5403204445751116,-5.394255066838959,12,12
337,1.0,two_day,sharp,0.55859375,1.9263434986151562,-5.394255066838959,12,12
337,1.0,two_day,weak,0.42724609375,2.7259812331028113,-5.394255066838959,12,12
337,1.0,two_day,weak_skew,0.48876953125,1.561189596544078,-5.394255066838959,12,12
337,1.0,four_day,alt,0.0625,-5.762185924409432,-5.394255066838959,6,12
337,1.0,four_day,sharp,0.46875,-2.494383135545906,-5.394255066838959,6,12
337,1.0,four_day,weak,0.65625,1.5251010214126761,-5.394255066838959,6,12
337,1.0,four_day,weak_skew,0.8125,1.7469226319370132,-5.394255066838959,6,12
338,1.0,daily,alt,0.5000999800039992,-1.2481188826188745,-4.074826583881659,12,12
338,1.0,daily,sharp,0.5092981403719257,1.2999686660746577,-4.074826583881659,12,12
338,1.0,daily,weak,0.20795840831833634,3.6184299583176416,-4.074826583881659,12,12
338,1.0,daily,weak_skew,0.5486902619476105,1.8896341656456368,-4.074826583881659,12,12
338,1.0,two_day,alt,0.37158203125,-2.6705587804431743,-4.074826583881659,12,12
338,1.0,two_day,sharp,0.7314453125,-1.0647568384303803,-4.074826583881659,12,12
338,1.0,two_day,weak,0.53369140625,2.5304229725917806,-4.074826583881659,12,12
338,1.0,two_day,weak_skew,0.3935546875,-2.461396576934964,-4.074826583881659,12,12
338,1.0,four_day,alt,0.9375,-0.6514635228074445,-4.074826583881659,6,12
338,1.0,four_day,sharp,0.625,2.2703818527815236,-4.074826583881659,6,12
338,1.0,four_day,weak,0.40625,5.228413390467072,-4.074826583881659,6,12
338,1.0,four_day,weak_skew,0.21875,8.074710045756335,-4.074826583881659,6,12
339,1.0,daily,alt,0.00639872025594881,-6.0386113396442775,-7.682805777441978,12,12
339,1.0,daily,sharp,0.16356728654269145,-2.0063595561126877,-7.682805777441978,12,12
339,1.0,daily,weak,0.8114377124575085,0.5103705437789673,-7.682805777441978,12,12
339,1.0,daily,weak_skew,0.7660467906418716,-0.727601819848911,-7.682805777441978,12,12
339,1.0,two_day,alt,0.03515625,-4.952016570152479,-7.682805777441978,12,12
339,1.0,two_day,sharp,0.95703125,0.06905346757890445,-7.682805777441978,12,12
339,1.0,two_day,weak,0.20556640625,-3.26564126842228,-7.682805777441978,12,12
339,1.0,two_day,weak_skew,0.49951171875,-1.303927512216508,-7.682805777441978,12,12
339,1.0,four_day,alt,0.0625,-7.076421292168296,-7.682805777441978,6,12
339,1.0,four_day,sharp,0.71875,-0.8656940534381619,-7.682805777441978,6,12
339,1.0,four_day,weak,0.3125,-5.133018972375331,-7.682805777441978,6,12
339,1.0,four_day,weak_skew,0.53125,-1.865121508906275,-7.682805777441978,6,12
340,1.0,daily,alt,0.04499100179964007,-5.431021575009666,-7.322011440593968,12,12
340,1.0,daily,sharp,0.40831833633273346,-1.2082341844729025,-7.322011440593968,12,12
340,1.0,daily,weak,0.5642871425714857,-1.5572576383383776,-7.322011440593968,12,12
340,1.0,daily,weak_skew,0.827634473105379,0.5644836863054667,-7.322011440593968,12,12
340,1.0,two_day,alt,0.69091796875,3.2218006401096537,-7.322011440593968,12,12
340,1.0,two_day,sharp,0.24853515625,3.21297323203478,-7.322011440593968,12,12
340,1.0,two_day,weak,0.701171875,1.8049243492823333,-7.322011440593968,12,12
340,1.0,two_day,weak_skew,0.22265625,4.008280833552894,-7.322011440593968,12,12
340,1.0,four_day,alt,0.125,-9.094010693311915,-7.322011440593968,6,12
340,1.0,four_day,sharp,0.34375,-3.7267445608325303,-7.322011440593968,6,12
340,1.0,four_day,weak,0.875,-2.846504572312996,-7.322011440593968,6,12
340,1.0,four_day,weak_skew,0.09375,-3.7328418860240817,-7.322011440593968,6,12
341,1.0,daily,alt,0.1923615276944611,-3.6276274700204016,-7.169988230865243,12,12
341,1.0,daily,sharp,0.6668666266746651,-0.855088258651616,-7.169988230865243,12,12
341,1.0,daily,weak,0.3023395320935813,-2.2764924692183772,-7.169988230865243,12,12
341,1.0,daily,weak_skew,0.8720255948810238,0.4564032576467974,-7.169988230865243,12,12
341,1.0,two_day,alt,0.75830078125,-1.2086978582216392,-7.169988230865243,12,12
341,1.0,two_day,sharp,0.91357421875,0.29817409690153224,-7.169988230865243,12,12
341,1.0,two_day,weak,0.95556640625,0.17573353905167957,-7.169988230865243,12,12
341,1.0,two_day,weak_skew,0.2294921875,3.277757813217852,-7.169988230865243,12,12
341,1.0,four_day,alt,0.25,-6.0591455882842595,-7.169988230865243,6,12
341,1.0,four_day,sharp,0.46875,-1.8464970379245582,-7.169988230865243,6,12
341,1.0,four_day,weak,0.40625,3.0541730994510936,-7.169988230865243,6,12
341,1.0,four_day,weak_skew,0.15625,-3.818629241204466,-7.169988230865243,6,12
342,1.0,daily,alt,0.6768646270745851,-1.592308105095226,-3.632130931552169,12,12
342,1.0,daily,sharp,0.8366326734653069,-1.0025184115825667,-3.632130931552169,12,12
342,1.0,daily,weak,0.9894021195760848,0.06262087682131323,-3.632130931552169,12,12
342,1.0,daily,weak_skew,0.9908018396320736,0.04764496731362181,-3.632130931552169,12,12
342,1.0,two_day,alt,0.14501953125,-5.830177144053001,-3.632130931552169,12,12
342,1.0,two_day,sharp,0.298828125,-4.191646225612011,-3.632130931552169,12,12
342,1.0,two_day,weak,0.55908203125,-2.77820212695214,-3.632130931552169,12,12
342,1.0,two_day,weak_skew,0.0458984375,-6.277200549916458,-3.632130931552169,12,12
342,1.0,four_day,alt,0.03125,-5.8248515532394185,-3.632130931552169,6,12
342,1.0,four_day,sharp,0.21875,-2.2189822095775433,-3.632130931552169,6,12
342,1.0,four_day,weak,0.34375,-3.2199230659961544,-3.632130931552169,6,12
342,1.0,four_day,weak_skew,0.28125,-3.1577766198098325,-3.632130931552169,6,12
343,1.0,daily,alt,0.12337532493501299,-4.927851864731667,-6.920637868645258,12,12
343,1.0,daily,sharp,0.8194361127774445,-0.5376415948523908,-6.920637868645258,12,12
343,1.0,daily,weak,0.8962207558488302,-0.4041679910614893,-6.920637868645258,12,12
343,1.0,daily,weak_skew,0.9898020395920816,0.03680632548852477,-6.920637868645258,12,12
343,1.0,two_day,alt,0.24951171875,-5.291346439950547,-6.920637868645258,12,12
343,1.0,two_day,sharp,0.82568359375,-0.9861017212619245,-6.920637868645258,12,12
343,1.0,two_day,weak,0.9931640625,-0.04600853430373597,-6.920637868645258,12,12
343,1.0,two_day,weak_skew,0.9248046875,-0.511832652054587,-6.920637868645258,12,12
343,1.0,four_day,alt,0.9375,-0.38346390352395804,-6.920637868645258,6,12
343,1.0,four_day,sharp,0.25,4.4779289191305915,-6.920637868645258,6,12
343,1.0,four_day,weak,0.1875,6.75084305577849,-6.920637868645258,6,12
343,1.0,four_day,weak_skew,0.4375,3.9946971191439196,-6.920637868645258,6,12
344,1.0,daily,alt,0.09198160367926415,-4.809048543997441,-7.308410935668427,12,12
344,1.0,daily,sharp,0.7394521095780844,-0.5803408151472507,-7.308410935668427,12,12
344,1.0,daily,weak,0.3987202559488102,-2.6713970620900684,-7.308410935668427,12,12
344,1.0,daily,weak_skew,0.021795640871825634,-4.298137212307194,-7.308410935668427,12,12
344,1.0,two_day,alt,0.09716796875,-7.0734757974059335,-7.308410935668427,12,12
344,1.0,two_day,sharp,0.26953125,-2.9130380245138188,-7.308410935668427,12,12
344,1.0,two_day,weak,0.09228515625,-7.438538564508044,-7.308410935668427,12,12
344,1.0,two_day,weak_skew,0.037109375,-5.689043094891404,-7.308410935668427,12,12
344,1.0,four_day,alt,0.40625,-4.103298486117182,-7.308410935668427,6,12
344,1.0,four_day,sharp,0.53125,2.2279073661581337,-7.308410935668427,6,12
344,1.0,four_day,weak,0.4375,-3.9698617192120835,-7.308410935668427,6,12
344,1.0,four_day,weak_skew,0.78125,1.68461206331373,-7.308410935668427,6,12
345,1.0,daily,alt,0.0003999200159968006,-8.326608510854637,-10.838746632662293,12,12
345,1.0,daily,sharp,0.9456108778244351,0.16184683201979175,-10.838746632662293,12,12
345,1.0,daily,weak,0.7182563487302539,-1.0060725354844269,-10.838746632662293,12,12
345,1.0,daily,weak_skew,0.5578884223155369,1.8645807576357718,-10.838746632662293,12,12
345,1.0,two_day,alt,0.00341796875,-10.128014620201876,-10.838746632662293,12,12
345,1.0,two_day,sharp,0.5322265625,-1.747365476523872,-10.838746632662293,12,12
345,1.0,two_day,weak,0.201171875,-5.22559870734098,-10.838746632662293,12,12
345,1.0,two_day,weak_skew,0.115234375,-4.556889638732315,-10.838746632662293,12,12
345,1.0,four_day,alt,0.34375,-4.4198345756464805,-10.838746632662293,6,12
345,1.0,four_day,sharp,0.28125,4.331635633380453,-10.838746632662293,6,12
345,1.0,four_day,weak,0.59375,3.4321836242108894,-10.838746632662293,6,12
345,1.0,four_day,weak_skew,0.71875,2.6394073100907227,-10.838746632662293,6,12
346,1.0,daily,alt,0.33373325334933013,-2.4648841168848157,-3.3147104132794993,12,12
346,1.0,daily,sharp,0.9314137172565486,0.17393277969963883,-3.3147104132794993,12,12
346,1.0,daily,weak,0.9230153969206158,-0.2496110850939258,-3.3147104132794993,12,12
346,1.0,daily,weak_skew,0.47790441911617676,-1.2728858897868882,-3.3147104132794993,12,12
346,1.0,two_day,alt,0.8310546875,-0.5879922326608167,-3.3147104132794993,12,12
346,1.0,two_day,sharp,0.51123046875,1.5261929718727074,-3.3147104132794993,12,12
346,1.0,two_day,weak,0.72607421875,0.7814653329524545,-3.3147104132794993,12,12
346,1.0,two_day,weak_skew,0.55908203125,2.9155954095627,-3.3147104132794993,12,12
346,1.0,four_day,alt,0.28125,-3.683150919563751,-3.3147104132794993,6,12
346,1.0,four_day,sharp,0.96875,-0.046988262791321254,-3.3147104132794993,6,12
346,1.0,four_day,weak,0.40625,5.1067195965817795,-3.3147104132794993,6,12
346,1.0,four_day,weak_skew,0.96875,0.9912195134525099,-3.3147104132794993,6,12
347,1.0,daily,alt,0.44671065786842634,-1.940471166864053,-8.493951205700071,12,12
347,1.0,daily,sharp,0.519496100779844,-0.8287351713970429,-8.493951205700071,12,12
347,1.0,daily,weak,0.041991601679664065,-3.8510838963097336,-8.493951205700071,12,12
347,1.0,daily,weak_skew,0.22375524895020996,-1.9080494742296867,-8.493951205700071,12,12
347,1.0,two_day,alt,0.576171875,2.5941796995885986,-8.493951205700071,12,12
347,1.0,two_day,sharp,0.14990234375,5.617901572063531,-8.493951205700071,12,12
347,1.0,two_day,weak,0.248046875,6.19574206081101,-8.493951205700071,12,12
347,1.0,two_day,weak_skew,0.30322265625,4.963411866037972,-8.493951205700071,12,12
347,1.0,four_day,alt,0.0625,-10.631777149861051,-8.493951205700071,6,12
347,1.0,four_day,sharp,0.25,-1.9316932839147694,-8.493951205700071,6,12
347,1.0,four_day,weak,0.375,-2.423774362493537,-8.493951205700071,6,12
347,1.0,four_day,weak_skew,0.75,1.1177163619996986,-8.493951205700071,6,12
348,1.0,daily,alt,0.09638072385522896,-4.944153258961025,-6.2255132574278065,12,12
348,1.0,daily,sharp,0.4261147770445911,-1.6739220744767096,-6.2255132574278065,12,12
348,1.0,daily,weak,0.16896620675864826,-3.06105263038252,-6.2255132574278065,12,12
348,1.0,daily,weak_skew,0.08378324335132974,-4.387252783331859,-6.2255132574278065,12,12
348,1.0,two_day,alt,0.0087890625,-8.2060929675977,-6.2255132574278065,12,12
348,1.0,two_day,sharp,0.13818359375,-3.3152849158394395,-6.2255132574278065,12,12
348,1.0,two_day,weak,0.033203125,-7.812657305479678,-6.2255132574278065,12,12
348,1.0,two_day,weak_skew,0.119140625,-5.110035008221042,-6.2255132574278065,12,12
348,1.0,four_day,alt,0.65625,-2.825690878354113,-6.2255132574278065,6,12
348,1.0,four_day,sharp,0.59375,2.5206442763606716,-6.2255132574278065,6,12
348,1.0,four_day,weak,0.90625,1.1138464996109327,-6.2255132574278065,6,12
348,1.0,four_day,weak_skew,1.0,-0.12070325964904072,-6.2255132574278065,6,12
349,1.0,daily,alt,0.2439512097580484,-2.8596816577004582,-7.347001321248854,12,12
349,1.0,daily,sharp,0.7138572285542891,1.0882169764095178,-7.347001321248854,12,12
349,1.0,daily,weak,0.4429114177164567,2.503433700215528,-7.347001321248854,12,12
349,1.0,daily,weak_skew,0.6536692661467707,1.1226277147730788,-7.347001321248854,12,12
349,1.0,two_day,alt,0.03173828125,-5.418829725536232,-7.347001321248854,12,12
349,1.0,two_day,sharp,0.91162109375,-0.2405362151839713,-7.347001321248854,12,12
349,1.0,two_day,weak,0.4609375,2.7419141571775736,-7.347001321248854,12,12
349,1.0,two_day,weak_skew,0.61572265625,-1.5267916322716861,-7.347001321248854,12,12
349,1.0,four_day,alt,0.03125,-6.851092685156126,-7.347001321248854,6,12
349,1.0,four_day,sharp,0.59375,-1.0724601151867184,-7.347001321248854,6,12
349,1.0,four_day,weak,0.96875,0.20156782734695255,-7.347001321248854,6,12
349,1.0,four_day,weak_skew,0.40625,-3.6022710196805634,-7.347001321248854,6,12
350,1.0,daily,alt,0.22735452909418116,-2.5889028465599657,-7.608882126853757,12,12
350,1.0,daily,sharp,0.8734253149370126,0.29089981209036136,-7.608882126853757,12,12
350,1.0,daily,weak,0.48010397920415915,1.969339245559457,-7.608882126853757,12,12
350,1.0,daily,weak_skew,0.6326734653069386,-0.4549523215034199,-7.608882126853757,12,12
350,1.0,two_day,alt,0.43408203125,-1.9829425824397149,-7.608882126853757,12,12
350,1.0,two_day,sharp,0.42529296875,2.020346996245292,-7.608882126853757,12,12
350,1.0,two_day,weak,0.7392578125,1.4740212154062824,-7.608882126853757,12,12
350,1.0,two_day,weak_skew,0.8037109375,-0.5892510710811258,-7.608882126853757,12,12
350,1.0,four_day,alt,0.46875,-3.432345527086516,-7.608882126853757,6,12
350,1.0,four_day,sharp,0.5625,1.7149530230798196,-7.608882126853757,6,12
350,1.0,four_day,weak,0.71875,3.3478633835572054,-7.608882126853757,6,12
350,1.0,four_day,weak_skew,1.0,0.1615974637109249,-7.608882126853757,6,12
351,1.0,daily,alt,0.4907018596280744,-1.3406738661999509,-7.22315262360123,12,12
351,1.0,daily,sharp,0.4709058188362327,1.4596708069294362,-7.22315262360123,12,12
351,1.0,daily,weak,0.8534293141371726,0.46834224189329515,-7.22315262360123,12,12
351,1.0,daily,weak_skew,0.967006598680264,-0.11819769522461836,-7.22315262360123,12,12
351,1.0,two_day,alt,0.32080078125,2.1104236137036305,-7.22315262360123,12,12
351,1.0,two_day,sharp,0.0380859375,3.901390414981526,-7.22315262360123,12,12
351,1.0,two_day,weak,0.35498046875,3.2652437585299903,-7.22315262360123,12,12
351,1.0,two_day,weak_skew,0.15625,3.569997265315368,-7.22315262360123,12,12
351,1.0,four_day,alt,0.1875,-5.203766799470685,-7.22315262360123,6,12
351,1.0,four_day,sharp,1.0,0.01471587385477117,-7.22315262360123,6,12
351,1.0,four_day,weak,0.6875,-1.5435947946028417,-7.22315262360123,6,12
351,1.0,four_day,weak_skew,0.875,-0.30451612173554804,-7.22315262360123,6,12
352,1.0,daily,alt,0.737252549490102,1.0402015106522164,-3.2762595513451203,12,12
352,1.0,daily,sharp,0.39532093581283745,2.5796328398051926,-3.2762595513451203,12,12
352,1.0,daily,weak,0.6132773445310937,1.69494353607008,-3.2762595513451203,12,12
352,1.0,daily,weak_skew,0.42091581683663265,2.584938662010369,-3.2762595513451203,12,12
352,1.0,two_day,alt,0.83056640625,1.0636213362185998,-3.2762595513451203,12,12
352,1.0,two_day,sharp,0.49072265625,3.2150907687701125,-3.2762595513451203,12,12
352,1.0,two_day,weak,0.4599609375,3.9802805622303397,-3.2762595513451203,12,12
352,1.0,two_day,weak_skew,0.4501953125,5.534673660954216,-3.2762595513451203,12,12
352,1.0,four_day,alt,0.125,16.300439358312975,-3.2762595513451203,6,12
352,1.0,four_day,sharp,0.09375,17.617270575281207,-3.2762595513451203,6,12
352,1.0,four_day,weak,0.1875,17.081635125311564,-3.2762595513451203,6,12
352,1.0,four_day,weak_skew,0.03125,16.614044349995954,-3.2762595513451203,6,12
353,1.0,daily,alt,0.021995600879824034,-4.23435990908582,-8.142403513124819,12,12
353,1.0,daily,sharp,0.7308538292341532,0.5399169319691085,-8.142403513124819,12,12
353,1.0,daily,weak,0.4205158968206359,-2.1275239329255897,-8.142403513124819,12,12
353,1.0,daily,weak_skew,0.5134973005398921,-1.0997948749340924,-8.142403513124819,12,12
353,1.0,two_day,alt,0.31005859375,-2.5364783580427814,-8.142403513124819,12,12
353,1.0,two_day,sharp,0.9296875,-0.18019455431419948,-8.142403513124819,12,12
353,1.0,two_day,weak,0.4140625,-2.442751135140554,-8.142403513124819,12,12
353,1.0,two_day,weak_skew,0.33447265625,-3.010041907111837,-8.142403513124819,12,12
353,1.0,four_day,alt,0.09375,-6.917378708163035,-8.142403513124819,6,12
353,1.0,four_day,sharp,0.8125,-0.5507154342660966,-8.142403513124819,6,12
353,1.0,four_day,weak,0.125,2.7365868493423484,-8.142403513124819,6,12
353,1.0,four_day,weak_skew,1.0,0.0823151631144358,-8.142403513124819,6,12
354,1.0,daily,alt,0.033593281343731254,-4.681725042700138,-5.725703205423727,12,12
354,1.0,daily,sharp,0.5650869826034793,-0.9774219812008648,-5.725703205423727,12,12
354,1.0,daily,weak,0.7726454709058188,-0.6534245978530541,-5.725703205423727,12,12
354,1.0,daily,weak_skew,0.40771845630873826,2.610836910289809,-5.725703205423727,12,12
354,1.0,two_day,alt,0.8525390625,-0.63802198534691,-5.725703205423727,12,12
354,1.0,two_day,sharp,0.0751953125,3.0860642853532063,-5.725703205423727,12,12
354,1.0,two_day,weak,0.06396484375,4.513951976021443,-5.725703205423727,12,12
354,1.0,two_day,weak_skew,0.220703125,3.1109315510173867,-5.725703205423727,12,12
354,1.0,four_day,alt,0.25,-4.24843167215142,-5.725703205423727,6,12
354,1.0,four_day,sharp,0.84375,-0.42090621605876305,-5.725703205423727,6,12
354,1.0,four_day,weak,0.96875,0.4613192695639867,-5.725703205423727,6,12
354,1.0,four_day,weak_skew,0.3125,-2.414884958617106,-5.725703205423727,6,12
355,1.0,daily,alt,0.016396720655868825,-4.436259277067305,-8.492335667534185,12,12
355,1.0,daily,sharp,0.6612677464507098,-0.5123937323663442,-8.492335667534185,12,12
355,1.0,daily,weak,0.10097980403919216,-4.113009527460467,-8.492335667534185,12,12
355,1.0,daily,weak_skew,0.5010997800439912,-1.4900320246110528,-8.492335667534185,12,12
355,1.0,two_day,alt,0.0107421875,-4.86591244555881,-8.492335667534185,12,12
355,1.0,two_day,sharp,0.69189453125,-0.3879445530143683,-8.492335667534185,12,12
355,1.0,two_day,weak,0.76953125,-0.7485199595136223,-8.492335667534185,12,12
355,1.0,two_day,weak_skew,0.595703125,-1.8347262086919887,-8.492335667534185,12,12
355,1.0,four_day,alt,0.0625,-7.19837999558665,-8.492335667534185,6,12
355,1.0,four_day,sharp,0.71875,-0.3218058679085433,-8.492335667534185,6,12
355,1.0,four_day,weak,0.75,-1.2824476842390264,-8.492335667534185,6,12
355,1.0,four_day,weak_skew,0.3125,5.385537291527553,-8.492335667534185,6,12
356,1.0,daily,alt,0.0651869626074785,-4.631734698423594,-9.382895803830571,12,12
356,1.0,daily,sharp,0.9818036392721455,0.04580750414569105,-9.382895803830571,12,12
356,1.0,daily,weak,0.6790641871625674,-0.8251526410500242,-9.382895803830571,12,12
356,1.0,daily,weak_skew,0.7364527094581084,-1.1101687871796215,-9.382895803830571,12,12
356,1.0,two_day,alt,0.34716796875,-3.3134561498106323,-9.382895803830571,12,12
356,1.0,two_day,sharp,0.89453125,0.3010410093318156,-9.382895803830571,12,12
356,1.0,two_day,weak,0.8955078125,0.467310845350859,-9.382895803830571,12,12
356,1.0,two_day,weak_skew,0.650390625,-1.306071790127902,-9.382895803830571,12,12
356,1.0,four_day,alt,0.78125,-2.4256173784434836,-9.382895803830571,6,12
356,1.0,four_day,sharp,0.53125,2.2459005418673557,-9.382895803830571,6,12
356,1.0,four_day,weak,0.34375,4.971768760751412,-9.382895803830571,6,12
356,1.0,four_day,weak_skew,0.9375,0.588383614172533,-9.382895803830571,6,12
357,1.0,daily,alt,0.2907418516296741,-2.1652967125399925,-10.266898260208663,12,12
357,1.0,daily,sharp,0.35012997400519896,1.6629979350030097,-10.266898260208663,12,12
357,1.0,daily,weak,0.026794641071785644,7.044532705572993,-10.266898260208663,12,12
357,1.0,daily,weak_skew,0.45410917816436713,1.857609909990081,-10.266898260208663,12,12
357,1.0,two_day,alt,0.15283203125,-4.861975372403936,-10.266898260208663,12,12
357,1.0,two_day,sharp,0.68505859375,-0.7740909659660608,-10.266898260208663,12,12
357,1.0,two_day,weak,0.85400390625,-0.38698404361312494,-10.266898260208663,12,12
357,1.0,two_day,weak_skew,0.0751953125,-3.1064392905728795,-10.266898260208663,12,12
357,1.0,four_day,alt,0.1875,-4.476151696310101,-10.266898260208663,6,12
357,1.0,four_day,sharp,0.34375,1.6220029613441322,-10.266898260208663,6,12
357,1.0,four_day,weak,0.09375,9.955854731475435,-10.266898260208663,6,12
357,1.0,four_day,weak_skew,0.28125,-2.559153344992236,-10.266898260208663,6,12
358,1.0,daily,alt,0.9138172365526894,0.2219921776996472,-5.316927828783413,12,12
358,1.0,daily,sharp,0.4539092181563687,2.139972919209585,-5.316927828783413,12,12
358,1.0,daily,weak,0.6826634673065387,1.4116972718669452,-5.316927828783413,12,12
358,1.0,daily,weak_skew,0.40051989602079585,3.27607059654566,-5.316927828783413,12,12
358,1.0,two_day,alt,0.1796875,-2.873378241193127,-5.316927828783413,12,12
358,1.0,two_day,sharp,0.71240234375,0.8939585491583433,-5.316927828783413,12,12
358,1.0,two_day,weak,0.744140625,1.558389678869436,-5.316927828783413,12,12
358,1.0,two_day,weak_skew,0.9345703125,-0.29676288884753593,-5.316927828783413,12,12
358,1.0,four_day,alt,0.0625,-7.009249015378328,-5.316927828783413,6,12
358,1.0,four_day,sharp,0.5,-1.6410570717606525,-5.316927828783413,6,12
358,1.0,four_day,weak,0.84375,-0.6293814195549446,-5.316927828783413,6,12
358,1.0,four_day,weak_skew,0.1875,-4.79130658287714,-5.316927828783413,6,12
359,1.0,daily,alt,0.6842631473705258,-1.138116942860633,-8.005598305751548,12,12
359,1.0,daily,sharp,0.33213357328534293,2.4821154726188372,-8.005598305751548,12,12
359,1.0,daily,weak,0.6984603079384123,1.240469956813086,-8.005598305751548,12,12
359,1.0,daily,weak_skew,0.649870025994801,1.6793697275410604,-8.005598305751548,12,12
359,1.0,two_day,alt,0.099609375,-6.414351065946652,-8.005598305751548,12,12
359,1.0,two_day,sharp,0.423828125,-2.6275740852114566,-8.005598305751548,12,12
359,1.0,two_day,weak,0.36279296875,4.027883715008176,-8.005598305751548,12,12
359,1.0,two_day,weak_skew,0.0947265625,-5.639279616876557,-8.005598305751548,12,12
359,1.0,four_day,alt,0.96875,-0.09743484883184195,-8.005598305751548,6,12
359,1.0,four_day,sharp,0.1875,4.923103068676354,-8.005598305751548,6,12
359,1.0,four_day,weak,0.65625,1.9959933142687625,-8.005598305751548,6,12
359,1.0,four_day,weak_skew,0.5,4.5341649361000345,-8.005598305751548,6,12
360,1.0,daily,alt,0.11737652469506099,-5.180069630149202,-6.280962705478764,12,12
360,1.0,daily,sharp,0.21415716856628675,-2.086864163935409,-6.280962705478764,12,12
360,1.0,daily,weak,0.04899020195960808,-5.845308313698052,-6.280962705478764,12,12
360,1.0,daily,weak_skew,0.032993401319736056,-4.602754930782844,-6.280962705478764,12,12
360,1.0,two_day,alt,0.03759765625,-5.675691168936916,-6.280962705478764,12,12
360,1.0,two_day,sharp,0.92724609375,0.18671837074306671,-6.280962705478764,12,12
360,1.0,two_day,weak,0.8974609375,0.6055531317347557,-6.280962705478764,12,12
360,1.0,two_day,weak_skew,0.05517578125,-5.118963445498221,-6.280962705478764,12,12
360,1.0,four_day,alt,0.25,-3.767311036542188,-6.280962705478764,6,12
360,1.0,four_day,sharp,0.5625,-1.221640058677328,-6.280962705478764,6,12
360,1.0,four_day,weak,0.09375,-6.6278929606364505,-6.280962705478764,6,12
360,1.0,four_day,weak_skew,0.78125,1.4863878429287414,-6.280962705478764,6,12
361,1.0,daily,alt,0.15576884623075385,-3.92548567163438,-9.075583079903446,12,12
361,1.0,daily,sharp,0.3145370925814837,1.9626657996729058,-9.075583079903446,12,12
361,1.0,daily,weak,0.8300339932013597,0.6116458549483733,-9.075583079903446,12,12
361,1.0,daily,weak_skew,0.6606678664267147,1.0842540621419812,-9.075583079903446,12,12
361,1.0,two_day,alt,0.61865234375,-2.4292103042742803,-9.075583079903446,12,12
361,1.0,two_day,sharp,0.27099609375,3.5924352155143917,-9.075583079903446,12,12
361,1.0,two_day,weak,0.05224609375,5.7484571848854245,-9.075583079903446,12,12
361,1.0,two_day,weak_skew,0.36181640625,4.598483164011808,-9.075583079903446,12,12
361,1.0,four_day,alt,0.03125,-16.296926180233495,-9.075583079903446,6,12
361,1.0,four_day,sharp,0.09375,-7.033827830073791,-9.075583079903446,6,12
361,1.0,four_day,weak,0.375,-3.8023272556731804,-9.075583079903446,6,12
361,1.0,four_day,weak_skew,0.09375,-7.60537519216442,-9.075583079903446,6,12
362,1.0,daily,alt,0.004999000199960008,-4.804826575652662,-9.294346024697596,12,12
362,1.0,daily,sharp,0.6012797440511898,-0.7879966674797979,-9.294346024697596,12,12
362,1.0,daily,weak,0.2473505298940212,-2.747456460262258,-9.294346024697596,12,12
362,1.0,daily,weak_skew,0.8358328334333134,0.6817954153312092,-9.294346024697596,12,12
362,1.0,two_day,alt,0.0361328125,-6.021360130328808,-9.294346024697596,12,12
362,1.0,two_day,sharp,0.5078125,-1.125677391116497,-9.294346024697596,12,12
362,1.0,two_day,weak,0.26025390625,-3.5764585968257685,-9.294346024697596,12,12
362,1.0,two_day,weak_skew,0.1376953125,-3.6816115515084396,-9.294346024697596,12,12
362,1.0,four_day,alt,0.0625,-8.837404017526561,-9.294346024697596,6,12
362,1.0,four_day,sharp,0.53125,-1.246754446918537,-9.294346024697596,6,12
362,1.0,four_day,weak,0.53125,-2.6489014254518275,-9.294346024697596,6,12
362,1.0,four_day,weak_skew,0.5625,-1.573846614555792,-9.294346024697596,6,12
363,1.0,daily,alt,0.002599480103979204,-5.588998898101175,-6.877410955924383,12,12
363,1.0,daily,sharp,0.7118576284743051,-0.7776028357745511,-6.877410955924383,12,12
363,1.0,daily,weak,0.5784843031393722,-1.8132999893734467,-6.877410955924383,12,12
363,1.0,daily,weak_skew,0.29254149170165966,-3.1295486501176497,-6.877410955924383,12,12
363,1.0,two_day,alt,0.5908203125,-1.1227760613675368,-6.877410955924383,12,12
363,1.0,two_day,sharp,0.9892578125,0.03776022209001617,-6.877410955924383,12,12
363,1.0,two_day,weak,0.658203125,1.154984595934015,-6.877410955924383,12,12
363,1.0,two_day,weak_skew,0.306640625,4.758548166483293,-6.877410955924383,12,12
363,1.0,four_day,alt,0.03125,-8.670893080071435,-6.877410955924383,6,12
363,1.0,four_day,sharp,0.0625,-3.645374534663572,-6.877410955924383,6,12
363,1.0,four_day,weak,0.71875,-1.3942947715923317,-6.877410955924383,6,12
363,1.0,four_day,weak_skew,0.625,-1.8882436879411297,-6.877410955924383,6,12
364,1.0,daily,alt,0.1825634873025395,-4.19303347871925,-9.513132417694734,12,12
364,1.0,daily,sharp,0.9884023195360928,0.033867358007282654,-9.513132417694734,12,12
364,1.0,daily,weak,0.45090981803639274,1.8329698042427758,-9.513132417694734,12,12
364,1.0,daily,weak_skew,0.9648070385922816,0.09967152746055064,-9.513132417694734,12,12
364,1.0,two_day,alt,0.2666015625,-3.9876150904616616,-9.513132417694734,12,12
364,1.0,two_day,sharp,0.93505859375,0.2512229815160776,-9.513132417694734,12,12
364,1.0,two_day,weak,0.2890625,2.817335210183508,-9.513132417694734,12,12
364,1.0,two_day,weak_skew,0.60791015625,-1.635492120039597,-9.513132417694734,12,12
364,1.0,four_day,alt,0.25,-6.712888348910133,-9.513132417694734,6,12
364,1.0,four_day,sharp,0.84375,-0.8505694326504406,-9.513132417694734,6,12
364,1.0,four_day,weak,0.84375,0.632279708501585,-9.513132417694734,6,12
364,1.0,four_day,weak_skew,0.625,-2.1161985715670184,-9.513132417694734,6,12
365,1.0,daily,alt,0.014397120575884824,-5.7691214967338,-5.588292284138888,12,12
365,1.0,daily,sharp,0.9312137572485503,-0.216763075584914,-5.588292284138888,12,12
365,1.0,daily,weak,0.8396320735852829,-0.509173664593345,-5.588292284138888,12,12
365,1.0,daily,weak_skew,0.7290541891621676,-1.1433844954626433,-5.588292284138888,12,12
365,1.0,two_day,alt,0.041015625,-5.8795435690090825,-5.588292284138888,12,12
365,1.0,two_day,sharp,0.12060546875,-3.487648992896545,-5.588292284138888,12,12
365,1.0,two_day,weak,0.296875,-4.236306950712364,-5.588292284138888,12,12
365,1.0,two_day,weak_skew,0.294921875,-3.3006831366174567,-5.588292284138888,12,12
365,1.0,four_day,alt,0.125,-4.918607468943303,-5.588292284138888,6,12
365,1.0,four_day,sharp,0.9375,-0.1974335809380996,-5.588292284138888,6,12
365,1.0,four_day,weak,0.25,-4.527914372234373,-5.588292284138888,6,12
365,1.0,four_day,weak_skew,0.53125,2.023888536140659,-5.588292284138888,6,12
366,1.0,daily,alt,0.5956808638272345,-1.1567040978002048,-3.763960667976363,12,12
366,1.0,daily,sharp,0.7068586282743451,0.7567573102495194,-3.763960667976363,12,12
366,1.0,daily,weak,0.3245350929814037,2.9719754910753147,-3.763960667976363,12,12
366,1.0,daily,weak_skew,0.611877624475105,1.6028373349398557,-3.763960667976363,12,12
366,1.0,two_day,alt,0.04736328125,-4.9463758970562175,-3.763960667976363,12,12
366,1.0,two_day,sharp,0.1494140625,-2.4959548336851296,-3.763960667976363,12,12
366,1.0,two_day,weak,0.0439453125,-7.209099923005906,-3.763960667976363,12,12
366,1.0,two_day,weak_skew,0.0703125,-4.045317595212053,-3.763960667976363,12,12
366,1.0,four_day,alt,0.28125,-5.364554207867197,-3.763960667976363,6,12
366,1.0,four_day,sharp,0.46875,-2.2940650964606006,-3.763960667976363,6,12
366,1.0,four_day,weak,0.375,-4.940656290179741,-3.763960667976363,6,12
366,1.0,four_day,weak_skew,0.46875,-3.183770049450292,-3.763960667976363,6,12
367,1.0,daily,alt,0.5480903819236153,1.761598662514712,-4.009126872732558,12,12
367,1.0,daily,sharp,0.2403519296140772,2.5498299095139623,-4.009126872732558,12,12
367,1.0,daily,weak,0.14297140571885622,4.031680674403452,-4.009126872732558,12,12
367,1.0,daily,weak_skew,0.5742851429714058,1.7615652028604079,-4.009126872732558,12,12
367,1.0,two_day,alt,0.58984375,2.3104602378347163,-4.009126872732558,12,12
367,1.0,two_day,sharp,0.17333984375,3.638214377519788,-4.009126872732558,12,12
367,1.0,two_day,weak,0.9267578125,-0.4925076278163096,-4.009126872732558,12,12
367,1.0,two_day,weak_skew,0.2734375,3.8076691923182597,-4.009126872732558,12,12
367,1.0,four_day,alt,0.84375,-1.2625121755085094,-4.009126872732558,6,12
367,1.0,four_day,sharp,0.96875,0.22459408226833943,-4.009126872732558,6,12
367,1.0,four_day,weak,0.84375,-1.3609038546205692,-4.009126872732558,6,12
367,1.0,four_day,weak_skew,0.53125,2.8330713804902543,-4.009126872732558,6,12
368,1.0,daily,alt,0.05118976204759048,-4.247605308640195,-7.595954530128658,12,12
368,1.0,daily,sharp,0.5330933813237353,-1.0089963769931032,-7.595954530128658,12,12
368,1.0,daily,weak,0.25834833033393323,-2.191436874558828,-7.595954530128658,12,12
368,1.0,daily,weak_skew,0.5158968206358728,-1.6926985970611426,-7.595954530128658,12,12
368,1.0,two_day,alt,0.00537109375,-6.549435077776411,-7.595954530128658,12,12
368,1.0,two_day,sharp,0.240234375,-2.0001359636786424,-7.595954530128658,12,12
368,1.0,two_day,weak,0.41259765625,-2.097310563915002,-7.595954530128658,12,12
368,1.0,two_day,weak_skew,0.43212890625,-2.6874980248963904,-7.595954530128658,12,12
368,1.0,four_day,alt,0.65625,-1.1376032207298212,-7.595954530128658,6,12
368,1.0,four_day,sharp,0.125,3.4212470428145934,-7.595954530128658,6,12
368,1.0,four_day,weak,0.46875,1.6186233051049446,-7.595954530128658,6,12
368,1.0,four_day,weak_skew,0.65625,6.298211610927755,-7.595954530128658,6,12
369,1.0,daily,alt,0.0001999600079984003,-9.917363179754377,-10.516947642117984,12,12
369,1.0,daily,sharp,0.42191561687662466,-1.4535140578648094,-10.516947642117984,12,12
369,1.0,daily,weak,0.9468106378724255,0.14479603252555093,-10.516947642117984,12,12
369,1.0,daily,weak_skew,0.6204759048190361,1.630882274495013,-10.516947642117984,12,12
369,1.0,two_day,alt,0.7021484375,-1.7583838507179663,-10.516947642117984,12,12
369,1.0,two_day,sharp,0.49072265625,1.4973681099310863,-10.516947642117984,12,12
369,1.0,two_day,weak,0.14990234375,4.002932807623889,-10.516947642117984,12,12
369,1.0,two_day,weak_skew,0.56787109375,2.1519359282045856,-10.516947642117984,12,12
369,1.0,four_day,alt,0.09375,-7.556868849855288,-10.516947642117984,6,12
369,1.0,four_day,sharp,0.21875,-1.6790467384667416,-10.516947642117984,6,12
369,1.0,four_day,weak,0.15625,-4.342421454791378,-10.516947642117984,6,12
369,1.0,four_day,weak_skew,0.3125,3.965806547334026,-10.516947642117984,6,12
370,1.0,daily,alt,0.20615876824635074,-3.5701154062072504,-5.609266950062903,12,12
370,1.0,daily,sharp,0.8178364327134573,0.5229765293792052,-5.609266950062903,12,12
370,1.0,daily,weak,0.4377124575084983,-2.1037931465101516,-5.609266950062903,12,12
370,1.0,daily,weak_skew,0.5902819436112777,1.4598556960122078,-5.609266950062903,12,12
370,1.0,two_day,alt,0.3681640625,-2.806797749853232,-5.609266950062903,12,12
370,1.0,two_day,sharp,0.4794921875,1.7349757524079656,-5.609266950062903,12,12
370,1.0,two_day,weak,0.51953125,2.073337991859685,-5.609266950062903,12,12
370,1.0,two_day,weak_skew,0.4423828125,3.0646224566841536,-5.609266950062903,12,12
370,1.0,four_day,alt,0.78125,1.4713767066962486,-5.609266950062903,6,12
370,1.0,four_day,sharp,0.4375,3.676992686822859,-5.609266950062903,6,12
370,1.0,four_day,weak,0.25,5.129993445836923,-5.609266950062903,6,12
370,1.0,four_day,weak_skew,0.6875,6.22430166442572,-5.609266950062903,6,12
371,1.0,daily,alt,0.6854629074185163,-1.724647357238629,-3.2490404521219176,12,12
371,1.0,daily,sharp,0.08178364327134573,-4.1901585843908045,-3.2490404521219176,12,12
371,1.0,daily,weak,0.05018996200759848,-5.590070864758089,-3.2490404521219176,12,12
371,1.0,daily,weak_skew,0.29354129174165167,-3.22712527163451,-3.2490404521219176,12,12
371,1.0,two_day,alt,0.28125,-6.176064025173919,-3.2490404521219176,12,12
371,1.0,two_day,sharp,0.48779296875,-2.924435466226914,-3.2490404521219176,12,12
371,1.0,two_day,weak,0.83349609375,0.9548684004489338,-3.2490404521219176,12,12
371,1.0,two_day,weak_skew,0.52197265625,-3.1718353880235397,-3.2490404521219176,12,12
371,1.0,four_day,alt,0.75,3.197284303487155,-3.2490404521219176,6,12
371,1.0,four_day,sharp,0.78125,1.920237344928606,-3.2490404521219176,6,12
371,1.0,four_day,weak,0.96875,-0.01710774644417749,-3.2490404521219176,6,12
371,1.0,four_day,weak_skew,0.34375,9.162214309072505,-3.2490404521219176,6,12
372,1.0,daily,alt,0.39732053589282146,-2.9694712570153965,-4.926823340735254,12,12
372,1.0,daily,sharp,0.7408518296340731,-1.2295279947262987,-4.926823340735254,12,12
372,1.0,daily,weak,0.753249350129974,-1.0667029163482031,-4.926823340735254,12,12
372,1.0,daily,weak_skew,0.5488902219556089,-2.2090838464823523,-4.926823340735254,12,12
372,1.0,two_day,alt,0.12646484375,-8.67695076388148,-4.926823340735254,12,12
372,1.0,two_day,sharp,0.25439453125,-5.616844094592554,-4.926823340735254,12,12
372,1.0,two_day,weak,0.5234375,-3.9989109093965887,-4.926823340735254,12,12
372,1.0,two_day,weak_skew,0.08447265625,-8.94823828082414,-4.926823340735254,12,12
372,1.0,four_day,alt,0.46875,-2.981986783264084,-4.926823340735254,6,12
372,1.0,four_day,sharp,0.9375,0.3775089804268094,-4.926823340735254,6,12
372,1.0,four_day,weak,0.625,-1.9433757805900715,-4.926823340735254,6,12
372,1.0,four_day,weak_skew,0.53125,-2.379199953866047,-4.926823340735254,6,12
373,1.0,daily,alt,0.9230153969206158,0.24267009783666596,-6.9876208877832156,12,12
373,1.0,daily,sharp,0.20255948810237953,2.1477739958004283,-6.9876208877832156,12,12
373,1.0,daily,weak,0.5240951809638073,1.0215858171002392,-6.9876208877832156,12,12
373,1.0,daily,weak_skew,0.8360327934413118,-0.3813182299746831,-6.9876208877832156,12,12
373,1.0,two_day,alt,0.39794921875,-2.393330076142373,-6.9876208877832156,12,12
373,1.0,two_day,sharp,0.85888671875,0.3712595927883016,-6.9876208877832156,12,12
373,1.0,two_day,weak,0.0771484375,5.651397317227743,-6.9876208877832156,12,12
373,1.0,two_day,weak_skew,0.73486328125,1.8721129095373723,-6.9876208877832156,12,12
373,1.0,four_day,alt,0.21875,-4.262434532220223,-6.9876208877832156,6,12
373,1.0,four_day,sharp,1.0,-0.10828011984334651,-6.9876208877832156,6,12
373,1.0,four_day,weak,0.3125,-8.73868959355564,-6.9876208877832156,6,12
373,1.0,four_day,weak_skew,0.96875,0.436197736175604,-6.9876208877832156,6,12
374,1.0,daily,alt,0.14757048590281943,-3.102134293481075,-6.688546520590279,12,12
374,1.0,daily,sharp,0.29314137172565485,1.642145704237589,-6.688546520590279,12,12
374,1.0,daily,weak,0.36632673465306936,-2.443360071781018,-6.688546520590279,12,12
374,1.0,daily,weak_skew,0.3007398520295941,1.9022734033184505,-6.688546520590279,12,12
374,1.0,two_day,alt,0.1279296875,-4.181564764119527,-6.688546520590279,12,12
374,1.0,two_day,sharp,0.98974609375,-0.03231916509356362,-6.688546520590279,12,12
374,1.0,two_day,weak,0.4404296875,-4.0894932991449595,-6.688546520590279,12,12
374,1.0,two_day,weak_skew,0.54296875,-2.110785900775005,-6.688546520590279,12,12
374,1.0,four_day,alt,0.0625,-6.694884062206177,-6.688546520590279,6,12
374,1.0,four_day,sharp,0.53125,-1.3282971946591335,-6.688546520590279,6,12
374,1.0,four_day,weak,0.8125,1.4213554698564141,-6.688546520590279,6,12
374,1.0,four_day,weak_skew,0.78125,-1.536134271071667,-6.688546520590279,6,12
375,1.0,daily,alt,0.23735252949410118,-3.6715842097400047,-6.499536295790342,12,12
375,1.0,daily,sharp,0.9122175564887023,-0.2890477610016866,-6.499536295790342,12,12
375,1.0,daily,weak,0.5406918616276745,-2.3692527032113104,-6.499536295790342,12,12
375,1.0,daily,weak_skew,0.6510697860427914,-1.4839470140137347,-6.499536295790342,12,12
375,1.0,two_day,alt,0.015625,-6.064116023459995,-6.499536295790342,12,12
375,1.0,two_day,sharp,0.5556640625,-0.9685498491202006,-6.499536295790342,12,12
375,1.0,two_day,weak,0.7841796875,-0.6713318106642306,-6.499536295790342,12,12
375,1.0,two_day,weak_skew,0.03759765625,-3.975551863662023,-6.499536295790342,12,12
375,1.0,four_day,alt,0.09375,-7.66222072683707,-6.499536295790342,6,12
375,1.0,four_day,sharp,0.5625,-2.3384589171756076,-6.499536295790342,6,12
375,1.0,four_day,weak,0.71875,-1.8951490577603434,-6.499536295790342,6,12
375,1.0,four_day,weak_skew,1.0,3.1075657694128815,-6.499536295790342,6,12
376,1.0,daily,alt,0.3117376524695061,-2.646143258329231,-6.122411862896968,12,12
376,1.0,daily,sharp,0.7434513097380524,-0.46529680202576645,-6.122411862896968,12,12
376,1.0,daily,weak,0.9716056788642271,-0.13276972942760482,-6.122411862896968,12,12
376,1.0,daily,weak_skew,0.45770845830833834,-1.800227034787851,-6.122411862896968,12,12
376,1.0,two_day,alt,0.34716796875,5.682613597748744,-6.122411862896968,12,12
376,1.0,two_day,sharp,0.31982421875,3.5773794365043687,-6.122411862896968,12,12
376,1.0,two_day,weak,0.646484375,2.0377476472477585,-6.122411862896968,12,12
376,1.0,two_day,weak_skew,0.84814453125,1.164365500516982,-6.122411862896968,12,12
376,1.0,four_day,alt,0.3125,-7.238089843079945,-6.122411862896968,6,12
376,1.0,four_day,sharp,0.59375,-2.3348712386246837,-6.122411862896968,6,12
376,1.0,four_day,weak,0.90625,-0.9343920805679105,-6.122411862896968,6,12
376,1.0,four_day,weak_skew,0.40625,-4.831393286600554,-6.122411862896968,6,12
377,1.0,daily,alt,0.014797040591881624,-7.710219555142518,-9.72006303752434,12,12
377,1.0,daily,sharp,0.2861427714457109,-1.9727421230206392,-9.72006303752434,12,12
377,1.0,daily,weak,0.17016596680663867,-4.513124407213521,-9.72006303752434,12,12
377,1.0,daily,weak_skew,0.07798440311937613,-4.470518762058471,-9.72006303752434,12,12
377,1.0,two_day,alt,0.05224609375,-7.550608856566715,-9.72006303752434,12,12
377,1.0,two_day,sharp,0.32763671875,-3.034214876540974,-9.72006303752434,12,12
377,1.0,two_day,weak,0.65478515625,1.3091322236647607,-9.72006303752434,12,12
377,1.0,two_day,weak_skew,0.068359375,-5.507615018263258,-9.72006303752434,12,12
377,1.0,four_day,alt,0.0625,-13.080171082185705,-9.72006303752434,6,12
377,1.0,four_day,sharp,0.3125,-4.787374195579946,-9.72006303752434,6,12
377,1.0,four_day,weak,0.65625,-3.839012080978989,-9.72006303752434,6,12
377,1.0,four_day,weak_skew,0.71875,-2.97042770802528,-9.72006303752434,6,12
378,1.0,daily,alt,0.7524495100979804,-0.6630150944945848,-6.309210237216625,12,12
378,1.0,daily,sharp,0.2563487302539492,2.2364578038499303,-6.309210237216625,12,12
378,1.0,daily,weak,0.40611877624475107,2.075965009793208,-6.309210237216625,12,12
378,1.0,daily,weak_skew,0.6978604279144172,-0.7874658292386817,-6.309210237216625,12,12
378,1.0,two_day,alt,0.04443359375,-9.581609259832755,-6.309210237216625,12,12
378,1.0,two_day,sharp,0.3076171875,-3.5223292775690918,-6.309210237216625,12,12
378,1.0,two_day,weak,0.18994140625,-4.755050299186528,-6.309210237216625,12,12
378,1.0,two_day,weak_skew,0.26416015625,-4.748015037149601,-6.309210237216625,12,12
378,1.0,four_day,alt,0.4375,2.743160123962616,-6.309210237216625,6,12
378,1.0,four_day,sharp,0.09375,6.740855267175513,-6.309210237216625,6,12
378,1.0,four_day,weak,0.09375,9.832878695271031,-6.309210237216625,6,12
378,1.0,four_day,weak_skew,0.53125,2.4101909579498817,-6.309210237216625,6,12
379,1.0,daily,alt,0.5042991401719656,-1.4687497812141828,-9.18929344489478,12,12
379,1.0,daily,sharp,0.21675664867026595,2.424459355817463,-9.18929344489478,12,12
379,1.0,daily,weak,0.8066386722655469,0.684305878230879,-9.18929344489478,12,12
379,1.0,daily,weak_skew,0.22015596880623875,2.0006601495258267,-9.18929344489478,12,12
379,1.0,two_day,alt,0.01708984375,-5.993633528332505,-9.18929344489478,12,12
379,1.0,two_day,sharp,0.65283203125,-0.9728886495050671,-9.18929344489478,12,12
379,1.0,two_day,weak,0.34765625,2.6212357837838955,-9.18929344489478,12,12
379,1.0,two_day,weak_skew,0.4345703125,-2.0985975973532,-9.18929344489478,12,12
379,1.0,four_day,alt,0.3125,-3.62767554641286,-9.18929344489478,6,12
379,1.0,four_day,sharp,0.5625,1.9719770816025484,-9.18929344489478,6,12
379,1.0,four_day,weak,0.125,9.63803411618073,-9.18929344489478,6,12
379,1.0,four_day,weak_skew,0.46875,-2.8066665981241408,-9.18929344489478,6,12
380,1.0,daily,alt,0.21035792841431714,-2.4782589404066417,-5.450854542970212,12,12
380,1.0,daily,sharp,0.9396120775844831,-0.16761533933559628,-5.450854542970212,12,12
380,1.0,daily,weak,0.24875024995001,2.809556170832229,-5.450854542970212,12,12
380,1.0,daily,weak_skew,0.6712657468506299,-1.0037210436482003,-5.450854542970212,12,12
380,1.0,two_day,alt,0.45849609375,-2.07968076580079,-5.450854542970212,12,12
380,1.0,two_day,sharp,0.62158203125,0.9751092121280435,-5.450854542970212,12,12
380,1.0,two_day,weak,0.85107421875,-0.6200365757061957,-5.450854542970212,12,12
380,1.0,two_day,weak_skew,0.45654296875,-2.0806798955332955,-5.450854542970212,12,12
380,1.0,four_day,alt,0.03125,-9.698475484899506,-5.450854542970212,6,12
380,1.0,four_day,sharp,0.15625,-3.7800673808914866,-5.450854542970212,6,12
380,1.0,four_day,weak,0.3125,-4.285994489911233,-5.450854542970212,6,12
380,1.0,four_day,weak_skew,0.5625,3.847026422912555,-5.450854542970212,6,12
381,1.0,daily,alt,0.0011997600479904018,-8.475026394184411,-6.019416064408844,12,12
381,1.0,daily,sharp,0.28774245150969807,-2.0048490102167302,-6.019416064408844,12,12
381,1.0,daily,weak,0.7220555888822235,-1.2863651684764246,-6.019416064408844,12,12
381,1.0,daily,weak_skew,0.8748250349930013,0.4715310251268387,-6.019416064408844,12,12
381,1.0,two_day,alt,0.0546875,-3.1974352750506045,-6.019416064408844,12,12
381,1.0,two_day,sharp,0.63330078125,0.7258816720044413,-6.019416064408844,12,12
381,1.0,two_day,weak,0.708984375,1.028778948531525,-6.019416064408844,12,12
381,1.0,two_day,weak_skew,0.91845703125,-0.3381060109863281,-6.019416064408844,12,12
381,1.0,four_day,alt,0.125,-6.153343540584984,-6.019416064408844,6,12
381,1.0,four_day,sharp,0.5625,1.189577831460781,-6.019416064408844,6,12
381,1.0,four_day,weak,0.8125,1.306687340910197,-6.019416064408844,6,12
381,1.0,four_day,weak_skew,0.375,7.483260245208769,-6.019416064408844,6,12
382,1.0,daily,alt,0.015596880623875225,-8.795471241570928,-7.702196174620127,12,12
382,1.0,daily,sharp,0.27634473105378926,-3.4290191407357233,-7.702196174620127,12,12
382,1.0,daily,weak,0.08518296340731854,-4.8803257059813,-7.702196174620127,12,12
382,1.0,daily,weak_skew,0.22535492901419715,-4.657415969623833,-7.702196174620127,12,12
382,1.0,two_day,alt,0.09619140625,-4.434488852072579,-7.702196174620127,12,12
382,1.0,two_day,sharp,0.71630859375,0.9609134256390988,-7.702196174620127,12,12
382,1.0,two_day,weak,0.396484375,2.6655596045197014,-7.702196174620127,12,12
382,1.0,two_day,weak_skew,0.93115234375,-0.32021444500499463,-7.702196174620127,12,12
382,1.0,four_day,alt,0.15625,-10.455668146794073,-7.702196174620127,6,12
382,1.0,four_day,sharp,0.6875,-2.7932253663437017,-7.702196174620127,6,12
382,1.0,four_day,weak,0.96875,-0.1883543543153401,-7.702196174620127,6,12
382,1.0,four_day,weak_skew,0.53125,7.892597365213827,-7.702196174620127,6,12
383,1.0,daily,alt,0.009998000399920015,-5.1314011539893425,-6.169693875078664,12,12
383,1.0,daily,sharp,0.10877824435112977,-2.918280964483262,-6.169693875078664,12,12
383,1.0,daily,weak,0.05838832233553289,-5.120588806012038,-6.169693875078664,12,12
383,1.0,daily,weak_skew,0.14237152569486103,-3.3984034599243547,-6.169693875078664,12,12
383,1.0,two_day,alt,0.28955078125,-4.038583058398712,-6.169693875078664,12,12
383,1.0,two_day,sharp,0.7451171875,-0.649582140104954,-6.169693875078664,12,12
383,1.0,two_day,weak,0.7060546875,1.9065184751917712,-6.169693875078664,12,12
383,1.0,two_day,weak_skew,0.24755859375,2.926616721168394,-6.169693875078664,12,12
383,1.0,four_day,alt,0.5625,2.0120424497198726,-6.169693875078664,6,12
383,1.0,four_day,sharp,0.3125,2.3039476315671266,-6.169693875078664,6,12
383,1.0,four_day,weak,0.03125,5.919459023199027,-6.169693875078664,6,12
383,1.0,four_day,weak_skew,0.75,-1.4903995406693273,-6.169693875078664,6,12
384,1.0,daily,alt,0.015396920615876825,-5.718502508725702,-11.224849775768782,12,12
384,1.0,daily,sharp,0.7212557488502299,-0.733246615848118,-11.224849775768782,12,12
384,1.0,daily,weak,0.8870225954809038,-0.5297833748406321,-11.224849775768782,12,12
384,1.0,daily,weak_skew,0.6182763447310538,-1.4842659097922013,-11.224849775768782,12,12
384,1.0,two_day,alt,0.00537109375,-7.794532866461263,-11.224849775768782,12,12
384,1.0,two_day,sharp,0.71533203125,-0.8237075606258498,-11.224849775768782,12,12
384,1.0,two_day,weak,0.70263671875,-1.1065509792716668,-11.224849775768782,12,12
384,1.0,two_day,weak_skew,0.09912109375,-3.483934699064257,-11.224849775768782,12,12
384,1.0,four_day,alt,0.125,-9.15556783046239,-11.224849775768782,6,12
384,1.0,four_day,sharp,0.78125,-1.3345290788817887,-11.224849775768782,6,12
384,1.0,four_day,weak,0.75,-2.0297806247988697,-11.224849775768782,6,12
384,1.0,four_day,weak_skew,0.96875,-0.21063291388022165,-11.224849775768782,6,12
385,1.0,daily,alt,0.10617876424715057,-7.1850353689905075,-8.077095561676387,12,12
385,1.0,daily,sharp,0.4813037392521496,-2.494340670404133,-8.077095561676387,12,12
385,1.0,daily,weak,0.2985402919416117,-4.388387547279655,-8.077095561676387,12,12
385,1.0,daily,weak_skew,0.29194161167766447,-4.054357524014636,-8.077095561676387,12,12
385,1.0,two_day,alt,0.64208984375,-2.7453441129902054,-8.077095561676387,12,12
385,1.0,two_day,sharp,0.6337890625,2.461408987814393,-8.077095561676387,12,12
385,1.0,two_day,weak,0.5390625,3.190595816288031,-8.077095561676387,12,12
385,1.0,two_day,weak_skew,0.94775390625,0.32506021971297666,-8.077095561676387,12,12
385,1.0,four_day,alt,0.28125,-6.588856657047138,-8.077095561676387,6,12
385,1.0,four_day,sharp,0.90625,1.3463567619703685,-8.077095561676387,6,12
385,1.0,four_day,weak,0.6875,2.8847996243353378,-8.077095561676387,6,12
385,1.0,four_day,weak_skew,0.875,1.7586606968213279,-8.077095561676387,6,12
386,1.0,daily,alt,0.016996600679864027,-5.242992928187951,-6.856438090841969,12,12
386,1.0,daily,sharp,0.5672865426914617,-1.1972757795460123,-6.856438090841969,12,12
386,1.0,daily,weak,0.8440311937612478,-0.7297907140448423,-6.856438090841969,12,12
386,1.0,daily,weak_skew,0.41471705658868224,-1.7023843974053179,-6.856438090841969,12,12
386,1.0,two_day,alt,0.2158203125,-3.586687920002149,-6.856438090841969,12,12
386,1.0,two_day,sharp,0.87744140625,0.45833531557108387,-6.856438090841969,12,12
386,1.0,two_day,weak,0.7099609375,1.2791409005925853,-6.856438090841969,12,12
386,1.0,two_day,weak_skew,0.36328125,5.929993373705518,-6.856438090841969,12,12
386,1.0,four_day,alt,0.09375,-9.249703655518251,-6.856438090841969,6,12
386,1.0,four_day,sharp,0.3125,-4.697238194011139,-6.856438090841969,6,12
386,1.0,four_day,weak,0.5,-2.755035278342645,-6.856438090841969,6,12
386,1.0,four_day,weak_skew,0.84375,-1.854328496029467,-6.856438090841969,6,12
387,1.0,daily,alt,0.003799240151969606,-6.106312702057209,-9.712864045085404,12,12
387,1.0,daily,sharp,0.5128974205158968,1.9283499008470588,-9.712864045085404,12,12
387,1.0,daily,weak,0.7694461107778444,1.048404787751639,-9.712864045085404,12,12
387,1.0,daily,weak_skew,0.9256148770245951,-0.25849112278612435,-9.712864045085404,12,12
387,1.0,two_day,alt,0.041015625,-8.17463920161152,-9.712864045085404,12,12
387,1.0,two_day,sharp,0.15771484375,-4.236531024642186,-9.712864045085404,12,12
387,1.0,two_day,weak,0.1650390625,-5.214903913101164,-9.712864045085404,12,12
387,1.0,two_day,weak_skew,0.54248046875,-2.6018968587671245,-9.712864045085404,12,12
387,1.0,four_day,alt,0.125,-9.895616552648134,-9.712864045085404,6,12
387,1.0,four_day,sharp,0.4375,-3.6456300558864023,-9.712864045085404,6,12
387,1.0,four_day,weak,0.53125,-5.794344039053596,-9.712864045085404,6,12
387,1.0,four_day,weak_skew,0.125,-6.192051024071364,-9.712864045085404,6,12
388,1.0,daily,alt,0.14777044591081784,-5.011039945942841,-3.3792054976551498,12,12
388,1.0,daily,sharp,0.8270345930813837,-0.7204149570877879,-3.3792054976551498,12,12
388,1.0,daily,weak,0.4807038592281544,-3.33981035460496,-3.3792054976551498,12,12
388,1.0,daily,weak_skew,0.13557288542291543,-4.856015365415691,-3.3792054976551498,12,12
388,1.0,two_day,alt,0.7470703125,-1.0486655927265947,-3.3792054976551498,12,12
388,1.0,two_day,sharp,0.41796875,1.8431824659607638,-3.3792054976551498,12,12
388,1.0,two_day,weak,0.1298828125,3.5509877219758135,-3.3792054976551498,12,12
388,1.0,two_day,weak_skew,0.91064453125,-0.2589938986194162,-3.3792054976551498,12,12
388,1.0,four_day,alt,0.3125,-2.856318041458491,-3.3792054976551498,6,12
388,1.0,four_day,sharp,0.46875,2.6921814534644057,-3.3792054976551498,6,12
388,1.0,four_day,weak,0.5,2.6937642707030833,-3.3792054976551498,6,12
388,1.0,four_day,weak_skew,0.3125,8.47073239141576,-3.3792054976551498,6,12
389,1.0,daily,alt,0.9274145170965807,0.379586212877624,-3.14227930297767,12,12
389,1.0,daily,sharp,0.4941011797640472,2.008992266027376,-3.14227930297767,12,12
389,1.0,daily,weak,0.6630673865226955,1.0656539246410006,-3.14227930297767,12,12
389,1.0,daily,weak_skew,0.5944811037792441,1.5470765954388856,-3.14227930297767,12,12
389,1.0,two_day,alt,0.23583984375,-3.634318921914181,-3.14227930297767,12,12
389,1.0,two_day,sharp,0.59326171875,-1.544175162669335,-3.14227930297767,12,12
389,1.0,two_day,weak,0.4931640625,2.9098850766162965,-3.14227930297767,12,12
389,1.0,two_day,weak_skew,0.89990234375,0.33901947943967886,-3.14227930297767,12,12
389,1.0,four_day,alt,0.25,3.296083862103424,-3.14227930297767,6,12
389,1.0,four_day,sharp,0.125,3.498216213856422,-3.14227930297767,6,12
389,1.0,four_day,weak,0.0625,8.325590765403598,-3.14227930297767,6,12
389,1.0,four_day,weak_skew,0.34375,4.418579298398362,-3.14227930297767,6,12
390,1.0,daily,alt,0.31073785242951407,-2.2804590213300124,-6.492995420787793,12,12
390,1.0,daily,sharp,0.133373325334933,2.1342387430532086,-6.492995420787793,12,12
390,1.0,daily,weak,0.6152769446110777,-0.798513578796675,-6.492995420787793,12,12
390,1.0,daily,weak_skew,0.7900419916016796,0.42669297627126807,-6.492995420787793,12,12
390,1.0,two_day,alt,0.78662109375,-1.3727556751731935,-6.492995420787793,12,12
390,1.0,two_day,sharp,0.2783203125,2.3450631359326892,-6.492995420787793,12,12
390,1.0,two_day,weak,0.08349609375,6.230365517734628,-6.492995420787793,12,12
390,1.0,two_day,weak_skew,0.6083984375,1.6799839122493943,-6.492995420787793,12,12
390,1.0,four_day,alt,0.40625,-4.40945786865096,-6.492995420787793,6,12
390,1.0,four_day,sharp,0.71875,-1.3548470706220013,-6.492995420787793,6,12
390,1.0,four_day,weak,0.96875,-0.36491351569992264,-6.492995420787793,6,12
390,1.0,four_day,weak_skew,0.65625,0.8222790149725832,-6.492995420787793,6,12
391,1.0,daily,alt,0.021795640871825634,-6.931150592598594,-6.767296339521707,12,12
391,1.0,daily,sharp,0.08318336332733453,-4.5641302723106625,-6.767296339521707,12,12
391,1.0,daily,weak,0.04319136172765447,-8.640059905199132,-6.767296339521707,12,12
391,1.0,daily,weak_skew,0.08558288342331534,-6.030365366746608,-6.767296339521707,12,12
391,1.0,two_day,alt,0.232421875,-3.801843485525879,-6.767296339521707,12,12
391,1.0,two_day,sharp,0.8515625,0.5553316893884764,-6.767296339521707,12,12
391,1.0,two_day,weak,0.45654296875,-2.961101339219081,-6.767296339521707,12,12
391,1.0,two_day,weak_skew,0.61669921875,-2.0192394629919175,-6.767296339521707,12,12
391,1.0,four_day,alt,0.71875,-1.3657588130571992,-6.767296339521707,6,12
391,1.0,four_day,sharp,0.40625,3.0148499521013767,-6.767296339521707,6,12
391,1.0,four_day,weak,0.8125,1.0568218988008933,-6.767296339521707,6,12
391,1.0,four_day,weak_skew,0.625,6.316441049631425,-6.767296339521707,6,12
392,1.0,daily,alt,0.5504899020195961,-2.3855805581186935,-5.980535795820316,12,12
392,1.0,daily,sharp,0.9892021595680864,-0.033873495047839576,-5.980535795820316,12,12
392,1.0,daily,weak,0.9514097180563887,-0.22392923624612493,-5.980535795820316,12,12
392,1.0,daily,weak_skew,0.5934813037392521,-1.0847534884789247,-5.980535795820316,12,12
392,1.0,two_day,alt,0.10546875,-5.517874185909339,-5.980535795820316,12,12
392,1.0,two_day,sharp,0.49462890625,-1.750660703177055,-5.980535795820316,12,12
392,1.0,two_day,weak,0.59228515625,-1.8220819742186258,-5.980535795820316,12,12
392,1.0,two_day,weak_skew,0.919921875,0.29203749689664943,-5.980535795820316,12,12
392,1.0,four_day,alt,0.375,-2.4561919101025182,-5.980535795820316,6,12
392,1.0,four_day,sharp,0.3125,3.878692583543065,-5.980535795820316,6,12
392,1.0,four_day,weak,0.4375,4.024888772208729,-5.980535795820316,6,12
392,1.0,four_day,weak_skew,0.1875,6.325454180353909,-5.980535795820316,6,12
393,1.0,daily,alt,0.44631073785242953,-1.667713572671948,-7.328507618978257,12,12
393,1.0,daily,sharp,0.38392321535692864,1.0441123731006854,-7.328507618978257,12,12
393,1.0,daily,weak,0.3163367326534693,-1.5595606469587373,-7.328507618978257,12,12
393,1.0,daily,weak_skew,0.5834833033393322,1.0995861601378187,-7.328507618978257,12,12
393,1.0,two_day,alt,0.09375,-7.112531212878217,-7.328507618978257,12,12
393,1.0,two_day,sharp,0.09375,-3.407962628960192,-7.328507618978257,12,12
393,1.0,two_day,weak,0.07421875,-6.288759831446879,-7.328507618978257,12,12
393,1.0,two_day,weak_skew,0.03857421875,-6.713491504964726,-7.328507618978257,12,12
393,1.0,four_day,alt,0.21875,-8.19775539560133,-7.328507618978257,6,12
393,1.0,four_day,sharp,0.53125,-2.772814278671486,-7.328507618978257,6,12
393,1.0,four_day,weak,0.6875,-4.522299666292921,-7.328507618978257,6,12
393,1.0,four_day,weak_skew,0.46875,-3.1980367076538876,-7.328507618978257,6,12
394,1.0,daily,alt,0.3713257348530294,2.829554609721466,-4.807347603226674,12,12
394,1.0,daily,sharp,0.04279144171165767,3.8702958723126337,-4.807347603226674,12,12
394,1.0,daily,weak,0.060387922415516895,5.041019274765423,-4.807347603226674,12,12
394,1.0,daily,weak_skew,0.5262947410517896,1.1848589908677358,-4.807347603226674,12,12
394,1.0,two_day,alt,0.7470703125,0.9333883784258266,-4.807347603226674,12,12
394,1.0,two_day,sharp,0.07470703125,5.181352144267795,-4.807347603226674,12,12
394,1.0,two_day,weak,0.1064453125,7.477876492073851,-4.807347603226674,12,12
394,1.0,two_day,weak_skew,0.4501953125,2.1376525857984032,-4.807347603226674,12,12
394,1.0,four_day,alt,0.1875,-6.0606969583652335,-4.807347603226674,6,12
394,1.0,four_day,sharp,0.90625,-0.37365602405333576,-4.807347603226674,6,12
394,1.0,four_day,weak,0.8125,2.6463207031020866,-4.807347603226674,6,12
394,1.0,four_day,weak_skew,0.65625,-2.765563597727964,-4.807347603226674,6,12
395,1.0,daily,alt,0.5348930213957208,-1.1377876597362455,-9.684184879568008,12,12
395,1.0,daily,sharp,0.057788442311537694,1.991911308538062,-9.684184879568008,12,12
395,1.0,daily,weak,0.9070185962807439,0.2913564665456825,-9.684184879568008,12,12
395,1.0,daily,weak_skew,0.42131573685262946,1.88202840037668,-9.684184879568008,12,12
395,1.0,two_day,alt,0.86181640625,0.5025128626800258,-9.684184879568008,12,12
395,1.0,two_day,sharp,0.02587890625,4.169313098852682,-9.684184879568008,12,12
395,1.0,two_day,weak,0.08349609375,5.7580483593007585,-9.684184879568008,12,12
395,1.0,two_day,weak_skew,0.02978515625,5.255292949136714,-9.684184879568008,12,12
395,1.0,four_day,alt,0.09375,-9.226706970343367,-9.684184879568008,6,12
395,1.0,four_day,sharp,0.15625,-3.7879715060914827,-9.684184879568008,6,12
395,1.0,four_day,weak,0.40625,-5.767638898181924,-9.684184879568008,6,12
395,1.0,four_day,weak_skew,0.28125,-4.565812164254246,-9.684184879568008,6,12
396,1.0,daily,alt,0.007798440311937612,-7.5521739345436165,-8.042346775327253,12,12
396,1.0,daily,sharp,0.3089382123575285,-2.1782179359624276,-8.042346775327253,12,12
396,1.0,daily,weak,0.21035792841431714,-3.3413330357178608,-8.042346775327253,12,12
396,1.0,daily,weak_skew,0.08438312337532493,-3.5071088814596685,-8.042346775327253,12,12
396,1.0,two_day,alt,0.0283203125,-5.796008740146376,-8.042346775327253,12,12
396,1.0,two_day,sharp,0.8701171875,-0.37844040965257086,-8.042346775327253,12,12
396,1.0,two_day,weak,0.7587890625,0.9637931564146763,-8.042346775327253,12,12
396,1.0,two_day,weak_skew,0.87841796875,0.680260733714098,-8.042346775327253,12,12
396,1.0,four_day,alt,0.9375,0.2643130700150505,-8.042346775327253,6,12
396,1.0,four_day,sharp,0.15625,6.983601419329713,-8.042346775327253,6,12
396,1.0,four_day,weak,0.3125,7.066344735174391,-8.042346775327253,6,12
396,1.0,four_day,weak_skew,0.15625,8.02721950120181,-8.042346775327253,6,12
397,1.0,daily,alt,0.9454109178164367,0.1457059012068959,-2.7812155841848423,12,12
397,1.0,daily,sharp,0.376124775044991,1.7627099370039698,-2.7812155841848423,12,12
397,1.0,daily,weak,0.4839032193561288,2.1652137337761137,-2.7812155841848423,12,12
397,1.0,daily,weak_skew,0.1975604879024195,2.5541950616639233,-2.7812155841848423,12,12
397,1.0,two_day,alt,0.25927734375,2.9393681638700593,-2.7812155841848423,12,12
397,1.0,two_day,sharp,0.14404296875,3.4395388752428655,-2.7812155841848423,12,12
397,1.0,two_day,weak,0.69677734375,-1.3914157090625785,-2.7812155841848423,12,12
397,1.0,two_day,weak_skew,0.71435546875,1.3643258200691701,-2.7812155841848423,12,12
397,1.0,four_day,alt,0.90625,-0.23147252741086177,-2.7812155841848423,6,12
397,1.0,four_day,sharp,0.59375,1.7458146058413628,-2.7812155841848423,6,12
397,1.0,four_day,weak,0.40625,-2.797307506037734,-2.7812155841848423,6,12
397,1.0,four_day,weak_skew,1.0,-0.06936507332906316,-2.7812155841848423,6,12
398,1.0,daily,alt,0.13257348530293941,-3.729021605381504,-6.710627578274881,12,12
398,1.0,daily,sharp,0.8090381923615277,0.4711407347656629,-6.710627578274881,12,12
398,1.0,daily,weak,0.9274145170965807,-0.2533499659609504,-6.710627578274881,12,12
398,1.0,daily,weak_skew,0.9870025994801039,0.058009201272005484,-6.710627578274881,12,12
398,1.0,two_day,alt,0.02685546875,-6.9410054147599825,-6.710627578274881,12,12
398,1.0,two_day,sharp,0.5068359375,-1.0713893349190926,-6.710627578274881,12,12
398,1.0,two_day,weak,0.18212890625,-4.212045519395907,-6.710627578274881,12,12
398,1.0,two_day,weak_skew,0.9990234375,-0.004309666227534,-6.710627578274881,12,12
398,1.0,four_day,alt,0.15625,-6.648132813771402,-6.710627578274881,6,12
398,1.0,four_day,sharp,0.65625,1.2959591646247617,-6.710627578274881,6,12
398,1.0,four_day,weak,0.84375,1.8077626320188795,-6.710627578274881,6,12
398,1.0,four_day,weak_skew,0.3125,5.5021856936414,-6.710627578274881,6,12
399,1.0,daily,alt,0.9888022395520896,-0.4089830527391249,-7.494752590514501,12,12
399,1.0,daily,sharp,0.5922815436912617,-0.6910385085930658,-7.494752590514501,12,12
399,1.0,daily,weak,0.5822835432913417,-1.0049335926863676,-7.494752590514501,12,12
399,1.0,daily,weak_skew,0.8400319936012798,0.835478688689463,-7.494752590514501,12,12
399,1.0,two_day,alt,0.015625,-5.644636461058319,-7.494752590514501,12,12
399,1.0,two_day,sharp,0.99365234375,-0.00791134345107499,-7.494752590514501,12,12
399,1.0,two_day,weak,0.6572265625,-1.1588604901356874,-7.494752590514501,12,12
399,1.0,two_day,weak_skew,0.47607421875,-1.5306045398701915,-7.494752590514501,12,12
399,1.0,four_day,alt,0.09375,-7.953623706366751,-7.494752590514501,6,12
399,1.0,four_day,sharp,0.9375,0.1252522233928642,-7.494752590514501,6,12
399,1.0,four_day,weak,0.40625,2.437059147211832,-7.494752590514501,6,12
399,1.0,four_day,weak_skew,0.5625,4.363775552261285,-7.494752590514501,6,12
400,1.0,daily,alt,0.13917216556688664,-5.4294635233476045,-9.611245845660186,12,12
400,1.0,daily,sharp,0.7678464307138573,-1.0187206152978405,-9.611245845660186,12,12
400,1.0,daily,weak,0.2653469306138772,-3.9412476391055953,-9.611245845660186,12,12
400,1.0,daily,weak_skew,0.7000599880023995,-1.4205016474260337,-9.611245845660186,12,12
400,1.0,two_day,alt,0.1279296875,-5.227686028248354,-9.611245845660186,12,12
400,1.0,two_day,sharp,0.32958984375,2.738628513471056,-9.611245845660186,12,12
400,1.0,two_day,weak,0.8642578125,0.6315905339425681,-9.611245845660186,12,12
400,1.0,two_day,weak_skew,0.40576171875,3.9900656190428587,-9.611245845660186,12,12
400,1.0,four_day,alt,0.34375,-4.209532350279801,-9.611245845660186,6,12
400,1.0,four_day,sharp,0.59375,2.435181513641749,-9.611245845660186,6,12
400,1.0,four_day,weak,0.84375,1.1150495614782017,-9.611245845660186,6,12
400,1.0,four_day,weak_skew,0.9375,0.768636190237545,-9.611245845660186,6,12
401,1.0,daily,alt,0.03499300139972006,-6.760002986508215,-8.811838666041233,12,12
401,1.0,daily,sharp,0.6196760647870426,-1.5891416065304078,-8.811838666041233,12,12
401,1.0,daily,weak,0.9504099180163967,0.29638065197689656,-8.811838666041233,12,12
401,1.0,daily,weak_skew,0.7690461907618477,-0.7057125716527105,-8.811838666041233,12,12
401,1.0,two_day,alt,0.029296875,-6.470907726156192,-8.811838666041233,12,12
401,1.0,two_day,sharp,0.8603515625,-0.4861173227895363,-8.811838666041233,12,12
401,1.0,two_day,weak,0.6591796875,2.3616662800743042,-8.811838666041233,12,12
401,1.0,two_day,weak_skew,0.26806640625,-3.82654473125565,-8.811838666041233,12,12
401,1.0,four_day,alt,0.03125,-9.84133228666738,-8.811838666041233,6,12
401,1.0,four_day,sharp,0.15625,-2.757299851610733,-8.811838666041233,6,12
401,1.0,four_day,weak,0.625,2.632441959565925,-8.811838666041233,6,12
401,1.0,four_day,weak_skew,1.0,-0.6509608204323669,-8.811838666041233,6,12
402,1.0,daily,alt,0.15136972605478904,-2.7126617502707777,-7.272533394918369,12,12
402,1.0,daily,sharp,0.8852229554089183,0.23371839838092376,-7.272533394918369,12,12
402,1.0,daily,weak,0.5070985802839432,1.3125321257666691,-7.272533394918369,12,12
402,1.0,daily,weak_skew,0.9584083183363328,-0.1095719768474055,-7.272533394918369,12,12
402,1.0,two_day,alt,0.05126953125,-5.955660368539935,-7.272533394918369,12,12
402,1.0,two_day,sharp,0.2373046875,-2.61107846651115,-7.272533394918369,12,12
402,1.0,two_day,weak,0.52099609375,-2.5540055094228538,-7.272533394918369,12,12
402,1.0,two_day,weak_skew,0.07470703125,-5.212579761868049,-7.272533394918369,12,12
402,1.0,four_day,alt,0.28125,-3.0221886707736423,-7.272533394918369,6,12
402,1.0,four_day,sharp,0.09375,3.7555518555136396,-7.272533394918369,6,12
402,1.0,four_day,weak,0.53125,2.4988672274013433,-7.272533394918369,6,12
402,1.0,four_day,weak_skew,0.25,9.311153494430586,-7.272533394918369,6,12
403,1.0,daily,alt,0.7792441511697661,-0.9464544259312445,-6.247010518567855,12,12
403,1.0,daily,sharp,0.41211757648470304,2.299775252987747,-6.247010518567855,12,12
403,1.0,daily,weak,0.5422915416916617,2.915329867358135,-6.247010518567855,12,12
403,1.0,daily,weak_skew,0.16576684663067387,4.280716550517503,-6.247010518567855,12,12
403,1.0,two_day,alt,0.13623046875,-7.419097321986349,-6.247010518567855,12,12
403,1.0,two_day,sharp,0.36669921875,-4.69174243859742,-6.247010518567855,12,12
403,1.0,two_day,weak,0.482421875,-3.5594381204758023,-6.247010518567855,12,12
403,1.0,two_day,weak_skew,0.45458984375,-4.738013057358557,-6.247010518567855,12,12
403,1.0,four_day,alt,0.40625,-3.632449132428185,-6.247010518567855,6,12
403,1.0,four_day,sharp,0.4375,4.5303532866250755,-6.247010518567855,6,12
403,1.0,four_day,weak,0.875,-1.0421553368240677,-6.247010518567855,6,12
403,1.0,four_day,weak_skew,0.875,-0.15949254299648175,-6.247010518567855,6,12
404,1.0,daily,alt,0.8070385922815437,0.6576057407086981,-6.712729767729996,12,12
404,1.0,daily,sharp,0.21575684863027395,1.7739852266446938,-6.712729767729996,12,12
404,1.0,daily,weak,0.09618076384723055,4.858645632903579,-6.712729767729996,12,12
404,1.0,daily,weak_skew,0.9182163567286543,0.19280070438116562,-6.712729767729996,12,12
404,1.0,two_day,alt,0.00146484375,-10.542498277077504,-6.712729767729996,12,12
404,1.0,two_day,sharp,0.00439453125,-6.071559617531162,-6.712729767729996,12,12
404,1.0,two_day,weak,0.11865234375,-3.710410268186397,-6.712729767729996,12,12
404,1.0,two_day,weak_skew,0.0595703125,-6.505463127609228,-6.712729767729996,12,12
404,1.0,four_day,alt,0.375,-7.179241111044856,-6.712729767729996,6,12
404,1.0,four_day,sharp,0.5,-3.797309332145167,-6.712729767729996,6,12
404,1.0,four_day,weak,0.40625,-6.740909152241392,-6.712729767729996,6,12
404,1.0,four_day,weak_skew,0.71875,0.7851050895311834,-6.712729767729996,6,12
405,1.0,daily,alt,0.016996600679864027,-4.717929703617231,-8.092368300412339,12,12
405,1.0,daily,sharp,0.9054189162167566,-0.18322862517155394,-8.092368300412339,12,12
405,1.0,daily,weak,0.6588682263547291,-1.3183829448597155,-8.092368300412339,12,12
405,1.0,daily,weak_skew,0.35372925414917017,1.541430174653243,-8.092368300412339,12,12
405,1.0,two_day,alt,0.048828125,-4.728473643315551,-8.092368300412339,12,12
405,1.0,two_day,sharp,0.529296875,1.1448509781284049,-8.092368300412339,12,12
405,1.0,two_day,weak,0.01708984375,-6.408315902645384,-8.092368300412339,12,12
405,1.0,two_day,weak_skew,0.779296875,-0.9400248060231545,-8.092368300412339,12,12
405,1.0,four_day,alt,0.03125,-11.337187500687273,-8.092368300412339,6,12
405,1.0,four_day,sharp,0.125,-3.4102253424741895,-8.092368300412339,6,12
405,1.0,four_day,weak,0.46875,-3.507720172590531,-8.092368300412339,6,12
405,1.0,four_day,weak_skew,0.0625,-7.915418611244321,-8.092368300412339,6,12
406,1.0,daily,alt,0.04519096180763847,-3.573636146624663,-7.0900487326201045,12,12
406,1.0,daily,sharp,0.15416916616676665,2.155587249281252,-7.0900487326201045,12,12
406,1.0,daily,weak,0.1863627274545091,2.8763787933423295,-7.0900487326201045,12,12
406,1.0,daily,weak_skew,0.1773645270945811,3.48665186324364,-7.0900487326201045,12,12
406,1.0,two_day,alt,0.0390625,-5.702503798226492,-7.0900487326201045,12,12
406,1.0,two_day,sharp,0.572265625,-1.4046210463742927,-7.0900487326201045,12,12
406,1.0,two_day,weak,0.96826171875,-0.17736098022927807,-7.0900487326201045,12,12
406,1.0,two_day,weak_skew,0.25146484375,5.467243122934549,-7.0900487326201045,12,12
406,1.0,four_day,alt,0.09375,-5.6534841510207405,-7.0900487326201045,6,12
406,1.0,four_day,sharp,0.34375,1.9723824375867653,-7.0900487326201045,6,12
406,1.0,four_day,weak,0.0625,6.947519023858534,-7.0900487326201045,6,12
406,1.0,four_day,weak_skew,0.15625,12.323344256895487,-7.0900487326201045,6,12
407,1.0,daily,alt,0.20715856828634274,6.029473429094185,-3.156554833268814,12,12
407,1.0,daily,sharp,0.25934813037392523,2.1320675057609364,-3.156554833268814,12,12
407,1.0,daily,weak,0.07258548290341932,4.527683889751774,-3.156554833268814,12,12
407,1.0,daily,weak_skew,0.2569486102779444,2.1749353780261456,-3.156554833268814,12,12
407,1.0,two_day,alt,0.5048828125,6.589922807208235,-3.156554833268814,12,12
407,1.0,two_day,sharp,0.99267578125,-0.03876114847988769,-3.156554833268814,12,12
407,1.0,two_day,weak,0.59619140625,-2.5523031908723373,-3.156554833268814,12,12
407,1.0,two_day,weak_skew,0.44775390625,-3.193991175223782,-3.156554833268814,12,12
407,1.0,four_day,alt,0.78125,1.983922640142082,-3.156554833268814,6,12
407,1.0,four_day,sharp,0.96875,-0.06885446284394092,-3.156554833268814,6,12
407,1.0,four_day,weak,0.90625,-0.6957811603694944,-3.156554833268814,6,12
407,1.0,four_day,weak_skew,0.375,-6.117541054350404,-3.156554833268814,6,12
408,1.0,daily,alt,0.9714057188562287,-0.07397341370762749,-8.00997559072269,12,12
408,1.0,daily,sharp,0.07698460307938412,3.7522630692898313,-8.00997559072269,12,12
408,1.0,daily,weak,0.027194561087782444,6.918631495894972,-8.00997559072269,12,12
408,1.0,daily,weak_skew,0.002999400119976005,5.177116363951917,-8.00997559072269,12,12
408,1.0,two_day,alt,0.1611328125,-5.651190920231507,-8.00997559072269,12,12
408,1.0,two_day,sharp,0.78466796875,-0.8477848279546389,-8.00997559072269,12,12
408,1.0,two_day,weak,0.6162109375,-1.4318817863208586,-8.00997559072269,12,12
408,1.0,two_day,weak_skew,0.32275390625,-3.893618082777716,-8.00997559072269,12,12
408,1.0,four_day,alt,0.78125,-1.4510019257435947,-8.00997559072269,6,12
408,1.0,four_day,sharp,0.46875,3.5545525145548247,-8.00997559072269,6,12
408,1.0,four_day,weak,0.875,1.313329457026672,-8.00997559072269,6,12
408,1.0,four_day,weak_skew,0.3125,4.9010479610807165,-8.00997559072269,6,12
409,1.0,daily,alt,0.10617876424715057,-4.674784646292767,-7.625884607996433,12,12
409,1.0,daily,sharp,0.5318936212757448,-1.2693264122811396,-7.625884607996433,12,12
409,1.0,daily,weak,0.7146570685862828,1.3388332193714323,-7.625884607996433,12,12
409,1.0,daily,weak_skew,0.36212757448510297,-2.469910074186576,-7.625884607996433,12,12
409,1.0,two_day,alt,0.00048828125,-10.444569199974435,-7.625884607996433,12,12
409,1.0,two_day,sharp,0.0234375,-3.829693007751603,-7.625884607996433,12,12
409,1.0,two_day,weak,0.5439453125,1.8273631681284765,-7.625884607996433,12,12
409,1.0,two_day,weak_skew,0.005859375,-7.772506256081158,-7.625884607996433,12,12
409,1.0,four_day,alt,0.1875,-3.8643384987641767,-7.625884607996433,6,12
409,1.0,four_day,sharp,0.53125,1.425631810984014,-7.625884607996433,6,12
409,1.0,four_day,weak,0.25,-3.8432789391994007,-7.625884607996433,6,12
409,1.0,four_day,weak_skew,0.5625,2.492233022556429,-7.625884607996433,6,12
410,1.0,daily,alt,0.7316536692661467,-1.2232808013333833,-2.7300954075514667,12,12
410,1.0,daily,sharp,0.7058588282343531,-0.522317150944108,-2.7300954075514667,12,12
410,1.0,daily,weak,0.05578884223155369,-3.3070853434777967,-2.7300954075514667,12,12
410,1.0,daily,weak_skew,0.6776644671065787,-0.8988551600833917,-2.7300954075514667,12,12
410,1.0,two_day,alt,0.5126953125,5.0068700670049475,-2.7300954075514667,12,12
410,1.0,two_day,sharp,0.26904296875,2.438030686899831,-2.7300954075514667,12,12
410,1.0,two_day,weak,0.71728515625,0.9199013351565473,-2.7300954075514667,12,12
410,1.0,two_day,weak_skew,0.361328125,3.207258886143361,-2.7300954075514667,12,12
410,1.0,four_day,alt,0.28125,-6.785636785860635,-2.7300954075514667,6,12
410,1.0,four_day,sharp,0.15625,-5.0473023376417645,-2.7300954075514667,6,12
410,1.0,four_day,weak,0.53125,-2.161658173082093,-2.7300954075514667,6,12
410,1.0,four_day,weak_skew,0.25,-6.945494883996577,-2.7300954075514667,6,12
411,1.0,daily,alt,0.08098380323935213,-5.418867137929891,-6.755940246891768,12,12
411,1.0,daily,sharp,0.04519096180763847,-3.571826852421362,-6.755940246891768,12,12
411,1.0,daily,weak,0.4391121775644871,-2.2071031310814355,-6.755940246891768,12,12
411,1.0,daily,weak_skew,0.0003999200159968006,-5.99637612244928,-6.755940246891768,12,12
411,1.0,two_day,alt,0.7763671875,1.2055073656099324,-6.755940246891768,12,12
411,1.0,two_day,sharp,0.3583984375,2.4073069867049646,-6.755940246891768,12,12
411,1.0,two_day,weak,0.9091796875,-0.5430357371146126,-6.755940246891768,12,12
411,1.0,two_day,weak_skew,0.384765625,3.5684242699823048,-6.755940246891768,12,12
411,1.0,four_day,alt,0.90625,0.936167293353544,-6.755940246891768,6,12
411,1.0,four_day,sharp,0.28125,4.774028925718319,-6.755940246891768,6,12
411,1.0,four_day,weak,0.40625,5.701050087802191,-6.755940246891768,6,12
411,1.0,four_day,weak_skew,0.4375,7.2799779513195375,-6.755940246891768,6,12
412,1.0,daily,alt,0.8800239952009599,-0.4727752576423967,-7.570997244592235,12,12
412,1.0,daily,sharp,0.6230753849230154,-0.8056494049302744,-7.570997244592235,12,12
412,1.0,daily,weak,0.849630073985203,-0.4212314826577768,-7.570997244592235,12,12
412,1.0,daily,weak_skew,0.9058188362327535,0.3975283606023421,-7.570997244592235,12,12
412,1.0,two_day,alt,0.06787109375,-6.658089483895161,-7.570997244592235,12,12
412,1.0,two_day,sharp,0.6396484375,-1.1085165557276788,-7.570997244592235,12,12
412,1.0,two_day,weak,0.87109375,-0.5048114325881817,-7.570997244592235,12,12
412,1.0,two_day,weak_skew,0.26171875,-2.1562946379749595,-7.570997244592235,12,12
412,1.0,four_day,alt,0.375,-4.44135502653753,-7.570997244592235,6,12
412,1.0,four_day,sharp,0.90625,-0.3646375506370975,-7.570997244592235,6,12
412,1.0,four_day,weak,0.84375,-1.6235139686413464,-7.570997244592235,6,12
412,1.0,four_day,weak_skew,0.09375,-7.839533531197298,-7.570997244592235,6,12
413,1.0,daily,alt,0.7574485102979404,1.4312197083435763,-3.3308204794647978,12,12
413,1.0,daily,sharp,0.40091981603679266,1.1859402057215072,-3.3308204794647978,12,12
413,1.0,daily,weak,0.3587282543491302,-1.9137045269025297,-3.3308204794647978,12,12
413,1.0,daily,weak_skew,0.7788442311537692,-0.5324242950273916,-3.3308204794647978,12,12
413,1.0,two_day,alt,0.77392578125,-1.2969637457174243,-3.3308204794647978,12,12
413,1.0,two_day,sharp,0.9111328125,0.39330104687706086,-3.3308204794647978,12,12
413,1.0,two_day,weak,0.91943359375,0.4150610389387121,-3.3308204794647978,12,12
413,1.0,two_day,weak_skew,0.57958984375,-1.7099645581272267,-3.3308204794647978,12,12
413,1.0,four_day,alt,0.03125,-12.345665912202657,-3.3308204794647978,6,12
413,1.0,four_day,sharp,0.0625,-6.951250483680073,-3.3308204794647978,6,12
413,1.0,four_day,weak,0.125,-6.4366958275608575,-3.3308204794647978,6,12
413,1.0,four_day,weak_skew,0.09375,-9.196882546347293,-3.3308204794647978,6,12
414,1.0,daily,alt,0.010197960407918417,-7.594252846821372,-7.737719780683591,12,12
414,1.0,daily,sharp,0.28134373125374923,-2.3294370481612834,-7.737719780683591,12,12
414,1.0,daily,weak,0.3535292941411718,-2.4511922842547613,-7.737719780683591,12,12
414,1.0,daily,weak_skew,0.45610877824435114,-1.4560127924759125,-7.737719780683591,12,12
414,1.0,two_day,alt,0.74658203125,-2.2464256033040155,-7.737719780683591,12,12
414,1.0,two_day,sharp,0.85791015625,0.3732454318771558,-7.737719780683591,12,12
414,1.0,two_day,weak,0.810546875,0.534575985624142,-7.737719780683591,12,12
414,1.0,two_day,weak_skew,0.3291015625,4.413667254271391,-7.737719780683591,12,12
414,1.0,four_day,alt,0.875,-0.7319346162828614,-7.737719780683591,6,12
414,1.0,four_day,sharp,0.75,0.8832811601233365,-7.737719780683591,6,12
414,1.0,four_day,weak,0.90625,-0.7459014729809633,-7.737719780683591,6,12
414,1.0,four_day,weak_skew,0.90625,0.7413222879015345,-7.737719780683591,6,12
415,1.0,daily,alt,0.3313337332533493,-3.031380340429767,-8.703757063308927,12,12
415,1.0,daily,sharp,0.7076584683063387,0.8239958376077597,-8.703757063308927,12,12
415,1.0,daily,weak,0.8414317136572685,-0.6467488318856839,-8.703757063308927,12,12
415,1.0,daily,weak_skew,0.7008598280343932,-0.8666453853755769,-8.703757063308927,12,12
415,1.0,two_day,alt,0.00341796875,-8.107760178178244,-8.703757063308927,12,12
415,1.0,two_day,sharp,0.15234375,-2.095750276659794,-8.703757063308927,12,12
415,1.0,two_day,weak,0.123046875,-4.09465341162655,-8.703757063308927,12,12
415,1.0,two_day,weak_skew,0.0185546875,-5.384092897563537,-8.703757063308927,12,12
415,1.0,four_day,alt,0.09375,-3.1484626862906624,-8.703757063308927,6,12
415,1.0,four_day,sharp,0.21875,3.3380895397672723,-8.703757063308927,6,12
415,1.0,four_day,weak,0.40625,-3.9330468537000898,-8.703757063308927,6,12
415,1.0,four_day,weak_skew,0.1875,3.436413245157933,-8.703757063308927,6,12
416,1.0,daily,alt,0.0007998400319936012,-5.864342636126103,-7.733102131293613,12,12
416,1.0,daily,sharp,0.09438112377524495,-1.4747537991421975,-7.733102131293613,12,12
416,1.0,daily,weak,0.02439512097580484,-4.48684779943757,-7.733102131293613,12,12
416,1.0,daily,weak_skew,0.8978204359128175,-0.2397434663219169,-7.733102131293613,12,12
416,1.0,two_day,alt,0.02734375,-6.36467404642719,-7.733102131293613,12,12
416,1.0,two_day,sharp,0.07275390625,-3.483449232822363,-7.733102131293613,12,12
416,1.0,two_day,weak,0.56103515625,-1.7989943076426282,-7.733102131293613,12,12
416,1.0,two_day,weak_skew,0.0234375,-7.873059478094041,-7.733102131293613,12,12
416,1.0,four_day,alt,0.15625,-6.851788083679338,-7.733102131293613,6,12
416,1.0,four_day,sharp,0.5625,-0.7812736742453351,-7.733102131293613,6,12
416,1.0,four_day,weak,0.40625,-4.055771723976655,-7.733102131293613,6,12
416,1.0,four_day,weak_skew,0.75,0.5586407686328615,-7.733102131293613,6,12
417,1.0,daily,alt,0.01739652069586083,-4.6385609240269625,-8.505115326975911,12,12
417,1.0,daily,sharp,0.7428514297140572,-0.4708149453592731,-8.505115326975911,12,12
417,1.0,daily,weak,0.7084583083383323,-0.7905236148048083,-8.505115326975911,12,12
417,1.0,daily,weak_skew,0.25414917016596683,3.2056371187129087,-8.505115326975911,12,12
417,1.0,two_day,alt,0.6083984375,-1.6692929850953184,-8.505115326975911,12,12
417,1.0,two_day,sharp,0.51904296875,1.2859300196284071,-8.505115326975911,12,12
417,1.0,two_day,weak,0.97412109375,-0.06866621216103574,-8.505115326975911,12,12
417,1.0,two_day,weak_skew,0.66943359375,-1.0311463759464352,-8.505115326975911,12,12
417,1.0,four_day,alt,0.03125,-6.694488771240581,-8.505115326975911,6,12
417,1.0,four_day,sharp,0.71875,0.7264007591758125,-8.505115326975911,6,12
417,1.0,four_day,weak,0.5625,-2.288326426107781,-8.505115326975911,6,12
417,1.0,four_day,weak_skew,0.34375,6.475471688149635,-8.505115326975911,6,12
418,1.0,daily,alt,0.8550289942011597,-0.4691589047178611,-4.611674234204038,12,12
418,1.0,daily,sharp,0.7950409918016397,-0.6246664342662255,-4.611674234204038,12,12
418,1.0,daily,weak,0.8204359128174366,-0.7974946944689094,-4.611674234204038,12,12
418,1.0,daily,weak_skew,0.8234353129374126,-0.6881432505233978,-4.611674234204038,12,12
418,1.0,two_day,alt,0.16455078125,-4.850263876981236,-4.611674234204038,12,12
418,1.0,two_day,sharp,0.65185546875,-1.226824055959914,-4.611674234204038,12,12
418,1.0,two_day,weak,0.20166015625,4.4657904408606575,-4.611674234204038,12,12
418,1.0,two_day,weak_skew,0.822265625,-0.6611877545093439,-4.611674234204038,12,12
418,1.0,four_day,alt,0.1875,-2.9819228735668077,-4.611674234204038,6,12
418,1.0,four_day,sharp,0.53125,0.8953749922068456,-4.611674234204038,6,12
418,1.0,four_day,weak,0.59375,2.482468629253186,-4.611674234204038,6,12
418,1.0,four_day,weak_skew,0.84375,-0.70634411895398,-4.611674234204038,6,12
419,1.0,daily,alt,0.16196760647870426,-4.504903891539549,-8.37728403207457,12,12
419,1.0,daily,sharp,0.9130173965206959,0.3135435242544424,-8.37728403207457,12,12
419,1.0,daily,weak,0.8362327534493101,0.8098724667959208,-8.37728403207457,12,12
419,1.0,daily,weak_skew,0.70625874825035,1.4758322932578167,-8.37728403207457,12,12
419,1.0,two_day,alt,0.12744140625,-6.530287848110866,-8.37728403207457,12,12
419,1.0,two_day,sharp,0.041015625,-5.081423327165847,-8.37728403207457,12,12
419,1.0,two_day,weak,0.46826171875,-2.556761784165568,-8.37728403207457,12,12
419,1.0,two_day,weak_skew,0.10107421875,-5.483074120058364,-8.37728403207457,12,12
419,1.0,four_day,alt,0.71875,-1.8420875330475919,-8.37728403207457,6,12
419,1.0,four_day,sharp,0.6875,2.152317237561204,-8.37728403207457,6,12
419,1.0,four_day,weak,0.75,2.203313347164903,-8.37728403207457,6,12
419,1.0,four_day,weak_skew,0.09375,23.797616513259175,-8.37728403207457,6,12
420,1.0,daily,alt,0.16116776644671066,-3.0754849498669032,-5.559410515594351,12,12
420,1.0,daily,sharp,0.5286942611477704,-1.1888486660226114,-5.559410515594351,12,12
420,1.0,daily,weak,0.590881823635273,1.2787045472695961,-5.559410515594351,12,12
420,1.0,daily,weak_skew,0.6184763047390522,-1.4002646152591207,-5.559410515594351,12,12
420,1.0,two_day,alt,0.45166015625,-2.0827948620028773,-5.559410515594351,12,12
420,1.0,two_day,sharp,0.548828125,1.340433783604345,-5.559410515594351,12,12
420,1.0,two_day,weak,0.93505859375,0.2836930387998766,-5.559410515594351,12,12
420,1.0,two_day,weak_skew,0.78955078125,0.8567084161995151,-5.559410515594351,12,12
420,1.0,four_day,alt,0.03125,-8.426951410687387,-5.559410515594351,6,12
420,1.0,four_day,sharp,0.09375,-2.3901954050497523,-5.559410515594351,6,12
420,1.0,four_day,weak,0.84375,1.0087268928320121,-5.559410515594351,6,12
420,1.0,four_day,weak_skew,0.09375,-4.864010762482497,-5.559410515594351,6,12
421,1.0,daily,alt,0.07018596280743851,-4.834359199814787,-5.9341334459040525,12,12
421,1.0,daily,sharp,0.4097180563887223,-2.100874912827129,-5.9341334459040525,12,12
421,1.0,daily,weak,0.2917416516696661,-3.6857524254336247,-5.9341334459040525,12,12
421,1.0,daily,weak_skew,0.36892621475704857,-2.3015106170856705,-5.9341334459040525,12,12
421,1.0,two_day,alt,0.89404296875,0.4412101865096491,-5.9341334459040525,12,12
421,1.0,two_day,sharp,0.28369140625,3.096687612663029,-5.9341334459040525,12,12
421,1.0,two_day,weak,0.43310546875,3.10572556100283,-5.9341334459040525,12,12
421,1.0,two_day,weak_skew,0.49072265625,1.7926503505101732,-5.9341334459040525,12,12
421,1.0,four_day,alt,0.03125,-10.43925104156658,-5.9341334459040525,6,12
421,1.0,four_day,sharp,0.09375,-5.115745142469419,-5.9341334459040525,6,12
421,1.0,four_day,weak,0.5,3.5334141848547715,-5.9341334459040525,6,12
421,1.0,four_day,weak_skew,0.875,-0.5168307283040434,-5.9341334459040525,6,12
422,1.0,daily,alt,0.14037192561487702,-3.9609786536685436,-8.901268200516036,12,12
422,1.0,daily,sharp,0.6644671065786842,-0.9789229181079465,-8.901268200516036,12,12
422,1.0,daily,weak,0.41391721655668867,-1.7780878795335238,-8.901268200516036,12,12
422,1.0,daily,weak_skew,0.3453309338132374,-2.5167850074206437,-8.901268200516036,12,12
422,1.0,two_day,alt,0.14599609375,-5.337029787528576,-8.901268200516036,12,12
422,1.0,two_day,sharp,0.9619140625,-0.28494071311350666,-8.901268200516036,12,12
422,1.0,two_day,weak,0.939453125,-0.406438113955011,-8.901268200516036,12,12
422,1.0,two_day,weak_skew,0.55810546875,4.178178179332981,-8.901268200516036,12,12
422,1.0,four_day,alt,0.625,-2.4483771802481478,-8.901268200516036,6,12
422,1.0,four_day,sharp,0.6875,2.4885142283357418,-8.901268200516036,6,12
422,1.0,four_day,weak,0.71875,3.2251830788182603,-8.901268200516036,6,12
422,1.0,four_day,weak_skew,0.46875,2.9796249622990367,-8.901268200516036,6,12
423,1.0,daily,alt,0.4783043391321736,-2.171791376474298,-6.2801152840950465,12,12
423,1.0,daily,sharp,0.609878024395121,-1.2288929300128526,-6.2801152840950465,12,12
423,1.0,daily,weak,0.22595480903819237,-2.1129612570549754,-6.2801152840950465,12,12
423,1.0,daily,weak_skew,0.6186762647470506,-1.4138924172542755,-6.2801152840950465,12,12
423,1.0,two_day,alt,0.46484375,-2.4390145061066555,-6.2801152840950465,12,12
423,1.0,two_day,sharp,0.34814453125,2.880680006443168,-6.2801152840950465,12,12
423,1.0,two_day,weak,0.01318359375,8.625706946392585,-6.2801152840950465,12,12
423,1.0,two_day,weak_skew,0.54296875,2.305445844109777,-6.2801152840950465,12,12
423,1.0,four_day,alt,0.65625,1.9421395731935849,-6.2801152840950465,6,12
423,1.0,four_day,sharp,0.3125,3.965642159285585,-6.2801152840950465,6,12
423,1.0,four_day,weak,0.5625,4.401514463718086,-6.2801152840950465,6,12
423,1.0,four_day,weak_skew,0.71875,3.0821293341013507,-6.2801152840950465,6,12
424,1.0,daily,alt,0.02519496100779844,-4.999765891044988,-3.9627161118652197,12,12
424,1.0,daily,sharp,0.4403119376124775,-1.2090145384691435,-3.9627161118652197,12,12
424,1.0,daily,weak,0.9210157968406318,0.2492192474046142,-3.9627161118652197,12,12
424,1.0,daily,weak_skew,0.6038792241551689,-1.8387260477293836,-3.9627161118652197,12,12
424,1.0,two_day,alt,0.59423828125,-1.466071687352743,-3.9627161118652197,12,12
424,1.0,two_day,sharp,0.650390625,-1.0799814496650544,-3.9627161118652197,12,12
424,1.0,two_day,weak,0.2900390625,-4.505205439133558,-3.9627161118652197,12,12
424,1.0,two_day,weak_skew,0.9091796875,-0.4608126977423345,-3.9627161118652197,12,12
424,1.0,four_day,alt,0.46875,-3.817039843609983,-3.9627161118652197,6,12
424,1.0,four_day,sharp,0.90625,-0.4391947301001882,-3.9627161118652197,6,12
424,1.0,four_day,weak,0.15625,-6.909492202944427,-3.9627161118652197,6,12
424,1.0,four_day,weak_skew,0.40625,-3.570744375061073,-3.9627161118652197,6,12
425,1.0,daily,alt,0.27874425114977003,-1.5787813461203697,-5.890304508096243,12,12
425,1.0,daily,sharp,0.20755848830233953,1.6096755761147783,-5.890304508096243,12,12
425,1.0,daily,weak,0.6496700659868027,0.9837937118436871,-5.890304508096243,12,12
425,1.0,daily,weak_skew,0.948010397920416,0.1114652743107758,-5.890304508096243,12,12
425,1.0,two_day,alt,0.1142578125,-3.4592701899313636,-5.890304508096243,12,12
425,1.0,two_day,sharp,0.68017578125,-0.9690937525058896,-5.890304508096243,12,12
425,1.0,two_day,weak,0.27294921875,-5.544279220511785,-5.890304508096243,12,12
425,1.0,two_day,weak_skew,0.34765625,4.857297381173734,-5.890304508096243,12,12
425,1.0,four_day,alt,0.9375,-0.20750621487751295,-5.890304508096243,6,12
425,1.0,four_day,sharp,0.125,3.179727710140791,-5.890304508096243,6,12
425,1.0,four_day,weak,0.25,4.935185377028893,-5.890304508096243,6,12
425,1.0,four_day,weak_skew,0.625,1.681796807983081,-5.890304508096243,6,12
426,1.0,daily,alt,0.4923015396920616,-2.120098551183915,-7.4258045218735305,12,12
426,1.0,daily,sharp,0.3887222555488902,2.5545162585527037,-7.4258045218735305,12,12
426,1.0,daily,weak,0.6550689862027594,1.3279007344751654,-7.4258045218735305,12,12
426,1.0,daily,weak_skew,0.5530893821235753,2.342421831063063,-7.4258045218735305,12,12
426,1.0,two_day,alt,0.62060546875,-2.138801111932471,-7.4258045218735305,12,12
426,1.0,two_day,sharp,0.482421875,2.6952040373219877,-7.4258045218735305,12,12
426,1.0,two_day,weak,0.99462890625,-0.025647091719921633,-7.4258045218735305,12,12
426,1.0,two_day,weak_skew,0.21337890625,6.77606128533025,-7.4258045218735305,12,12
426,1.0,four_day,alt,0.09375,-5.48739641795071,-7.4258045218735305,6,12
426,1.0,four_day,sharp,0.71875,0.4791682883027744,-7.4258045218735305,6,12
426,1.0,four_day,weak,0.75,1.093020931014524,-7.4258045218735305,6,12
426,1.0,four_day,weak_skew,0.3125,5.497292804285661,-7.4258045218735305,6,12
427,1.0,daily,alt,0.11637672465506899,-5.790514918591481,-7.187428399105514,12,12
427,1.0,daily,sharp,0.5594881023795241,-1.9798726116615863,-7.187428399105514,12,12
427,1.0,daily,weak,0.6112777444511098,-1.4703025399283465,-7.187428399105514,12,12
427,1.0,daily,weak_skew,0.13437312537492502,-4.752893290440024,-7.187428399105514,12,12
427,1.0,two_day,alt,0.15087890625,-5.024284973076582,-7.187428399105514,12,12
427,1.0,two_day,sharp,0.7685546875,-0.6839672919633172,-7.187428399105514,12,12
427,1.0,two_day,weak,0.42138671875,-2.956108450838706,-7.187428399105514,12,12
427,1.0,two_day,weak_skew,0.33544921875,-2.480580041842293,-7.187428399105514,12,12
427,1.0,four_day,alt,0.8125,-0.8229901201325056,-7.187428399105514,6,12
427,1.0,four_day,sharp,0.0625,4.5813695659386084,-7.187428399105514,6,12
427,1.0,four_day,weak,0.28125,7.1667556719015515,-7.187428399105514,6,12
427,1.0,four_day,weak_skew,0.0625,10.986071157282103,-7.187428399105514,6,12
428,1.0,daily,alt,0.972005598880224,-0.4431738980031413,-8.335496021178137,12,12
428,1.0,daily,sharp,0.5866826634673066,2.41927202952153,-8.335496021178137,12,12
428,1.0,daily,weak,0.11977604479104179,8.941316035217893,-8.335496021178137,12,12
428,1.0,daily,weak_skew,0.1933613277344531,5.835600794282089,-8.335496021178137,12,12
428,1.0,two_day,alt,0.15869140625,-8.196819218575556,-8.335496021178137,12,12
428,1.0,two_day,sharp,0.6201171875,-3.4748291855734053,-8.335496021178137,12,12
428,1.0,two_day,weak,0.81689453125,-2.467818417642972,-8.335496021178137,12,12
428,1.0,two_day,weak_skew,0.7607421875,2.0084246613794523,-8.335496021178137,12,12
428,1.0,four_day,alt,0.84375,1.432906883685367,-8.335496021178137,6,12
428,1.0,four_day,sharp,0.03125,7.9409705893732125,-8.335496021178137,6,12
428,1.0,four_day,weak,0.0625,12.048419151719571,-8.335496021178137,6,12
428,1.0,four_day,weak_skew,0.0625,4.563787124768772,-8.335496021178137,6,12
429,1.0,daily,alt,0.5634873025394921,-1.9841515392439284,-4.783862319713954,12,12
429,1.0,daily,sharp,0.28674265146970607,-1.9833724464862115,-4.783862319713954,12,12
429,1.0,daily,weak,0.8154369126174765,0.6820927193990419,-4.783862319713954,12,12
429,1.0,daily,weak_skew,0.057788442311537694,-3.731985936426113,-4.783862319713954,12,12
429,1.0,two_day,alt,0.38525390625,-2.8719676469399427,-4.783862319713954,12,12
429,1.0,two_day,sharp,0.50732421875,1.4252406332160572,-4.783862319713954,12,12
429,1.0,two_day,weak,0.658203125,1.7911701435875529,-4.783862319713954,12,12
429,1.0,two_day,weak_skew,0.78369140625,0.6649907264989755,-4.783862319713954,12,12
429,1.0,four_day,alt,0.5,-1.4610071793945814,-4.783862319713954,6,12
429,1.0,four_day,sharp,0.5,0.9924686463484148,-4.783862319713954,6,12
429,1.0,four_day,weak,0.15625,3.9067254750586016,-4.783862319713954,6,12
429,1.0,four_day,weak_skew,0.5,-1.547212983978375,-4.783862319713954,6,12
430,1.0,daily,alt,0.40051989602079585,-3.018172834582195,-7.369844032185412,12,12
430,1.0,daily,sharp,0.8622275544891022,-0.479312990086117,-7.369844032185412,12,12
430,1.0,daily,weak,0.5100979804039192,-2.647312892128598,-7.369844032185412,12,12
430,1.0,daily,weak_skew,0.16776644671065788,-3.8861541785812705,-7.369844032185412,12,12
430,1.0,two_day,alt,0.41357421875,-1.9503282669426145,-7.369844032185412,12,12
430,1.0,two_day,sharp,0.283203125,2.202160974502099,-7.369844032185412,12,12
430,1.0,two_day,weak,0.630859375,1.6683447978516661,-7.369844032185412,12,12
430,1.0,two_day,weak_skew,0.10400390625,4.19868574789706,-7.369844032185412,12,12
430,1.0,four_day,alt,0.21875,-5.944043828341513,-7.369844032185412,6,12
430,1.0,four_day,sharp,0.78125,-0.9556571198954996,-7.369844032185412,6,12
430,1.0,four_day,weak,0.53125,-3.1039805101227373,-7.369844032185412,6,12
430,1.0,four_day,weak_skew,0.4375,3.092423240918811,-7.369844032185412,6,12
431,1.0,daily,alt,0.009998000399920015,-7.510792628202739,-6.447115467239776,12,12
431,1.0,daily,sharp,0.3421315736852629,-2.6523498527825295,-6.447115467239776,12,12
431,1.0,daily,weak,0.22695460907818435,-3.7877351127439947,-6.447115467239776,12,12
431,1.0,daily,weak_skew,0.827634473105379,-0.956983539270969,-6.447115467239776,12,12
431,1.0,two_day,alt,0.146484375,-4.404447790281027,-6.447115467239776,12,12
431,1.0,two_day,sharp,0.98583984375,-0.17247366516281262,-6.447115467239776,12,12
431,1.0,two_day,weak,0.52978515625,-1.6574907172297557,-6.447115467239776,12,12
431,1.0,two_day,weak_skew,0.54248046875,-1.698455030152098,-6.447115467239776,12,12
431,1.0,four_day,alt,0.28125,-5.554571235442487,-6.447115467239776,6,12
431,1.0,four_day,sharp,1.0,-0.621400672493813,-6.447115467239776,6,12
431,1.0,four_day,weak,0.375,5.114578208343233,-6.447115467239776,6,12
431,1.0,four_day,weak_skew,0.375,-4.626925926119195,-6.447115467239776,6,12
432,1.0,daily,alt,0.3649270145970806,-3.005949272805296,-6.628117069123547,12,12
432,1.0,daily,sharp,0.5166966606678665,1.7622479171327807,-6.628117069123547,12,12
432,1.0,daily,weak,0.3709258148370326,3.0550018885141,-6.628117069123547,12,12
432,1.0,daily,weak_skew,0.8670265946810638,0.4382027025441886,-6.628117069123547,12,12
432,1.0,two_day,alt,0.4970703125,-2.300060048345846,-6.628117069123547,12,12
432,1.0,two_day,sharp,0.2841796875,3.3253181137380916,-6.628117069123547,12,12
432,1.0,two_day,weak,0.025390625,7.079594435184656,-6.628117069123547,12,12
432,1.0,two_day,weak_skew,0.4072265625,2.8806473058961277,-6.628117069123547,12,12
432,1.0,four_day,alt,0.15625,-7.223763184054724,-6.628117069123547,6,12
432,1.0,four_day,sharp,0.75,-1.4453949605298935,-6.628117069123547,6,12
432,1.0,four_day,weak,0.59375,-3.680210210563034,-6.628117069123547,6,12
432,1.0,four_day,weak_skew,1.0,-0.060292065996658074,-6.628117069123547,6,12
433,1.0,daily,alt,0.01919616076784643,-5.005464783182391,-8.066280596686774,12,12
433,1.0,daily,sharp,0.46790641871625677,-0.7734180548912525,-8.066280596686774,12,12
433,1.0,daily,weak,0.6782643471305739,-1.0121247585569406,-8.066280596686774,12,12
433,1.0,daily,weak_skew,0.39852029594081184,-1.0183987920473907,-8.066280596686774,12,12
433,1.0,two_day,alt,0.13720703125,-4.317718287746555,-8.066280596686774,12,12
433,1.0,two_day,sharp,0.86376953125,0.2983485991403138,-8.066280596686774,12,12
433,1.0,two_day,weak,0.29638671875,-1.9147027387053026,-8.066280596686774,12,12
433,1.0,two_day,weak_skew,0.62353515625,-1.1393958626411145,-8.066280596686774,12,12
433,1.0,four_day,alt,0.25,-4.770784790725243,-8.066280596686774,6,12
433,1.0,four_day,sharp,0.4375,2.1231087319401176,-8.066280596686774,6,12
433,1.0,four_day,weak,0.90625,-0.3887541669216586,-8.066280596686774,6,12
433,1.0,four_day,weak_skew,0.84375,3.0084155928913225,-8.066280596686774,6,12
434,1.0,daily,alt,0.563887222555489,0.9477175891919926,-4.397863439053268,12,12
434,1.0,daily,sharp,0.04099180163967207,1.7725934761910438,-4.397863439053268,12,12
434,1.0,daily,weak,0.14357128574285144,3.215681148202409,-4.397863439053268,12,12
434,1.0,daily,weak_skew,0.09138172365526895,-2.678036701545837,-4.397863439053268,12,12
434,1.0,two_day,alt,0.44384765625,-2.5916010830812652,-4.397863439053268,12,12
434,1.0,two_day,sharp,0.60546875,-1.1157417832520775,-4.397863439053268,12,12
434,1.0,two_day,weak,0.31982421875,-3.932019354700475,-4.397863439053268,12,12
434,1.0,two_day,weak_skew,0.55029296875,-1.4053156004467897,-4.397863439053268,12,12
434,1.0,four_day,alt,0.65625,-1.9970939034768769,-4.397863439053268,6,12
434,1.0,four_day,sharp,0.9375,0.2308900179321031,-4.397863439053268,6,12
434,1.0,four_day,weak,0.125,5.551261737687125,-4.397863439053268,6,12
434,1.0,four_day,weak_skew,0.125,-5.478461970640158,-4.397863439053268,6,12
435,1.0,daily,alt,0.09038192361527694,-6.523420999557454,-7.220288224660436,12,12
435,1.0,daily,sharp,0.3063387322535493,-2.3153343134307804,-7.220288224660436,12,12
435,1.0,daily,weak,0.5998800239952009,-1.7235868173145559,-7.220288224660436,12,12
435,1.0,daily,weak_skew,0.7220555888822235,-1.469913118297347,-7.220288224660436,12,12
435,1.0,two_day,alt,0.1904296875,-8.168813880934797,-7.220288224660436,12,12
435,1.0,two_day,sharp,0.33740234375,-3.8940133012205815,-7.220288224660436,12,12
435,1.0,two_day,weak,0.24560546875,-4.374215971113966,-7.220288224660436,12,12
435,1.0,two_day,weak_skew,0.82177734375,1.9941791170378511,-7.220288224660436,12,12
435,1.0,four_day,alt,0.3125,-7.074532205136042,-7.220288224660436,6,12
435,1.0,four_day,sharp,0.65625,-2.122028789879618,-7.220288224660436,6,12
435,1.0,four_day,weak,0.5625,-3.6735562717925845,-7.220288224660436,6,12
435,1.0,four_day,weak_skew,0.6875,3.270106692741969,-7.220288224660436,6,12
436,1.0,daily,alt,0.44571085782843434,-1.8649492864325847,-5.375055027345148,12,12
436,1.0,daily,sharp,0.5890821835632873,-0.8610465715512022,-5.375055027345148,12,12
436,1.0,daily,weak,0.9802039592081584,0.062072699837640265,-5.375055027345148,12,12
436,1.0,daily,weak_skew,0.9466106778644271,-0.1833553595388171,-5.375055027345148,12,12
436,1.0,two_day,alt,0.1591796875,-3.8275287302412426,-5.375055027345148,12,12
436,1.0,two_day,sharp,0.7861328125,-0.5128825043279127,-5.375055027345148,12,12
436,1.0,two_day,weak,0.6748046875,-1.6518241314707887,-5.375055027345148,12,12
436,1.0,two_day,weak_skew,0.9873046875,-0.06649982364012767,-5.375055027345148,12,12
436,1.0,four_day,alt,0.625,-1.566227603683366,-5.375055027345148,6,12
436,1.0,four_day,sharp,0.6875,0.5577422576708789,-5.375055027345148,6,12
436,1.0,four_day,weak,0.96875,0.22043499238136613,-5.375055027345148,6,12
436,1.0,four_day,weak_skew,0.0625,-4.549026763735429,-5.375055027345148,6,12
437,1.0,daily,alt,0.15096980603879223,-3.906512729947854,-9.413735537103683,12,12
437,1.0,daily,sharp,0.7374525094981004,0.6007603734151156,-9.413735537103683,12,12
437,1.0,daily,weak,0.99000199960008,-0.045766595789126306,-9.413735537103683,12,12
437,1.0,daily,weak_skew,0.8232353529294141,-0.4502243462500175,-9.413735537103683,12,12
437,1.0,two_day,alt,0.01123046875,-6.365686702940079,-9.413735537103683,12,12
437,1.0,two_day,sharp,0.81787109375,-0.6218620381954363,-9.413735537103683,12,12
437,1.0,two_day,weak,0.6748046875,1.1257300972880866,-9.413735537103683,12,12
437,1.0,two_day,weak_skew,0.70263671875,-1.0233963310452066,-9.413735537103683,12,12
437,1.0,four_day,alt,0.0625,-7.427064796028003,-9.413735537103683,6,12
437,1.0,four_day,sharp,0.6875,-1.0086233291988538,-9.413735537103683,6,12
437,1.0,four_day,weak,0.3125,1.9173705937102785,-9.413735537103683,6,12
437,1.0,four_day,weak_skew,0.8125,-0.8019512677216566,-9.413735537103683,6,12
438,1.0,daily,alt,0.5134973005398921,-2.971179399337133,-7.941893068860907,12,12
438,1.0,daily,sharp,0.8086382723455309,0.3479402378214071,-7.941893068860907,12,12
438,1.0,daily,weak,0.8128374325134973,-0.8332863267741336,-7.941893068860907,12,12
438,1.0,daily,weak_skew,0.6244751049790042,-0.8848549098263258,-7.941893068860907,12,12
438,1.0,two_day,alt,0.03466796875,-7.3373175125531205,-7.941893068860907,12,12
438,1.0,two_day,sharp,0.4921875,-1.4934103693947993,-7.941893068860907,12,12
438,1.0,two_day,weak,0.333984375,-2.4675196030354183,-7.941893068860907,12,12
438,1.0,two_day,weak_skew,0.27734375,-3.4373125073198767,-7.941893068860907,12,12
438,1.0,four_day,alt,0.875,1.5990949548683773,-7.941893068860907,6,12
438,1.0,four_day,sharp,0.375,3.6802289269141695,-7.941893068860907,6,12
438,1.0,four_day,weak,0.96875,0.2910987383845753,-7.941893068860907,6,12
438,1.0,four_day,weak_skew,0.90625,0.6161655030731245,-7.941893068860907,6,12
439,1.0,daily,alt,0.13917216556688664,-2.818630588882859,-5.847435353019591,12,12
439,1.0,daily,sharp,0.6436712657468506,0.7952899447305365,-5.847435353019591,12,12
439,1.0,daily,weak,0.996000799840032,-0.00711590978106121,-5.847435353019591,12,12
439,1.0,daily,weak_skew,0.6172765446910617,2.367578240286282,-5.847435353019591,12,12
439,1.0,two_day,alt,0.37060546875,-3.5890871301224823,-5.847435353019591,12,12
439,1.0,two_day,sharp,0.83740234375,-0.4840409813939637,-5.847435353019591,12,12
439,1.0,two_day,weak,0.87744140625,-0.47479842558303825,-5.847435353019591,12,12
439,1.0,two_day,weak_skew,0.12890625,4.412996250891563,-5.847435353019591,12,12
439,1.0,four_day,alt,0.21875,-5.5540482699120135,-5.847435353019591,6,12
439,1.0,four_day,sharp,0.625,-1.4988265113756352,-5.847435353019591,6,12
439,1.0,four_day,weak,0.59375,4.199785556853876,-5.847435353019591,6,12
439,1.0,four_day,weak_skew,0.4375,-3.6925524223015906,-5.847435353019591,6,12
440,1.0,daily,alt,0.015596880623875225,-6.760074726594375,-6.862565431701768,12,12
440,1.0,daily,sharp,0.4877024595080984,-2.2740848418611965,-6.862565431701768,12,12
440,1.0,daily,weak,0.4345130973805239,-3.532178557758597,-6.862565431701768,12,12
440,1.0,daily,weak_skew,0.7430513897220556,1.506182082444423,-6.862565431701768,12,12
440,1.0,two_day,alt,0.02490234375,-7.662291522035062,-6.862565431701768,12,12
440,1.0,two_day,sharp,0.56591796875,-1.9687318237261167,-6.862565431701768,12,12
440,1.0,two_day,weak,0.91259765625,0.2911835658947132,-6.862565431701768,12,12
440,1.0,two_day,weak_skew,0.7138671875,-1.7642931072585988,-6.862565431701768,12,12
440,1.0,four_day,alt,0.15625,-5.092115325648929,-6.862565431701768,6,12
440,1.0,four_day,sharp,0.75,0.9741553203308216,-6.862565431701768,6,12
440,1.0,four_day,weak,0.34375,-5.869415790101716,-6.862565431701768,6,12
440,1.0,four_day,weak_skew,0.46875,5.679309916577801,-6.862565431701768,6,12
441,1.0,daily,alt,0.0057988402319536095,-7.067805528157578,-7.0850707776657345,12,12
441,1.0,daily,sharp,0.07898420315936813,-2.743026594044982,-7.0850707776657345,12,12
441,1.0,daily,weak,0.06798640271945611,-4.025995618019182,-7.0850707776657345,12,12
441,1.0,daily,weak_skew,0.03159368126374725,-4.022000386714791,-7.0850707776657345,12,12
441,1.0,two_day,alt,0.0009765625,-10.038962704812556,-7.0850707776657345,12,12
441,1.0,two_day,sharp,0.0263671875,-4.570339525162217,-7.0850707776657345,12,12
441,1.0,two_day,weak,0.1708984375,-2.7617271446514864,-7.0850707776657345,12,12
441,1.0,two_day,weak_skew,0.02392578125,-5.7713322507669345,-7.0850707776657345,12,12
441,1.0,four_day,alt,0.03125,-8.100005861308304,-7.0850707776657345,6,12
441,1.0,four_day,sharp,0.1875,-2.347822564758031,-7.0850707776657345,6,12
441,1.0,four_day,weak,0.28125,-4.512325082960768,-7.0850707776657345,6,12
441,1.0,four_day,weak_skew,0.0625,-6.14725033558257,-7.0850707776657345,6,12
442,1.0,daily,alt,0.6284743051389722,-1.58314388411947,-6.013557417930549,12,12
442,1.0,daily,sharp,0.8292341531693661,0.5024560290191035,-6.013557417930549,12,12
442,1.0,daily,weak,0.3233353329334133,-3.0297498363350805,-6.013557417930549,12,12
442,1.0,daily,weak_skew,0.5946810637872425,-1.691137337196843,-6.013557417930549,12,12
442,1.0,two_day,alt,0.2470703125,-3.8031647458250304,-6.013557417930549,12,12
442,1.0,two_day,sharp,0.70849609375,-0.9221946758113416,-6.013557417930549,12,12
442,1.0,two_day,weak,0.71240234375,1.3939487011596512,-6.013557417930549,12,12
442,1.0,two_day,weak_skew,0.7490234375,1.3051833127639128,-6.013557417930549,12,12
442,1.0,four_day,alt,0.03125,-17.057050195649847,-6.013557417930549,6,12
442,1.0,four_day,sharp,0.0625,-10.438824152341518,-6.013557417930549,6,12
442,1.0,four_day,weak,0.34375,-6.871742625212758,-6.013557417930549,6,12
442,1.0,four_day,weak_skew,0.0625,-11.790087296657674,-6.013557417930549,6,12
443,1.0,daily,alt,0.0015996800639872025,-11.707521637586263,-8.73474954542948,12,12
443,1.0,daily,sharp,0.0657868426314737,-5.123111464904316,-8.73474954542948,12,12
443,1.0,daily,weak,0.07538492301539693,-6.452713771846284,-8.73474954542948,12,12
443,1.0,daily,weak_skew,0.03539292141571686,-7.496249636690003,-8.73474954542948,12,12
443,1.0,two_day,alt,0.17431640625,-5.792942336596465,-8.73474954542948,12,12
443,1.0,two_day,sharp,0.923828125,-0.40065198809156816,-8.73474954542948,12,12
443,1.0,two_day,weak,0.3828125,4.085930878269045,-8.73474954542948,12,12
443,1.0,two_day,weak_skew,0.375,-4.050004816521206,-8.73474954542948,12,12
443,1.0,four_day,alt,0.875,0.8799470491353544,-8.73474954542948,6,12
443,1.0,four_day,sharp,0.375,5.61138135368445,-8.73474954542948,6,12
443,1.0,four_day,weak,0.75,3.031082646947681,-8.73474954542948,6,12
443,1.0,four_day,weak_skew,0.5625,4.165268126797439,-8.73474954542948,6,12
444,1.0,daily,alt,0.0021995600879824036,-7.827719295877717,-8.755745431888947,12,12
444,1.0,daily,sharp,0.1271745650869826,-2.7121498772349555,-8.755745431888947,12,12
444,1.0,daily,weak,0.35952809438112376,-1.9057074918967143,-8.755745431888947,12,12
444,1.0,daily,weak_skew,0.07698460307938412,-3.929654329258819,-8.755745431888947,12,12
444,1.0,two_day,alt,0.13916015625,-4.274144725636986,-8.755745431888947,12,12
444,1.0,two_day,sharp,0.892578125,-0.28213389020388274,-8.755745431888947,12,12
444,1.0,two_day,weak,0.03466796875,7.088713515282806,-8.755745431888947,12,12
444,1.0,two_day,weak_skew,0.9521484375,-0.21498769222333594,-8.755745431888947,12,12
444,1.0,four_day,alt,0.125,-6.441967319125506,-8.755745431888947,6,12
444,1.0,four_day,sharp,0.71875,0.6449292690649221,-8.755745431888947,6,12
444,1.0,four_day,weak,0.59375,-3.12407431876265,-8.755745431888947,6,12
444,1.0,four_day,weak_skew,0.75,1.867983163609703,-8.755745431888947,6,12
445,1.0,daily,alt,0.010997800439912017,-4.908770812377344,-8.426861336120083,12,12
445,1.0,daily,sharp,0.6460707858428314,0.6080405956927954,-8.426861336120083,12,12
445,1.0,daily,weak,0.7300539892021596,-1.010043929363185,-8.426861336120083,12,12
445,1.0,daily,weak_skew,0.7792441511697661,0.5896137485314809,-8.426861336120083,12,12
445,1.0,two_day,alt,0.12060546875,-5.615868831091359,-8.426861336120083,12,12
445,1.0,two_day,sharp,0.34423828125,-2.388488439824283,-8.426861336120083,12,12
445,1.0,two_day,weak,0.82373046875,-1.0952607516523702,-8.426861336120083,12,12
445,1.0,two_day,weak_skew,0.703125,-1.1597735851555904,-8.426861336120083,12,12
445,1.0,four_day,alt,0.5625,-2.0511260115038623,-8.426861336120083,6,12
445,1.0,four_day,sharp,0.21875,2.87078826346087,-8.426861336120083,6,12
445,1.0,four_day,weak,0.625,1.9240848583189276,-8.426861336120083,6,12
445,1.0,four_day,weak_skew,0.25,3.9243615479167744,-8.426861336120083,6,12
446,1.0,daily,alt,0.31853629274145173,-2.009265977168726,-4.450959073900286,12,12
446,1.0,daily,sharp,0.6810637872425515,-0.7723974764335187,-4.450959073900286,12,12
446,1.0,daily,weak,0.9482103579284143,0.15784820973066674,-4.450959073900286,12,12
446,1.0,daily,weak_skew,0.7370525894821036,-1.0120961390843608,-4.450959073900286,12,12
446,1.0,two_day,alt,0.02880859375,-6.872944642074536,-4.450959073900286,12,12
446,1.0,two_day,sharp,0.107421875,-4.129187324072665,-4.450959073900286,12,12
446,1.0,two_day,weak,0.40771484375,-2.822101222727848,-4.450959073900286,12,12
446,1.0,two_day,weak_skew,0.681640625,-2.271568458352695,-4.450959073900286,12,12
446,1.0,four_day,alt,0.1875,-6.922853332948925,-4.450959073900286,6,12
446,1.0,four_day,sharp,0.46875,-2.4703890219980735,-4.450959073900286,6,12
446,1.0,four_day,weak,0.15625,-11.30879609466777,-4.450959073900286,6,12
446,1.0,four_day,weak_skew,0.875,-0.9468912422902124,-4.450959073900286,6,12
447,1.0,daily,alt,0.70625874825035,1.1193986514575822,-7.003853672397746,12,12
447,1.0,daily,sharp,0.22055588882223556,2.191560181126722,-7.003853672397746,12,12
447,1.0,daily,weak,0.483503299340132,2.1290511038984126,-7.003853672397746,12,12
447,1.0,daily,weak_skew,0.125374925014997,3.7822031469961526,-7.003853672397746,12,12
447,1.0,two_day,alt,0.1240234375,-5.211600745762809,-7.003853672397746,12,12
447,1.0,two_day,sharp,0.78955078125,-0.7468878986442142,-7.003853672397746,12,12
447,1.0,two_day,weak,0.58251953125,-2.481071229728959,-7.003853672397746,12,12
447,1.0,two_day,weak_skew,0.89013671875,0.51090147018793,-7.003853672397746,12,12
447,1.0,four_day,alt,0.25,-4.9870153300375835,-7.003853672397746,6,12
447,1.0,four_day,sharp,0.65625,1.3571110241691808,-7.003853672397746,6,12
447,1.0,four_day,weak,0.71875,1.421713451749439,-7.003853672397746,6,12
447,1.0,four_day,weak_skew,0.75,-0.8741824584197081,-7.003853672397746,6,12
448,1.0,daily,alt,0.20635872825434912,-4.830788582764441,-3.175259365120965,12,12
448,1.0,daily,sharp,0.1891621675664867,-3.446404088367712,-3.175259365120965,12,12
448,1.0,daily,weak,0.2835432913417317,-3.080753177161046,-3.175259365120965,12,12
448,1.0,daily,weak_skew,0.28114377124575085,-3.7475769123430087,-3.175259365120965,12,12
448,1.0,two_day,alt,0.4443359375,-3.7518748418874304,-3.175259365120965,12,12
448,1.0,two_day,sharp,0.21484375,-3.2028814399323955,-3.175259365120965,12,12
448,1.0,two_day,weak,0.17822265625,-3.397967320869188,-3.175259365120965,12,12
448,1.0,two_day,weak_skew,0.52099609375,-2.3831523230141247,-3.175259365120965,12,12
448,1.0,four_day,alt,0.1875,-6.799247169857135,-3.175259365120965,6,12
448,1.0,four_day,sharp,0.6875,-1.3323270956317543,-3.175259365120965,6,12
448,1.0,four_day,weak,0.34375,4.237211466452924,-3.175259365120965,6,12
448,1.0,four_day,weak_skew,0.96875,0.042002831130292385,-3.175259365120965,6,12
449,1.0,daily,alt,0.5420915816836632,-1.956458154394656,-7.7917290735027365,12,12
449,1.0,daily,sharp,0.9078184363127374,0.24852667204041978,-7.7917290735027365,12,12
449,1.0,daily,weak,0.9986002799440112,-0.0037272108362061593,-7.7917290735027365,12,12
449,1.0,daily,weak_skew,0.49090181963607277,2.372778284084735,-7.7917290735027365,12,12
449,1.0,two_day,alt,0.7255859375,-1.6187936347853995,-7.7917290735027365,12,12
449,1.0,two_day,sharp,0.4423828125,2.336078292137889,-7.7917290735027365,12,12
449,1.0,two_day,weak,0.86474609375,-0.5572181983073285,-7.7917290735027365,12,12
449,1.0,two_day,weak_skew,0.2978515625,3.4345680069024804,-7.7917290735027365,12,12
449,1.0,four_day,alt,0.875,0.3590606392318338,-7.7917290735027365,6,12
449,1.0,four_day,sharp,0.34375,4.003126890469463,-7.7917290735027365,6,12
449,1.0,four_day,weak,0.1875,10.598804408335093,-7.7917290735027365,6,12
449,1.0,four_day,weak_skew,0.90625,0.8847900178970806,-7.7917290735027365,6,12
450,1.0,daily,alt,0.9190161967606478,-0.3022851746682633,-4.710876866347391,12,12
450,1.0,daily,sharp,0.3243351329734053,2.5260084809932404,-4.710876866347391,12,12
450,1.0,daily,weak,0.5368926214757048,1.451809043401057,-4.710876866347391,12,12
450,1.0,daily,weak_skew,0.6774645070985803,1.4200509894825384,-4.710876866347391,12,12
450,1.0,two_day,alt,0.02294921875,-8.329238682407661,-4.710876866347391,12,12
450,1.0,two_day,sharp,0.07421875,-5.310359709039061,-4.710876866347391,12,12
450,1.0,two_day,weak,0.08642578125,-7.404219468085084,-4.710876866347391,12,12
450,1.0,two_day,weak_skew,0.0185546875,-7.649413321321458,-4.710876866347391,12,12
450,1.0,four_day,alt,0.21875,-7.943495876415169,-4.710876866347391,6,12
450,1.0,four_day,sharp,0.4375,-3.9223159811359594,-4.710876866347391,6,12
450,1.0,four_day,weak,0.90625,1.1335079400801564,-4.710876866347391,6,12
450,1.0,four_day,weak_skew,0.21875,-7.064133799231775,-4.710876866347391,6,12
451,1.0,daily,alt,0.5530893821235753,-1.1973762924691183,-7.875771765070461,12,12
451,1.0,daily,sharp,0.4107178564287143,1.5925341818047396,-7.875771765070461,12,12
451,1.0,daily,weak,0.1783643271345731,4.080308295031052,-7.875771765070461,12,12
451,1.0,daily,weak_skew,0.6840631873625275,1.2732785615158158,-7.875771765070461,12,12
451,1.0,two_day,alt,0.1591796875,-5.4272228270259335,-7.875771765070461,12,12
451,1.0,two_day,sharp,0.876953125,-0.41629200916671866,-7.875771765070461,12,12
451,1.0,two_day,weak,0.7666015625,-1.2248373595556519,-7.875771765070461,12,12
451,1.0,two_day,weak_skew,0.53369140625,2.8491630702498,-7.875771765070461,12,12
451,1.0,four_day,alt,0.15625,-8.237095914510794,-7.875771765070461,6,12
451,1.0,four_day,sharp,0.625,-1.63634517544095,-7.875771765070461,6,12
451,1.0,four_day,weak,0.46875,-4.374186589286133,-7.875771765070461,6,12
451,1.0,four_day,weak_skew,0.34375,-5.225983847126642,-7.875771765070461,6,12
452,1.0,daily,alt,0.26854629074185166,-3.327101612893939,-5.0934376382692506,12,12
452,1.0,daily,sharp,0.8416316736652669,0.5366319280160786,-5.0934376382692506,12,12
452,1.0,daily,weak,0.4323135372925415,2.4772589024478244,-5.0934376382692506,12,12
452,1.0,daily,weak_skew,0.36632673465306936,-2.276353702317215,-5.0934376382692506,12,12
452,1.0,two_day,alt,0.72900390625,-1.7821605164699328,-5.0934376382692506,12,12
452,1.0,two_day,sharp,0.837890625,-0.43891527861973856,-5.0934376382692506,12,12
452,1.0,two_day,weak,0.10009765625,-3.7885619928595013,-5.0934376382692506,12,12
452,1.0,two_day,weak_skew,0.751953125,1.0602825946912067,-5.0934376382692506,12,12
452,1.0,four_day,alt,0.9375,-1.3411246675731203,-5.0934376382692506,6,12
452,1.0,four_day,sharp,0.625,0.8603827875769786,-5.0934376382692506,6,12
452,1.0,four_day,weak,0.5,-3.3494229824391355,-5.0934376382692506,6,12
452,1.0,four_day,weak_skew,0.34375,3.931662940015592,-5.0934376382692506,6,12
453,1.0,daily,alt,0.33893221355728853,-2.1085014568217377,-6.882735070666065,12,12
453,1.0,daily,sharp,0.7890421915616876,0.49233828108034555,-6.882735070666065,12,12
453,1.0,daily,weak,0.7146570685862828,-1.0476639979057942,-6.882735070666065,12,12
453,1.0,daily,weak_skew,0.883623275344931,-0.3453581251410049,-6.882735070666065,12,12
453,1.0,two_day,alt,0.59033203125,-1.6185456578815796,-6.882735070666065,12,12
453,1.0,two_day,sharp,0.99658203125,-0.011270091140028526,-6.882735070666065,12,12
453,1.0,two_day,weak,0.38427734375,-3.6220453869923754,-6.882735070666065,12,12
453,1.0,two_day,weak_skew,0.55078125,3.7307421427302114,-6.882735070666065,12,12
453,1.0,four_day,alt,0.03125,-8.262257258685912,-6.882735070666065,6,12
453,1.0,four_day,sharp,0.15625,-3.2183145327654663,-6.882735070666065,6,12
453,1.0,four_day,weak,0.3125,-4.163692376615534,-6.882735070666065,6,12
453,1.0,four_day,weak_skew,0.40625,-3.0194389925220952,-6.882735070666065,6,12
454,1.0,daily,alt,0.02519496100779844,-5.12632789181353,-3.8671066448753066,12,12
454,1.0,daily,sharp,0.6084783043391322,1.0130276768423474,-3.8671066448753066,12,12
454,1.0,daily,weak,0.6696660667866426,0.7487118618327848,-3.8671066448753066,12,12
454,1.0,daily,weak_skew,0.8560287942411517,-0.43400069776771427,-3.8671066448753066,12,12
454,1.0,two_day,alt,0.119140625,-4.828617884376994,-3.8671066448753066,12,12
454,1.0,two_day,sharp,0.52099609375,-1.905069237343661,-3.8671066448753066,12,12
454,1.0,two_day,weak,0.404296875,-3.746553962311322,-3.8671066448753066,12,12
454,1.0,two_day,weak_skew,0.82958984375,0.9959957576884518,-3.8671066448753066,12,12
454,1.0,four_day,alt,0.40625,-3.8186910250593242,-3.8671066448753066,6,12
454,1.0,four_day,sharp,0.75,-1.1065208201197585,-3.8671066448753066,6,12
454,1.0,four_day,weak,0.625,-3.269737447719683,-3.8671066448753066,6,12
454,1.0,four_day,weak_skew,0.46875,-1.8633953627076518,-3.8671066448753066,6,12
455,1.0,daily,alt,0.35912817436512695,2.458637534299697,-6.732892465959964,12,12
455,1.0,daily,sharp,0.032993401319736056,6.920726092258306,-6.732892465959964,12,12
455,1.0,daily,weak,0.09378124375124974,6.298969133619413,-6.732892465959964,12,12
455,1.0,daily,weak_skew,0.12037592481503699,5.872274728867254,-6.732892465959964,12,12
455,1.0,two_day,alt,0.94873046875,-0.20274435195396082,-6.732892465959964,12,12
455,1.0,two_day,sharp,0.41162109375,2.2990592337170717,-6.732892465959964,12,12
455,1.0,two_day,weak,0.953125,0.2029747678098636,-6.732892465959964,12,12
455,1.0,two_day,weak_skew,0.5693359375,1.5336334859064593,-6.732892465959964,12,12
455,1.0,four_day,alt,0.125,-6.20720714061691,-6.732892465959964,6,12
455,1.0,four_day,sharp,0.46875,-2.5743008303259196,-6.732892465959964,6,12
455,1.0,four_day,weak,0.53125,2.477139614438831,-6.732892465959964,6,12
455,1.0,four_day,weak_skew,0.0625,-4.621490048247676,-6.732892465959964,6,12
456,1.0,daily,alt,0.8608278344331134,-0.5179258525752412,-1.4699818576868182,12,12
456,1.0,daily,sharp,0.9114177164567087,-0.28595908534980136,-1.4699818576868182,12,12
456,1.0,daily,weak,0.6598680263947211,1.4285345631717803,-1.4699818576868182,12,12
456,1.0,daily,weak_skew,0.6038792241551689,-1.545457322985132,-1.4699818576868182,12,12
456,1.0,two_day,alt,0.24755859375,-4.754720050562484,-1.4699818576868182,12,12
456,1.0,two_day,sharp,0.93115234375,0.36520578889825767,-1.4699818576868182,12,12
456,1.0,two_day,weak,0.9443359375,-0.3202983404550584,-1.4699818576868182,12,12
456,1.0,two_day,weak_skew,0.98388671875,-0.10462013174337177,-1.4699818576868182,12,12
456,1.0,four_day,alt,0.96875,0.19020705633845716,-1.4699818576868182,6,12
456,1.0,four_day,sharp,0.375,2.761195256735076,-1.4699818576868182,6,12
456,1.0,four_day,weak,0.625,3.9664833471065877,-1.4699818576868182,6,12
456,1.0,four_day,weak_skew,0.9375,0.2157177819567977,-1.4699818576868182,6,12
457,1.0,daily,alt,0.001799640071985603,-6.534427425265164,-7.813606561991392,12,12
457,1.0,daily,sharp,0.08598280343931214,-3.1201915017539967,-7.813606561991392,12,12
457,1.0,daily,weak,0.36272745450909816,-2.0983967825486842,-7.813606561991392,12,12
457,1.0,daily,weak_skew,0.47230553889222154,-1.9634988680133472,-7.813606561991392,12,12
457,1.0,two_day,alt,0.224609375,-4.99553321904429,-7.813606561991392,12,12
457,1.0,two_day,sharp,0.74609375,-0.8905919946289392,-7.813606561991392,12,12
457,1.0,two_day,weak,0.4892578125,3.1637095303800997,-7.813606561991392,12,12
457,1.0,two_day,weak_skew,0.37158203125,-2.7598981349140623,-7.813606561991392,12,12
457,1.0,four_day,alt,0.78125,-1.1738756600583997,-7.813606561991392,6,12
457,1.0,four_day,sharp,0.46875,2.7568796024539743,-7.813606561991392,6,12
457,1.0,four_day,weak,0.46875,-3.827989166970891,-7.813606561991392,6,12
457,1.0,four_day,weak_skew,0.53125,4.978117897109502,-7.813606561991392,6,12
458,1.0,daily,alt,0.752249550089982,1.4223767402041883,-8.286926493463255,12,12
458,1.0,daily,sharp,0.08178364327134573,3.2107025289953754,-8.286926493463255,12,12
458,1.0,daily,weak,0.20395920815836832,1.989066925854879,-8.286926493463255,12,12
458,1.0,daily,weak_skew,0.3753249350129974,1.936137727082676,-8.286926493463255,12,12
458,1.0,two_day,alt,0.015625,-7.035542096833744,-8.286926493463255,12,12
458,1.0,two_day,sharp,0.08837890625,-3.130183220938481,-8.286926493463255,12,12
458,1.0,two_day,weak,0.1767578125,-4.096848618409308,-8.286926493463255,12,12
458,1.0,two_day,weak_skew,0.419921875,-1.8812221949053096,-8.286926493463255,12,12
458,1.0,four_day,alt,0.21875,-4.5599334272070955,-8.286926493463255,6,12
458,1.0,four_day,sharp,0.71875,1.160007135165009,-8.286926493463255,6,12
458,1.0,four_day,weak,0.21875,6.727040791988309,-8.286926493463255,6,12
458,1.0,four_day,weak_skew,0.3125,5.0430416561467295,-8.286926493463255,6,12
459,1.0,daily,alt,0.3447310537892421,-2.213209552439597,-5.768105795302041,12,12
459,1.0,daily,sharp,0.4807038592281544,1.202628259056424,-5.768105795302041,12,12
459,1.0,daily,weak,0.7876424715056989,0.6397719495678788,-5.768105795302041,12,12
459,1.0,daily,weak_skew,0.9554089182163568,-0.12885412341581848,-5.768105795302041,12,12
459,1.0,two_day,alt,0.05126953125,-5.377976244414782,-5.768105795302041,12,12
459,1.0,two_day,sharp,0.69287109375,1.0826019628468988,-5.768105795302041,12,12
459,1.0,two_day,weak,0.89453125,-0.6047718814795923,-5.768105795302041,12,12
459,1.0,two_day,weak_skew,0.5361328125,3.178181868931673,-5.768105795302041,12,12
459,1.0,four_day,alt,0.0625,-6.199583646692525,-5.768105795302041,6,12
459,1.0,four_day,sharp,0.90625,-0.5812360261218276,-5.768105795302041,6,12
459,1.0,four_day,weak,0.84375,-0.8711054316099052,-5.768105795302041,6,12
459,1.0,four_day,weak_skew,0.4375,3.7057964110440658,-5.768105795302041,6,12
460,1.0,daily,alt,0.0021995600879824036,-7.245797098268572,-7.068165788990356,12,12
460,1.0,daily,sharp,0.07458508298340331,-2.5507571393266164,-7.068165788990356,12,12
460,1.0,daily,weak,0.8770245950809838,0.4316312811577803,-7.068165788990356,12,12
460,1.0,daily,weak_skew,0.08418316336732654,-3.1405133067225885,-7.068165788990356,12,12
460,1.0,two_day,alt,0.1845703125,-3.5038782338364913,-7.068165788990356,12,12
460,1.0,two_day,sharp,0.91357421875,0.18876874154955617,-7.068165788990356,12,12
460,1.0,two_day,weak,0.61328125,1.981516698658823,-7.068165788990356,12,12
460,1.0,two_day,weak_skew,0.68310546875,1.049361899483232,-7.068165788990356,12,12
460,1.0,four_day,alt,0.0625,-6.6333877978119355,-7.068165788990356,6,12
460,1.0,four_day,sharp,0.46875,-0.9107208002896906,-7.068165788990356,6,12
460,1.0,four_day,weak,0.9375,-1.5544460999363825,-7.068165788990356,6,12
460,1.0,four_day,weak_skew,0.125,-3.4114820393725416,-7.068165788990356,6,12
461,1.0,daily,alt,0.009198160367926415,-8.255611617908977,-9.329470454148762,12,12
461,1.0,daily,sharp,0.19536092781443712,-3.6186576624406537,-9.329470454148762,12,12
461,1.0,daily,weak,0.3817236552689462,-2.9192662946180423,-9.329470454148762,12,12
461,1.0,daily,weak_skew,0.32533493301339733,-3.6628498855503557,-9.329470454148762,12,12
461,1.0,two_day,alt,0.822265625,-0.7087220576288088,-9.329470454148762,12,12
461,1.0,two_day,sharp,0.01123046875,8.109408833146752,-9.329470454148762,12,12
461,1.0,two_day,weak,0.01708984375,11.893679601377217,-9.329470454148762,12,12
461,1.0,two_day,weak_skew,0.03173828125,6.254831049433058,-9.329470454148762,12,12
461,1.0,four_day,alt,0.03125,-13.836450970376148,-9.329470454148762,6,12
461,1.0,four_day,sharp,0.09375,-6.288915492156863,-9.329470454148762,6,12
461,1.0,four_day,weak,0.125,-9.326870408376436,-9.329470454148762,6,12
461,1.0,four_day,weak_skew,0.125,-2.8036271444739485,-9.329470454148762,6,12
462,1.0,daily,alt,0.05298940211957608,-4.130980185247904,-5.813107354380868,12,12
462,1.0,daily,sharp,0.4349130173965207,-1.0387843198144633,-5.813107354380868,12,12
462,1.0,daily,weak,0.7698460307938413,-0.7497440428481342,-5.813107354380868,12,12
462,1.0,daily,weak_skew,0.01279744051189762,-4.008122191941076,-5.813107354380868,12,12
462,1.0,two_day,alt,0.69091796875,-1.3276522167218812,-5.813107354380868,12,12
462,1.0,two_day,sharp,0.54736328125,1.7321741790718341,-5.813107354380868,12,12
462,1.0,two_day,weak,0.2490234375,3.673190616591897,-5.813107354380868,12,12
462,1.0,two_day,weak_skew,0.93115234375,0.21973741302775154,-5.813107354380868,12,12
462,1.0,four_day,alt,0.5625,2.217249576174235,-5.813107354380868,6,12
462,1.0,four_day,sharp,0.03125,3.8527562954915595,-5.813107354380868,6,12
462,1.0,four_day,weak,0.53125,4.247464186184794,-5.813107354380868,6,12
462,1.0,four_day,weak_skew,0.4375,4.312873269582489,-5.813107354380868,6,12
463,1.0,daily,alt,0.1947610477904419,-4.96335238096439,-7.373806765878911,12,12
463,1.0,daily,sharp,0.5200959808038392,2.4275469100596045,-7.373806765878911,12,12
463,1.0,daily,weak,1.0,0.0011883009389688226,-7.373806765878911,12,12
463,1.0,daily,weak_skew,0.7636472705458909,1.341734916387783,-7.373806765878911,12,12
463,1.0,two_day,alt,0.34765625,-3.634280363764887,-7.373806765878911,12,12
463,1.0,two_day,sharp,0.42822265625,2.9202841972661613,-7.373806765878911,12,12
463,1.0,two_day,weak,0.2314453125,5.848810785417498,-7.373806765878911,12,12
463,1.0,two_day,weak_skew,0.66552734375,1.8165109375013444,-7.373806765878911,12,12
463,1.0,four_day,alt,0.125,-12.446804465208082,-7.373806765878911,6,12
463,1.0,four_day,sharp,0.5,-4.290074465657401,-7.373806765878911,6,12
463,1.0,four_day,weak,0.875,-2.2186222913302274,-7.373806765878911,6,12
463,1.0,four_day,weak_skew,0.71875,-2.692992533479481,-7.373806765878911,6,12
464,1.0,daily,alt,0.020395920815836834,-6.345986073656582,-12.865234137219787,12,12
464,1.0,daily,sharp,0.5428914217156569,-1.087835850395755,-12.865234137219787,12,12
464,1.0,daily,weak,0.36012797440511896,-1.6246489720649706,-12.865234137219787,12,12
464,1.0,daily,weak_skew,0.4869026194761048,-1.780375665232901,-12.865234137219787,12,12
464,1.0,two_day,alt,0.07421875,-9.229431866863225,-12.865234137219787,12,12
464,1.0,two_day,sharp,0.80078125,0.7904260722613419,-12.865234137219787,12,12
464,1.0,two_day,weak,0.79150390625,-1.2417823674538528,-12.865234137219787,12,12
464,1.0,two_day,weak_skew,0.75146484375,-1.1794980257512766,-12.865234137219787,12,12
464,1.0,four_day,alt,0.03125,-12.187030159079981,-12.865234137219787,6,12
464,1.0,four_day,sharp,0.53125,-2.3019246409826066,-12.865234137219787,6,12
464,1.0,four_day,weak,0.875,-1.0080610922906235,-12.865234137219787,6,12
464,1.0,four_day,weak_skew,0.5625,-3.0383662097478976,-12.865234137219787,6,12
465,1.0,daily,alt,0.7306538692261547,-0.7893366257509573,-3.3273643537088162,12,12
465,1.0,daily,sharp,0.9180163967206558,-0.18247852506295104,-3.3273643537088162,12,12
465,1.0,daily,weak,0.6060787842431514,-1.5720804080659327,-3.3273643537088162,12,12
465,1.0,daily,weak_skew,0.45770845830833834,-1.7597865594497974,-3.3273643537088162,12,12
465,1.0,two_day,alt,0.01318359375,-8.066951412778087,-3.3273643537088162,12,12
465,1.0,two_day,sharp,0.10498046875,-3.4603693061949765,-3.3273643537088162,12,12
465,1.0,two_day,weak,0.224609375,-3.209148958382169,-3.3273643537088162,12,12
465,1.0,two_day,weak_skew,0.111328125,-5.2120142482884075,-3.3273643537088162,12,12
465,1.0,four_day,alt,0.96875,-0.1562424862313231,-3.3273643537088162,6,12
465,1.0,four_day,sharp,0.4375,2.043299491750215,-3.3273643537088162,6,12
465,1.0,four_day,weak,0.0625,9.047163073962725,-3.3273643537088162,6,12
465,1.0,four_day,weak_skew,0.625,-1.2667834159889881,-3.3273643537088162,6,12
466,1.0,daily,alt,0.008798240351929614,-6.180278873353207,-7.443492680452856,12,12
466,1.0,daily,sharp,0.369126174765047,-1.7179395869421175,-7.443492680452856,12,12
466,1.0,daily,weak,0.5568886222755449,-1.3258230895562342,-7.443492680452856,12,12
466,1.0,daily,weak_skew,0.07078584283143372,-3.8728516436972042,-7.443492680452856,12,12
466,1.0,two_day,alt,0.00244140625,-8.972103030412116,-7.443492680452856,12,12
466,1.0,two_day,sharp,0.04052734375,-3.398726401579364,-7.443492680452856,12,12
466,1.0,two_day,weak,0.4013671875,-2.5752222290278426,-7.443492680452856,12,12
466,1.0,two_day,weak_skew,0.09375,-4.437907134579378,-7.443492680452856,12,12
466,1.0,four_day,alt,0.71875,-2.2407151676659125,-7.443492680452856,6,12
466,1.0,four_day,sharp,0.78125,0.553717904825613,-7.443492680452856,6,12
466,1.0,four_day,weak,0.5625,-2.428503448360788,-7.443492680452856,6,12
466,1.0,four_day,weak_skew,1.0,0.10804682734986315,-7.443492680452856,6,12
467,1.0,daily,alt,0.4311137772445511,-2.2954325266887228,-6.7602991520658335,12,12
467,1.0,daily,sharp,0.8612277544491101,0.28810851515740704,-6.7602991520658335,12,12
467,1.0,daily,weak,0.29374125174965005,-2.962511305889805,-6.7602991520658335,12,12
467,1.0,daily,weak_skew,0.629874025194961,1.2330968327328222,-6.7602991520658335,12,12
467,1.0,two_day,alt,0.0263671875,-11.000240600477179,-6.7602991520658335,12,12
467,1.0,two_day,sharp,0.28955078125,-4.170571488797347,-6.7602991520658335,12,12
467,1.0,two_day,weak,0.3544921875,-4.199480570117282,-6.7602991520658335,12,12
467,1.0,two_day,weak_skew,0.34521484375,-3.9635393394311773,-6.7602991520658335,12,12
467,1.0,four_day,alt,0.125,-5.7352631387570225,-6.7602991520658335,6,12
467,1.0,four_day,sharp,0.84375,-0.4910593542768223,-6.7602991520658335,6,12
467,1.0,four_day,weak,0.0625,-6.0210337192092815,-6.7602991520658335,6,12
467,1.0,four_day,weak_skew,0.53125,-3.7732024461697122,-6.7602991520658335,6,12
468,1.0,daily,alt,0.7858428314337133,-0.8802781298554111,-3.8462474664938497,12,12
468,1.0,daily,sharp,0.7138572285542891,-0.6209059664570814,-3.8462474664938497,12,12
468,1.0,daily,weak,0.9416116776644671,0.2186074936204291,-3.8462474664938497,12,12
468,1.0,daily,weak_skew,0.03239352129574085,-4.345122287675855,-3.8462474664938497,12,12
468,1.0,two_day,alt,0.3154296875,-4.298708159334935,-3.8462474664938497,12,12
468,1.0,two_day,sharp,0.31982421875,-2.404723886781019,-3.8462474664938497,12,12
468,1.0,two_day,weak,0.8544921875,0.6647191182419091,-3.8462474664938497,12,12
468,1.0,two_day,weak_skew,0.29638671875,-2.2379583031876815,-3.8462474664938497,12,12
468,1.0,four_day,alt,0.0625,-10.937078993874573,-3.8462474664938497,6,12
468,1.0,four_day,sharp,0.125,-5.432599283018402,-3.8462474664938497,6,12
468,1.0,four_day,weak,0.4375,-6.431964410457156,-3.8462474664938497,6,12
468,1.0,four_day,weak_skew,0.125,-1.816212933327834,-3.8462474664938497,6,12
469,1.0,daily,alt,0.3261347730453909,-2.7575836777941984,-6.986089164253329,12,12
469,1.0,daily,sharp,0.45310937812437513,2.0167519434973094,-6.986089164253329,12,12
469,1.0,daily,weak,0.15196960607878424,4.001484879920546,-6.986089164253329,12,12
469,1.0,daily,weak_skew,0.9196160767846431,0.37234892313549867,-6.986089164253329,12,12
469,1.0,two_day,alt,0.013671875,-6.747324047549994,-6.986089164253329,12,12
469,1.0,two_day,sharp,0.1103515625,-2.6878800016121196,-6.986089164253329,12,12
469,1.0,two_day,weak,0.37109375,-3.3072311603718476,-6.986089164253329,12,12
469,1.0,two_day,weak_skew,0.2158203125,5.7151345772510345,-6.986089164253329,12,12
469,1.0,four_day,alt,0.15625,-4.573660533133442,-6.986089164253329,6,12
469,1.0,four_day,sharp,0.5625,2.2107695183797254,-6.986089164253329,6,12
469,1.0,four_day,weak,0.53125,5.727452476803065,-6.986089164253329,6,12
469,1.0,four_day,weak_skew,0.40625,3.6547199671034334,-6.986089164253329,6,12
470,1.0,daily,alt,0.13537292541491702,-3.7286163148574243,-7.04448263930886,12,12
470,1.0,daily,sharp,0.9898020395920816,0.03218130494204985,-7.04448263930886,12,12
470,1.0,daily,weak,0.8914217156568687,-0.46910029445902407,-7.04448263930886,12,12
470,1.0,daily,weak_skew,0.7834433113377325,0.8144414852621544,-7.04448263930886,12,12
470,1.0,two_day,alt,0.3232421875,-3.401998630369938,-7.04448263930886,12,12
470,1.0,two_day,sharp,0.54736328125,2.110386746578026,-7.04448263930886,12,12
470,1.0,two_day,weak,0.73583984375,1.6289442647727146,-7.04448263930886,12,12
470,1.0,two_day,weak_skew,0.9150390625,-0.31700488250819997,-7.04448263930886,12,12
470,1.0,four_day,alt,0.28125,-6.444276743168146,-7.04448263930886,6,12
470,1.0,four_day,sharp,0.8125,-1.2860955855562939,-7.04448263930886,6,12
470,1.0,four_day,weak,0.28125,-5.1025681930853395,-7.04448263930886,6,12
470,1.0,four_day,weak_skew,0.3125,-3.936074849144743,-7.04448263930886,6,12
471,1.0,daily,alt,0.5434913017396521,-1.5273609305069364,-5.5016111486009365,12,12
471,1.0,daily,sharp,0.6744651069786043,0.6175071535999864,-5.5016111486009365,12,12
471,1.0,daily,weak,0.9922015596880623,0.033958943635093775,-5.5016111486009365,12,12
471,1.0,daily,weak_skew,0.7556488702259548,0.8583605749623077,-5.5016111486009365,12,12
471,1.0,two_day,alt,0.3359375,2.388572350847628,-5.5016111486009365,12,12
471,1.0,two_day,sharp,0.29052734375,2.184516261256906,-5.5016111486009365,12,12
471,1.0,two_day,weak,0.31396484375,4.1591004371907205,-5.5016111486009365,12,12
471,1.0,two_day,weak_skew,0.5419921875,1.5890751551728854,-5.5016111486009365,12,12
471,1.0,four_day,alt,0.15625,-3.7360233673724097,-5.5016111486009365,6,12
471,1.0,four_day,sharp,0.8125,-0.3164023920339692,-5.5016111486009365,6,12
471,1.0,four_day,weak,0.84375,1.023842243037708,-5.5016111486009365,6,12
471,1.0,four_day,weak_skew,0.5625,2.1185133256047166,-5.5016111486009365,6,12
472,1.0,daily,alt,0.7874425114977005,0.8674461288151155,-5.94347022345864,12,12
472,1.0,daily,sharp,0.035992801439712056,3.893389172579815,-5.94347022345864,12,12
472,1.0,daily,weak,0.033393321335732855,6.858073460985203,-5.94347022345864,12,12
472,1.0,daily,weak_skew,0.026994601079784044,6.238355322635937,-5.94347022345864,12,12
472,1.0,two_day,alt,0.0361328125,-6.8674949708281945,-5.94347022345864,12,12
472,1.0,two_day,sharp,0.56396484375,-1.5433418468825775,-5.94347022345864,12,12
472,1.0,two_day,weak,0.73681640625,-1.4408740678520253,-5.94347022345864,12,12
472,1.0,two_day,weak_skew,0.125,-5.0537061324917785,-5.94347022345864,12,12
472,1.0,four_day,alt,0.53125,-2.07109239757177,-5.94347022345864,6,12
472,1.0,four_day,sharp,0.21875,3.565254048690548,-5.94347022345864,6,12
472,1.0,four_day,weak,0.3125,2.748856302467509,-5.94347022345864,6,12
472,1.0,four_day,weak_skew,0.84375,0.6531526651832552,-5.94347022345864,6,12
473,1.0,daily,alt,0.5940811837632474,2.1675415457023095,-4.5329024307867485,12,12
473,1.0,daily,sharp,0.7514497100579884,0.6790590768488295,-4.5329024307867485,12,12
473,1.0,daily,weak,0.2709458108378324,2.7890061026054966,-4.5329024307867485,12,12
473,1.0,daily,weak_skew,0.9824035192961408,-0.0599411042283613,-4.5329024307867485,12,12
473,1.0,two_day,alt,0.244140625,-4.739440806015536,-4.5329024307867485,12,12
473,1.0,two_day,sharp,0.68212890625,-1.7487185590439172,-4.5329024307867485,12,12
473,1.0,two_day,weak,0.55126953125,-2.506766797928045,-4.5329024307867485,12,12
473,1.0,two_day,weak_skew,0.33935546875,-3.1532720830850676,-4.5329024307867485,12,12
473,1.0,four_day,alt,0.25,-9.964070188107554,-4.5329024307867485,6,12
473,1.0,four_day,sharp,0.625,-2.587213112058412,-4.5329024307867485,6,12
473,1.0,four_day,weak,0.5625,-3.948893524655169,-4.5329024307867485,6,12
473,1.0,four_day,weak_skew,0.21875,-8.017965574165805,-4.5329024307867485,6,12
474,1.0,daily,alt,0.0023995200959808036,-7.0283559243361315,-4.9267803293988806,12,12
474,1.0,daily,sharp,0.00599880023995201,-3.5747802216489544,-4.9267803293988806,12,12
474,1.0,daily,weak,0.002599480103979204,-7.206272169795984,-4.9267803293988806,12,12
474,1.0,daily,weak_skew,0.0027994401119776045,-5.417656195800249,-4.9267803293988806,12,12
474,1.0,two_day,alt,0.08837890625,-4.293631864592776,-4.9267803293988806,12,12
474,1.0,two_day,sharp,0.7099609375,-0.9575100777251127,-4.9267803293988806,12,12
474,1.0,two_day,weak,0.52490234375,-2.5785414064013157,-4.9267803293988806,12,12
474,1.0,two_day,weak_skew,0.29443359375,-3.524475229611209,-4.9267803293988806,12,12
474,1.0,four_day,alt,0.78125,0.9104058658726437,-4.9267803293988806,6,12
474,1.0,four_day,sharp,0.25,4.347332574266647,-4.9267803293988806,6,12
474,1.0,four_day,weak,0.65625,2.6773509797169175,-4.9267803293988806,6,12
474,1.0,four_day,weak_skew,0.25,4.141535141856792,-4.9267803293988806,6,12
475,1.0,daily,alt,0.8620275944811038,0.6941064550554277,-5.276927533426608,12,12
475,1.0,daily,sharp,0.7104579084183164,0.9913435027844244,-5.276927533426608,12,12
475,1.0,daily,weak,0.847630473905219,0.5341946639670354,-5.276927533426608,12,12
475,1.0,daily,weak_skew,0.7734453109378124,1.1079614793740908,-5.276927533426608,12,12
475,1.0,two_day,alt,0.47705078125,-3.4453727638319602,-5.276927533426608,12,12
475,1.0,two_day,sharp,0.7080078125,-1.3830587525252724,-5.276927533426608,12,12
475,1.0,two_day,weak,0.970703125,0.15240896775780222,-5.276927533426608,12,12
475,1.0,two_day,weak_skew,0.2177734375,-5.259857642129808,-5.276927533426608,12,12
475,1.0,four_day,alt,0.25,-6.049229967205824,-5.276927533426608,6,12
475,1.0,four_day,sharp,0.25,-2.280198401945635,-5.276927533426608,6,12
475,1.0,four_day,weak,0.96875,-0.142574191955435,-5.276927533426608,6,12
475,1.0,four_day,weak_skew,0.03125,-8.345476401592022,-5.276927533426608,6,12
476,1.0,daily,alt,0.033193361327734455,-3.286575089800366,-6.922573747962872,12,12
476,1.0,daily,sharp,0.42231553689262147,0.870480070059178,-6.922573747962872,12,12
476,1.0,daily,weak,0.5522895420915817,1.4609801384596306,-6.922573747962872,12,12
476,1.0,daily,weak_skew,0.9420115976804639,-0.11103401536463231,-6.922573747962872,12,12
476,1.0,two_day,alt,0.009765625,-6.327723810190183,-6.922573747962872,12,12
476,1.0,two_day,sharp,0.236328125,-1.9212124402963269,-6.922573747962872,12,12
476,1.0,two_day,weak,0.00927734375,-5.946119357600238,-6.922573747962872,12,12
476,1.0,two_day,weak_skew,0.6240234375,3.0660367309441514,-6.922573747962872,12,12
476,1.0,four_day,alt,0.15625,-7.543177453986474,-6.922573747962872,6,12
476,1.0,four_day,sharp,0.65625,-1.3222540822540683,-6.922573747962872,6,12
476,1.0,four_day,weak,0.90625,-0.49643647848088196,-6.922573747962872,6,12
476,1.0,four_day,weak_skew,0.1875,-4.973142513358295,-6.922573747962872,6,12
477,1.0,daily,alt,0.5676864627074585,-1.8990536536658755,-7.084346875105496,12,12
477,1.0,daily,sharp,0.6400719856028795,0.997239638675382,-7.084346875105496,12,12
477,1.0,daily,weak,0.8416316736652669,0.4982506079296538,-7.084346875105496,12,12
477,1.0,daily,weak_skew,0.5766846630673865,2.408188299702168,-7.084346875105496,12,12
477,1.0,two_day,alt,0.72509765625,-1.2759480044275076,-7.084346875105496,12,12
477,1.0,two_day,sharp,0.45751953125,1.3282485317830635,-7.084346875105496,12,12
477,1.0,two_day,weak,0.47509765625,1.9568330942105152,-7.084346875105496,12,12
477,1.0,two_day,weak_skew,0.689453125,-0.9469343206981833,-7.084346875105496,12,12
477,1.0,four_day,alt,0.0625,-9.344956679350622,-7.084346875105496,6,12
477,1.0,four_day,sharp,0.59375,-2.9117722396069197,-7.084346875105496,6,12
477,1.0,four_day,weak,0.25,-2.855769054393227,-7.084346875105496,6,12
477,1.0,four_day,weak_skew,0.0625,-4.596364095361952,-7.084346875105496,6,12
478,1.0,daily,alt,0.7336532693461307,-0.9462061244647378,-7.034603160984261,12,12
478,1.0,daily,sharp,0.6084783043391322,1.061753847001765,-7.034603160984261,12,12
478,1.0,daily,weak,0.8600279944011198,0.3684516080015096,-7.034603160984261,12,12
478,1.0,daily,weak_skew,0.20955808838232354,3.6531971749503582,-7.034603160984261,12,12
478,1.0,two_day,alt,0.333984375,-4.148685687876621,-7.034603160984261,12,12
478,1.0,two_day,sharp,0.86376953125,0.4009085680078896,-7.034603160984261,12,12
478,1.0,two_day,weak,0.15185546875,-5.476603579679259,-7.034603160984261,12,12
478,1.0,two_day,weak_skew,0.99853515625,0.011441909464893504,-7.034603160984261,12,12
478,1.0,four_day,alt,0.03125,-10.347297285396937,-7.034603160984261,6,12
478,1.0,four_day,sharp,0.0625,-3.471085725728186,-7.034603160984261,6,12
478,1.0,four_day,weak,0.25,3.565859526454324,-7.034603160984261,6,12
478,1.0,four_day,weak_skew,0.53125,-2.941605804683173,-7.034603160984261,6,12
479,1.0,daily,alt,0.27994401119776047,-3.5000506706827323,-9.349760544411751,12,12
479,1.0,daily,sharp,0.8838232353529294,0.3194553409659899,-9.349760544411751,12,12
479,1.0,daily,weak,0.48530293941211755,2.2058425768300562,-9.349760544411751,12,12
479,1.0,daily,weak_skew,0.735252949410118,-1.0783292928287285,-9.349760544411751,12,12
479,1.0,two_day,alt,0.0615234375,-6.93430515355051,-9.349760544411751,12,12
479,1.0,two_day,sharp,0.5703125,-1.5728898632804558,-9.349760544411751,12,12
479,1.0,two_day,weak,0.7470703125,-1.722790464361707,-9.349760544411751,12,12
479,1.0,two_day,weak_skew,0.03515625,-6.771344711149539,-9.349760544411751,12,12
479,1.0,four_day,alt,0.03125,-13.53150826071221,-9.349760544411751,6,12
479,1.0,four_day,sharp,0.09375,-4.765268834724208,-9.349760544411751,6,12
479,1.0,four_day,weak,0.3125,-2.5381085118519358,-9.349760544411751,6,12
479,1.0,four_day,weak_skew,0.15625,-6.19788037195196,-9.349760544411751,6,12
480,1.0,daily,alt,0.28694261147770445,-3.076057599712262,-8.48907461004589,12,12
480,1.0,daily,sharp,0.14417116576684663,4.085038821438095,-8.48907461004589,12,12
480,1.0,daily,weak,0.17096580683863227,4.122476429214423,-8.48907461004589,12,12
480,1.0,daily,weak_skew,0.25414917016596683,3.532991919684893,-8.48907461004589,12,12
480,1.0,two_day,alt,0.74755859375,-1.5080560459031631,-8.48907461004589,12,12
480,1.0,two_day,sharp,0.45166015625,3.7994557735710788,-8.48907461004589,12,12
480,1.0,two_day,weak,0.16455078125,7.699923795034426,-8.48907461004589,12,12
480,1.0,two_day,weak_skew,0.51708984375,3.051223578214041,-8.48907461004589,12,12
480,1.0,four_day,alt,0.53125,3.3303586292506586,-8.48907461004589,6,12
480,1.0,four_day,sharp,0.09375,9.320287194507912,-8.48907461004589,6,12
480,1.0,four_day,weak,0.1875,6.602885607537114,-8.48907461004589,6,12
480,1.0,four_day,weak_skew,0.0625,13.921438454949131,-8.48907461004589,6,12
481,1.0,daily,alt,0.48250349930013997,-1.50627577516679,-6.763879582311034,12,12
481,1.0,daily,sharp,0.34753049390121976,1.7103243765119516,-6.763879582311034,12,12
481,1.0,daily,weak,0.5090981803639272,2.3810614462650133,-6.763879582311034,12,12
481,1.0,daily,weak_skew,0.8922215556888622,0.3771077825413271,-6.763879582311034,12,12
481,1.0,two_day,alt,0.14794921875,-3.169872244037679,-6.763879582311034,12,12
481,1.0,two_day,sharp,0.8671875,0.4185306246301354,-6.763879582311034,12,12
481,1.0,two_day,weak,0.47119140625,2.709659935696623,-6.763879582311034,12,12
481,1.0,two_day,weak_skew,0.82763671875,0.6774760376387583,-6.763879582311034,12,12
481,1.0,four_day,alt,0.375,-4.105776572991533,-6.763879582311034,6,12
481,1.0,four_day,sharp,0.9375,-0.5032164152195939,-6.763879582311034,6,12
481,1.0,four_day,weak,0.6875,2.087654808608723,-6.763879582311034,6,12
481,1.0,four_day,weak_skew,0.46875,-3.5073146753105733,-6.763879582311034,6,12
482,1.0,daily,alt,0.5506898620275945,-1.7240187764747148,-7.21028338802045,12,12
482,1.0,daily,sharp,0.712257548490302,0.9193807271104308,-7.21028338802045,12,12
482,1.0,daily,weak,0.652869426114777,1.3286863448098718,-7.21028338802045,12,12
482,1.0,daily,weak_skew,0.9478104379124175,-0.16914446552690401,-7.21028338802045,12,12
482,1.0,two_day,alt,0.0966796875,-7.288885251288851,-7.21028338802045,12,12
482,1.0,two_day,sharp,0.67724609375,-1.7629317258592898,-7.21028338802045,12,12
482,1.0,two_day,weak,0.80615234375,-1.1194824841206106,-7.21028338802045,12,12
482,1.0,two_day,weak_skew,0.37060546875,-4.7764087563882285,-7.21028338802045,12,12
482,1.0,four_day,alt,0.28125,-4.491154314622558,-7.21028338802045,6,12
482,1.0,four_day,sharp,0.78125,1.0906452481189117,-7.21028338802045,6,12
482,1.0,four_day,weak,0.8125,-1.3617477669658495,-7.21028338802045,6,12
482,1.0,four_day,weak_skew,0.625,6.476132079260882,-7.21028338802045,6,12
483,1.0,daily,alt,0.0003999200159968006,-6.178279005771288,-7.227751953300832,12,12
483,1.0,daily,sharp,0.01839632073585283,-2.686874914261391,-7.227751953300832,12,12
483,1.0,daily,weak,0.5056988602279544,-1.0070818571060354,-7.227751953300832,12,12
483,1.0,daily,weak_skew,0.7314537092581483,0.9764988533265905,-7.227751953300832,12,12
483,1.0,two_day,alt,0.28857421875,-2.8296026515085053,-7.227751953300832,12,12
483,1.0,two_day,sharp,0.51513671875,1.5501369339459512,-7.227751953300832,12,12
483,1.0,two_day,weak,0.94677734375,-0.21827536844925532,-7.227751953300832,12,12
483,1.0,two_day,weak_skew,0.78466796875,0.5610490669291028,-7.227751953300832,12,12
483,1.0,four_day,alt,0.21875,-4.620605655990563,-7.227751953300832,6,12
483,1.0,four_day,sharp,0.6875,-1.0613622020169906,-7.227751953300832,6,12
483,1.0,four_day,weak,0.84375,-1.3833340067556026,-7.227751953300832,6,12
483,1.0,four_day,weak_skew,0.4375,8.717786995978992,-7.227751953300832,6,12
484,1.0,daily,alt,0.33833233353329334,3.5812459478481458,-3.745161263368132,12,12
484,1.0,daily,sharp,0.20955808838232354,3.447900854448323,-3.745161263368132,12,12
484,1.0,daily,weak,0.1227754449110178,5.1110316022102715,-3.745161263368132,12,12
484,1.0,daily,weak_skew,0.0617876424715057,4.660090593600774,-3.745161263368132,12,12
484,1.0,two_day,alt,0.90966796875,0.6354651679725999,-3.745161263368132,12,12
484,1.0,two_day,sharp,0.4208984375,3.278733819690475,-3.745161263368132,12,12
484,1.0,two_day,weak,0.421875,4.853070018870876,-3.745161263368132,12,12
484,1.0,two_day,weak_skew,0.50439453125,2.8533517413364984,-3.745161263368132,12,12
484,1.0,four_day,alt,0.75,1.0282360069504743,-3.745161263368132,6,12
484,1.0,four_day,sharp,0.9375,0.3015960917487786,-3.745161263368132,6,12
484,1.0,four_day,weak,0.71875,-2.241700159773304,-3.745161263368132,6,12
484,1.0,four_day,weak_skew,0.8125,6.045578147312913,-3.745161263368132,6,12
485,1.0,daily,alt,0.0001999600079984003,-7.801289374376714,-7.240126575657712,12,12
485,1.0,daily,sharp,0.026994601079784044,-2.8922754656641376,-7.240126575657712,12,12
485,1.0,daily,weak,0.7188562287542491,-0.886498828128954,-7.240126575657712,12,12
485,1.0,daily,weak_skew,0.19636072785442912,-3.33749814773258,-7.240126575657712,12,12
485,1.0,two_day,alt,0.03173828125,-6.9598449340232875,-7.240126575657712,12,12
485,1.0,two_day,sharp,0.34228515625,-1.5280677398960372,-7.240126575657712,12,12
485,1.0,two_day,weak,0.04736328125,-6.36600508928908,-7.240126575657712,12,12
485,1.0,two_day,weak_skew,0.6591796875,2.3068905545167984,-7.240126575657712,12,12
485,1.0,four_day,alt,0.0625,-8.175707793657798,-7.240126575657712,6,12
485,1.0,four_day,sharp,0.40625,-1.6954755376588686,-7.240126575657712,6,12
485,1.0,four_day,weak,0.3125,-6.02729716213944,-7.240126575657712,6,12
485,1.0,four_day,weak_skew,0.5,-2.4749264657159387,-7.240126575657712,6,12
486,1.0,daily,alt,0.002999400119976005,-7.3827742070345606,-8.537246724280045,12,12
486,1.0,daily,sharp,0.28334333133373324,-2.1168870576464074,-8.537246724280045,12,12
486,1.0,daily,weak,0.05798840231953609,-5.506182587499095,-8.537246724280045,12,12
486,1.0,daily,weak_skew,0.0621875624875025,-4.480890097128957,-8.537246724280045,12,12
486,1.0,two_day,alt,0.00048828125,-11.013705884726429,-8.537246724280045,12,12
486,1.0,two_day,sharp,0.00146484375,-4.900486792358776,-8.537246724280045,12,12
486,1.0,two_day,weak,0.609375,-2.0043293085362177,-8.537246724280045,12,12
486,1.0,two_day,weak_skew,0.71826171875,-0.9320200453520275,-8.537246724280045,12,12
486,1.0,four_day,alt,0.03125,-12.109803520548523,-8.537246724280045,6,12
486,1.0,four_day,sharp,0.0625,-4.210423054890911,-8.537246724280045,6,12
486,1.0,four_day,weak,0.53125,3.433605061656936,-8.537246724280045,6,12
486,1.0,four_day,weak_skew,1.0,-0.07182196963897051,-8.537246724280045,6,12
487,1.0,daily,alt,0.007398520295940812,-4.594411008394452,-8.44618411986891,12,12
487,1.0,daily,sharp,0.597880423915217,-0.6012353379711234,-8.44618411986891,12,12
487,1.0,daily,weak,0.7726454709058188,-0.705550365965283,-8.44618411986891,12,12
487,1.0,daily,weak_skew,0.2605478904219156,-2.2869512335735664,-8.44618411986891,12,12
487,1.0,two_day,alt,0.45166015625,-2.8970673975215466,-8.44618411986891,12,12
487,1.0,two_day,sharp,0.88427734375,0.3993619653912403,-8.44618411986891,12,12
487,1.0,two_day,weak,0.9072265625,0.3810361364311703,-8.44618411986891,12,12
487,1.0,two_day,weak_skew,0.38720703125,4.71652112995696,-8.44618411986891,12,12
487,1.0,four_day,alt,0.0625,-8.802031383014432,-8.44618411986891,6,12
487,1.0,four_day,sharp,0.1875,-2.6692695297909026,-8.44618411986891,6,12
487,1.0,four_day,weak,0.09375,-4.914978834356474,-8.44618411986891,6,12
487,1.0,four_day,weak_skew,0.28125,7.2187892578676625,-8.44618411986891,6,12
488,1.0,daily,alt,0.20595880823835233,-2.7389648461655316,-6.419014891053557,12,12
488,1.0,daily,sharp,0.7964407118576284,-0.4991190672156236,-6.419014891053557,12,12
488,1.0,daily,weak,0.5744851029794041,-1.5174717393328188,-6.419014891053557,12,12
488,1.0,daily,weak_skew,0.8174365126974605,-0.44168435097017006,-6.419014891053557,12,12
488,1.0,two_day,alt,0.00244140625,-5.508113011944516,-6.419014891053557,12,12
488,1.0,two_day,sharp,0.13818359375,-1.4404305399142352,-6.419014891053557,12,12
488,1.0,two_day,weak,0.05224609375,-5.502474408338007,-6.419014891053557,12,12
488,1.0,two_day,weak_skew,0.353515625,-3.1029094881426373,-6.419014891053557,12,12
488,1.0,four_day,alt,0.03125,-6.570060914937909,-6.419014891053557,6,12
488,1.0,four_day,sharp,0.375,-1.1605372425364102,-6.419014891053557,6,12
488,1.0,four_day,weak,0.90625,0.4709474613955251,-6.419014891053557,6,12
488,1.0,four_day,weak_skew,0.8125,-0.9972921287550184,-6.419014891053557,6,12
489,1.0,daily,alt,0.04859028194361128,-6.023913371989994,-7.358994448364626,12,12
489,1.0,daily,sharp,0.07998400319936012,-2.1831120491174403,-7.358994448364626,12,12
489,1.0,daily,weak,0.05378924215156969,-4.536124350892158,-7.358994448364626,12,12
489,1.0,daily,weak_skew,0.7228554289142172,-0.7981410762050606,-7.358994448364626,12,12
489,1.0,two_day,alt,0.82421875,-0.9078495844625335,-7.358994448364626,12,12
489,1.0,two_day,sharp,0.53173828125,2.0294656252326653,-7.358994448364626,12,12
489,1.0,two_day,weak,0.9404296875,-0.3508026549893639,-7.358994448364626,12,12
489,1.0,two_day,weak_skew,0.64892578125,2.2701155293282853,-7.358994448364626,12,12
489,1.0,four_day,alt,0.4375,-3.512219335645027,-7.358994448364626,6,12
489,1.0,four_day,sharp,0.9375,0.2627880127472153,-7.358994448364626,6,12
489,1.0,four_day,weak,0.96875,0.5755834481749152,-7.358994448364626,6,12
489,1.0,four_day,weak_skew,0.125,-5.765928899718058,-7.358994448364626,6,12
490,1.0,daily,alt,0.2561487702459508,-2.4803114872279397,-7.493926164121788,12,12
490,1.0,daily,sharp,0.5788842231553689,0.8094856437505799,-7.493926164121788,12,12
490,1.0,daily,weak,0.884623075384923,0.36584330590262465,-7.493926164121788,12,12
490,1.0,daily,weak_skew,0.8350329934013198,-0.26934384850261733,-7.493926164121788,12,12
490,1.0,two_day,alt,0.30517578125,-3.6685894483208776,-7.493926164121788,12,12
490,1.0,two_day,sharp,0.76318359375,0.893254612226329,-7.493926164121788,12,12
490,1.0,two_day,weak,0.15673828125,5.846733743884521,-7.493926164121788,12,12
490,1.0,two_day,weak_skew,0.90478515625,0.44752862702003426,-7.493926164121788,12,12
490,1.0,four_day,alt,0.15625,-5.6836536417122225,-7.493926164121788,6,12
490,1.0,four_day,sharp,1.0,-0.1507542309065156,-7.493926164121788,6,12
490,1.0,four_day,weak,0.28125,-7.3227864881891485,-7.493926164121788,6,12
490,1.0,four_day,weak_skew,0.875,-0.5161839379444958,-7.493926164121788,6,12
491,1.0,daily,alt,0.013997200559888023,-5.124691513345827,-6.3909201651090655,12,12
491,1.0,daily,sharp,0.8364327134573085,-0.35654470676852473,-6.3909201651090655,12,12
491,1.0,daily,weak,0.5310937812437513,-2.2586806255387795,-6.3909201651090655,12,12
491,1.0,daily,weak_skew,0.1271745650869826,-2.3950852009261667,-6.3909201651090655,12,12
491,1.0,two_day,alt,0.55615234375,-1.7650077457533875,-6.3909201651090655,12,12
491,1.0,two_day,sharp,0.6328125,0.9153597528026053,-6.3909201651090655,12,12
491,1.0,two_day,weak,0.23583984375,-4.713351948735277,-6.3909201651090655,12,12
491,1.0,two_day,weak_skew,0.5869140625,1.724498187122931,-6.3909201651090655,12,12
491,1.0,four_day,alt,0.46875,-4.750746120998397,-6.3909201651090655,6,12
491,1.0,four_day,sharp,0.9375,0.6255839814260623,-6.3909201651090655,6,12
491,1.0,four_day,weak,0.75,2.3778064987702088,-6.3909201651090655,6,12
491,1.0,four_day,weak_skew,0.65625,-2.392634793051267,-6.3909201651090655,6,12
492,1.0,daily,alt,0.8782243551289742,-0.3350542244108213,-7.486869449532044,12,12
492,1.0,daily,sharp,0.1879624075184963,2.7668500264356144,-7.486869449532044,12,12
492,1.0,daily,weak,0.7234553089382123,1.253595455254758,-7.486869449532044,12,12
492,1.0,daily,weak_skew,0.2521495700859828,2.1768835122187666,-7.486869449532044,12,12
492,1.0,two_day,alt,0.22119140625,-4.525883793385589,-7.486869449532044,12,12
492,1.0,two_day,sharp,0.88232421875,0.5353317360946411,-7.486869449532044,12,12
492,1.0,two_day,weak,0.95947265625,0.21957999004042192,-7.486869449532044,12,12
492,1.0,two_day,weak_skew,0.8369140625,0.9208458160629357,-7.486869449532044,12,12
492,1.0,four_day,alt,0.28125,-2.9533525970136325,-7.486869449532044,6,12
492,1.0,four_day,sharp,0.28125,3.584038913448623,-7.486869449532044,6,12
492,1.0,four_day,weak,0.78125,1.0627391283438854,-7.486869449532044,6,12
492,1.0,four_day,weak_skew,0.53125,3.2865985649888665,-7.486869449532044,6,12
493,1.0,daily,alt,0.46810637872425515,-1.9315263133915035,-5.205001579126829,12,12
493,1.0,daily,sharp,0.9534093181363728,0.10706515486249775,-5.205001579126829,12,12
493,1.0,daily,weak,0.891621675664867,-0.2360867119191532,-5.205001579126829,12,12
493,1.0,daily,weak_skew,0.6362727454509098,-1.0550259648118747,-5.205001579126829,12,12
493,1.0,two_day,alt,0.8388671875,1.2010837072759546,-5.205001579126829,12,12
493,1.0,two_day,sharp,0.32470703125,-1.5599665397267934,-5.205001579126829,12,12
493,1.0,two_day,weak,0.41259765625,2.282927506841016,-5.205001579126829,12,12
493,1.0,two_day,weak_skew,0.6708984375,1.6741621154109296,-5.205001579126829,12,12
493,1.0,four_day,alt,0.9375,0.9328319478694821,-5.205001579126829,6,12
493,1.0,four_day,sharp,0.78125,0.7893397347611485,-5.205001579126829,6,12
493,1.0,four_day,weak,0.96875,0.28374528266430704,-5.205001579126829,6,12
493,1.0,four_day,weak_skew,0.375,7.167440366824823,-5.205001579126829,6,12
494,1.0,daily,alt,0.004799040191961607,-4.908063102585079,-5.8141272336226635,12,12
494,1.0,daily,sharp,0.21995600879824034,-1.3210854365820357,-5.8141272336226635,12,12
494,1.0,daily,weak,0.2483503299340132,-3.178574012442476,-5.8141272336226635,12,12
494,1.0,daily,weak_skew,0.3437312537492502,3.7222255422024624,-5.8141272336226635,12,12
494,1.0,two_day,alt,0.0048828125,-4.586134080290705,-5.8141272336226635,12,12
494,1.0,two_day,sharp,0.11181640625,-2.99261241870172,-5.8141272336226635,12,12
494,1.0,two_day,weak,0.169921875,-4.646750331026916,-5.8141272336226635,12,12
494,1.0,two_day,weak_skew,0.0009765625,-6.37038402382861,-5.8141272336226635,12,12
494,1.0,four_day,alt,0.1875,-5.175387385159343,-5.8141272336226635,6,12
494,1.0,four_day,sharp,0.375,-1.6103139176632528,-5.8141272336226635,6,12
494,1.0,four_day,weak,0.4375,-3.822955399330233,-5.8141272336226635,6,12
494,1.0,four_day,weak_skew,0.34375,6.317452411519455,-5.8141272336226635,6,12
495,1.0,daily,alt,0.007798440311937612,-8.667834088444721,-8.73514389184475,12,12
495,1.0,daily,sharp,0.20595880823835233,-3.7330680781141155,-8.73514389184475,12,12
495,1.0,daily,weak,0.6994601079784043,-1.349681741130824,-8.73514389184475,12,12
495,1.0,daily,weak_skew,0.45830833833233353,-2.2744722379363562,-8.73514389184475,12,12
495,1.0,two_day,alt,0.12060546875,-6.699191678094695,-8.73514389184475,12,12
495,1.0,two_day,sharp,0.88232421875,-0.6019877103451451,-8.73514389184475,12,12
495,1.0,two_day,weak,0.95703125,-0.25234520157413637,-8.73514389184475,12,12
495,1.0,two_day,weak_skew,0.52783203125,-2.7144547970936372,-8.73514389184475,12,12
495,1.0,four_day,alt,0.21875,-8.619348708903093,-8.73514389184475,6,12
495,1.0,four_day,sharp,0.53125,-3.7885473550197317,-8.73514389184475,6,12
495,1.0,four_day,weak,0.40625,-8.487407189483024,-8.73514389184475,6,12
495,1.0,four_day,weak_skew,0.75,-2.385559531295472,-8.73514389184475,6,12
496,1.0,daily,alt,0.6992601479704059,-0.9525268988458038,-9.428119283236917,12,12
496,1.0,daily,sharp,0.21595680863827235,2.9110495705350465,-9.428119283236917,12,12
496,1.0,daily,weak,0.40431913617276544,2.340033416335222,-9.428119283236917,12,12
496,1.0,daily,weak_skew,0.3859228154369126,2.4996282663823135,-9.428119283236917,12,12
496,1.0,two_day,alt,0.20068359375,-4.530294102685203,-9.428119283236917,12,12
496,1.0,two_day,sharp,0.94482421875,-0.1304488062530241,-9.428119283236917,12,12
496,1.0,two_day,weak,0.31103515625,-4.175898127618751,-9.428119283236917,12,12
496,1.0,two_day,weak_skew,0.71484375,2.051701474785164,-9.428119283236917,12,12
496,1.0,four_day,alt,0.09375,-7.970746905799586,-9.428119283236917,6,12
496,1.0,four_day,sharp,0.5625,-1.8468073212987666,-9.428119283236917,6,12
496,1.0,four_day,weak,1.0,-0.0847947362771156,-9.428119283236917,6,12
496,1.0,four_day,weak_skew,0.25,-4.888949260420691,-9.428119283236917,6,12
497,1.0,daily,alt,0.010997800439912017,-5.861018653208053,-7.202506005127766,12,12
497,1.0,daily,sharp,0.08498300339932013,-2.128612684329736,-7.202506005127766,12,12
497,1.0,daily,weak,0.6810637872425515,-0.8917445366300184,-7.202506005127766,12,12
497,1.0,daily,weak_skew,0.4459108178364327,-1.7758582634431554,-7.202506005127766,12,12
497,1.0,two_day,alt,0.02001953125,-5.935611534930902,-7.202506005127766,12,12
497,1.0,two_day,sharp,0.2607421875,-1.8837726135070845,-7.202506005127766,12,12
497,1.0,two_day,weak,0.3759765625,-2.9008032148618486,-7.202506005127766,12,12
497,1.0,two_day,weak_skew,0.51416015625,2.2988265392857627,-7.202506005127766,12,12
497,1.0,four_day,alt,0.03125,-12.664278411088182,-7.202506005127766,6,12
497,1.0,four_day,sharp,0.1875,-5.143844646599503,-7.202506005127766,6,12
497,1.0,four_day,weak,0.1875,-8.451402747588691,-7.202506005127766,6,12
497,1.0,four_day,weak_skew,0.96875,-1.633204903132602,-7.202506005127766,6,12
498,1.0,daily,alt,0.847630473905219,0.4883152340093897,-6.510314452209599,12,12
498,1.0,daily,sharp,0.2673465306938612,1.7788656268613672,-6.510314452209599,12,12
498,1.0,daily,weak,0.891621675664867,0.3681715155545966,-6.510314452209599,12,12
498,1.0,daily,weak_skew,0.4469106178764247,2.4121283794640753,-6.510314452209599,12,12
498,1.0,two_day,alt,0.87158203125,0.9515183719592457,-6.510314452209599,12,12
498,1.0,two_day,sharp,0.22802734375,3.3906997627898225,-6.510314452209599,12,12
498,1.0,two_day,weak,0.58349609375,2.5875253272855914,-6.510314452209599,12,12
498,1.0,two_day,weak_skew,0.5615234375,1.8702780882906207,-6.510314452209599,12,12
498,1.0,four_day,alt,0.5,-2.9592777519409084,-6.510314452209599,6,12
498,1.0,four_day,sharp,0.8125,-1.0495056185113565,-6.510314452209599,6,12
498,1.0,four_day,weak,0.71875,2.3864673147984576,-6.510314452209599,6,12
498,1.0,four_day,weak_skew,0.78125,-0.9765207302612863,-6.510314452209599,6,12
499,1.0,daily,alt,0.0639872025594881,-4.109178384555047,-6.763191488173597,12,12
499,1.0,daily,sharp,0.9586082783443312,-0.09815973148183588,-6.763191488173597,12,12
499,1.0,daily,weak,0.6832633473305338,-0.9711338898439467,-6.763191488173597,12,12
499,1.0,daily,weak_skew,0.9556088782243551,0.20753862832483408,-6.763191488173597,12,12
499,1.0,two_day,alt,0.4072265625,-2.2412985493748496,-6.763191488173597,12,12
499,1.0,two_day,sharp,0.427734375,1.7915732385166514,-6.763191488173597,12,12
499,1.0,two_day,weak,0.3076171875,3.4574652830227417,-6.763191488173597,12,12
499,1.0,two_day,weak_skew,0.51220703125,-1.9340815430206877,-6.763191488173597,12,12
499,1.0,four_day,alt,0.0625,-10.691443065234216,-6.763191488173597,6,12
499,1.0,four_day,sharp,0.125,-4.756567659015765,-6.763191488173597,6,12
499,1.0,four_day,weak,0.125,-9.707227592012888,-6.763191488173597,6,12
499,1.0,four_day,weak_skew,0.0625,-6.963032905106175,-6.763191488173597,6,12
