rep,c,design,scenario,p,est,truth,n_units,weeks
0,0.0,daily,alt,0.0001999600079984003,-8.177919425637528,-8.894698673771458,24,24
0,0.0,daily,sharp,0.9342131573685263,-0.09012593090821852,-8.894698673771458,24,24
0,0.0,daily,weak,0.3219356128774245,-1.775489042507002,-8.894698673771458,24,24
0,0.0,daily,weak_skew,0.795240951809638,-0.4467909283215625,-8.894698673771458,24,24
0,0.0,two_day,alt,0.010597880423915218,-8.38740072350298,-8.894698673771458,24,24
0,0.0,two_day,sharp,0.6294741051789642,0.9031018005814069,-8.894698673771458,24,24
0,0.0,two_day,weak,0.14517096580683864,3.343480799097479,-8.894698673771458,24,24
0,0.0,two_day,weak_skew,0.19736052789442113,3.1399662958306345,-8.894698673771458,24,24
0,0.0,four_day,alt,0.00244140625,-12.712196850990047,-8.894698673771458,12,24
0,0.0,four_day,sharp,0.279296875,-2.233013217769725,-8.894698673771458,12,24
0,0.0,four_day,weak,0.36572265625,-2.83168334947502,-8.894698673771458,12,24
0,0.0,four_day,weak_skew,0.17626953125,-3.6708128522819963,-8.894698673771458,12,24
1,0.0,daily,alt,0.0007998400319936012,-8.744316755901375,-10.258303202042299,24,24
1,0.0,daily,sharp,0.5556888622275545,0.9175804608558383,-10.258303202042299,24,24
1,0.0,daily,weak,0.8734253149370126,0.3058000934755916,-10.258303202042299,24,24
1,0.0,daily,weak_skew,0.9798040391921615,-0.041690082359711646,-10.258303202042299,24,24
1,0.0,two_day,alt,0.03079384123175365,-6.905176610546721,-10.258303202042299,24,24
1,0.0,two_day,sharp,0.1837632473505299,2.9501469982769337,-10.258303202042299,24,24
1,0.0,two_day,weak,0.0643871225754849,4.60873340066473,-10.258303202042299,24,24
1,0.0,two_day,weak_skew,0.597880423915217,1.3362434603578912,-10.258303202042299,24,24
1,0.0,four_day,alt,0.0673828125,-6.941453870472592,-10.258303202042299,12,24
1,0.0,four_day,sharp,0.4287109375,2.461649753398327,-10.258303202042299,12,24
1,0.0,four_day,weak,0.84033203125,0.8057138743214924,-10.258303202042299,12,24
1,0.0,four_day,weak_skew,0.185546875,3.166070201368283,-10.258303202042299,12,24
2,0.0,daily,alt,0.0001999600079984003,-9.138596951408203,-8.208988643637966,24,24
2,0.0,daily,sharp,0.3119376124775045,-1.3915934810298236,-8.208988643637966,24,24
2,0.0,daily,weak,0.06418716256748651,-2.702866835507747,-8.208988643637966,24,24
2,0.0,daily,weak_skew,0.8446310737852429,0.582232095730487,-8.208988643637966,24,24
2,0.0,two_day,alt,0.010797840431913617,-6.199759678252078,-8.208988643637966,24,24
2,0.0,two_day,sharp,0.7318536292741452,0.42311132066393053,-8.208988643637966,24,24
2,0.0,two_day,weak,0.6588682263547291,0.9878058762465599,-8.208988643637966,24,24
2,0.0,two_day,weak_skew,0.5142971405718856,-1.2391099850475538,-8.208988643637966,24,24
2,0.0,four_day,alt,0.00537109375,-10.806647340933253,-8.208988643637966,12,24
2,0.0,four_day,sharp,0.2490234375,-2.4935973941449068,-8.208988643637966,12,24
2,0.0,four_day,weak,0.029296875,-7.5311106284654725,-8.208988643637966,12,24
2,0.0,four_day,weak_skew,0.6572265625,-1.4950947810758581,-8.208988643637966,12,24
3,0.0,daily,alt,0.7824435112977405,-2.0165874000318422,-6.067289335658877,24,24
3,0.0,daily,sharp,0.8354329134173165,0.3837510696074154,-6.067289335658877,24,24
3,0.0,daily,weak,0.7630473905218956,-0.6508480942468949,-6.067289335658877,24,24
3,0.0,daily,weak_skew,0.4967006598680264,1.2732690299244378,-6.067289335658877,24,24
3,0.0,two_day,alt,0.008998200359928014,-9.1788643029151,-6.067289335658877,24,24
3,0.0,two_day,sharp,0.4537092581483703,-1.9804583271556995,-6.067289335658877,24,24
3,0.0,two_day,weak,0.4217156568686263,-2.520717087988331,-6.067289335658877,24,24
3,0.0,two_day,weak_skew,0.8198360327934413,-0.9774342479010288,-6.067289335658877,24,24
3,0.0,four_day,alt,0.00830078125,-11.127077495068166,-6.067289335658877,12,24
3,0.0,four_day,sharp,0.64453125,-0.9740493126331083,-6.067289335658877,12,24
3,0.0,four_day,weak,0.68505859375,0.8656572761174152,-6.067289335658877,12,24
3,0.0,four_day,weak_skew,0.630859375,-1.563702678437154,-6.067289335658877,12,24
4,0.0,daily,alt,0.0001999600079984003,-9.843134078045118,-8.71144633030098,24,24
4,0.0,daily,sharp,0.9520095980803839,0.061656109006693605,-8.71144633030098,24,24
4,0.0,daily,weak,0.997000599880024,0.005727424536613827,-8.71144633030098,24,24
4,0.0,daily,weak_skew,0.39892021595680865,-1.3552374742362436,-8.71144633030098,24,24
4,0.0,two_day,alt,0.0009998000399920016,-11.84757230773659,-8.71144633030098,24,24
4,0.0,two_day,sharp,0.23895220955808838,-1.96522411147617,-8.71144633030098,24,24
4,0.0,two_day,weak,0.49250149970005996,-1.7148093527848773,-8.71144633030098,24,24
4,0.0,two_day,weak_skew,0.07918416316736653,-4.564339127445346,-8.71144633030098,24,24
4,0.0,four_day,alt,0.34423828125,-4.703236609567918,-8.71144633030098,12,24
4,0.0,four_day,sharp,0.31494140625,2.556216476479076,-8.71144633030098,12,24
4,0.0,four_day,weak,0.74951171875,1.2338642065657226,-8.71144633030098,12,24
4,0.0,four_day,weak_skew,0.953125,0.20313746780847156,-8.71144633030098,12,24
5,0.0,daily,alt,0.0001999600079984003,-8.71367402877661,-9.490524563052332,24,24
5,0.0,daily,sharp,0.4507098580283943,0.9727326586386363,-9.490524563052332,24,24
5,0.0,daily,weak,0.6354729054189162,0.8623317686207951,-9.490524563052332,24,24
5,0.0,daily,weak_skew,0.586882623475305,-0.9971972274013693,-9.490524563052332,24,24
5,0.0,two_day,alt,0.14097180563887224,-4.886735357250696,-9.490524563052332,24,24
5,0.0,two_day,sharp,0.08458308338332333,3.926902441873423,-9.490524563052332,24,24
5,0.0,two_day,weak,0.03559288142371526,5.6572021989910874,-9.490524563052332,24,24
5,0.0,two_day,weak_skew,0.4937012597480504,1.73479452465475,-9.490524563052332,24,24
5,0.0,four_day,alt,0.09033203125,-7.357563566122224,-9.490524563052332,12,24
5,0.0,four_day,sharp,0.77490234375,0.8569369607458572,-9.490524563052332,12,24
5,0.0,four_day,weak,0.92919921875,-0.2624216057109372,-9.490524563052332,12,24
5,0.0,four_day,weak_skew,0.3388671875,4.513196231481045,-9.490524563052332,12,24
6,0.0,daily,alt,0.0001999600079984003,-12.832370876978302,-10.105126030266575,24,24
6,0.0,daily,sharp,0.008998200359928014,-2.3872395114575027,-10.105126030266575,24,24
6,0.0,daily,weak,0.19616076784643072,-1.9666688443150588,-10.105126030266575,24,24
6,0.0,daily,weak_skew,0.01879624075184963,-3.749889069535504,-10.105126030266575,24,24
6,0.0,two_day,alt,0.002599480103979204,-8.733432906559973,-10.105126030266575,24,24
6,0.0,two_day,sharp,0.7386522695460908,0.5291669796462587,-10.105126030266575,24,24
6,0.0,two_day,weak,0.8968206358728255,-0.31159410496975326,-10.105126030266575,24,24
6,0.0,two_day,weak_skew,0.6380723855228955,-1.1532443044645102,-10.105126030266575,24,24
6,0.0,four_day,alt,0.00341796875,-10.387536879853378,-10.105126030266575,12,24
6,0.0,four_day,sharp,0.6875,-0.6642205145773369,-10.105126030266575,12,24
6,0.0,four_day,weak,0.2509765625,-2.955088199470586,-10.105126030266575,12,24
6,0.0,four_day,weak_skew,0.265625,3.5758305762338582,-10.105126030266575,12,24
7,0.0,daily,alt,0.01259748050389922,-6.8304672830476365,-8.064342178046132,24,24
7,0.0,daily,sharp,0.9428114377124575,0.08419368143860921,-8.064342178046132,24,24
7,0.0,daily,weak,0.6686662667466506,0.8875041355254275,-8.064342178046132,24,24
7,0.0,daily,weak_skew,0.09658068386322735,-2.169222447107652,-8.064342178046132,24,24
7,0.0,two_day,alt,0.0033993201359728054,-9.208519856759102,-8.064342178046132,24,24
7,0.0,two_day,sharp,0.9924015196960608,-0.01954792594706471,-8.064342178046132,24,24
7,0.0,two_day,weak,0.849630073985203,0.4831346054533017,-8.064342178046132,24,24
7,0.0,two_day,weak_skew,0.6202759448110378,-1.1956520738897674,-8.064342178046132,24,24
7,0.0,four_day,alt,0.44580078125,-2.33593834800886,-8.064342178046132,12,24
7,0.0,four_day,sharp,0.0849609375,3.6185890359949062,-8.064342178046132,12,24
7,0.0,four_day,weak,0.6748046875,1.3356519921215402,-8.064342178046132,12,24
7,0.0,four_day,weak_skew,0.47265625,1.3783405665962423,-8.064342178046132,12,24
8,0.0,daily,alt,0.0007998400319936012,-8.533810840409595,-9.299349352862237,24,24
8,0.0,daily,sharp,0.6372725454909018,0.771520624938702,-9.299349352862237,24,24
8,0.0,daily,weak,0.712257548490302,1.0660751780390865,-9.299349352862237,24,24
8,0.0,daily,weak_skew,0.7510497900419916,0.7196539750794333,-9.299349352862237,24,24
8,0.0,two_day,alt,0.03959208158368326,-6.373749040071629,-9.299349352862237,24,24
8,0.0,two_day,sharp,0.3077384523095381,2.464040422617485,-9.299349352862237,24,24
8,0.0,two_day,weak,0.1965606878624275,4.033530995612736,-9.299349352862237,24,24
8,0.0,two_day,weak_skew,0.5862827434513097,1.8002324679546715,-9.299349352862237,24,24
8,0.0,four_day,alt,0.00048828125,-11.212964065074692,-9.299349352862237,12,24
8,0.0,four_day,sharp,0.52587890625,-1.82036148894787,-9.299349352862237,12,24
8,0.0,four_day,weak,0.6552734375,-1.1409903256257803,-9.299349352862237,12,24
8,0.0,four_day,weak_skew,0.20068359375,-3.9223359053266296,-9.299349352862237,12,24
9,0.0,daily,alt,0.004599080183963208,-7.266015568996167,-8.266866757036794,24,24
9,0.0,daily,sharp,0.643871225754849,0.8801488454792071,-8.266866757036794,24,24
9,0.0,daily,weak,0.22675464907018597,2.9727762304861334,-8.266866757036794,24,24
9,0.0,daily,weak_skew,0.41031793641271747,2.003061112921781,-8.266866757036794,24,24
9,0.0,two_day,alt,0.10977804439112178,-5.8540973865040264,-8.266866757036794,24,24
9,0.0,two_day,sharp,0.5864827034593081,1.704055450991916,-8.266866757036794,24,24
9,0.0,two_day,weak,0.5688862227554489,2.3885918083588025,-8.266866757036794,24,24
9,0.0,two_day,weak_skew,0.7236552689462108,1.3367656730667485,-8.266866757036794,24,24
9,0.0,four_day,alt,0.0009765625,-13.547190353278745,-8.266866757036794,12,24
9,0.0,four_day,sharp,0.1025390625,-4.732757371416398,-8.266866757036794,12,24
9,0.0,four_day,weak,0.615234375,-1.820828970030916,-8.266866757036794,12,24
9,0.0,four_day,weak_skew,0.00244140625,-8.806262644962581,-8.266866757036794,12,24
10,0.0,daily,alt,0.0001999600079984003,-10.898184386861535,-9.272328447368231,24,24
10,0.0,daily,sharp,0.5536892621475705,-0.45606933790353715,-9.272328447368231,24,24
10,0.0,daily,weak,0.8072385522895421,-0.41548525884301224,-9.272328447368231,24,24
10,0.0,daily,weak_skew,0.00639872025594881,-3.0075018433593796,-9.272328447368231,24,24
10,0.0,two_day,alt,0.0001999600079984003,-7.765203035505557,-9.272328447368231,24,24
10,0.0,two_day,sharp,0.1191761647670466,1.8651834509571803,-9.272328447368231,24,24
10,0.0,two_day,weak,0.3709258148370326,2.0908364325622326,-9.272328447368231,24,24
10,0.0,two_day,weak_skew,0.29094181163767247,-1.7104682770983903,-9.272328447368231,24,24
10,0.0,four_day,alt,0.0498046875,-7.923812534441986,-9.272328447368231,12,24
10,0.0,four_day,sharp,0.72314453125,0.7026056877392494,-9.272328447368231,12,24
10,0.0,four_day,weak,0.51416015625,2.0883917889276287,-9.272328447368231,12,24
10,0.0,four_day,weak_skew,0.91650390625,0.34812123044141785,-9.272328447368231,12,24
11,0.0,daily,alt,0.009198160367926415,-8.088508952776857,-7.994903078128601,24,24
11,0.0,daily,sharp,0.8446310737852429,0.45707668332039414,-7.994903078128601,24,24
11,0.0,daily,weak,0.6732653469306139,1.0809145994013194,-7.994903078128601,24,24
11,0.0,daily,weak_skew,0.6192761447710458,1.3788439011511875,-7.994903078128601,24,24
11,0.0,two_day,alt,0.02299540091981604,-9.65293399100767,-7.994903078128601,24,24
11,0.0,two_day,sharp,0.7708458308338332,-1.1320714607666995,-7.994903078128601,24,24
11,0.0,two_day,weak,0.8944211157768446,0.6819780380371974,-7.994903078128601,24,24
11,0.0,two_day,weak_skew,0.45910817836432716,-2.913119853238976,-7.994903078128601,24,24
11,0.0,four_day,alt,0.01318359375,-12.341894053394649,-7.994903078128601,12,24
11,0.0,four_day,sharp,0.27392578125,-3.662519495437184,-7.994903078128601,12,24
11,0.0,four_day,weak,0.326171875,-3.8178014491190306,-7.994903078128601,12,24
11,0.0,four_day,weak_skew,0.42919921875,-4.42098028715188,-7.994903078128601,12,24
12,0.0,daily,alt,0.0001999600079984003,-11.40738246059496,-13.638987820532698,24,24
12,0.0,daily,sharp,0.1837632473505299,2.4808985282056066,-13.638987820532698,24,24
12,0.0,daily,weak,0.14757048590281943,3.5353028042948034,-13.638987820532698,24,24
12,0.0,daily,weak_skew,0.14097180563887224,3.169606884993533,-13.638987820532698,24,24
12,0.0,two_day,alt,0.0007998400319936012,-13.225908630489059,-13.638987820532698,24,24
12,0.0,two_day,sharp,0.16956608678264348,3.0930728512675016,-13.638987820532698,24,24
12,0.0,two_day,weak,0.6864627074585083,1.3741440917313181,-13.638987820532698,24,24
12,0.0,two_day,weak_skew,0.3705258948210358,2.6112643500370494,-13.638987820532698,24,24
12,0.0,four_day,alt,0.10595703125,-11.085396468157299,-13.638987820532698,12,24
12,0.0,four_day,sharp,0.99462890625,-0.06819581842803994,-13.638987820532698,12,24
12,0.0,four_day,weak,0.9892578125,0.09332425745840862,-13.638987820532698,12,24
12,0.0,four_day,weak_skew,0.93896484375,0.3947681497099526,-13.638987820532698,12,24
13,0.0,daily,alt,0.0007998400319936012,-12.93998957137652,-7.431615356628782,24,24
13,0.0,daily,sharp,0.2531493701259748,-3.8216402380902466,-7.431615356628782,24,24
13,0.0,daily,weak,0.1329734053189362,-4.53771744354827,-7.431615356628782,24,24
13,0.0,daily,weak_skew,0.47270545890821836,-2.5710122948749996,-7.431615356628782,24,24
13,0.0,two_day,alt,0.276744651069786,-4.24459117755879,-7.431615356628782,24,24
13,0.0,two_day,sharp,0.34933013397320534,2.621006610466967,-7.431615356628782,24,24
13,0.0,two_day,weak,0.9948010397920416,-0.02100538024235643,-7.431615356628782,24,24
13,0.0,two_day,weak_skew,0.4869026194761048,2.1381974899308203,-7.431615356628782,24,24
13,0.0,four_day,alt,0.861328125,0.9388679673721292,-7.431615356628782,12,24
13,0.0,four_day,sharp,0.0458984375,6.143756315882556,-7.431615356628782,12,24
13,0.0,four_day,weak,0.33740234375,4.30600536128895,-7.431615356628782,12,24
13,0.0,four_day,weak_skew,0.12451171875,5.856011028082072,-7.431615356628782,12,24
14,0.0,daily,alt,0.0003999200159968006,-9.083797458856953,-8.227353232680677,24,24
14,0.0,daily,sharp,0.714257148570286,-0.7856477882298533,-8.227353232680677,24,24
14,0.0,daily,weak,0.7262547490501899,-0.8132285731916253,-8.227353232680677,24,24
14,0.0,daily,weak_skew,0.7860427914417116,-0.7490460529988073,-8.227353232680677,24,24
14,0.0,two_day,alt,0.002599480103979204,-8.190140973223798,-8.227353232680677,24,24
14,0.0,two_day,sharp,0.8242351529694061,0.4078865909343469,-8.227353232680677,24,24
14,0.0,two_day,weak,0.8314337132573485,-0.46820790134509266,-8.227353232680677,24,24
14,0.0,two_day,weak_skew,0.5172965406918616,-1.362479690509619,-8.227353232680677,24,24
14,0.0,four_day,alt,0.0380859375,-6.475390927738043,-8.227353232680677,12,24
14,0.0,four_day,sharp,0.4853515625,1.8488547671245872,-8.227353232680677,12,24
14,0.0,four_day,weak,0.27490234375,2.492365520692165,-8.227353232680677,12,24
14,0.0,four_day,weak_skew,0.93408203125,0.18022542797956,-8.227353232680677,12,24
15,0.0,daily,alt,0.005398920215956809,-7.56225529198685,-8.171595453846436,24,24
15,0.0,daily,sharp,0.7944411117776444,-0.5554687471998339,-8.171595453846436,24,24
15,0.0,daily,weak,0.5556888622275545,-1.3155624050078096,-8.171595453846436,24,24
15,0.0,daily,weak_skew,0.9858028394321136,0.05331343504715432,-8.171595453846436,24,24
15,0.0,two_day,alt,0.010797840431913617,-8.875613146429895,-8.171595453846436,24,24
15,0.0,two_day,sharp,0.6410717856428714,-1.1695180766058026,-8.171595453846436,24,24
15,0.0,two_day,weak,0.5896820635872826,-1.765383898022689,-8.171595453846436,24,24
15,0.0,two_day,weak_skew,0.376124775044991,-2.3451694845646522,-8.171595453846436,24,24
15,0.0,four_day,alt,0.23095703125,-4.104617206811167,-8.171595453846436,12,24
15,0.0,four_day,sharp,0.587890625,1.2754298069369085,-8.171595453846436,12,24
15,0.0,four_day,weak,0.365234375,3.471967918179758,-8.171595453846436,12,24
15,0.0,four_day,weak_skew,0.41357421875,3.2849491612444894,-8.171595453846436,12,24
16,0.0,daily,alt,0.0001999600079984003,-9.485512171313188,-9.789099841072122,24,24
16,0.0,daily,sharp,0.9784043191361728,0.034736221808625345,-9.789099841072122,24,24
16,0.0,daily,weak,0.8730253949210158,-0.2893085990060837,-9.789099841072122,24,24
16,0.0,daily,weak_skew,0.5750849830033993,1.327013230666539,-9.789099841072122,24,24
16,0.0,two_day,alt,0.0001999600079984003,-12.916456654649894,-9.789099841072122,24,24
16,0.0,two_day,sharp,0.11037792441511697,-2.2588371466306305,-9.789099841072122,24,24
16,0.0,two_day,weak,0.3073385322935413,-2.649093617769905,-9.789099841072122,24,24
16,0.0,two_day,weak_skew,0.00639872025594881,-4.953044332058621,-9.789099841072122,24,24
16,0.0,four_day,alt,0.0009765625,-11.209365900620433,-9.789099841072122,12,24
16,0.0,four_day,sharp,0.4443359375,-1.169480931964003,-9.789099841072122,12,24
16,0.0,four_day,weak,0.69384765625,0.8998739859670231,-9.789099841072122,12,24
16,0.0,four_day,weak_skew,0.212890625,-3.34471989132107,-9.789099841072122,12,24
17,0.0,daily,alt,0.33553289342131576,-3.231994507431219,-4.810520611733722,24,24
17,0.0,daily,sharp,0.8326334733053389,-0.465251059939245,-4.810520611733722,24,24
17,0.0,daily,weak,0.8270345930813837,0.5208067633678333,-4.810520611733722,24,24
17,0.0,daily,weak_skew,0.277744451109778,-2.305997281233701,-4.810520611733722,24,24
17,0.0,two_day,alt,0.17176564687062587,-4.159526745077015,-4.810520611733722,24,24
17,0.0,two_day,sharp,0.7714457108578284,0.7711466037768652,-4.810520611733722,24,24
17,0.0,two_day,weak,0.6214757048590281,1.7809355370244717,-4.810520611733722,24,24
17,0.0,two_day,weak_skew,0.4071185762847431,-2.2143662792308567,-4.810520611733722,24,24
17,0.0,four_day,alt,0.046875,-8.628717086489637,-4.810520611733722,12,24
17,0.0,four_day,sharp,0.314453125,-3.194383592820685,-4.810520611733722,12,24
17,0.0,four_day,weak,0.59228515625,-2.4696499198600734,-4.810520611733722,12,24
17,0.0,four_day,weak_skew,0.54150390625,-2.2347299139333927,-4.810520611733722,12,24
18,0.0,daily,alt,0.0013997200559888023,-9.779345477588627,-7.450176986310154,24,24
18,0.0,daily,sharp,0.47170565886822635,-1.1032011490827545,-7.450176986310154,24,24
18,0.0,daily,weak,0.3925214957008598,-1.8017102500652973,-7.450176986310154,24,24
18,0.0,daily,weak_skew,0.6038792241551689,-0.9516152770182659,-7.450176986310154,24,24
18,0.0,two_day,alt,0.1191761647670466,-5.035432491934,-7.450176986310154,24,24
18,0.0,two_day,sharp,0.3679264147170566,1.5086664096207862,-7.450176986310154,24,24
18,0.0,two_day,weak,0.5470905818836233,-1.575976375808188,-7.450176986310154,24,24
18,0.0,two_day,weak_skew,0.09918016396720655,4.18042692865268,-7.450176986310154,24,24
18,0.0,four_day,alt,0.013671875,-10.373363907492623,-7.450176986310154,12,24
18,0.0,four_day,sharp,0.3623046875,-2.153559631623148,-7.450176986310154,12,24
18,0.0,four_day,weak,0.1787109375,-4.819771669694788,-7.450176986310154,12,24
18,0.0,four_day,weak_skew,0.138671875,-4.974140510325417,-7.450176986310154,12,24
19,0.0,daily,alt,0.0001999600079984003,-9.427551557801449,-9.767290075436506,24,24
19,0.0,daily,sharp,0.8058388322335532,0.22172292532488047,-9.767290075436506,24,24
19,0.0,daily,weak,0.9512097580483904,0.09822294601786385,-9.767290075436506,24,24
19,0.0,daily,weak_skew,0.39492101579684064,1.360331500158422,-9.767290075436506,24,24
19,0.0,two_day,alt,0.0003999200159968006,-12.535935741118044,-9.767290075436506,24,24
19,0.0,two_day,sharp,0.4861027794441112,-0.8700939724032327,-9.767290075436506,24,24
19,0.0,two_day,weak,0.7742451509698061,-0.6200374818365297,-9.767290075436506,24,24
19,0.0,two_day,weak_skew,0.9656068786242752,-0.10116078182325576,-9.767290075436506,24,24
19,0.0,four_day,alt,0.01220703125,-7.6979670691550846,-9.767290075436506,12,24
19,0.0,four_day,sharp,0.42529296875,1.1482031016005312,-9.767290075436506,12,24
19,0.0,four_day,weak,0.0595703125,6.870437347067509,-9.767290075436506,12,24
19,0.0,four_day,weak_skew,0.6494140625,1.8741545282929557,-9.767290075436506,12,24
20,0.0,daily,alt,0.0027994401119776045,-8.387838053077111,-10.521367302305514,24,24
20,0.0,daily,sharp,0.09758048390321936,3.0352778966011518,-10.521367302305514,24,24
20,0.0,daily,weak,0.11777644471105779,3.090208120561247,-10.521367302305514,24,24
20,0.0,daily,weak_skew,0.486502699460108,2.6101794601134825,-10.521367302305514,24,24
20,0.0,two_day,alt,0.060787842431513694,-8.103899429523574,-10.521367302305514,24,24
20,0.0,two_day,sharp,0.2421515696860628,-3.099282524420572,-10.521367302305514,24,24
20,0.0,two_day,weak,0.07598480303939212,-5.620635394558889,-10.521367302305514,24,24
20,0.0,two_day,weak_skew,0.41251749650069985,-2.555154361206968,-10.521367302305514,24,24
20,0.0,four_day,alt,0.06689453125,-8.967568076246495,-10.521367302305514,12,24
20,0.0,four_day,sharp,0.603515625,-1.3810232868330246,-10.521367302305514,12,24
20,0.0,four_day,weak,0.76806640625,-1.1650297444367634,-10.521367302305514,12,24
20,0.0,four_day,weak_skew,0.5390625,-2.6394266079783097,-10.521367302305514,12,24
21,0.0,daily,alt,0.0001999600079984003,-10.119829717170125,-9.479426775450975,24,24
21,0.0,daily,sharp,0.4877024595080984,-0.7916872193274372,-9.479426775450975,24,24
21,0.0,daily,weak,0.2529494101179764,-1.945565568595191,-9.479426775450975,24,24
21,0.0,daily,weak_skew,0.1887622475504899,-2.1735737559263457,-9.479426775450975,24,24
21,0.0,two_day,alt,0.20755848830233953,-3.9281692575052,-9.479426775450975,24,24
21,0.0,two_day,sharp,0.14937012597480503,2.8377637841333527,-9.479426775450975,24,24
21,0.0,two_day,weak,0.07898420315936813,5.174627347362287,-9.479426775450975,24,24
21,0.0,two_day,weak_skew,0.34493101379724056,4.398438739514616,-9.479426775450975,24,24
21,0.0,four_day,alt,0.005859375,-11.89115076954383,-9.479426775450975,12,24
21,0.0,four_day,sharp,0.5087890625,-1.6378826006198317,-9.479426775450975,12,24
21,0.0,four_day,weak,0.7314453125,-0.8329997031852562,-9.479426775450975,12,24
21,0.0,four_day,weak_skew,0.24853515625,-3.8906667848944942,-9.479426775450975,12,24
22,0.0,daily,alt,0.0001999600079984003,-8.624222697399963,-7.630350738800516,24,24
22,0.0,daily,sharp,0.3929214157168566,-0.9899760030333038,-7.630350738800516,24,24
22,0.0,daily,weak,0.9402119576084783,-0.1311678216411334,-7.630350738800516,24,24
22,0.0,daily,weak_skew,0.4123175364927015,-1.1876409169665385,-7.630350738800516,24,24
22,0.0,two_day,alt,0.0061987602479504095,-9.18638748905307,-7.630350738800516,24,24
22,0.0,two_day,sharp,0.14577084583083383,-2.4842773813820127,-7.630350738800516,24,24
22,0.0,two_day,weak,0.5432913417316537,-1.2565515755949053,-7.630350738800516,24,24
22,0.0,two_day,weak_skew,0.8634273145370925,-0.5179911153842452,-7.630350738800516,24,24
22,0.0,four_day,alt,0.01611328125,-10.5447609606676,-7.630350738800516,12,24
22,0.0,four_day,sharp,0.57763671875,-1.8067418817228365,-7.630350738800516,12,24
22,0.0,four_day,weak,0.12744140625,-6.277277924130291,-7.630350738800516,12,24
22,0.0,four_day,weak_skew,0.57666015625,-2.9464268742730177,-7.630350738800516,12,24
23,0.0,daily,alt,0.003199360127974405,-8.248871428909078,-8.763497706785145,24,24
23,0.0,daily,sharp,0.967006598680264,0.08412657495303695,-8.763497706785145,24,24
23,0.0,daily,weak,0.6872625474905019,-0.9836048705412566,-8.763497706785145,24,24
23,0.0,daily,weak_skew,0.971005798840232,-0.09273546731933931,-8.763497706785145,24,24
23,0.0,two_day,alt,0.5020995800839833,-2.4200532939655903,-8.763497706785145,24,24
23,0.0,two_day,sharp,0.052389522095580884,5.339355483226242,-8.763497706785145,24,24
23,0.0,two_day,weak,0.02959408118376325,8.145725170309703,-8.763497706785145,24,24
23,0.0,two_day,weak_skew,0.23295340931813638,3.8287718826485686,-8.763497706785145,24,24
23,0.0,four_day,alt,0.0029296875,-19.723920324866693,-8.763497706785145,12,24
23,0.0,four_day,sharp,0.03515625,-9.736942973201351,-8.763497706785145,12,24
23,0.0,four_day,weak,0.06640625,-8.55652384251605,-8.763497706785145,12,24
23,0.0,four_day,weak_skew,0.8447265625,-1.2970871612983519,-8.763497706785145,12,24
24,0.0,daily,alt,0.0001999600079984003,-10.780440154503248,-7.703288010000726,24,24
24,0.0,daily,sharp,0.29774045190961806,-1.6745765687660945,-7.703288010000726,24,24
24,0.0,daily,weak,0.5616876624675065,-1.4091951175407125,-7.703288010000726,24,24
24,0.0,daily,weak_skew,0.9218156368726255,-0.24795447705728316,-7.703288010000726,24,24
24,0.0,two_day,alt,0.05538892221555689,-4.42104514743712,-7.703288010000726,24,24
24,0.0,two_day,sharp,0.05718856228754249,3.316788141398103,-7.703288010000726,24,24
24,0.0,two_day,weak,0.5862827434513097,1.2668372117104643,-7.703288010000726,24,24
24,0.0,two_day,weak_skew,0.5574885022995401,1.2461120116859845,-7.703288010000726,24,24
24,0.0,four_day,alt,0.00439453125,-8.668186869652262,-7.703288010000726,12,24
24,0.0,four_day,sharp,0.671875,0.6931430845133306,-7.703288010000726,12,24
24,0.0,four_day,weak,0.76611328125,0.8683573148151602,-7.703288010000726,12,24
24,0.0,four_day,weak_skew,0.35595703125,-2.3845909089386645,-7.703288010000726,12,24
25,0.0,daily,alt,0.03139372125574885,-6.993004261934192,-6.7920923993751074,24,24
25,0.0,daily,sharp,0.2927414517096581,-2.392835901809488,-6.7920923993751074,24,24
25,0.0,daily,weak,0.7264547090581883,-0.8210517387532125,-6.7920923993751074,24,24
25,0.0,daily,weak_skew,0.1279744051189762,-3.2788370476735924,-6.7920923993751074,24,24
25,0.0,two_day,alt,0.07358528294341132,-6.940735624414505,-6.7920923993751074,24,24
25,0.0,two_day,sharp,0.8824235152969406,0.4212816620692343,-6.7920923993751074,24,24
25,0.0,two_day,weak,0.6702659468106379,1.4954617548791889,-6.7920923993751074,24,24
25,0.0,two_day,weak_skew,0.6700659868026395,1.5341781094050633,-6.7920923993751074,24,24
25,0.0,four_day,alt,0.005859375,-10.469545250734102,-6.7920923993751074,12,24
25,0.0,four_day,sharp,0.849609375,-0.37751739892088665,-6.7920923993751074,12,24
25,0.0,four_day,weak,0.56591796875,2.0766777759120987,-6.7920923993751074,12,24
25,0.0,four_day,weak_skew,0.10498046875,-3.6187641360232674,-6.7920923993751074,12,24
26,0.0,daily,alt,0.0005998800239952009,-9.596724045498462,-9.404925248783599,24,24
26,0.0,daily,sharp,0.4803039392121576,-1.2512934791812924,-9.404925248783599,24,24
26,0.0,daily,weak,0.20495900819836033,-2.942815851200262,-9.404925248783599,24,24
26,0.0,daily,weak_skew,0.16336732653469307,-2.790108042104237,-9.404925248783599,24,24
26,0.0,two_day,alt,0.005398920215956809,-8.255884544076158,-9.404925248783599,24,24
26,0.0,two_day,sharp,0.6616676664667066,0.9610697908036597,-9.404925248783599,24,24
26,0.0,two_day,weak,0.9416116776644671,0.21231086046150546,-9.404925248783599,24,24
26,0.0,two_day,weak_skew,0.9654069186162767,-0.11925363539944882,-9.404925248783599,24,24
26,0.0,four_day,alt,0.0068359375,-12.183594969129762,-9.404925248783599,12,24
26,0.0,four_day,sharp,0.333984375,-2.8704355077498582,-9.404925248783599,12,24
26,0.0,four_day,weak,0.4287109375,2.5802051257693357,-9.404925248783599,12,24
26,0.0,four_day,weak_skew,0.65576171875,1.7880898856923715,-9.404925248783599,12,24
27,0.0,daily,alt,0.0001999600079984003,-7.339626891689449,-8.305396681899012,24,24
27,0.0,daily,sharp,0.6410717856428714,0.5058793502176592,-8.305396681899012,24,24
27,0.0,daily,weak,0.9814037192561488,0.04438718239698739,-8.305396681899012,24,24
27,0.0,daily,weak_skew,0.7266546690661868,-0.578780882975941,-8.305396681899012,24,24
27,0.0,two_day,alt,0.0015996800639872025,-8.076755493452731,-8.305396681899012,24,24
27,0.0,two_day,sharp,0.7686462707458508,0.42517867223951517,-8.305396681899012,24,24
27,0.0,two_day,weak,0.4261147770445911,-2.205559771168391,-8.305396681899012,24,24
27,0.0,two_day,weak_skew,0.5340931813637273,-1.2504620931685813,-8.305396681899012,24,24
27,0.0,four_day,alt,0.0029296875,-9.749857348235588,-8.305396681899012,12,24
27,0.0,four_day,sharp,0.85400390625,-0.4030997118907731,-8.305396681899012,12,24
27,0.0,four_day,weak,0.8916015625,0.45186184062456,-8.305396681899012,12,24
27,0.0,four_day,weak_skew,0.73291015625,-1.4963566323465898,-8.305396681899012,12,24
28,0.0,daily,alt,0.0001999600079984003,-9.343378932317572,-9.38470653563715,24,24
28,0.0,daily,sharp,0.48410317936412717,-0.6370597625916649,-9.38470653563715,24,24
28,0.0,daily,weak,0.9858028394321136,-0.03145218118565355,-9.38470653563715,24,24
28,0.0,daily,weak_skew,0.22595480903819237,-1.661060876391707,-9.38470653563715,24,24
28,0.0,two_day,alt,0.0001999600079984003,-11.382303289814038,-9.38470653563715,24,24
28,0.0,two_day,sharp,0.44931013797240554,-1.1910284534778295,-9.38470653563715,24,24
28,0.0,two_day,weak,0.04079184163167367,-5.323051963906864,-9.38470653563715,24,24
28,0.0,two_day,weak_skew,0.382123575284943,-1.8244921840864559,-9.38470653563715,24,24
28,0.0,four_day,alt,0.083984375,-7.0870345586243495,-9.38470653563715,12,24
28,0.0,four_day,sharp,0.6455078125,1.2265649755835384,-9.38470653563715,12,24
28,0.0,four_day,weak,0.05078125,5.529245115721899,-9.38470653563715,12,24
28,0.0,four_day,weak_skew,0.81005859375,0.9396625070581663,-9.38470653563715,12,24
29,0.0,daily,alt,0.5312937412517497,-1.8482378438665445,-2.3516230056386576,24,24
29,0.0,daily,sharp,0.8402319536092782,-0.40883225928268746,-2.3516230056386576,24,24
29,0.0,daily,weak,0.6960607878424315,-0.9782728278831261,-2.3516230056386576,24,24
29,0.0,daily,weak_skew,0.9350129974005199,0.16485056510921345,-2.3516230056386576,24,24
29,0.0,two_day,alt,0.7370525894821036,-1.10812268316628,-2.3516230056386576,24,24
29,0.0,two_day,sharp,0.6524695060987803,1.204027463097316,-2.3516230056386576,24,24
29,0.0,two_day,weak,0.8004399120175965,0.8355312646738892,-2.3516230056386576,24,24
29,0.0,two_day,weak_skew,0.5340931813637273,2.7444932901744594,-2.3516230056386576,24,24
29,0.0,four_day,alt,0.95751953125,-0.24656580230388533,-2.3516230056386576,12,24
29,0.0,four_day,sharp,0.58349609375,2.1243786033521133,-2.3516230056386576,12,24
29,0.0,four_day,weak,0.86669921875,0.6284235920675005,-2.3516230056386576,12,24
29,0.0,four_day,weak_skew,0.65234375,2.391555320055488,-2.3516230056386576,12,24
30,0.0,daily,alt,0.0001999600079984003,-13.850893894275066,-11.4630958765987,24,24
30,0.0,daily,sharp,0.592881423715257,-1.2057884448144653,-11.4630958765987,24,24
30,0.0,daily,weak,0.9438112377524495,-0.15567759989923058,-11.4630958765987,24,24
30,0.0,daily,weak_skew,0.46190761847630474,-2.087768688988915,-11.4630958765987,24,24
30,0.0,two_day,alt,0.0001999600079984003,-12.719494248510324,-11.4630958765987,24,24
30,0.0,two_day,sharp,0.7434513097380524,1.0153006949677703,-11.4630958765987,24,24
30,0.0,two_day,weak,0.50749850029994,-2.3342995176543204,-11.4630958765987,24,24
30,0.0,two_day,weak_skew,0.5300939812037593,2.2444305782521243,-11.4630958765987,24,24
30,0.0,four_day,alt,0.22509765625,-7.363769415600337,-11.4630958765987,12,24
30,0.0,four_day,sharp,0.953125,0.2365623264259309,-11.4630958765987,12,24
30,0.0,four_day,weak,0.1953125,-4.7435051666814445,-11.4630958765987,12,24
30,0.0,four_day,weak_skew,0.58203125,2.036822898401257,-11.4630958765987,12,24
31,0.0,daily,alt,0.0001999600079984003,-7.7333297938169885,-6.9363051137864815,24,24
31,0.0,daily,sharp,0.9596080783843232,0.06163066675186979,-6.9363051137864815,24,24
31,0.0,daily,weak,0.8734253149370126,0.3179138260681131,-6.9363051137864815,24,24
31,0.0,daily,weak_skew,0.22835432913417317,2.752405448899149,-6.9363051137864815,24,24
31,0.0,two_day,alt,0.015796840631873626,-8.465491690856108,-6.9363051137864815,24,24
31,0.0,two_day,sharp,0.020595880823835233,-3.783900982749054,-6.9363051137864815,24,24
31,0.0,two_day,weak,0.023595280943811237,-4.905138192646727,-6.9363051137864815,24,24
31,0.0,two_day,weak_skew,0.10317936412717456,-3.695012793171994,-6.9363051137864815,24,24
31,0.0,four_day,alt,0.01708984375,-8.793320508599,-6.9363051137864815,12,24
31,0.0,four_day,sharp,0.50048828125,1.5126015676345865,-6.9363051137864815,12,24
31,0.0,four_day,weak,0.115234375,5.194774981091517,-6.9363051137864815,12,24
31,0.0,four_day,weak_skew,0.39404296875,2.510190166279996,-6.9363051137864815,12,24
32,0.0,daily,alt,0.0005998800239952009,-8.30750653148757,-8.490741447692727,24,24
32,0.0,daily,sharp,0.7230553889222155,-0.4834927585371214,-8.490741447692727,24,24
32,0.0,daily,weak,0.8564287142571486,-0.3526010233646355,-8.490741447692727,24,24
32,0.0,daily,weak_skew,0.6172765446910617,-0.9149987030146178,-8.490741447692727,24,24
32,0.0,two_day,alt,0.0003999200159968006,-8.70614741994468,-8.490741447692727,24,24
32,0.0,two_day,sharp,0.9416116776644671,0.13835260920180334,-8.490741447692727,24,24
32,0.0,two_day,weak,0.8778244351129774,-0.4681677833460123,-8.490741447692727,24,24
32,0.0,two_day,weak_skew,0.73125374925015,0.6228522666034625,-8.490741447692727,24,24
32,0.0,four_day,alt,0.00146484375,-10.587169689388029,-8.490741447692727,12,24
32,0.0,four_day,sharp,0.63720703125,-0.9110439496222824,-8.490741447692727,12,24
32,0.0,four_day,weak,0.94287109375,-0.204593838406146,-8.490741447692727,12,24
32,0.0,four_day,weak_skew,0.72802734375,1.211581321403931,-8.490741447692727,12,24
33,0.0,daily,alt,0.0009998000399920016,-7.61482156004057,-8.620130334665411,24,24
33,0.0,daily,sharp,0.17976404719056188,1.9266404033343232,-8.620130334665411,24,24
33,0.0,daily,weak,0.11437712457508498,3.271787590828321,-8.620130334665411,24,24
33,0.0,daily,weak_skew,0.5136972605478904,1.3519366992568906,-8.620130334665411,24,24
33,0.0,two_day,alt,0.0007998400319936012,-10.896753802082737,-8.620130334665411,24,24
33,0.0,two_day,sharp,0.3525294941011798,-2.095499701616928,-8.620130334665411,24,24
33,0.0,two_day,weak,0.614877024595081,-1.24825474259174,-8.620130334665411,24,24
33,0.0,two_day,weak_skew,0.23195360927814437,-3.30437642872923,-8.620130334665411,24,24
33,0.0,four_day,alt,0.203125,-4.574461322714549,-8.620130334665411,12,24
33,0.0,four_day,sharp,0.498046875,1.9223555972761766,-8.620130334665411,12,24
33,0.0,four_day,weak,0.73681640625,1.006902610156758,-8.620130334665411,12,24
33,0.0,four_day,weak_skew,0.95751953125,0.24938962919667418,-8.620130334665411,12,24
34,0.0,daily,alt,0.0001999600079984003,-11.112030343922783,-10.648487946625714,24,24
34,0.0,daily,sharp,0.25154969006198763,-1.099295637537425,-10.648487946625714,24,24
34,0.0,daily,weak,0.03279344131173765,-3.4869064060680315,-10.648487946625714,24,24
34,0.0,daily,weak_skew,0.06978604279144171,-2.301594660970224,-10.648487946625714,24,24
34,0.0,two_day,alt,0.0001999600079984003,-13.585826398959169,-10.648487946625714,24,24
34,0.0,two_day,sharp,0.5392921415716857,-1.0103639574771368,-10.648487946625714,24,24
34,0.0,two_day,weak,0.7888422315536893,-0.7413010210090301,-10.648487946625714,24,24
34,0.0,two_day,weak_skew,0.25774845030993804,-2.9083144439924298,-10.648487946625714,24,24
34,0.0,four_day,alt,0.01318359375,-8.53227527041545,-10.648487946625714,12,24
34,0.0,four_day,sharp,0.12841796875,1.632121624751079,-10.648487946625714,12,24
34,0.0,four_day,weak,0.16552734375,3.3021165832853314,-10.648487946625714,12,24
34,0.0,four_day,weak_skew,0.3251953125,2.88915917419058,-10.648487946625714,12,24
35,0.0,daily,alt,0.014597080583883223,-7.083620673719075,-9.759164801001589,24,24
35,0.0,daily,sharp,0.39392121575684863,1.5862939812524461,-9.759164801001589,24,24
35,0.0,daily,weak,0.2403519296140772,2.475164409000896,-9.759164801001589,24,24
35,0.0,daily,weak_skew,0.5678864227154569,1.083531259267713,-9.759164801001589,24,24
35,0.0,two_day,alt,0.0023995200959808036,-8.891343854770247,-9.759164801001589,24,24
35,0.0,two_day,sharp,0.7178564287142571,1.1358746279062941,-9.759164801001589,24,24
35,0.0,two_day,weak,0.8056388722255549,0.9339416015386055,-9.759164801001589,24,24
35,0.0,two_day,weak_skew,0.7008598280343932,-1.2205785302850385,-9.759164801001589,24,24
35,0.0,four_day,alt,0.09033203125,-5.662239279809913,-9.759164801001589,12,24
35,0.0,four_day,sharp,0.0732421875,4.537920612177948,-9.759164801001589,12,24
35,0.0,four_day,weak,0.525390625,2.2793409036237353,-9.759164801001589,12,24
35,0.0,four_day,weak_skew,0.8837890625,-0.4107063106044991,-9.759164801001589,12,24
36,0.0,daily,alt,0.005598880223955209,-8.622360885346291,-9.614603379706907,24,24
36,0.0,daily,sharp,0.6944611077784443,0.4273855371076986,-9.614603379706907,24,24
36,0.0,daily,weak,0.42451509698060386,-1.3745065870206057,-9.614603379706907,24,24
36,0.0,daily,weak_skew,0.9912017596480703,-0.018919571723145328,-9.614603379706907,24,24
36,0.0,two_day,alt,0.0021995600879824036,-9.327567499225584,-9.614603379706907,24,24
36,0.0,two_day,sharp,0.6264747050589882,0.8591778783132037,-9.614603379706907,24,24
36,0.0,two_day,weak,0.9314137172565486,0.22004100714991134,-9.614603379706907,24,24
36,0.0,two_day,weak_skew,0.624875024995001,1.1283897098481093,-9.614603379706907,24,24
36,0.0,four_day,alt,0.0009765625,-13.055738851898525,-9.614603379706907,12,24
36,0.0,four_day,sharp,0.26220703125,-2.5961510485470485,-9.614603379706907,12,24
36,0.0,four_day,weak,0.3720703125,2.580658285756678,-9.614603379706907,12,24
36,0.0,four_day,weak_skew,0.2236328125,-3.3712747534559426,-9.614603379706907,12,24
37,0.0,daily,alt,0.0001999600079984003,-11.576031119239445,-9.54248094827662,24,24
37,0.0,daily,sharp,0.7374525094981004,-0.37712903410665505,-9.54248094827662,24,24
37,0.0,daily,weak,0.5448910217956409,1.0132928722913623,-9.54248094827662,24,24
37,0.0,daily,weak_skew,0.9562087582483503,-0.10448206180353974,-9.54248094827662,24,24
37,0.0,two_day,alt,0.3909218156368726,-4.044871792456046,-9.54248094827662,24,24
37,0.0,two_day,sharp,0.7134573085382924,0.923783976055045,-9.54248094827662,24,24
37,0.0,two_day,weak,0.9784043191361728,-0.13873264789927506,-9.54248094827662,24,24
37,0.0,two_day,weak_skew,0.4505098980203959,2.5148478910510663,-9.54248094827662,24,24
37,0.0,four_day,alt,0.00244140625,-13.348187645046094,-9.54248094827662,12,24
37,0.0,four_day,sharp,0.13330078125,-3.628377382887321,-9.54248094827662,12,24
37,0.0,four_day,weak,0.076171875,-6.240774630496738,-9.54248094827662,12,24
37,0.0,four_day,weak_skew,0.060546875,-5.9030144902396815,-9.54248094827662,12,24
38,0.0,daily,alt,0.022395520895820836,-3.5500095885022778,-6.397708123626877,24,24
38,0.0,daily,sharp,0.052589482103579284,1.978222395635888,-6.397708123626877,24,24
38,0.0,daily,weak,0.11577684463107378,2.724118176341389,-6.397708123626877,24,24
38,0.0,daily,weak_skew,0.04339132173565287,2.9644257335351796,-6.397708123626877,24,24
38,0.0,two_day,alt,0.08158368326334733,-4.365208498195249,-6.397708123626877,24,24
38,0.0,two_day,sharp,0.7242551489702059,0.593331840117607,-6.397708123626877,24,24
38,0.0,two_day,weak,0.6144771045790842,1.062824698483304,-6.397708123626877,24,24
38,0.0,two_day,weak_skew,0.36012797440511896,2.9770147177729727,-6.397708123626877,24,24
38,0.0,four_day,alt,0.2568359375,-2.9471917087428974,-6.397708123626877,12,24
38,0.0,four_day,sharp,0.08447265625,2.8920249239604368,-6.397708123626877,12,24
38,0.0,four_day,weak,0.794921875,-0.7746473818467171,-6.397708123626877,12,24
38,0.0,four_day,weak_skew,0.0791015625,3.944298272677154,-6.397708123626877,12,24
39,0.0,daily,alt,0.0001999600079984003,-9.821502246992866,-8.263578138681467,24,24
39,0.0,daily,sharp,0.20815836832633472,-1.0174117153232551,-8.263578138681467,24,24
39,0.0,daily,weak,0.9284143171365726,0.14105432359659797,-8.263578138681467,24,24
39,0.0,daily,weak_skew,0.15296940611877624,-1.8038537264473644,-8.263578138681467,24,24
39,0.0,two_day,alt,0.0013997200559888023,-10.05037908785169,-8.263578138681467,24,24
39,0.0,two_day,sharp,0.8106378724255149,-0.5296064811530364,-8.263578138681467,24,24
39,0.0,two_day,weak,0.5176964607078585,-1.6748399398402416,-8.263578138681467,24,24
39,0.0,two_day,weak_skew,0.40311937612477505,-2.5249790469678173,-8.263578138681467,24,24
39,0.0,four_day,alt,0.00146484375,-10.231600311361499,-8.263578138681467,12,24
39,0.0,four_day,sharp,0.259765625,-2.9344036844964747,-8.263578138681467,12,24
39,0.0,four_day,weak,0.79345703125,-0.8435431745625769,-8.263578138681467,12,24
39,0.0,four_day,weak_skew,0.04541015625,-6.586105787298197,-8.263578138681467,12,24
40,0.0,daily,alt,0.0001999600079984003,-10.246307345786006,-8.209661216669552,24,24
40,0.0,daily,sharp,0.1801639672065587,-2.252908138392483,-8.209661216669552,24,24
40,0.0,daily,weak,0.3077384523095381,-2.3445991722205064,-8.209661216669552,24,24
40,0.0,daily,weak_skew,0.07738452309538092,-2.796082124722377,-8.209661216669552,24,24
40,0.0,two_day,alt,0.0021995600879824036,-11.745906398876569,-8.209661216669552,24,24
40,0.0,two_day,sharp,0.17376524695060988,-3.535035365162384,-8.209661216669552,24,24
40,0.0,two_day,weak,0.03099380123975205,-6.56146199106599,-8.209661216669552,24,24
40,0.0,two_day,weak_skew,0.8490301939612077,0.7597644305512455,-8.209661216669552,24,24
40,0.0,four_day,alt,0.52099609375,-3.0518515321468587,-8.209661216669552,12,24
40,0.0,four_day,sharp,0.248046875,3.969912671179894,-8.209661216669552,12,24
40,0.0,four_day,weak,0.81298828125,0.997493728499189,-8.209661216669552,12,24
40,0.0,four_day,weak_skew,0.13330078125,6.768680880517594,-8.209661216669552,12,24
41,0.0,daily,alt,0.0003999200159968006,-9.923352405444694,-8.437803178750961,24,24
41,0.0,daily,sharp,0.3343331333733253,-1.3871503551813822,-8.437803178750961,24,24
41,0.0,daily,weak,0.22055588882223556,-2.2130143864637266,-8.437803178750961,24,24
41,0.0,daily,weak_skew,0.041991601679664065,-3.712246052220234,-8.437803178750961,24,24
41,0.0,two_day,alt,0.003999200159968006,-8.477542063841783,-8.437803178750961,24,24
41,0.0,two_day,sharp,0.8924215156968607,0.2628345244109734,-8.437803178750961,24,24
41,0.0,two_day,weak,0.8490301939612077,0.585007651622972,-8.437803178750961,24,24
41,0.0,two_day,weak_skew,0.9742051589682064,0.06617527510609793,-8.437803178750961,24,24
41,0.0,four_day,alt,0.009765625,-9.989603810668568,-8.437803178750961,12,24
41,0.0,four_day,sharp,0.60546875,-1.357817017236736,-8.437803178750961,12,24
41,0.0,four_day,weak,0.0380859375,-9.312688264127052,-8.437803178750961,12,24
41,0.0,four_day,weak_skew,0.017578125,-6.238741147849023,-8.437803178750961,12,24
42,0.0,daily,alt,0.0001999600079984003,-12.507426843277015,-9.235365954072499,24,24
42,0.0,daily,sharp,0.3935212957408518,-1.3970730462013146,-9.235365954072499,24,24
42,0.0,daily,weak,0.16496700659868027,-2.6728487539020667,-9.235365954072499,24,24
42,0.0,daily,weak_skew,0.47850429914017195,-1.3775066203013886,-9.235365954072499,24,24
42,0.0,two_day,alt,0.22495500899820037,-4.697814955731805,-9.235365954072499,24,24
42,0.0,two_day,sharp,0.1841631673665267,3.0833251830259236,-9.235365954072499,24,24
42,0.0,two_day,weak,0.9280143971205759,-0.22404398322164218,-9.235365954072499,24,24
42,0.0,two_day,weak_skew,0.20875824835032994,3.7600384307406713,-9.235365954072499,24,24
42,0.0,four_day,alt,0.10693359375,-7.703726360389992,-9.235365954072499,12,24
42,0.0,four_day,sharp,0.81884765625,0.7413428915947021,-9.235365954072499,12,24
42,0.0,four_day,weak,0.65185546875,-1.2835502515312005,-9.235365954072499,12,24
42,0.0,four_day,weak_skew,0.583984375,1.4405680204640128,-9.235365954072499,12,24
43,0.0,daily,alt,0.002599480103979204,-6.524578645371521,-7.38203108721288,24,24
43,0.0,daily,sharp,0.7330533893221356,0.40200774572811415,-7.38203108721288,24,24
43,0.0,daily,weak,0.1299740051989602,3.1858849149867523,-7.38203108721288,24,24
43,0.0,daily,weak_skew,0.4269146170765847,1.855271113388836,-7.38203108721288,24,24
43,0.0,two_day,alt,0.004599080183963208,-8.646681121407875,-7.38203108721288,24,24
43,0.0,two_day,sharp,0.8822235552889423,-0.24457544864150962,-7.38203108721288,24,24
43,0.0,two_day,weak,0.5642871425714857,1.8182739138522745,-7.38203108721288,24,24
43,0.0,two_day,weak_skew,0.9584083183363328,-0.16112104246618367,-7.38203108721288,24,24
43,0.0,four_day,alt,0.4814453125,-2.0489539114281317,-7.38203108721288,12,24
43,0.0,four_day,sharp,0.04833984375,3.5569726231120242,-7.38203108721288,12,24
43,0.0,four_day,weak,0.02001953125,4.400783107300165,-7.38203108721288,12,24
43,0.0,four_day,weak_skew,0.12109375,5.670958423460445,-7.38203108721288,12,24
44,0.0,daily,alt,0.017196560687862426,-4.729655671850296,-6.576187799233914,24,24
44,0.0,daily,sharp,0.8728254349130175,-0.2092346421395641,-6.576187799233914,24,24
44,0.0,daily,weak,0.4023195360927814,-1.7486904668424614,-6.576187799233914,24,24
44,0.0,daily,weak_skew,0.744251149770046,0.6328108281418668,-6.576187799233914,24,24
44,0.0,two_day,alt,0.003999200159968006,-7.691824069062334,-6.576187799233914,24,24
44,0.0,two_day,sharp,0.2533493301339732,-1.6684012181061518,-6.576187799233914,24,24
44,0.0,two_day,weak,0.871625674865027,-0.4420916472839904,-6.576187799233914,24,24
44,0.0,two_day,weak_skew,0.11617676464707058,-2.806313316743313,-6.576187799233914,24,24
44,0.0,four_day,alt,0.03564453125,-9.021868166792414,-6.576187799233914,12,24
44,0.0,four_day,sharp,0.32275390625,-3.3217781281635403,-6.576187799233914,12,24
44,0.0,four_day,weak,0.810546875,0.9689607443910067,-6.576187799233914,12,24
44,0.0,four_day,weak_skew,0.22021484375,-5.1663235718727165,-6.576187799233914,12,24
45,0.0,daily,alt,0.0001999600079984003,-12.80938381184562,-10.951286193190903,24,24
45,0.0,daily,sharp,0.7700459908018397,-0.47287707821833475,-10.951286193190903,24,24
45,0.0,daily,weak,0.5122975404919016,-1.4186694397924642,-10.951286193190903,24,24
45,0.0,daily,weak_skew,0.8920215956808638,0.22549721677296267,-10.951286193190903,24,24
45,0.0,two_day,alt,0.0009998000399920016,-13.44638366009062,-10.951286193190903,24,24
45,0.0,two_day,sharp,0.1269746050789842,-4.398348867157672,-10.951286193190903,24,24
45,0.0,two_day,weak,0.2549490101979604,-3.5680096402785204,-10.951286193190903,24,24
45,0.0,two_day,weak_skew,0.1205758848230354,-5.025395283418583,-10.951286193190903,24,24
45,0.0,four_day,alt,0.0087890625,-12.366527084333276,-10.951286193190903,12,24
45,0.0,four_day,sharp,0.98876953125,-0.04479001305038821,-10.951286193190903,12,24
45,0.0,four_day,weak,0.9521484375,0.30561589291621516,-10.951286193190903,12,24
45,0.0,four_day,weak_skew,0.97509765625,0.11867558899145259,-10.951286193190903,12,24
46,0.0,daily,alt,0.0007998400319936012,-8.82938375237844,-6.956020684610024,24,24
46,0.0,daily,sharp,0.30713857228554287,-1.5806091776682418,-6.956020684610024,24,24
46,0.0,daily,weak,0.26774645070985803,-2.16585264750026,-6.956020684610024,24,24
46,0.0,daily,weak_skew,0.15076984603079385,-3.078395134791909,-6.956020684610024,24,24
46,0.0,two_day,alt,0.02979404119176165,-8.64672010490572,-6.956020684610024,24,24
46,0.0,two_day,sharp,0.5556888622275545,-1.9310807247206228,-6.956020684610024,24,24
46,0.0,two_day,weak,0.7802439512097581,-1.1965531531766018,-6.956020684610024,24,24
46,0.0,two_day,weak_skew,0.3623275344931014,-3.2680356862524427,-6.956020684610024,24,24
46,0.0,four_day,alt,0.00830078125,-9.013237902548028,-6.956020684610024,12,24
46,0.0,four_day,sharp,0.63427734375,-1.5015865229599488,-6.956020684610024,12,24
46,0.0,four_day,weak,0.35546875,-4.6654086412926885,-6.956020684610024,12,24
46,0.0,four_day,weak_skew,0.38330078125,-3.4577445191987373,-6.956020684610024,12,24
47,0.0,daily,alt,0.002599480103979204,-8.087329097348894,-8.988428319187271,24,24
47,0.0,daily,sharp,0.8964207158568286,-0.177174552243114,-8.988428319187271,24,24
47,0.0,daily,weak,0.7180563887222555,0.5433001006851971,-8.988428319187271,24,24
47,0.0,daily,weak_skew,0.8368326334733054,0.4124473048782094,-8.988428319187271,24,24
47,0.0,two_day,alt,0.02439512097580484,-6.3209874279726455,-8.988428319187271,24,24
47,0.0,two_day,sharp,0.14697060587882424,2.3280398376970095,-8.988428319187271,24,24
47,0.0,two_day,weak,0.7232553489302139,1.0428280498760758,-8.988428319187271,24,24
47,0.0,two_day,weak_skew,0.22095580883823235,2.7017664031489743,-8.988428319187271,24,24
47,0.0,four_day,alt,0.03564453125,-7.289113570006946,-8.988428319187271,12,24
47,0.0,four_day,sharp,0.4697265625,1.3688508192052649,-8.988428319187271,12,24
47,0.0,four_day,weak,0.52587890625,-1.5870763805049084,-8.988428319187271,12,24
47,0.0,four_day,weak_skew,0.63037109375,1.4892955840272517,-8.988428319187271,12,24
48,0.0,daily,alt,0.004599080183963208,-4.99313077803395,-7.82106811451149,24,24
48,0.0,daily,sharp,0.06818636272745451,2.4806408749135636,-7.82106811451149,24,24
48,0.0,daily,weak,0.5212957408518296,1.2713136943419838,-7.82106811451149,24,24
48,0.0,daily,weak_skew,0.04899020195960808,4.240624158720007,-7.82106811451149,24,24
48,0.0,two_day,alt,0.029394121175764846,-5.490330853801146,-7.82106811451149,24,24
48,0.0,two_day,sharp,0.823635272945411,0.48714312566034695,-7.82106811451149,24,24
48,0.0,two_day,weak,0.7300539892021596,1.0062717556147254,-7.82106811451149,24,24
48,0.0,two_day,weak_skew,0.500499900019996,0.9897863282319875,-7.82106811451149,24,24
48,0.0,four_day,alt,0.23779296875,-3.724912370211884,-7.82106811451149,12,24
48,0.0,four_day,sharp,0.1708984375,2.9855964853384553,-7.82106811451149,12,24
48,0.0,four_day,weak,0.1376953125,3.171900381933545,-7.82106811451149,12,24
48,0.0,four_day,weak_skew,0.37451171875,4.618511618753895,-7.82106811451149,12,24
49,0.0,daily,alt,0.016396720655868825,-5.820307772959424,-6.61239986076437,24,24
49,0.0,daily,sharp,0.8632273545290942,0.34900851084115025,-6.61239986076437,24,24
49,0.0,daily,weak,0.9172165566886623,0.22852811416125038,-6.61239986076437,24,24
49,0.0,daily,weak_skew,0.6846630673865227,1.0083741132509658,-6.61239986076437,24,24
49,0.0,two_day,alt,0.008598280343931213,-6.0185673827680235,-6.61239986076437,24,24
49,0.0,two_day,sharp,0.6874625074985004,0.7604739855385931,-6.61239986076437,24,24
49,0.0,two_day,weak,0.3385322935412917,2.2802651110902716,-6.61239986076437,24,24
49,0.0,two_day,weak_skew,0.5624875024995001,1.4161977287174008,-6.61239986076437,24,24
49,0.0,four_day,alt,0.09619140625,-5.875143963637444,-6.61239986076437,12,24
49,0.0,four_day,sharp,0.66162109375,-0.9450540766768226,-6.61239986076437,12,24
49,0.0,four_day,weak,0.9111328125,0.4443027986488565,-6.61239986076437,12,24
49,0.0,four_day,weak_skew,0.51416015625,2.5066275368259987,-6.61239986076437,12,24
50,0.0,daily,alt,0.1821635672865427,-3.4773228783175547,-9.009598512316494,24,24
50,0.0,daily,sharp,0.036192761447710456,4.863014456932189,-9.009598512316494,24,24
50,0.0,daily,weak,0.1289742051589682,3.8870228532817905,-9.009598512316494,24,24
50,0.0,daily,weak_skew,0.010997800439912017,6.022334551367545,-9.009598512316494,24,24
50,0.0,two_day,alt,0.03099380123975205,-8.091982715698851,-9.009598512316494,24,24
50,0.0,two_day,sharp,0.9112177564487103,0.3441255948812693,-9.009598512316494,24,24
50,0.0,two_day,weak,0.853629274145171,0.6956500711080498,-9.009598512316494,24,24
50,0.0,two_day,weak_skew,0.8102379524095181,-0.9156662997878966,-9.009598512316494,24,24
50,0.0,four_day,alt,0.021484375,-10.660331355270513,-9.009598512316494,12,24
50,0.0,four_day,sharp,0.57861328125,-1.8726045352133163,-9.009598512316494,12,24
50,0.0,four_day,weak,0.44970703125,2.1824082668700977,-9.009598512316494,12,24
50,0.0,four_day,weak_skew,0.98291015625,0.1243851203471434,-9.009598512316494,12,24
51,0.0,daily,alt,0.499500099980004,-1.7328920173897995,-4.038748670363617,24,24
51,0.0,daily,sharp,0.20835832833433313,1.605509156267196,-4.038748670363617,24,24
51,0.0,daily,weak,0.8542291541691661,-0.2822759058739299,-4.038748670363617,24,24
51,0.0,daily,weak_skew,0.036192761447710456,3.8903671012519254,-4.038748670363617,24,24
51,0.0,two_day,alt,0.9448110377924415,-0.23077570276070455,-4.038748670363617,24,24
51,0.0,two_day,sharp,0.28094381123775247,2.2160510209922166,-4.038748670363617,24,24
51,0.0,two_day,weak,0.12337532493501299,5.424609757210543,-4.038748670363617,24,24
51,0.0,two_day,weak_skew,0.2579484103179364,3.267557530942821,-4.038748670363617,24,24
51,0.0,four_day,alt,0.400390625,-2.0831491310699857,-4.038748670363617,12,24
51,0.0,four_day,sharp,0.45556640625,1.7481691937634392,-4.038748670363617,12,24
51,0.0,four_day,weak,0.724609375,1.3561339268503865,-4.038748670363617,12,24
51,0.0,four_day,weak_skew,0.45361328125,2.5426542649448343,-4.038748670363617,12,24
52,0.0,daily,alt,0.0001999600079984003,-12.964766239612866,-8.934850908660138,24,24
52,0.0,daily,sharp,0.15356928614277143,-2.752131918292072,-8.934850908660138,24,24
52,0.0,daily,weak,0.22835432913417317,-3.2962379100981316,-8.934850908660138,24,24
52,0.0,daily,weak_skew,0.738252349530094,-1.0355640146530867,-8.934850908660138,24,24
52,0.0,two_day,alt,0.0065986802639472104,-9.701531719593468,-8.934850908660138,24,24
52,0.0,two_day,sharp,0.6596680663867227,0.9952175109275411,-8.934850908660138,24,24
52,0.0,two_day,weak,0.8638272345530894,-0.5325119943502807,-8.934850908660138,24,24
52,0.0,two_day,weak_skew,0.8484303139372126,-0.5146306825910955,-8.934850908660138,24,24
52,0.0,four_day,alt,0.0205078125,-10.335589246291528,-8.934850908660138,12,24
52,0.0,four_day,sharp,0.5146484375,-1.522562642359965,-8.934850908660138,12,24
52,0.0,four_day,weak,0.8212890625,0.6450314261958384,-8.934850908660138,12,24
52,0.0,four_day,weak_skew,0.56591796875,-1.7237992248857719,-8.934850908660138,12,24
53,0.0,daily,alt,0.0001999600079984003,-12.615949977618792,-10.007453621582009,24,24
53,0.0,daily,sharp,0.21655668866226754,-2.1064116044737884,-10.007453621582009,24,24
53,0.0,daily,weak,0.09258148370325935,-3.1699270546020473,-10.007453621582009,24,24
53,0.0,daily,weak_skew,0.16716656668666266,-3.0651662944207216,-10.007453621582009,24,24
53,0.0,two_day,alt,0.003799240151969606,-10.347204276941666,-10.007453621582009,24,24
53,0.0,two_day,sharp,0.9778044391121775,-0.08463783113645995,-10.007453621582009,24,24
53,0.0,two_day,weak,0.8040391921615677,-0.7472619436786095,-10.007453621582009,24,24
53,0.0,two_day,weak_skew,0.7856428714257149,-0.9397269395647765,-10.007453621582009,24,24
53,0.0,four_day,alt,0.009765625,-9.030420987724455,-10.007453621582009,12,24
53,0.0,four_day,sharp,0.98193359375,0.03844036206314527,-10.007453621582009,12,24
53,0.0,four_day,weak,0.341796875,-2.7478429917130103,-10.007453621582009,12,24
53,0.0,four_day,weak_skew,0.783203125,0.7382419207859948,-10.007453621582009,12,24
54,0.0,daily,alt,0.05718856228754249,-5.3785537389491935,-6.696590884783454,24,24
54,0.0,daily,sharp,0.8106378724255149,0.4863350061386216,-6.696590884783454,24,24
54,0.0,daily,weak,0.7144571085782844,-0.7653427776890807,-6.696590884783454,24,24
54,0.0,daily,weak_skew,0.5778844231153769,-1.225000553949448,-6.696590884783454,24,24
54,0.0,two_day,alt,0.08118376324735053,-5.028121376744253,-6.696590884783454,24,24
54,0.0,two_day,sharp,0.8976204759048191,-0.2745827512566746,-6.696590884783454,24,24
54,0.0,two_day,weak,0.9648070385922816,-0.11002095870566227,-6.696590884783454,24,24
54,0.0,two_day,weak_skew,0.42291541691661666,-2.038414658313577,-6.696590884783454,24,24
54,0.0,four_day,alt,0.02001953125,-9.029407661462857,-6.696590884783454,12,24
54,0.0,four_day,sharp,0.83935546875,-0.5761364124112204,-6.696590884783454,12,24
54,0.0,four_day,weak,0.43701171875,-2.6135738967834405,-6.696590884783454,12,24
54,0.0,four_day,weak_skew,0.5107421875,-2.261200541831101,-6.696590884783454,12,24
55,0.0,daily,alt,0.0001999600079984003,-10.814765962762928,-11.14071434200639,24,24
55,0.0,daily,sharp,0.9238152369526095,-0.12142689486144409,-11.14071434200639,24,24
55,0.0,daily,weak,0.40631873625274945,-1.4758568203719455,-11.14071434200639,24,24
55,0.0,daily,weak_skew,0.7400519896020796,0.49381844736104163,-11.14071434200639,24,24
55,0.0,two_day,alt,0.0003999200159968006,-11.039172105858611,-11.14071434200639,24,24
55,0.0,two_day,sharp,0.8288342331533693,-0.40354469291688905,-11.14071434200639,24,24
55,0.0,two_day,weak,0.7908418316336733,0.7152759622038429,-11.14071434200639,24,24
55,0.0,two_day,weak_skew,0.9532093581283744,-0.13097932179193852,-11.14071434200639,24,24
55,0.0,four_day,alt,0.00048828125,-15.78495239526348,-11.14071434200639,12,24
55,0.0,four_day,sharp,0.11865234375,-3.908548262892404,-11.14071434200639,12,24
55,0.0,four_day,weak,0.341796875,-3.2786868544718715,-11.14071434200639,12,24
55,0.0,four_day,weak_skew,0.099609375,-6.2366962437382325,-11.14071434200639,12,24
56,0.0,daily,alt,0.0007998400319936012,-7.622415347462419,-7.072897896198299,24,24
56,0.0,daily,sharp,0.5328934213157368,0.8508514544094273,-7.072897896198299,24,24
56,0.0,daily,weak,0.6870625874825035,0.7084160332233264,-7.072897896198299,24,24
56,0.0,daily,weak_skew,0.7818436312737452,-0.46191845380682367,-7.072897896198299,24,24
56,0.0,two_day,alt,0.17136572685462909,-4.512268622101256,-7.072897896198299,24,24
56,0.0,two_day,sharp,0.8274345130973805,0.48674654557601,-7.072897896198299,24,24
56,0.0,two_day,weak,0.20055988802239552,2.6620437729700104,-7.072897896198299,24,24
56,0.0,two_day,weak_skew,0.7224555088982204,1.2248094922872432,-7.072897896198299,24,24
56,0.0,four_day,alt,0.0859375,-5.320494668639407,-7.072897896198299,12,24
56,0.0,four_day,sharp,0.85546875,0.4021633275046585,-7.072897896198299,12,24
56,0.0,four_day,weak,0.07666015625,5.8805923516954435,-7.072897896198299,12,24
56,0.0,four_day,weak_skew,0.767578125,-0.6263429566687483,-7.072897896198299,12,24
57,0.0,daily,alt,0.0003999200159968006,-8.84892249025844,-10.605383503054199,24,24
57,0.0,daily,sharp,0.4947010597880424,0.9292998209521611,-10.605383503054199,24,24
57,0.0,daily,weak,0.6732653469306139,-0.7997538277271318,-10.605383503054199,24,24
57,0.0,daily,weak_skew,0.5412917416516697,1.250830960691787,-10.605383503054199,24,24
57,0.0,two_day,alt,0.0001999600079984003,-12.646842890204653,-10.605383503054199,24,24
57,0.0,two_day,sharp,0.5090981803639272,-0.8230585707168782,-10.605383503054199,24,24
57,0.0,two_day,weak,0.7454509098180364,0.7173275693693469,-10.605383503054199,24,24
57,0.0,two_day,weak_skew,0.012997400519896021,-4.403679982448076,-10.605383503054199,24,24
57,0.0,four_day,alt,0.00244140625,-9.937039131408966,-10.605383503054199,12,24
57,0.0,four_day,sharp,0.49267578125,-1.2309740577290718,-10.605383503054199,12,24
57,0.0,four_day,weak,0.33935546875,-3.936844351378273,-10.605383503054199,12,24
57,0.0,four_day,weak_skew,0.82373046875,0.7962031001636015,-10.605383503054199,12,24
58,0.0,daily,alt,0.0001999600079984003,-10.47286919397523,-10.242808988523556,24,24
58,0.0,daily,sharp,0.7128574285142971,0.6131587267743708,-10.242808988523556,24,24
58,0.0,daily,weak,0.9232153569286142,-0.20774654842437368,-10.242808988523556,24,24
58,0.0,daily,weak_skew,0.9462107578484303,0.1377921134994248,-10.242808988523556,24,24
58,0.0,two_day,alt,0.0001999600079984003,-13.750163089918347,-10.242808988523556,24,24
58,0.0,two_day,sharp,0.5602879424115177,-2.1578801131409375,-10.242808988523556,24,24
58,0.0,two_day,weak,0.4741051789642072,-3.0677158799873747,-10.242808988523556,24,24
58,0.0,two_day,weak_skew,0.4875024995001,-2.704128085781257,-10.242808988523556,24,24
58,0.0,four_day,alt,0.7705078125,-2.409040215975461,-10.242808988523556,12,24
58,0.0,four_day,sharp,0.14111328125,9.092575365972971,-10.242808988523556,12,24
58,0.0,four_day,weak,0.26123046875,7.073155349089316,-10.242808988523556,12,24
58,0.0,four_day,weak_skew,0.02099609375,12.349570447650114,-10.242808988523556,12,24
59,0.0,daily,alt,0.020595880823835233,-6.910559403035923,-7.034409162176495,24,24
59,0.0,daily,sharp,0.5036992601479704,-0.5219690491034354,-7.034409162176495,24,24
59,0.0,daily,weak,0.8838232353529294,-0.21282209825727585,-7.034409162176495,24,24
59,0.0,daily,weak_skew,0.5622875424915017,0.9997275548117731,-7.034409162176495,24,24
59,0.0,two_day,alt,0.04939012197560488,-6.776893630924589,-7.034409162176495,24,24
59,0.0,two_day,sharp,0.4533093381323735,-0.9383982174015223,-7.034409162176495,24,24
59,0.0,two_day,weak,0.8298340331933614,0.5564178914754235,-7.034409162176495,24,24
59,0.0,two_day,weak_skew,0.010197960407918417,-4.646524392330925,-7.034409162176495,24,24
59,0.0,four_day,alt,0.13525390625,-4.808154914920373,-7.034409162176495,12,24
59,0.0,four_day,sharp,0.15380859375,2.508181613875873,-7.034409162176495,12,24
59,0.0,four_day,weak,0.62353515625,1.5848953224920823,-7.034409162176495,12,24
59,0.0,four_day,weak_skew,0.0908203125,4.727908343714118,-7.034409162176495,12,24
60,0.0,daily,alt,0.0001999600079984003,-11.805230251266552,-11.55299166019762,24,24
60,0.0,daily,sharp,0.8002399520095981,0.30117919354649975,-11.55299166019762,24,24
60,0.0,daily,weak,0.4081183763247351,1.72875962905819,-11.55299166019762,24,24
60,0.0,daily,weak_skew,0.29874025194961007,1.6112776286192156,-11.55299166019762,24,24
60,0.0,two_day,alt,0.0001999600079984003,-15.079933821908483,-11.55299166019762,24,24
60,0.0,two_day,sharp,0.26494701059788045,-2.4056763752560477,-11.55299166019762,24,24
60,0.0,two_day,weak,0.1757648470305939,-3.8440095415717885,-11.55299166019762,24,24
60,0.0,two_day,weak_skew,0.5160967806438712,-1.7148097246975615,-11.55299166019762,24,24
60,0.0,four_day,alt,0.00341796875,-12.300478857572815,-11.55299166019762,12,24
60,0.0,four_day,sharp,0.19091796875,-2.6186778259730716,-11.55299166019762,12,24
60,0.0,four_day,weak,0.24365234375,-3.745995889183545,-11.55299166019762,12,24
60,0.0,four_day,weak_skew,0.1259765625,-4.8615600832870305,-11.55299166019762,12,24
61,0.0,daily,alt,0.003199360127974405,-8.863625310544924,-8.410254709392355,24,24
61,0.0,daily,sharp,0.6400719856028795,1.0065286718044062,-8.410254709392355,24,24
61,0.0,daily,weak,0.9102179564087183,0.2799202665575642,-8.410254709392355,24,24
61,0.0,daily,weak_skew,0.6558688262347531,-1.172531845133827,-8.410254709392355,24,24
61,0.0,two_day,alt,0.0021995600879824036,-9.581912444385322,-8.410254709392355,24,24
61,0.0,two_day,sharp,0.508498300339932,-1.0129473564025717,-8.410254709392355,24,24
61,0.0,two_day,weak,0.4149170165966807,-2.3485411344688796,-8.410254709392355,24,24
61,0.0,two_day,weak_skew,0.260747850429914,-2.433398842493465,-8.410254709392355,24,24
61,0.0,four_day,alt,0.24951171875,-7.764075446149756,-8.410254709392355,12,24
61,0.0,four_day,sharp,0.92822265625,0.7917855691138692,-8.410254709392355,12,24
61,0.0,four_day,weak,0.27001953125,6.183044520311712,-8.410254709392355,12,24
61,0.0,four_day,weak_skew,0.8076171875,-1.3883229118595928,-8.410254709392355,12,24
62,0.0,daily,alt,0.0005998800239952009,-7.750636801977399,-8.780800718209463,24,24
62,0.0,daily,sharp,0.378124375124975,1.0279007037416257,-8.780800718209463,24,24
62,0.0,daily,weak,0.03119376124775045,3.935369764104916,-8.780800718209463,24,24
62,0.0,daily,weak_skew,0.6174765046990602,0.7595663023816019,-8.780800718209463,24,24
62,0.0,two_day,alt,0.010997800439912017,-9.87828679205716,-8.780800718209463,24,24
62,0.0,two_day,sharp,0.7114577084583084,-0.855129616247849,-8.780800718209463,24,24
62,0.0,two_day,weak,0.17536492701459708,-3.368655915977085,-8.780800718209463,24,24
62,0.0,two_day,weak_skew,0.7934413117376524,-0.7782555132225569,-8.780800718209463,24,24
62,0.0,four_day,alt,0.0048828125,-11.688642481419974,-8.780800718209463,12,24
62,0.0,four_day,sharp,0.1689453125,-3.4493232114260777,-8.780800718209463,12,24
62,0.0,four_day,weak,0.2158203125,-4.298002991781614,-8.780800718209463,12,24
62,0.0,four_day,weak_skew,0.00390625,-6.182746641437013,-8.780800718209463,12,24
63,0.0,daily,alt,0.366126774645071,-2.2394376608317477,-5.4778860908058675,24,24
63,0.0,daily,sharp,0.12917416516696661,2.5102584752986803,-5.4778860908058675,24,24
63,0.0,daily,weak,0.3085382923415317,2.079507259147595,-5.4778860908058675,24,24
63,0.0,daily,weak_skew,0.5748850229954009,1.094583658618656,-5.4778860908058675,24,24
63,0.0,two_day,alt,0.027394521095780843,-5.753876628133657,-5.4778860908058675,24,24
63,0.0,two_day,sharp,0.9276144771045791,0.13461110956379999,-5.4778860908058675,24,24
63,0.0,two_day,weak,0.5826834633073386,-1.349812763179295,-5.4778860908058675,24,24
63,0.0,two_day,weak_skew,0.39892021595680865,-1.4324867574583109,-5.4778860908058675,24,24
63,0.0,four_day,alt,0.3876953125,-2.200214716290116,-5.4778860908058675,12,24
63,0.0,four_day,sharp,0.26513671875,2.2177945427506036,-5.4778860908058675,12,24
63,0.0,four_day,weak,0.39892578125,2.142117524921934,-5.4778860908058675,12,24
63,0.0,four_day,weak_skew,0.82568359375,-0.5426831312716759,-5.4778860908058675,12,24
64,0.0,daily,alt,0.4699060187962408,-2.732251243181254,-7.824819814839664,24,24
64,0.0,daily,sharp,0.03519296140771846,3.8415207112128904,-7.824819814839664,24,24
64,0.0,daily,weak,0.11117776444711058,3.918215738298624,-7.824819814839664,24,24
64,0.0,daily,weak_skew,0.20815836832633472,2.4988785983926145,-7.824819814839664,24,24
64,0.0,two_day,alt,0.004799040191961607,-10.39935236211546,-7.824819814839664,24,24
64,0.0,two_day,sharp,0.46930613877224553,-1.6430498988497628,-7.824819814839664,24,24
64,0.0,two_day,weak,0.3649270145970806,-2.7395778512150124,-7.824819814839664,24,24
64,0.0,two_day,weak_skew,0.6180763847230554,-1.573144264778457,-7.824819814839664,24,24
64,0.0,four_day,alt,0.00048828125,-12.373327769567494,-7.824819814839664,12,24
64,0.0,four_day,sharp,0.30419921875,-3.2109826196754283,-7.824819814839664,12,24
64,0.0,four_day,weak,0.076171875,-6.491182133101304,-7.824819814839664,12,24
64,0.0,four_day,weak_skew,0.12353515625,-6.381368893440175,-7.824819814839664,12,24
65,0.0,daily,alt,0.005398920215956809,-7.846781613515996,-11.06939334046492,24,24
65,0.0,daily,sharp,0.15256948610277946,1.7545065140514184,-11.06939334046492,24,24
65,0.0,daily,weak,0.5098980203959208,1.1109317479608298,-11.06939334046492,24,24
65,0.0,daily,weak_skew,0.11537692461507698,3.8465361821870077,-11.06939334046492,24,24
65,0.0,two_day,alt,0.0001999600079984003,-14.572764244700053,-11.06939334046492,24,24
65,0.0,two_day,sharp,0.35372925414917017,-2.0445822837589893,-11.06939334046492,24,24
65,0.0,two_day,weak,0.9466106778644271,0.18695767325298865,-11.06939334046492,24,24
65,0.0,two_day,weak_skew,0.1739652069586083,-3.7241832438703746,-11.06939334046492,24,24
65,0.0,four_day,alt,0.00390625,-11.661822271111083,-11.06939334046492,12,24
65,0.0,four_day,sharp,0.58837890625,-1.2572360801964066,-11.06939334046492,12,24
65,0.0,four_day,weak,0.79833984375,-0.8328836443202613,-11.06939334046492,12,24
65,0.0,four_day,weak_skew,0.06787109375,-5.567170107230445,-11.06939334046492,12,24
66,0.0,daily,alt,0.0001999600079984003,-10.192655344782448,-10.709459298109948,24,24
66,0.0,daily,sharp,0.22175564887022595,1.4728414414269475,-10.709459298109948,24,24
66,0.0,daily,weak,0.531493701259748,1.0854549649835796,-10.709459298109948,24,24
66,0.0,daily,weak_skew,0.5288942211557689,1.0162427764556325,-10.709459298109948,24,24
66,0.0,two_day,alt,0.0003999200159968006,-12.348430296034593,-10.709459298109948,24,24
66,0.0,two_day,sharp,0.41131773645270947,-2.1389046934476084,-10.709459298109948,24,24
66,0.0,two_day,weak,0.9942011597680463,0.023286222228279325,-10.709459298109948,24,24
66,0.0,two_day,weak_skew,0.3421315736852629,-3.0003258174221124,-10.709459298109948,24,24
66,0.0,four_day,alt,0.0009765625,-12.421508258377498,-10.709459298109948,12,24
66,0.0,four_day,sharp,0.61572265625,-1.7084613368466546,-10.709459298109948,12,24
66,0.0,four_day,weak,0.23095703125,-4.450444064204871,-10.709459298109948,12,24
66,0.0,four_day,weak_skew,0.5244140625,-2.3002037904443,-10.709459298109948,12,24
67,0.0,daily,alt,0.0001999600079984003,-12.68359637633238,-12.024511555300421,24,24
67,0.0,daily,sharp,0.7670465906818636,-0.6335354446026941,-12.024511555300421,24,24
67,0.0,daily,weak,0.9306138772245551,-0.24699624590434185,-12.024511555300421,24,24
67,0.0,daily,weak_skew,0.7338532293541292,-0.8284745922325026,-12.024511555300421,24,24
67,0.0,two_day,alt,0.0001999600079984003,-15.27688215390996,-12.024511555300421,24,24
67,0.0,two_day,sharp,0.03759248150369926,-3.8109321620806385,-12.024511555300421,24,24
67,0.0,two_day,weak,0.6336732653469306,-1.493011299253096,-12.024511555300421,24,24
67,0.0,two_day,weak_skew,0.9824035192961408,0.07492589056702433,-12.024511555300421,24,24
67,0.0,four_day,alt,0.0546875,-8.851078345423835,-12.024511555300421,12,24
67,0.0,four_day,sharp,0.48388671875,2.09169289322655,-12.024511555300421,12,24
67,0.0,four_day,weak,0.197265625,6.21253328044137,-12.024511555300421,12,24
67,0.0,four_day,weak_skew,0.23876953125,4.426125102545573,-12.024511555300421,12,24
68,0.0,daily,alt,0.0001999600079984003,-13.812911225092549,-11.990977830663681,24,24
68,0.0,daily,sharp,0.6546690661867627,-1.240378439058717,-11.990977830663681,24,24
68,0.0,daily,weak,0.7298540291941612,-0.979904026737325,-11.990977830663681,24,24
68,0.0,daily,weak_skew,0.7590481903619276,-0.9020701609946139,-11.990977830663681,24,24
68,0.0,two_day,alt,0.005198960207958408,-10.527852049674808,-11.990977830663681,24,24
68,0.0,two_day,sharp,0.627874425114977,1.249474548480172,-11.990977830663681,24,24
68,0.0,two_day,weak,0.5980803839232154,1.742507902167266,-11.990977830663681,24,24
68,0.0,two_day,weak_skew,0.7578484303139372,-0.7915777057616928,-11.990977830663681,24,24
68,0.0,four_day,alt,0.0029296875,-9.52678617470025,-11.990977830663681,12,24
68,0.0,four_day,sharp,0.2099609375,3.345901720948629,-11.990977830663681,12,24
68,0.0,four_day,weak,0.1123046875,5.402556602528335,-11.990977830663681,12,24
68,0.0,four_day,weak_skew,0.0615234375,6.132726174581962,-11.990977830663681,12,24
69,0.0,daily,alt,0.0013997200559888023,-7.998496095912915,-4.542707814316756,24,24
69,0.0,daily,sharp,0.2485502899420116,-1.8481966936079948,-4.542707814316756,24,24
69,0.0,daily,weak,0.03479304139172166,-3.7238305910036296,-4.542707814316756,24,24
69,0.0,daily,weak_skew,0.22375524895020996,-2.8349938740531986,-4.542707814316756,24,24
69,0.0,two_day,alt,0.03159368126374725,-6.711700062657957,-4.542707814316756,24,24
69,0.0,two_day,sharp,0.7190561887622475,-0.7934485260552524,-4.542707814316756,24,24
69,0.0,two_day,weak,0.6470705858828234,0.8861043371578633,-4.542707814316756,24,24
69,0.0,two_day,weak_skew,0.5160967806438712,-1.459260024479466,-4.542707814316756,24,24
69,0.0,four_day,alt,0.48828125,-2.737731879137442,-4.542707814316756,12,24
69,0.0,four_day,sharp,0.96142578125,0.10887524418112922,-4.542707814316756,12,24
69,0.0,four_day,weak,0.43115234375,4.275516174100636,-4.542707814316756,12,24
69,0.0,four_day,weak_skew,0.505859375,2.1503583689166383,-4.542707814316756,12,24
70,0.0,daily,alt,0.0001999600079984003,-9.334157934713463,-8.028008683973496,24,24
70,0.0,daily,sharp,0.3259348130373925,-1.571186891056055,-8.028008683973496,24,24
70,0.0,daily,weak,0.16776644671065788,-2.7295138250593602,-8.028008683973496,24,24
70,0.0,daily,weak_skew,0.6624675064987002,-0.9116002743173682,-8.028008683973496,24,24
70,0.0,two_day,alt,0.0001999600079984003,-8.595416193162379,-8.028008683973496,24,24
70,0.0,two_day,sharp,0.9060187962407519,-0.21566320562507948,-8.028008683973496,24,24
70,0.0,two_day,weak,0.7762447510497901,-0.6835959134579982,-8.028008683973496,24,24
70,0.0,two_day,weak_skew,0.6558688262347531,-1.1197991610860754,-8.028008683973496,24,24
70,0.0,four_day,alt,0.0107421875,-8.492271501452654,-8.028008683973496,12,24
70,0.0,four_day,sharp,0.87841796875,-0.45091081683069234,-8.028008683973496,12,24
70,0.0,four_day,weak,0.78955078125,-1.0734862963508967,-8.028008683973496,12,24
70,0.0,four_day,weak_skew,0.28369140625,-2.705564247361829,-8.028008683973496,12,24
71,0.0,daily,alt,0.0001999600079984003,-13.47332816515891,-9.933026159073464,24,24
71,0.0,daily,sharp,0.10577884423115377,-2.976231835048812,-9.933026159073464,24,24
71,0.0,daily,weak,0.021595680863827234,-4.721727327159069,-9.933026159073464,24,24
71,0.0,daily,weak_skew,0.1905618876224755,-3.016850151586233,-9.933026159073464,24,24
71,0.0,two_day,alt,0.0005998800239952009,-10.32518640846902,-9.933026159073464,24,24
71,0.0,two_day,sharp,0.674865026994601,-0.8985034540704891,-9.933026159073464,24,24
71,0.0,two_day,weak,0.20715856828634274,-3.3843767819126724,-9.933026159073464,24,24
71,0.0,two_day,weak_skew,0.5650869826034793,1.6310805492528406,-9.933026159073464,24,24
71,0.0,four_day,alt,0.0478515625,-7.772574978905898,-9.933026159073464,12,24
71,0.0,four_day,sharp,0.740234375,0.8129074000680353,-9.933026159073464,12,24
71,0.0,four_day,weak,0.638671875,-2.238185179096392,-9.933026159073464,12,24
71,0.0,four_day,weak_skew,0.6083984375,1.9426834791268497,-9.933026159073464,12,24
72,0.0,daily,alt,0.0001999600079984003,-9.342668311740603,-9.714435103916578,24,24
72,0.0,daily,sharp,0.7196560687862428,-0.4643434862214783,-9.714435103916578,24,24
72,0.0,daily,weak,0.9112177564487103,-0.1752571490882001,-9.714435103916578,24,24
72,0.0,daily,weak_skew,0.3117376524695061,-1.8061691058277256,-9.714435103916578,24,24
72,0.0,two_day,alt,0.0001999600079984003,-11.881133939486617,-9.714435103916578,24,24
72,0.0,two_day,sharp,0.27334533093381325,-2.064517290352959,-9.714435103916578,24,24
72,0.0,two_day,weak,0.5060987802439512,-1.7501888726537613,-9.714435103916578,24,24
72,0.0,two_day,weak_skew,0.7394521095780844,-0.9862966484612133,-9.714435103916578,24,24
72,0.0,four_day,alt,0.00048828125,-14.752285221242674,-9.714435103916578,12,24
72,0.0,four_day,sharp,0.0224609375,-4.481271597771822,-9.714435103916578,12,24
72,0.0,four_day,weak,0.35693359375,-3.469452034467316,-9.714435103916578,12,24
72,0.0,four_day,weak_skew,0.26953125,-3.3210005236243547,-9.714435103916578,12,24
73,0.0,daily,alt,0.0001999600079984003,-14.945511306794785,-9.45632364293121,24,24
73,0.0,daily,sharp,0.0023995200959808036,-3.551074183336285,-9.45632364293121,24,24
73,0.0,daily,weak,0.0023995200959808036,-6.041111268144852,-9.45632364293121,24,24
73,0.0,daily,weak_skew,0.0005998800239952009,-5.435040010979182,-9.45632364293121,24,24
73,0.0,two_day,alt,0.01759648070385923,-8.897084293525328,-9.45632364293121,24,24
73,0.0,two_day,sharp,0.5850829834033193,-1.0844752357569114,-9.45632364293121,24,24
73,0.0,two_day,weak,0.5732853429314138,-2.034756953773222,-9.45632364293121,24,24
73,0.0,two_day,weak_skew,0.3153369326134773,3.104072890781278,-9.45632364293121,24,24
73,0.0,four_day,alt,0.04150390625,-9.22985865353879,-9.45632364293121,12,24
73,0.0,four_day,sharp,0.8671875,-0.5007878631937442,-9.45632364293121,12,24
73,0.0,four_day,weak,0.28564453125,-5.505547446962548,-9.45632364293121,12,24
73,0.0,four_day,weak_skew,0.89892578125,0.3865222995469206,-9.45632364293121,12,24
74,0.0,daily,alt,0.0001999600079984003,-9.38143462189595,-7.478852475651877,24,24
74,0.0,daily,sharp,0.8914217156568687,0.13842203012272827,-7.478852475651877,24,24
74,0.0,daily,weak,0.909618076384723,0.20749809967603414,-7.478852475651877,24,24
74,0.0,daily,weak_skew,0.6394721055788842,0.7754978314567881,-7.478852475651877,24,24
74,0.0,two_day,alt,0.10157968406318736,-6.1797676451465975,-7.478852475651877,24,24
74,0.0,two_day,sharp,0.9986002799440112,-0.003844549733687567,-7.478852475651877,24,24
74,0.0,two_day,weak,0.4263147370525895,-2.490887368707549,-7.478852475651877,24,24
74,0.0,two_day,weak_skew,0.7560487902419516,-0.8263359178308196,-7.478852475651877,24,24
74,0.0,four_day,alt,0.00048828125,-9.817693232347166,-7.478852475651877,12,24
74,0.0,four_day,sharp,0.54345703125,-0.8731008178893424,-7.478852475651877,12,24
74,0.0,four_day,weak,0.6064453125,-1.788596098825387,-7.478852475651877,12,24
74,0.0,four_day,weak_skew,0.46337890625,-1.9041425849808917,-7.478852475651877,12,24
75,0.0,daily,alt,0.0009998000399920016,-9.511599223627808,-11.122560081957324,24,24
75,0.0,daily,sharp,0.5220955808838232,1.296060345289826,-11.122560081957324,24,24
75,0.0,daily,weak,0.9302139572085583,0.22161524938094632,-11.122560081957324,24,24
75,0.0,daily,weak_skew,0.9796040791841631,-0.054975422635396086,-11.122560081957324,24,24
75,0.0,two_day,alt,0.0001999600079984003,-15.834383547874111,-11.122560081957324,24,24
75,0.0,two_day,sharp,0.14337132573485303,-2.832464819174922,-11.122560081957324,24,24
75,0.0,two_day,weak,0.09878024395120975,-4.062195970973792,-11.122560081957324,24,24
75,0.0,two_day,weak_skew,0.6672665466906619,-1.3089860724591034,-11.122560081957324,24,24
75,0.0,four_day,alt,0.00048828125,-13.951251925277772,-11.122560081957324,12,24
75,0.0,four_day,sharp,0.41845703125,-1.916348951741729,-11.122560081957324,12,24
75,0.0,four_day,weak,0.24267578125,-4.399062668152086,-11.122560081957324,12,24
75,0.0,four_day,weak_skew,0.63525390625,-1.8664215463396794,-11.122560081957324,12,24
76,0.0,daily,alt,0.09458108378324336,-4.271270924051103,-6.8789211612203545,24,24
76,0.0,daily,sharp,0.39752049590081984,0.9112854324850851,-6.8789211612203545,24,24
76,0.0,daily,weak,0.4295140971805639,1.6633004326151732,-6.8789211612203545,24,24
76,0.0,daily,weak_skew,0.6616676664667066,0.7465011856567747,-6.8789211612203545,24,24
76,0.0,two_day,alt,0.019596080783843232,-7.601610727787346,-6.8789211612203545,24,24
76,0.0,two_day,sharp,0.3001399720055989,-1.3754283422946048,-6.8789211612203545,24,24
76,0.0,two_day,weak,0.22615476904619075,-2.8125356135611987,-6.8789211612203545,24,24
76,0.0,two_day,weak_skew,0.39832033593281346,2.2647975584884565,-6.8789211612203545,24,24
76,0.0,four_day,alt,0.1708984375,-6.389574337674993,-6.8789211612203545,12,24
76,0.0,four_day,sharp,0.875,-0.2797568271863457,-6.8789211612203545,12,24
76,0.0,four_day,weak,0.431640625,1.79287162098937,-6.8789211612203545,12,24
76,0.0,four_day,weak_skew,0.97021484375,0.10234972270260141,-6.8789211612203545,12,24
77,0.0,daily,alt,0.0009998000399920016,-8.965273516789024,-8.649027981135163,24,24
77,0.0,daily,sharp,0.7698460307938413,-1.1211118728497638,-8.649027981135163,24,24
77,0.0,daily,weak,0.3125374925014997,-3.657221231338911,-8.649027981135163,24,24
77,0.0,daily,weak_skew,0.8852229554089183,0.4231168335356171,-8.649027981135163,24,24
77,0.0,two_day,alt,0.395120975804839,-2.509448992891763,-8.649027981135163,24,24
77,0.0,two_day,sharp,0.021995600879824034,6.164912563037856,-8.649027981135163,24,24
77,0.0,two_day,weak,0.28574285142971406,4.935839058758089,-8.649027981135163,24,24
77,0.0,two_day,weak_skew,0.014397120575884824,7.635900855615243,-8.649027981135163,24,24
77,0.0,four_day,alt,0.068359375,-7.620871787005174,-8.649027981135163,12,24
77,0.0,four_day,sharp,0.25927734375,4.068722043695514,-8.649027981135163,12,24
77,0.0,four_day,weak,0.19677734375,4.632991672097049,-8.649027981135163,12,24
77,0.0,four_day,weak_skew,0.7529296875,1.1449172213017675,-8.649027981135163,12,24
78,0.0,daily,alt,0.0001999600079984003,-11.582188064382224,-10.680222678705057,24,24
78,0.0,daily,sharp,0.7414517096580684,-0.41181956852110496,-10.680222678705057,24,24
78,0.0,daily,weak,0.26134773045390924,1.6287496558409218,-10.680222678705057,24,24
78,0.0,daily,weak_skew,0.5400919816036792,-1.0057059206812415,-10.680222678705057,24,24
78,0.0,two_day,alt,0.0001999600079984003,-9.718989461918476,-10.680222678705057,24,24
78,0.0,two_day,sharp,0.5758848230353929,0.9529626800908894,-10.680222678705057,24,24
78,0.0,two_day,weak,0.8652269546090782,0.4581948814619012,-10.680222678705057,24,24
78,0.0,two_day,weak_skew,0.7346530693861227,0.7000638135477377,-10.680222678705057,24,24
78,0.0,four_day,alt,0.1806640625,-5.10504873637795,-10.680222678705057,12,24
78,0.0,four_day,sharp,0.10107421875,4.1974448467733145,-10.680222678705057,12,24
78,0.0,four_day,weak,0.1484375,5.215734787578587,-10.680222678705057,12,24
78,0.0,four_day,weak_skew,0.275390625,2.764092360250388,-10.680222678705057,12,24
79,0.0,daily,alt,0.004399120175964807,-8.034647117804425,-8.849826135954729,24,24
79,0.0,daily,sharp,0.6472705458908218,0.682905179587598,-8.849826135954729,24,24
79,0.0,daily,weak,0.8120375924815036,0.4525288480248116,-8.849826135954729,24,24
79,0.0,daily,weak_skew,0.7842431513697261,0.42672072653391907,-8.849826135954729,24,24
79,0.0,two_day,alt,0.004199160167966407,-12.170685466315774,-8.849826135954729,24,24
79,0.0,two_day,sharp,0.3679264147170566,-2.254418976632199,-8.849826135954729,24,24
79,0.0,two_day,weak,0.6664667066586683,-1.1568746323973877,-8.849826135954729,24,24
79,0.0,two_day,weak_skew,0.4479104179164167,-2.326020494069692,-8.849826135954729,24,24
79,0.0,four_day,alt,0.2236328125,-7.154963464027177,-8.849826135954729,12,24
79,0.0,four_day,sharp,0.64208984375,-1.2984857755822592,-8.849826135954729,12,24
79,0.0,four_day,weak,0.96337890625,0.13573008072119622,-8.849826135954729,12,24
79,0.0,four_day,weak_skew,0.3369140625,-3.1072153966304636,-8.849826135954729,12,24
80,0.0,daily,alt,0.0003999200159968006,-7.135479827151283,-8.538768193115978,24,24
80,0.0,daily,sharp,0.7454509098180364,0.4781189320891504,-8.538768193115978,24,24
80,0.0,daily,weak,0.23775244951009797,2.630262074304634,-8.538768193115978,24,24
80,0.0,daily,weak_skew,0.4579084183163367,1.2925864046280306,-8.538768193115978,24,24
80,0.0,two_day,alt,0.008198360327934412,-7.023794912563044,-8.538768193115978,24,24
80,0.0,two_day,sharp,0.8274345130973805,-0.6656893028160388,-8.538768193115978,24,24
80,0.0,two_day,weak,0.8232353529294141,-0.8435041553647485,-8.538768193115978,24,24
80,0.0,two_day,weak_skew,0.5228954209158169,-1.6957938199594567,-8.538768193115978,24,24
80,0.0,four_day,alt,0.00537109375,-14.940921861624197,-8.538768193115978,12,24
80,0.0,four_day,sharp,0.51806640625,-3.1033487508114543,-8.538768193115978,12,24
80,0.0,four_day,weak,0.54443359375,-2.3096413575739825,-8.538768193115978,12,24
80,0.0,four_day,weak_skew,0.28515625,-5.258082514671695,-8.538768193115978,12,24
81,0.0,daily,alt,0.030193961207758448,-7.948134332191114,-6.939614834155719,24,24
81,0.0,daily,sharp,0.3271345730853829,-1.0312624169273858,-6.939614834155719,24,24
81,0.0,daily,weak,0.1807638472305539,-2.125439381744054,-6.939614834155719,24,24
81,0.0,daily,weak_skew,0.5454909018196361,1.0147835434425803,-6.939614834155719,24,24
81,0.0,two_day,alt,0.0061987602479504095,-10.379582161701585,-6.939614834155719,24,24
81,0.0,two_day,sharp,0.3385322935412917,-1.1521059945016994,-6.939614834155719,24,24
81,0.0,two_day,weak,0.7414517096580684,0.674018436909296,-6.939614834155719,24,24
81,0.0,two_day,weak_skew,0.47170565886822635,1.4618939713757628,-6.939614834155719,24,24
81,0.0,four_day,alt,0.10595703125,-8.00833990970879,-6.939614834155719,12,24
81,0.0,four_day,sharp,0.67626953125,-0.526719806536402,-6.939614834155719,12,24
81,0.0,four_day,weak,0.50732421875,-2.6076926762429427,-6.939614834155719,12,24
81,0.0,four_day,weak_skew,0.40966796875,2.2527878168170123,-6.939614834155719,12,24
82,0.0,daily,alt,0.0001999600079984003,-14.559130827448621,-10.867478081331257,24,24
82,0.0,daily,sharp,0.6538692261547691,-1.0189705558891822,-10.867478081331257,24,24
82,0.0,daily,weak,0.1829634073185363,-2.9438400055498426,-10.867478081331257,24,24
82,0.0,daily,weak_skew,0.587882423515297,-1.2458123995403028,-10.867478081331257,24,24
82,0.0,two_day,alt,0.0003999200159968006,-16.166992372306527,-10.867478081331257,24,24
82,0.0,two_day,sharp,0.15516896620675866,-5.086831535746362,-10.867478081331257,24,24
82,0.0,two_day,weak,0.41511697660467906,-3.012389545192322,-10.867478081331257,24,24
82,0.0,two_day,weak_skew,0.27434513097380525,-4.331063902781313,-10.867478081331257,24,24
82,0.0,four_day,alt,0.20361328125,-8.661852828086374,-10.867478081331257,12,24
82,0.0,four_day,sharp,0.43212890625,5.041866439847754,-10.867478081331257,12,24
82,0.0,four_day,weak,0.61962890625,3.6486097215725994,-10.867478081331257,12,24
82,0.0,four_day,weak_skew,0.33935546875,7.8806498023819636,-10.867478081331257,12,24
83,0.0,daily,alt,0.0003999200159968006,-7.927044235150461,-4.957168821506286,24,24
83,0.0,daily,sharp,0.052589482103579284,-2.1665262325291583,-4.957168821506286,24,24
83,0.0,daily,weak,0.2503499300139972,-2.5620215404935913,-4.957168821506286,24,24
83,0.0,daily,weak_skew,0.9422115576884623,0.16120484107193742,-4.957168821506286,24,24
83,0.0,two_day,alt,0.05538892221555689,-4.366055920645199,-4.957168821506286,24,24
83,0.0,two_day,sharp,0.643871225754849,0.9104050332643316,-4.957168821506286,24,24
83,0.0,two_day,weak,0.09358128374325135,4.327924000138313,-4.957168821506286,24,24
83,0.0,two_day,weak_skew,0.870625874825035,0.4197932481064548,-4.957168821506286,24,24
83,0.0,four_day,alt,0.04248046875,-7.144802562154559,-4.957168821506286,12,24
83,0.0,four_day,sharp,0.37060546875,-2.121429292904178,-4.957168821506286,12,24
83,0.0,four_day,weak,0.9619140625,0.17578010130117683,-4.957168821506286,12,24
83,0.0,four_day,weak_skew,0.72412109375,-1.0609429745675854,-4.957168821506286,12,24
84,0.0,daily,alt,0.0001999600079984003,-12.247863198081625,-9.676445173078243,24,24
84,0.0,daily,sharp,0.06858628274345131,-2.159940055013697,-9.676445173078243,24,24
84,0.0,daily,weak,0.5552889422115577,-1.0496868879767554,-9.676445173078243,24,24
84,0.0,daily,weak_skew,0.08398320335932813,-2.5216804943830664,-9.676445173078243,24,24
84,0.0,two_day,alt,0.0007998400319936012,-10.091346402038319,-9.676445173078243,24,24
84,0.0,two_day,sharp,0.6170765846830634,0.8598471201005969,-9.676445173078243,24,24
84,0.0,two_day,weak,0.6570685862827434,1.4036132822758791,-9.676445173078243,24,24
84,0.0,two_day,weak_skew,0.20775844831033793,2.485292356884077,-9.676445173078243,24,24
84,0.0,four_day,alt,0.00048828125,-12.06651817985769,-9.676445173078243,12,24
84,0.0,four_day,sharp,0.91552734375,-0.20532064753964363,-9.676445173078243,12,24
84,0.0,four_day,weak,0.89501953125,-0.5169323304331522,-9.676445173078243,12,24
84,0.0,four_day,weak_skew,0.8564453125,0.5563066528313723,-9.676445173078243,12,24
85,0.0,daily,alt,0.0001999600079984003,-10.75114903533754,-8.519895963163826,24,24
85,0.0,daily,sharp,0.17256548690261947,-2.4681503745589857,-8.519895963163826,24,24
85,0.0,daily,weak,0.131373725254949,-3.3985467868801673,-8.519895963163826,24,24
85,0.0,daily,weak_skew,0.1967606478704259,-3.0791797481893988,-8.519895963163826,24,24
85,0.0,two_day,alt,0.052789442111577684,-8.292256698203778,-8.519895963163826,24,24
85,0.0,two_day,sharp,0.6890621875624875,-0.7841596997798478,-8.519895963163826,24,24
85,0.0,two_day,weak,0.9732053589282144,0.10038262826953186,-8.519895963163826,24,24
85,0.0,two_day,weak_skew,0.15756848630273945,-3.0021822184730014,-8.519895963163826,24,24
85,0.0,four_day,alt,0.02685546875,-10.208567752334005,-8.519895963163826,12,24
85,0.0,four_day,sharp,0.9580078125,0.07150810256091293,-8.519895963163826,12,24
85,0.0,four_day,weak,0.67333984375,-1.4723153154348647,-8.519895963163826,12,24
85,0.0,four_day,weak_skew,0.94384765625,-0.14746431500427035,-8.519895963163826,12,24
86,0.0,daily,alt,0.9308138372325535,0.4485907869994727,-4.189121759151973,24,24
86,0.0,daily,sharp,0.5462907418516296,1.4046249105908053,-4.189121759151973,24,24
86,0.0,daily,weak,0.5626874625074985,1.5569190650149618,-4.189121759151973,24,24
86,0.0,daily,weak_skew,0.5594881023795241,1.5579963996742656,-4.189121759151973,24,24
86,0.0,two_day,alt,0.3769246150769846,-5.839995673672959,-4.189121759151973,24,24
86,0.0,two_day,sharp,0.27974405118976203,-3.8702769812229927,-4.189121759151973,24,24
86,0.0,two_day,weak,0.2907418516296741,-4.413683725308432,-4.189121759151973,24,24
86,0.0,two_day,weak_skew,0.3223355328934213,-4.1138324013448,-4.189121759151973,24,24
86,0.0,four_day,alt,0.197265625,-5.811533350835174,-4.189121759151973,12,24
86,0.0,four_day,sharp,0.56640625,-1.4011444682184908,-4.189121759151973,12,24
86,0.0,four_day,weak,0.6376953125,-2.0508683686005083,-4.189121759151973,12,24
86,0.0,four_day,weak_skew,0.810546875,1.0056151696180244,-4.189121759151973,12,24
87,0.0,daily,alt,0.0001999600079984003,-10.12704072163518,-7.78449488339588,24,24
87,0.0,daily,sharp,0.5536892621475705,-0.6928805535940068,-7.78449488339588,24,24
87,0.0,daily,weak,0.635872825434913,-0.8636534941212162,-7.78449488339588,24,24
87,0.0,daily,weak_skew,0.10697860427914417,-2.289117618972675,-7.78449488339588,24,24
87,0.0,two_day,alt,0.0001999600079984003,-10.133174758041582,-7.78449488339588,24,24
87,0.0,two_day,sharp,0.2887422515496901,-1.3144289540842264,-7.78449488339588,24,24
87,0.0,two_day,weak,0.22435512897420515,-2.254607959017461,-7.78449488339588,24,24
87,0.0,two_day,weak_skew,0.46230753849230155,-2.1692071917948414,-7.78449488339588,24,24
87,0.0,four_day,alt,0.10400390625,-6.949558834033702,-7.78449488339588,12,24
87,0.0,four_day,sharp,0.796875,-0.4489860894306628,-7.78449488339588,12,24
87,0.0,four_day,weak,0.234375,-4.201416427911831,-7.78449488339588,12,24
87,0.0,four_day,weak_skew,0.857421875,0.49379923000311976,-7.78449488339588,12,24
88,0.0,daily,alt,0.010797840431913617,-6.867658303988374,-7.493809479158664,24,24
88,0.0,daily,sharp,0.8386322735452909,0.22567228897590694,-7.493809479158664,24,24
88,0.0,daily,weak,0.35372925414917017,-1.6254332272099836,-7.493809479158664,24,24
88,0.0,daily,weak_skew,0.2589482103579284,3.165518113075109,-7.493809479158664,24,24
88,0.0,two_day,alt,0.0005998800239952009,-10.982237763498162,-7.493809479158664,24,24
88,0.0,two_day,sharp,0.42071585682863427,-1.3322916179784208,-7.493809479158664,24,24
88,0.0,two_day,weak,0.1957608478304339,-2.7748026997542596,-7.493809479158664,24,24
88,0.0,two_day,weak_skew,0.2555488902219556,-2.7923375219968825,-7.493809479158664,24,24
88,0.0,four_day,alt,0.09912109375,-6.400511358881938,-7.493809479158664,12,24
88,0.0,four_day,sharp,0.92333984375,0.22255706434206068,-7.493809479158664,12,24
88,0.0,four_day,weak,0.73388671875,1.2805937354173842,-7.493809479158664,12,24
88,0.0,four_day,weak_skew,0.85400390625,0.7323929325633814,-7.493809479158664,12,24
89,0.0,daily,alt,0.0001999600079984003,-13.71881648976147,-11.63373901989987,24,24
89,0.0,daily,sharp,0.978004399120176,-0.09047238800815934,-11.63373901989987,24,24
89,0.0,daily,weak,0.8096380723855229,-0.7541314467147924,-11.63373901989987,24,24
89,0.0,daily,weak_skew,0.9956008798240352,0.011657633175538251,-11.63373901989987,24,24
89,0.0,two_day,alt,0.009998000399920015,-12.531668757115972,-11.63373901989987,24,24
89,0.0,two_day,sharp,0.9852029594081184,0.12579554899806902,-11.63373901989987,24,24
89,0.0,two_day,weak,0.7828434313137372,1.3414528414710656,-11.63373901989987,24,24
89,0.0,two_day,weak_skew,0.5930813837232554,3.0162503251693304,-11.63373901989987,24,24
89,0.0,four_day,alt,0.06591796875,-10.159367486435379,-11.63373901989987,12,24
89,0.0,four_day,sharp,0.7275390625,1.29189444765701,-11.63373901989987,12,24
89,0.0,four_day,weak,0.7021484375,-1.7834373217089077,-11.63373901989987,12,24
89,0.0,four_day,weak_skew,0.43896484375,3.347631278141391,-11.63373901989987,12,24
90,0.0,daily,alt,0.0001999600079984003,-11.617017451274814,-9.863191838673764,24,24
90,0.0,daily,sharp,0.5326934613077384,-1.1021219994997418,-9.863191838673764,24,24
90,0.0,daily,weak,0.3223355328934213,-2.1271393560290184,-9.863191838673764,24,24
90,0.0,daily,weak_skew,0.9628074385122976,-0.0905626274501173,-9.863191838673764,24,24
90,0.0,two_day,alt,0.0001999600079984003,-12.447185176041373,-9.863191838673764,24,24
90,0.0,two_day,sharp,0.10637872425514897,-3.017171665988066,-9.863191838673764,24,24
90,0.0,two_day,weak,0.20455908818236354,-2.3671887110293377,-9.863191838673764,24,24
90,0.0,two_day,weak_skew,0.8194361127774445,0.6724375274276904,-9.863191838673764,24,24
90,0.0,four_day,alt,0.03466796875,-6.24636889029108,-9.863191838673764,12,24
90,0.0,four_day,sharp,0.18310546875,3.1528594757669453,-9.863191838673764,12,24
90,0.0,four_day,weak,0.224609375,4.971722003856791,-9.863191838673764,12,24
90,0.0,four_day,weak_skew,0.26220703125,4.003428425903696,-9.863191838673764,12,24
91,0.0,daily,alt,0.0001999600079984003,-13.96261462570074,-11.981174802635024,24,24
91,0.0,daily,sharp,0.730253949210158,-0.7826612077703793,-11.981174802635024,24,24
91,0.0,daily,weak,0.831633673265347,-0.6450710065231219,-11.981174802635024,24,24
91,0.0,daily,weak_skew,0.7060587882423516,1.0781558209619548,-11.981174802635024,24,24
91,0.0,two_day,alt,0.0001999600079984003,-13.638381430488307,-11.981174802635024,24,24
91,0.0,two_day,sharp,0.3823235352929414,-2.102907704041721,-11.981174802635024,24,24
91,0.0,two_day,weak,0.40351929614077187,-3.0937332263588906,-11.981174802635024,24,24
91,0.0,two_day,weak_skew,0.05398920215956809,-5.373314225231007,-11.981174802635024,24,24
91,0.0,four_day,alt,0.09033203125,-10.739544325970817,-11.981174802635024,12,24
91,0.0,four_day,sharp,0.8525390625,0.758613472133634,-11.981174802635024,12,24
91,0.0,four_day,weak,0.51953125,3.4183620601861464,-11.981174802635024,12,24
91,0.0,four_day,weak_skew,0.71533203125,-1.8231129155171082,-11.981174802635024,12,24
92,0.0,daily,alt,0.01199760047990402,-5.7487072222863835,-6.630535904949667,24,24
92,0.0,daily,sharp,0.18056388722255548,1.968639574403002,-6.630535904949667,24,24
92,0.0,daily,weak,0.8964207158568286,0.27229542385618605,-6.630535904949667,24,24
92,0.0,daily,weak_skew,0.5634873025394921,0.8577813118699981,-6.630535904949667,24,24
92,0.0,two_day,alt,0.5286942611477704,-2.448113194544552,-6.630535904949667,24,24
92,0.0,two_day,sharp,0.377124575084983,2.4015360336824574,-6.630535904949667,24,24
92,0.0,two_day,weak,0.9344131173765247,0.2353310984417094,-6.630535904949667,24,24
92,0.0,two_day,weak_skew,0.8630273945210958,0.5156350096216767,-6.630535904949667,24,24
92,0.0,four_day,alt,0.01904296875,-8.805545521782213,-6.630535904949667,12,24
92,0.0,four_day,sharp,0.67919921875,0.8757241299113426,-6.630535904949667,12,24
92,0.0,four_day,weak,0.578125,-1.8606280856552597,-6.630535904949667,12,24
92,0.0,four_day,weak_skew,0.75244140625,0.9065669479098061,-6.630535904949667,12,24
93,0.0,daily,alt,0.27214557088582286,-4.498965496922462,-5.786654771636577,24,24
93,0.0,daily,sharp,0.74125174965007,-0.82062709908862,-5.786654771636577,24,24
93,0.0,daily,weak,0.6906618676264747,0.8762358277980509,-5.786654771636577,24,24
93,0.0,daily,weak_skew,0.7964407118576284,0.7154192501052604,-5.786654771636577,24,24
93,0.0,two_day,alt,0.07038592281543692,-7.840915064079193,-5.786654771636577,24,24
93,0.0,two_day,sharp,0.6392721455708859,-0.8938119371610211,-5.786654771636577,24,24
93,0.0,two_day,weak,0.6558688262347531,1.0999968871658619,-5.786654771636577,24,24
93,0.0,two_day,weak_skew,0.879624075184963,-0.5317332435501919,-5.786654771636577,24,24
93,0.0,four_day,alt,0.10498046875,-7.293024136106861,-5.786654771636577,12,24
93,0.0,four_day,sharp,0.95556640625,-0.08986688567757639,-5.786654771636577,12,24
93,0.0,four_day,weak,0.6708984375,-1.2223175163492044,-5.786654771636577,12,24
93,0.0,four_day,weak_skew,0.9326171875,0.28729031548956563,-5.786654771636577,12,24
94,0.0,daily,alt,0.0001999600079984003,-10.43424160036961,-8.97254555688994,24,24
94,0.0,daily,sharp,0.824635072985403,0.36843282106786646,-8.97254555688994,24,24
94,0.0,daily,weak,0.06818636272745451,-2.827020179705553,-8.97254555688994,24,24
94,0.0,daily,weak_skew,0.27874425114977003,2.076387729414272,-8.97254555688994,24,24
94,0.0,two_day,alt,0.0001999600079984003,-8.774931075440657,-8.97254555688994,24,24
94,0.0,two_day,sharp,1.0,8.907218855824794e-05,-8.97254555688994,24,24
94,0.0,two_day,weak,0.3675264947010598,1.8221114704133445,-8.97254555688994,24,24
94,0.0,two_day,weak_skew,0.22255548890221954,-2.3937312505329977,-8.97254555688994,24,24
94,0.0,four_day,alt,0.52978515625,-2.889572527967775,-8.97254555688994,12,24
94,0.0,four_day,sharp,0.4130859375,2.5293896410008005,-8.97254555688994,12,24
94,0.0,four_day,weak,0.5947265625,1.8533824672572272,-8.97254555688994,12,24
94,0.0,four_day,weak_skew,0.20166015625,5.426236968094827,-8.97254555688994,12,24
95,0.0,daily,alt,0.0001999600079984003,-17.68292671071667,-14.50837297138996,24,24
95,0.0,daily,sharp,0.7984403119376124,-0.5669539947652273,-14.50837297138996,24,24
95,0.0,daily,weak,0.5432913417316537,-1.5996830832353528,-14.50837297138996,24,24
95,0.0,daily,weak_skew,0.2481503699260148,-2.9917809247339835,-14.50837297138996,24,24
95,0.0,two_day,alt,0.003199360127974405,-13.269810861551356,-14.50837297138996,24,24
95,0.0,two_day,sharp,0.6976604679064187,1.3802065988795806,-14.50837297138996,24,24
95,0.0,two_day,weak,0.7520495900819836,-1.4128223120872718,-14.50837297138996,24,24
95,0.0,two_day,weak_skew,0.6326734653069386,2.1000903730981313,-14.50837297138996,24,24
95,0.0,four_day,alt,0.4365234375,-3.9079890228744625,-14.50837297138996,12,24
95,0.0,four_day,sharp,0.1533203125,8.33212957527449,-14.50837297138996,12,24
95,0.0,four_day,weak,0.12109375,9.635780199557932,-14.50837297138996,12,24
95,0.0,four_day,weak_skew,0.27587890625,7.868783745701575,-14.50837297138996,12,24
96,0.0,daily,alt,0.009398120375924815,-8.825984523184758,-11.32025284287677,24,24
96,0.0,daily,sharp,0.3993201359728054,1.52838518368353,-11.32025284287677,24,24
96,0.0,daily,weak,0.9924015196960608,-0.02109388792437983,-11.32025284287677,24,24
96,0.0,daily,weak_skew,0.20135972805438912,3.5689535463708104,-11.32025284287677,24,24
96,0.0,two_day,alt,0.0001999600079984003,-13.08445505195562,-11.32025284287677,24,24
96,0.0,two_day,sharp,0.6860627874425115,0.905624393591277,-11.32025284287677,24,24
96,0.0,two_day,weak,0.47850429914017195,1.9430926936623802,-11.32025284287677,24,24
96,0.0,two_day,weak_skew,0.12037592481503699,4.066346577318197,-11.32025284287677,24,24
96,0.0,four_day,alt,0.0224609375,-10.28198228543979,-11.32025284287677,12,24
96,0.0,four_day,sharp,0.93115234375,-0.25085810691125826,-11.32025284287677,12,24
96,0.0,four_day,weak,0.84765625,0.8705307696092989,-11.32025284287677,12,24
96,0.0,four_day,weak_skew,0.70751953125,1.046619625253724,-11.32025284287677,12,24
97,0.0,daily,alt,0.20695860827834434,-4.629947939780307,-8.0562235301823,24,24
97,0.0,daily,sharp,0.34173165366926617,1.8932425361088399,-8.0562235301823,24,24
97,0.0,daily,weak,0.03939212157568486,4.1684121100714,-8.0562235301823,24,24
97,0.0,daily,weak_skew,0.9862027594481104,-0.04249595187920274,-8.0562235301823,24,24
97,0.0,two_day,alt,0.003199360127974405,-9.908286056727395,-8.0562235301823,24,24
97,0.0,two_day,sharp,0.9038192361527695,-0.29698786829462814,-8.0562235301823,24,24
97,0.0,two_day,weak,0.7086582683463307,1.031610541511611,-8.0562235301823,24,24
97,0.0,two_day,weak_skew,0.8378324335132974,-0.6005872888909982,-8.0562235301823,24,24
97,0.0,four_day,alt,0.0009765625,-12.571570120360853,-8.0562235301823,12,24
97,0.0,four_day,sharp,0.037109375,-3.274844681612923,-8.0562235301823,12,24
97,0.0,four_day,weak,0.3525390625,-3.4304341442793227,-8.0562235301823,12,24
97,0.0,four_day,weak_skew,0.10205078125,-4.0505378440380815,-8.0562235301823,12,24
98,0.0,daily,alt,0.005198960207958408,-10.154990451523123,-8.578731544278078,24,24
98,0.0,daily,sharp,0.5414917016596681,-1.233257541760663,-8.578731544278078,24,24
98,0.0,daily,weak,0.15476904619076184,-3.699258930411889,-8.578731544278078,24,24
98,0.0,daily,weak_skew,0.7192561487702459,-0.8247444847317439,-8.578731544278078,24,24
98,0.0,two_day,alt,0.20895820835832835,-5.9337469967125545,-8.578731544278078,24,24
98,0.0,two_day,sharp,0.4373125374925015,1.5768408259964835,-8.578731544278078,24,24
98,0.0,two_day,weak,0.524495100979804,-1.371656058098659,-8.578731544278078,24,24
98,0.0,two_day,weak_skew,0.8248350329934013,0.7837345611046018,-8.578731544278078,24,24
98,0.0,four_day,alt,0.12939453125,-7.902716075445588,-8.578731544278078,12,24
98,0.0,four_day,sharp,0.8642578125,-0.4524264304149804,-8.578731544278078,12,24
98,0.0,four_day,weak,0.07958984375,-5.238841166101224,-8.578731544278078,12,24
98,0.0,four_day,weak_skew,0.8486328125,0.6312562180228749,-8.578731544278078,12,24
99,0.0,daily,alt,0.00599880023995201,-6.545184225033154,-6.906864478550126,24,24
99,0.0,daily,sharp,0.7740451909618077,-0.5612125164535481,-6.906864478550126,24,24
99,0.0,daily,weak,0.9316136772645471,0.19448007708725493,-6.906864478550126,24,24
99,0.0,daily,weak_skew,0.10457908418316336,4.346099571075112,-6.906864478550126,24,24
99,0.0,two_day,alt,0.0001999600079984003,-12.180925738531693,-6.906864478550126,24,24
99,0.0,two_day,sharp,0.04499100179964007,-4.420757874892172,-6.906864478550126,24,24
99,0.0,two_day,weak,0.1933613277344531,-4.202391400599869,-6.906864478550126,24,24
99,0.0,two_day,weak_skew,0.10237952409518096,-5.030514687144884,-6.906864478550126,24,24
99,0.0,four_day,alt,0.0556640625,-4.722367922762012,-6.906864478550126,12,24
99,0.0,four_day,sharp,0.12451171875,2.174987249960402,-6.906864478550126,12,24
99,0.0,four_day,weak,0.892578125,0.33532735001213787,-6.906864478550126,12,24
99,0.0,four_day,weak_skew,0.56298828125,1.483608282415669,-6.906864478550126,12,24
100,0.0,daily,alt,0.0001999600079984003,-11.897273692781866,-10.268475700381508,24,24
100,0.0,daily,sharp,0.5622875424915017,-1.1452361602331715,-10.268475700381508,24,24
100,0.0,daily,weak,0.5410917816436712,-1.331559175255701,-10.268475700381508,24,24
100,0.0,daily,weak_skew,0.5936812637472505,1.5082263761529922,-10.268475700381508,24,24
100,0.0,two_day,alt,0.05458908218356329,-7.636626183402868,-10.268475700381508,24,24
100,0.0,two_day,sharp,0.9178164367126574,0.2600383035279708,-10.268475700381508,24,24
100,0.0,two_day,weak,0.4315136972605479,2.389934981027065,-10.268475700381508,24,24
100,0.0,two_day,weak_skew,0.5316936612677464,1.7528734109713773,-10.268475700381508,24,24
100,0.0,four_day,alt,0.01611328125,-11.706750228922054,-10.268475700381508,12,24
100,0.0,four_day,sharp,0.8056640625,1.0072094041295945,-10.268475700381508,12,24
100,0.0,four_day,weak,0.3681640625,4.9567561242140075,-10.268475700381508,12,24
100,0.0,four_day,weak_skew,0.90673828125,0.6143715802131187,-10.268475700381508,12,24
101,0.0,daily,alt,0.03519296140771846,-5.702325823975369,-9.228246970221846,24,24
101,0.0,daily,sharp,0.5550889822035593,1.223160748862762,-9.228246970221846,24,24
101,0.0,daily,weak,0.4833033393321336,1.807630094142132,-9.228246970221846,24,24
101,0.0,daily,weak_skew,0.7136572685462907,-0.8147964986921524,-9.228246970221846,24,24
101,0.0,two_day,alt,0.09898020395920816,-7.930898381523204,-9.228246970221846,24,24
101,0.0,two_day,sharp,0.8798240351929614,0.7058105119332833,-9.228246970221846,24,24
101,0.0,two_day,weak,0.7378524295140971,1.6643727645100652,-9.228246970221846,24,24
101,0.0,two_day,weak_skew,0.4013197360527894,4.002721054324888,-9.228246970221846,24,24
101,0.0,four_day,alt,0.31005859375,-2.902605264595929,-9.228246970221846,12,24
101,0.0,four_day,sharp,0.0732421875,4.818168122967319,-9.228246970221846,12,24
101,0.0,four_day,weak,0.033203125,6.293722519935575,-9.228246970221846,12,24
101,0.0,four_day,weak_skew,0.2841796875,4.416377125131228,-9.228246970221846,12,24
102,0.0,daily,alt,0.0001999600079984003,-7.948886107218622,-8.361132994416941,24,24
102,0.0,daily,sharp,0.6744651069786043,0.43561595393556257,-8.361132994416941,24,24
102,0.0,daily,weak,0.46070785842831435,1.1693824689819532,-8.361132994416941,24,24
102,0.0,daily,weak_skew,0.728254349130174,-0.49588381001979326,-8.361132994416941,24,24
102,0.0,two_day,alt,0.008998200359928014,-8.551177432772295,-8.361132994416941,24,24
102,0.0,two_day,sharp,0.8838232353529294,0.27561642851083573,-8.361132994416941,24,24
102,0.0,two_day,weak,0.6102779444111178,0.962084996208142,-8.361132994416941,24,24
102,0.0,two_day,weak_skew,0.4363127374525095,-1.3866953957713237,-8.361132994416941,24,24
102,0.0,four_day,alt,0.55908203125,1.6435729919577238,-8.361132994416941,12,24
102,0.0,four_day,sharp,0.009765625,7.618881502351556,-8.361132994416941,12,24
102,0.0,four_day,weak,0.0244140625,7.868565104311671,-8.361132994416941,12,24
102,0.0,four_day,weak_skew,0.21142578125,5.557562691520926,-8.361132994416941,12,24
103,0.0,daily,alt,0.0001999600079984003,-10.927480229204292,-8.390252589520813,24,24
103,0.0,daily,sharp,0.17796440711857628,-1.9516779397645052,-8.390252589520813,24,24
103,0.0,daily,weak,0.1271745650869826,-3.475265443808322,-8.390252589520813,24,24
103,0.0,daily,weak_skew,0.45090981803639274,-1.725684349531802,-8.390252589520813,24,24
103,0.0,two_day,alt,0.0001999600079984003,-12.278262167291212,-8.390252589520813,24,24
103,0.0,two_day,sharp,0.265746850629874,-1.6559022901741927,-8.390252589520813,24,24
103,0.0,two_day,weak,0.3287342531493701,-2.3651592205106318,-8.390252589520813,24,24
103,0.0,two_day,weak_skew,0.03559288142371526,-4.339539321264816,-8.390252589520813,24,24
103,0.0,four_day,alt,0.00048828125,-14.376703591098307,-8.390252589520813,12,24
103,0.0,four_day,sharp,0.0146484375,-4.386026066306788,-8.390252589520813,12,24
103,0.0,four_day,weak,0.08740234375,-6.447301939653546,-8.390252589520813,12,24
103,0.0,four_day,weak_skew,0.00048828125,-6.834814041583615,-8.390252589520813,12,24
104,0.0,daily,alt,0.005198960207958408,-7.103815789238656,-6.545031444476649,24,24
104,0.0,daily,sharp,0.18056388722255548,-1.8434436787442197,-6.545031444476649,24,24
104,0.0,daily,weak,0.1225754849030194,-3.2335865185187562,-6.545031444476649,24,24
104,0.0,daily,weak_skew,0.5724855028994201,1.3039278999975936,-6.545031444476649,24,24
104,0.0,two_day,alt,0.1835632873425315,-5.8024737266201285,-6.545031444476649,24,24
104,0.0,two_day,sharp,0.6852629474105179,-1.003952578816822,-6.545031444476649,24,24
104,0.0,two_day,weak,0.3093381323735253,-3.5242865543554154,-6.545031444476649,24,24
104,0.0,two_day,weak_skew,0.8012397520495901,-0.763404739366397,-6.545031444476649,24,24
104,0.0,four_day,alt,0.2080078125,-3.6161744417969186,-6.545031444476649,12,24
104,0.0,four_day,sharp,0.26318359375,2.151647591161297,-6.545031444476649,12,24
104,0.0,four_day,weak,0.05029296875,5.492317114128475,-6.545031444476649,12,24
104,0.0,four_day,weak_skew,0.140625,4.098101290139344,-6.545031444476649,12,24
105,0.0,daily,alt,0.0001999600079984003,-10.733858821409044,-10.749160908653764,24,24
105,0.0,daily,sharp,0.9338132373525295,-0.08798836367321587,-10.749160908653764,24,24
105,0.0,daily,weak,0.989002199560088,0.020166742582936752,-10.749160908653764,24,24
105,0.0,daily,weak_skew,0.7406518696260748,0.5815067560113508,-10.749160908653764,24,24
105,0.0,two_day,alt,0.0001999600079984003,-11.631475139679265,-10.749160908653764,24,24
105,0.0,two_day,sharp,0.8008398320335933,0.31575123944864875,-10.749160908653764,24,24
105,0.0,two_day,weak,0.972005598880224,0.0763286105982166,-10.749160908653764,24,24
105,0.0,two_day,weak_skew,0.033193361327734455,4.956010404940085,-10.749160908653764,24,24
105,0.0,four_day,alt,0.005859375,-11.407693775010202,-10.749160908653764,12,24
105,0.0,four_day,sharp,0.80126953125,0.38840189652884166,-10.749160908653764,12,24
105,0.0,four_day,weak,0.66943359375,0.8200698245780783,-10.749160908653764,12,24
105,0.0,four_day,weak_skew,0.28515625,-2.2668537079928286,-10.749160908653764,12,24
106,0.0,daily,alt,0.0001999600079984003,-8.87540239946576,-7.006855022122629,24,24
106,0.0,daily,sharp,0.47690461907618475,-1.175765502089597,-7.006855022122629,24,24
106,0.0,daily,weak,0.42231553689262147,1.7999767152111952,-7.006855022122629,24,24
106,0.0,daily,weak_skew,0.7668466306738653,-0.5491316505205773,-7.006855022122629,24,24
106,0.0,two_day,alt,0.03459308138372325,-5.950938634908444,-7.006855022122629,24,24
106,0.0,two_day,sharp,0.6544691061787642,0.8977524356210097,-7.006855022122629,24,24
106,0.0,two_day,weak,0.9190161967606478,0.3457458602642903,-7.006855022122629,24,24
106,0.0,two_day,weak_skew,0.3769246150769846,-1.7218899629122761,-7.006855022122629,24,24
106,0.0,four_day,alt,0.00537109375,-8.437830045617787,-7.006855022122629,12,24
106,0.0,four_day,sharp,0.54833984375,-1.6564853054800466,-7.006855022122629,12,24
106,0.0,four_day,weak,0.57080078125,2.4411376744459967,-7.006855022122629,12,24
106,0.0,four_day,weak_skew,0.509765625,-1.7690444835299501,-7.006855022122629,12,24
107,0.0,daily,alt,0.0001999600079984003,-13.92339551337263,-10.028370712703122,24,24
107,0.0,daily,sharp,0.21235752849430115,-2.583572619262399,-10.028370712703122,24,24
107,0.0,daily,weak,0.15436912617476506,-3.932920465740974,-10.028370712703122,24,24
107,0.0,daily,weak_skew,0.05598880223955209,-3.8350277442689342,-10.028370712703122,24,24
107,0.0,two_day,alt,0.05618876224755049,-6.008657000646234,-10.028370712703122,24,24
107,0.0,two_day,sharp,0.17016596680663867,3.2750852400971233,-10.028370712703122,24,24
107,0.0,two_day,weak,0.023795240951809637,6.7954432275265075,-10.028370712703122,24,24
107,0.0,two_day,weak_skew,0.1267746450709858,4.102408063291073,-10.028370712703122,24,24
107,0.0,four_day,alt,0.0009765625,-13.521346653653913,-10.028370712703122,12,24
107,0.0,four_day,sharp,0.1015625,-4.360540079975359,-10.028370712703122,12,24
107,0.0,four_day,weak,0.6181640625,-1.64746681740245,-10.028370712703122,12,24
107,0.0,four_day,weak_skew,0.28857421875,-4.3354746468365475,-10.028370712703122,12,24
108,0.0,daily,alt,0.0001999600079984003,-15.444255178227065,-12.037665984362633,24,24
108,0.0,daily,sharp,0.05098980203959208,-4.145916582033739,-12.037665984362633,24,24
108,0.0,daily,weak,0.07578484303139373,-4.689568010815031,-12.037665984362633,24,24
108,0.0,daily,weak_skew,0.38492301539692064,-2.3292702953944393,-12.037665984362633,24,24
108,0.0,two_day,alt,0.002999400119976005,-11.434668267821438,-12.037665984362633,24,24
108,0.0,two_day,sharp,0.979004199160168,-0.0578942378899144,-12.037665984362633,24,24
108,0.0,two_day,weak,0.4751049790041992,2.1174986327134455,-12.037665984362633,24,24
108,0.0,two_day,weak_skew,0.4507098580283943,-2.2427137136607507,-12.037665984362633,24,24
108,0.0,four_day,alt,0.0283203125,-11.6138638978776,-12.037665984362633,12,24
108,0.0,four_day,sharp,0.62939453125,-1.7769828534887029,-12.037665984362633,12,24
108,0.0,four_day,weak,0.75927734375,1.2058190562013855,-12.037665984362633,12,24
108,0.0,four_day,weak_skew,0.6865234375,-1.767229034747637,-12.037665984362633,12,24
109,0.0,daily,alt,0.2019596080783843,-5.127682846738364,-7.9800467477027155,24,24
109,0.0,daily,sharp,0.5216956608678265,1.8390027436198766,-7.9800467477027155,24,24
109,0.0,daily,weak,0.28474305138972206,3.679382620200705,-7.9800467477027155,24,24
109,0.0,daily,weak_skew,0.8278344331133773,0.9140914390216824,-7.9800467477027155,24,24
109,0.0,two_day,alt,0.20395920815836832,-4.819966210434235,-7.9800467477027155,24,24
109,0.0,two_day,sharp,0.21275744851029793,4.6831214117689335,-7.9800467477027155,24,24
109,0.0,two_day,weak,0.25874825034993,3.5296296918655297,-7.9800467477027155,24,24
109,0.0,two_day,weak_skew,0.033193361327734455,8.769070508064717,-7.9800467477027155,24,24
109,0.0,four_day,alt,0.00146484375,-16.721640839683044,-7.9800467477027155,12,24
109,0.0,four_day,sharp,0.154296875,-6.7105148453097,-7.9800467477027155,12,24
109,0.0,four_day,weak,0.0908203125,-9.201372003619369,-7.9800467477027155,12,24
109,0.0,four_day,weak_skew,0.22705078125,-6.5754575447517025,-7.9800467477027155,12,24
110,0.0,daily,alt,0.0001999600079984003,-10.663945469213134,-11.234014759083422,24,24
110,0.0,daily,sharp,0.49870025994801037,0.7632452135282657,-11.234014759083422,24,24
110,0.0,daily,weak,0.2995400919816037,1.7477841609493163,-11.234014759083422,24,24
110,0.0,daily,weak_skew,0.2491501699660068,-1.448391096253994,-11.234014759083422,24,24
110,0.0,two_day,alt,0.0001999600079984003,-16.791269611288016,-11.234014759083422,24,24
110,0.0,two_day,sharp,0.007198560287942412,-3.5302087588012605,-11.234014759083422,24,24
110,0.0,two_day,weak,0.013997200559888023,-5.416158560560276,-11.234014759083422,24,24
110,0.0,two_day,weak_skew,0.32993401319736054,-2.303064404396472,-11.234014759083422,24,24
110,0.0,four_day,alt,0.00146484375,-10.889379189940257,-11.234014759083422,12,24
110,0.0,four_day,sharp,0.9697265625,-0.07672755169755874,-11.234014759083422,12,24
110,0.0,four_day,weak,0.701171875,-1.379967493589089,-11.234014759083422,12,24
110,0.0,four_day,weak_skew,0.24072265625,3.174355996994898,-11.234014759083422,12,24
111,0.0,daily,alt,0.002599480103979204,-7.092778971195319,-7.859059905093702,24,24
111,0.0,daily,sharp,0.7370525894821036,0.7035864977742454,-7.859059905093702,24,24
111,0.0,daily,weak,0.7162567486502699,0.7671327145028108,-7.859059905093702,24,24
111,0.0,daily,weak_skew,0.9134173165366927,-0.22793013859622638,-7.859059905093702,24,24
111,0.0,two_day,alt,0.0011997600479904018,-13.943605942087864,-7.859059905093702,24,24
111,0.0,two_day,sharp,0.10437912417516497,-5.523832538180077,-7.859059905093702,24,24
111,0.0,two_day,weak,0.19276144771045792,-5.567734207279962,-7.859059905093702,24,24
111,0.0,two_day,weak_skew,0.1367726454709058,-6.722015800723089,-7.859059905093702,24,24
111,0.0,four_day,alt,0.50244140625,-2.5813186278551643,-7.859059905093702,12,24
111,0.0,four_day,sharp,0.119140625,5.372631288333165,-7.859059905093702,12,24
111,0.0,four_day,weak,0.904296875,-0.3865317069948257,-7.859059905093702,12,24
111,0.0,four_day,weak_skew,0.0322265625,10.610557908804887,-7.859059905093702,12,24
112,0.0,daily,alt,0.004399120175964807,-7.719839450181219,-8.289249358931741,24,24
112,0.0,daily,sharp,0.8930213957208558,-0.2703750052369793,-8.289249358931741,24,24
112,0.0,daily,weak,0.7706458708258348,-0.7761760052620094,-8.289249358931741,24,24
112,0.0,daily,weak_skew,0.9486102779444111,0.1517576204860962,-8.289249358931741,24,24
112,0.0,two_day,alt,0.009998000399920015,-10.43403958744347,-8.289249358931741,24,24
112,0.0,two_day,sharp,0.7300539892021596,-0.8236879280145345,-8.289249358931741,24,24
112,0.0,two_day,weak,0.4301139772045591,-2.8765507985026217,-8.289249358931741,24,24
112,0.0,two_day,weak_skew,0.40311937612477505,-2.250076163272239,-8.289249358931741,24,24
112,0.0,four_day,alt,0.03662109375,-11.07263468383263,-8.289249358931741,12,24
112,0.0,four_day,sharp,0.2734375,-2.5480948362116744,-8.289249358931741,12,24
112,0.0,four_day,weak,0.4384765625,3.232916173378426,-8.289249358931741,12,24
112,0.0,four_day,weak_skew,0.21435546875,-3.420376077736169,-8.289249358931741,12,24
113,0.0,daily,alt,0.003199360127974405,-9.228063732455654,-6.805195005686841,24,24
113,0.0,daily,sharp,0.23115376924615078,-2.975203311015821,-6.805195005686841,24,24
113,0.0,daily,weak,0.989002199560088,-0.03894904698292034,-6.805195005686841,24,24
113,0.0,daily,weak_skew,0.09518096380723855,-4.1200036141710035,-6.805195005686841,24,24
113,0.0,two_day,alt,0.003799240151969606,-14.085412236356035,-6.805195005686841,24,24
113,0.0,two_day,sharp,0.05578884223155369,-6.752922193037162,-6.805195005686841,24,24
113,0.0,two_day,weak,0.16876624675064986,-6.373439234867178,-6.805195005686841,24,24
113,0.0,two_day,weak_skew,0.020195960807838434,-8.61352063071361,-6.805195005686841,24,24
113,0.0,four_day,alt,0.361328125,-4.696805397978378,-6.805195005686841,12,24
113,0.0,four_day,sharp,0.78955078125,1.051196189102786,-6.805195005686841,12,24
113,0.0,four_day,weak,0.9013671875,-0.4244258504123284,-6.805195005686841,12,24
113,0.0,four_day,weak_skew,0.34228515625,4.02933013732385,-6.805195005686841,12,24
114,0.0,daily,alt,0.0001999600079984003,-10.973775273200976,-9.274856427621302,24,24
114,0.0,daily,sharp,0.236752649470106,-1.359774067769662,-9.274856427621302,24,24
114,0.0,daily,weak,0.28534293141371725,-2.0964887537121903,-9.274856427621302,24,24
114,0.0,daily,weak_skew,0.057388522295540895,-2.7188194399745824,-9.274856427621302,24,24
114,0.0,two_day,alt,0.003599280143971206,-9.059129347542536,-9.274856427621302,24,24
114,0.0,two_day,sharp,0.7476504699060188,-0.6404972238760432,-9.274856427621302,24,24
114,0.0,two_day,weak,0.9206158768246351,-0.28753209747529773,-9.274856427621302,24,24
114,0.0,two_day,weak_skew,0.9764047190561888,0.06932537152406375,-9.274856427621302,24,24
114,0.0,four_day,alt,0.00048828125,-12.67078085133607,-9.274856427621302,12,24
114,0.0,four_day,sharp,0.15771484375,-3.4716131631690743,-9.274856427621302,12,24
114,0.0,four_day,weak,0.642578125,-1.4077741099349297,-9.274856427621302,12,24
114,0.0,four_day,weak_skew,0.0419921875,-7.926714927637302,-9.274856427621302,12,24
115,0.0,daily,alt,0.0001999600079984003,-10.445159334075832,-9.1830715328054,24,24
115,0.0,daily,sharp,0.753249350129974,-0.4010604411319285,-9.1830715328054,24,24
115,0.0,daily,weak,0.7538492301539692,0.5726945482877,-9.1830715328054,24,24
115,0.0,daily,weak_skew,0.6846630673865227,0.9225832651441973,-9.1830715328054,24,24
115,0.0,two_day,alt,0.0001999600079984003,-8.063459437184124,-9.1830715328054,24,24
115,0.0,two_day,sharp,0.3089382123575285,1.4248664511171858,-9.1830715328054,24,24
115,0.0,two_day,weak,0.47690461907618475,1.598344828385312,-9.1830715328054,24,24
115,0.0,two_day,weak_skew,0.6004799040191962,-0.8714765113647444,-9.1830715328054,24,24
115,0.0,four_day,alt,0.001953125,-11.319947759038593,-9.1830715328054,12,24
115,0.0,four_day,sharp,0.27197265625,-2.338055137498012,-9.1830715328054,12,24
115,0.0,four_day,weak,0.7060546875,-1.3679730549855584,-9.1830715328054,12,24
115,0.0,four_day,weak_skew,0.9990234375,-0.006813083882459973,-9.1830715328054,12,24
116,0.0,daily,alt,0.020995800839832032,-4.408982916109639,-6.258185878907838,24,24
116,0.0,daily,sharp,0.11237752449510098,2.4660721784567436,-6.258185878907838,24,24
116,0.0,daily,weak,0.5266946610677864,1.5625095692504807,-6.258185878907838,24,24
116,0.0,daily,weak_skew,0.05598880223955209,3.7929019306371714,-6.258185878907838,24,24
116,0.0,two_day,alt,0.08138372325534893,-5.063350335287243,-6.258185878907838,24,24
116,0.0,two_day,sharp,0.7776444711057788,0.7116003940912794,-6.258185878907838,24,24
116,0.0,two_day,weak,0.9988002399520096,-0.005896558625274532,-6.258185878907838,24,24
116,0.0,two_day,weak_skew,0.5384923015396921,1.9803858550970632,-6.258185878907838,24,24
116,0.0,four_day,alt,0.0009765625,-12.450819582796427,-6.258185878907838,12,24
116,0.0,four_day,sharp,0.03759765625,-6.17353935837874,-6.258185878907838,12,24
116,0.0,four_day,weak,0.01171875,-11.500718444660587,-6.258185878907838,12,24
116,0.0,four_day,weak_skew,0.26953125,-3.515482752580592,-6.258185878907838,12,24
117,0.0,daily,alt,0.0001999600079984003,-12.86397133293176,-11.17708868369926,24,24
117,0.0,daily,sharp,0.5236952609478105,-0.9541743207118557,-11.17708868369926,24,24
117,0.0,daily,weak,0.3077384523095381,-2.431599609016735,-11.17708868369926,24,24
117,0.0,daily,weak_skew,0.7818436312737452,0.6413569161605878,-11.17708868369926,24,24
117,0.0,two_day,alt,0.0001999600079984003,-12.655560205262523,-11.17708868369926,24,24
117,0.0,two_day,sharp,0.7222555488902219,-0.8027295293335222,-11.17708868369926,24,24
117,0.0,two_day,weak,0.9816036792641472,0.07536779754202054,-11.17708868369926,24,24
117,0.0,two_day,weak_skew,0.9434113177364527,0.2512345628044767,-11.17708868369926,24,24
117,0.0,four_day,alt,0.00048828125,-15.126708528180098,-11.17708868369926,12,24
117,0.0,four_day,sharp,0.1181640625,-1.7352101342896518,-11.17708868369926,12,24
117,0.0,four_day,weak,0.736328125,-0.6782546942717893,-11.17708868369926,12,24
117,0.0,four_day,weak_skew,0.30224609375,-2.312758532359737,-11.17708868369926,12,24
118,0.0,daily,alt,0.0001999600079984003,-10.407411920030787,-10.38264145460478,24,24
118,0.0,daily,sharp,0.6496700659868027,0.43390992634781433,-10.38264145460478,24,24
118,0.0,daily,weak,0.383123375324935,1.464969299082192,-10.38264145460478,24,24
118,0.0,daily,weak_skew,0.6744651069786043,0.9251317472405116,-10.38264145460478,24,24
118,0.0,two_day,alt,0.0001999600079984003,-11.43384474737627,-10.38264145460478,24,24
118,0.0,two_day,sharp,0.3753249350129974,-0.8406547042119712,-10.38264145460478,24,24
118,0.0,two_day,weak,0.8232353529294141,0.38929665697534066,-10.38264145460478,24,24
118,0.0,two_day,weak_skew,0.12077584483103379,-3.5673103285967422,-10.38264145460478,24,24
118,0.0,four_day,alt,0.001953125,-10.458528836367698,-10.38264145460478,12,24
118,0.0,four_day,sharp,0.888671875,0.1905113813618892,-10.38264145460478,12,24
118,0.0,four_day,weak,0.03271484375,-4.471174964534757,-10.38264145460478,12,24
118,0.0,four_day,weak_skew,0.294921875,4.375373358286563,-10.38264145460478,12,24
119,0.0,daily,alt,0.0001999600079984003,-11.661078367934586,-9.68034074451478,24,24
119,0.0,daily,sharp,0.3639272145570886,-0.9439025448435722,-9.68034074451478,24,24
119,0.0,daily,weak,0.4337132573485303,-1.248942242489868,-9.68034074451478,24,24
119,0.0,daily,weak_skew,0.28674265146970607,-1.8099621626812203,-9.68034074451478,24,24
119,0.0,two_day,alt,0.05378924215156969,-6.115920417433556,-9.68034074451478,24,24
119,0.0,two_day,sharp,0.15756848630273945,2.1318858415375774,-9.68034074451478,24,24
119,0.0,two_day,weak,0.5236952609478105,1.9629492038864684,-9.68034074451478,24,24
119,0.0,two_day,weak_skew,0.4903019396120776,2.0886651480492833,-9.68034074451478,24,24
119,0.0,four_day,alt,0.03515625,-8.947711916702197,-9.68034074451478,12,24
119,0.0,four_day,sharp,0.97607421875,0.059088992044678434,-9.68034074451478,12,24
119,0.0,four_day,weak,0.14453125,-3.7070199510400434,-9.68034074451478,12,24
119,0.0,four_day,weak_skew,0.87060546875,0.6831263251478271,-9.68034074451478,12,24
120,0.0,daily,alt,0.0001999600079984003,-10.089025620843517,-10.088436929761045,24,24
120,0.0,daily,sharp,0.6772645470905819,0.4375143318106218,-10.088436929761045,24,24
120,0.0,daily,weak,0.11417716456708658,-2.612168394771025,-10.088436929761045,24,24
120,0.0,daily,weak_skew,0.6444711057788443,0.6097996976526762,-10.088436929761045,24,24
120,0.0,two_day,alt,0.0023995200959808036,-8.747653467051272,-10.088436929761045,24,24
120,0.0,two_day,sharp,0.28134373125374923,2.052636615658797,-10.088436929761045,24,24
120,0.0,two_day,weak,0.7050589882023596,1.0215993519054043,-10.088436929761045,24,24
120,0.0,two_day,weak_skew,0.3103379324135173,3.2884902068485324,-10.088436929761045,24,24
120,0.0,four_day,alt,0.0009765625,-12.779028623027102,-10.088436929761045,12,24
120,0.0,four_day,sharp,0.83203125,-0.5243471007155177,-10.088436929761045,12,24
120,0.0,four_day,weak,0.27685546875,-3.1252538463036026,-10.088436929761045,12,24
120,0.0,four_day,weak_skew,0.53857421875,-2.3967402493434076,-10.088436929761045,12,24
121,0.0,daily,alt,0.0001999600079984003,-11.961817003514703,-9.900479470869605,24,24
121,0.0,daily,sharp,0.2469506098780244,-1.0984376928702178,-9.900479470869605,24,24
121,0.0,daily,weak,0.8604279144171165,-0.20386180334977913,-9.900479470869605,24,24
121,0.0,daily,weak_skew,0.9754049190161967,0.058045446312086156,-9.900479470869605,24,24
121,0.0,two_day,alt,0.0001999600079984003,-14.297405959296611,-9.900479470869605,24,24
121,0.0,two_day,sharp,0.11617676464707058,-2.00850096887123,-9.900479470869605,24,24
121,0.0,two_day,weak,0.2011597680463907,-2.865029230004533,-9.900479470869605,24,24
121,0.0,two_day,weak_skew,0.2471505698860228,-2.206030405120415,-9.900479470869605,24,24
121,0.0,four_day,alt,0.00244140625,-9.588663945887264,-9.900479470869605,12,24
121,0.0,four_day,sharp,0.96044921875,-0.08482095934162004,-9.900479470869605,12,24
121,0.0,four_day,weak,0.22509765625,-2.465805867674075,-9.900479470869605,12,24
121,0.0,four_day,weak_skew,0.25439453125,4.322893467474452,-9.900479470869605,12,24
122,0.0,daily,alt,0.0001999600079984003,-8.972493052703301,-7.667623899855343,24,24
122,0.0,daily,sharp,0.355128974205159,-1.2640036367766376,-7.667623899855343,24,24
122,0.0,daily,weak,0.8468306338732253,-0.33570689876571347,-7.667623899855343,24,24
122,0.0,daily,weak_skew,0.8660267946410718,-0.3386064263217981,-7.667623899855343,24,24
122,0.0,two_day,alt,0.0591881623675265,-4.114059200773329,-7.667623899855343,24,24
122,0.0,two_day,sharp,0.014797040591881624,4.187359042717824,-7.667623899855343,24,24
122,0.0,two_day,weak,0.08338332333533294,3.976852152055715,-7.667623899855343,24,24
122,0.0,two_day,weak_skew,0.46770645870825833,1.4625644292088857,-7.667623899855343,24,24
122,0.0,four_day,alt,0.0791015625,-6.373591360631423,-7.667623899855343,12,24
122,0.0,four_day,sharp,0.92822265625,0.2809839340384131,-7.667623899855343,12,24
122,0.0,four_day,weak,0.76806640625,-1.4416811171441672,-7.667623899855343,12,24
122,0.0,four_day,weak_skew,0.65966796875,-1.8443471858109775,-7.667623899855343,12,24
123,0.0,daily,alt,0.0003999200159968006,-8.157923198237132,-9.936692636753989,24,24
123,0.0,daily,sharp,0.20475904819036192,0.8242869200102474,-9.936692636753989,24,24
123,0.0,daily,weak,0.3145370925814837,1.532275468974689,-9.936692636753989,24,24
123,0.0,daily,weak_skew,0.5716856628674265,0.9295923670982846,-9.936692636753989,24,24
123,0.0,two_day,alt,0.0001999600079984003,-11.595220256388435,-9.936692636753989,24,24
123,0.0,two_day,sharp,0.18496300739852028,-0.9692452475302336,-9.936692636753989,24,24
123,0.0,two_day,weak,0.9232153569286142,-0.21110677668158898,-9.936692636753989,24,24
123,0.0,two_day,weak_skew,0.8274345130973805,0.520428425793925,-9.936692636753989,24,24
123,0.0,four_day,alt,0.00537109375,-13.327638854381412,-9.936692636753989,12,24
123,0.0,four_day,sharp,0.14794921875,-2.619633361169237,-9.936692636753989,12,24
123,0.0,four_day,weak,0.32958984375,-2.3272004241558535,-9.936692636753989,12,24
123,0.0,four_day,weak_skew,0.4951171875,-2.256834252291215,-9.936692636753989,12,24
124,0.0,daily,alt,0.007198560287942412,-8.364938142492308,-8.062317268564996,24,24
124,0.0,daily,sharp,0.9632073585282943,-0.09526806789668552,-8.062317268564996,24,24
124,0.0,daily,weak,0.5904819036192761,-1.3812740376460342,-8.062317268564996,24,24
124,0.0,daily,weak_skew,0.3769246150769846,-2.0858496716036115,-8.062317268564996,24,24
124,0.0,two_day,alt,0.0011997600479904018,-10.941055222927664,-8.062317268564996,24,24
124,0.0,two_day,sharp,0.7034593081383723,-0.9702568018964488,-8.062317268564996,24,24
124,0.0,two_day,weak,0.8442311537692462,-0.5570402606789315,-8.062317268564996,24,24
124,0.0,two_day,weak_skew,0.5706858628274345,-1.7863991211533998,-8.062317268564996,24,24
124,0.0,four_day,alt,0.09814453125,-7.187024529233437,-8.062317268564996,12,24
124,0.0,four_day,sharp,0.6845703125,1.2420249279650228,-8.062317268564996,12,24
124,0.0,four_day,weak,0.5634765625,3.2985031166710113,-8.062317268564996,12,24
124,0.0,four_day,weak_skew,0.85205078125,0.7898750579493274,-8.062317268564996,12,24
125,0.0,daily,alt,0.0003999200159968006,-9.909723766734245,-8.77092268329961,24,24
125,0.0,daily,sharp,0.29574085182963405,-1.552341070683318,-8.77092268329961,24,24
125,0.0,daily,weak,0.5010997800439912,1.4383717558627886,-8.77092268329961,24,24
125,0.0,daily,weak_skew,0.9632073585282943,-0.12053991505125279,-8.77092268329961,24,24
125,0.0,two_day,alt,0.0013997200559888023,-7.8953603931789855,-8.77092268329961,24,24
125,0.0,two_day,sharp,0.39952009598080385,1.3422151603371375,-8.77092268329961,24,24
125,0.0,two_day,weak,0.5430913817236552,-1.4492396079255556,-8.77092268329961,24,24
125,0.0,two_day,weak_skew,0.5522895420915817,1.3651305898586905,-8.77092268329961,24,24
125,0.0,four_day,alt,0.005859375,-12.189753228126287,-8.77092268329961,12,24
125,0.0,four_day,sharp,0.49658203125,-2.0877913615247015,-8.77092268329961,12,24
125,0.0,four_day,weak,0.76708984375,-1.205841855237761,-8.77092268329961,12,24
125,0.0,four_day,weak_skew,0.8662109375,-0.4410791275031543,-8.77092268329961,12,24
126,0.0,daily,alt,0.0015996800639872025,-6.144545894966068,-7.90171885751343,24,24
126,0.0,daily,sharp,0.1767646470705859,1.9015405352965857,-7.90171885751343,24,24
126,0.0,daily,weak,0.17076584683063387,2.703782095500266,-7.90171885751343,24,24
126,0.0,daily,weak_skew,0.129374125174965,3.3840593527709895,-7.90171885751343,24,24
126,0.0,two_day,alt,0.0001999600079984003,-10.969782883160201,-7.90171885751343,24,24
126,0.0,two_day,sharp,0.35332933413317336,-1.313952430474574,-7.90171885751343,24,24
126,0.0,two_day,weak,0.7610477904419116,0.7625850682659534,-7.90171885751343,24,24
126,0.0,two_day,weak_skew,0.7326534693061387,-0.8090840407469759,-7.90171885751343,24,24
126,0.0,four_day,alt,0.00244140625,-8.605581936651797,-7.90171885751343,12,24
126,0.0,four_day,sharp,0.708984375,0.5787874036372216,-7.90171885751343,12,24
126,0.0,four_day,weak,0.91015625,-0.37235745651264374,-7.90171885751343,12,24
126,0.0,four_day,weak_skew,0.169921875,-2.930615764386971,-7.90171885751343,12,24
127,0.0,daily,alt,0.0001999600079984003,-10.859722406445576,-8.098105922835593,24,24
127,0.0,daily,sharp,0.26714657068586284,-1.4801791363465773,-8.098105922835593,24,24
127,0.0,daily,weak,0.45350929814037194,-1.304716825095184,-8.098105922835593,24,24
127,0.0,daily,weak_skew,0.5298940211957609,-1.1644902830878483,-8.098105922835593,24,24
127,0.0,two_day,alt,0.046590681863627276,-6.722183554898126,-8.098105922835593,24,24
127,0.0,two_day,sharp,0.4363127374525095,1.7188276495195784,-8.098105922835593,24,24
127,0.0,two_day,weak,0.3203359328134373,2.786279947972053,-8.098105922835593,24,24
127,0.0,two_day,weak_skew,0.20435912817436513,3.4211291285095125,-8.098105922835593,24,24
127,0.0,four_day,alt,0.25537109375,-4.589473141612513,-8.098105922835593,12,24
127,0.0,four_day,sharp,0.3291015625,3.1944004697089774,-8.098105922835593,12,24
127,0.0,four_day,weak,0.38818359375,2.870215906327815,-8.098105922835593,12,24
127,0.0,four_day,weak_skew,0.44873046875,2.683068730768763,-8.098105922835593,12,24
128,0.0,daily,alt,0.0001999600079984003,-14.549675216182123,-10.252637849250469,24,24
128,0.0,daily,sharp,0.14077184563087383,-3.133775845728145,-10.252637849250469,24,24
128,0.0,daily,weak,0.2019596080783843,-3.3904332541597064,-10.252637849250469,24,24
128,0.0,daily,weak_skew,0.7448510297940412,-0.9518117343533538,-10.252637849250469,24,24
128,0.0,two_day,alt,0.0009998000399920016,-11.610625419726622,-10.252637849250469,24,24
128,0.0,two_day,sharp,0.6874625074985004,-0.9907334815238326,-10.252637849250469,24,24
128,0.0,two_day,weak,0.3935212957408518,-2.354276811604118,-10.252637849250469,24,24
128,0.0,two_day,weak_skew,0.40511897620475906,-2.227051717356763,-10.252637849250469,24,24
128,0.0,four_day,alt,0.00048828125,-16.553200855515662,-10.252637849250469,12,24
128,0.0,four_day,sharp,0.0751953125,-5.93228209007264,-10.252637849250469,12,24
128,0.0,four_day,weak,0.119140625,-5.733818679610891,-10.252637849250469,12,24
128,0.0,four_day,weak_skew,0.2978515625,-4.850390910241146,-10.252637849250469,12,24
129,0.0,daily,alt,0.0001999600079984003,-14.012867223407037,-12.13147475432256,24,24
129,0.0,daily,sharp,0.6618676264747051,-0.7106807455548075,-12.13147475432256,24,24
129,0.0,daily,weak,0.41351729654069186,-2.216765783527602,-12.13147475432256,24,24
129,0.0,daily,weak_skew,0.2421515696860628,-2.042670444378003,-12.13147475432256,24,24
129,0.0,two_day,alt,0.0001999600079984003,-13.076429566094184,-12.13147475432256,24,24
129,0.0,two_day,sharp,0.6564687062587482,0.849647547919225,-12.13147475432256,24,24
129,0.0,two_day,weak,0.4361127774445111,2.184255370580309,-12.13147475432256,24,24
129,0.0,two_day,weak_skew,0.6392721455708859,-1.2182800347242593,-12.13147475432256,24,24
129,0.0,four_day,alt,0.00048828125,-14.245382446497812,-12.13147475432256,12,24
129,0.0,four_day,sharp,0.6484375,-0.8515496884966064,-12.13147475432256,12,24
129,0.0,four_day,weak,0.5771484375,-1.530487058894001,-12.13147475432256,12,24
129,0.0,four_day,weak_skew,0.6064453125,-1.8013284467705841,-12.13147475432256,12,24
130,0.0,daily,alt,0.0001999600079984003,-12.220546848706915,-8.996634876217357,24,24
130,0.0,daily,sharp,0.027994401119776045,-2.9868238774980687,-8.996634876217357,24,24
130,0.0,daily,weak,0.15336932613477305,-2.714293893840539,-8.996634876217357,24,24
130,0.0,daily,weak_skew,0.16876624675064986,-2.5329496237675158,-8.996634876217357,24,24
130,0.0,two_day,alt,0.0009998000399920016,-8.466575903454018,-8.996634876217357,24,24
130,0.0,two_day,sharp,0.9506098780243951,-0.09649378353292477,-8.996634876217357,24,24
130,0.0,two_day,weak,0.9662067586482703,-0.11200836558394951,-8.996634876217357,24,24
130,0.0,two_day,weak_skew,0.8384323135372925,0.5071288174849578,-8.996634876217357,24,24
130,0.0,four_day,alt,0.09228515625,-6.827816938032604,-8.996634876217357,12,24
130,0.0,four_day,sharp,0.5859375,1.5373179743345606,-8.996634876217357,12,24
130,0.0,four_day,weak,0.39892578125,3.308118781964804,-8.996634876217357,12,24
130,0.0,four_day,weak_skew,0.42919921875,-2.5494931245404153,-8.996634876217357,12,24
131,0.0,daily,alt,0.013197360527894421,-6.408004024396633,-8.733992891712965,24,24
131,0.0,daily,sharp,0.2673465306938612,2.0871912543070406,-8.733992891712965,24,24
131,0.0,daily,weak,0.5912817436512697,1.2730953847515065,-8.733992891712965,24,24
131,0.0,daily,weak_skew,0.4377124575084983,1.9659819025961944,-8.733992891712965,24,24
131,0.0,two_day,alt,0.2923415316936613,-3.109138165496022,-8.733992891712965,24,24
131,0.0,two_day,sharp,0.32013597280543893,1.7926363369760194,-8.733992891712965,24,24
131,0.0,two_day,weak,0.9280143971205759,-0.20106086790590508,-8.733992891712965,24,24
131,0.0,two_day,weak_skew,0.495500899820036,1.9745987750267044,-8.733992891712965,24,24
131,0.0,four_day,alt,0.04150390625,-6.16943380037457,-8.733992891712965,12,24
131,0.0,four_day,sharp,0.1943359375,2.7633076538923067,-8.733992891712965,12,24
131,0.0,four_day,weak,0.8310546875,0.7821656080240805,-8.733992891712965,12,24
131,0.0,four_day,weak_skew,0.2294921875,4.985905633844823,-8.733992891712965,12,24
132,0.0,daily,alt,0.0003999200159968006,-9.925377807933017,-8.641736562215527,24,24
132,0.0,daily,sharp,0.9286142771445711,-0.17199226261835499,-8.641736562215527,24,24
132,0.0,daily,weak,0.7066586682663467,0.8497157722916562,-8.641736562215527,24,24
132,0.0,daily,weak_skew,0.8852229554089183,0.309478707873678,-8.641736562215527,24,24
132,0.0,two_day,alt,0.0007998400319936012,-9.121384446434442,-8.641736562215527,24,24
132,0.0,two_day,sharp,0.8924215156968607,0.30128098485734495,-8.641736562215527,24,24
132,0.0,two_day,weak,0.7900419916016796,-0.8644669282593519,-8.641736562215527,24,24
132,0.0,two_day,weak_skew,0.9926014797040592,0.02204870639660772,-8.641736562215527,24,24
132,0.0,four_day,alt,0.01171875,-8.831320881970576,-8.641736562215527,12,24
132,0.0,four_day,sharp,0.69775390625,1.026242932689262,-8.641736562215527,12,24
132,0.0,four_day,weak,0.9951171875,0.021385817607405027,-8.641736562215527,12,24
132,0.0,four_day,weak_skew,0.36865234375,-2.9424599544035064,-8.641736562215527,12,24
133,0.0,daily,alt,0.0033993201359728054,-10.546100349607373,-9.48338395283784,24,24
133,0.0,daily,sharp,0.8822235552889423,0.5171303073640102,-9.48338395283784,24,24
133,0.0,daily,weak,0.08078384323135374,5.0752541205081885,-9.48338395283784,24,24
133,0.0,daily,weak_skew,0.5480903819236153,1.970470972867415,-9.48338395283784,24,24
133,0.0,two_day,alt,0.34133173365326935,-4.763630036554077,-9.48338395283784,24,24
133,0.0,two_day,sharp,0.734253149370126,1.6971864682436228,-9.48338395283784,24,24
133,0.0,two_day,weak,0.48150369926014797,-3.2654005741864593,-9.48338395283784,24,24
133,0.0,two_day,weak_skew,0.5924815036992601,2.481968417925089,-9.48338395283784,24,24
133,0.0,four_day,alt,0.830078125,-0.7296483332490583,-9.48338395283784,12,24
133,0.0,four_day,sharp,0.0068359375,7.392008862001823,-9.48338395283784,12,24
133,0.0,four_day,weak,0.33544921875,4.841205073146216,-9.48338395283784,12,24
133,0.0,four_day,weak_skew,0.0341796875,9.987258884235198,-9.48338395283784,12,24
134,0.0,daily,alt,0.013797240551889621,-8.460513457744023,-9.08996987774725,24,24
134,0.0,daily,sharp,0.7570485902819436,-0.7402138006440507,-9.08996987774725,24,24
134,0.0,daily,weak,0.3935212957408518,-2.319337343678445,-9.08996987774725,24,24
134,0.0,daily,weak_skew,0.9558088382323535,-0.12441689283093667,-9.08996987774725,24,24
134,0.0,two_day,alt,0.0013997200559888023,-12.852856338819635,-9.08996987774725,24,24
134,0.0,two_day,sharp,0.34133173365326935,-2.887455821030651,-9.08996987774725,24,24
134,0.0,two_day,weak,0.3683263347330534,-3.3404160010501194,-9.08996987774725,24,24
134,0.0,two_day,weak_skew,0.5812837432513497,-2.13034495450998,-9.08996987774725,24,24
134,0.0,four_day,alt,0.173828125,-7.7232700204378135,-9.08996987774725,12,24
134,0.0,four_day,sharp,0.7802734375,1.2441377042464314,-9.08996987774725,12,24
134,0.0,four_day,weak,0.740234375,-2.005508513863885,-9.08996987774725,12,24
134,0.0,four_day,weak_skew,0.22265625,7.960713224512319,-9.08996987774725,12,24
135,0.0,daily,alt,0.0001999600079984003,-12.621362062808535,-10.009780895843477,24,24
135,0.0,daily,sharp,0.5574885022995401,-1.0329148305895053,-10.009780895843477,24,24
135,0.0,daily,weak,0.5350929814037193,-1.3874309690372775,-10.009780895843477,24,24
135,0.0,daily,weak_skew,0.42031593681263746,1.7206295893043009,-10.009780895843477,24,24
135,0.0,two_day,alt,0.003199360127974405,-10.533310094244802,-10.009780895843477,24,24
135,0.0,two_day,sharp,0.9048190361927615,-0.35868782453396,-10.009780895843477,24,24
135,0.0,two_day,weak,0.4475104979004199,2.8798531391313857,-10.009780895843477,24,24
135,0.0,two_day,weak_skew,0.528494301139772,2.4010813684830192,-10.009780895843477,24,24
135,0.0,four_day,alt,0.228515625,-4.407662282740804,-10.009780895843477,12,24
135,0.0,four_day,sharp,0.1103515625,4.677456282502366,-10.009780895843477,12,24
135,0.0,four_day,weak,0.61962890625,1.778614423251464,-10.009780895843477,12,24
135,0.0,four_day,weak_skew,0.041015625,7.336630043721397,-10.009780895843477,12,24
136,0.0,daily,alt,0.1195760847830434,-5.028760379256209,-5.517916693757371,24,24
136,0.0,daily,sharp,0.4081183763247351,-1.3640541642952455,-5.517916693757371,24,24
136,0.0,daily,weak,0.41671665666866625,-1.5192515680632406,-5.517916693757371,24,24
136,0.0,daily,weak_skew,0.6572685462907418,-0.8619766351765333,-5.517916693757371,24,24
136,0.0,two_day,alt,0.003599280143971206,-10.14315608890532,-5.517916693757371,24,24
136,0.0,two_day,sharp,0.13017396520695862,-2.4604964477020372,-5.517916693757371,24,24
136,0.0,two_day,weak,0.047590481903619274,-4.932085037510248,-5.517916693757371,24,24
136,0.0,two_day,weak_skew,0.3375324935012997,-2.1163118946825734,-5.517916693757371,24,24
136,0.0,four_day,alt,0.10693359375,-7.210688660385702,-5.517916693757371,12,24
136,0.0,four_day,sharp,0.560546875,-1.2235409554358974,-5.517916693757371,12,24
136,0.0,four_day,weak,0.67236328125,-1.5168964474566167,-5.517916693757371,12,24
136,0.0,four_day,weak_skew,0.48828125,-2.271056560796701,-5.517916693757371,12,24
137,0.0,daily,alt,0.0001999600079984003,-10.661012767931602,-11.048866500713054,24,24
137,0.0,daily,sharp,0.48010397920415915,-1.2349060547060355,-11.048866500713054,24,24
137,0.0,daily,weak,0.3567286542691462,-2.100690757359416,-11.048866500713054,24,24
137,0.0,daily,weak_skew,0.2615476904619076,-2.5096963824989778,-11.048866500713054,24,24
137,0.0,two_day,alt,0.005398920215956809,-9.073072650894355,-11.048866500713054,24,24
137,0.0,two_day,sharp,0.46790641871625677,1.684235241966061,-11.048866500713054,24,24
137,0.0,two_day,weak,0.7506498700259948,0.9081495006046216,-11.048866500713054,24,24
137,0.0,two_day,weak_skew,0.4927014597080584,-1.7239072037816554,-11.048866500713054,24,24
137,0.0,four_day,alt,0.0078125,-10.074584646031992,-11.048866500713054,12,24
137,0.0,four_day,sharp,0.609375,1.3977419237026183,-11.048866500713054,12,24
137,0.0,four_day,weak,0.98681640625,0.06748995466429679,-11.048866500713054,12,24
137,0.0,four_day,weak_skew,0.3759765625,3.460236338379256,-11.048866500713054,12,24
138,0.0,daily,alt,0.013797240551889621,-7.051772371410685,-9.089789804724028,24,24
138,0.0,daily,sharp,0.2981403719256149,1.294412987119833,-9.089789804724028,24,24
138,0.0,daily,weak,0.7990401919616077,-0.39019328240168455,-9.089789804724028,24,24
138,0.0,daily,weak_skew,0.7788442311537692,0.4914727711794897,-9.089789804724028,24,24
138,0.0,two_day,alt,0.01859628074385123,-8.4534228367177,-9.089789804724028,24,24
138,0.0,two_day,sharp,0.889622075584883,-0.22709782993498795,-9.089789804724028,24,24
138,0.0,two_day,weak,0.738252349530094,0.8386311551310568,-9.089789804724028,24,24
138,0.0,two_day,weak_skew,0.36532693461307736,2.140643540487369,-9.089789804724028,24,24
138,0.0,four_day,alt,0.00390625,-14.839372323599145,-9.089789804724028,12,24
138,0.0,four_day,sharp,0.123046875,-3.302663758751031,-9.089789804724028,12,24
138,0.0,four_day,weak,0.34375,-1.8941780827375971,-9.089789804724028,12,24
138,0.0,four_day,weak_skew,0.78662109375,-1.4329894101389062,-9.089789804724028,12,24
139,0.0,daily,alt,0.0001999600079984003,-10.28656031623179,-9.639605640547508,24,24
139,0.0,daily,sharp,0.8242351529694061,0.27335664595942316,-9.639605640547508,24,24
139,0.0,daily,weak,0.6072785442911418,0.9004121151033937,-9.639605640547508,24,24
139,0.0,daily,weak_skew,0.40951809638072384,1.854346998288989,-9.639605640547508,24,24
139,0.0,two_day,alt,0.08018396320735853,-5.373220561425254,-9.639605640547508,24,24
139,0.0,two_day,sharp,0.20835832833433313,2.4357366163126777,-9.639605640547508,24,24
139,0.0,two_day,weak,0.12377524495100979,5.042758037050992,-9.639605640547508,24,24
139,0.0,two_day,weak_skew,0.34553089382123575,2.175827055773862,-9.639605640547508,24,24
139,0.0,four_day,alt,0.001953125,-13.079240837885088,-9.639605640547508,12,24
139,0.0,four_day,sharp,0.09326171875,-3.6106319823038344,-9.639605640547508,12,24
139,0.0,four_day,weak,0.37548828125,-2.946314952654708,-9.639605640547508,12,24
139,0.0,four_day,weak_skew,0.080078125,-4.803720836584631,-9.639605640547508,12,24
140,0.0,daily,alt,0.017196560687862426,-6.112823433814217,-9.561455947302093,24,24
140,0.0,daily,sharp,0.14837032593481303,2.4526371499856947,-9.561455947302093,24,24
140,0.0,daily,weak,0.17216556688662268,3.258872181785801,-9.561455947302093,24,24
140,0.0,daily,weak_skew,0.4523095380923815,1.9349718980158157,-9.561455947302093,24,24
140,0.0,two_day,alt,0.024795040991801638,-9.007303468661142,-9.561455947302093,24,24
140,0.0,two_day,sharp,0.6776644671065787,1.2274978767715752,-9.561455947302093,24,24
140,0.0,two_day,weak,0.7704459108178364,1.0765591969144797,-9.561455947302093,24,24
140,0.0,two_day,weak_skew,0.38852229554089185,2.5108216389689164,-9.561455947302093,24,24
140,0.0,four_day,alt,0.05126953125,-11.065835289193268,-9.561455947302093,12,24
140,0.0,four_day,sharp,0.6845703125,-1.501114957285031,-9.561455947302093,12,24
140,0.0,four_day,weak,0.45458984375,-3.112530809393231,-9.561455947302093,12,24
140,0.0,four_day,weak_skew,0.91015625,-0.626566584214561,-9.561455947302093,12,24
141,0.0,daily,alt,0.002599480103979204,-7.413755977650905,-6.8302788568108355,24,24
141,0.0,daily,sharp,0.8950209958008398,-0.14280486402334733,-6.8302788568108355,24,24
141,0.0,daily,weak,0.30033993201359727,-1.8826035277342632,-6.8302788568108355,24,24
141,0.0,daily,weak_skew,0.5826834633073386,-0.938184233001271,-6.8302788568108355,24,24
141,0.0,two_day,alt,0.013797240551889621,-7.2220967577198465,-6.8302788568108355,24,24
141,0.0,two_day,sharp,0.6892621475704859,-0.6061037473988549,-6.8302788568108355,24,24
141,0.0,two_day,weak,0.8584283143371326,-0.277524384888558,-6.8302788568108355,24,24
141,0.0,two_day,weak_skew,0.8340331933613278,0.5014835320008064,-6.8302788568108355,24,24
141,0.0,four_day,alt,0.00048828125,-12.244796262600246,-6.8302788568108355,12,24
141,0.0,four_day,sharp,0.17041015625,-2.698452615140095,-6.8302788568108355,12,24
141,0.0,four_day,weak,0.5703125,2.3248247495097445,-6.8302788568108355,12,24
141,0.0,four_day,weak_skew,0.28564453125,-2.814954531377527,-6.8302788568108355,12,24
142,0.0,daily,alt,0.007998400319936013,-5.768242488806519,-4.32395231306154,24,24
142,0.0,daily,sharp,0.32673465306938615,-1.2377151138793738,-4.32395231306154,24,24
142,0.0,daily,weak,0.03959208158368326,-2.421616414181893,-4.32395231306154,24,24
142,0.0,daily,weak_skew,0.5484903019396121,-0.926248245376755,-4.32395231306154,24,24
142,0.0,two_day,alt,0.3113377324535093,-2.584180316381151,-4.32395231306154,24,24
142,0.0,two_day,sharp,0.3915216956608678,1.4076612345694628,-4.32395231306154,24,24
142,0.0,two_day,weak,0.2923415316936613,-2.4125452478891054,-4.32395231306154,24,24
142,0.0,two_day,weak_skew,0.1227754449110178,5.957122385444116,-4.32395231306154,24,24
142,0.0,four_day,alt,0.74951171875,0.8352215386978882,-4.32395231306154,12,24
142,0.0,four_day,sharp,0.13134765625,2.9865812034352017,-4.32395231306154,12,24
142,0.0,four_day,weak,0.0126953125,6.709338502577261,-4.32395231306154,12,24
142,0.0,four_day,weak_skew,0.2255859375,4.5759524112974,-4.32395231306154,12,24
143,0.0,daily,alt,0.0001999600079984003,-9.729332760775103,-7.569414681034473,24,24
143,0.0,daily,sharp,0.15736852629474105,-1.9794100545827449,-7.569414681034473,24,24
143,0.0,daily,weak,0.7762447510497901,0.427695612739198,-7.569414681034473,24,24
143,0.0,daily,weak_skew,0.07558488302339532,-3.4994239913224803,-7.569414681034473,24,24
143,0.0,two_day,alt,0.09458108378324336,-5.374640514681009,-7.569414681034473,24,24
143,0.0,two_day,sharp,0.4829034193161368,1.1980405431739178,-7.569414681034473,24,24
143,0.0,two_day,weak,0.825634873025395,-0.6650828957795133,-7.569414681034473,24,24
143,0.0,two_day,weak_skew,0.6786642671465707,0.9800291753288454,-7.569414681034473,24,24
143,0.0,four_day,alt,0.02099609375,-9.901150472808926,-7.569414681034473,12,24
143,0.0,four_day,sharp,0.72216796875,-0.6088442972541159,-7.569414681034473,12,24
143,0.0,four_day,weak,0.943359375,-0.26129589068560755,-7.569414681034473,12,24
143,0.0,four_day,weak_skew,0.65869140625,-1.221723104368884,-7.569414681034473,12,24
144,0.0,daily,alt,0.0001999600079984003,-8.867729830084565,-10.572858346397112,24,24
144,0.0,daily,sharp,0.8104379124175165,0.28393825747700746,-10.572858346397112,24,24
144,0.0,daily,weak,0.393121375724855,1.668084516490494,-10.572858346397112,24,24
144,0.0,daily,weak_skew,0.2699460107978404,2.1973598352494825,-10.572858346397112,24,24
144,0.0,two_day,alt,0.007798440311937612,-5.875868905407208,-10.572858346397112,24,24
144,0.0,two_day,sharp,0.10997800439912017,2.322651384771717,-10.572858346397112,24,24
144,0.0,two_day,weak,0.02399520095980804,5.70569557395507,-10.572858346397112,24,24
144,0.0,two_day,weak_skew,0.32933413317336535,2.0511015849821863,-10.572858346397112,24,24
144,0.0,four_day,alt,0.009765625,-8.364985105022704,-10.572858346397112,12,24
144,0.0,four_day,sharp,0.3193359375,2.1067963129102623,-10.572858346397112,12,24
144,0.0,four_day,weak,0.77587890625,1.3278492945619274,-10.572858346397112,12,24
144,0.0,four_day,weak_skew,0.90087890625,0.25952938816078763,-10.572858346397112,12,24
145,0.0,daily,alt,0.0001999600079984003,-12.103339780138066,-9.580608227830808,24,24
145,0.0,daily,sharp,0.24415116976604678,-1.8726773349236565,-9.580608227830808,24,24
145,0.0,daily,weak,0.028594281143771244,-4.175267447084926,-9.580608227830808,24,24
145,0.0,daily,weak_skew,0.22675464907018597,-2.194413083015892,-9.580608227830808,24,24
145,0.0,two_day,alt,0.0005998800239952009,-9.735179701211349,-9.580608227830808,24,24
145,0.0,two_day,sharp,0.8838232353529294,-0.3503661417519597,-9.580608227830808,24,24
145,0.0,two_day,weak,0.6406718656268746,-1.276421005244865,-9.580608227830808,24,24
145,0.0,two_day,weak_skew,0.23435312937412517,-3.0064719184739377,-9.580608227830808,24,24
145,0.0,four_day,alt,0.0009765625,-10.173874221313751,-9.580608227830808,12,24
145,0.0,four_day,sharp,0.68212890625,-0.7293879046813299,-9.580608227830808,12,24
145,0.0,four_day,weak,0.44921875,-2.2975399969268184,-9.580608227830808,12,24
145,0.0,four_day,weak_skew,0.7685546875,1.3079265713173698,-9.580608227830808,12,24
146,0.0,daily,alt,0.0001999600079984003,-11.057067885481734,-9.368984962812803,24,24
146,0.0,daily,sharp,0.21355728854229153,-1.3106621834676222,-9.368984962812803,24,24
146,0.0,daily,weak,0.09718056388722256,-2.6746117275331507,-9.368984962812803,24,24
146,0.0,daily,weak_skew,0.5560887822435513,-0.9212768503108079,-9.368984962812803,24,24
146,0.0,two_day,alt,0.0001999600079984003,-11.185044669232468,-9.368984962812803,24,24
146,0.0,two_day,sharp,0.2985402919416117,-1.4889745634918212,-9.368984962812803,24,24
146,0.0,two_day,weak,0.6296740651869626,-0.875870094377162,-9.368984962812803,24,24
146,0.0,two_day,weak_skew,0.9878024395120976,0.03552415538612941,-9.368984962812803,24,24
146,0.0,four_day,alt,0.0009765625,-10.79291015208606,-9.368984962812803,12,24
146,0.0,four_day,sharp,0.76953125,-0.4424716384026232,-9.368984962812803,12,24
146,0.0,four_day,weak,0.04296875,3.4922841925483366,-9.368984962812803,12,24
146,0.0,four_day,weak_skew,0.8564453125,0.5743915037396624,-9.368984962812803,12,24
147,0.0,daily,alt,0.0001999600079984003,-13.576281708419865,-10.290622025969256,24,24
147,0.0,daily,sharp,0.8734253149370126,-0.30706691211513526,-10.290622025969256,24,24
147,0.0,daily,weak,0.24235152969406118,-2.343021669785889,-10.290622025969256,24,24
147,0.0,daily,weak_skew,0.5904819036192761,-1.2713797121953103,-10.290622025969256,24,24
147,0.0,two_day,alt,0.0011997600479904018,-9.923411681997068,-10.290622025969256,24,24
147,0.0,two_day,sharp,0.8174365126974605,0.5301753688859598,-10.290622025969256,24,24
147,0.0,two_day,weak,0.47070585882823435,-2.4674725610392616,-10.290622025969256,24,24
147,0.0,two_day,weak_skew,0.830633873225355,-0.6340118301540221,-10.290622025969256,24,24
147,0.0,four_day,alt,0.08544921875,-5.62741808810449,-10.290622025969256,12,24
147,0.0,four_day,sharp,0.33203125,3.6734294951768587,-10.290622025969256,12,24
147,0.0,four_day,weak,0.42236328125,3.689221027783677,-10.290622025969256,12,24
147,0.0,four_day,weak_skew,0.0771484375,9.168106333319422,-10.290622025969256,12,24
148,0.0,daily,alt,0.0001999600079984003,-10.319438423340488,-9.630213734487931,24,24
148,0.0,daily,sharp,0.45990801839632073,-1.0084625352666932,-9.630213734487931,24,24
148,0.0,daily,weak,0.7370525894821036,0.6574094594292719,-9.630213734487931,24,24
148,0.0,daily,weak_skew,0.20255948810237953,-1.9664304232703398,-9.630213734487931,24,24
148,0.0,two_day,alt,0.0021995600879824036,-8.48417011293318,-9.630213734487931,24,24
148,0.0,two_day,sharp,0.4783043391321736,2.1255310638889036,-9.630213734487931,24,24
148,0.0,two_day,weak,0.7708458308338332,-0.9804327299796132,-9.630213734487931,24,24
148,0.0,two_day,weak_skew,0.4407118576284743,2.1344852430028243,-9.630213734487931,24,24
148,0.0,four_day,alt,0.00341796875,-11.94812773791507,-9.630213734487931,12,24
148,0.0,four_day,sharp,0.5,-2.4430493880443436,-9.630213734487931,12,24
148,0.0,four_day,weak,0.57177734375,-2.418444881666202,-9.630213734487931,12,24
148,0.0,four_day,weak_skew,0.3203125,-2.742414030285427,-9.630213734487931,12,24
149,0.0,daily,alt,0.0001999600079984003,-12.322833015154336,-10.428096217081944,24,24
149,0.0,daily,sharp,0.6294741051789642,-0.7418148520037621,-10.428096217081944,24,24
149,0.0,daily,weak,0.9578084383123375,-0.09905127739807333,-10.428096217081944,24,24
149,0.0,daily,weak_skew,0.25414917016596683,-2.0798827532139446,-10.428096217081944,24,24
149,0.0,two_day,alt,0.0001999600079984003,-9.055428403738857,-10.428096217081944,24,24
149,0.0,two_day,sharp,0.4559088182363527,1.18884872713169,-10.428096217081944,24,24
149,0.0,two_day,weak,0.29214157168566285,2.605680200892493,-10.428096217081944,24,24
149,0.0,two_day,weak_skew,0.9102179564087183,0.2621192375567511,-10.428096217081944,24,24
149,0.0,four_day,alt,0.0009765625,-10.254180512823636,-10.428096217081944,12,24
149,0.0,four_day,sharp,0.8359375,0.3090659786315945,-10.428096217081944,12,24
149,0.0,four_day,weak,0.97998046875,0.07807510132513922,-10.428096217081944,12,24
149,0.0,four_day,weak_skew,0.43359375,3.4192908705393834,-10.428096217081944,12,24
150,0.0,daily,alt,0.0001999600079984003,-10.342645147291764,-9.56163414900523,24,24
150,0.0,daily,sharp,0.8170365926814637,-0.22497722217829708,-9.56163414900523,24,24
150,0.0,daily,weak,0.46930613877224553,-1.065813163762969,-9.56163414900523,24,24
150,0.0,daily,weak_skew,0.9446110777844431,0.12590819249261406,-9.56163414900523,24,24
150,0.0,two_day,alt,0.0001999600079984003,-8.716004151816968,-9.56163414900523,24,24
150,0.0,two_day,sharp,0.7868426314737053,0.30000639683318386,-9.56163414900523,24,24
150,0.0,two_day,weak,0.2473505298940212,-2.4493684938563622,-9.56163414900523,24,24
150,0.0,two_day,weak_skew,0.9344131173765247,0.16368589383643992,-9.56163414900523,24,24
150,0.0,four_day,alt,0.0009765625,-10.20443770074393,-9.56163414900523,12,24
150,0.0,four_day,sharp,0.984375,0.0251116773195393,-9.56163414900523,12,24
150,0.0,four_day,weak,0.49169921875,2.2071280357324725,-9.56163414900523,12,24
150,0.0,four_day,weak_skew,0.78466796875,-0.5793333675400477,-9.56163414900523,12,24
151,0.0,daily,alt,0.0005998800239952009,-8.694297209394938,-7.402514772081467,24,24
151,0.0,daily,sharp,0.591881623675265,-0.7587796738253214,-7.402514772081467,24,24
151,0.0,daily,weak,0.10997800439912017,-3.157854308644502,-7.402514772081467,24,24
151,0.0,daily,weak_skew,0.42551489702059586,-1.4513054822658453,-7.402514772081467,24,24
151,0.0,two_day,alt,0.0013997200559888023,-8.28216817192965,-7.402514772081467,24,24
151,0.0,two_day,sharp,0.9454109178164367,-0.08600605772891079,-7.402514772081467,24,24
151,0.0,two_day,weak,0.8430313937212558,0.5512575160013758,-7.402514772081467,24,24
151,0.0,two_day,weak_skew,0.2505498900219956,-2.4041105661835065,-7.402514772081467,24,24
151,0.0,four_day,alt,0.00732421875,-11.007187890942598,-7.402514772081467,12,24
151,0.0,four_day,sharp,0.3408203125,-1.7064619289788354,-7.402514772081467,12,24
151,0.0,four_day,weak,0.57666015625,-1.9078692207705845,-7.402514772081467,12,24
151,0.0,four_day,weak_skew,0.626953125,-1.7184166419873836,-7.402514772081467,12,24
152,0.0,daily,alt,0.0027994401119776045,-6.56062008013562,-7.107506110993249,24,24
152,0.0,daily,sharp,0.4461107778444311,1.3344191670723642,-7.107506110993249,24,24
152,0.0,daily,weak,0.29194161167766447,2.281292872965699,-7.107506110993249,24,24
152,0.0,daily,weak_skew,0.76624675064987,0.657873147219394,-7.107506110993249,24,24
152,0.0,two_day,alt,0.001799640071985603,-9.309974821428398,-7.107506110993249,24,24
152,0.0,two_day,sharp,0.6766646670665867,-0.8979015760410322,-7.107506110993249,24,24
152,0.0,two_day,weak,0.5090981803639272,-2.4662773890022303,-7.107506110993249,24,24
152,0.0,two_day,weak_skew,0.8124375124975005,-0.7351744515024569,-7.107506110993249,24,24
152,0.0,four_day,alt,0.09423828125,-6.0848281060426,-7.107506110993249,12,24
152,0.0,four_day,sharp,0.65673828125,1.0007930737218373,-7.107506110993249,12,24
152,0.0,four_day,weak,0.06640625,6.247652150975068,-7.107506110993249,12,24
152,0.0,four_day,weak_skew,0.38232421875,3.0682777238691608,-7.107506110993249,12,24
153,0.0,daily,alt,0.01979604079184163,-6.321663920196134,-7.7088697833177235,24,24
153,0.0,daily,sharp,0.488502299540092,1.1323178194308425,-7.7088697833177235,24,24
153,0.0,daily,weak,0.8824235152969406,-0.3151240466753231,-7.7088697833177235,24,24
153,0.0,daily,weak_skew,0.9748050389922016,0.04994779104288553,-7.7088697833177235,24,24
153,0.0,two_day,alt,0.0001999600079984003,-14.215576942107885,-7.7088697833177235,24,24
153,0.0,two_day,sharp,0.012997400519896021,-4.315933739042116,-7.7088697833177235,24,24
153,0.0,two_day,weak,0.3385322935412917,-1.8607831719996044,-7.7088697833177235,24,24
153,0.0,two_day,weak_skew,0.1247750449910018,-3.590803836136326,-7.7088697833177235,24,24
153,0.0,four_day,alt,0.0302734375,-7.997922819529458,-7.7088697833177235,12,24
153,0.0,four_day,sharp,0.95751953125,0.12028385099625775,-7.7088697833177235,12,24
153,0.0,four_day,weak,0.83935546875,0.4371988997782612,-7.7088697833177235,12,24
153,0.0,four_day,weak_skew,0.54052734375,2.3506719967308327,-7.7088697833177235,12,24
154,0.0,daily,alt,0.0001999600079984003,-12.379647694882488,-9.511829403959233,24,24
154,0.0,daily,sharp,0.2731453709258148,-2.7009654812666954,-9.511829403959233,24,24
154,0.0,daily,weak,0.35072985402919415,-2.7692684021274716,-9.511829403959233,24,24
154,0.0,daily,weak_skew,0.13557288542291543,-4.207020140324754,-9.511829403959233,24,24
154,0.0,two_day,alt,0.060387922415516895,-6.2158715695507025,-9.511829403959233,24,24
154,0.0,two_day,sharp,0.1809638072385523,4.291419805687856,-9.511829403959233,24,24
154,0.0,two_day,weak,0.38852229554089185,2.895863956577641,-9.511829403959233,24,24
154,0.0,two_day,weak_skew,0.27334533093381325,3.943579899329803,-9.511829403959233,24,24
154,0.0,four_day,alt,0.03125,-9.377053942622771,-9.511829403959233,12,24
154,0.0,four_day,sharp,0.8671875,0.5300912287545702,-9.511829403959233,12,24
154,0.0,four_day,weak,0.96875,0.15692351128079807,-9.511829403959233,12,24
154,0.0,four_day,weak_skew,0.71630859375,-1.4771217264609078,-9.511829403959233,12,24
155,0.0,daily,alt,0.0001999600079984003,-8.824440754931132,-9.107474313477887,24,24
155,0.0,daily,sharp,0.7668466306738653,0.26773710742919093,-9.107474313477887,24,24
155,0.0,daily,weak,0.21115776844631073,2.0641559639841938,-9.107474313477887,24,24
155,0.0,daily,weak_skew,0.765246950609878,0.5976618425527244,-9.107474313477887,24,24
155,0.0,two_day,alt,0.0005998800239952009,-9.165692898027045,-9.107474313477887,24,24
155,0.0,two_day,sharp,0.9830033993201359,-0.032525625603352516,-9.107474313477887,24,24
155,0.0,two_day,weak,0.6802639472105579,-1.00390943972881,-9.107474313477887,24,24
155,0.0,two_day,weak_skew,0.42811437712457506,1.8498153877964398,-9.107474313477887,24,24
155,0.0,four_day,alt,0.13623046875,-7.61228109065895,-9.107474313477887,12,24
155,0.0,four_day,sharp,0.978515625,0.149038402287094,-9.107474313477887,12,24
155,0.0,four_day,weak,0.1435546875,5.703922447038767,-9.107474313477887,12,24
155,0.0,four_day,weak_skew,1.0,-0.0030810721316386256,-9.107474313477887,12,24
156,0.0,daily,alt,0.0005998800239952009,-8.449806721274106,-11.651592920644582,24,24
156,0.0,daily,sharp,0.15136972605478904,2.5617359516772678,-11.651592920644582,24,24
156,0.0,daily,weak,0.4861027794441112,1.3332929319356317,-11.651592920644582,24,24
156,0.0,daily,weak_skew,0.39492101579684064,1.8370183059567762,-11.651592920644582,24,24
156,0.0,two_day,alt,0.0003999200159968006,-8.377309855216872,-11.651592920644582,24,24
156,0.0,two_day,sharp,0.06898620275944811,2.7099808743053355,-11.651592920644582,24,24
156,0.0,two_day,weak,0.46690661867626476,1.6556498176707377,-11.651592920644582,24,24
156,0.0,two_day,weak_skew,0.2529494101179764,3.1716170763897806,-11.651592920644582,24,24
156,0.0,four_day,alt,0.00244140625,-11.322584125438164,-11.651592920644582,12,24
156,0.0,four_day,sharp,0.77880859375,0.5955033745643412,-11.651592920644582,12,24
156,0.0,four_day,weak,0.69091796875,-1.1711564582569292,-11.651592920644582,12,24
156,0.0,four_day,weak_skew,0.740234375,-0.9265627333066769,-11.651592920644582,12,24
157,0.0,daily,alt,0.0001999600079984003,-10.826122989794074,-10.631091057547643,24,24
157,0.0,daily,sharp,0.6294741051789642,-0.566184236672847,-10.631091057547643,24,24
157,0.0,daily,weak,0.6576684663067387,0.8453240275868025,-10.631091057547643,24,24
157,0.0,daily,weak_skew,0.8184363127374525,-0.4164701190898539,-10.631091057547643,24,24
157,0.0,two_day,alt,0.0001999600079984003,-9.732284716962935,-10.631091057547643,24,24
157,0.0,two_day,sharp,0.4751049790041992,0.8949421371239182,-10.631091057547643,24,24
157,0.0,two_day,weak,0.01919616076784643,6.538213515900494,-10.631091057547643,24,24
157,0.0,two_day,weak_skew,0.1767646470705859,3.6763364638578686,-10.631091057547643,24,24
157,0.0,four_day,alt,0.01904296875,-10.141731279110697,-10.631091057547643,12,24
157,0.0,four_day,sharp,0.55859375,1.5631168198111858,-10.631091057547643,12,24
157,0.0,four_day,weak,0.05078125,5.27883812999974,-10.631091057547643,12,24
157,0.0,four_day,weak_skew,0.18115234375,4.264553648011828,-10.631091057547643,12,24
158,0.0,daily,alt,0.0001999600079984003,-15.137911678310084,-11.384697195163433,24,24
158,0.0,daily,sharp,0.0061987602479504095,-3.5806383489232094,-11.384697195163433,24,24
158,0.0,daily,weak,0.057588482303539294,-3.720459828853181,-11.384697195163433,24,24
158,0.0,daily,weak_skew,0.14157168566286743,-3.0279735854191636,-11.384697195163433,24,24
158,0.0,two_day,alt,0.0005998800239952009,-11.705845869062633,-11.384697195163433,24,24
158,0.0,two_day,sharp,0.6586682663467307,-0.9135761725884576,-11.384697195163433,24,24
158,0.0,two_day,weak,0.45450909818036395,-2.0928841777743608,-11.384697195163433,24,24
158,0.0,two_day,weak_skew,0.9002199560087982,-0.42377547922624387,-11.384697195163433,24,24
158,0.0,four_day,alt,0.01123046875,-11.525182288290837,-11.384697195163433,12,24
158,0.0,four_day,sharp,0.58740234375,1.4502665940215997,-11.384697195163433,12,24
158,0.0,four_day,weak,0.23779296875,3.2223745888861193,-11.384697195163433,12,24
158,0.0,four_day,weak_skew,0.55078125,1.7577391766722599,-11.384697195163433,12,24
159,0.0,daily,alt,0.0001999600079984003,-11.34311031156593,-8.138904574002588,24,24
159,0.0,daily,sharp,0.04939012197560488,-2.9624100428455726,-8.138904574002588,24,24
159,0.0,daily,weak,0.016396720655868825,-4.920433095028187,-8.138904574002588,24,24
159,0.0,daily,weak_skew,0.0015996800639872025,-5.358075897633891,-8.138904574002588,24,24
159,0.0,two_day,alt,0.0003999200159968006,-9.060196180697687,-8.138904574002588,24,24
159,0.0,two_day,sharp,0.7996400719856028,0.24959856349845388,-8.138904574002588,24,24
159,0.0,two_day,weak,0.7420515896820636,-0.6366780798523909,-8.138904574002588,24,24
159,0.0,two_day,weak_skew,0.028994201159768047,4.926038564663599,-8.138904574002588,24,24
159,0.0,four_day,alt,0.16748046875,-4.5283465841984745,-8.138904574002588,12,24
159,0.0,four_day,sharp,0.27001953125,2.820416608232204,-8.138904574002588,12,24
159,0.0,four_day,weak,0.400390625,4.922483494248842,-8.138904574002588,12,24
159,0.0,four_day,weak_skew,0.4580078125,3.0438061075907736,-8.138904574002588,12,24
160,0.0,daily,alt,0.0001999600079984003,-10.034960084945679,-6.209752382312665,24,24
160,0.0,daily,sharp,0.09518096380723855,-2.9872790572270627,-6.209752382312665,24,24
160,0.0,daily,weak,0.12377524495100979,-3.5706826047341296,-6.209752382312665,24,24
160,0.0,daily,weak_skew,0.23395320935812838,-2.9395623761643512,-6.209752382312665,24,24
160,0.0,two_day,alt,0.2445510897820436,-2.7673919243671574,-6.209752382312665,24,24
160,0.0,two_day,sharp,0.1297740451909618,2.6376548769602093,-6.209752382312665,24,24
160,0.0,two_day,weak,0.026194761047790442,6.168615998315972,-6.209752382312665,24,24
160,0.0,two_day,weak_skew,0.8018396320735853,-0.39381967537019413,-6.209752382312665,24,24
160,0.0,four_day,alt,0.5849609375,-1.368733026471536,-6.209752382312665,12,24
160,0.0,four_day,sharp,0.77392578125,0.5408172724645434,-6.209752382312665,12,24
160,0.0,four_day,weak,0.16162109375,4.729290115556178,-6.209752382312665,12,24
160,0.0,four_day,weak_skew,0.78125,0.9162908152349333,-6.209752382312665,12,24
161,0.0,daily,alt,0.0001999600079984003,-10.68399870725682,-9.792228771025513,24,24
161,0.0,daily,sharp,0.5934813037392521,-0.737298814151143,-9.792228771025513,24,24
161,0.0,daily,weak,0.7938412317536493,-0.4786960221468295,-9.792228771025513,24,24
161,0.0,daily,weak_skew,0.27994401119776047,2.418104932854589,-9.792228771025513,24,24
161,0.0,two_day,alt,0.0009998000399920016,-10.387910872711656,-9.792228771025513,24,24
161,0.0,two_day,sharp,0.902619476104779,0.24448103611191327,-9.792228771025513,24,24
161,0.0,two_day,weak,0.6992601479704059,1.2457869868970637,-9.792228771025513,24,24
161,0.0,two_day,weak_skew,0.743251349730054,-0.7818384144116273,-9.792228771025513,24,24
161,0.0,four_day,alt,0.009765625,-12.463145415774084,-9.792228771025513,12,24
161,0.0,four_day,sharp,0.5078125,-1.7960906629892601,-9.792228771025513,12,24
161,0.0,four_day,weak,0.59375,-2.0198925547417765,-9.792228771025513,12,24
161,0.0,four_day,weak_skew,0.12353515625,-6.015316328758029,-9.792228771025513,12,24
162,0.0,daily,alt,0.0001999600079984003,-11.143129013708633,-9.65350586590693,24,24
162,0.0,daily,sharp,0.6284743051389722,-0.47118029024005575,-9.65350586590693,24,24
162,0.0,daily,weak,0.9708058388322336,-0.07685804323746422,-9.65350586590693,24,24
162,0.0,daily,weak_skew,0.8166366726654669,0.513424119630994,-9.65350586590693,24,24
162,0.0,two_day,alt,0.010597880423915218,-7.415402711177947,-9.65350586590693,24,24
162,0.0,two_day,sharp,0.7034593081383723,0.5391910949558142,-9.65350586590693,24,24
162,0.0,two_day,weak,0.7328534293141372,0.8782997496620281,-9.65350586590693,24,24
162,0.0,two_day,weak_skew,0.523495300939812,1.2207215810237046,-9.65350586590693,24,24
162,0.0,four_day,alt,0.00146484375,-10.273226732700474,-9.65350586590693,12,24
162,0.0,four_day,sharp,0.7802734375,-0.5507232869154356,-9.65350586590693,12,24
162,0.0,four_day,weak,0.48583984375,-2.384444867381051,-9.65350586590693,12,24
162,0.0,four_day,weak_skew,0.822265625,-0.7880334802083174,-9.65350586590693,12,24
163,0.0,daily,alt,0.0001999600079984003,-11.376907251516286,-8.266341193525747,24,24
163,0.0,daily,sharp,0.28274345130973805,-1.7170084191611814,-8.266341193525747,24,24
163,0.0,daily,weak,0.365126974605079,-2.1437459596913984,-8.266341193525747,24,24
163,0.0,daily,weak_skew,0.3525294941011798,-1.5233828968199976,-8.266341193525747,24,24
163,0.0,two_day,alt,0.22015596880623875,-6.5467487808318054,-8.266341193525747,24,24
163,0.0,two_day,sharp,0.8180363927214557,-1.2307534139821712,-8.266341193525747,24,24
163,0.0,two_day,weak,0.873625274945011,-0.7798652485121762,-8.266341193525747,24,24
163,0.0,two_day,weak_skew,0.9768046390721855,-0.13459736625814234,-8.266341193525747,24,24
163,0.0,four_day,alt,0.0029296875,-11.803949294860487,-8.266341193525747,12,24
163,0.0,four_day,sharp,0.35888671875,-3.7234710501019728,-8.266341193525747,12,24
163,0.0,four_day,weak,0.39794921875,-3.1507586217619,-8.266341193525747,12,24
163,0.0,four_day,weak_skew,0.33837890625,-4.6468819806634665,-8.266341193525747,12,24
164,0.0,daily,alt,0.0001999600079984003,-12.045672529866367,-13.144390794108787,24,24
164,0.0,daily,sharp,0.6254749050189962,0.7629696564163048,-13.144390794108787,24,24
164,0.0,daily,weak,0.7732453509298141,-0.660602199036726,-13.144390794108787,24,24
164,0.0,daily,weak_skew,0.8072385522895421,0.4371571432395047,-13.144390794108787,24,24
164,0.0,two_day,alt,0.0003999200159968006,-12.598997673611786,-13.144390794108787,24,24
164,0.0,two_day,sharp,0.635872825434913,1.1545008428462802,-13.144390794108787,24,24
164,0.0,two_day,weak,0.6594681063787242,1.457614010184458,-13.144390794108787,24,24
164,0.0,two_day,weak_skew,0.9978004399120176,-0.007360657787047013,-13.144390794108787,24,24
164,0.0,four_day,alt,0.001953125,-13.506959764190292,-13.144390794108787,12,24
164,0.0,four_day,sharp,0.7705078125,0.6593121575419522,-13.144390794108787,12,24
164,0.0,four_day,weak,0.37109375,2.5312652624913707,-13.144390794108787,12,24
164,0.0,four_day,weak_skew,0.8955078125,1.090220917520897,-13.144390794108787,12,24
165,0.0,daily,alt,0.0001999600079984003,-8.138797967902336,-8.82555762928962,24,24
165,0.0,daily,sharp,0.3739252149570086,1.049323006341801,-8.82555762928962,24,24
165,0.0,daily,weak,0.16996600679864027,2.16410739291479,-8.82555762928962,24,24
165,0.0,daily,weak_skew,0.22815436912617476,2.293036602132642,-8.82555762928962,24,24
165,0.0,two_day,alt,0.01919616076784643,-6.095510807166337,-8.82555762928962,24,24
165,0.0,two_day,sharp,0.28274345130973805,1.936897217130156,-8.82555762928962,24,24
165,0.0,two_day,weak,0.8310337932413517,0.5397726312552988,-8.82555762928962,24,24
165,0.0,two_day,weak_skew,0.2419516096780644,3.920431776955109,-8.82555762928962,24,24
165,0.0,four_day,alt,0.03759765625,-10.068189648029824,-8.82555762928962,12,24
165,0.0,four_day,sharp,0.9404296875,-0.25909425596194424,-8.82555762928962,12,24
165,0.0,four_day,weak,0.630859375,-2.5818016901379344,-8.82555762928962,12,24
165,0.0,four_day,weak_skew,0.94970703125,-0.3908990214655231,-8.82555762928962,12,24
166,0.0,daily,alt,0.03059388122375525,-6.704664756768728,-5.873260250798083,24,24
166,0.0,daily,sharp,0.860627874425115,-0.37793980463519095,-5.873260250798083,24,24
166,0.0,daily,weak,0.3161367726454709,-2.1409077896654503,-5.873260250798083,24,24
166,0.0,daily,weak_skew,0.5634873025394921,1.8175969222245116,-5.873260250798083,24,24
166,0.0,two_day,alt,0.16056788642271547,-5.2249193468775665,-5.873260250798083,24,24
166,0.0,two_day,sharp,0.9148170365926814,-0.28764503997023133,-5.873260250798083,24,24
166,0.0,two_day,weak,0.5734853029394121,-1.9806530302602505,-5.873260250798083,24,24
166,0.0,two_day,weak_skew,0.7878424315136973,-0.7812870700626663,-5.873260250798083,24,24
166,0.0,four_day,alt,0.111328125,-3.8832256327276418,-5.873260250798083,12,24
166,0.0,four_day,sharp,0.3037109375,1.5106780925044998,-5.873260250798083,12,24
166,0.0,four_day,weak,0.59765625,-1.7966282012697523,-5.873260250798083,12,24
166,0.0,four_day,weak_skew,0.8623046875,-0.5091668612360672,-5.873260250798083,12,24
167,0.0,daily,alt,0.0005998800239952009,-11.394321191248823,-12.311865357066708,24,24
167,0.0,daily,sharp,0.8096380723855229,-0.5388932462023318,-12.311865357066708,24,24
167,0.0,daily,weak,0.881623675264947,-0.3331922758626818,-12.311865357066708,24,24
167,0.0,daily,weak_skew,0.7298540291941612,-1.0006851032845494,-12.311865357066708,24,24
167,0.0,two_day,alt,0.0001999600079984003,-14.93944080521375,-12.311865357066708,24,24
167,0.0,two_day,sharp,0.47810437912417514,-1.4706258350780448,-12.311865357066708,24,24
167,0.0,two_day,weak,0.9592081583683263,0.12425846590775436,-12.311865357066708,24,24
167,0.0,two_day,weak_skew,0.27834433113377327,-3.0737951782144814,-12.311865357066708,24,24
167,0.0,four_day,alt,0.0419921875,-8.750738099404643,-12.311865357066708,12,24
167,0.0,four_day,sharp,0.46484375,2.347027107976253,-12.311865357066708,12,24
167,0.0,four_day,weak,0.83984375,0.6417854091564141,-12.311865357066708,12,24
167,0.0,four_day,weak_skew,0.20849609375,5.604212141096673,-12.311865357066708,12,24
168,0.0,daily,alt,0.0001999600079984003,-9.578490013360254,-8.749140500887805,24,24
168,0.0,daily,sharp,0.8284343131373725,-0.2983862643421376,-8.749140500887805,24,24
168,0.0,daily,weak,0.8198360327934413,0.4270126409082374,-8.749140500887805,24,24
168,0.0,daily,weak_skew,0.4615076984603079,-1.393880198813627,-8.749140500887805,24,24
168,0.0,two_day,alt,0.0003999200159968006,-11.524671725043484,-8.749140500887805,24,24
168,0.0,two_day,sharp,0.4225154969006199,-1.9092039361438415,-8.749140500887805,24,24
168,0.0,two_day,weak,0.1775644871025795,-3.8175780682139755,-8.749140500887805,24,24
168,0.0,two_day,weak_skew,0.6162767446510697,-1.549008142777421,-8.749140500887805,24,24
168,0.0,four_day,alt,0.00732421875,-9.728021153854463,-8.749140500887805,12,24
168,0.0,four_day,sharp,0.54931640625,-1.1294083161645254,-8.749140500887805,12,24
168,0.0,four_day,weak,0.33642578125,3.209102232633613,-8.749140500887805,12,24
168,0.0,four_day,weak_skew,0.107421875,-4.5478225628332964,-8.749140500887805,12,24
169,0.0,daily,alt,0.0001999600079984003,-13.259403411998056,-9.677424499391066,24,24
169,0.0,daily,sharp,0.28094381123775247,-2.1809962450144904,-9.677424499391066,24,24
169,0.0,daily,weak,0.22935412917416517,-3.2967757109892077,-9.677424499391066,24,24
169,0.0,daily,weak_skew,0.4513097380523895,-1.7441815891557402,-9.677424499391066,24,24
169,0.0,two_day,alt,0.001999600079984003,-10.442427600895808,-9.677424499391066,24,24
169,0.0,two_day,sharp,0.7924415116976604,-0.6069107482207409,-9.677424499391066,24,24
169,0.0,two_day,weak,0.619876024795041,1.6468704977286326,-9.677424499391066,24,24
169,0.0,two_day,weak_skew,0.20095980803839233,-3.497974030744605,-9.677424499391066,24,24
169,0.0,four_day,alt,0.0224609375,-9.006807277941965,-9.677424499391066,12,24
169,0.0,four_day,sharp,0.85595703125,-0.4555281366252301,-9.677424499391066,12,24
169,0.0,four_day,weak,0.9892578125,-0.05331764108951139,-9.677424499391066,12,24
169,0.0,four_day,weak_skew,0.39208984375,-2.228199184642681,-9.677424499391066,12,24
170,0.0,daily,alt,0.029994001199760048,-6.751668876657707,-7.04789780942896,24,24
170,0.0,daily,sharp,0.5238952209558089,-1.3007662915663085,-7.04789780942896,24,24
170,0.0,daily,weak,0.3745250949810038,-2.4338460666473223,-7.04789780942896,24,24
170,0.0,daily,weak_skew,0.6192761447710458,-1.15451280975973,-7.04789780942896,24,24
170,0.0,two_day,alt,0.013397320535892822,-8.560394072289332,-7.04789780942896,24,24
170,0.0,two_day,sharp,0.8808238352329534,-0.33630866245013874,-7.04789780942896,24,24
170,0.0,two_day,weak,0.9322135572885423,-0.25652220959555044,-7.04789780942896,24,24
170,0.0,two_day,weak_skew,0.7784443111377725,-0.9112576621827131,-7.04789780942896,24,24
170,0.0,four_day,alt,0.03564453125,-11.923234434048176,-7.04789780942896,12,24
170,0.0,four_day,sharp,0.19775390625,-3.1182041830340057,-7.04789780942896,12,24
170,0.0,four_day,weak,0.7724609375,-0.893025853449212,-7.04789780942896,12,24
170,0.0,four_day,weak_skew,0.0615234375,-4.896353772956739,-7.04789780942896,12,24
171,0.0,daily,alt,0.0001999600079984003,-14.916724946184383,-11.280014095022807,24,24
171,0.0,daily,sharp,0.054789042191561686,-3.7056369653716756,-11.280014095022807,24,24
171,0.0,daily,weak,0.1329734053189362,-3.6166479116287213,-11.280014095022807,24,24
171,0.0,daily,weak_skew,0.019396120775844832,-4.675909746396611,-11.280014095022807,24,24
171,0.0,two_day,alt,0.001999600079984003,-9.071965951603302,-11.280014095022807,24,24
171,0.0,two_day,sharp,0.46390721855628875,2.090809614120375,-11.280014095022807,24,24
171,0.0,two_day,weak,0.5508898220355929,2.4558310269276804,-11.280014095022807,24,24
171,0.0,two_day,weak_skew,0.6660667866426715,1.2503216862996631,-11.280014095022807,24,24
171,0.0,four_day,alt,0.01904296875,-10.351387152089266,-11.280014095022807,12,24
171,0.0,four_day,sharp,0.79150390625,-1.0261388566222458,-11.280014095022807,12,24
171,0.0,four_day,weak,0.99169921875,-0.045385917902097006,-11.280014095022807,12,24
171,0.0,four_day,weak_skew,0.8759765625,-0.6670110665334725,-11.280014095022807,12,24
172,0.0,daily,alt,0.0001999600079984003,-9.918355543768184,-10.26023843385498,24,24
172,0.0,daily,sharp,0.7842431513697261,0.4518558157914511,-10.26023843385498,24,24
172,0.0,daily,weak,0.9936012797440512,-0.01526038605871527,-10.26023843385498,24,24
172,0.0,daily,weak_skew,0.46490701859628075,1.4908189580033655,-10.26023843385498,24,24
172,0.0,two_day,alt,0.0005998800239952009,-11.674194062123968,-10.26023843385498,24,24
172,0.0,two_day,sharp,0.8704259148170366,-0.4084488263414994,-10.26023843385498,24,24
172,0.0,two_day,weak,0.98000399920016,0.07850801117307189,-10.26023843385498,24,24
172,0.0,two_day,weak_skew,0.8864227154569086,-0.47445653550679207,-10.26023843385498,24,24
172,0.0,four_day,alt,0.00146484375,-12.984373454294802,-10.26023843385498,12,24
172,0.0,four_day,sharp,0.6279296875,-1.1464335620915698,-10.26023843385498,12,24
172,0.0,four_day,weak,0.677734375,0.8542391776862021,-10.26023843385498,12,24
172,0.0,four_day,weak_skew,0.1181640625,-3.943131487094016,-10.26023843385498,12,24
173,0.0,daily,alt,0.0001999600079984003,-11.732512312375604,-11.544035447025557,24,24
173,0.0,daily,sharp,0.973005398920216,-0.0757770311539625,-11.544035447025557,24,24
173,0.0,daily,weak,0.7756448710257948,-0.8356094250794287,-11.544035447025557,24,24
173,0.0,daily,weak_skew,0.6260747850429914,-1.5343488602244288,-11.544035447025557,24,24
173,0.0,two_day,alt,0.0001999600079984003,-13.418225708832734,-11.544035447025557,24,24
173,0.0,two_day,sharp,0.4667066586682663,-2.0784937816136475,-11.544035447025557,24,24
173,0.0,two_day,weak,0.608878224355129,-1.6791887913204155,-11.544035447025557,24,24
173,0.0,two_day,weak_skew,0.752249550089982,1.0532949527490123,-11.544035447025557,24,24
173,0.0,four_day,alt,0.009765625,-12.335664791383422,-11.544035447025557,12,24
173,0.0,four_day,sharp,0.67724609375,-2.208296686080615,-11.544035447025557,12,24
173,0.0,four_day,weak,0.49267578125,-3.9038181102910516,-11.544035447025557,12,24
173,0.0,four_day,weak_skew,0.5546875,-3.1936995296459028,-11.544035447025557,12,24
174,0.0,daily,alt,0.0001999600079984003,-10.949492081372293,-11.557009583108488,24,24
174,0.0,daily,sharp,0.7856428714257149,0.5891526649091606,-11.557009583108488,24,24
174,0.0,daily,weak,0.8054389122175565,0.7056198610012192,-11.557009583108488,24,24
174,0.0,daily,weak_skew,0.5802839432113577,1.2645239634806975,-11.557009583108488,24,24
174,0.0,two_day,alt,0.0001999600079984003,-13.981168784426162,-11.557009583108488,24,24
174,0.0,two_day,sharp,0.8206358728254349,0.5915149857722207,-11.557009583108488,24,24
174,0.0,two_day,weak,0.7516496700659868,1.0868569214372386,-11.557009583108488,24,24
174,0.0,two_day,weak_skew,0.935612877424515,0.2095403812556406,-11.557009583108488,24,24
174,0.0,four_day,alt,0.001953125,-13.991927789867551,-11.557009583108488,12,24
174,0.0,four_day,sharp,0.833984375,-0.8634445119484541,-11.557009583108488,12,24
174,0.0,four_day,weak,0.7060546875,-1.8026567501739883,-11.557009583108488,12,24
174,0.0,four_day,weak_skew,0.56494140625,2.880977702234286,-11.557009583108488,12,24
175,0.0,daily,alt,0.0009998000399920016,-8.818361130712555,-9.984234044257313,24,24
175,0.0,daily,sharp,0.2551489702059588,-1.7109402564754166,-9.984234044257313,24,24
175,0.0,daily,weak,0.1817636472705459,-3.2565651577664014,-9.984234044257313,24,24
175,0.0,daily,weak_skew,0.07218556288742252,-3.4435785835278065,-9.984234044257313,24,24
175,0.0,two_day,alt,0.03499300139972006,-5.98186936259145,-9.984234044257313,24,24
175,0.0,two_day,sharp,0.051789642071585686,5.210711744592559,-9.984234044257313,24,24
175,0.0,two_day,weak,0.038992201559688064,7.203677811874346,-9.984234044257313,24,24
175,0.0,two_day,weak_skew,0.17016596680663867,3.5632892640147737,-9.984234044257313,24,24
175,0.0,four_day,alt,0.39306640625,-2.8232574063503844,-9.984234044257313,12,24
175,0.0,four_day,sharp,0.06201171875,3.5356462157062833,-9.984234044257313,12,24
175,0.0,four_day,weak,0.33349609375,2.0815894608150303,-9.984234044257313,12,24
175,0.0,four_day,weak_skew,0.13525390625,4.39412357919861,-9.984234044257313,12,24
176,0.0,daily,alt,0.0011997600479904018,-8.496623541050809,-6.653267631710108,24,24
176,0.0,daily,sharp,0.9206158768246351,0.16469426580666693,-6.653267631710108,24,24
176,0.0,daily,weak,0.5756848630273945,-0.987632244487636,-6.653267631710108,24,24
176,0.0,daily,weak_skew,0.4533093381323735,1.4667431230387136,-6.653267631710108,24,24
176,0.0,two_day,alt,0.974005198960208,0.11358753775307424,-6.653267631710108,24,24
176,0.0,two_day,sharp,0.16976604679064186,2.705458181177306,-6.653267631710108,24,24
176,0.0,two_day,weak,0.33253349330133974,2.852466895915429,-6.653267631710108,24,24
176,0.0,two_day,weak_skew,0.3785242951409718,2.18072563678811,-6.653267631710108,24,24
176,0.0,four_day,alt,0.0029296875,-10.510679486360546,-6.653267631710108,12,24
176,0.0,four_day,sharp,0.39697265625,-2.3307328579910007,-6.653267631710108,12,24
176,0.0,four_day,weak,0.62255859375,-1.280307205801981,-6.653267631710108,12,24
176,0.0,four_day,weak_skew,0.52685546875,-2.0069938964471574,-6.653267631710108,12,24
177,0.0,daily,alt,0.0001999600079984003,-10.93852349142162,-9.836971723602886,24,24
177,0.0,daily,sharp,0.5532893421315737,-0.7313888666427871,-9.836971723602886,24,24
177,0.0,daily,weak,0.41571685662867425,-1.3513204622507722,-9.836971723602886,24,24
177,0.0,daily,weak_skew,0.2425514897020596,-2.0513511062446392,-9.836971723602886,24,24
177,0.0,two_day,alt,0.0005998800239952009,-13.491576936038589,-9.836971723602886,24,24
177,0.0,two_day,sharp,0.2001599680063987,-2.067984730670345,-9.836971723602886,24,24
177,0.0,two_day,weak,0.9444111177764447,0.2168186532932269,-9.836971723602886,24,24
177,0.0,two_day,weak_skew,0.1765646870625875,-3.2794697655140417,-9.836971723602886,24,24
177,0.0,four_day,alt,0.0009765625,-12.279434564366182,-9.836971723602886,12,24
177,0.0,four_day,sharp,0.30517578125,-1.5458213491787547,-9.836971723602886,12,24
177,0.0,four_day,weak,0.537109375,-2.031831275946027,-9.836971723602886,12,24
177,0.0,four_day,weak_skew,0.353515625,-2.7742058710076516,-9.836971723602886,12,24
178,0.0,daily,alt,0.0027994401119776045,-6.602198599395995,-9.835528410468662,24,24
178,0.0,daily,sharp,0.10437912417516497,3.4672018070630948,-9.835528410468662,24,24
178,0.0,daily,weak,0.1295740851829634,4.42201355359236,-9.835528410468662,24,24
178,0.0,daily,weak_skew,0.10897820435912818,4.5643757906460225,-9.835528410468662,24,24
178,0.0,two_day,alt,0.004599080183963208,-9.800623513910432,-9.835528410468662,24,24
178,0.0,two_day,sharp,0.8560287942411517,0.5154709478127989,-9.835528410468662,24,24
178,0.0,two_day,weak,0.48630273945210956,2.2015156754586935,-9.835528410468662,24,24
178,0.0,two_day,weak_skew,0.15036992601479704,7.207951132540328,-9.835528410468662,24,24
178,0.0,four_day,alt,0.09423828125,-8.369977948616286,-9.835528410468662,12,24
178,0.0,four_day,sharp,0.8408203125,1.0779444958792752,-9.835528410468662,12,24
178,0.0,four_day,weak,0.95654296875,0.27182713223634103,-9.835528410468662,12,24
178,0.0,four_day,weak_skew,0.93701171875,0.38530982686253407,-9.835528410468662,12,24
179,0.0,daily,alt,0.14317136572685463,-3.793922533534913,-5.3796315226310725,24,24
179,0.0,daily,sharp,0.17716456708658268,1.5373834157713546,-5.3796315226310725,24,24
179,0.0,daily,weak,0.07698460307938412,3.2351814663987404,-5.3796315226310725,24,24
179,0.0,daily,weak_skew,0.6568686262747451,0.6732908137207853,-5.3796315226310725,24,24
179,0.0,two_day,alt,0.39132173565286943,-3.3318921274783855,-5.3796315226310725,24,24
179,0.0,two_day,sharp,0.11537692461507698,2.1986597640453622,-5.3796315226310725,24,24
179,0.0,two_day,weak,0.23955208958208357,2.2901294170190423,-5.3796315226310725,24,24
179,0.0,two_day,weak_skew,0.05098980203959208,3.241114011089655,-5.3796315226310725,24,24
179,0.0,four_day,alt,0.18994140625,-4.5508674421938435,-5.3796315226310725,12,24
179,0.0,four_day,sharp,0.46533203125,0.8144290137397062,-5.3796315226310725,12,24
179,0.0,four_day,weak,0.794921875,-0.7426335555277745,-5.3796315226310725,12,24
179,0.0,four_day,weak_skew,0.77490234375,0.738763974469754,-5.3796315226310725,12,24
180,0.0,daily,alt,0.03739252149570086,-7.598326306280053,-7.935477089568806,24,24
180,0.0,daily,sharp,0.8552289542091581,0.5840307523664281,-7.935477089568806,24,24
180,0.0,daily,weak,0.7758448310337932,1.0051136565670606,-7.935477089568806,24,24
180,0.0,daily,weak_skew,0.44211157768446313,2.29032962642692,-7.935477089568806,24,24
180,0.0,two_day,alt,0.1271745650869826,-6.373586997471354,-7.935477089568806,24,24
180,0.0,two_day,sharp,0.22735452909418116,2.581756764094028,-7.935477089568806,24,24
180,0.0,two_day,weak,0.20335932813437313,3.6291849974714054,-7.935477089568806,24,24
180,0.0,two_day,weak_skew,0.7800439912017596,0.5660628882066785,-7.935477089568806,24,24
180,0.0,four_day,alt,0.171875,7.102616676654016,-7.935477089568806,12,24
180,0.0,four_day,sharp,0.005859375,8.107171929252763,-7.935477089568806,12,24
180,0.0,four_day,weak,0.0224609375,11.108272288791511,-7.935477089568806,12,24
180,0.0,four_day,weak_skew,0.02783203125,6.679125173933412,-7.935477089568806,12,24
181,0.0,daily,alt,0.09498100379924015,-5.360842274213764,-4.750997494811429,24,24
181,0.0,daily,sharp,0.7214557088582284,-0.4823017713939999,-4.750997494811429,24,24
181,0.0,daily,weak,0.45250949810037994,-1.3696033535443863,-4.750997494811429,24,24
181,0.0,daily,weak_skew,0.46590681863627276,1.8982835846883248,-4.750997494811429,24,24
181,0.0,two_day,alt,0.7830433913217356,-0.9952161960735847,-4.750997494811429,24,24
181,0.0,two_day,sharp,0.35592881423715256,1.387586522597149,-4.750997494811429,24,24
181,0.0,two_day,weak,0.4917016596680664,-1.8330029637651364,-4.750997494811429,24,24
181,0.0,two_day,weak_skew,0.40531893621275744,1.831010198826485,-4.750997494811429,24,24
181,0.0,four_day,alt,0.80126953125,-1.3607981805569846,-4.750997494811429,12,24
181,0.0,four_day,sharp,0.31640625,2.6917288006938946,-4.750997494811429,12,24
181,0.0,four_day,weak,0.091796875,6.665495434231752,-4.750997494811429,12,24
181,0.0,four_day,weak_skew,0.61376953125,2.1026989592638388,-4.750997494811429,12,24
182,0.0,daily,alt,0.0001999600079984003,-9.886796255516659,-9.254613594924805,24,24
182,0.0,daily,sharp,0.8890221955608878,-0.20259278923397606,-9.254613594924805,24,24
182,0.0,daily,weak,0.3807238552289542,-1.6439076072601349,-9.254613594924805,24,24
182,0.0,daily,weak_skew,0.1871625674865027,-2.226375402382963,-9.254613594924805,24,24
182,0.0,two_day,alt,0.005198960207958408,-9.499353716228748,-9.254613594924805,24,24
182,0.0,two_day,sharp,0.9488102379524095,0.15327113114834864,-9.254613594924805,24,24
182,0.0,two_day,weak,0.5998800239952009,1.606385424663735,-9.254613594924805,24,24
182,0.0,two_day,weak_skew,0.5410917816436712,-1.8935326864572695,-9.254613594924805,24,24
182,0.0,four_day,alt,0.009765625,-6.530530154816589,-9.254613594924805,12,24
182,0.0,four_day,sharp,0.1181640625,2.5493532375095094,-9.254613594924805,12,24
182,0.0,four_day,weak,0.60791015625,1.5946456693830584,-9.254613594924805,12,24
182,0.0,four_day,weak_skew,0.435546875,1.4841157132919882,-9.254613594924805,12,24
183,0.0,daily,alt,0.4465106978604279,-3.0037032921194804,-6.378998649348183,24,24
183,0.0,daily,sharp,0.3883223355328934,1.448671014678619,-6.378998649348183,24,24
183,0.0,daily,weak,0.7802439512097581,0.5793708919548916,-6.378998649348183,24,24
183,0.0,daily,weak_skew,0.6716656668666267,0.8502268955764546,-6.378998649348183,24,24
183,0.0,two_day,alt,0.013397320535892822,-9.175885235680626,-6.378998649348183,24,24
183,0.0,two_day,sharp,0.5838832233553289,-1.1207956652968438,-6.378998649348183,24,24
183,0.0,two_day,weak,0.7346530693861227,0.9364874073940035,-6.378998649348183,24,24
183,0.0,two_day,weak_skew,0.16436712657468505,-3.2159109321211794,-6.378998649348183,24,24
183,0.0,four_day,alt,0.888671875,-0.6633224288523021,-6.378998649348183,12,24
183,0.0,four_day,sharp,0.87646484375,0.3354859596298425,-6.378998649348183,12,24
183,0.0,four_day,weak,0.9990234375,0.003251684563628269,-6.378998649348183,12,24
183,0.0,four_day,weak_skew,0.7216796875,-0.9932550021799376,-6.378998649348183,12,24
184,0.0,daily,alt,0.0005998800239952009,-5.899626330566616,-5.697721214654052,24,24
184,0.0,daily,sharp,0.5802839432113577,0.7957152990492359,-5.697721214654052,24,24
184,0.0,daily,weak,0.6400719856028795,-0.8326546585254588,-5.697721214654052,24,24
184,0.0,daily,weak_skew,0.23055388922215556,2.506963821721698,-5.697721214654052,24,24
184,0.0,two_day,alt,0.0061987602479504095,-10.949618336185779,-5.697721214654052,24,24
184,0.0,two_day,sharp,0.13877224555088982,-4.558891540788102,-5.697721214654052,24,24
184,0.0,two_day,weak,0.4803039392121576,-2.70875388299104,-5.697721214654052,24,24
184,0.0,two_day,weak_skew,0.3281343731253749,-3.3690673280606145,-5.697721214654052,24,24
184,0.0,four_day,alt,0.01806640625,-9.861761177081013,-5.697721214654052,12,24
184,0.0,four_day,sharp,0.20947265625,-4.0627794618425375,-5.697721214654052,12,24
184,0.0,four_day,weak,0.23974609375,-4.946325663518547,-5.697721214654052,12,24
184,0.0,four_day,weak_skew,0.24951171875,-4.621274016874191,-5.697721214654052,12,24
185,0.0,daily,alt,0.0005998800239952009,-8.44968289872851,-8.095637672677697,24,24
185,0.0,daily,sharp,0.46690661867626476,-0.90728548054943,-8.095637672677697,24,24
185,0.0,daily,weak,0.7786442711457708,-0.45629926762421363,-8.095637672677697,24,24
185,0.0,daily,weak_skew,0.9270145970805839,-0.15016873433984093,-8.095637672677697,24,24
185,0.0,two_day,alt,0.0007998400319936012,-9.260074663256866,-8.095637672677697,24,24
185,0.0,two_day,sharp,0.5030993801239753,-0.9447383931432473,-8.095637672677697,24,24
185,0.0,two_day,weak,0.41011797640471903,-1.5127354625800378,-8.095637672677697,24,24
185,0.0,two_day,weak_skew,0.250749850029994,-2.267554554765783,-8.095637672677697,24,24
185,0.0,four_day,alt,0.0185546875,-7.639264715072066,-8.095637672677697,12,24
185,0.0,four_day,sharp,0.4033203125,-1.389337301455922,-8.095637672677697,12,24
185,0.0,four_day,weak,0.41357421875,-2.3648198464151053,-8.095637672677697,12,24
185,0.0,four_day,weak_skew,0.90869140625,0.4267653546583355,-8.095637672677697,12,24
186,0.0,daily,alt,0.0001999600079984003,-8.17574565809668,-6.524563442103826,24,24
186,0.0,daily,sharp,0.16576684663067387,-1.8672665629229261,-6.524563442103826,24,24
186,0.0,daily,weak,0.8176364727054589,-0.47746622425864427,-6.524563442103826,24,24
186,0.0,daily,weak_skew,0.3181363727254549,-1.907344651036903,-6.524563442103826,24,24
186,0.0,two_day,alt,0.4407118576284743,-3.283068777073975,-6.524563442103826,24,24
186,0.0,two_day,sharp,0.46790641871625677,2.6391481309048217,-6.524563442103826,24,24
186,0.0,two_day,weak,0.5900819836032793,2.149219282990523,-6.524563442103826,24,24
186,0.0,two_day,weak_skew,0.5010997800439912,2.835048653974946,-6.524563442103826,24,24
186,0.0,four_day,alt,0.86962890625,-0.9361000973962934,-6.524563442103826,12,24
186,0.0,four_day,sharp,0.21142578125,4.461307827729336,-6.524563442103826,12,24
186,0.0,four_day,weak,0.11376953125,5.97592685734578,-6.524563442103826,12,24
186,0.0,four_day,weak_skew,0.392578125,3.844146981279719,-6.524563442103826,12,24
187,0.0,daily,alt,0.0003999200159968006,-9.124679974411924,-7.983962725405618,24,24
187,0.0,daily,sharp,0.9952009598080384,-0.01105238478947849,-7.983962725405618,24,24
187,0.0,daily,weak,0.7820435912817436,0.5565297200058253,-7.983962725405618,24,24
187,0.0,daily,weak_skew,0.7710457908418317,0.5898464754629075,-7.983962725405618,24,24
187,0.0,two_day,alt,0.0003999200159968006,-7.5573775776138765,-7.983962725405618,24,24
187,0.0,two_day,sharp,0.4221155768846231,0.9829353671143698,-7.983962725405618,24,24
187,0.0,two_day,weak,0.8744251149770046,0.2918946317960123,-7.983962725405618,24,24
187,0.0,two_day,weak_skew,0.9138172365526894,-0.15485400931688945,-7.983962725405618,24,24
187,0.0,four_day,alt,0.00732421875,-9.946530335805983,-7.983962725405618,12,24
187,0.0,four_day,sharp,0.35791015625,-2.42537202694426,-7.983962725405618,12,24
187,0.0,four_day,weak,0.28466796875,-5.239356450131292,-7.983962725405618,12,24
187,0.0,four_day,weak_skew,0.0927734375,-4.680942612659493,-7.983962725405618,12,24
188,0.0,daily,alt,0.0001999600079984003,-9.309630966679181,-10.400488611067232,24,24
188,0.0,daily,sharp,0.5040991801639672,1.4342540363961984,-10.400488611067232,24,24
188,0.0,daily,weak,0.3311337732453509,2.299907845053158,-10.400488611067232,24,24
188,0.0,daily,weak_skew,0.3609278144371126,1.9020589632272158,-10.400488611067232,24,24
188,0.0,two_day,alt,0.07278544291141771,-6.3332452242038295,-10.400488611067232,24,24
188,0.0,two_day,sharp,0.40371925614877024,3.907752740388688,-10.400488611067232,24,24
188,0.0,two_day,weak,0.7210557888422315,1.5021897954639654,-10.400488611067232,24,24
188,0.0,two_day,weak_skew,0.669866026794641,2.5515918370252235,-10.400488611067232,24,24
188,0.0,four_day,alt,0.2021484375,-5.801507714830843,-10.400488611067232,12,24
188,0.0,four_day,sharp,0.32080078125,4.570857352164761,-10.400488611067232,12,24
188,0.0,four_day,weak,0.4716796875,3.658693917218573,-10.400488611067232,12,24
188,0.0,four_day,weak_skew,0.07470703125,10.455069576792711,-10.400488611067232,12,24
189,0.0,daily,alt,0.0001999600079984003,-11.841685880432854,-9.704385827224513,24,24
189,0.0,daily,sharp,0.130373925214957,-2.881694511076508,-9.704385827224513,24,24
189,0.0,daily,weak,0.1749650069986003,-3.6088391316673616,-9.704385827224513,24,24
189,0.0,daily,weak_skew,0.10797840431913618,-3.7217190933935673,-9.704385827224513,24,24
189,0.0,two_day,alt,0.013597280543891222,-7.430984648806203,-9.704385827224513,24,24
189,0.0,two_day,sharp,0.46650669866026795,1.6508021608558312,-9.704385827224513,24,24
189,0.0,two_day,weak,0.7776444711057788,0.8665532044825298,-9.704385827224513,24,24
189,0.0,two_day,weak_skew,0.23735252949410118,3.004649967296798,-9.704385827224513,24,24
189,0.0,four_day,alt,0.0009765625,-9.7234937956136,-9.704385827224513,12,24
189,0.0,four_day,sharp,0.68408203125,-0.6245351730184309,-9.704385827224513,12,24
189,0.0,four_day,weak,0.42138671875,2.3217108530087764,-9.704385827224513,12,24
189,0.0,four_day,weak_skew,0.474609375,-2.424448280820355,-9.704385827224513,12,24
190,0.0,daily,alt,0.001999600079984003,-7.921461280444628,-6.576327532670611,24,24
190,0.0,daily,sharp,0.483503299340132,-0.8553556418452116,-6.576327532670611,24,24
190,0.0,daily,weak,0.5006998600279944,-1.4458391092655614,-6.576327532670611,24,24
190,0.0,daily,weak_skew,0.872625474905019,-0.2398919860809352,-6.576327532670611,24,24
190,0.0,two_day,alt,0.06458708258348331,-4.83556627761913,-6.576327532670611,24,24
190,0.0,two_day,sharp,0.03099380123975205,2.863846141105489,-6.576327532670611,24,24
190,0.0,two_day,weak,0.6646670665866826,1.2111260400666242,-6.576327532670611,24,24
190,0.0,two_day,weak_skew,0.3301339732053589,1.7755400432793362,-6.576327532670611,24,24
190,0.0,four_day,alt,0.0048828125,-7.851537698240179,-6.576327532670611,12,24
190,0.0,four_day,sharp,0.470703125,1.5717933316013362,-6.576327532670611,12,24
190,0.0,four_day,weak,0.384765625,-1.9765500327458387,-6.576327532670611,12,24
190,0.0,four_day,weak_skew,0.46240234375,3.61186904386704,-6.576327532670611,12,24
191,0.0,daily,alt,0.0001999600079984003,-9.672983845406177,-7.156709050052044,24,24
191,0.0,daily,sharp,0.33053389322135573,-1.6982174736347961,-7.156709050052044,24,24
191,0.0,daily,weak,0.21595680863827235,-3.036505401884188,-7.156709050052044,24,24
191,0.0,daily,weak_skew,0.47030593881223753,-1.7334159264043407,-7.156709050052044,24,24
191,0.0,two_day,alt,0.0001999600079984003,-8.490758859215205,-7.156709050052044,24,24
191,0.0,two_day,sharp,0.5942811437712457,-1.0021193607001895,-7.156709050052044,24,24
191,0.0,two_day,weak,0.8164367126574685,-0.6101542232401075,-7.156709050052044,24,24
191,0.0,two_day,weak_skew,0.7038592281543691,0.988942678523998,-7.156709050052044,24,24
191,0.0,four_day,alt,0.00244140625,-11.207709190512135,-7.156709050052044,12,24
191,0.0,four_day,sharp,0.02392578125,-4.907817477285346,-7.156709050052044,12,24
191,0.0,four_day,weak,0.00048828125,-7.898104371904457,-7.156709050052044,12,24
191,0.0,four_day,weak_skew,0.01220703125,-7.201649466183407,-7.156709050052044,12,24
192,0.0,daily,alt,0.0003999200159968006,-7.03878521083774,-8.41184921979037,24,24
192,0.0,daily,sharp,0.27134573085382924,1.4836919877489283,-8.41184921979037,24,24
192,0.0,daily,weak,0.27534493101379726,1.5922674491401383,-8.41184921979037,24,24
192,0.0,daily,weak_skew,0.5298940211957609,1.0234563892414361,-8.41184921979037,24,24
192,0.0,two_day,alt,0.0001999600079984003,-8.806014531345989,-8.41184921979037,24,24
192,0.0,two_day,sharp,0.9822035592881424,0.028270946284491078,-8.41184921979037,24,24
192,0.0,two_day,weak,0.27134573085382924,2.61891052392156,-8.41184921979037,24,24
192,0.0,two_day,weak_skew,0.853629274145171,-0.3161678390631266,-8.41184921979037,24,24
192,0.0,four_day,alt,0.00048828125,-11.911961224114743,-8.41184921979037,12,24
192,0.0,four_day,sharp,0.04638671875,-3.6289379708714704,-8.41184921979037,12,24
192,0.0,four_day,weak,0.03662109375,-5.854103466636643,-8.41184921979037,12,24
192,0.0,four_day,weak_skew,0.00244140625,-5.208549065852147,-8.41184921979037,12,24
193,0.0,daily,alt,0.0001999600079984003,-13.331107225103262,-10.776657431063441,24,24
193,0.0,daily,sharp,0.05078984203159368,-3.4308599807263227,-10.776657431063441,24,24
193,0.0,daily,weak,0.23475304939012198,-2.685150535202928,-10.776657431063441,24,24
193,0.0,daily,weak_skew,0.019596080783843232,-4.815367813546363,-10.776657431063441,24,24
193,0.0,two_day,alt,0.0009998000399920016,-12.421979022911328,-10.776657431063441,24,24
193,0.0,two_day,sharp,0.46250749850029993,-1.8275541630593324,-10.776657431063441,24,24
193,0.0,two_day,weak,0.28434313137372524,-3.4221976891830472,-10.776657431063441,24,24
193,0.0,two_day,weak_skew,0.7418516296740651,-1.020701946485725,-10.776657431063441,24,24
193,0.0,four_day,alt,0.0009765625,-12.390742898455983,-10.776657431063441,12,24
193,0.0,four_day,sharp,0.609375,-1.1800002763841952,-10.776657431063441,12,24
193,0.0,four_day,weak,0.6484375,-1.5272998172231038,-10.776657431063441,12,24
193,0.0,four_day,weak_skew,0.6591796875,-1.5170235265974845,-10.776657431063441,12,24
194,0.0,daily,alt,0.0007998400319936012,-9.319715152914247,-8.420487067068116,24,24
194,0.0,daily,sharp,0.6116776644671066,-0.9830806440128012,-8.420487067068116,24,24
194,0.0,daily,weak,0.7626474705058989,-0.785250161786131,-8.420487067068116,24,24
194,0.0,daily,weak_skew,0.5332933413317337,-1.2270549814562148,-8.420487067068116,24,24
194,0.0,two_day,alt,0.0647870425914817,-6.162004367600807,-8.420487067068116,24,24
194,0.0,two_day,sharp,0.48010397920415915,1.859446141497607,-8.420487067068116,24,24
194,0.0,two_day,weak,0.46710657868426314,1.947357647865549,-8.420487067068116,24,24
194,0.0,two_day,weak_skew,0.7480503899220156,0.8001510852694796,-8.420487067068116,24,24
194,0.0,four_day,alt,0.599609375,1.974239104668202,-8.420487067068116,12,24
194,0.0,four_day,sharp,0.0048828125,8.195714659616753,-8.420487067068116,12,24
194,0.0,four_day,weak,0.17041015625,4.4310643873841,-8.420487067068116,12,24
194,0.0,four_day,weak_skew,0.0419921875,7.265760352084684,-8.420487067068116,12,24
195,0.0,daily,alt,0.07318536292741452,-5.520973079929139,-10.379593994445926,24,24
195,0.0,daily,sharp,0.20615876824635074,2.8139760355525745,-10.379593994445926,24,24
195,0.0,daily,weak,0.16596680663867228,3.6840074246755647,-10.379593994445926,24,24
195,0.0,daily,weak_skew,0.22035592881423716,4.090265704633004,-10.379593994445926,24,24
195,0.0,two_day,alt,0.08278344331133773,-8.088761089309093,-10.379593994445926,24,24
195,0.0,two_day,sharp,0.41411717656468705,3.277782323882247,-10.379593994445926,24,24
195,0.0,two_day,weak,0.47550489902019594,3.352361313318293,-10.379593994445926,24,24
195,0.0,two_day,weak_skew,0.643871225754849,1.8958158914195031,-10.379593994445926,24,24
195,0.0,four_day,alt,0.0146484375,-14.272715610481379,-10.379593994445926,12,24
195,0.0,four_day,sharp,0.52783203125,-3.0702877296895195,-10.379593994445926,12,24
195,0.0,four_day,weak,0.240234375,-6.666344521579152,-10.379593994445926,12,24
195,0.0,four_day,weak_skew,0.39453125,-4.122357967293211,-10.379593994445926,12,24
196,0.0,daily,alt,0.0001999600079984003,-11.40536803798215,-10.781851554586353,24,24
196,0.0,daily,sharp,0.7232553489302139,1.0803847637777029,-10.781851554586353,24,24
196,0.0,daily,weak,0.9514097180563887,0.1994869279441165,-10.781851554586353,24,24
196,0.0,daily,weak_skew,0.849630073985203,-0.5060821436071782,-10.781851554586353,24,24
196,0.0,two_day,alt,0.0003999200159968006,-11.756936437752245,-10.781851554586353,24,24
196,0.0,two_day,sharp,0.8674265146970606,-0.3172950522012128,-10.781851554586353,24,24
196,0.0,two_day,weak,0.46010797840431916,2.0057923937659137,-10.781851554586353,24,24
196,0.0,two_day,weak_skew,0.9110177964407119,-0.3216423696378132,-10.781851554586353,24,24
196,0.0,four_day,alt,0.00634765625,-11.313276671263496,-10.781851554586353,12,24
196,0.0,four_day,sharp,0.53271484375,-2.806650456440096,-10.781851554586353,12,24
196,0.0,four_day,weak,0.06298828125,-5.175851681047797,-10.781851554586353,12,24
196,0.0,four_day,weak_skew,0.84619140625,-0.7579049705299999,-10.781851554586353,12,24
197,0.0,daily,alt,0.020395920815836834,-5.929716586242056,-7.766002388703676,24,24
197,0.0,daily,sharp,0.09018196360727855,2.428419446144631,-7.766002388703676,24,24
197,0.0,daily,weak,0.016596680663867228,4.684575133859435,-7.766002388703676,24,24
197,0.0,daily,weak_skew,0.7124575084983004,0.5762866484625855,-7.766002388703676,24,24
197,0.0,two_day,alt,0.0001999600079984003,-11.290405276527743,-7.766002388703676,24,24
197,0.0,two_day,sharp,0.11017796440711858,-2.5642288300157707,-7.766002388703676,24,24
197,0.0,two_day,weak,0.6938612277544491,-1.1198518987030803,-7.766002388703676,24,24
197,0.0,two_day,weak_skew,0.09618076384723055,-3.895295830150372,-7.766002388703676,24,24
197,0.0,four_day,alt,0.625,-2.290040092089607,-7.766002388703676,12,24
197,0.0,four_day,sharp,0.419921875,2.6601958525619698,-7.766002388703676,12,24
197,0.0,four_day,weak,0.1640625,4.34756449779759,-7.766002388703676,12,24
197,0.0,four_day,weak_skew,0.30517578125,4.240473632233885,-7.766002388703676,12,24
198,0.0,daily,alt,0.0001999600079984003,-10.853924569869669,-9.486034539569062,24,24
198,0.0,daily,sharp,0.9128174365126974,-0.11055019084016078,-9.486034539569062,24,24
198,0.0,daily,weak,0.22775444911017798,-2.491660275080354,-9.486034539569062,24,24
198,0.0,daily,weak_skew,0.7944411117776444,-0.45209095412963823,-9.486034539569062,24,24
198,0.0,two_day,alt,0.0001999600079984003,-10.422652359247397,-9.486034539569062,24,24
198,0.0,two_day,sharp,0.7678464307138573,-0.3830722553443196,-9.486034539569062,24,24
198,0.0,two_day,weak,0.9548090381923615,-0.12414967582718746,-9.486034539569062,24,24
198,0.0,two_day,weak_skew,0.9214157168566287,-0.15783660597994734,-9.486034539569062,24,24
198,0.0,four_day,alt,0.00048828125,-15.612946166048836,-9.486034539569062,12,24
198,0.0,four_day,sharp,0.03955078125,-4.188659066616604,-9.486034539569062,12,24
198,0.0,four_day,weak,0.02734375,-4.9628283325887645,-9.486034539569062,12,24
198,0.0,four_day,weak_skew,0.01220703125,-8.521332200545539,-9.486034539569062,12,24
199,0.0,daily,alt,0.0001999600079984003,-12.728354215536106,-6.520468183501926,24,24
199,0.0,daily,sharp,0.009798040391921616,-4.759677240028112,-6.520468183501926,24,24
199,0.0,daily,weak,0.013397320535892822,-4.9339955151021435,-6.520468183501926,24,24
199,0.0,daily,weak_skew,0.001999600079984003,-6.879319797634236,-6.520468183501926,24,24
199,0.0,two_day,alt,0.11897620475904819,-4.690035374267763,-6.520468183501926,24,24
199,0.0,two_day,sharp,0.17216556688662268,2.927846704130188,-6.520468183501926,24,24
199,0.0,two_day,weak,0.14137172565486902,4.952205641585784,-6.520468183501926,24,24
199,0.0,two_day,weak_skew,0.589882023595281,1.6419167165088508,-6.520468183501926,24,24
199,0.0,four_day,alt,0.0107421875,-9.792845185366316,-6.520468183501926,12,24
199,0.0,four_day,sharp,0.3291015625,-2.2540975218491095,-6.520468183501926,12,24
199,0.0,four_day,weak,0.62060546875,-1.952511021384998,-6.520468183501926,12,24
199,0.0,four_day,weak_skew,0.51904296875,-2.0226489932763982,-6.520468183501926,12,24
200,0.0,daily,alt,0.008198360327934412,-6.040769977803362,-4.788778531238762,24,24
200,0.0,daily,sharp,0.869626074785043,0.1965399544071967,-4.788778531238762,24,24
200,0.0,daily,weak,0.7548490301939612,-0.6949070252321553,-4.788778531238762,24,24
200,0.0,daily,weak_skew,0.6386722655468906,-0.6401929954651434,-4.788778531238762,24,24
200,0.0,two_day,alt,0.09858028394321136,-6.032026618968054,-4.788778531238762,24,24
200,0.0,two_day,sharp,0.45250949810037994,-1.6857531465959346,-4.788778531238762,24,24
200,0.0,two_day,weak,0.2401519696060788,-3.3281344333687044,-4.788778531238762,24,24
200,0.0,two_day,weak_skew,0.6144771045790842,-1.6003337966602444,-4.788778531238762,24,24
200,0.0,four_day,alt,0.521484375,-2.3835126989098394,-4.788778531238762,12,24
200,0.0,four_day,sharp,0.33154296875,1.8934308227600667,-4.788778531238762,12,24
200,0.0,four_day,weak,0.48388671875,2.2555802943531753,-4.788778531238762,12,24
200,0.0,four_day,weak_skew,0.04638671875,9.846320108526596,-4.788778531238762,12,24
201,0.0,daily,alt,0.0001999600079984003,-11.471852164831192,-9.68351555876918,24,24
201,0.0,daily,sharp,0.5178964207158568,-0.8778847721416373,-9.68351555876918,24,24
201,0.0,daily,weak,0.7046590681863627,0.53555492187808,-9.68351555876918,24,24
201,0.0,daily,weak_skew,0.34333133373325336,-1.6541864626913008,-9.68351555876918,24,24
201,0.0,two_day,alt,0.0001999600079984003,-12.602571688521744,-9.68351555876918,24,24
201,0.0,two_day,sharp,0.3143371325734853,-1.788515357973563,-9.68351555876918,24,24
201,0.0,two_day,weak,0.9490101979604079,-0.14675603003776594,-9.68351555876918,24,24
201,0.0,two_day,weak_skew,0.9404119176164767,-0.1975034688323468,-9.68351555876918,24,24
201,0.0,four_day,alt,0.00927734375,-9.983178681793625,-9.68351555876918,12,24
201,0.0,four_day,sharp,0.80419921875,-0.33587101323674595,-9.68351555876918,12,24
201,0.0,four_day,weak,0.06982421875,7.145855458753861,-9.68351555876918,12,24
201,0.0,four_day,weak_skew,0.60595703125,1.5747766199646371,-9.68351555876918,12,24
202,0.0,daily,alt,0.0003999200159968006,-7.971142810887254,-7.979473633853225,24,24
202,0.0,daily,sharp,0.7944411117776444,-0.2745264657677187,-7.979473633853225,24,24
202,0.0,daily,weak,0.6754649070185963,-0.6976140336144848,-7.979473633853225,24,24
202,0.0,daily,weak_skew,0.7726454709058188,0.4543572400848281,-7.979473633853225,24,24
202,0.0,two_day,alt,0.0033993201359728054,-9.944767518749002,-7.979473633853225,24,24
202,0.0,two_day,sharp,0.6232753449310138,-0.9507524166771901,-7.979473633853225,24,24
202,0.0,two_day,weak,0.8932213557288542,-0.3797191194787694,-7.979473633853225,24,24
202,0.0,two_day,weak_skew,0.8066386722655469,0.6689527912396503,-7.979473633853225,24,24
202,0.0,four_day,alt,0.2021484375,-4.441681231432961,-7.979473633853225,12,24
202,0.0,four_day,sharp,0.52880859375,1.2192895016500434,-7.979473633853225,12,24
202,0.0,four_day,weak,0.314453125,3.507736510275375,-7.979473633853225,12,24
202,0.0,four_day,weak_skew,0.326171875,3.524357792731717,-7.979473633853225,12,24
203,0.0,daily,alt,0.0013997200559888023,-7.648761165935805,-9.485163174701228,24,24
203,0.0,daily,sharp,0.5182963407318536,0.7690874331476341,-9.485163174701228,24,24
203,0.0,daily,weak,0.11617676464707058,2.3587290051472345,-9.485163174701228,24,24
203,0.0,daily,weak_skew,0.38032393521295743,1.6392541660466946,-9.485163174701228,24,24
203,0.0,two_day,alt,0.0001999600079984003,-12.213768662471482,-9.485163174701228,24,24
203,0.0,two_day,sharp,0.3229354129174165,-1.7557179368849143,-9.485163174701228,24,24
203,0.0,two_day,weak,0.5892821435712857,-1.2640850377330333,-9.485163174701228,24,24
203,0.0,two_day,weak_skew,0.38752249550089984,-1.8898972921556592,-9.485163174701228,24,24
203,0.0,four_day,alt,0.00146484375,-13.209088500548175,-9.485163174701228,12,24
203,0.0,four_day,sharp,0.78369140625,-0.6395772025922231,-9.485163174701228,12,24
203,0.0,four_day,weak,0.6455078125,-1.4192953168338196,-9.485163174701228,12,24
203,0.0,four_day,weak_skew,0.591796875,-1.9326689275962146,-9.485163174701228,12,24
204,0.0,daily,alt,0.014797040591881624,-7.135865195156605,-7.752152567602884,24,24
204,0.0,daily,sharp,0.46010797840431916,-0.9903837259565794,-7.752152567602884,24,24
204,0.0,daily,weak,0.3265346930613877,-2.0982052551520005,-7.752152567602884,24,24
204,0.0,daily,weak_skew,0.20855828834233153,-2.3592263559454163,-7.752152567602884,24,24
204,0.0,two_day,alt,0.13257348530293941,-5.156266865602241,-7.752152567602884,24,24
204,0.0,two_day,sharp,0.5698860227954409,1.073533090870968,-7.752152567602884,24,24
204,0.0,two_day,weak,0.53249350129974,-1.4655744683285026,-7.752152567602884,24,24
204,0.0,two_day,weak_skew,0.48930213957208557,2.0936825012568288,-7.752152567602884,24,24
204,0.0,four_day,alt,0.009765625,-10.816148679155921,-7.752152567602884,12,24
204,0.0,four_day,sharp,0.259765625,-2.622694709752549,-7.752152567602884,12,24
204,0.0,four_day,weak,0.296875,-3.6852614798673247,-7.752152567602884,12,24
204,0.0,four_day,weak_skew,0.134765625,-4.876202706994491,-7.752152567602884,12,24
205,0.0,daily,alt,0.0001999600079984003,-8.810924819750275,-7.971542508754489,24,24
205,0.0,daily,sharp,0.7760447910417917,0.4382084380035843,-7.971542508754489,24,24
205,0.0,daily,weak,0.9178164367126574,0.19226982206183685,-7.971542508754489,24,24
205,0.0,daily,weak_skew,0.6416716656668666,1.216521850118813,-7.971542508754489,24,24
205,0.0,two_day,alt,0.0005998800239952009,-8.556916878758644,-7.971542508754489,24,24
205,0.0,two_day,sharp,0.7256548690261948,-0.6923503877470631,-7.971542508754489,24,24
205,0.0,two_day,weak,0.19356128774245152,3.353734518721254,-7.971542508754489,24,24
205,0.0,two_day,weak_skew,0.6572685462907418,-1.1174121349039046,-7.971542508754489,24,24
205,0.0,four_day,alt,0.068359375,-5.685986424243706,-7.971542508754489,12,24
205,0.0,four_day,sharp,0.1962890625,3.1035233627070515,-7.971542508754489,12,24
205,0.0,four_day,weak,0.140625,5.853890652390381,-7.971542508754489,12,24
205,0.0,four_day,weak_skew,0.29736328125,3.2917857318470456,-7.971542508754489,12,24
206,0.0,daily,alt,0.0007998400319936012,-7.447134518398086,-8.012005830926526,24,24
206,0.0,daily,sharp,0.8698260347930414,0.26441359837581696,-8.012005830926526,24,24
206,0.0,daily,weak,0.3379324135172965,2.2908871266969713,-8.012005830926526,24,24
206,0.0,daily,weak_skew,0.788242351529694,0.7058320745808176,-8.012005830926526,24,24
206,0.0,two_day,alt,0.0023995200959808036,-7.55484576301605,-8.012005830926526,24,24
206,0.0,two_day,sharp,0.7930413917216557,0.6171001752655133,-8.012005830926526,24,24
206,0.0,two_day,weak,0.8790241951609679,0.3974386172467632,-8.012005830926526,24,24
206,0.0,two_day,weak_skew,0.1859628074385123,-3.209850561750013,-8.012005830926526,24,24
206,0.0,four_day,alt,0.2392578125,-3.3702065762428153,-8.012005830926526,12,24
206,0.0,four_day,sharp,0.11865234375,4.433624329634273,-8.012005830926526,12,24
206,0.0,four_day,weak,0.341796875,2.7559580301022297,-8.012005830926526,12,24
206,0.0,four_day,weak_skew,0.63623046875,1.9056998404991603,-8.012005830926526,12,24
207,0.0,daily,alt,0.0001999600079984003,-13.377936026856759,-11.072661496175478,24,24
207,0.0,daily,sharp,0.7656468706258748,-0.40427636615253615,-11.072661496175478,24,24
207,0.0,daily,weak,0.586882623475305,-1.344492088042008,-11.072661496175478,24,24
207,0.0,daily,weak_skew,0.28234353129374123,2.7632915980714707,-11.072661496175478,24,24
207,0.0,two_day,alt,0.0005998800239952009,-10.94556521607542,-11.072661496175478,24,24
207,0.0,two_day,sharp,0.51749650069986,1.0233875470036216,-11.072661496175478,24,24
207,0.0,two_day,weak,0.9598080383923215,0.13163270152540787,-11.072661496175478,24,24
207,0.0,two_day,weak_skew,0.8658268346330734,0.35532700947466606,-11.072661496175478,24,24
207,0.0,four_day,alt,0.013671875,-10.95548596902131,-11.072661496175478,12,24
207,0.0,four_day,sharp,0.60009765625,-0.9301757966625708,-11.072661496175478,12,24
207,0.0,four_day,weak,0.84033203125,-0.5152067684926589,-11.072661496175478,12,24
207,0.0,four_day,weak_skew,0.06005859375,-4.507640927495291,-11.072661496175478,12,24
208,0.0,daily,alt,0.0001999600079984003,-11.811648282542949,-13.54754537430074,24,24
208,0.0,daily,sharp,0.9152169566086783,0.1587864877209375,-13.54754537430074,24,24
208,0.0,daily,weak,0.3411317736452709,-2.338477817188132,-13.54754537430074,24,24
208,0.0,daily,weak_skew,0.7930413917216557,-0.4584645586613725,-13.54754537430074,24,24
208,0.0,two_day,alt,0.0001999600079984003,-13.934874522959115,-13.54754537430074,24,24
208,0.0,two_day,sharp,0.7694461107778444,0.6229473477018423,-13.54754537430074,24,24
208,0.0,two_day,weak,0.7110577884423115,0.772291957351892,-13.54754537430074,24,24
208,0.0,two_day,weak_skew,0.1881623675264947,3.5541351649360853,-13.54754537430074,24,24
208,0.0,four_day,alt,0.00048828125,-15.18860568413023,-13.54754537430074,12,24
208,0.0,four_day,sharp,0.14013671875,-2.6214238146880855,-13.54754537430074,12,24
208,0.0,four_day,weak,0.20751953125,-4.317714123884436,-13.54754537430074,12,24
208,0.0,four_day,weak_skew,0.72509765625,-1.1044772996215724,-13.54754537430074,12,24
209,0.0,daily,alt,0.0001999600079984003,-12.218710125393153,-6.263293897504866,24,24
209,0.0,daily,sharp,0.021395720855828835,-2.882025058843933,-6.263293897504866,24,24
209,0.0,daily,weak,0.10877824435112977,-2.480239171761379,-6.263293897504866,24,24
209,0.0,daily,weak_skew,0.008598280343931213,-5.351391413458155,-6.263293897504866,24,24
209,0.0,two_day,alt,0.014997000599880024,-8.581933039344518,-6.263293897504866,24,24
209,0.0,two_day,sharp,0.33833233353329334,-1.7702083846439693,-6.263293897504866,24,24
209,0.0,two_day,weak,0.249750049990002,-2.5112747334921983,-6.263293897504866,24,24
209,0.0,two_day,weak_skew,0.6984603079384123,-1.0791353269887878,-6.263293897504866,24,24
209,0.0,four_day,alt,0.005859375,-11.87129034656322,-6.263293897504866,12,24
209,0.0,four_day,sharp,0.5361328125,-1.356019439444001,-6.263293897504866,12,24
209,0.0,four_day,weak,0.0654296875,-4.193059340720965,-6.263293897504866,12,24
209,0.0,four_day,weak_skew,0.71630859375,1.1171543407851676,-6.263293897504866,12,24
210,0.0,daily,alt,0.0619876024795041,-6.847351295622161,-9.467363227508024,24,24
210,0.0,daily,sharp,0.4439112177564487,1.5031497173813986,-9.467363227508024,24,24
210,0.0,daily,weak,0.6874625074985004,1.0623117938479296,-9.467363227508024,24,24
210,0.0,daily,weak_skew,0.8690261947610478,-0.39939642210827664,-9.467363227508024,24,24
210,0.0,two_day,alt,0.0027994401119776045,-12.713150388755585,-9.467363227508024,24,24
210,0.0,two_day,sharp,0.9594081183763248,0.13925982553401361,-9.467363227508024,24,24
210,0.0,two_day,weak,0.6914617076584683,-1.591361218633806,-9.467363227508024,24,24
210,0.0,two_day,weak_skew,0.6640671865626875,-1.5032351299168603,-9.467363227508024,24,24
210,0.0,four_day,alt,0.302734375,-3.7952382528522546,-9.467363227508024,12,24
210,0.0,four_day,sharp,0.14990234375,4.155133620604298,-9.467363227508024,12,24
210,0.0,four_day,weak,0.96728515625,0.14461420769723787,-9.467363227508024,12,24
210,0.0,four_day,weak_skew,0.70751953125,1.4131968948343434,-9.467363227508024,12,24
211,0.0,daily,alt,0.02539492101579684,-7.187455364172699,-9.390945294325448,24,24
211,0.0,daily,sharp,0.394121175764847,1.6250438038173176,-9.390945294325448,24,24
211,0.0,daily,weak,0.8622275544891022,0.36033874416238376,-9.390945294325448,24,24
211,0.0,daily,weak_skew,0.503499300139972,1.392644436138828,-9.390945294325448,24,24
211,0.0,two_day,alt,0.0005998800239952009,-15.122308127924965,-9.390945294325448,24,24
211,0.0,two_day,sharp,0.5786842631473705,-3.7199180208406317,-9.390945294325448,24,24
211,0.0,two_day,weak,0.0625874825034993,-6.903417747359444,-9.390945294325448,24,24
211,0.0,two_day,weak_skew,0.7328534293141372,-3.215830442717671,-9.390945294325448,24,24
211,0.0,four_day,alt,0.00048828125,-13.06558153233538,-9.390945294325448,12,24
211,0.0,four_day,sharp,0.21044921875,-3.3295489805651015,-9.390945294325448,12,24
211,0.0,four_day,weak,0.01416015625,-7.314794559601221,-9.390945294325448,12,24
211,0.0,four_day,weak_skew,0.037109375,-5.992385654074287,-9.390945294325448,12,24
212,0.0,daily,alt,0.0057988402319536095,-5.984411628864069,-5.8095602843541485,24,24
212,0.0,daily,sharp,0.7908418316336733,0.371701220867713,-5.8095602843541485,24,24
212,0.0,daily,weak,0.5126974605078984,1.1386679914075764,-5.8095602843541485,24,24
212,0.0,daily,weak_skew,0.5530893821235753,-0.7967464576720772,-5.8095602843541485,24,24
212,0.0,two_day,alt,0.04279144171165767,-7.872382166874502,-5.8095602843541485,24,24
212,0.0,two_day,sharp,0.23135372925414918,-2.6377413544720922,-5.8095602843541485,24,24
212,0.0,two_day,weak,0.6948610277944411,-1.2090172102447283,-5.8095602843541485,24,24
212,0.0,two_day,weak_skew,0.830633873225355,-0.5626247814862634,-5.8095602843541485,24,24
212,0.0,four_day,alt,0.2080078125,-4.087049805515919,-5.8095602843541485,12,24
212,0.0,four_day,sharp,0.630859375,1.0149161579936472,-5.8095602843541485,12,24
212,0.0,four_day,weak,0.23583984375,-3.224139171482309,-5.8095602843541485,12,24
212,0.0,four_day,weak_skew,0.1572265625,4.761849096329093,-5.8095602843541485,12,24
213,0.0,daily,alt,0.1235752849430114,-4.23566311674913,-5.634437292456553,24,24
213,0.0,daily,sharp,0.5258948210357929,0.7557140088107482,-5.634437292456553,24,24
213,0.0,daily,weak,0.5222955408918216,0.9997903805624082,-5.634437292456553,24,24
213,0.0,daily,weak_skew,0.4013197360527894,1.497104294325851,-5.634437292456553,24,24
213,0.0,two_day,alt,0.2579484103179364,-4.262732571383609,-5.634437292456553,24,24
213,0.0,two_day,sharp,0.503499300139972,-1.1840746771932953,-5.634437292456553,24,24
213,0.0,two_day,weak,0.6600679864027195,-1.232066520534575,-5.634437292456553,24,24
213,0.0,two_day,weak_skew,0.38392321535692864,-1.8191026555802925,-5.634437292456553,24,24
213,0.0,four_day,alt,0.150390625,-6.865586080273488,-5.634437292456553,12,24
213,0.0,four_day,sharp,0.7373046875,-0.705748171917214,-5.634437292456553,12,24
213,0.0,four_day,weak,0.19482421875,-5.328395383766099,-5.634437292456553,12,24
213,0.0,four_day,weak_skew,0.30859375,-3.6351503090106756,-5.634437292456553,12,24
214,0.0,daily,alt,0.016396720655868825,-7.2601041868337886,-7.678544599272655,24,24
214,0.0,daily,sharp,0.7914417116576684,0.6739161771000616,-7.678544599272655,24,24
214,0.0,daily,weak,0.4441111777644471,-2.0333942563526977,-7.678544599272655,24,24
214,0.0,daily,weak_skew,0.9694061187762447,0.11567858200799434,-7.678544599272655,24,24
214,0.0,two_day,alt,0.0013997200559888023,-10.941622243040177,-7.678544599272655,24,24
214,0.0,two_day,sharp,0.9410117976404719,-0.23575891073989177,-7.678544599272655,24,24
214,0.0,two_day,weak,0.7368526294741051,-1.4669116064755157,-7.678544599272655,24,24
214,0.0,two_day,weak_skew,0.8742251549690062,-0.753559186547462,-7.678544599272655,24,24
214,0.0,four_day,alt,0.05810546875,-7.626392899812925,-7.678544599272655,12,24
214,0.0,four_day,sharp,0.81494140625,0.9490429229907781,-7.678544599272655,12,24
214,0.0,four_day,weak,0.77880859375,1.313119032707436,-7.678544599272655,12,24
214,0.0,four_day,weak_skew,0.38818359375,4.110334962847962,-7.678544599272655,12,24
215,0.0,daily,alt,0.0001999600079984003,-11.06997360772597,-10.638492203674204,24,24
215,0.0,daily,sharp,0.8488302339532093,-0.32217271996796865,-10.638492203674204,24,24
215,0.0,daily,weak,0.3957208558288342,-1.7358237819521394,-10.638492203674204,24,24
215,0.0,daily,weak_skew,0.767246550689862,-0.5909159248457803,-10.638492203674204,24,24
215,0.0,two_day,alt,0.006998600279944011,-8.423057207248455,-10.638492203674204,24,24
215,0.0,two_day,sharp,0.6186762647470506,0.9760860967489476,-10.638492203674204,24,24
215,0.0,two_day,weak,0.41031793641271747,-1.976386470833301,-10.638492203674204,24,24
215,0.0,two_day,weak_skew,0.5352929414117177,1.3891356063246556,-10.638492203674204,24,24
215,0.0,four_day,alt,0.021484375,-7.834801517256589,-10.638492203674204,12,24
215,0.0,four_day,sharp,0.56884765625,1.2057854007085709,-10.638492203674204,12,24
215,0.0,four_day,weak,0.40576171875,2.7210795684224283,-10.638492203674204,12,24
215,0.0,four_day,weak_skew,0.73388671875,1.4647410347258603,-10.638492203674204,12,24
216,0.0,daily,alt,0.2871425714857029,-3.4333786927987693,-7.667252205110287,24,24
216,0.0,daily,sharp,0.1835632873425315,1.904622512174864,-7.667252205110287,24,24
216,0.0,daily,weak,0.3259348130373925,2.1633036543698876,-7.667252205110287,24,24
216,0.0,daily,weak_skew,0.023795240951809637,3.3514883452342032,-7.667252205110287,24,24
216,0.0,two_day,alt,0.0021995600879824036,-7.677140989536951,-7.667252205110287,24,24
216,0.0,two_day,sharp,0.7376524695060988,0.5936948100273808,-7.667252205110287,24,24
216,0.0,two_day,weak,0.21275744851029793,3.0421871270708736,-7.667252205110287,24,24
216,0.0,two_day,weak_skew,0.6952609478104379,-0.8619275829552752,-7.667252205110287,24,24
216,0.0,four_day,alt,0.06689453125,-9.633349858870107,-7.667252205110287,12,24
216,0.0,four_day,sharp,0.97265625,-0.2537075845281868,-7.667252205110287,12,24
216,0.0,four_day,weak,0.58056640625,2.6005443347354906,-7.667252205110287,12,24
216,0.0,four_day,weak_skew,0.57080078125,-2.2681473578958826,-7.667252205110287,12,24
217,0.0,daily,alt,0.0001999600079984003,-14.833654068734583,-9.965014704044528,24,24
217,0.0,daily,sharp,0.0057988402319536095,-4.47699642164515,-9.965014704044528,24,24
217,0.0,daily,weak,0.004999000199960008,-5.97329207945966,-9.965014704044528,24,24
217,0.0,daily,weak_skew,0.020595880823835233,-5.4161965315131475,-9.965014704044528,24,24
217,0.0,two_day,alt,0.0001999600079984003,-10.253314632337844,-9.965014704044528,24,24
217,0.0,two_day,sharp,0.9656068786242752,0.10103002274621442,-9.965014704044528,24,24
217,0.0,two_day,weak,0.5890821835632873,1.4914753675889472,-9.965014704044528,24,24
217,0.0,two_day,weak_skew,0.14437112577484504,-3.2075549746469174,-9.965014704044528,24,24
217,0.0,four_day,alt,0.00830078125,-10.15825219890538,-9.965014704044528,12,24
217,0.0,four_day,sharp,0.93798828125,0.14377087286865908,-9.965014704044528,12,24
217,0.0,four_day,weak,0.7275390625,-1.1684913640071073,-9.965014704044528,12,24
217,0.0,four_day,weak_skew,0.4599609375,-1.8499645152532356,-9.965014704044528,12,24
218,0.0,daily,alt,0.0009998000399920016,-10.4260324213673,-10.501566203775376,24,24
218,0.0,daily,sharp,0.9676064787042592,-0.07085818430727613,-10.501566203775376,24,24
218,0.0,daily,weak,0.4301139772045591,-1.6013803126986934,-10.501566203775376,24,24
218,0.0,daily,weak_skew,0.9898020395920816,0.0311368165736301,-10.501566203775376,24,24
218,0.0,two_day,alt,0.00599880023995201,-12.225216108853267,-10.501566203775376,24,24
218,0.0,two_day,sharp,0.9640071985602879,-0.11715621554033095,-10.501566203775376,24,24
218,0.0,two_day,weak,0.8960207958408318,-0.4448092323209411,-10.501566203775376,24,24
218,0.0,two_day,weak_skew,0.8152369526094781,0.6816281283678176,-10.501566203775376,24,24
218,0.0,four_day,alt,0.1923828125,-7.279552163961699,-10.501566203775376,12,24
218,0.0,four_day,sharp,0.57666015625,2.1123927147012957,-10.501566203775376,12,24
218,0.0,four_day,weak,0.78466796875,1.0441898782929602,-10.501566203775376,12,24
218,0.0,four_day,weak_skew,0.93310546875,-0.4004414793886368,-10.501566203775376,12,24
219,0.0,daily,alt,0.009798040391921616,-8.239103153212367,-7.951857802048018,24,24
219,0.0,daily,sharp,0.759248150369926,-0.43188046941803,-7.951857802048018,24,24
219,0.0,daily,weak,0.6858628274345131,-0.7382223167237884,-7.951857802048018,24,24
219,0.0,daily,weak_skew,0.7684463107378524,-0.5103585429499526,-7.951857802048018,24,24
219,0.0,two_day,alt,0.003599280143971206,-7.6680537213021935,-7.951857802048018,24,24
219,0.0,two_day,sharp,0.8144371125774845,0.7572621188877727,-7.951857802048018,24,24
219,0.0,two_day,weak,0.3191361727654469,2.9843418812027145,-7.951857802048018,24,24
219,0.0,two_day,weak_skew,0.8690261947610478,-0.6218033470547706,-7.951857802048018,24,24
219,0.0,four_day,alt,0.02685546875,-11.672494494736753,-7.951857802048018,12,24
219,0.0,four_day,sharp,0.30615234375,-3.6557249493753905,-7.951857802048018,12,24
219,0.0,four_day,weak,0.017578125,-9.200850750825083,-7.951857802048018,12,24
219,0.0,four_day,weak_skew,0.52001953125,-3.3247054564527563,-7.951857802048018,12,24
220,0.0,daily,alt,0.0005998800239952009,-7.523364101766511,-7.1120084573556355,24,24
220,0.0,daily,sharp,0.5388922215556888,-0.6512398527899353,-7.1120084573556355,24,24
220,0.0,daily,weak,0.9894021195760848,-0.031781031384687054,-7.1120084573556355,24,24
220,0.0,daily,weak_skew,0.498500299940012,-1.1691243177942,-7.1120084573556355,24,24
220,0.0,two_day,alt,0.1307738452309538,-3.976963240392969,-7.1120084573556355,24,24
220,0.0,two_day,sharp,0.15696860627874426,2.515114506282646,-7.1120084573556355,24,24
220,0.0,two_day,weak,0.6496700659868027,1.2600563487790293,-7.1120084573556355,24,24
220,0.0,two_day,weak_skew,0.22335532893421317,4.059885579012483,-7.1120084573556355,24,24
220,0.0,four_day,alt,0.0009765625,-11.429212763592474,-7.1120084573556355,12,24
220,0.0,four_day,sharp,0.291015625,-2.1077532253867273,-7.1120084573556355,12,24
220,0.0,four_day,weak,0.71923828125,-1.3090066419351434,-7.1120084573556355,12,24
220,0.0,four_day,weak_skew,0.1171875,8.028081066119245,-7.1120084573556355,12,24
221,0.0,daily,alt,0.10917816436712657,-4.016076472783666,-7.71271911824266,24,24
221,0.0,daily,sharp,0.015796840631873626,3.7084379011912847,-7.71271911824266,24,24
221,0.0,daily,weak,0.7150569886022795,0.6235238852626539,-7.71271911824266,24,24
221,0.0,daily,weak_skew,0.16716656668666266,2.4363662581106857,-7.71271911824266,24,24
221,0.0,two_day,alt,0.001799640071985603,-9.387939503353534,-7.71271911824266,24,24
221,0.0,two_day,sharp,0.5652869426114777,1.5070024513864688,-7.71271911824266,24,24
221,0.0,two_day,weak,0.494501099780044,-2.21847010202414,-7.71271911824266,24,24
221,0.0,two_day,weak_skew,1.0,-5.989228731391923e-05,-7.71271911824266,24,24
221,0.0,four_day,alt,0.00439453125,-10.500621047266396,-7.71271911824266,12,24
221,0.0,four_day,sharp,0.47021484375,-1.3798395017305942,-7.71271911824266,12,24
221,0.0,four_day,weak,0.81494140625,-0.7436166820001991,-7.71271911824266,12,24
221,0.0,four_day,weak_skew,0.21630859375,-3.4485613836260622,-7.71271911824266,12,24
222,0.0,daily,alt,0.0009998000399920016,-5.930557172417692,-7.405958422856443,24,24
222,0.0,daily,sharp,0.6442711457708459,0.5275822979114565,-7.405958422856443,24,24
222,0.0,daily,weak,0.29374125174965005,1.7239676510702517,-7.405958422856443,24,24
222,0.0,daily,weak_skew,0.8212357528494301,0.38243779237463854,-7.405958422856443,24,24
222,0.0,two_day,alt,0.038992201559688064,-5.050457208073953,-7.405958422856443,24,24
222,0.0,two_day,sharp,0.6852629474105179,0.8116988006509723,-7.405958422856443,24,24
222,0.0,two_day,weak,0.7232553489302139,0.8362203721400112,-7.405958422856443,24,24
222,0.0,two_day,weak_skew,0.4989002199560088,2.041711257080308,-7.405958422856443,24,24
222,0.0,four_day,alt,0.00732421875,-7.367927119340684,-7.405958422856443,12,24
222,0.0,four_day,sharp,0.82568359375,-0.7760191494389895,-7.405958422856443,12,24
222,0.0,four_day,weak,0.54736328125,-1.7483448767607979,-7.405958422856443,12,24
222,0.0,four_day,weak_skew,0.61572265625,1.9122442864692282,-7.405958422856443,12,24
223,0.0,daily,alt,0.0001999600079984003,-12.217647010933561,-9.322774894488504,24,24
223,0.0,daily,sharp,0.10717856428714258,-1.6317701764740102,-9.322774894488504,24,24
223,0.0,daily,weak,0.21615676864627076,-2.4183121599960296,-9.322774894488504,24,24
223,0.0,daily,weak_skew,0.7732453509298141,0.479127800966683,-9.322774894488504,24,24
223,0.0,two_day,alt,0.010797840431913617,-7.02636142819312,-9.322774894488504,24,24
223,0.0,two_day,sharp,0.22655468906218756,1.7129682136685849,-9.322774894488504,24,24
223,0.0,two_day,weak,0.10877824435112977,3.850015156764949,-9.322774894488504,24,24
223,0.0,two_day,weak_skew,0.9666066786642672,0.09312344996553919,-9.322774894488504,24,24
223,0.0,four_day,alt,0.13134765625,-4.2828517381657365,-9.322774894488504,12,24
223,0.0,four_day,sharp,0.1435546875,4.0383768832367855,-9.322774894488504,12,24
223,0.0,four_day,weak,0.04345703125,7.393094688796713,-9.322774894488504,12,24
223,0.0,four_day,weak_skew,0.40087890625,3.363967640804462,-9.322774894488504,12,24
224,0.0,daily,alt,0.009398120375924815,-8.483975749492767,-10.259653324352271,24,24
224,0.0,daily,sharp,0.8914217156568687,-0.17556270843587077,-10.259653324352271,24,24
224,0.0,daily,weak,0.5228954209158169,1.1801347427663265,-10.259653324352271,24,24
224,0.0,daily,weak_skew,0.8270345930813837,-0.3894116982062445,-10.259653324352271,24,24
224,0.0,two_day,alt,0.0009998000399920016,-10.936895899384508,-10.259653324352271,24,24
224,0.0,two_day,sharp,0.9020195960807839,-0.24202768458077362,-10.259653324352271,24,24
224,0.0,two_day,weak,0.08818236352729454,-3.988046204522778,-10.259653324352271,24,24
224,0.0,two_day,weak_skew,0.5990801839632074,1.4508725994437617,-10.259653324352271,24,24
224,0.0,four_day,alt,0.0087890625,-12.059638904485317,-10.259653324352271,12,24
224,0.0,four_day,sharp,0.6259765625,-1.1880803961143258,-10.259653324352271,12,24
224,0.0,four_day,weak,0.1533203125,-4.101180184386879,-10.259653324352271,12,24
224,0.0,four_day,weak_skew,0.15234375,6.980305299018641,-10.259653324352271,12,24
225,0.0,daily,alt,0.0015996800639872025,-10.127688187427173,-9.321258043502013,24,24
225,0.0,daily,sharp,0.7438512297540492,1.3654034024811867,-9.321258043502013,24,24
225,0.0,daily,weak,0.7428514297140572,1.2464112298353278,-9.321258043502013,24,24
225,0.0,daily,weak_skew,0.3649270145970806,3.11771228131667,-9.321258043502013,24,24
225,0.0,two_day,alt,0.0001999600079984003,-13.651912691766787,-9.321258043502013,24,24
225,0.0,two_day,sharp,0.1311737652469506,-2.5200076443178383,-9.321258043502013,24,24
225,0.0,two_day,weak,0.8186362727454509,-0.5960310140152139,-9.321258043502013,24,24
225,0.0,two_day,weak_skew,0.026394721055788842,-5.064388804592785,-9.321258043502013,24,24
225,0.0,four_day,alt,0.00439453125,-13.879960279038839,-9.321258043502013,12,24
225,0.0,four_day,sharp,0.21435546875,-3.978520440831762,-9.321258043502013,12,24
225,0.0,four_day,weak,0.1064453125,-6.903446707658163,-9.321258043502013,12,24
225,0.0,four_day,weak_skew,0.19091796875,-5.081139148832317,-9.321258043502013,12,24
226,0.0,daily,alt,0.0001999600079984003,-8.881454591116086,-6.5355049798014875,24,24
226,0.0,daily,sharp,0.08038392321535692,-1.8974549584022142,-6.5355049798014875,24,24
226,0.0,daily,weak,0.1829634073185363,-2.7076940597082384,-6.5355049798014875,24,24
226,0.0,daily,weak_skew,0.041191761647670466,-2.934672605714198,-6.5355049798014875,24,24
226,0.0,two_day,alt,0.0611877624475105,-5.032139680456254,-6.5355049798014875,24,24
226,0.0,two_day,sharp,0.6990601879624075,0.6558408925802187,-6.5355049798014875,24,24
226,0.0,two_day,weak,0.4949010197960408,-1.7873505959130729,-6.5355049798014875,24,24
226,0.0,two_day,weak_skew,0.29254149170165966,2.6113982976076824,-6.5355049798014875,24,24
226,0.0,four_day,alt,0.2958984375,-4.008507937017045,-6.5355049798014875,12,24
226,0.0,four_day,sharp,0.40234375,1.8851508657617202,-6.5355049798014875,12,24
226,0.0,four_day,weak,0.60888671875,-2.0101285989562943,-6.5355049798014875,12,24
226,0.0,four_day,weak_skew,0.56201171875,1.7795194030340316,-6.5355049798014875,12,24
227,0.0,daily,alt,0.006998600279944011,-6.156664076444097,-6.7121898560127775,24,24
227,0.0,daily,sharp,0.9250149970005999,0.14197767878024337,-6.7121898560127775,24,24
227,0.0,daily,weak,0.3935212957408518,2.1640630973780124,-6.7121898560127775,24,24
227,0.0,daily,weak_skew,0.4787042591481704,-0.8537468240442628,-6.7121898560127775,24,24
227,0.0,two_day,alt,0.024795040991801638,-9.003018790891145,-6.7121898560127775,24,24
227,0.0,two_day,sharp,0.5624875024995001,-1.5425212403399167,-6.7121898560127775,24,24
227,0.0,two_day,weak,0.46250749850029993,-2.242823523188343,-6.7121898560127775,24,24
227,0.0,two_day,weak_skew,0.09458108378324336,-4.364354011049666,-6.7121898560127775,24,24
227,0.0,four_day,alt,0.0361328125,-7.5639391061415155,-6.7121898560127775,12,24
227,0.0,four_day,sharp,0.52392578125,-0.8769222776728564,-6.7121898560127775,12,24
227,0.0,four_day,weak,0.91796875,0.2222295694620584,-6.7121898560127775,12,24
227,0.0,four_day,weak_skew,0.814453125,1.0379266968399736,-6.7121898560127775,12,24
228,0.0,daily,alt,0.8352329534093181,-0.9567653431170028,-7.51519801290069,24,24
228,0.0,daily,sharp,0.04859028194361128,3.708070886781426,-7.51519801290069,24,24
228,0.0,daily,weak,0.08118376324735053,3.3675621066964645,-7.51519801290069,24,24
228,0.0,daily,weak_skew,0.11737652469506099,3.6835197989526556,-7.51519801290069,24,24
228,0.0,two_day,alt,0.09238152369526095,-6.712352288365147,-7.51519801290069,24,24
228,0.0,two_day,sharp,0.8822235552889423,0.42568593056805365,-7.51519801290069,24,24
228,0.0,two_day,weak,0.7954409118176364,-0.8930696753413443,-7.51519801290069,24,24
228,0.0,two_day,weak_skew,0.9202159568086383,-0.32505196970331757,-7.51519801290069,24,24
228,0.0,four_day,alt,0.00537109375,-10.169783185399561,-7.51519801290069,12,24
228,0.0,four_day,sharp,0.55126953125,-1.318544153614176,-7.51519801290069,12,24
228,0.0,four_day,weak,0.3037109375,-4.143609892326491,-7.51519801290069,12,24
228,0.0,four_day,weak_skew,0.54931640625,-1.6461885268755954,-7.51519801290069,12,24
229,0.0,daily,alt,0.0003999200159968006,-10.434014095409482,-9.240711127302937,24,24
229,0.0,daily,sharp,0.5982803439312138,-0.9647549505462406,-9.240711127302937,24,24
229,0.0,daily,weak,0.9716056788642271,-0.11255178360417073,-9.240711127302937,24,24
229,0.0,daily,weak_skew,0.3109378124375125,-2.015382710313418,-9.240711127302937,24,24
229,0.0,two_day,alt,0.006798640271945611,-8.489707667806597,-9.240711127302937,24,24
229,0.0,two_day,sharp,0.5240951809638073,1.4818332462685015,-9.240711127302937,24,24
229,0.0,two_day,weak,0.7600479904019196,0.9009008737843818,-9.240711127302937,24,24
229,0.0,two_day,weak_skew,0.6960607878424315,1.043518011226217,-9.240711127302937,24,24
229,0.0,four_day,alt,0.00146484375,-12.745273501857866,-9.240711127302937,12,24
229,0.0,four_day,sharp,0.29541015625,-2.3177343359118194,-9.240711127302937,12,24
229,0.0,four_day,weak,0.17529296875,3.470822940263842,-9.240711127302937,12,24
229,0.0,four_day,weak_skew,0.619140625,-2.288035080121869,-9.240711127302937,12,24
230,0.0,daily,alt,0.7746450709858028,-0.6499272872043056,-6.8378413293960705,24,24
230,0.0,daily,sharp,0.01979604079184163,3.6716848808106306,-6.8378413293960705,24,24
230,0.0,daily,weak,0.023395320935812838,4.663644736621452,-6.8378413293960705,24,24
230,0.0,daily,weak_skew,0.1247750449910018,2.4722067486144645,-6.8378413293960705,24,24
230,0.0,two_day,alt,0.015196960607878424,-7.816213139733282,-6.8378413293960705,24,24
230,0.0,two_day,sharp,0.8174365126974605,-0.6141494758897451,-6.8378413293960705,24,24
230,0.0,two_day,weak,0.8292341531693661,-0.5039078559081235,-6.8378413293960705,24,24
230,0.0,two_day,weak_skew,0.6826634673065387,1.6337578110895803,-6.8378413293960705,24,24
230,0.0,four_day,alt,0.44970703125,-4.115727216645501,-6.8378413293960705,12,24
230,0.0,four_day,sharp,0.74609375,1.2354330110287048,-6.8378413293960705,12,24
230,0.0,four_day,weak,0.5703125,2.3589935140229272,-6.8378413293960705,12,24
230,0.0,four_day,weak_skew,0.9189453125,-0.427435855035057,-6.8378413293960705,12,24
231,0.0,daily,alt,0.0015996800639872025,-11.311197601987624,-10.008437334883077,24,24
231,0.0,daily,sharp,0.2793441311737652,-1.6998836721650468,-10.008437334883077,24,24
231,0.0,daily,weak,0.41211757648470304,-1.6379697284641803,-10.008437334883077,24,24
231,0.0,daily,weak_skew,0.8474305138972206,-0.3965599324983187,-10.008437334883077,24,24
231,0.0,two_day,alt,0.021795640871825634,-9.886788132761112,-10.008437334883077,24,24
231,0.0,two_day,sharp,0.6884623075384922,1.948247807221162,-10.008437334883077,24,24
231,0.0,two_day,weak,0.972005598880224,-0.1678110971833219,-10.008437334883077,24,24
231,0.0,two_day,weak_skew,0.7890421915616876,1.0761944285821636,-10.008437334883077,24,24
231,0.0,four_day,alt,0.0146484375,-11.071224082515442,-10.008437334883077,12,24
231,0.0,four_day,sharp,0.7705078125,0.6853702596571782,-10.008437334883077,12,24
231,0.0,four_day,weak,0.6162109375,1.2284502689799244,-10.008437334883077,12,24
231,0.0,four_day,weak_skew,0.85302734375,-0.49432562078862813,-10.008437334883077,12,24
232,0.0,daily,alt,0.0005998800239952009,-8.820396108546653,-9.2163025722814,24,24
232,0.0,daily,sharp,0.9186162767446511,0.11162273693876686,-9.2163025722814,24,24
232,0.0,daily,weak,0.8714257148570286,-0.310618760647493,-9.2163025722814,24,24
232,0.0,daily,weak_skew,0.5404919016196761,0.7969562896991121,-9.2163025722814,24,24
232,0.0,two_day,alt,0.0033993201359728054,-9.538239533164997,-9.2163025722814,24,24
232,0.0,two_day,sharp,0.9620075984803039,-0.07004991659728788,-9.2163025722814,24,24
232,0.0,two_day,weak,0.9260147970405919,-0.1846268301418957,-9.2163025722814,24,24
232,0.0,two_day,weak_skew,0.7410517896420716,-0.74322541968639,-9.2163025722814,24,24
232,0.0,four_day,alt,0.0009765625,-12.149570546996387,-9.2163025722814,12,24
232,0.0,four_day,sharp,0.150390625,-2.137812029534798,-9.2163025722814,12,24
232,0.0,four_day,weak,0.7529296875,-0.820665447283508,-9.2163025722814,12,24
232,0.0,four_day,weak_skew,0.087890625,-4.450344909080404,-9.2163025722814,12,24
233,0.0,daily,alt,0.03259348130373925,-5.286684210893356,-9.23848393288742,24,24
233,0.0,daily,sharp,0.036392721455708855,2.776977451139967,-9.23848393288742,24,24
233,0.0,daily,weak,0.33033393321335736,1.9251161881741696,-9.23848393288742,24,24
233,0.0,daily,weak_skew,0.5604879024195161,0.9116232282396481,-9.23848393288742,24,24
233,0.0,two_day,alt,0.0001999600079984003,-12.020259113029509,-9.23848393288742,24,24
233,0.0,two_day,sharp,0.36312737452509497,-1.523665102971951,-9.23848393288742,24,24
233,0.0,two_day,weak,0.3667266546690662,-2.7095673930281094,-9.23848393288742,24,24
233,0.0,two_day,weak_skew,0.7046590681863627,-1.0209984172876674,-9.23848393288742,24,24
233,0.0,four_day,alt,0.0029296875,-9.83256168423218,-9.23848393288742,12,24
233,0.0,four_day,sharp,0.66162109375,0.7211025430277586,-9.23848393288742,12,24
233,0.0,four_day,weak,0.33154296875,2.913116522982758,-9.23848393288742,12,24
233,0.0,four_day,weak_skew,0.462890625,-1.9709833772301604,-9.23848393288742,12,24
234,0.0,daily,alt,0.0001999600079984003,-8.053747092832376,-8.306420855858157,24,24
234,0.0,daily,sharp,0.2679464107178564,0.8255228798008295,-8.306420855858157,24,24
234,0.0,daily,weak,0.08758248350329934,1.9417030309544747,-8.306420855858157,24,24
234,0.0,daily,weak_skew,0.6736652669466107,-0.6277903239593078,-8.306420855858157,24,24
234,0.0,two_day,alt,0.005198960207958408,-7.111572693505662,-8.306420855858157,24,24
234,0.0,two_day,sharp,0.9928014397120576,0.008229628030958244,-8.306420855858157,24,24
234,0.0,two_day,weak,0.2705458908218356,-2.513825684941836,-8.306420855858157,24,24
234,0.0,two_day,weak_skew,0.09638072385522896,-2.354533970384669,-8.306420855858157,24,24
234,0.0,four_day,alt,0.00048828125,-9.581504154638319,-8.306420855858157,12,24
234,0.0,four_day,sharp,0.37646484375,-0.9596738959305208,-8.306420855858157,12,24
234,0.0,four_day,weak,0.79443359375,0.7381657053145508,-8.306420855858157,12,24
234,0.0,four_day,weak_skew,0.53125,1.7511101668147784,-8.306420855858157,12,24
235,0.0,daily,alt,0.0001999600079984003,-11.446646996632706,-10.11410485041501,24,24
235,0.0,daily,sharp,0.7478504299140172,0.5665763371613775,-10.11410485041501,24,24
235,0.0,daily,weak,0.5124975004999001,1.0297545894525157,-10.11410485041501,24,24
235,0.0,daily,weak_skew,0.4205158968206359,1.7328938286632758,-10.11410485041501,24,24
235,0.0,two_day,alt,0.0001999600079984003,-13.698696916910576,-10.11410485041501,24,24
235,0.0,two_day,sharp,0.07278544291141771,-3.9046429560703473,-10.11410485041501,24,24
235,0.0,two_day,weak,0.3505298940211958,-2.920486998003175,-10.11410485041501,24,24
235,0.0,two_day,weak_skew,0.08498300339932013,-4.527270130880375,-10.11410485041501,24,24
235,0.0,four_day,alt,0.03076171875,-11.072815000866797,-10.11410485041501,12,24
235,0.0,four_day,sharp,0.6328125,-1.3003537763868145,-10.11410485041501,12,24
235,0.0,four_day,weak,0.38427734375,-3.230208997141295,-10.11410485041501,12,24
235,0.0,four_day,weak_skew,0.03271484375,-6.4797135408377144,-10.11410485041501,12,24
236,0.0,daily,alt,0.0001999600079984003,-11.831495084789031,-10.623559335301316,24,24
236,0.0,daily,sharp,0.1825634873025395,-1.1186155555621686,-10.623559335301316,24,24
236,0.0,daily,weak,0.1299740051989602,-2.7128087420781726,-10.623559335301316,24,24
236,0.0,daily,weak_skew,0.23635272945410918,-1.9181014581639035,-10.623559335301316,24,24
236,0.0,two_day,alt,0.0015996800639872025,-9.998980231491645,-10.623559335301316,24,24
236,0.0,two_day,sharp,0.9932013597280543,-0.009337770682086521,-10.623559335301316,24,24
236,0.0,two_day,weak,0.09658068386322735,-4.093225326545117,-10.623559335301316,24,24
236,0.0,two_day,weak_skew,0.7366526694661067,0.6769603277187359,-10.623559335301316,24,24
236,0.0,four_day,alt,0.02587890625,-8.936979219433285,-10.623559335301316,12,24
236,0.0,four_day,sharp,0.53662109375,1.1383885311344486,-10.623559335301316,12,24
236,0.0,four_day,weak,0.0380859375,5.122760181844424,-10.623559335301316,12,24
236,0.0,four_day,weak_skew,0.228515625,-3.2636662965117225,-10.623559335301316,12,24
237,0.0,daily,alt,0.0001999600079984003,-11.3986903120253,-9.910226057057336,24,24
237,0.0,daily,sharp,0.5656868626274745,-0.884686139308676,-9.910226057057336,24,24
237,0.0,daily,weak,0.39852029594081184,-1.5456624017424547,-9.910226057057336,24,24
237,0.0,daily,weak_skew,0.6436712657468506,-0.7984448957427709,-9.910226057057336,24,24
237,0.0,two_day,alt,0.0001999600079984003,-10.383636509561352,-9.910226057057336,24,24
237,0.0,two_day,sharp,0.7154569086182764,0.7313726087654819,-9.910226057057336,24,24
237,0.0,two_day,weak,0.8664267146570686,-0.583599883050038,-9.910226057057336,24,24
237,0.0,two_day,weak_skew,0.911617676464707,-0.318474794644521,-9.910226057057336,24,24
237,0.0,four_day,alt,0.00390625,-9.934039698446442,-9.910226057057336,12,24
237,0.0,four_day,sharp,0.46533203125,1.2919351770722542,-9.910226057057336,12,24
237,0.0,four_day,weak,0.2109375,4.055575888057394,-9.910226057057336,12,24
237,0.0,four_day,weak_skew,0.3359375,-1.8169973764390537,-9.910226057057336,12,24
238,0.0,daily,alt,0.5480903819236153,-2.991988705127279,-6.866246382394884,24,24
238,0.0,daily,sharp,0.3191361727654469,1.6377095625836164,-6.866246382394884,24,24
238,0.0,daily,weak,0.5452909418116376,1.2379780221691024,-6.866246382394884,24,24
238,0.0,daily,weak_skew,0.5640871825634873,1.0193022511118466,-6.866246382394884,24,24
238,0.0,two_day,alt,0.5240951809638073,-4.410892894194368,-6.866246382394884,24,24
238,0.0,two_day,sharp,0.8510297940411917,-0.45265834657868415,-6.866246382394884,24,24
238,0.0,two_day,weak,0.5622875424915017,-2.1053099120847585,-6.866246382394884,24,24
238,0.0,two_day,weak_skew,0.5754849030193961,-1.507120108773611,-6.866246382394884,24,24
238,0.0,four_day,alt,0.40625,-5.495260617269331,-6.866246382394884,12,24
238,0.0,four_day,sharp,0.25390625,-2.120877597845803,-6.866246382394884,12,24
238,0.0,four_day,weak,0.517578125,-2.175945561305504,-6.866246382394884,12,24
238,0.0,four_day,weak_skew,0.11376953125,-4.693415373027474,-6.866246382394884,12,24
239,0.0,daily,alt,0.0001999600079984003,-10.213628891455249,-10.120202475912421,24,24
239,0.0,daily,sharp,0.7900419916016796,0.38875628480398,-10.120202475912421,24,24
239,0.0,daily,weak,0.45310937812437513,1.5780295729450569,-10.120202475912421,24,24
239,0.0,daily,weak_skew,0.9776044791041791,-0.049992634236699494,-10.120202475912421,24,24
239,0.0,two_day,alt,0.0009998000399920016,-9.610700538591134,-10.120202475912421,24,24
239,0.0,two_day,sharp,0.7958408318336333,0.3515796025983728,-10.120202475912421,24,24
239,0.0,two_day,weak,0.7208558288342332,0.9546986265919969,-10.120202475912421,24,24
239,0.0,two_day,weak_skew,0.1835632873425315,-2.1732732426805517,-10.120202475912421,24,24
239,0.0,four_day,alt,0.0068359375,-10.798409553012796,-10.120202475912421,12,24
239,0.0,four_day,sharp,0.9501953125,-0.10299901852120523,-10.120202475912421,12,24
239,0.0,four_day,weak,0.28564453125,-4.076597030370432,-10.120202475912421,12,24
239,0.0,four_day,weak_skew,0.79833984375,0.8827915337427784,-10.120202475912421,12,24
240,0.0,daily,alt,0.020795840831833633,-7.082623779504025,-8.769756039568641,24,24
240,0.0,daily,sharp,0.3097380523895221,1.305638891857706,-8.769756039568641,24,24
240,0.0,daily,weak,0.531493701259748,1.1550420989344297,-8.769756039568641,24,24
240,0.0,daily,weak_skew,0.7762447510497901,0.4115888749478695,-8.769756039568641,24,24
240,0.0,two_day,alt,0.0007998400319936012,-8.241681118300367,-8.769756039568641,24,24
240,0.0,two_day,sharp,0.9514097180563887,-0.06700846830870659,-8.769756039568641,24,24
240,0.0,two_day,weak,0.5688862227554489,-1.1417097743496543,-8.769756039568641,24,24
240,0.0,two_day,weak_skew,0.23695260947810437,2.4436081764257445,-8.769756039568641,24,24
240,0.0,four_day,alt,0.00048828125,-12.130228409652174,-8.769756039568641,12,24
240,0.0,four_day,sharp,0.11181640625,-2.3903383092431,-8.769756039568641,12,24
240,0.0,four_day,weak,0.1171875,-5.851138662662618,-8.769756039568641,12,24
240,0.0,four_day,weak_skew,0.17724609375,-3.7304078194173313,-8.769756039568641,12,24
241,0.0,daily,alt,0.0001999600079984003,-9.051228557799968,-6.873878580067803,24,24
241,0.0,daily,sharp,0.3165366926614677,-1.2344487337511214,-6.873878580067803,24,24
241,0.0,daily,weak,0.2599480103979204,-2.315756371939107,-6.873878580067803,24,24
241,0.0,daily,weak_skew,0.642871425714857,-0.8361164723992355,-6.873878580067803,24,24
241,0.0,two_day,alt,0.012997400519896021,-7.15821663655325,-6.873878580067803,24,24
241,0.0,two_day,sharp,0.5766846630673865,1.083820283353225,-6.873878580067803,24,24
241,0.0,two_day,weak,0.870625874825035,-0.47784362836869193,-6.873878580067803,24,24
241,0.0,two_day,weak_skew,0.5822835432913417,1.6139815607454115,-6.873878580067803,24,24
241,0.0,four_day,alt,0.0009765625,-9.416941630784285,-6.873878580067803,12,24
241,0.0,four_day,sharp,0.28564453125,-1.5346251374687927,-6.873878580067803,12,24
241,0.0,four_day,weak,0.23681640625,-3.7521367521537545,-6.873878580067803,12,24
241,0.0,four_day,weak_skew,0.48291015625,-2.0238461222667006,-6.873878580067803,12,24
242,0.0,daily,alt,0.0001999600079984003,-8.744794219474526,-6.893524817112805,24,24
242,0.0,daily,sharp,0.36472705458908217,-1.3394517506754238,-6.893524817112805,24,24
242,0.0,daily,weak,0.9068186362727455,-0.22639871492607946,-6.893524817112805,24,24
242,0.0,daily,weak_skew,0.28834233153369326,2.284931020903652,-6.893524817112805,24,24
242,0.0,two_day,alt,0.11017796440711858,-4.521485430598498,-6.893524817112805,24,24
242,0.0,two_day,sharp,0.9996000799840032,0.002115001646660749,-6.893524817112805,24,24
242,0.0,two_day,weak,0.2623475304939012,4.002797241280955,-6.893524817112805,24,24
242,0.0,two_day,weak_skew,0.35812837432513495,2.529545940535646,-6.893524817112805,24,24
242,0.0,four_day,alt,0.05517578125,-7.290491727118944,-6.893524817112805,12,24
242,0.0,four_day,sharp,0.84130859375,0.4269239382877708,-6.893524817112805,12,24
242,0.0,four_day,weak,0.2373046875,5.128667810664495,-6.893524817112805,12,24
242,0.0,four_day,weak_skew,0.32421875,4.1870428781717886,-6.893524817112805,12,24
243,0.0,daily,alt,0.0001999600079984003,-9.487229076749848,-9.179170068412297,24,24
243,0.0,daily,sharp,0.5810837832433513,-0.574186721235864,-9.179170068412297,24,24
243,0.0,daily,weak,0.8544291141771646,0.28463707031020685,-9.179170068412297,24,24
243,0.0,daily,weak_skew,0.27694461107778445,-1.7398163036891228,-9.179170068412297,24,24
243,0.0,two_day,alt,0.08178364327134573,-4.192472857882542,-9.179170068412297,24,24
243,0.0,two_day,sharp,0.007598480303939212,4.010382443630621,-9.179170068412297,24,24
243,0.0,two_day,weak,0.08038392321535692,4.768891483141774,-9.179170068412297,24,24
243,0.0,two_day,weak_skew,0.26974605078984204,2.782313753280196,-9.179170068412297,24,24
243,0.0,four_day,alt,0.0029296875,-10.680690760059115,-9.179170068412297,12,24
243,0.0,four_day,sharp,0.478515625,-1.3515857415282226,-9.179170068412297,12,24
243,0.0,four_day,weak,0.0390625,-6.145093123922908,-9.179170068412297,12,24
243,0.0,four_day,weak_skew,0.44140625,-1.5300790970970415,-9.179170068412297,12,24
244,0.0,daily,alt,0.0001999600079984003,-12.070018991446084,-8.447299649650226,24,24
244,0.0,daily,sharp,0.21175764847030593,-3.1438281030381425,-8.447299649650226,24,24
244,0.0,daily,weak,0.2695460907818436,-3.2885058505267875,-8.447299649650226,24,24
244,0.0,daily,weak_skew,0.396120775844831,-2.1734116258362777,-8.447299649650226,24,24
244,0.0,two_day,alt,0.00599880023995201,-8.42418440921357,-8.447299649650226,24,24
244,0.0,two_day,sharp,0.8456308738252349,0.4096779053126201,-8.447299649650226,24,24
244,0.0,two_day,weak,0.5504899020195961,-1.7753609214137784,-8.447299649650226,24,24
244,0.0,two_day,weak_skew,0.5576884623075385,-1.5006468032754805,-8.447299649650226,24,24
244,0.0,four_day,alt,0.00390625,-10.627658316790574,-8.447299649650226,12,24
244,0.0,four_day,sharp,0.60546875,-0.9639478647971208,-8.447299649650226,12,24
244,0.0,four_day,weak,0.44384765625,-2.4099859476202217,-8.447299649650226,12,24
244,0.0,four_day,weak_skew,0.52392578125,3.8303638485267304,-8.447299649650226,12,24
245,0.0,daily,alt,0.0001999600079984003,-8.416875101980542,-9.130322617254215,24,24
245,0.0,daily,sharp,0.488502299540092,0.8078851322764734,-9.130322617254215,24,24
245,0.0,daily,weak,0.6858628274345131,0.8455732745288532,-9.130322617254215,24,24
245,0.0,daily,weak_skew,0.41411717656468705,1.8235879771317396,-9.130322617254215,24,24
245,0.0,two_day,alt,0.03139372125574885,-7.051531284253168,-9.130322617254215,24,24
245,0.0,two_day,sharp,0.704259148170366,0.7303807361001123,-9.130322617254215,24,24
245,0.0,two_day,weak,0.8532293541291741,-0.5460606313222301,-9.130322617254215,24,24
245,0.0,two_day,weak_skew,0.7124575084983004,-0.9730012386314663,-9.130322617254215,24,24
245,0.0,four_day,alt,0.0107421875,-12.733297565633626,-9.130322617254215,12,24
245,0.0,four_day,sharp,0.234375,-2.9021061179866376,-9.130322617254215,12,24
245,0.0,four_day,weak,0.01904296875,-6.0676955813652205,-9.130322617254215,12,24
245,0.0,four_day,weak_skew,0.04052734375,-5.837638835766363,-9.130322617254215,12,24
246,0.0,daily,alt,0.0011997600479904018,-8.980012416261937,-8.357056587658818,24,24
246,0.0,daily,sharp,0.8854229154169166,0.17832978155422077,-8.357056587658818,24,24
246,0.0,daily,weak,0.17216556688662268,-2.370323745987165,-8.357056587658818,24,24
246,0.0,daily,weak_skew,0.3037392521495701,-1.7611090872848638,-8.357056587658818,24,24
246,0.0,two_day,alt,0.03419316136772645,-7.929207756451561,-8.357056587658818,24,24
246,0.0,two_day,sharp,0.5426914617076585,1.2382331391320014,-8.357056587658818,24,24
246,0.0,two_day,weak,0.8328334333133374,0.6450184664720039,-8.357056587658818,24,24
246,0.0,two_day,weak_skew,0.40771845630873826,2.0987930104355415,-8.357056587658818,24,24
246,0.0,four_day,alt,0.00048828125,-12.481973596246783,-8.357056587658818,12,24
246,0.0,four_day,sharp,0.52392578125,-1.1505476678982056,-8.357056587658818,12,24
246,0.0,four_day,weak,0.03466796875,-5.44699453507604,-8.357056587658818,12,24
246,0.0,four_day,weak_skew,0.27294921875,-2.766649462408624,-8.357056587658818,12,24
247,0.0,daily,alt,0.041791641671665665,-5.822768923084182,-6.27623935591631,24,24
247,0.0,daily,sharp,0.8034393121375725,-0.284419455685953,-6.27623935591631,24,24
247,0.0,daily,weak,0.2411517696460708,2.4394324250275266,-6.27623935591631,24,24
247,0.0,daily,weak_skew,0.9012197560487902,0.19071721466968375,-6.27623935591631,24,24
247,0.0,two_day,alt,0.48050389922015596,-2.1582959008814737,-6.27623935591631,24,24
247,0.0,two_day,sharp,0.21715656868626274,1.6405154209158377,-6.27623935591631,24,24
247,0.0,two_day,weak,0.2563487302539492,2.5260171112751757,-6.27623935591631,24,24
247,0.0,two_day,weak_skew,0.8290341931613677,0.41431894544073405,-6.27623935591631,24,24
247,0.0,four_day,alt,0.0029296875,-11.582453396537858,-6.27623935591631,12,24
247,0.0,four_day,sharp,0.04150390625,-2.635062538403132,-6.27623935591631,12,24
247,0.0,four_day,weak,0.7275390625,1.0766193157890935,-6.27623935591631,12,24
247,0.0,four_day,weak_skew,0.10009765625,-3.3029194121692402,-6.27623935591631,12,24
248,0.0,daily,alt,0.0007998400319936012,-12.413830259175123,-12.217746489467132,24,24
248,0.0,daily,sharp,0.8374325134973005,0.34918528807534166,-12.217746489467132,24,24
248,0.0,daily,weak,0.8902219556088782,0.25530450314626546,-12.217746489467132,24,24
248,0.0,daily,weak_skew,0.7764447110577885,-0.5741510357499964,-12.217746489467132,24,24
248,0.0,two_day,alt,0.027994401119776045,-10.124520666185687,-12.217746489467132,24,24
248,0.0,two_day,sharp,0.43071385722855426,3.4681545169025227,-12.217746489467132,24,24
248,0.0,two_day,weak,0.3251349730053989,5.037041622475897,-12.217746489467132,24,24
248,0.0,two_day,weak_skew,0.47270545890821836,3.5955763993483423,-12.217746489467132,24,24
248,0.0,four_day,alt,0.12109375,-10.7550253982099,-12.217746489467132,12,24
248,0.0,four_day,sharp,0.95166015625,0.32807202120779344,-12.217746489467132,12,24
248,0.0,four_day,weak,0.7724609375,1.8759356425400384,-12.217746489467132,12,24
248,0.0,four_day,weak_skew,0.9833984375,0.12491816113927356,-12.217746489467132,12,24
249,0.0,daily,alt,0.0005998800239952009,-7.645905478684974,-6.821503286814739,24,24
249,0.0,daily,sharp,0.6896620675864827,-0.5422613117732095,-6.821503286814739,24,24
249,0.0,daily,weak,0.9874025194961008,-0.019527989022561993,-6.821503286814739,24,24
249,0.0,daily,weak_skew,0.7470505898820236,0.7256347036418923,-6.821503286814739,24,24
249,0.0,two_day,alt,0.0005998800239952009,-11.530968360574631,-6.821503286814739,24,24
249,0.0,two_day,sharp,0.1841631673665267,-2.7094904219908127,-6.821503286814739,24,24
249,0.0,two_day,weak,0.27994401119776047,-3.264859300330586,-6.821503286814739,24,24
249,0.0,two_day,weak_skew,0.06718656268746251,-4.882264196697073,-6.821503286814739,24,24
249,0.0,four_day,alt,0.40478515625,-3.127364193900855,-6.821503286814739,12,24
249,0.0,four_day,sharp,0.12060546875,4.6340308746962355,-6.821503286814739,12,24
249,0.0,four_day,weak,0.38330078125,4.333998194522269,-6.821503286814739,12,24
249,0.0,four_day,weak_skew,0.0546875,9.892905241958028,-6.821503286814739,12,24
250,0.0,daily,alt,0.0005998800239952009,-8.675461352425389,-7.703034779054676,24,24
250,0.0,daily,sharp,0.5818836232753449,-0.9143354245347893,-7.703034779054676,24,24
250,0.0,daily,weak,0.21835632873425315,-2.1177380567935717,-7.703034779054676,24,24
250,0.0,daily,weak_skew,0.641871625674865,-0.9064051169575637,-7.703034779054676,24,24
250,0.0,two_day,alt,0.0007998400319936012,-11.015338666208628,-7.703034779054676,24,24
250,0.0,two_day,sharp,0.3043391321735653,-1.670491124865932,-7.703034779054676,24,24
250,0.0,two_day,weak,0.668866226754649,0.9608243768810425,-7.703034779054676,24,24
250,0.0,two_day,weak_skew,0.5460907818436312,-1.550864099180318,-7.703034779054676,24,24
250,0.0,four_day,alt,0.087890625,-7.66557455847355,-7.703034779054676,12,24
250,0.0,four_day,sharp,0.85546875,0.4307388152224097,-7.703034779054676,12,24
250,0.0,four_day,weak,0.4140625,-3.027580783818097,-7.703034779054676,12,24
250,0.0,four_day,weak_skew,0.82568359375,0.6383643416454898,-7.703034779054676,12,24
251,0.0,daily,alt,0.0001999600079984003,-8.286230601852063,-9.63132133626474,24,24
251,0.0,daily,sharp,0.34293141371725655,1.4786784022773274,-9.63132133626474,24,24
251,0.0,daily,weak,0.5102979404119176,1.498059289995514,-9.63132133626474,24,24
251,0.0,daily,weak_skew,0.6674665066986603,0.7923314238979101,-9.63132133626474,24,24
251,0.0,two_day,alt,0.11637672465506899,-6.750016383077599,-9.63132133626474,24,24
251,0.0,two_day,sharp,0.3313337332533493,4.068181102252673,-9.63132133626474,24,24
251,0.0,two_day,weak,0.4783043391321736,3.2882973499924972,-9.63132133626474,24,24
251,0.0,two_day,weak_skew,0.40751849630073983,3.660693943001698,-9.63132133626474,24,24
251,0.0,four_day,alt,0.00830078125,-15.740655222746403,-9.63132133626474,12,24
251,0.0,four_day,sharp,0.35205078125,-4.977196621237218,-9.63132133626474,12,24
251,0.0,four_day,weak,0.44482421875,-4.2748935936848556,-9.63132133626474,12,24
251,0.0,four_day,weak_skew,0.255859375,-7.040582560309879,-9.63132133626474,12,24
252,0.0,daily,alt,0.0001999600079984003,-10.519859882517762,-11.901113117022732,24,24
252,0.0,daily,sharp,0.5186962607478505,1.5572015889500985,-11.901113117022732,24,24
252,0.0,daily,weak,0.622875424915017,1.3641511247452405,-11.901113117022732,24,24
252,0.0,daily,weak_skew,0.3609278144371126,2.2246763794600057,-11.901113117022732,24,24
252,0.0,two_day,alt,0.0001999600079984003,-14.804817520761057,-11.901113117022732,24,24
252,0.0,two_day,sharp,0.33633273345330933,-2.8945174205017437,-11.901113117022732,24,24
252,0.0,two_day,weak,0.5282943411317736,-2.1287450547168834,-11.901113117022732,24,24
252,0.0,two_day,weak_skew,0.3687262547490502,-3.149223630803219,-11.901113117022732,24,24
252,0.0,four_day,alt,0.00048828125,-11.25571452450071,-11.901113117022732,12,24
252,0.0,four_day,sharp,0.50537109375,1.889995613639207,-11.901113117022732,12,24
252,0.0,four_day,weak,0.83935546875,-0.7250691122035716,-11.901113117022732,12,24
252,0.0,four_day,weak_skew,0.529296875,1.8971894078442062,-11.901113117022732,12,24
253,0.0,daily,alt,0.0001999600079984003,-10.607418939389047,-9.320035128454819,24,24
253,0.0,daily,sharp,0.4929014197160568,-0.9530505282077787,-9.320035128454819,24,24
253,0.0,daily,weak,0.2499500099980004,-1.958561328737687,-9.320035128454819,24,24
253,0.0,daily,weak_skew,0.41211757648470304,-1.377051314942901,-9.320035128454819,24,24
253,0.0,two_day,alt,0.0001999600079984003,-14.080255936627772,-9.320035128454819,24,24
253,0.0,two_day,sharp,0.39172165566886624,-1.8526806764664911,-9.320035128454819,24,24
253,0.0,two_day,weak,0.5686862627474505,-1.6179472779775936,-9.320035128454819,24,24
253,0.0,two_day,weak_skew,0.18056388722255548,-2.8107625812190675,-9.320035128454819,24,24
253,0.0,four_day,alt,0.9248046875,0.3547625026322632,-9.320035128454819,12,24
253,0.0,four_day,sharp,0.0302734375,7.36124992938388,-9.320035128454819,12,24
253,0.0,four_day,weak,0.01171875,10.535296286508686,-9.320035128454819,12,24
253,0.0,four_day,weak_skew,0.06201171875,8.577040420075702,-9.320035128454819,12,24
254,0.0,daily,alt,0.7338532293541292,-1.2005238080919367,-6.627565467470866,24,24
254,0.0,daily,sharp,0.05898820235952809,2.4208048645414557,-6.627565467470866,24,24
254,0.0,daily,weak,0.8710257948410318,0.21946620552025772,-6.627565467470866,24,24
254,0.0,daily,weak_skew,0.20575884823035392,3.467100105147543,-6.627565467470866,24,24
254,0.0,two_day,alt,0.033193361327734455,-8.310955686878364,-6.627565467470866,24,24
254,0.0,two_day,sharp,0.9564087182563488,0.07501787136491345,-6.627565467470866,24,24
254,0.0,two_day,weak,0.8972205558888222,0.2716554468456331,-6.627565467470866,24,24
254,0.0,two_day,weak_skew,0.9064187162567486,-0.24403020986008409,-6.627565467470866,24,24
254,0.0,four_day,alt,0.001953125,-13.956640343410543,-6.627565467470866,12,24
254,0.0,four_day,sharp,0.2890625,-2.4745430139809463,-6.627565467470866,12,24
254,0.0,four_day,weak,0.1201171875,-4.3925884173521,-6.627565467470866,12,24
254,0.0,four_day,weak_skew,0.05859375,-4.747122435302901,-6.627565467470866,12,24
255,0.0,daily,alt,0.0001999600079984003,-17.794509112533465,-15.635145377740429,24,24
255,0.0,daily,sharp,0.3025394921015797,-1.4272385030744175,-15.635145377740429,24,24
255,0.0,daily,weak,0.14257148570285944,-2.919713348659217,-15.635145377740429,24,24
255,0.0,daily,weak_skew,0.24935012997400519,-2.100129832637677,-15.635145377740429,24,24
255,0.0,two_day,alt,0.0001999600079984003,-15.826929953176688,-15.635145377740429,24,24
255,0.0,two_day,sharp,0.40111977604479104,1.7787173019616984,-15.635145377740429,24,24
255,0.0,two_day,weak,0.7476504699060188,0.8658963445661577,-15.635145377740429,24,24
255,0.0,two_day,weak_skew,0.1227754449110178,3.885747725383601,-15.635145377740429,24,24
255,0.0,four_day,alt,0.001953125,-19.032060596469588,-15.635145377740429,12,24
255,0.0,four_day,sharp,0.283203125,-2.9602871735604865,-15.635145377740429,12,24
255,0.0,four_day,weak,0.09423828125,-7.121647810348686,-15.635145377740429,12,24
255,0.0,four_day,weak_skew,0.14208984375,-4.836960037626415,-15.635145377740429,12,24
256,0.0,daily,alt,0.0001999600079984003,-7.309548109561608,-8.345803765912784,24,24
256,0.0,daily,sharp,0.6672665466906619,0.46617758972671464,-8.345803765912784,24,24
256,0.0,daily,weak,0.2997400519896021,1.632829475821505,-8.345803765912784,24,24
256,0.0,daily,weak_skew,0.9394121175764847,-0.09779312123524402,-8.345803765912784,24,24
256,0.0,two_day,alt,0.0013997200559888023,-8.350314853472801,-8.345803765912784,24,24
256,0.0,two_day,sharp,0.7560487902419516,0.5263277580347928,-8.345803765912784,24,24
256,0.0,two_day,weak,0.7176564687062588,0.8860922228709184,-8.345803765912784,24,24
256,0.0,two_day,weak_skew,0.5572885422915417,1.3380474598130576,-8.345803765912784,24,24
256,0.0,four_day,alt,0.00146484375,-9.229835670855419,-8.345803765912784,12,24
256,0.0,four_day,sharp,0.55517578125,-0.9093888665629765,-8.345803765912784,12,24
256,0.0,four_day,weak,0.49169921875,-1.822908133207531,-8.345803765912784,12,24
256,0.0,four_day,weak_skew,0.7890625,1.280593859601191,-8.345803765912784,12,24
257,0.0,daily,alt,0.1775644871025795,-4.023722435145049,-7.314000449945304,24,24
257,0.0,daily,sharp,0.16236752649470107,2.5814468984952366,-7.314000449945304,24,24
257,0.0,daily,weak,0.016196760647870425,5.7976480553278575,-7.314000449945304,24,24
257,0.0,daily,weak_skew,0.21035792841431714,2.5377333569846896,-7.314000449945304,24,24
257,0.0,two_day,alt,0.17136572685462909,-3.609772640210353,-7.314000449945304,24,24
257,0.0,two_day,sharp,0.3685262947410518,1.918062275796209,-7.314000449945304,24,24
257,0.0,two_day,weak,0.3245350929814037,2.8485970982440905,-7.314000449945304,24,24
257,0.0,two_day,weak_skew,0.3685262947410518,2.163640405769204,-7.314000449945304,24,24
257,0.0,four_day,alt,0.0029296875,-17.657341423862686,-7.314000449945304,12,24
257,0.0,four_day,sharp,0.07177734375,-7.194898317356731,-7.314000449945304,12,24
257,0.0,four_day,weak,0.66064453125,-2.244765909106251,-7.314000449945304,12,24
257,0.0,four_day,weak_skew,0.0068359375,-11.568747192596332,-7.314000449945304,12,24
258,0.0,daily,alt,0.00639872025594881,-6.602468500149372,-7.7430669692026015,24,24
258,0.0,daily,sharp,0.4451109778044391,1.3600426761233626,-7.7430669692026015,24,24
258,0.0,daily,weak,0.6452709458108379,0.9995428184555598,-7.7430669692026015,24,24
258,0.0,daily,weak_skew,0.73125374925015,0.6873812717141329,-7.7430669692026015,24,24
258,0.0,two_day,alt,0.017196560687862426,-9.360755373393383,-7.7430669692026015,24,24
258,0.0,two_day,sharp,0.47230553889222154,-2.064647550568059,-7.7430669692026015,24,24
258,0.0,two_day,weak,0.5022995400919816,-1.8605830827861245,-7.7430669692026015,24,24
258,0.0,two_day,weak_skew,0.5380923815236952,-2.178877926798754,-7.7430669692026015,24,24
258,0.0,four_day,alt,0.02001953125,-10.872738140863683,-7.7430669692026015,12,24
258,0.0,four_day,sharp,0.4833984375,-2.551251740903193,-7.7430669692026015,12,24
258,0.0,four_day,weak,0.9375,-0.3429186034385392,-7.7430669692026015,12,24
258,0.0,four_day,weak_skew,0.81787109375,-1.0867311796471928,-7.7430669692026015,12,24
259,0.0,daily,alt,0.5846830633873226,2.185998002420773,-3.0807010445675544,24,24
259,0.0,daily,sharp,0.054789042191561686,4.9337367584811185,-3.0807010445675544,24,24
259,0.0,daily,weak,0.23255348930213957,3.19707653965744,-3.0807010445675544,24,24
259,0.0,daily,weak_skew,0.122375524895021,4.035537709238501,-3.0807010445675544,24,24
259,0.0,two_day,alt,0.03799240151969606,-6.519164220534922,-3.0807010445675544,24,24
259,0.0,two_day,sharp,0.21035792841431714,-2.984537270545854,-3.0807010445675544,24,24
259,0.0,two_day,weak,0.1865626874625075,-3.527681908271896,-3.0807010445675544,24,24
259,0.0,two_day,weak_skew,0.3835232953409318,-2.4560816316279843,-3.0807010445675544,24,24
259,0.0,four_day,alt,0.90234375,0.8055770376321506,-3.0807010445675544,12,24
259,0.0,four_day,sharp,0.5556640625,2.4581724594409766,-3.0807010445675544,12,24
259,0.0,four_day,weak,0.68359375,-1.941555453229529,-3.0807010445675544,12,24
259,0.0,four_day,weak_skew,0.80615234375,-0.9305613640276006,-3.0807010445675544,12,24
260,0.0,daily,alt,0.001799640071985603,-7.057148305855179,-11.035255959177526,24,24
260,0.0,daily,sharp,0.07458508298340331,3.305803194890443,-11.035255959177526,24,24
260,0.0,daily,weak,0.005198960207958408,5.612497197648234,-11.035255959177526,24,24
260,0.0,daily,weak_skew,0.24235152969406118,2.9743824045242433,-11.035255959177526,24,24
260,0.0,two_day,alt,0.0001999600079984003,-12.769508796228036,-11.035255959177526,24,24
260,0.0,two_day,sharp,0.4997000599880024,-1.4184310631330737,-11.035255959177526,24,24
260,0.0,two_day,weak,0.45910817836432716,2.1980539982959266,-11.035255959177526,24,24
260,0.0,two_day,weak_skew,0.6342731453709258,1.6047000190567378,-11.035255959177526,24,24
260,0.0,four_day,alt,0.06298828125,-7.9639617707957555,-11.035255959177526,12,24
260,0.0,four_day,sharp,0.45654296875,3.013426158709448,-11.035255959177526,12,24
260,0.0,four_day,weak,0.2001953125,5.978807428989396,-11.035255959177526,12,24
260,0.0,four_day,weak_skew,0.70263671875,2.163994174253879,-11.035255959177526,12,24
261,0.0,daily,alt,0.024795040991801638,-6.055968030697035,-6.532829953291163,24,24
261,0.0,daily,sharp,0.40371925614877024,-1.1915814673462546,-6.532829953291163,24,24
261,0.0,daily,weak,0.4331133773245351,-1.667363222535495,-6.532829953291163,24,24
261,0.0,daily,weak_skew,0.728254349130174,0.7679474268180909,-6.532829953291163,24,24
261,0.0,two_day,alt,0.0013997200559888023,-10.248463686939685,-6.532829953291163,24,24
261,0.0,two_day,sharp,0.20095980803839233,-3.2176625892897177,-6.532829953291163,24,24
261,0.0,two_day,weak,0.23595280943811237,-3.3010541569118517,-6.532829953291163,24,24
261,0.0,two_day,weak_skew,0.40691861627674464,-2.7643452850076184,-6.532829953291163,24,24
261,0.0,four_day,alt,0.66796875,3.020682432715892,-6.532829953291163,12,24
261,0.0,four_day,sharp,0.1376953125,6.060810102719082,-6.532829953291163,12,24
261,0.0,four_day,weak,0.1748046875,6.58143550271221,-6.532829953291163,12,24
261,0.0,four_day,weak_skew,0.2578125,5.002803653629234,-6.532829953291163,12,24
262,0.0,daily,alt,0.0001999600079984003,-9.30767133811088,-9.393528059079067,24,24
262,0.0,daily,sharp,0.8900219956008798,-0.18456705652120053,-9.393528059079067,24,24
262,0.0,daily,weak,0.09998000399920016,-3.3208150666316514,-9.393528059079067,24,24
262,0.0,daily,weak_skew,0.241751649670066,2.904591864121611,-9.393528059079067,24,24
262,0.0,two_day,alt,0.0009998000399920016,-7.2927042343025805,-9.393528059079067,24,24
262,0.0,two_day,sharp,0.19976004799040192,1.4296713497774525,-9.393528059079067,24,24
262,0.0,two_day,weak,0.7870425914817036,0.4598461403950959,-9.393528059079067,24,24
262,0.0,two_day,weak_skew,0.1227754449110178,4.6978419851093625,-9.393528059079067,24,24
262,0.0,four_day,alt,0.0048828125,-11.103885687352259,-9.393528059079067,12,24
262,0.0,four_day,sharp,0.38623046875,-2.0687765224260777,-9.393528059079067,12,24
262,0.0,four_day,weak,0.32275390625,-2.531753331543404,-9.393528059079067,12,24
262,0.0,four_day,weak_skew,0.01953125,-5.789980765457945,-9.393528059079067,12,24
263,0.0,daily,alt,0.0001999600079984003,-11.129192652860693,-9.585683858141294,24,24
263,0.0,daily,sharp,0.20795840831833634,-2.0307510585063415,-9.585683858141294,24,24
263,0.0,daily,weak,0.3695260947810438,-2.1566975497953806,-9.585683858141294,24,24
263,0.0,daily,weak_skew,0.23315336932613479,-2.3813611144955487,-9.585683858141294,24,24
263,0.0,two_day,alt,0.0011997600479904018,-11.138362264250652,-9.585683858141294,24,24
263,0.0,two_day,sharp,0.7170565886822635,-0.9611450749442003,-9.585683858141294,24,24
263,0.0,two_day,weak,0.9768046390721855,-0.08716882917883091,-9.585683858141294,24,24
263,0.0,two_day,weak_skew,0.863627274545091,0.6155265583451554,-9.585683858141294,24,24
263,0.0,four_day,alt,0.10107421875,-4.923170291051999,-9.585683858141294,12,24
263,0.0,four_day,sharp,0.505859375,1.637337936836035,-9.585683858141294,12,24
263,0.0,four_day,weak,0.47705078125,3.5539848115424952,-9.585683858141294,12,24
263,0.0,four_day,weak_skew,0.5234375,2.7610676541590706,-9.585683858141294,12,24
264,0.0,daily,alt,0.0001999600079984003,-9.325846681948647,-6.952084354642082,24,24
264,0.0,daily,sharp,0.26034793041391724,-1.7003118982940515,-6.952084354642082,24,24
264,0.0,daily,weak,0.5864827034593081,1.0270720058800282,-6.952084354642082,24,24
264,0.0,daily,weak_skew,0.1357728454309138,-3.0247373370024655,-6.952084354642082,24,24
264,0.0,two_day,alt,0.0001999600079984003,-8.797283972311531,-6.952084354642082,24,24
264,0.0,two_day,sharp,0.4065186962607478,-1.1070020344432498,-6.952084354642082,24,24
264,0.0,two_day,weak,0.6740651869626075,-0.8394115329195948,-6.952084354642082,24,24
264,0.0,two_day,weak_skew,0.7876424715056989,0.780504841270162,-6.952084354642082,24,24
264,0.0,four_day,alt,0.0009765625,-10.071493863829962,-6.952084354642082,12,24
264,0.0,four_day,sharp,0.23291015625,-1.8445334756399607,-6.952084354642082,12,24
264,0.0,four_day,weak,0.072265625,-5.379751277355946,-6.952084354642082,12,24
264,0.0,four_day,weak_skew,0.01708984375,-6.157851689310431,-6.952084354642082,12,24
265,0.0,daily,alt,0.0007998400319936012,-10.603999887304592,-9.210128347720286,24,24
265,0.0,daily,sharp,0.8010397920415917,0.5526474223673393,-9.210128347720286,24,24
265,0.0,daily,weak,0.7986402719456108,-0.70930022988221,-9.210128347720286,24,24
265,0.0,daily,weak_skew,0.6936612677464508,0.9169092265032704,-9.210128347720286,24,24
265,0.0,two_day,alt,0.1315736852629474,-5.879615040867343,-9.210128347720286,24,24
265,0.0,two_day,sharp,0.13097380523895222,3.700857156302105,-9.210128347720286,24,24
265,0.0,two_day,weak,0.8552289542091581,0.5893682012201964,-9.210128347720286,24,24
265,0.0,two_day,weak_skew,0.46590681863627276,2.1196176551595176,-9.210128347720286,24,24
265,0.0,four_day,alt,0.00634765625,-11.193336942820247,-9.210128347720286,12,24
265,0.0,four_day,sharp,0.9931640625,0.027906628535442717,-9.210128347720286,12,24
265,0.0,four_day,weak,0.2685546875,-4.889285082490033,-9.210128347720286,12,24
265,0.0,four_day,weak_skew,0.8134765625,-0.8365690537509979,-9.210128347720286,12,24
266,0.0,daily,alt,0.03139372125574885,-8.831950254820478,-11.133367567523656,24,24
266,0.0,daily,sharp,0.45990801839632073,1.6685779186443888,-11.133367567523656,24,24
266,0.0,daily,weak,0.7994401119776045,-0.6094521714225664,-11.133367567523656,24,24
266,0.0,daily,weak_skew,0.3735252949410118,2.198709813628826,-11.133367567523656,24,24
266,0.0,two_day,alt,0.125374925014997,-6.982269798331324,-11.133367567523656,24,24
266,0.0,two_day,sharp,0.5620875824835033,1.649983077553052,-11.133367567523656,24,24
266,0.0,two_day,weak,0.5344931013797241,2.239909712198906,-11.133367567523656,24,24
266,0.0,two_day,weak_skew,0.3757248550289942,2.5983104973241953,-11.133367567523656,24,24
266,0.0,four_day,alt,0.00146484375,-14.38017978935972,-11.133367567523656,12,24
266,0.0,four_day,sharp,0.71435546875,-1.0348808204539726,-11.133367567523656,12,24
266,0.0,four_day,weak,0.99609375,-0.01734875292694878,-11.133367567523656,12,24
266,0.0,four_day,weak_skew,0.904296875,-0.49342486642332933,-11.133367567523656,12,24
267,0.0,daily,alt,0.03459308138372325,-5.336646078793297,-7.012266958173207,24,24
267,0.0,daily,sharp,0.34673065386922614,1.1131164852734106,-7.012266958173207,24,24
267,0.0,daily,weak,0.2897420515896821,2.1552055568800337,-7.012266958173207,24,24
267,0.0,daily,weak_skew,0.4251149770045991,1.3242300321849816,-7.012266958173207,24,24
267,0.0,two_day,alt,0.0001999600079984003,-10.230530145868363,-7.012266958173207,24,24
267,0.0,two_day,sharp,0.22635472905418916,-2.7454593938859464,-7.012266958173207,24,24
267,0.0,two_day,weak,0.364127174565087,-2.7625987312744975,-7.012266958173207,24,24
267,0.0,two_day,weak_skew,0.45250949810037994,-2.3919153345573014,-7.012266958173207,24,24
267,0.0,four_day,alt,0.21435546875,-3.9563365522227447,-7.012266958173207,12,24
267,0.0,four_day,sharp,0.38037109375,2.2150703960665745,-7.012266958173207,12,24
267,0.0,four_day,weak,0.35009765625,4.173200726436102,-7.012266958173207,12,24
267,0.0,four_day,weak_skew,0.09619140625,9.999217001804643,-7.012266958173207,12,24
268,0.0,daily,alt,0.9070185962807439,0.3820271393968424,-7.598971215255027,24,24
268,0.0,daily,sharp,0.0027994401119776045,5.312590035494918,-7.598971215255027,24,24
268,0.0,daily,weak,0.02659468106378724,5.592424688639206,-7.598971215255027,24,24
268,0.0,daily,weak_skew,0.01279744051189762,5.023261047785537,-7.598971215255027,24,24
268,0.0,two_day,alt,0.1875624875024995,-5.816115147366484,-7.598971215255027,24,24
268,0.0,two_day,sharp,0.6798640271945611,1.007156604974006,-7.598971215255027,24,24
268,0.0,two_day,weak,0.5760847830433913,-1.468109317286581,-7.598971215255027,24,24
268,0.0,two_day,weak_skew,0.853629274145171,-0.43627879415326287,-7.598971215255027,24,24
268,0.0,four_day,alt,0.0341796875,-9.48641604349108,-7.598971215255027,12,24
268,0.0,four_day,sharp,0.77587890625,-0.7050955983945126,-7.598971215255027,12,24
268,0.0,four_day,weak,0.9521484375,0.2683254488174723,-7.598971215255027,12,24
268,0.0,four_day,weak_skew,0.8408203125,1.2141081123728192,-7.598971215255027,12,24
269,0.0,daily,alt,0.25374925014997,-3.608788666981134,-5.8036796569714255,24,24
269,0.0,daily,sharp,0.6700659868026395,0.593435693514126,-5.8036796569714255,24,24
269,0.0,daily,weak,0.8508298340331933,0.3354455259706617,-5.8036796569714255,24,24
269,0.0,daily,weak_skew,0.9194161167766447,-0.17926323467621832,-5.8036796569714255,24,24
269,0.0,two_day,alt,0.00639872025594881,-8.674867698905679,-5.8036796569714255,24,24
269,0.0,two_day,sharp,0.23295340931813638,-2.1178907713651127,-5.8036796569714255,24,24
269,0.0,two_day,weak,0.6912617476504699,-0.952646336341811,-5.8036796569714255,24,24
269,0.0,two_day,weak_skew,0.22275544891021795,-2.845329237968665,-5.8036796569714255,24,24
269,0.0,four_day,alt,0.72021484375,-1.8746111383792734,-5.8036796569714255,12,24
269,0.0,four_day,sharp,0.4833984375,1.534379985202154,-5.8036796569714255,12,24
269,0.0,four_day,weak,0.568359375,1.7376492818721925,-5.8036796569714255,12,24
269,0.0,four_day,weak_skew,0.51513671875,2.3316537753617137,-5.8036796569714255,12,24
270,0.0,daily,alt,0.001999600079984003,-8.108956055110587,-9.04966146999621,24,24
270,0.0,daily,sharp,0.881623675264947,0.29467695846585656,-9.04966146999621,24,24
270,0.0,daily,weak,0.34393121375724856,-2.071104876842541,-9.04966146999621,24,24
270,0.0,daily,weak_skew,0.6712657468506299,1.0585514874651274,-9.04966146999621,24,24
270,0.0,two_day,alt,0.013597280543891222,-8.632811997567376,-9.04966146999621,24,24
270,0.0,two_day,sharp,0.9942011597680463,0.02401418152531883,-9.04966146999621,24,24
270,0.0,two_day,weak,0.22895420915816836,3.549545058921996,-9.04966146999621,24,24
270,0.0,two_day,weak_skew,0.7766446710657868,-0.8949355831257669,-9.04966146999621,24,24
270,0.0,four_day,alt,0.0458984375,-7.7084421348684735,-9.04966146999621,12,24
270,0.0,four_day,sharp,0.53857421875,1.6672093112910762,-9.04966146999621,12,24
270,0.0,four_day,weak,0.28173828125,3.770048112393688,-9.04966146999621,12,24
270,0.0,four_day,weak_skew,0.42724609375,2.6582551598226645,-9.04966146999621,12,24
271,0.0,daily,alt,0.0001999600079984003,-11.397821592475106,-6.574598286727451,24,24
271,0.0,daily,sharp,0.3115376924615077,-1.9039585275169395,-6.574598286727451,24,24
271,0.0,daily,weak,0.22915416916616677,-3.1082147972960428,-6.574598286727451,24,24
271,0.0,daily,weak_skew,0.9030193961207759,0.20683010774327185,-6.574598286727451,24,24
271,0.0,two_day,alt,0.5508898220355929,-3.266489948311822,-6.574598286727451,24,24
271,0.0,two_day,sharp,0.7000599880023995,0.9385375998891897,-6.574598286727451,24,24
271,0.0,two_day,weak,0.6556688662267547,-1.3783866777518154,-6.574598286727451,24,24
271,0.0,two_day,weak_skew,0.7366526694661067,-0.978145217183149,-6.574598286727451,24,24
271,0.0,four_day,alt,0.2451171875,-7.61302341437823,-6.574598286727451,12,24
271,0.0,four_day,sharp,0.78173828125,-1.1003043639583712,-6.574598286727451,12,24
271,0.0,four_day,weak,0.3125,4.888392316911732,-6.574598286727451,12,24
271,0.0,four_day,weak_skew,0.1552734375,-6.08696268966744,-6.574598286727451,12,24
272,0.0,daily,alt,0.001799640071985603,-7.462870590778603,-8.453345137882195,24,24
272,0.0,daily,sharp,0.6328734253149371,0.9527344990944723,-8.453345137882195,24,24
272,0.0,daily,weak,0.9428114377124575,-0.15358873036331744,-8.453345137882195,24,24
272,0.0,daily,weak_skew,0.7336532693461307,0.7469846937141217,-8.453345137882195,24,24
272,0.0,two_day,alt,0.0001999600079984003,-13.761073920568313,-8.453345137882195,24,24
272,0.0,two_day,sharp,0.022595480903819236,-4.348236728625033,-8.453345137882195,24,24
272,0.0,two_day,weak,0.026994601079784044,-5.663020062068271,-8.453345137882195,24,24
272,0.0,two_day,weak_skew,0.16196760647870426,-3.2044522427096465,-8.453345137882195,24,24
272,0.0,four_day,alt,0.0634765625,-5.34281194092785,-8.453345137882195,12,24
272,0.0,four_day,sharp,0.4501953125,1.8422392768483622,-8.453345137882195,12,24
272,0.0,four_day,weak,0.0400390625,6.058088390127861,-8.453345137882195,12,24
272,0.0,four_day,weak_skew,0.4814453125,3.5004778398598453,-8.453345137882195,12,24
273,0.0,daily,alt,0.0001999600079984003,-14.479863182026468,-12.127190008816825,24,24
273,0.0,daily,sharp,0.3797240551889622,-1.6757832814381581,-12.127190008816825,24,24
273,0.0,daily,weak,0.1287742451509698,-3.3878322578239803,-12.127190008816825,24,24
273,0.0,daily,weak_skew,0.9646070785842832,0.09432785048609826,-12.127190008816825,24,24
273,0.0,two_day,alt,0.022195560887822437,-8.34142509255953,-12.127190008816825,24,24
273,0.0,two_day,sharp,0.3041391721655669,2.6338035251338883,-12.127190008816825,24,24
273,0.0,two_day,weak,0.7054589082183563,1.2815087213988854,-12.127190008816825,24,24
273,0.0,two_day,weak_skew,0.33733253349330133,3.1305408766632765,-12.127190008816825,24,24
273,0.0,four_day,alt,0.07373046875,-8.246994088434652,-12.127190008816825,12,24
273,0.0,four_day,sharp,0.70654296875,1.350184783043855,-12.127190008816825,12,24
273,0.0,four_day,weak,0.89453125,0.6647899125245852,-12.127190008816825,12,24
273,0.0,four_day,weak_skew,0.51220703125,2.0587306818738202,-12.127190008816825,12,24
274,0.0,daily,alt,0.0005998800239952009,-10.368256448243,-9.981364454679941,24,24
274,0.0,daily,sharp,0.9368126374725055,0.20376739706125443,-9.981364454679941,24,24
274,0.0,daily,weak,0.6644671065786842,-1.38471364153947,-9.981364454679941,24,24
274,0.0,daily,weak_skew,0.9516096780643871,-0.1669688827922252,-9.981364454679941,24,24
274,0.0,two_day,alt,0.0065986802639472104,-9.554514063877972,-9.981364454679941,24,24
274,0.0,two_day,sharp,0.8944211157768446,0.3669227019423597,-9.981364454679941,24,24
274,0.0,two_day,weak,0.9100179964007199,0.401695345242695,-9.981364454679941,24,24
274,0.0,two_day,weak_skew,0.08918216356728655,4.326484119663821,-9.981364454679941,24,24
274,0.0,four_day,alt,0.00048828125,-15.254492210217997,-9.981364454679941,12,24
274,0.0,four_day,sharp,0.2841796875,-4.324528270898861,-9.981364454679941,12,24
274,0.0,four_day,weak,0.240234375,-5.846942594985429,-9.981364454679941,12,24
274,0.0,four_day,weak_skew,0.025390625,-8.685570273943119,-9.981364454679941,12,24
275,0.0,daily,alt,0.29314137172565485,-4.267892648096982,-5.577410051819889,24,24
275,0.0,daily,sharp,0.6274745050989802,0.70610564082059,-5.577410051819889,24,24
275,0.0,daily,weak,0.8196360727854429,0.3870371293154096,-5.577410051819889,24,24
275,0.0,daily,weak_skew,0.753249350129974,-0.5158232051177851,-5.577410051819889,24,24
275,0.0,two_day,alt,0.46650669866026795,-3.143198784841777,-5.577410051819889,24,24
275,0.0,two_day,sharp,0.4153169366126775,1.6644045403316134,-5.577410051819889,24,24
275,0.0,two_day,weak,0.6536692661467707,1.1379192752312397,-5.577410051819889,24,24
275,0.0,two_day,weak_skew,0.4647070585882823,1.6785889229866022,-5.577410051819889,24,24
275,0.0,four_day,alt,0.62646484375,-2.617616523278937,-5.577410051819889,12,24
275,0.0,four_day,sharp,0.97265625,0.09812140831544862,-5.577410051819889,12,24
275,0.0,four_day,weak,0.2744140625,-3.259775194374145,-5.577410051819889,12,24
275,0.0,four_day,weak_skew,0.9501953125,0.2110234569091567,-5.577410051819889,12,24
276,0.0,daily,alt,0.0001999600079984003,-7.6197964890824395,-6.758944551177905,24,24
276,0.0,daily,sharp,0.913617276544691,0.15780585237623926,-6.758944551177905,24,24
276,0.0,daily,weak,0.9696060787842431,-0.07929507306402013,-6.758944551177905,24,24
276,0.0,daily,weak_skew,0.6196760647870426,-0.8811149706569994,-6.758944551177905,24,24
276,0.0,two_day,alt,0.01279744051189762,-6.983796292441608,-6.758944551177905,24,24
276,0.0,two_day,sharp,0.7216556688662268,-0.7414144677806425,-6.758944551177905,24,24
276,0.0,two_day,weak,0.5028994201159768,-1.7454670853268952,-6.758944551177905,24,24
276,0.0,two_day,weak_skew,0.5932813437312537,-1.1343789244609424,-6.758944551177905,24,24
276,0.0,four_day,alt,0.01513671875,-7.509075458963362,-6.758944551177905,12,24
276,0.0,four_day,sharp,0.38720703125,-2.2174403750138265,-6.758944551177905,12,24
276,0.0,four_day,weak,0.78759765625,-0.9186251737056962,-6.758944551177905,12,24
276,0.0,four_day,weak_skew,0.24267578125,-3.8449612201593486,-6.758944551177905,12,24
277,0.0,daily,alt,0.0001999600079984003,-10.677598858336674,-7.453561913969324,24,24
277,0.0,daily,sharp,0.2549490101979604,-1.7280900836554487,-7.453561913969324,24,24
277,0.0,daily,weak,0.21015796840631873,-2.4508201068593256,-7.453561913969324,24,24
277,0.0,daily,weak_skew,0.6270745850829834,-1.1020856866934245,-7.453561913969324,24,24
277,0.0,two_day,alt,0.003999200159968006,-10.52109535935932,-7.453561913969324,24,24
277,0.0,two_day,sharp,0.1219756048790242,-3.989714575988349,-7.453561913969324,24,24
277,0.0,two_day,weak,0.729254149170166,-0.9952853573853305,-7.453561913969324,24,24
277,0.0,two_day,weak_skew,0.01879624075184963,-6.0103979510802885,-7.453561913969324,24,24
277,0.0,four_day,alt,0.01904296875,-11.495083195299236,-7.453561913969324,12,24
277,0.0,four_day,sharp,0.443359375,-2.816209021512105,-7.453561913969324,12,24
277,0.0,four_day,weak,0.03369140625,-7.634188460559785,-7.453561913969324,12,24
277,0.0,four_day,weak_skew,0.8720703125,-0.7006803797215202,-7.453561913969324,12,24
278,0.0,daily,alt,0.0003999200159968006,-9.676462847582437,-9.408177855015168,24,24
278,0.0,daily,sharp,0.36272745450909816,-1.5813344661016842,-9.408177855015168,24,24
278,0.0,daily,weak,0.29634073185362925,-2.460763460396962,-9.408177855015168,24,24
278,0.0,daily,weak_skew,0.1191761647670466,-2.9181100376386664,-9.408177855015168,24,24
278,0.0,two_day,alt,0.0011997600479904018,-8.927630365354949,-9.408177855015168,24,24
278,0.0,two_day,sharp,0.1949610077984403,2.656797131014084,-9.408177855015168,24,24
278,0.0,two_day,weak,0.03079384123175365,6.742848549135026,-9.408177855015168,24,24
278,0.0,two_day,weak_skew,0.21655668866226754,3.0817277812165202,-9.408177855015168,24,24
278,0.0,four_day,alt,0.02490234375,-7.772714979892439,-9.408177855015168,12,24
278,0.0,four_day,sharp,0.90087890625,0.23598663220217908,-9.408177855015168,12,24
278,0.0,four_day,weak,0.5498046875,-2.101426259772633,-9.408177855015168,12,24
278,0.0,four_day,weak_skew,0.55029296875,-0.8790280096251823,-9.408177855015168,12,24
279,0.0,daily,alt,0.001999600079984003,-9.425428369278816,-8.441689877594143,24,24
279,0.0,daily,sharp,0.6048790241951609,-0.991387731373439,-8.441689877594143,24,24
279,0.0,daily,weak,0.17956408718256348,-3.1112925026565246,-8.441689877594143,24,24
279,0.0,daily,weak_skew,0.4881023795240952,-1.6489842854116679,-8.441689877594143,24,24
279,0.0,two_day,alt,0.07038592281543692,-5.486829261031173,-8.441689877594143,24,24
279,0.0,two_day,sharp,0.47890421915616876,1.589515000705297,-8.441689877594143,24,24
279,0.0,two_day,weak,0.8022395520895821,0.6723511279226818,-8.441689877594143,24,24
279,0.0,two_day,weak_skew,0.9882023595280944,0.032879794138742646,-8.441689877594143,24,24
279,0.0,four_day,alt,0.00537109375,-11.57387440213914,-8.441689877594143,12,24
279,0.0,four_day,sharp,0.14794921875,-2.9707317240757036,-8.441689877594143,12,24
279,0.0,four_day,weak,0.3486328125,-3.335223379769736,-8.441689877594143,12,24
279,0.0,four_day,weak_skew,0.13720703125,-4.370144560983541,-8.441689877594143,12,24
280,0.0,daily,alt,0.0001999600079984003,-6.783031562947806,-7.114825212218463,24,24
280,0.0,daily,sharp,0.9094181163767247,-0.1556885108974324,-7.114825212218463,24,24
280,0.0,daily,weak,0.48410317936412717,1.2264381515041773,-7.114825212218463,24,24
280,0.0,daily,weak_skew,0.7556488702259548,-0.6074734147286763,-7.114825212218463,24,24
280,0.0,two_day,alt,0.036392721455708855,-6.463629825263972,-7.114825212218463,24,24
280,0.0,two_day,sharp,0.6592681463707258,-0.8837800493337541,-7.114825212218463,24,24
280,0.0,two_day,weak,0.7774445110977805,-0.7585917322626005,-7.114825212218463,24,24
280,0.0,two_day,weak_skew,0.23075384923015396,4.0715354130618,-7.114825212218463,24,24
280,0.0,four_day,alt,0.00390625,-7.780308549506912,-7.114825212218463,12,24
280,0.0,four_day,sharp,0.4091796875,-1.263738078652387,-7.114825212218463,12,24
280,0.0,four_day,weak,0.0029296875,-6.109384871502505,-7.114825212218463,12,24
280,0.0,four_day,weak_skew,0.4609375,-2.0376333927927583,-7.114825212218463,12,24
281,0.0,daily,alt,0.006998600279944011,-5.8718834816984,-6.34448527259417,24,24
281,0.0,daily,sharp,0.8244351129774046,0.24818336092937,-6.34448527259417,24,24
281,0.0,daily,weak,0.8758248350329934,0.28476283666219765,-6.34448527259417,24,24
281,0.0,daily,weak_skew,0.27274545090981805,-1.3935689499399881,-6.34448527259417,24,24
281,0.0,two_day,alt,0.007998400319936013,-5.9109543486505105,-6.34448527259417,24,24
281,0.0,two_day,sharp,0.790241951609678,0.401313749503801,-6.34448527259417,24,24
281,0.0,two_day,weak,0.8344331133773245,-0.5744661881863179,-6.34448527259417,24,24
281,0.0,two_day,weak_skew,0.7450509898020395,-0.676689965220319,-6.34448527259417,24,24
281,0.0,four_day,alt,0.21728515625,-3.5535814240496637,-6.34448527259417,12,24
281,0.0,four_day,sharp,0.31689453125,1.4962024476047528,-6.34448527259417,12,24
281,0.0,four_day,weak,0.9140625,-0.3847264064883511,-6.34448527259417,12,24
281,0.0,four_day,weak_skew,0.7490234375,0.999165710000249,-6.34448527259417,12,24
282,0.0,daily,alt,0.0001999600079984003,-10.502178832733355,-9.944541976244011,24,24
282,0.0,daily,sharp,0.7212557488502299,-0.4234964164236068,-9.944541976244011,24,24
282,0.0,daily,weak,0.6994601079784043,-0.7128421011454197,-9.944541976244011,24,24
282,0.0,daily,weak_skew,0.5680863827234554,0.9068203316955792,-9.944541976244011,24,24
282,0.0,two_day,alt,0.0015996800639872025,-8.898150260033733,-9.944541976244011,24,24
282,0.0,two_day,sharp,0.5954809038192361,0.9536610042451491,-9.944541976244011,24,24
282,0.0,two_day,weak,0.9666066786642672,0.0999690040799462,-9.944541976244011,24,24
282,0.0,two_day,weak_skew,0.7120575884823035,1.9441769383329393,-9.944541976244011,24,24
282,0.0,four_day,alt,0.0048828125,-7.639755260887043,-9.944541976244011,12,24
282,0.0,four_day,sharp,0.3330078125,1.4878009507132084,-9.944541976244011,12,24
282,0.0,four_day,weak,0.5830078125,1.1990663114823967,-9.944541976244011,12,24
282,0.0,four_day,weak_skew,0.61181640625,1.3540427531004173,-9.944541976244011,12,24
283,0.0,daily,alt,0.0001999600079984003,-13.321568875625823,-9.810334689011029,24,24
283,0.0,daily,sharp,0.40871825634873027,-0.9891876001437069,-9.810334689011029,24,24
283,0.0,daily,weak,0.8078384323135372,-0.35571044183059125,-9.810334689011029,24,24
283,0.0,daily,weak_skew,0.8040391921615677,0.5639786306322018,-9.810334689011029,24,24
283,0.0,two_day,alt,0.0003999200159968006,-9.63506809179321,-9.810334689011029,24,24
283,0.0,two_day,sharp,0.642871425714857,-0.6533105031518532,-9.810334689011029,24,24
283,0.0,two_day,weak,0.3743251349730054,1.7229591920635723,-9.810334689011029,24,24
283,0.0,two_day,weak_skew,0.7200559888022395,-0.8681755586299719,-9.810334689011029,24,24
283,0.0,four_day,alt,0.0009765625,-11.894266866563322,-9.810334689011029,12,24
283,0.0,four_day,sharp,0.2236328125,-2.0207097172695576,-9.810334689011029,12,24
283,0.0,four_day,weak,0.68896484375,-0.8536288890827647,-9.810334689011029,12,24
283,0.0,four_day,weak_skew,0.3564453125,3.991652786989801,-9.810334689011029,12,24
284,0.0,daily,alt,0.010997800439912017,-6.65348634302008,-7.426168653653555,24,24
284,0.0,daily,sharp,0.7574485102979404,-0.4385250548713235,-7.426168653653555,24,24
284,0.0,daily,weak,0.20895820835832835,-2.724894116371964,-7.426168653653555,24,24
284,0.0,daily,weak_skew,0.6596680663867227,-0.941781247034276,-7.426168653653555,24,24
284,0.0,two_day,alt,0.04019196160767846,-6.492598177582785,-7.426168653653555,24,24
284,0.0,two_day,sharp,0.8512297540491902,-0.2883704132787199,-7.426168653653555,24,24
284,0.0,two_day,weak,0.2975404919016197,-2.0187517182017203,-7.426168653653555,24,24
284,0.0,two_day,weak_skew,0.856628674265147,-0.5041951360160549,-7.426168653653555,24,24
284,0.0,four_day,alt,0.02734375,-7.040287144893431,-7.426168653653555,12,24
284,0.0,four_day,sharp,0.94482421875,-0.1445407040904533,-7.426168653653555,12,24
284,0.0,four_day,weak,0.68505859375,1.6063013226636855,-7.426168653653555,12,24
284,0.0,four_day,weak_skew,0.20849609375,-4.290543445307119,-7.426168653653555,12,24
285,0.0,daily,alt,0.025994801039792043,-7.014277070480188,-8.713094851614493,24,24
285,0.0,daily,sharp,0.6798640271945611,0.5986951139568643,-8.713094851614493,24,24
285,0.0,daily,weak,0.47630473905218956,1.4007469076500059,-8.713094851614493,24,24
285,0.0,daily,weak_skew,0.6598680263947211,0.9839786545784497,-8.713094851614493,24,24
285,0.0,two_day,alt,0.0013997200559888023,-8.555524422753047,-8.713094851614493,24,24
285,0.0,two_day,sharp,0.5876824635072986,0.7113661444950496,-8.713094851614493,24,24
285,0.0,two_day,weak,0.9706058788242351,-0.07988746946841907,-8.713094851614493,24,24
285,0.0,two_day,weak_skew,0.9550089982003599,0.16987049705585408,-8.713094851614493,24,24
285,0.0,four_day,alt,0.55224609375,-2.920672777235962,-8.713094851614493,12,24
285,0.0,four_day,sharp,0.23779296875,3.2701669825596196,-8.713094851614493,12,24
285,0.0,four_day,weak,0.33056640625,5.170905638623264,-8.713094851614493,12,24
285,0.0,four_day,weak_skew,0.20849609375,5.222124630524006,-8.713094851614493,12,24
286,0.0,daily,alt,0.07958408318336332,-4.508848510714896,-9.149941861059318,24,24
286,0.0,daily,sharp,0.04439112177564487,2.717407348120821,-9.149941861059318,24,24
286,0.0,daily,weak,0.9926014797040592,0.013316335223192274,-9.149941861059318,24,24
286,0.0,daily,weak_skew,0.11857628474305139,3.2597627257001416,-9.149941861059318,24,24
286,0.0,two_day,alt,0.0001999600079984003,-11.52016536212784,-9.149941861059318,24,24
286,0.0,two_day,sharp,0.3375324935012997,-1.7721738188871246,-9.149941861059318,24,24
286,0.0,two_day,weak,0.9662067586482703,-0.11937986420181801,-9.149941861059318,24,24
286,0.0,two_day,weak_skew,0.5672865426914617,-1.7307887494341845,-9.149941861059318,24,24
286,0.0,four_day,alt,0.29638671875,-3.7935100579536445,-9.149941861059318,12,24
286,0.0,four_day,sharp,0.140625,3.1015467273365487,-9.149941861059318,12,24
286,0.0,four_day,weak,0.26416015625,4.244683668362611,-9.149941861059318,12,24
286,0.0,four_day,weak_skew,0.22998046875,3.8505301074456173,-9.149941861059318,12,24
287,0.0,daily,alt,0.006998600279944011,-5.848177411462271,-6.783199223447156,24,24
287,0.0,daily,sharp,0.9552089582083584,-0.09468531013752439,-6.783199223447156,24,24
287,0.0,daily,weak,0.4417116576684663,1.4314891829899874,-6.783199223447156,24,24
287,0.0,daily,weak_skew,0.9006198760247951,0.27688472459604146,-6.783199223447156,24,24
287,0.0,two_day,alt,0.07398520295940812,-5.912131285456005,-6.783199223447156,24,24
287,0.0,two_day,sharp,0.625874825034993,1.1810990610300556,-6.783199223447156,24,24
287,0.0,two_day,weak,0.7834433113377325,0.7465998387914432,-6.783199223447156,24,24
287,0.0,two_day,weak_skew,0.649870025994801,1.3052104595069605,-6.783199223447156,24,24
287,0.0,four_day,alt,0.13623046875,-6.079158549693562,-6.783199223447156,12,24
287,0.0,four_day,sharp,0.708984375,1.3315320449024313,-6.783199223447156,12,24
287,0.0,four_day,weak,0.42822265625,2.9375156017118296,-6.783199223447156,12,24
287,0.0,four_day,weak_skew,0.64404296875,2.247669887575649,-6.783199223447156,12,24
288,0.0,daily,alt,0.3171365726854629,-4.484076841122657,-6.9709739557828385,24,24
288,0.0,daily,sharp,0.5442911417716457,1.0537750489542825,-6.9709739557828385,24,24
288,0.0,daily,weak,0.4201159768046391,1.904381014705782,-6.9709739557828385,24,24
288,0.0,daily,weak_skew,0.43951209758048393,2.1822826657014134,-6.9709739557828385,24,24
288,0.0,two_day,alt,0.03179364127174565,-8.477532515394484,-6.9709739557828385,24,24
288,0.0,two_day,sharp,0.29634073185362925,-1.987281589987007,-6.9709739557828385,24,24
288,0.0,two_day,weak,0.3915216956608678,-2.049238687251531,-6.9709739557828385,24,24
288,0.0,two_day,weak_skew,0.9872025594881024,0.04585577889181843,-6.9709739557828385,24,24
288,0.0,four_day,alt,0.0927734375,-9.228593928009609,-6.9709739557828385,12,24
288,0.0,four_day,sharp,0.48046875,-2.5149750667181863,-6.9709739557828385,12,24
288,0.0,four_day,weak,0.74755859375,1.170184377515179,-6.9709739557828385,12,24
288,0.0,four_day,weak_skew,0.6962890625,-1.5287967089858192,-6.9709739557828385,12,24
289,0.0,daily,alt,0.0001999600079984003,-15.188081390667724,-12.37635850061335,24,24
289,0.0,daily,sharp,0.23215356928614278,-2.2485558083849453,-12.37635850061335,24,24
289,0.0,daily,weak,0.1187762447510498,-3.905852872940475,-12.37635850061335,24,24
289,0.0,daily,weak_skew,0.3021395720855829,-2.5685417195949944,-12.37635850061335,24,24
289,0.0,two_day,alt,0.0003999200159968006,-14.527135718096142,-12.37635850061335,24,24
289,0.0,two_day,sharp,0.3301339732053589,-2.0243881707923657,-12.37635850061335,24,24
289,0.0,two_day,weak,0.7030593881223756,-1.061991147173133,-12.37635850061335,24,24
289,0.0,two_day,weak_skew,0.4963007398520296,-1.7983017889016153,-12.37635850061335,24,24
289,0.0,four_day,alt,0.037109375,-9.658586365545505,-12.37635850061335,12,24
289,0.0,four_day,sharp,0.6484375,1.36406672999193,-12.37635850061335,12,24
289,0.0,four_day,weak,0.466796875,-3.7220357443845047,-12.37635850061335,12,24
289,0.0,four_day,weak_skew,0.89794921875,0.47182220225344906,-12.37635850061335,12,24
290,0.0,daily,alt,0.5364927014597081,-1.8806921705132493,-7.17042110616422,24,24
290,0.0,daily,sharp,0.14537092581483704,2.2763866755223483,-7.17042110616422,24,24
290,0.0,daily,weak,0.08238352329534093,3.1793128144919733,-7.17042110616422,24,24
290,0.0,daily,weak_skew,0.35552889422115574,1.7959388000561889,-7.17042110616422,24,24
290,0.0,two_day,alt,0.024795040991801638,-8.441703216668342,-7.17042110616422,24,24
290,0.0,two_day,sharp,0.4411117776444711,-1.7587307682727278,-7.17042110616422,24,24
290,0.0,two_day,weak,0.6762647470505899,-1.057838715001991,-7.17042110616422,24,24
290,0.0,two_day,weak_skew,0.36172765446910615,-2.8382672239220956,-7.17042110616422,24,24
290,0.0,four_day,alt,0.1748046875,-4.349871175151702,-7.17042110616422,12,24
290,0.0,four_day,sharp,0.90673828125,-0.24891203848230248,-7.17042110616422,12,24
290,0.0,four_day,weak,0.65380859375,-2.0175603068828623,-7.17042110616422,12,24
290,0.0,four_day,weak_skew,0.3046875,-2.728489805298068,-7.17042110616422,12,24
291,0.0,daily,alt,0.0001999600079984003,-12.12888385460927,-11.2799903980885,24,24
291,0.0,daily,sharp,0.4413117376524695,-1.3128244013346821,-11.2799903980885,24,24
291,0.0,daily,weak,0.8714257148570286,0.38628624567416586,-11.2799903980885,24,24
291,0.0,daily,weak_skew,0.5046990601879624,-1.4355972208762964,-11.2799903980885,24,24
291,0.0,two_day,alt,0.04499100179964007,-6.453538450205893,-11.2799903980885,24,24
291,0.0,two_day,sharp,0.09338132373525294,3.85473774032589,-11.2799903980885,24,24
291,0.0,two_day,weak,0.27834433113377327,3.6058450151427834,-11.2799903980885,24,24
291,0.0,two_day,weak_skew,0.27394521095780844,2.7541430302595606,-11.2799903980885,24,24
291,0.0,four_day,alt,0.021484375,-10.114950617357174,-11.2799903980885,12,24
291,0.0,four_day,sharp,0.94482421875,-0.20910386142253992,-11.2799903980885,12,24
291,0.0,four_day,weak,0.37255859375,-3.6133564369086653,-11.2799903980885,12,24
291,0.0,four_day,weak_skew,0.916015625,0.6453983813201573,-11.2799903980885,12,24
292,0.0,daily,alt,0.027194561087782444,-6.047101760693042,-8.063345343904793,24,24
292,0.0,daily,sharp,0.21435712857428516,2.250459201364599,-8.063345343904793,24,24
292,0.0,daily,weak,0.5310937812437513,1.4065856604821745,-8.063345343904793,24,24
292,0.0,daily,weak_skew,0.29114177164567084,2.1029733157193657,-8.063345343904793,24,24
292,0.0,two_day,alt,0.27894421115776846,-4.217473242531002,-8.063345343904793,24,24
292,0.0,two_day,sharp,0.3797240551889622,2.4252679525622707,-8.063345343904793,24,24
292,0.0,two_day,weak,0.39852029594081184,3.220664017818635,-8.063345343904793,24,24
292,0.0,two_day,weak_skew,0.6704659068186363,1.255483716428662,-8.063345343904793,24,24
292,0.0,four_day,alt,0.00537109375,-11.30550786215791,-8.063345343904793,12,24
292,0.0,four_day,sharp,0.40283203125,-2.271353730116699,-8.063345343904793,12,24
292,0.0,four_day,weak,0.076171875,-4.785746331168034,-8.063345343904793,12,24
292,0.0,four_day,weak_skew,0.46728515625,-3.3390219585751506,-8.063345343904793,12,24
293,0.0,daily,alt,0.011797640471905619,-7.6434757808577665,-9.12104009167156,24,24
293,0.0,daily,sharp,0.41211757648470304,1.8025503113477341,-9.12104009167156,24,24
293,0.0,daily,weak,0.871625674865027,-0.39452838612673496,-9.12104009167156,24,24
293,0.0,daily,weak_skew,0.6898620275944811,-0.994953830724076,-9.12104009167156,24,24
293,0.0,two_day,alt,0.0009998000399920016,-9.867341918189359,-9.12104009167156,24,24
293,0.0,two_day,sharp,0.4793041391721656,-1.202592294174634,-9.12104009167156,24,24
293,0.0,two_day,weak,0.5600879824035193,-1.5567721468499063,-9.12104009167156,24,24
293,0.0,two_day,weak_skew,0.9408118376324736,-0.18119324209749976,-9.12104009167156,24,24
293,0.0,four_day,alt,0.00830078125,-11.310413157240548,-9.12104009167156,12,24
293,0.0,four_day,sharp,0.69384765625,-1.3238196803589404,-9.12104009167156,12,24
293,0.0,four_day,weak,0.82373046875,1.1721805894631767,-9.12104009167156,12,24
293,0.0,four_day,weak_skew,0.203125,-4.881419520716157,-9.12104009167156,12,24
294,0.0,daily,alt,0.0001999600079984003,-10.180551436228185,-9.272240324540647,24,24
294,0.0,daily,sharp,0.46390721855628875,-0.6795344714119977,-9.272240324540647,24,24
294,0.0,daily,weak,0.1837632473505299,-2.9083101920415984,-9.272240324540647,24,24
294,0.0,daily,weak_skew,0.9504099180163967,-0.09432774099119239,-9.272240324540647,24,24
294,0.0,two_day,alt,0.001999600079984003,-7.713536809239012,-9.272240324540647,24,24
294,0.0,two_day,sharp,0.0683863227354529,2.302087302633196,-9.272240324540647,24,24
294,0.0,two_day,weak,0.0033993201359728054,6.12613983563065,-9.272240324540647,24,24
294,0.0,two_day,weak_skew,0.17596480703859227,4.068705390586232,-9.272240324540647,24,24
294,0.0,four_day,alt,0.0224609375,-7.243098261611187,-9.272240324540647,12,24
294,0.0,four_day,sharp,0.96728515625,-0.026760018484906684,-9.272240324540647,12,24
294,0.0,four_day,weak,0.03857421875,4.660083364940347,-9.272240324540647,12,24
294,0.0,four_day,weak_skew,0.27294921875,-2.852103470222415,-9.272240324540647,12,24
295,0.0,daily,alt,0.0011997600479904018,-9.366976396631339,-7.234471022533434,24,24
295,0.0,daily,sharp,0.7074585082983403,-0.4897699753606301,-7.234471022533434,24,24
295,0.0,daily,weak,0.8336332733453309,0.29437935099946727,-7.234471022533434,24,24
295,0.0,daily,weak_skew,0.642871425714857,-0.8583556899190606,-7.234471022533434,24,24
295,0.0,two_day,alt,0.08058388322335533,-6.200409974706301,-7.234471022533434,24,24
295,0.0,two_day,sharp,0.9768046390721855,0.046156471528602104,-7.234471022533434,24,24
295,0.0,two_day,weak,0.8942211557688462,0.33511204274201106,-7.234471022533434,24,24
295,0.0,two_day,weak_skew,0.3103379324135173,1.8084745217551024,-7.234471022533434,24,24
295,0.0,four_day,alt,0.50341796875,-3.133348859514117,-7.234471022533434,12,24
295,0.0,four_day,sharp,0.4931640625,1.6016494322582897,-7.234471022533434,12,24
295,0.0,four_day,weak,0.0703125,7.485764431224234,-7.234471022533434,12,24
295,0.0,four_day,weak_skew,0.54541015625,1.7163609276416285,-7.234471022533434,12,24
296,0.0,daily,alt,0.7378524295140971,1.300174882204591,-5.009560654866853,24,24
296,0.0,daily,sharp,0.0615876824635073,2.8762257627022834,-5.009560654866853,24,24
296,0.0,daily,weak,0.3089382123575285,2.4139728458401524,-5.009560654866853,24,24
296,0.0,daily,weak_skew,0.27834433113377327,2.2626213522304344,-5.009560654866853,24,24
296,0.0,two_day,alt,0.059988002399520096,-8.70014028592721,-5.009560654866853,24,24
296,0.0,two_day,sharp,0.3225354929014197,-2.8619733694026905,-5.009560654866853,24,24
296,0.0,two_day,weak,0.6284743051389722,1.6228227320810102,-5.009560654866853,24,24
296,0.0,two_day,weak_skew,0.17336532693461307,-4.168440186432845,-5.009560654866853,24,24
296,0.0,four_day,alt,0.4833984375,-3.865274569791751,-5.009560654866853,12,24
296,0.0,four_day,sharp,0.72900390625,1.1282122468242743,-5.009560654866853,12,24
296,0.0,four_day,weak,0.416015625,3.5354884503745776,-5.009560654866853,12,24
296,0.0,four_day,weak_skew,0.52001953125,3.253159662853696,-5.009560654866853,12,24
297,0.0,daily,alt,0.0001999600079984003,-8.18778903146053,-8.14897834208056,24,24
297,0.0,daily,sharp,0.48010397920415915,1.0114025141796166,-8.14897834208056,24,24
297,0.0,daily,weak,0.3677264547090582,-2.054122809544901,-8.14897834208056,24,24
297,0.0,daily,weak_skew,0.7288542291541692,0.608194079152983,-8.14897834208056,24,24
297,0.0,two_day,alt,0.07158568286342731,-4.677806852439781,-8.14897834208056,24,24
297,0.0,two_day,sharp,0.0643871225754849,4.44354118735911,-8.14897834208056,24,24
297,0.0,two_day,weak,0.005198960207958408,8.927768458899237,-8.14897834208056,24,24
297,0.0,two_day,weak_skew,0.038792241551689664,5.748600136511121,-8.14897834208056,24,24
297,0.0,four_day,alt,0.0751953125,-8.84528616608595,-8.14897834208056,12,24
297,0.0,four_day,sharp,0.70556640625,-1.1735946345439174,-8.14897834208056,12,24
297,0.0,four_day,weak,0.740234375,-1.1837769917717729,-8.14897834208056,12,24
297,0.0,four_day,weak_skew,0.59716796875,-1.8237758930953707,-8.14897834208056,12,24
298,0.0,daily,alt,0.005398920215956809,-6.841313209337109,-5.590362614778648,24,24
298,0.0,daily,sharp,0.11337732453509299,-1.7788409838392196,-5.590362614778648,24,24
298,0.0,daily,weak,0.5178964207158568,-1.3151497447687215,-5.590362614778648,24,24
298,0.0,daily,weak_skew,0.5088982203559288,-1.202520222973165,-5.590362614778648,24,24
298,0.0,two_day,alt,0.1837632473505299,-5.78746718391594,-5.590362614778648,24,24
298,0.0,two_day,sharp,0.35392921415716855,-1.5422493037901095,-5.590362614778648,24,24
298,0.0,two_day,weak,0.12297540491901619,-3.253826692622212,-5.590362614778648,24,24
298,0.0,two_day,weak_skew,0.14797040591881624,-3.1405437373256,-5.590362614778648,24,24
298,0.0,four_day,alt,0.87939453125,0.8379094611916281,-5.590362614778648,12,24
298,0.0,four_day,sharp,0.08251953125,4.360506309792382,-5.590362614778648,12,24
298,0.0,four_day,weak,0.00537109375,8.02086842373558,-5.590362614778648,12,24
298,0.0,four_day,weak_skew,0.115234375,6.616053208356477,-5.590362614778648,12,24
299,0.0,daily,alt,0.0001999600079984003,-9.672662718634472,-11.287177878195529,24,24
299,0.0,daily,sharp,0.6476704659068186,0.8383911679977366,-11.287177878195529,24,24
299,0.0,daily,weak,0.356128774245151,2.1009370455606873,-11.287177878195529,24,24
299,0.0,daily,weak_skew,0.5016996600679864,1.8943190284768947,-11.287177878195529,24,24
299,0.0,two_day,alt,0.0021995600879824036,-8.128689369630694,-11.287177878195529,24,24
299,0.0,two_day,sharp,0.17216556688662268,2.733526890135533,-11.287177878195529,24,24
299,0.0,two_day,weak,0.3863227354529094,2.0764558705713294,-11.287177878195529,24,24
299,0.0,two_day,weak_skew,0.4879024195160968,1.7221487642530422,-11.287177878195529,24,24
299,0.0,four_day,alt,0.02197265625,-10.278864955806066,-11.287177878195529,12,24
299,0.0,four_day,sharp,0.6611328125,1.5854904008369133,-11.287177878195529,12,24
299,0.0,four_day,weak,0.9765625,0.1589748897478754,-11.287177878195529,12,24
299,0.0,four_day,weak_skew,0.92236328125,-0.40109186519330703,-11.287177878195529,12,24
