rep,c,design,scenario,p,est,truth,n_units,weeks
0,0.5,daily,alt,0.0001999600079984003,-6.858307180967553,-9.389018778666319,24,24
0,0.5,daily,sharp,0.8448310337932413,-0.20116753516231553,-9.389018778666319,24,24
0,0.5,daily,weak,0.28994201159768046,-1.8865306467610992,-9.389018778666319,24,24
0,0.5,daily,weak_skew,0.7378524295140971,-0.5578325325756573,-9.389018778666319,24,24
0,0.5,two_day,alt,0.0003999200159968006,-8.677983721732515,-9.389018778666319,24,24
0,0.5,two_day,sharp,0.42351529694061185,1.3647489391391276,-9.389018778666319,24,24
0,0.5,two_day,weak,0.07758448310337933,3.8051279376552003,-9.389018778666319,24,24
0,0.5,two_day,weak_skew,0.13857228554289142,3.6016134343883563,-9.389018778666319,24,24
0,0.5,four_day,alt,0.0009765625,-13.057391273721871,-9.389018778666319,12,24
0,0.5,four_day,sharp,0.1533203125,-2.687690429720051,-9.389018778666319,12,24
0,0.5,four_day,weak,0.25341796875,-3.2863605614253455,-9.389018778666319,12,24
0,0.5,four_day,weak_skew,0.1171875,-4.1254900642323244,-9.389018778666319,12,24
1,0.5,daily,alt,0.003599280143971206,-6.579820085398544,-9.29250443465758,24,24
1,0.5,daily,sharp,0.6512697460507898,0.6023180809181987,-9.29250443465758,24,24
1,0.5,daily,weak,0.997000599880024,-0.009462286462045869,-9.29250443465758,24,24
1,0.5,daily,weak_skew,0.7816436712657469,-0.3569524622973459,-9.29250443465758,24,24
1,0.5,two_day,alt,0.04999000199960008,-5.834638275832913,-9.29250443465758,24,24
1,0.5,two_day,sharp,0.24055188962207558,2.4174310933010608,-9.29250443465758,24,24
1,0.5,two_day,weak,0.09318136372725455,4.076017495688859,-9.29250443465758,24,24
1,0.5,two_day,weak_skew,0.7426514697060588,0.803527555382014,-9.29250443465758,24,24
1,0.5,four_day,alt,0.06884765625,-6.199328336467201,-9.29250443465758,12,24
1,0.5,four_day,sharp,0.3271484375,2.6080881501010142,-9.29250443465758,12,24
1,0.5,four_day,weak,0.7880859375,0.952152271024179,-9.29250443465758,12,24
1,0.5,four_day,weak_skew,0.12744140625,3.312508598070973,-9.29250443465758,12,24
2,0.5,daily,alt,0.0001999600079984003,-7.378784191841102,-7.5937941196273755,24,24
2,0.5,daily,sharp,0.5830833833233353,-0.8026577792298376,-7.5937941196273755,24,24
2,0.5,daily,weak,0.13517296540691862,-2.1139311337077604,-7.5937941196273755,24,24
2,0.5,daily,weak_skew,0.7074585082983403,1.1711677975304733,-7.5937941196273755,24,24
2,0.5,two_day,alt,0.05418916216756649,-4.747508267083531,-7.5937941196273755,24,24
2,0.5,two_day,sharp,0.3945210957808438,1.3653668122254716,-7.5937941196273755,24,24
2,0.5,two_day,weak,0.39632073585282945,1.9300613678081022,-7.5937941196273755,24,24
2,0.5,two_day,weak_skew,0.886622675464907,-0.29685449348601384,-7.5937941196273755,24,24
2,0.5,four_day,alt,0.0078125,-9.797588492621008,-7.5937941196273755,12,24
2,0.5,four_day,sharp,0.27197265625,-2.526410272405748,-7.5937941196273755,12,24
2,0.5,four_day,weak,0.03466796875,-7.563923506726314,-7.5937941196273755,12,24
2,0.5,four_day,weak_skew,0.66650390625,-1.5279076593367005,-7.5937941196273755,12,24
3,0.5,daily,alt,0.9834033193361328,-0.1535471135984284,-5.540184623700867,24,24
3,0.5,daily,sharp,0.9630073985202959,-0.0718385035967201,-5.540184623700867,24,24
3,0.5,daily,weak,0.5862827434513097,-1.1064376674510303,-5.540184623700867,24,24
3,0.5,daily,weak_skew,0.6394721055788842,0.8176794567203025,-5.540184623700867,24,24
3,0.5,two_day,alt,0.019396120775844832,-7.819842116918643,-5.540184623700867,24,24
3,0.5,two_day,sharp,0.46090781843631273,-1.7550983687134358,-5.540184623700867,24,24
3,0.5,two_day,weak,0.4439112177564487,-2.2953571295460673,-5.540184623700867,24,24
3,0.5,two_day,weak_skew,0.8552289542091581,-0.7520742894587654,-5.540184623700867,24,24
3,0.5,four_day,alt,0.009765625,-10.473799655230875,-5.540184623700867,12,24
3,0.5,four_day,sharp,0.5966796875,-1.0631632822046093,-5.540184623700867,12,24
3,0.5,four_day,weak,0.69677734375,0.7765433065459142,-5.540184623700867,12,24
3,0.5,four_day,weak_skew,0.607421875,-1.6528166480086515,-5.540184623700867,12,24
4,0.5,daily,alt,0.0001999600079984003,-9.800377753995223,-10.626604772848971,24,24
4,0.5,daily,sharp,0.5950809838032394,-0.6486170581850255,-10.626604772848971,24,24
4,0.5,daily,weak,0.6774645070985803,-0.7045457426551058,-10.626604772848971,24,24
4,0.5,daily,weak_skew,0.21875624875024996,-2.0655106414279634,-10.626604772848971,24,24
4,0.5,two_day,alt,0.0001999600079984003,-14.400688033806496,-10.626604772848971,24,24
4,0.5,two_day,sharp,0.11717656468706258,-3.172620349911536,-10.626604772848971,24,24
4,0.5,two_day,weak,0.2891421715656869,-2.9222055912202425,-10.626604772848971,24,24
4,0.5,two_day,weak_skew,0.03559288142371526,-5.7717353658807085,-10.626604772848971,24,24
4,0.5,four_day,alt,0.08740234375,-8.017332347663514,-10.626604772848971,12,24
4,0.5,four_day,sharp,0.7314453125,0.9015374817995928,-10.626604772848971,12,24
4,0.5,four_day,weak,0.916015625,-0.42081478811376155,-10.626604772848971,12,24
4,0.5,four_day,weak_skew,0.658203125,-1.4515415268710121,-10.626604772848971,12,24
5,0.5,daily,alt,0.0013997200559888023,-5.923429321868187,-9.630951405752228,24,24
5,0.5,daily,sharp,0.45450909818036395,0.9291986892201946,-9.630951405752228,24,24
5,0.5,daily,weak,0.6082783443311338,0.8187977992023541,-9.630951405752228,24,24
5,0.5,daily,weak_skew,0.5662867426514697,-1.040731196819814,-9.630951405752228,24,24
5,0.5,two_day,alt,0.17796440711857628,-4.119552412975189,-9.630951405752228,24,24
5,0.5,two_day,sharp,0.046990601879624075,4.822246768637684,-9.630951405752228,24,24
5,0.5,two_day,weak,0.020995800839832032,6.55254652575535,-9.630951405752228,24,24
5,0.5,two_day,weak_skew,0.33733253349330133,2.630138851419006,-9.630951405752228,24,24
5,0.5,four_day,alt,0.09765625,-7.600445534720186,-9.630951405752228,12,24
5,0.5,four_day,sharp,0.91162109375,0.5019731754354512,-9.630951405752228,12,24
5,0.5,four_day,weak,0.86328125,-0.6173853910213433,-9.630951405752228,12,24
5,0.5,four_day,weak_skew,0.4404296875,4.158232446170634,-9.630951405752228,12,24
6,0.5,daily,alt,0.0001999600079984003,-11.619395761339108,-9.944861469453421,24,24
6,0.5,daily,sharp,0.015396920615876825,-2.909868668621994,-9.944861469453421,24,24
6,0.5,daily,weak,0.09518096380723855,-2.4892980014795496,-9.944861469453421,24,24
6,0.5,daily,weak_skew,0.020795840831833633,-4.272518226699993,-9.944861469453421,24,24
6,0.5,two_day,alt,0.0009998000399920016,-8.947907179034438,-9.944861469453421,24,24
6,0.5,two_day,sharp,0.9992001599680064,-0.0015797727822075558,-9.944861469453421,24,24
6,0.5,two_day,weak,0.7396520695860828,-0.8423408573982192,-9.944861469453421,24,24
6,0.5,two_day,weak_skew,0.5068986202759448,-1.6839910568929748,-9.944861469453421,24,24
6,0.5,four_day,alt,0.00341796875,-9.470435181666197,-9.944861469453421,12,24
6,0.5,four_day,sharp,0.8271484375,-0.3376323053590446,-9.944861469453421,12,24
6,0.5,four_day,weak,0.30908203125,-2.628499990252294,-9.944861469453421,12,24
6,0.5,four_day,weak_skew,0.23583984375,3.902418785452154,-9.944861469453421,12,24
7,0.5,daily,alt,0.08918216356728655,-4.456262799463155,-7.427631466412528,24,24
7,0.5,daily,sharp,0.9274145170965807,-0.09263602094708794,-7.427631466412528,24,24
7,0.5,daily,weak,0.7308538292341532,0.7106744331397316,-7.427631466412528,24,24
7,0.5,daily,weak_skew,0.06758648270345931,-2.3460521494933517,-7.427631466412528,24,24
7,0.5,two_day,alt,0.007598480303939212,-7.778687368179763,-7.427631466412528,24,24
7,0.5,two_day,sharp,0.9814037192561488,0.03855104597849213,-7.427631466412528,24,24
7,0.5,two_day,weak,0.8336332733453309,0.5412335773788598,-7.427631466412528,24,24
7,0.5,two_day,weak_skew,0.6352729454109178,-1.1375531019642127,-7.427631466412528,24,24
7,0.5,four_day,alt,0.55810546875,-1.7087167494950417,-7.427631466412528,12,24
7,0.5,four_day,sharp,0.0595703125,3.4873082228611274,-7.427631466412528,12,24
7,0.5,four_day,weak,0.70361328125,1.204371178987761,-7.427631466412528,12,24
7,0.5,four_day,weak_skew,0.48779296875,1.2470597534624612,-7.427631466412528,12,24
8,0.5,daily,alt,0.0003999200159968006,-8.284764353234765,-10.396511168340439,24,24
8,0.5,daily,sharp,0.6324735052989402,0.7077769476480423,-10.396511168340439,24,24
8,0.5,daily,weak,0.7014597080583883,1.0023315007484268,-10.396511168340439,24,24
8,0.5,daily,weak_skew,0.75124975004999,0.6559102977887766,-10.396511168340439,24,24
8,0.5,two_day,alt,0.009198160367926415,-7.300516513782277,-10.396511168340439,24,24
8,0.5,two_day,sharp,0.3877224555088982,1.718135528713085,-10.396511168340439,24,24
8,0.5,two_day,weak,0.20995800839832032,3.2876261017083386,-10.396511168340439,24,24
8,0.5,two_day,weak_skew,0.70625874825035,1.054327574050273,-10.396511168340439,24,24
8,0.5,four_day,alt,0.00048828125,-11.681446186727484,-10.396511168340439,12,24
8,0.5,four_day,sharp,0.60498046875,-1.3005112727717616,-10.396511168340439,12,24
8,0.5,four_day,weak,0.7783203125,-0.6211401094496724,-10.396511168340439,12,24
8,0.5,four_day,weak_skew,0.2548828125,-3.4024856891505197,-10.396511168340439,12,24
9,0.5,daily,alt,0.007798440311937612,-5.773225954356193,-5.3983986509632444,24,24
9,0.5,daily,sharp,0.3909218156368726,1.4629571421985552,-5.3983986509632444,24,24
9,0.5,daily,weak,0.129374125174965,3.555584527205483,-5.3983986509632444,24,24
9,0.5,daily,weak_skew,0.2483503299340132,2.5858694096411265,-5.3983986509632444,24,24
9,0.5,two_day,alt,0.16836632673465307,-4.638985244780547,-5.3983986509632444,24,24
9,0.5,two_day,sharp,0.8328334333133374,0.5233275033822847,-5.3983986509632444,24,24
9,0.5,two_day,weak,0.7236552689462108,1.2078638607491705,-5.3983986509632444,24,24
9,0.5,two_day,weak_skew,0.9598080383923215,0.15603772545711525,-5.3983986509632444,24,24
9,0.5,four_day,alt,0.00146484375,-10.191684559600494,-5.3983986509632444,12,24
9,0.5,four_day,sharp,0.24658203125,-2.2047793643384357,-5.3983986509632444,12,24
9,0.5,four_day,weak,0.83447265625,0.7071490370470469,-5.3983986509632444,12,24
9,0.5,four_day,weak_skew,0.0048828125,-6.278284637884616,-5.3983986509632444,12,24
10,0.5,daily,alt,0.0001999600079984003,-8.43511154422403,-8.42919552304479,24,24
10,0.5,daily,sharp,0.33713257348530296,-1.1814346380335579,-8.42919552304479,24,24
10,0.5,daily,weak,0.5556888622275545,-1.1408505589730336,-8.42919552304479,24,24
10,0.5,daily,weak_skew,0.009798040391921616,-3.7328671434894036,-8.42919552304479,24,24
10,0.5,two_day,alt,0.0007998400319936012,-7.0527192322922785,-8.42919552304479,24,24
10,0.5,two_day,sharp,0.6722655468906219,0.7299553141369604,-8.42919552304479,24,24
10,0.5,two_day,weak,0.7318536292741452,0.9556082957420126,-8.42919552304479,24,24
10,0.5,two_day,weak_skew,0.1841631673665267,-2.845696413918611,-8.42919552304479,24,24
10,0.5,four_day,alt,0.06396484375,-7.543871240813295,-8.42919552304479,12,24
10,0.5,four_day,sharp,0.95751953125,0.13367736450340809,-8.42919552304479,12,24
10,0.5,four_day,weak,0.63525390625,1.5194634656917863,-8.42919552304479,12,24
10,0.5,four_day,weak_skew,0.94189453125,-0.2208070927944187,-8.42919552304479,12,24
11,0.5,daily,alt,0.04379124175164967,-6.158095357551537,-7.032237604739592,24,24
11,0.5,daily,sharp,0.9516096780643871,0.11902868709723524,-7.032237604739592,24,24
11,0.5,daily,weak,0.7658468306338733,0.7428666031781619,-7.032237604739592,24,24
11,0.5,daily,weak_skew,0.6872625474905019,1.0407959049280302,-7.032237604739592,24,24
11,0.5,two_day,alt,0.028194361127774445,-8.258256595094506,-7.032237604739592,24,24
11,0.5,two_day,sharp,0.8692261547690462,-0.48906256687335975,-7.032237604739592,24,24
11,0.5,two_day,weak,0.748250349930014,1.3249869319305372,-7.032237604739592,24,24
11,0.5,two_day,weak_skew,0.509498100379924,-2.2701109593456352,-7.032237604739592,24,24
11,0.5,four_day,alt,0.01513671875,-10.338925039209851,-7.032237604739592,12,24
11,0.5,four_day,sharp,0.2236328125,-3.675328369221862,-7.032237604739592,12,24
11,0.5,four_day,weak,0.2783203125,-3.830610322903709,-7.032237604739592,12,24
11,0.5,four_day,weak_skew,0.4013671875,-4.43378916093656,-7.032237604739592,12,24
12,0.5,daily,alt,0.009398120375924815,-6.636183452430157,-11.785981133899568,24,24
12,0.5,daily,sharp,0.009398120375924815,4.38170922857261,-11.785981133899568,24,24
12,0.5,daily,weak,0.016996600679864027,5.436113504661804,-11.785981133899568,24,24
12,0.5,daily,weak_skew,0.01219756048790242,5.070417585360533,-11.785981133899568,24,24
12,0.5,two_day,alt,0.0015996800639872025,-11.71240377352884,-11.785981133899568,24,24
12,0.5,two_day,sharp,0.729254149170166,0.8686169100209596,-11.785981133899568,24,24
12,0.5,two_day,weak,0.8042391521695661,-0.8503118495152231,-11.785981133899568,24,24
12,0.5,two_day,weak_skew,0.8954209158168366,0.38680840879050926,-11.785981133899568,24,24
12,0.5,four_day,alt,0.1591796875,-8.966023417783068,-11.785981133899568,12,24
12,0.5,four_day,sharp,0.73876953125,-1.1156152303765463,-11.785981133899568,12,24
12,0.5,four_day,weak,0.85009765625,-0.9540951544900972,-11.785981133899568,12,24
12,0.5,four_day,weak_skew,0.87890625,-0.6526512622385526,-11.785981133899568,12,24
13,0.5,daily,alt,0.006798640271945611,-9.135968750466352,-6.462968175622166,24,24
13,0.5,daily,sharp,0.38392321535692864,-2.4957466728413373,-6.462968175622166,24,24
13,0.5,daily,weak,0.21435712857428516,-3.21182387829936,-6.462968175622166,24,24
13,0.5,daily,weak_skew,0.6852629474105179,-1.245118729626088,-6.462968175622166,24,24
13,0.5,two_day,alt,0.506498700259948,-2.517924134011851,-6.462968175622166,24,24
13,0.5,two_day,sharp,0.2819436112777445,2.9225287414739944,-6.462968175622166,24,24
13,0.5,two_day,weak,0.9312137572485503,0.2805167507646704,-6.462968175622166,24,24
13,0.5,two_day,weak_skew,0.4225154969006199,2.4397196209378453,-6.462968175622166,24,24
13,0.5,four_day,alt,0.7978515625,1.4054349448865213,-6.462968175622166,12,24
13,0.5,four_day,sharp,0.07763671875,4.465351529855904,-6.462968175622166,12,24
13,0.5,four_day,weak,0.5087890625,2.6276005752622975,-6.462968175622166,12,24
13,0.5,four_day,weak_skew,0.19921875,4.177606242055418,-6.462968175622166,12,24
14,0.5,daily,alt,0.0005998800239952009,-7.077803407232973,-6.657901238335725,24,24
14,0.5,daily,sharp,0.3317336532693461,-1.685604813055417,-6.657901238335725,24,24
14,0.5,daily,weak,0.368126374725055,-1.713185598017189,-6.657901238335725,24,24
14,0.5,daily,weak_skew,0.45550889822035595,-1.6490030778243707,-6.657901238335725,24,24
14,0.5,two_day,alt,0.0023995200959808036,-7.010743524555437,-6.657901238335725,24,24
14,0.5,two_day,sharp,0.7426514697060588,-0.49512667340170563,-6.657901238335725,24,24
14,0.5,two_day,weak,0.4959008198360328,-1.3712211656811464,-6.657901238335725,24,24
14,0.5,two_day,weak_skew,0.23215356928614278,-2.265492954845669,-6.657901238335725,24,24
14,0.5,four_day,alt,0.04150390625,-5.552744071510799,-6.657901238335725,12,24
14,0.5,four_day,sharp,0.4892578125,1.2662885067454883,-6.657901238335725,12,24
14,0.5,four_day,weak,0.39306640625,1.9097992603130656,-6.657901238335725,12,24
14,0.5,four_day,weak_skew,0.8115234375,-0.4023408323995354,-6.657901238335725,12,24
15,0.5,daily,alt,0.009598080383923215,-6.2918528811088175,-7.931247030102568,24,24
15,0.5,daily,sharp,0.7828434313137372,-0.5563695797463181,-7.931247030102568,24,24
15,0.5,daily,weak,0.5342931413717257,-1.3164632375542926,-7.931247030102568,24,24
15,0.5,daily,weak_skew,0.9824035192961408,0.05241260250066393,-7.931247030102568,24,24
15,0.5,two_day,alt,0.007598480303939212,-8.616997968020298,-7.931247030102568,24,24
15,0.5,two_day,sharp,0.5992801439712058,-1.2133741376946372,-7.931247030102568,24,24
15,0.5,two_day,weak,0.553489302139572,-1.8092399591115245,-7.931247030102568,24,24
15,0.5,two_day,weak_skew,0.33773245350929815,-2.389025545653491,-7.931247030102568,24,24
15,0.5,four_day,alt,0.17041015625,-4.18416674308811,-7.931247030102568,12,24
15,0.5,four_day,sharp,0.47802734375,1.4801623490750753,-7.931247030102568,12,24
15,0.5,four_day,weak,0.306640625,3.6767004603179245,-7.931247030102568,12,24
15,0.5,four_day,weak_skew,0.365234375,3.4896817033826557,-7.931247030102568,12,24
16,0.5,daily,alt,0.0001999600079984003,-6.734269128588409,-8.709899574015793,24,24
16,0.5,daily,sharp,0.6558688262347531,-0.3096818501556964,-8.709899574015793,24,24
16,0.5,daily,weak,0.6872625474905019,-0.6337266709704071,-8.709899574015793,24,24
16,0.5,daily,weak_skew,0.5876824635072986,0.9825951587022184,-8.709899574015793,24,24
16,0.5,two_day,alt,0.0001999600079984003,-10.550458742696007,-8.709899574015793,24,24
16,0.5,two_day,sharp,0.23035392921415718,-1.6585457154496395,-8.709899574015793,24,24
16,0.5,two_day,weak,0.43951209758048393,-2.0488021865889148,-8.709899574015793,24,24
16,0.5,two_day,weak_skew,0.022195560887822437,-4.352752900877632,-8.709899574015793,24,24
16,0.5,four_day,alt,0.001953125,-8.940798066381412,-8.709899574015793,12,24
16,0.5,four_day,sharp,0.86181640625,-0.25814657967892823,-8.709899574015793,12,24
16,0.5,four_day,weak,0.49072265625,1.8112083382520965,-8.709899574015793,12,24
16,0.5,four_day,weak_skew,0.31494140625,-2.4333855390359975,-8.709899574015793,12,24
17,0.5,daily,alt,0.5262947410517896,-2.184237762833163,-4.442703929648289,24,24
17,0.5,daily,sharp,0.9662067586482703,0.11135379395067287,-4.442703929648289,24,24
17,0.5,daily,weak,0.7224555088982204,1.0974116172577502,-4.442703929648289,24,24
17,0.5,daily,weak_skew,0.5162967406518696,-1.7293924273437824,-4.442703929648289,24,24
17,0.5,two_day,alt,0.09938012397520496,-4.977521629851143,-4.442703929648289,24,24
17,0.5,two_day,sharp,0.6522695460907818,1.353023425884227,-4.442703929648289,24,24
17,0.5,two_day,weak,0.5350929814037193,2.3628123591318326,-4.442703929648289,24,24
17,0.5,two_day,weak_skew,0.562887422515497,-1.632489457123495,-4.442703929648289,24,24
17,0.5,four_day,alt,0.0654296875,-8.522435194534063,-4.442703929648289,12,24
17,0.5,four_day,sharp,0.3173828125,-3.6097970241459385,-4.442703929648289,12,24
17,0.5,four_day,weak,0.56396484375,-2.885063351185329,-4.442703929648289,12,24
17,0.5,four_day,weak_skew,0.5146484375,-2.650143345258646,-4.442703929648289,12,24
18,0.5,daily,alt,0.0005998800239952009,-7.44034000934295,-6.9999378629294,24,24
18,0.5,daily,sharp,0.5576884623075385,-0.8589263527444903,-6.9999378629294,24,24
18,0.5,daily,weak,0.46530693861227757,-1.5574354537270334,-6.9999378629294,24,24
18,0.5,daily,weak_skew,0.7004599080183963,-0.7073404806800024,-6.9999378629294,24,24
18,0.5,two_day,alt,0.2679464107178564,-3.344045622661129,-6.9999378629294,24,24
18,0.5,two_day,sharp,0.27194561087782443,1.938423714443606,-6.9999378629294,24,24
18,0.5,two_day,weak,0.6686662667466506,-1.1462190709853681,-6.9999378629294,24,24
18,0.5,two_day,weak_skew,0.07738452309538092,4.6101842334755005,-6.9999378629294,24,24
18,0.5,four_day,alt,0.02734375,-8.673050523261125,-6.9999378629294,12,24
18,0.5,four_day,sharp,0.361328125,-2.1619960414011525,-6.9999378629294,12,24
18,0.5,four_day,weak,0.19091796875,-4.828208079472792,-6.9999378629294,12,24
18,0.5,four_day,weak_skew,0.1435546875,-4.982576920103431,-6.9999378629294,12,24
19,0.5,daily,alt,0.0021995600879824036,-6.435791043176177,-9.14423970583605,24,24
19,0.5,daily,sharp,0.9304139172165566,0.0685307620590579,-9.14423970583605,24,24
19,0.5,daily,weak,0.9716056788642271,-0.05496921724796048,-9.14423970583605,24,24
19,0.5,daily,weak_skew,0.4351129774045191,1.2071393368926,-9.14423970583605,24,24
19,0.5,two_day,alt,0.0005998800239952009,-10.8512676146306,-9.14423970583605,24,24
19,0.5,two_day,sharp,0.27814437112577484,-1.2411128041099042,-9.14423970583605,24,24
19,0.5,two_day,weak,0.6286742651469706,-0.991056313543201,-9.14423970583605,24,24
19,0.5,two_day,weak_skew,0.8282343531293741,-0.47217961352992405,-9.14423970583605,24,24
19,0.5,four_day,alt,0.0166015625,-6.999657601623253,-9.14423970583605,12,24
19,0.5,four_day,sharp,0.58984375,0.7556073521192191,-9.14423970583605,12,24
19,0.5,four_day,weak,0.07470703125,6.477841597586198,-9.14423970583605,12,24
19,0.5,four_day,weak_skew,0.7138671875,1.481558778811646,-9.14423970583605,12,24
20,0.5,daily,alt,0.0635872825434913,-5.634792149937325,-9.555117367336365,24,24
20,0.5,daily,sharp,0.27234553089382124,2.173281877044271,-9.555117367336365,24,24
20,0.5,daily,weak,0.2965406918616277,2.228212101004365,-9.555117367336365,24,24
20,0.5,daily,weak_skew,0.6654669066186762,1.7481834405565992,-9.555117367336365,24,24
20,0.5,two_day,alt,0.07518496300739852,-7.682857157963244,-9.555117367336365,24,24
20,0.5,two_day,sharp,0.15916816636672665,-3.320302293478297,-9.555117367336365,24,24
20,0.5,two_day,weak,0.052789442111577684,-5.841655163616612,-9.555117367336365,24,24
20,0.5,two_day,weak_skew,0.33673265346930614,-2.776174130264694,-9.555117367336365,24,24
20,0.5,four_day,alt,0.10498046875,-7.356755912703946,-9.555117367336365,12,24
20,0.5,four_day,sharp,0.9443359375,-0.15701149213752844,-9.555117367336365,12,24
20,0.5,four_day,weak,0.98779296875,0.05898205025873201,-9.555117367336365,12,24
20,0.5,four_day,weak_skew,0.68896484375,-1.415414813282812,-9.555117367336365,12,24
21,0.5,daily,alt,0.0003999200159968006,-6.257556088985328,-6.247078842300354,24,24
21,0.5,daily,sharp,0.4261147770445911,-1.0782069765458695,-6.247078842300354,24,24
21,0.5,daily,weak,0.2621475704859028,-2.232085325813623,-6.247078842300354,24,24
21,0.5,daily,weak_skew,0.15896820635872824,-2.460093513144778,-6.247078842300354,24,24
21,0.5,two_day,alt,0.9482103579284143,-0.2674961597620615,-6.247078842300354,24,24
21,0.5,two_day,sharp,0.033393321335732855,4.323837238678091,-6.247078842300354,24,24
21,0.5,two_day,weak,0.011797640471905619,6.660700801907024,-6.247078842300354,24,24
21,0.5,two_day,weak_skew,0.16156768646270747,5.884512194059354,-6.247078842300354,24,24
21,0.5,four_day,alt,0.01025390625,-9.063273887857074,-6.247078842300354,12,24
21,0.5,four_day,sharp,0.42529296875,-1.8978644571434835,-6.247078842300354,12,24
21,0.5,four_day,weak,0.6572265625,-1.0929815597089079,-6.247078842300354,12,24
21,0.5,four_day,weak_skew,0.21533203125,-4.150648641418143,-6.247078842300354,12,24
22,0.5,daily,alt,0.0023995200959808036,-5.327625430323066,-6.963282409963163,24,24
22,0.5,daily,sharp,0.6532693461307738,-0.5439468263988108,-6.963282409963163,24,24
22,0.5,daily,weak,0.8718256348730254,0.31486135499336115,-6.963282409963163,24,24
22,0.5,daily,weak_skew,0.625874825034993,-0.7416117403320456,-6.963282409963163,24,24
22,0.5,two_day,alt,0.01739652069586083,-7.628434131435012,-6.963282409963163,24,24
22,0.5,two_day,sharp,0.3001399720055989,-2.0161245482996697,-6.963282409963163,24,24
22,0.5,two_day,weak,0.7526494701059788,-0.7883987425125628,-6.963282409963163,24,24
22,0.5,two_day,weak_skew,0.9876024795040992,-0.04983828230190065,-6.963282409963163,24,24
22,0.5,four_day,alt,0.017578125,-10.00679599642139,-6.963282409963163,12,24
22,0.5,four_day,sharp,0.47265625,-2.4183923853731826,-6.963282409963163,12,24
22,0.5,four_day,weak,0.0869140625,-6.888928427780637,-6.963282409963163,12,24
22,0.5,four_day,weak_skew,0.515625,-3.5580773779233676,-6.963282409963163,12,24
23,0.5,daily,alt,0.07018596280743851,-5.047336036034509,-6.776190486444349,24,24
23,0.5,daily,sharp,0.668866226754649,-0.8341015788510967,-6.776190486444349,24,24
23,0.5,daily,weak,0.3889222155568886,-1.9018330243453876,-6.776190486444349,24,24
23,0.5,daily,weak_skew,0.6926614677064588,-1.0109636211234694,-6.776190486444349,24,24
23,0.5,two_day,alt,0.8698260347930414,0.6439744655625518,-6.776190486444349,24,24
23,0.5,two_day,sharp,0.08998200359928014,4.455920263128679,-6.776190486444349,24,24
23,0.5,two_day,weak,0.033193361327734455,7.26228995021214,-6.776190486444349,24,24
23,0.5,two_day,weak_skew,0.35432913417316536,2.9453366625509982,-6.776190486444349,24,24
23,0.5,four_day,alt,0.001953125,-15.66468647153306,-6.776190486444349,12,24
23,0.5,four_day,sharp,0.0205078125,-7.689102448535208,-6.776190486444349,12,24
23,0.5,four_day,weak,0.078125,-6.508683317849907,-6.776190486444349,12,24
23,0.5,four_day,weak_skew,0.8818359375,0.7507533633677846,-6.776190486444349,12,24
24,0.5,daily,alt,0.0001999600079984003,-8.68652628120928,-7.658105951400167,24,24
24,0.5,daily,sharp,0.3021395720855829,-1.467221661570947,-7.658105951400167,24,24
24,0.5,daily,weak,0.5980803839232154,-1.2018402103455674,-7.658105951400167,24,24
24,0.5,daily,weak_skew,0.9860027994401119,-0.04059956986213731,-7.658105951400167,24,24
24,0.5,two_day,alt,0.0619876024795041,-4.176585543034671,-7.658105951400167,24,24
24,0.5,two_day,sharp,0.08378324335132974,2.924878377439633,-7.658105951400167,24,24
24,0.5,two_day,weak,0.7144571085782844,0.874927447751995,-7.658105951400167,24,24
24,0.5,two_day,weak_skew,0.7044591081783643,0.8542022477275127,-7.658105951400167,24,24
24,0.5,four_day,alt,0.00244140625,-8.71723560226547,-7.658105951400167,12,24
24,0.5,four_day,sharp,0.89453125,0.21150789664948277,-7.658105951400167,12,24
24,0.5,four_day,weak,0.89794921875,0.3867221269513135,-7.658105951400167,12,24
24,0.5,four_day,weak_skew,0.27880859375,-2.8662260968025115,-7.658105951400167,12,24
25,0.5,daily,alt,0.033593281343731254,-6.495201828447759,-6.411729794749441,24,24
25,0.5,daily,sharp,0.3895220955808838,-2.1454757505873117,-6.411729794749441,24,24
25,0.5,daily,weak,0.8338332333533294,-0.5736915875310361,-6.411729794749441,24,24
25,0.5,daily,weak_skew,0.1881623675264947,-3.0314768964514194,-6.411729794749441,24,24
25,0.5,two_day,alt,0.052389522095580884,-7.018625446256334,-6.411729794749441,24,24
25,0.5,two_day,sharp,0.9668066386722656,-0.12646079589644335,-6.411729794749441,24,24
25,0.5,two_day,weak,0.7846430713857229,0.9477192969135121,-6.411729794749441,24,24
25,0.5,two_day,weak_skew,0.7874425114977005,0.9864356514393835,-6.411729794749441,24,24
25,0.5,four_day,alt,0.0078125,-10.438504080004563,-6.411729794749441,12,24
25,0.5,four_day,sharp,0.35546875,-2.123902150379536,-6.411729794749441,12,24
25,0.5,four_day,weak,0.92919921875,0.33029302445344716,-6.411729794749441,12,24
25,0.5,four_day,weak_skew,0.02978515625,-5.365148887481915,-6.411729794749441,12,24
26,0.5,daily,alt,0.0007998400319936012,-7.550166036728148,-9.075901183669131,24,24
26,0.5,daily,sharp,0.40611877624475107,-1.4004117228195112,-9.075901183669131,24,24
26,0.5,daily,weak,0.17556488702259548,-3.091934094838482,-9.075901183669131,24,24
26,0.5,daily,weak_skew,0.1275744851029794,-2.939226285742462,-9.075901183669131,24,24
26,0.5,two_day,alt,0.01219756048790242,-7.51355557745909,-9.075901183669131,24,24
26,0.5,two_day,sharp,0.7486502699460108,0.6791015582180657,-9.075901183669131,24,24
26,0.5,two_day,weak,0.9808038392321535,-0.06965737212408829,-9.075901183669131,24,24
26,0.5,two_day,weak_skew,0.885622875424915,-0.4012218679850464,-9.075901183669131,24,24
26,0.5,four_day,alt,0.0068359375,-11.435024879573229,-9.075901183669131,12,24
26,0.5,four_day,sharp,0.39892578125,-2.4233680222930025,-9.075901183669131,12,24
26,0.5,four_day,weak,0.3623046875,3.0272726112261914,-9.075901183669131,12,24
26,0.5,four_day,weak_skew,0.58642578125,2.235157371149233,-9.075901183669131,12,24
27,0.5,daily,alt,0.00599880023995201,-4.559113418226488,-7.836137596984216,24,24
27,0.5,daily,sharp,0.5880823835232953,0.5534624700630223,-7.836137596984216,24,24
27,0.5,daily,weak,0.9546090781843631,0.09197030224234896,-7.836137596984216,24,24
27,0.5,daily,weak_skew,0.7226554689062188,-0.5311977631305806,-7.836137596984216,24,24
27,0.5,two_day,alt,0.002599480103979204,-7.199415696999228,-7.836137596984216,24,24
27,0.5,two_day,sharp,0.8332333533293341,0.31309216761182085,-7.836137596984216,24,24
27,0.5,two_day,weak,0.396120775844831,-2.3176462757960863,-7.836137596984216,24,24
27,0.5,two_day,weak_skew,0.49610077984403117,-1.3625485977962768,-7.836137596984216,24,24
27,0.5,four_day,alt,0.00390625,-9.149301527585225,-7.836137596984216,12,24
27,0.5,four_day,sharp,0.87548828125,-0.3283961403069308,-7.836137596984216,12,24
27,0.5,four_day,weak,0.87158203125,0.5265654122084028,-7.836137596984216,12,24
27,0.5,four_day,weak_skew,0.748046875,-1.4216530607627416,-7.836137596984216,12,24
28,0.5,daily,alt,0.0001999600079984003,-7.501502539519972,-8.610967434002617,24,24
28,0.5,daily,sharp,0.29114177164567084,-0.9845303773465455,-8.610967434002617,24,24
28,0.5,daily,weak,0.8410317936412718,-0.378922795940535,-8.610967434002617,24,24
28,0.5,daily,weak_skew,0.15016996600679863,-2.008531491146588,-8.610967434002617,24,24
28,0.5,two_day,alt,0.0001999600079984003,-9.51128991515924,-8.610967434002617,24,24
28,0.5,two_day,sharp,0.7374525094981004,-0.5824948189490673,-8.610967434002617,24,24
28,0.5,two_day,weak,0.09258148370325935,-4.714518329378101,-8.610967434002617,24,24
28,0.5,two_day,weak_skew,0.5792841431713657,-1.2159585495576986,-8.610967434002617,24,24
28,0.5,four_day,alt,0.0712890625,-6.719708310922235,-8.610967434002617,12,24
28,0.5,four_day,sharp,0.734375,0.8964152763497086,-8.610967434002617,12,24
28,0.5,four_day,weak,0.08740234375,5.19909541648807,-8.610967434002617,12,24
28,0.5,four_day,weak_skew,0.8759765625,0.60951280782434,-8.610967434002617,12,24
29,0.5,daily,alt,0.16836632673465307,-3.795892042897457,-2.212763663248168,24,24
29,0.5,daily,sharp,0.7030593881223756,-0.8512249750703861,-2.212763663248168,24,24
29,0.5,daily,weak,0.6072785442911418,-1.4206655436708298,-2.212763663248168,24,24
29,0.5,daily,weak_skew,0.8966206758648271,-0.27754215067848964,-2.212763663248168,24,24
29,0.5,two_day,alt,0.33353329334133175,-2.963127165507874,-2.212763663248168,24,24
29,0.5,two_day,sharp,0.8750249950009998,0.4292295159795545,-2.212763663248168,24,24
29,0.5,two_day,weak,0.9866026794641072,0.06073331755612769,-2.212763663248168,24,24
29,0.5,two_day,weak_skew,0.6310737852429514,1.9696953430566921,-2.212763663248168,24,24
29,0.5,four_day,alt,0.95458984375,-0.23504329252003528,-2.212763663248168,12,24
29,0.5,four_day,sharp,0.4580078125,2.5298514748264522,-2.212763663248168,12,24
29,0.5,four_day,weak,0.7734375,1.0338964635418393,-2.212763663248168,12,24
29,0.5,four_day,weak_skew,0.56689453125,2.797028191529828,-2.212763663248168,12,24
30,0.5,daily,alt,0.0001999600079984003,-12.383262351659594,-10.132329525911189,24,24
30,0.5,daily,sharp,0.4295140971805639,-1.55213225950608,-10.132329525911189,24,24
30,0.5,daily,weak,0.8330333933213357,-0.5020214145908479,-10.132329525911189,24,24
30,0.5,daily,weak_skew,0.30193961207758446,-2.4341125036805287,-10.132329525911189,24,24
30,0.5,two_day,alt,0.0001999600079984003,-9.802352288789699,-10.132329525911189,24,24
30,0.5,two_day,sharp,0.5640871825634873,1.6698294001283747,-10.132329525911189,24,24
30,0.5,two_day,weak,0.6190761847630474,-1.679770812493716,-10.132329525911189,24,24
30,0.5,two_day,weak_skew,0.4003199360127974,2.898959283412727,-10.132329525911189,24,24
30,0.5,four_day,alt,0.03564453125,-8.584562819346031,-10.132329525911189,12,24
30,0.5,four_day,sharp,0.93505859375,0.26161885266853585,-10.132329525911189,12,24
30,0.5,four_day,weak,0.1015625,-4.718448640438839,-10.132329525911189,12,24
30,0.5,four_day,weak_skew,0.4619140625,2.061879424643864,-10.132329525911189,12,24
31,0.5,daily,alt,0.0001999600079984003,-9.211278226371826,-7.008734197853059,24,24
31,0.5,daily,sharp,0.21015796840631873,-1.5525322543787725,-7.008734197853059,24,24
31,0.5,daily,weak,0.5226954609078185,-1.296249095062529,-7.008734197853059,24,24
31,0.5,daily,weak_skew,0.5876824635072986,1.1382425277685055,-7.008734197853059,24,24
31,0.5,two_day,alt,0.03419316136772645,-7.482270940098563,-7.008734197853059,24,24
31,0.5,two_day,sharp,0.22275544891021795,-2.156439813946968,-7.008734197853059,24,24
31,0.5,two_day,weak,0.16216756648670266,-3.27767702384464,-7.008734197853059,24,24
31,0.5,two_day,weak_skew,0.3065386922615477,-2.0675516243699046,-7.008734197853059,24,24
31,0.5,four_day,alt,0.01513671875,-9.202539581366382,-7.008734197853059,12,24
31,0.5,four_day,sharp,0.87451171875,0.3821346208467471,-7.008734197853059,12,24
31,0.5,four_day,weak,0.2119140625,4.064308034303678,-7.008734197853059,12,24
31,0.5,four_day,weak_skew,0.6123046875,1.3797232194921563,-7.008734197853059,12,24
32,0.5,daily,alt,0.001999600079984003,-5.774644560691519,-7.57353160975898,24,24
32,0.5,daily,sharp,0.6596680663867227,-0.605532437023799,-7.57353160975898,24,24
32,0.5,daily,weak,0.8148370325934813,-0.47464070185131124,-7.57353160975898,24,24
32,0.5,daily,weak_skew,0.5662867426514697,-1.0370383815012936,-7.57353160975898,24,24
32,0.5,two_day,alt,0.0027994401119776045,-7.369591709508632,-7.57353160975898,24,24
32,0.5,two_day,sharp,0.8050389922015597,-0.3898609935111323,-7.57353160975898,24,24
32,0.5,two_day,weak,0.7396520695860828,-0.9963813860589484,-7.57353160975898,24,24
32,0.5,two_day,weak_skew,0.9558088382323535,0.09463866389053166,-7.57353160975898,24,24
32,0.5,four_day,alt,0.00244140625,-9.774162046428682,-7.57353160975898,12,24
32,0.5,four_day,sharp,0.4921875,-1.2770422676643634,-7.57353160975898,12,24
32,0.5,four_day,weak,0.857421875,-0.5705921564482287,-7.57353160975898,12,24
32,0.5,four_day,weak_skew,0.81494140625,0.8455830033618437,-7.57353160975898,12,24
33,0.5,daily,alt,0.013997200559888023,-5.17410926988958,-7.6256775031841,24,24
33,0.5,daily,sharp,0.16516696660667868,2.168320850759374,-7.6256775031841,24,24
33,0.5,daily,weak,0.10877824435112977,3.513468038253373,-7.6256775031841,24,24
33,0.5,daily,weak_skew,0.44831033793241354,1.5936171466819415,-7.6256775031841,24,24
33,0.5,two_day,alt,0.01279744051189762,-7.641071150241539,-7.6256775031841,24,24
33,0.5,two_day,sharp,0.6222755448910218,-0.9398188511656619,-7.6256775031841,24,24
33,0.5,two_day,weak,0.9714057188562287,-0.09257389214047389,-7.6256775031841,24,24
33,0.5,two_day,weak_skew,0.38752249550089984,-2.148695578277964,-7.6256775031841,24,24
33,0.5,four_day,alt,0.35498046875,-3.0835335414458114,-7.6256775031841,12,24
33,0.5,four_day,sharp,0.52392578125,1.5858222418135537,-7.6256775031841,12,24
33,0.5,four_day,weak,0.8095703125,0.6703692546941351,-7.6256775031841,12,24
33,0.5,four_day,weak_skew,0.9853515625,-0.08714372626595572,-7.6256775031841,12,24
34,0.5,daily,alt,0.0001999600079984003,-8.11443785061533,-9.926882307135834,24,24
34,0.5,daily,sharp,0.3889222155568886,-0.7193711027804085,-9.926882307135834,24,24
34,0.5,daily,weak,0.05898820235952809,-3.1069818713110156,-9.926882307135834,24,24
34,0.5,daily,weak_skew,0.09538092381523695,-1.9216701262132114,-9.926882307135834,24,24
34,0.5,two_day,alt,0.0001999600079984003,-11.608605010999232,-9.926882307135834,24,24
34,0.5,two_day,sharp,0.5930813837232554,-0.8607829743260652,-9.926882307135834,24,24
34,0.5,two_day,weak,0.8270345930813837,-0.5917200378579578,-9.926882307135834,24,24
34,0.5,two_day,weak_skew,0.27034593081383723,-2.7587334608413596,-9.926882307135834,24,24
34,0.5,four_day,alt,0.01171875,-7.710097996431716,-9.926882307135834,12,24
34,0.5,four_day,sharp,0.2216796875,1.3728959253580477,-9.926882307135834,12,24
34,0.5,four_day,weak,0.19580078125,3.0428908838922992,-9.926882307135834,12,24
34,0.5,four_day,weak_skew,0.37890625,2.629933474797545,-9.926882307135834,12,24
35,0.5,daily,alt,0.13357328534293142,-4.329226439193818,-8.34501056164892,24,24
35,0.5,daily,sharp,0.34273145370925817,1.6270085480807908,-8.34501056164892,24,24
35,0.5,daily,weak,0.23075384923015396,2.51587897582924,-8.34501056164892,24,24
35,0.5,daily,weak_skew,0.5248950209958009,1.1242458260960593,-8.34501056164892,24,24
35,0.5,two_day,alt,0.0065986802639472104,-6.902787855931052,-8.34501056164892,24,24
35,0.5,two_day,sharp,0.4543091381723655,2.327635992597355,-8.34501056164892,24,24
35,0.5,two_day,weak,0.5674865026994601,2.1257029662296647,-8.34501056164892,24,24
35,0.5,two_day,weak_skew,0.9898020395920816,-0.028817165593975364,-8.34501056164892,24,24
35,0.5,four_day,alt,0.14306640625,-4.5550791520545015,-8.34501056164892,12,24
35,0.5,four_day,sharp,0.11474609375,3.4240607766220155,-8.34501056164892,12,24
35,0.5,four_day,weak,0.7470703125,1.1654810680678025,-8.34501056164892,12,24
35,0.5,four_day,weak_skew,0.54541015625,-1.5245661461604343,-8.34501056164892,12,24
36,0.5,daily,alt,0.05038992201559688,-5.638806513540573,-8.85276795891155,24,24
36,0.5,daily,sharp,0.7080583883223356,0.4441380647506768,-8.85276795891155,24,24
36,0.5,daily,weak,0.4303139372125575,-1.3577540593776252,-8.85276795891155,24,24
36,0.5,daily,weak_skew,0.9996000799840032,-0.002167044080170951,-8.85276795891155,24,24
36,0.5,two_day,alt,0.01859628074385123,-7.619930581338644,-8.85276795891155,24,24
36,0.5,two_day,sharp,0.77124575084983,0.5671163062117822,-8.85276795891155,24,24
36,0.5,two_day,weak,0.9788042391521695,-0.07202056495151006,-8.85276795891155,24,24
36,0.5,two_day,weak_skew,0.7150569886022795,0.8363281377466887,-8.85276795891155,24,24
36,0.5,four_day,alt,0.0009765625,-11.950859018751402,-8.85276795891155,12,24
36,0.5,four_day,sharp,0.23828125,-2.258053538993169,-8.85276795891155,12,24
36,0.5,four_day,weak,0.31005859375,2.9187557953105556,-8.85276795891155,12,24
36,0.5,four_day,weak_skew,0.22802734375,-3.033177243902056,-8.85276795891155,12,24
37,0.5,daily,alt,0.0001999600079984003,-8.928964054309352,-9.440970633050519,24,24
37,0.5,daily,sharp,0.7986402719456108,0.2526936773516167,-9.440970633050519,24,24
37,0.5,daily,weak,0.2539492101579684,1.6431155837496343,-9.440970633050519,24,24
37,0.5,daily,weak_skew,0.8026394721055788,0.5253406496547331,-9.440970633050519,24,24
37,0.5,two_day,alt,0.3945210957808438,-3.389873898631604,-9.440970633050519,24,24
37,0.5,two_day,sharp,0.29474105178964205,2.79740914822308,-9.440970633050519,24,24
37,0.5,two_day,weak,0.6852629474105179,1.7348925242687605,-9.440970633050519,24,24
37,0.5,two_day,weak_skew,0.22335532893421317,4.388473063219101,-9.440970633050519,24,24
37,0.5,four_day,alt,0.001953125,-13.104960476280572,-9.440970633050519,12,24
37,0.5,four_day,sharp,0.12255859375,-3.853389836878972,-9.440970633050519,12,24
37,0.5,four_day,weak,0.068359375,-6.465787084488389,-9.440970633050519,12,24
37,0.5,four_day,weak_skew,0.052734375,-6.128026944231326,-9.440970633050519,12,24
38,0.5,daily,alt,0.2601479704059188,-1.8556169166328518,-6.144133525916892,24,24
38,0.5,daily,sharp,0.04019196160767846,2.0777488819100145,-6.144133525916892,24,24
38,0.5,daily,weak,0.11737652469506099,2.823644662615516,-6.144133525916892,24,24
38,0.5,daily,weak_skew,0.03239352129574085,3.063952219809305,-6.144133525916892,24,24
38,0.5,two_day,alt,0.357128574285143,-2.597427566673901,-6.144133525916892,24,24
38,0.5,two_day,sharp,0.3775244951009798,1.5036326125873825,-6.144133525916892,24,24
38,0.5,two_day,weak,0.3737252549490102,1.9731254709530797,-6.144133525916892,24,24
38,0.5,two_day,weak_skew,0.22515496900619877,3.8873154902427487,-6.144133525916892,24,24
38,0.5,four_day,alt,0.52099609375,-1.814492864318776,-6.144133525916892,12,24
38,0.5,four_day,sharp,0.0400390625,3.224756230661995,-6.144133525916892,12,24
38,0.5,four_day,weak,0.88427734375,-0.4419160751451591,-6.144133525916892,12,24
38,0.5,four_day,weak_skew,0.05810546875,4.277029579378712,-6.144133525916892,12,24
39,0.5,daily,alt,0.0003999200159968006,-6.442887816314301,-7.2669957460530625,24,24
39,0.5,daily,sharp,0.46450709858028394,-0.549671142477254,-7.2669957460530625,24,24
39,0.5,daily,weak,0.6984603079384123,0.6087948964425994,-7.2669957460530625,24,24
39,0.5,daily,weak_skew,0.25774845030993804,-1.336113153601369,-7.2669957460530625,24,24
39,0.5,two_day,alt,0.001799640071985603,-8.380653511059272,-7.2669957460530625,24,24
39,0.5,two_day,sharp,0.882623475304939,-0.30590907888488567,-7.2669957460530625,24,24
39,0.5,two_day,weak,0.5714857028594281,-1.4511425375720892,-7.2669957460530625,24,24
39,0.5,two_day,weak_skew,0.4425114977004599,-2.301281644699666,-7.2669957460530625,24,24
39,0.5,four_day,alt,0.0029296875,-9.437136217825719,-7.2669957460530625,12,24
39,0.5,four_day,sharp,0.21435546875,-3.1283823222377998,-7.2669957460530625,12,24
39,0.5,four_day,weak,0.75,-1.0375218123039023,-7.2669957460530625,12,24
39,0.5,four_day,weak_skew,0.04052734375,-6.780084425039523,-7.2669957460530625,12,24
40,0.5,daily,alt,0.0003999200159968006,-7.926505109585783,-7.9693277753755325,24,24
40,0.5,daily,sharp,0.39652069586082783,-1.1435192911186267,-7.9693277753755325,24,24
40,0.5,daily,weak,0.5258948210357929,-1.235210324946651,-7.9693277753755325,24,24
40,0.5,daily,weak_skew,0.28314337132573486,-1.686693277448523,-7.9693277753755325,24,24
40,0.5,two_day,alt,0.0021995600879824036,-10.288770293964284,-7.9693277753755325,24,24
40,0.5,two_day,sharp,0.27914417116576684,-2.3248495025883007,-7.9693277753755325,24,24
40,0.5,two_day,weak,0.04879024195160968,-5.351276128491906,-7.9693277753755325,24,24
40,0.5,two_day,weak_skew,0.5688862227554489,1.9699502931253299,-7.9693277753755325,24,24
40,0.5,four_day,alt,0.60986328125,-2.3194252297556717,-7.9693277753755325,12,24
40,0.5,four_day,sharp,0.24853515625,3.06141635085779,-7.9693277753755325,12,24
40,0.5,four_day,weak,0.974609375,0.08899740817708353,-7.9693277753755325,12,24
40,0.5,four_day,weak_skew,0.15576171875,5.860184560195488,-7.9693277753755325,12,24
41,0.5,daily,alt,0.0013997200559888023,-8.04189926619479,-7.928726922070396,24,24
41,0.5,daily,sharp,0.3697260547890422,-1.4728136442637376,-7.928726922070396,24,24
41,0.5,daily,weak,0.27374525094981006,-2.298677675546083,-7.928726922070396,24,24
41,0.5,daily,weak_skew,0.05398920215956809,-3.7979093413025886,-7.928726922070396,24,24
41,0.5,two_day,alt,0.021595680863827234,-7.228964385886591,-7.928726922070396,24,24
41,0.5,two_day,sharp,0.8344331133773245,-0.45907710396638873,-7.928726922070396,24,24
41,0.5,two_day,weak,0.9646070785842832,-0.13690397675439048,-7.928726922070396,24,24
41,0.5,two_day,weak_skew,0.757248550289942,-0.6557363532712627,-7.928726922070396,24,24
41,0.5,four_day,alt,0.0166015625,-9.209519519647225,-7.928726922070396,12,24
41,0.5,four_day,sharp,0.57666015625,-1.5387600086423945,-7.928726922070396,12,24
41,0.5,four_day,weak,0.0361328125,-9.49363125553271,-7.928726922070396,12,24
41,0.5,four_day,weak_skew,0.025390625,-6.41968413925468,-7.928726922070396,12,24
42,0.5,daily,alt,0.0001999600079984003,-10.082189691429527,-8.831873556949937,24,24
42,0.5,daily,sharp,0.39432113577284544,-1.3791291556372967,-8.831873556949937,24,24
42,0.5,daily,weak,0.1749650069986003,-2.6549048633380488,-8.831873556949937,24,24
42,0.5,daily,weak_skew,0.48930213957208557,-1.3595627297373687,-8.831873556949937,24,24
42,0.5,two_day,alt,0.22495500899820037,-4.043241943289982,-8.831873556949937,24,24
42,0.5,two_day,sharp,0.16136772645470907,3.2655981328974506,-8.831873556949937,24,24
42,0.5,two_day,weak,0.9866026794641072,-0.04177103335011504,-8.831873556949937,24,24
42,0.5,two_day,weak_skew,0.1841631673665267,3.9423113806122014,-8.831873556949937,24,24
42,0.5,four_day,alt,0.10986328125,-6.8699722349829315,-8.831873556949937,12,24
42,0.5,four_day,sharp,0.69091796875,1.09872953817578,-8.831873556949937,12,24
42,0.5,four_day,weak,0.7294921875,-0.9261636049501222,-8.831873556949937,12,24
42,0.5,four_day,weak_skew,0.49853515625,1.7979546670450859,-8.831873556949937,12,24
43,0.5,daily,alt,0.05038992201559688,-4.122094625009944,-6.946107997884276,24,24
43,0.5,daily,sharp,0.7668466306738653,0.39412950836589583,-6.946107997884276,24,24
43,0.5,daily,weak,0.1231753649270146,3.178006677624533,-6.946107997884276,24,24
43,0.5,daily,weak_skew,0.4477104579084183,1.847392876026617,-6.946107997884276,24,24
43,0.5,two_day,alt,0.011197760447910418,-7.339099201664077,-6.946107997884276,24,24
43,0.5,two_day,sharp,0.8028394321135773,-0.4411011471984647,-6.946107997884276,24,24
43,0.5,two_day,weak,0.6112777444511098,1.6217482152953184,-6.946107997884276,24,24
43,0.5,two_day,weak_skew,0.9052189562087583,-0.3576467410231385,-6.946107997884276,24,24
43,0.5,four_day,alt,0.45458984375,-1.930332428300091,-6.946107997884276,12,24
43,0.5,four_day,sharp,0.05029296875,3.869760818951144,-6.946107997884276,12,24
43,0.5,four_day,weak,0.029296875,4.713571303139284,-6.946107997884276,12,24
43,0.5,four_day,weak_skew,0.1201171875,5.983746619299562,-6.946107997884276,12,24
44,0.5,daily,alt,0.250749850029994,-2.0991527747671577,-5.8562573767072195,24,24
44,0.5,daily,sharp,0.9274145170965807,0.10181281817929684,-5.8562573767072195,24,24
44,0.5,daily,weak,0.4445110977804439,-1.4376430065236008,-5.8562573767072195,24,24
44,0.5,daily,weak_skew,0.5672865426914617,0.9438582884607273,-5.8562573767072195,24,24
44,0.5,two_day,alt,0.01759648070385923,-5.8591444377344075,-5.8562573767072195,24,24
44,0.5,two_day,sharp,0.36012797440511896,-1.2218955351807572,-5.8562573767072195,24,24
44,0.5,two_day,weak,0.9986002799440112,0.00441403564140419,-5.8562573767072195,24,24
44,0.5,two_day,weak_skew,0.14957008598280344,-2.3598076338179133,-5.8562573767072195,24,24
44,0.5,four_day,alt,0.0537109375,-7.322498414476724,-5.8562573767072195,12,24
44,0.5,four_day,sharp,0.25244140625,-2.8451001947346497,-5.8562573767072195,12,24
44,0.5,four_day,weak,0.6845703125,1.445638677819898,-5.8562573767072195,12,24
44,0.5,four_day,weak_skew,0.1796875,-4.689645638443825,-5.8562573767072195,12,24
45,0.5,daily,alt,0.0001999600079984003,-9.842614586016945,-9.16765267632033,24,24
45,0.5,daily,sharp,0.42811437712457506,-1.1000826119695943,-9.16765267632033,24,24
45,0.5,daily,weak,0.33993201359728054,-2.0458749735437216,-9.16765267632033,24,24
45,0.5,daily,weak_skew,0.8104379124175165,-0.40170831697829534,-9.16765267632033,24,24
45,0.5,two_day,alt,0.002599480103979204,-10.368857577169448,-9.16765267632033,24,24
45,0.5,two_day,sharp,0.39832033593281346,-2.0484639677265943,-9.16765267632033,24,24
45,0.5,two_day,weak,0.6924615076984603,-1.2181247408474432,-9.16765267632033,24,24
45,0.5,two_day,weak_skew,0.35532893421315737,-2.6755103839875054,-9.16765267632033,24,24
45,0.5,four_day,alt,0.01318359375,-10.825523300240603,-9.16765267632033,12,24
45,0.5,four_day,sharp,0.5498046875,-1.412791102718242,-9.16765267632033,12,24
45,0.5,four_day,weak,0.794921875,-1.062385196751638,-9.16765267632033,12,24
45,0.5,four_day,weak_skew,0.708984375,-1.2493255006764,-9.16765267632033,12,24
46,0.5,daily,alt,0.0011997600479904018,-7.095427583065335,-5.87218209508228,24,24
46,0.5,daily,sharp,0.2615476904619076,-1.513684322958628,-5.87218209508228,24,24
46,0.5,daily,weak,0.26654669066186765,-2.0989277927906453,-5.87218209508228,24,24
46,0.5,daily,weak_skew,0.1249750049990002,-3.0114702800822877,-5.87218209508228,24,24
46,0.5,two_day,alt,0.03099380123975205,-7.4541137975715195,-5.87218209508228,24,24
46,0.5,two_day,sharp,0.7960407918416317,-0.81932430967325,-5.87218209508228,24,24
46,0.5,two_day,weak,0.9852029594081184,-0.08479673812922843,-5.87218209508228,24,24
46,0.5,two_day,weak_skew,0.5226954609078185,-2.1562792712050727,-5.87218209508228,24,24
46,0.5,four_day,alt,0.009765625,-8.14841781953608,-5.87218209508228,12,24
46,0.5,four_day,sharp,0.59619140625,-1.4473264714573766,-5.87218209508228,12,24
46,0.5,four_day,weak,0.33251953125,-4.611148589790115,-5.87218209508228,12,24
46,0.5,four_day,weak_skew,0.373046875,-3.403484467696168,-5.87218209508228,12,24
47,0.5,daily,alt,0.0003999200159968006,-7.045853396782633,-8.240408667107168,24,24
47,0.5,daily,sharp,0.7758448310337932,-0.3013925929825154,-8.240408667107168,24,24
47,0.5,daily,weak,0.7476504699060188,0.4190820599457978,-8.240408667107168,24,24
47,0.5,daily,weak_skew,0.8792241551689662,0.2882292641388074,-8.240408667107168,24,24
47,0.5,two_day,alt,0.057388522295540895,-4.8230353198470866,-8.240408667107168,24,24
47,0.5,two_day,sharp,0.09258148370325935,2.810195513712019,-8.240408667107168,24,24
47,0.5,two_day,weak,0.6048790241951609,1.524983725891085,-8.240408667107168,24,24
47,0.5,two_day,weak_skew,0.17036592681463708,3.183922079163978,-8.240408667107168,24,24
47,0.5,four_day,alt,0.12060546875,-5.75357380457913,-8.240408667107168,12,24
47,0.5,four_day,sharp,0.5712890625,1.1452780597638779,-8.240408667107168,12,24
47,0.5,four_day,weak,0.5,-1.8106491399462967,-8.240408667107168,12,24
47,0.5,four_day,weak_skew,0.67919921875,1.2657228245858523,-8.240408667107168,12,24
48,0.5,daily,alt,0.049590081983603276,-3.260015120150523,-7.0295012344409145,24,24
48,0.5,daily,sharp,0.09298140371925614,2.2808589528980936,-7.0295012344409145,24,24
48,0.5,daily,weak,0.593881223755249,1.071531772326517,-7.0295012344409145,24,24
48,0.5,daily,weak_skew,0.06858628274345131,4.040842236704542,-7.0295012344409145,24,24
48,0.5,two_day,alt,0.04859028194361128,-4.81541948481535,-7.0295012344409145,24,24
48,0.5,two_day,sharp,0.6276744651069786,0.9853546973198904,-7.0295012344409145,24,24
48,0.5,two_day,weak,0.597880423915217,1.5044833272742686,-7.0295012344409145,24,24
48,0.5,two_day,weak_skew,0.3125374925014997,1.4879978998915326,-7.0295012344409145,24,24
48,0.5,four_day,alt,0.2626953125,-3.138118181399942,-7.0295012344409145,12,24
48,0.5,four_day,sharp,0.47900390625,1.6035506615887833,-7.0295012344409145,12,24
48,0.5,four_day,weak,0.32861328125,1.7898545581838718,-7.0295012344409145,12,24
48,0.5,four_day,weak_skew,0.5341796875,3.2364657950042237,-7.0295012344409145,12,24
49,0.5,daily,alt,0.09758048390321936,-4.103690222428901,-6.590614637423066,24,24
49,0.5,daily,sharp,0.8904219156168767,-0.22932215062105557,-6.590614637423066,24,24
49,0.5,daily,weak,0.8532293541291741,-0.34980254730095783,-6.590614637423066,24,24
49,0.5,daily,weak_skew,0.8450309938012398,0.4300434517887588,-6.590614637423066,24,24
49,0.5,two_day,alt,0.002999400119976005,-6.406427066409581,-6.590614637423066,24,24
49,0.5,two_day,sharp,0.9164167166566687,0.16333276745803627,-6.590614637423066,24,24
49,0.5,two_day,weak,0.47990401919616077,1.683123893009714,-6.590614637423066,24,24
49,0.5,two_day,weak_skew,0.6880623875224955,0.8190565106368481,-6.590614637423066,24,24
49,0.5,four_day,alt,0.14208984375,-5.09205006430093,-6.590614637423066,12,24
49,0.5,four_day,sharp,0.875,-0.3416743715502341,-6.590614637423066,12,24
49,0.5,four_day,weak,0.81005859375,1.0476825037754456,-6.590614637423066,12,24
49,0.5,four_day,weak_skew,0.42626953125,3.110007241952591,-6.590614637423066,12,24
50,0.5,daily,alt,0.704259148170366,-0.9274062996484996,-8.602917673403226,24,24
50,0.5,daily,sharp,0.03959208158368326,4.3495642306673235,-8.602917673403226,24,24
50,0.5,daily,weak,0.14937012597480503,3.373572627016925,-8.602917673403226,24,24
50,0.5,daily,weak_skew,0.008398320335932814,5.50888432510268,-8.602917673403226,24,24
50,0.5,two_day,alt,0.04439112177564487,-7.257326813880702,-8.602917673403226,24,24
50,0.5,two_day,sharp,0.7958408318336333,-0.7015697650396492,-8.602917673403226,24,24
50,0.5,two_day,weak,0.9204159168166367,-0.3500452888128687,-8.602917673403226,24,24
50,0.5,two_day,weak_skew,0.5732853429314138,-1.9613616597088146,-8.602917673403226,24,24
50,0.5,four_day,alt,0.05126953125,-9.191180986745573,-8.602917673403226,12,24
50,0.5,four_day,sharp,0.8544921875,-0.5884102909542724,-8.602917673403226,12,24
50,0.5,four_day,weak,0.26708984375,3.4666025111291403,-8.602917673403226,12,24
50,0.5,four_day,weak_skew,0.77197265625,1.4085793646061884,-8.602917673403226,12,24
51,0.5,daily,alt,0.9824035192961408,-0.07831478673895702,-4.12970932617246,24,24
51,0.5,daily,sharp,0.14137172565486902,1.75653674729668,-4.12970932617246,24,24
51,0.5,daily,weak,0.9314137172565486,-0.13124831484444766,-4.12970932617246,24,24
51,0.5,daily,weak_skew,0.02959408118376325,4.041394692281405,-4.12970932617246,24,24
51,0.5,two_day,alt,0.9468106378724255,-0.21949941522159447,-4.12970932617246,24,24
51,0.5,two_day,sharp,0.23615276944611077,2.2288156518579307,-4.12970932617246,24,24
51,0.5,two_day,weak,0.11137772445510898,5.4373743880762575,-4.12970932617246,24,24
51,0.5,two_day,weak_skew,0.23875224955008997,3.2803221618085323,-4.12970932617246,24,24
51,0.5,four_day,alt,0.36376953125,-2.3444764498581248,-4.12970932617246,12,24
51,0.5,four_day,sharp,0.50439453125,1.4755306155437253,-4.12970932617246,12,24
51,0.5,four_day,weak,0.77099609375,1.083495348630673,-4.12970932617246,12,24
51,0.5,four_day,weak_skew,0.4921875,2.2700156867251238,-4.12970932617246,12,24
52,0.5,daily,alt,0.0001999600079984003,-11.96491964640378,-8.819155150813927,24,24
52,0.5,daily,sharp,0.08838232353529295,-2.7725172122468993,-8.819155150813927,24,24
52,0.5,daily,weak,0.13937212557488501,-3.3166232040529593,-8.819155150813927,24,24
52,0.5,daily,weak_skew,0.6982603479304139,-1.0559493086079133,-8.819155150813927,24,24
52,0.5,two_day,alt,0.003999200159968006,-10.520575719752323,-8.819155150813927,24,24
52,0.5,two_day,sharp,0.9022195560887822,-0.3169473396050228,-8.819155150813927,24,24
52,0.5,two_day,weak,0.5822835432913417,-1.8446768448828443,-8.819155150813927,24,24
52,0.5,two_day,weak_skew,0.5396920615876825,-1.8267955331236594,-8.819155150813927,24,24
52,0.5,four_day,alt,0.03564453125,-9.2636435756287,-8.819155150813927,12,24
52,0.5,four_day,sharp,0.6484375,-1.1280233956818169,-8.819155150813927,12,24
52,0.5,four_day,weak,0.74658203125,1.0395706728739864,-8.819155150813927,12,24
52,0.5,four_day,weak_skew,0.69091796875,-1.329259978207622,-8.819155150813927,12,24
53,0.5,daily,alt,0.0001999600079984003,-9.965695680667164,-8.74165511833393,24,24
53,0.5,daily,sharp,0.19356128774245152,-2.2234614113076354,-8.74165511833393,24,24
53,0.5,daily,weak,0.09678064387122576,-3.286976861435893,-8.74165511833393,24,24
53,0.5,daily,weak_skew,0.16496700659868027,-3.1822161012545656,-8.74165511833393,24,24
53,0.5,two_day,alt,0.01779644071185763,-8.295086488482832,-8.74165511833393,24,24
53,0.5,two_day,sharp,0.9992001599680064,-0.0014941963629053017,-8.74165511833393,24,24
53,0.5,two_day,weak,0.8028394321135773,-0.664118308905055,-8.74165511833393,24,24
53,0.5,two_day,weak_skew,0.787242551489702,-0.8565833047912209,-8.74165511833393,24,24
53,0.5,four_day,alt,0.03759765625,-7.142117032230292,-8.74165511833393,12,24
53,0.5,four_day,sharp,0.7490234375,0.6199066636911859,-8.74165511833393,12,24
53,0.5,four_day,weak,0.44482421875,-2.1663766900849697,-8.74165511833393,12,24
53,0.5,four_day,weak_skew,0.642578125,1.319708222414033,-8.74165511833393,12,24
54,0.5,daily,alt,0.2573485302939412,-2.5507861102243052,-6.076627735525847,24,24
54,0.5,daily,sharp,0.28434313137372524,1.7183168834873588,-6.076627735525847,24,24
54,0.5,daily,weak,0.7962407518496301,0.4666390996596584,-6.076627735525847,24,24
54,0.5,daily,weak_skew,0.996000799840032,0.00698132339929014,-6.076627735525847,24,24
54,0.5,two_day,alt,0.04999000199960008,-5.017961652264667,-6.076627735525847,24,24
54,0.5,two_day,sharp,0.9772045590881824,0.048439925997504275,-6.076627735525847,24,24
54,0.5,two_day,weak,0.9236152769446111,0.2130017185485169,-6.076627735525847,24,24
54,0.5,two_day,weak_skew,0.4065186962607478,-1.7153919810593912,-6.076627735525847,24,24
54,0.5,four_day,alt,0.013671875,-8.515606941276056,-6.076627735525847,12,24
54,0.5,four_day,sharp,0.884765625,-0.38875351745563097,-6.076627735525847,12,24
54,0.5,four_day,weak,0.46630859375,-2.4261910018278523,-6.076627735525847,12,24
54,0.5,four_day,weak_skew,0.5361328125,-2.0738176468755065,-6.076627735525847,12,24
55,0.5,daily,alt,0.0001999600079984003,-7.644653642189546,-9.49569628203706,24,24
55,0.5,daily,sharp,0.4355128974205159,0.8618452193226837,-9.49569628203706,24,24
55,0.5,daily,weak,0.762247550489902,-0.49258470618781924,-9.49569628203706,24,24
55,0.5,daily,weak_skew,0.27714457108578283,1.4770905615451622,-9.49569628203706,24,24
55,0.5,two_day,alt,0.0005998800239952009,-9.225600995733886,-9.49569628203706,24,24
55,0.5,two_day,sharp,0.8214357128574286,0.3717183000561759,-9.49569628203706,24,24
55,0.5,two_day,weak,0.596880623875225,1.4905389551769082,-9.49569628203706,24,24
55,0.5,two_day,weak_skew,0.7850429914017196,0.6442836711811273,-9.49569628203706,24,24
55,0.5,four_day,alt,0.00048828125,-12.875070939596554,-9.49569628203706,12,24
55,0.5,four_day,sharp,0.24169921875,-2.4902381938255664,-9.49569628203706,12,24
55,0.5,four_day,weak,0.5751953125,-1.860376785405035,-9.49569628203706,12,24
55,0.5,four_day,weak_skew,0.16552734375,-4.818386174671398,-9.49569628203706,12,24
56,0.5,daily,alt,0.004799040191961607,-5.753406406066574,-6.462510489282025,24,24
56,0.5,daily,sharp,0.8282343531293741,0.2862393118722455,-6.462510489282025,24,24
56,0.5,daily,weak,0.9398120375924816,0.143803890686146,-6.462510489282025,24,24
56,0.5,daily,weak_skew,0.521495700859828,-1.0265305963440043,-6.462510489282025,24,24
56,0.5,two_day,alt,0.27334533093381325,-3.3571842914170418,-6.462510489282025,24,24
56,0.5,two_day,sharp,0.75624875024995,0.6051175695229176,-6.462510489282025,24,24
56,0.5,two_day,weak,0.14217156568686262,2.780414796916918,-6.462510489282025,24,24
56,0.5,two_day,weak_skew,0.6960607878424315,1.3431805162341541,-6.462510489282025,24,24
56,0.5,four_day,alt,0.05810546875,-4.744747600461026,-6.462510489282025,12,24
56,0.5,four_day,sharp,0.87841796875,0.2945060036411326,-6.462510489282025,12,24
56,0.5,four_day,weak,0.08740234375,5.772935027831916,-6.462510489282025,12,24
56,0.5,four_day,weak_skew,0.7060546875,-0.7340002805322712,-6.462510489282025,12,24
57,0.5,daily,alt,0.0021995600879824036,-6.237755027003062,-9.90402694209859,24,24
57,0.5,daily,sharp,0.4165166966606679,1.0105921505458255,-9.90402694209859,24,24
57,0.5,daily,weak,0.6802639472105579,-0.7184614981334692,-9.90402694209859,24,24
57,0.5,daily,weak_skew,0.500499900019996,1.3321232902854512,-9.90402694209859,24,24
57,0.5,two_day,alt,0.0001999600079984003,-11.35952351248127,-9.90402694209859,24,24
57,0.5,two_day,sharp,0.4267146570685863,-1.0333434176381509,-9.90402694209859,24,24
57,0.5,two_day,weak,0.8292341531693661,0.507042722448074,-9.90402694209859,24,24
57,0.5,two_day,weak_skew,0.01279744051189762,-4.61396482936935,-9.90402694209859,24,24
57,0.5,four_day,alt,0.0029296875,-8.969669815969775,-9.90402694209859,12,24
57,0.5,four_day,sharp,0.6083984375,-0.9041528972254932,-9.90402694209859,12,24
57,0.5,four_day,weak,0.36767578125,-3.610023190874695,-9.90402694209859,12,24
57,0.5,four_day,weak_skew,0.748046875,1.1230242606671859,-9.90402694209859,12,24
58,0.5,daily,alt,0.0001999600079984003,-8.383151137792876,-9.696130934314738,24,24
58,0.5,daily,sharp,0.624875024995001,-0.582107684110548,-9.696130934314738,24,24
58,0.5,daily,weak,0.4055188962207559,-1.4030129593092917,-9.696130934314738,24,24
58,0.5,daily,weak_skew,0.45830833833233353,-1.0574742973854925,-9.696130934314738,24,24
58,0.5,two_day,alt,0.0011997600479904018,-12.942083712143685,-9.696130934314738,24,24
58,0.5,two_day,sharp,0.4325134973005399,-3.1344187223650413,-9.696130934314738,24,24
58,0.5,two_day,weak,0.3629274145170966,-4.044254489211477,-9.696130934314738,24,24
58,0.5,two_day,weak_skew,0.36212757448510297,-3.680666695005359,-9.696130934314738,24,24
58,0.5,four_day,alt,0.77197265625,-2.4434200133832333,-9.696130934314738,12,24
58,0.5,four_day,sharp,0.2119140625,8.478949271314802,-9.696130934314738,12,24
58,0.5,four_day,weak,0.34033203125,6.459529254431149,-9.696130934314738,12,24
58,0.5,four_day,weak_skew,0.0341796875,11.735944352991941,-9.696130934314738,12,24
59,0.5,daily,alt,0.09278144371125775,-4.6464912866498045,-6.311465152250534,24,24
59,0.5,daily,sharp,0.30133973205358927,-0.7221312223185313,-6.311465152250534,24,24
59,0.5,daily,weak,0.7680463907218557,-0.41298427147237476,-6.311465152250534,24,24
59,0.5,daily,weak_skew,0.6444711057788443,0.7995653815966737,-6.311465152250534,24,24
59,0.5,two_day,alt,0.10457908418316336,-5.424562684708243,-6.311465152250534,24,24
59,0.5,two_day,sharp,0.4299140171965607,-1.0802178323357545,-6.311465152250534,24,24
59,0.5,two_day,weak,0.882623475304939,0.41459827654119064,-6.311465152250534,24,24
59,0.5,two_day,weak_skew,0.009798040391921616,-4.788344007265156,-6.311465152250534,24,24
59,0.5,four_day,alt,0.22119140625,-3.726134373399281,-6.311465152250534,12,24
59,0.5,four_day,sharp,0.2548828125,2.2001546523633078,-6.311465152250534,12,24
59,0.5,four_day,weak,0.68994140625,1.276868360979518,-6.311465152250534,12,24
59,0.5,four_day,weak_skew,0.12060546875,4.419881382201557,-6.311465152250534,12,24
60,0.5,daily,alt,0.0001999600079984003,-9.11239828249895,-11.239220055246683,24,24
60,0.5,daily,sharp,0.8958208358328335,0.16146327379430878,-11.239220055246683,24,24
60,0.5,daily,weak,0.44891021795640873,1.5890437093059973,-11.239220055246683,24,24
60,0.5,daily,weak_skew,0.3453309338132374,1.471561708867025,-11.239220055246683,24,24
60,0.5,two_day,alt,0.0001999600079984003,-11.790498436105745,-11.239220055246683,24,24
60,0.5,two_day,sharp,0.4267146570685863,-1.286775073381927,-11.239220055246683,24,24
60,0.5,two_day,weak,0.3113377324535093,-2.725108239697667,-11.239220055246683,24,24
60,0.5,two_day,weak_skew,0.8020395920815837,-0.5959084228234411,-11.239220055246683,24,24
60,0.5,four_day,alt,0.0009765625,-10.545222393524677,-11.239220055246683,12,24
60,0.5,four_day,sharp,0.6513671875,-0.7832214264107353,-11.239220055246683,12,24
60,0.5,four_day,weak,0.5068359375,-1.9105394896212082,-11.239220055246683,12,24
60,0.5,four_day,weak_skew,0.2919921875,-3.0261036837246973,-11.239220055246683,12,24
61,0.5,daily,alt,0.04459108178364327,-5.227751334147185,-5.923748691191236,24,24
61,0.5,daily,sharp,0.49510097980403917,1.4681950051878019,-5.923748691191236,24,24
61,0.5,daily,weak,0.7834433113377325,0.7415865999409595,-5.923748691191236,24,24
61,0.5,daily,weak_skew,0.7960407918416317,-0.7108655117504329,-5.923748691191236,24,24
61,0.5,two_day,alt,0.020395920815836834,-6.935211826135528,-5.923748691191236,24,24
61,0.5,two_day,sharp,0.9586082783443312,-0.10000614259383707,-5.923748691191236,24,24
61,0.5,two_day,weak,0.6654669066186762,-1.4355999206601444,-5.923748691191236,24,24
61,0.5,two_day,weak_skew,0.5270945810837833,-1.5204576286847302,-5.923748691191236,24,24
61,0.5,four_day,alt,0.45458984375,-5.160406513329968,-5.923748691191236,12,24
61,0.5,four_day,sharp,0.95556640625,-0.2934153036432541,-5.923748691191236,12,24
61,0.5,four_day,weak,0.341796875,5.097843647554588,-5.923748691191236,12,24
61,0.5,four_day,weak_skew,0.65966796875,-2.473523784616719,-5.923748691191236,12,24
62,0.5,daily,alt,0.014197160567886422,-5.215285383550795,-8.254022260922625,24,24
62,0.5,daily,sharp,0.3125374925014997,1.241249636064757,-8.254022260922625,24,24
62,0.5,daily,weak,0.028794241151769647,4.148718696428049,-8.254022260922625,24,24
62,0.5,daily,weak_skew,0.5280943811237753,0.9729152347047331,-8.254022260922625,24,24
62,0.5,two_day,alt,0.014597080583883223,-8.784098797190476,-8.254022260922625,24,24
62,0.5,two_day,sharp,0.5166966606678665,-1.2939645933131037,-8.254022260922625,24,24
62,0.5,two_day,weak,0.122375524895021,-3.8074908930423406,-8.254022260922625,24,24
62,0.5,two_day,weak_skew,0.6616676664667066,-1.2170904902878095,-8.254022260922625,24,24
62,0.5,four_day,alt,0.0126953125,-10.257294942724476,-8.254022260922625,12,24
62,0.5,four_day,sharp,0.19189453125,-3.344537654805899,-8.254022260922625,12,24
62,0.5,four_day,weak,0.23828125,-4.193217435161435,-8.254022260922625,12,24
62,0.5,four_day,weak_skew,0.00830078125,-6.077961084816834,-8.254022260922625,12,24
63,0.5,daily,alt,0.9638072385522896,-0.11109468913347638,-5.589013363467664,24,24
63,0.5,daily,sharp,0.16396720655868827,2.1213213400255104,-5.589013363467664,24,24
63,0.5,daily,weak,0.39392121575684863,1.690570123874423,-5.589013363467664,24,24
63,0.5,daily,weak_skew,0.7056588682263547,0.7056465233454897,-5.589013363467664,24,24
63,0.5,two_day,alt,0.003199360127974405,-6.287217045037205,-5.589013363467664,24,24
63,0.5,two_day,sharp,0.8966206758648271,0.17068947674317916,-5.589013363467664,24,24
63,0.5,two_day,weak,0.5752849430113978,-1.3137343959999155,-5.589013363467664,24,24
63,0.5,two_day,weak_skew,0.39652069586082783,-1.3964083902789302,-5.589013363467664,24,24
63,0.5,four_day,alt,0.3193359375,-2.8025482501807537,-5.589013363467664,12,24
63,0.5,four_day,sharp,0.22998046875,2.3421560793924114,-5.589013363467664,12,24
63,0.5,four_day,weak,0.361328125,2.266479061563743,-5.589013363467664,12,24
63,0.5,four_day,weak_skew,0.86376953125,-0.4183215946298719,-5.589013363467664,12,24
64,0.5,daily,alt,0.9948010397920416,-0.023750297966205796,-6.851201766967456,24,24
64,0.5,daily,sharp,0.018196360727854428,4.065531452854372,-6.851201766967456,24,24
64,0.5,daily,weak,0.07298540291941612,4.142226479940107,-6.851201766967456,24,24
64,0.5,daily,weak_skew,0.14877024595080984,2.722889340034096,-6.851201766967456,24,24
64,0.5,two_day,alt,0.00639872025594881,-8.759315611694353,-6.851201766967456,24,24
64,0.5,two_day,sharp,0.7560487902419516,-0.5329703943233772,-6.851201766967456,24,24
64,0.5,two_day,weak,0.48670265946810637,-1.629498346688628,-6.851201766967456,24,24
64,0.5,two_day,weak_skew,0.8514297140571886,-0.46306476025207477,-6.851201766967456,24,24
64,0.5,four_day,alt,0.00146484375,-10.022895556908297,-6.851201766967456,12,24
64,0.5,four_day,sharp,0.5029296875,-1.4787610532168405,-6.851201766967456,12,24
64,0.5,four_day,weak,0.1357421875,-4.758960566642716,-6.851201766967456,12,24
64,0.5,four_day,weak_skew,0.1728515625,-4.649147326981589,-6.851201766967456,12,24
65,0.5,daily,alt,0.03939212157568486,-5.702650974869049,-10.431325517836896,24,24
65,0.5,daily,sharp,0.249750049990002,1.646036627175592,-10.431325517836896,24,24
65,0.5,daily,weak,0.6048790241951609,1.0024618610850038,-10.431325517836896,24,24
65,0.5,daily,weak_skew,0.1261747650469906,3.7380662953111816,-10.431325517836896,24,24
65,0.5,two_day,alt,0.0001999600079984003,-13.552353095694306,-10.431325517836896,24,24
65,0.5,two_day,sharp,0.4335132973405319,-2.097905865139205,-10.431325517836896,24,24
65,0.5,two_day,weak,0.9640071985602879,0.1336340918727732,-10.431325517836896,24,24
65,0.5,two_day,weak_skew,0.1975604879024195,-3.7775068252505926,-10.431325517836896,24,24
65,0.5,four_day,alt,0.00634765625,-10.696440871735696,-10.431325517836896,12,24
65,0.5,four_day,sharp,0.7158203125,-1.0027817806851445,-10.431325517836896,12,24
65,0.5,four_day,weak,0.8544921875,-0.5784293448090008,-10.431325517836896,12,24
65,0.5,four_day,weak_skew,0.1240234375,-5.312715807719185,-10.431325517836896,12,24
66,0.5,daily,alt,0.0003999200159968006,-7.5093188469988705,-9.659626874243564,24,24
66,0.5,daily,sharp,0.3735252949410118,1.0714133501142609,-9.659626874243564,24,24
66,0.5,daily,weak,0.7026594681063787,0.6840268736708914,-9.659626874243564,24,24
66,0.5,daily,weak_skew,0.6986602679464107,0.6148146851429432,-9.659626874243564,24,24
66,0.5,two_day,alt,0.0007998400319936012,-10.455708394707115,-9.659626874243564,24,24
66,0.5,two_day,sharp,0.4891021795640872,-1.7801425745588724,-9.659626874243564,24,24
66,0.5,two_day,weak,0.9186162767446511,0.3820483411170148,-9.659626874243564,24,24
66,0.5,two_day,weak_skew,0.40491901619676063,-2.6415636985333735,-9.659626874243564,24,24
66,0.5,four_day,alt,0.00146484375,-10.549650716535547,-9.659626874243564,12,24
66,0.5,four_day,sharp,0.9228515625,-0.38116594818417404,-9.659626874243564,12,24
66,0.5,four_day,weak,0.41748046875,-3.12314867554239,-9.659626874243564,12,24
66,0.5,four_day,weak_skew,0.78662109375,-0.9729084017818176,-9.659626874243564,12,24
67,0.5,daily,alt,0.0007998400319936012,-8.836546298231776,-10.680896011700902,24,24
67,0.5,daily,sharp,0.9534093181363728,-0.1378472474581501,-10.680896011700902,24,24
67,0.5,daily,weak,0.9318136372725455,0.24869195124020393,-10.680896011700902,24,24
67,0.5,daily,weak_skew,0.9032193561287742,-0.3327863950879566,-10.680896011700902,24,24
67,0.5,two_day,alt,0.0001999600079984003,-13.237692222335683,-10.680896011700902,24,24
67,0.5,two_day,sharp,0.15936812637472506,-3.0693749590518125,-10.680896011700902,24,24
67,0.5,two_day,weak,0.8356328734253149,-0.751454096224269,-10.680896011700902,24,24
67,0.5,two_day,weak_skew,0.8280343931213757,0.8164830935958491,-10.680896011700902,24,24
67,0.5,four_day,alt,0.126953125,-6.737216361000091,-10.680896011700902,12,24
67,0.5,four_day,sharp,0.244140625,3.5464396966150615,-10.680896011700902,12,24
67,0.5,four_day,weak,0.12060546875,7.6672800838298825,-10.680896011700902,12,24
67,0.5,four_day,weak_skew,0.12841796875,5.88087190593408,-10.680896011700902,12,24
68,0.5,daily,alt,0.0001999600079984003,-12.18563760213405,-10.219256619145753,24,24
68,0.5,daily,sharp,0.6184763047390522,-1.1976530224748476,-10.219256619145753,24,24
68,0.5,daily,weak,0.7126574685062987,-0.9371786101534546,-10.219256619145753,24,24
68,0.5,daily,weak_skew,0.7466506698660268,-0.8593447444107465,-10.219256619145753,24,24
68,0.5,two_day,alt,0.01199760047990402,-7.850735017212982,-10.219256619145753,24,24
68,0.5,two_day,sharp,0.2551489702059588,2.7065423036307483,-10.219256619145753,24,24
68,0.5,two_day,weak,0.29114177164567084,3.1995756573178427,-10.219256619145753,24,24
68,0.5,two_day,weak_skew,0.7876424715056989,0.6654900493888803,-10.219256619145753,24,24
68,0.5,four_day,alt,0.00146484375,-9.073893023523409,-10.219256619145753,12,24
68,0.5,four_day,sharp,0.654296875,1.2774058903430319,-10.219256619145753,12,24
68,0.5,four_day,weak,0.29443359375,3.3340607719227364,-10.219256619145753,12,24
68,0.5,four_day,weak_skew,0.150390625,4.064230343976365,-10.219256619145753,12,24
69,0.5,daily,alt,0.016196760647870425,-5.5664842126576035,-4.105633072341824,24,24
69,0.5,daily,sharp,0.3217356528694261,-1.507742153869568,-4.105633072341824,24,24
69,0.5,daily,weak,0.041191761647670466,-3.383376051265204,-4.105633072341824,24,24
69,0.5,daily,weak_skew,0.26854629074185166,-2.494539334314774,-4.105633072341824,24,24
69,0.5,two_day,alt,0.0591881623675265,-5.668680205119171,-4.105633072341824,24,24
69,0.5,two_day,sharp,0.7928414317136573,-0.5229091467230118,-4.105633072341824,24,24
69,0.5,two_day,weak,0.5344931013797241,1.1566437164901038,-4.105633072341824,24,24
69,0.5,two_day,weak_skew,0.5688862227554489,-1.1887206451472225,-4.105633072341824,24,24
69,0.5,four_day,alt,0.50634765625,-2.498983799499138,-4.105633072341824,12,24
69,0.5,four_day,sharp,0.9716796875,0.06878714273223174,-4.105633072341824,12,24
69,0.5,four_day,weak,0.4228515625,4.2354280726517395,-4.105633072341824,12,24
69,0.5,four_day,weak_skew,0.50927734375,2.110270267467739,-4.105633072341824,12,24
70,0.5,daily,alt,0.0001999600079984003,-9.031252619518144,-7.7455366001931765,24,24
70,0.5,daily,sharp,0.7946410717856429,-0.37324834691354614,-7.7455366001931765,24,24
70,0.5,daily,weak,0.44311137772445514,-1.531575280916849,-7.7455366001931765,24,24
70,0.5,daily,weak_skew,0.8970205958808238,0.28633826982514243,-7.7455366001931765,24,24
70,0.5,two_day,alt,0.0001999600079984003,-7.657699025510767,-7.7455366001931765,24,24
70,0.5,two_day,sharp,0.5790841831633673,-1.0167829810194833,-7.7455366001931765,24,24
70,0.5,two_day,weak,0.5600879824035193,-1.4847156888524025,-7.7455366001931765,24,24
70,0.5,two_day,weak_skew,0.3863227354529094,-1.9209189364804737,-7.7455366001931765,24,24
70,0.5,four_day,alt,0.01611328125,-8.441532251865572,-7.7455366001931765,12,24
70,0.5,four_day,sharp,0.66943359375,-1.219973934405158,-7.7455366001931765,12,24
70,0.5,four_day,weak,0.65185546875,-1.8425494139253633,-7.7455366001931765,12,24
70,0.5,four_day,weak_skew,0.20849609375,-3.4746273649362966,-7.7455366001931765,12,24
71,0.5,daily,alt,0.0007998400319936012,-8.992590709215724,-8.350459579901418,24,24
71,0.5,daily,sharp,0.07118576284743051,-2.899763344570142,-8.350459579901418,24,24
71,0.5,daily,weak,0.015196960607878424,-4.645258836680399,-8.350459579901418,24,24
71,0.5,daily,weak_skew,0.16516696660667868,-2.9403816611075624,-8.350459579901418,24,24
71,0.5,two_day,alt,0.008398320335932814,-6.890625482758069,-8.350459579901418,24,24
71,0.5,two_day,sharp,0.645870825834833,0.8983377801548906,-8.350459579901418,24,24
71,0.5,two_day,weak,0.5142971405718856,-1.5875355476872925,-8.350459579901418,24,24
71,0.5,two_day,weak_skew,0.22275544891021795,3.427921783478222,-8.350459579901418,24,24
71,0.5,four_day,alt,0.1357421875,-5.50315652961086,-8.350459579901418,12,24
71,0.5,four_day,sharp,0.69677734375,0.8270796552051607,-8.350459579901418,12,24
71,0.5,four_day,weak,0.6396484375,-2.2240129239592665,-8.350459579901418,12,24
71,0.5,four_day,weak_skew,0.60107421875,1.9568557342639756,-8.350459579901418,12,24
72,0.5,daily,alt,0.001999600079984003,-6.885317096286953,-8.685273702364427,24,24
72,0.5,daily,sharp,0.8960207958408318,-0.2240943035210874,-8.685273702364427,24,24
72,0.5,daily,weak,0.9726054789042191,0.06499203361218875,-8.685273702364427,24,24
72,0.5,daily,weak_skew,0.484503099380124,-1.5659199231273393,-8.685273702364427,24,24
72,0.5,two_day,alt,0.0001999600079984003,-10.502256151779514,-8.685273702364427,24,24
72,0.5,two_day,sharp,0.4751049790041992,-1.4512873413723613,-8.685273702364427,24,24
72,0.5,two_day,weak,0.6968606278744252,-1.136958923673162,-8.685273702364427,24,24
72,0.5,two_day,weak_skew,0.911617676464707,-0.37306669948061594,-8.685273702364427,24,24
72,0.5,four_day,alt,0.00048828125,-12.313784012926199,-8.685273702364427,12,24
72,0.5,four_day,sharp,0.2333984375,-1.7627179948739808,-8.685273702364427,12,24
72,0.5,four_day,weak,0.7998046875,-0.7508984315694752,-8.685273702364427,12,24
72,0.5,four_day,weak_skew,0.83935546875,-0.6024469207265147,-8.685273702364427,12,24
73,0.5,daily,alt,0.0001999600079984003,-10.491394742023296,-6.9836369030548155,24,24
73,0.5,daily,sharp,0.004599080183963208,-3.572038199741288,-6.9836369030548155,24,24
73,0.5,daily,weak,0.0011997600479904018,-6.062075284549851,-6.9836369030548155,24,24
73,0.5,daily,weak_skew,0.0003999200159968006,-5.4560040273841865,-6.9836369030548155,24,24
73,0.5,two_day,alt,0.06638672265546891,-5.881264268752832,-6.9836369030548155,24,24
73,0.5,two_day,sharp,0.9314137172565486,-0.15459416188897723,-6.9836369030548155,24,24
73,0.5,two_day,weak,0.7514497100579884,-1.1048758799052882,-6.9836369030548155,24,24
73,0.5,two_day,weak_skew,0.1891621675664867,4.033953964649218,-6.9836369030548155,24,24
73,0.5,four_day,alt,0.08349609375,-6.938909491997102,-6.9836369030548155,12,24
73,0.5,four_day,sharp,0.85888671875,-0.47325646045100633,-6.9836369030548155,12,24
73,0.5,four_day,weak,0.212890625,-5.478016044219809,-6.9836369030548155,12,24
73,0.5,four_day,weak_skew,0.87451171875,0.41405370228965666,-6.9836369030548155,12,24
74,0.5,daily,alt,0.0003999200159968006,-7.690653968514873,-6.736285285418198,24,24
74,0.5,daily,sharp,0.9248150369926015,-0.11610247903884947,-6.736285285418198,24,24
74,0.5,daily,weak,0.9816036792641472,-0.04702640948554778,-6.736285285418198,24,24
74,0.5,daily,weak_skew,0.7796440711857628,0.5209733222952112,-6.736285285418198,24,24
74,0.5,two_day,alt,0.19956008798240352,-5.0199711944596235,-6.736285285418198,24,24
74,0.5,two_day,sharp,0.6792641471705659,0.6372762156235968,-6.736285285418198,24,24
74,0.5,two_day,weak,0.5312937412517497,-1.8497666033502649,-6.736285285418198,24,24
74,0.5,two_day,weak_skew,0.9434113177364527,-0.185215152473534,-6.736285285418198,24,24
74,0.5,four_day,alt,0.04052734375,-7.607524495990596,-6.736285285418198,12,24
74,0.5,four_day,sharp,0.64111328125,-0.6910098175071783,-6.736285285418198,12,24
74,0.5,four_day,weak,0.66796875,-1.6065050984432236,-6.736285285418198,12,24
74,0.5,four_day,weak_skew,0.48876953125,-1.7220515845987283,-6.736285285418198,12,24
75,0.5,daily,alt,0.0005998800239952009,-9.038871671069373,-10.755522309399886,24,24
75,0.5,daily,sharp,0.9904019196160768,0.02550039718302048,-10.755522309399886,24,24
75,0.5,daily,weak,0.6954609078184363,-1.048944698725861,-10.755522309399886,24,24
75,0.5,daily,weak_skew,0.5806838632273545,-1.3255353707422044,-10.755522309399886,24,24
75,0.5,two_day,alt,0.0001999600079984003,-15.05526597248894,-10.755522309399886,24,24
75,0.5,two_day,sharp,0.09578084383123375,-2.9687324986648007,-10.755522309399886,24,24
75,0.5,two_day,weak,0.060587882423515295,-4.198463650463672,-10.755522309399886,24,24
75,0.5,two_day,weak_skew,0.5730853829234153,-1.4452537519489816,-10.755522309399886,24,24
75,0.5,four_day,alt,0.00048828125,-13.03471529296773,-10.755522309399886,12,24
75,0.5,four_day,sharp,0.45947265625,-1.5974693788437329,-10.755522309399886,12,24
75,0.5,four_day,weak,0.265625,-4.08018309525409,-10.755522309399886,12,24
75,0.5,four_day,weak_skew,0.6884765625,-1.5475419734416818,-10.755522309399886,12,24
76,0.5,daily,alt,0.23455308938212358,-2.551809316396992,-6.2935338641822085,24,24
76,0.5,daily,sharp,0.4579084183163367,0.7363335153352013,-6.2935338641822085,24,24
76,0.5,daily,weak,0.4605078984203159,1.4883485154652918,-6.2935338641822085,24,24
76,0.5,daily,weak_skew,0.7324535092981403,0.5715492685068962,-6.2935338641822085,24,24
76,0.5,two_day,alt,0.04499100179964007,-6.3256016756144104,-6.2935338641822085,24,24
76,0.5,two_day,sharp,0.2985402919416117,-1.6287119126675458,-6.2935338641822085,24,24
76,0.5,two_day,weak,0.23615276944611077,-3.0658191839341384,-6.2935338641822085,24,24
76,0.5,two_day,weak_skew,0.44931013797240554,2.0115139881155186,-6.2935338641822085,24,24
76,0.5,four_day,alt,0.2666015625,-5.004784101605888,-6.2935338641822085,12,24
76,0.5,four_day,sharp,0.9482421875,0.1392557945980014,-6.2935338641822085,12,24
76,0.5,four_day,weak,0.3544921875,2.211884242773717,-6.2935338641822085,12,24
76,0.5,four_day,weak_skew,0.8271484375,0.5213623444869461,-6.2935338641822085,12,24
77,0.5,daily,alt,0.05338932213557288,-5.071164708568155,-5.71331435713239,24,24
77,0.5,daily,sharp,0.7206558688262348,1.248253991280804,-5.71331435713239,24,24
77,0.5,daily,weak,0.7394521095780844,-1.2878553672083457,-5.71331435713239,24,24
77,0.5,daily,weak_skew,0.3063387322535493,2.792482697666182,-5.71331435713239,24,24
77,0.5,two_day,alt,0.7986402719456108,0.8180341220464106,-5.71331435713239,24,24
77,0.5,two_day,sharp,0.0061987602479504095,7.73399043842262,-5.71331435713239,24,24
77,0.5,two_day,weak,0.16456708658268346,6.504916934142852,-5.71331435713239,24,24
77,0.5,two_day,weak_skew,0.002599480103979204,9.204978731000006,-5.71331435713239,24,24
77,0.5,four_day,alt,0.228515625,-4.834054581953234,-5.71331435713239,12,24
77,0.5,four_day,sharp,0.2314453125,4.581579986820221,-5.71331435713239,12,24
77,0.5,four_day,weak,0.21484375,5.145849615221755,-5.71331435713239,12,24
77,0.5,four_day,weak_skew,0.64599609375,1.6577751644264775,-5.71331435713239,12,24
78,0.5,daily,alt,0.0001999600079984003,-9.979880480857155,-10.14711776875101,24,24
78,0.5,daily,sharp,0.7210557888422315,-0.5036435907589176,-10.14711776875101,24,24
78,0.5,daily,weak,0.27274545090981805,1.5369256336031096,-10.14711776875101,24,24
78,0.5,daily,weak_skew,0.483503299340132,-1.097529942919057,-10.14711776875101,24,24
78,0.5,two_day,alt,0.0003999200159968006,-8.65864815684897,-10.14711776875101,24,24
78,0.5,two_day,sharp,0.8186362727454509,0.37043096435646355,-10.14711776875101,24,24
78,0.5,two_day,weak,0.9596080783843232,-0.12433683427252469,-10.14711776875101,24,24
78,0.5,two_day,weak_skew,0.9452109578084383,0.11753209781330802,-10.14711776875101,24,24
78,0.5,four_day,alt,0.23095703125,-4.371181445122344,-10.14711776875101,12,24
78,0.5,four_day,sharp,0.0673828125,4.37901118844335,-10.14711776875101,12,24
78,0.5,four_day,weak,0.09228515625,5.397301129248624,-10.14711776875101,12,24
78,0.5,four_day,weak_skew,0.203125,2.945658701920427,-10.14711776875101,12,24
79,0.5,daily,alt,0.0597880423915217,-5.206686375675839,-7.908631207517125,24,24
79,0.5,daily,sharp,0.9484103179364127,0.07797620178120764,-7.908631207517125,24,24
79,0.5,daily,weak,0.9330133973205359,-0.15240012978157935,-7.908631207517125,24,24
79,0.5,daily,weak_skew,0.8944211157768446,-0.1782082512724704,-7.908631207517125,24,24
79,0.5,two_day,alt,0.011397720455908818,-9.23362235115678,-7.908631207517125,24,24
79,0.5,two_day,sharp,0.46610677864427114,-1.4829916639270324,-7.908631207517125,24,24
79,0.5,two_day,weak,0.8672265546890622,-0.3854473196922215,-7.908631207517125,24,24
79,0.5,two_day,weak_skew,0.5412917416516697,-1.554593181364525,-7.908631207517125,24,24
79,0.5,four_day,alt,0.44140625,-4.395700575272034,-7.908631207517125,12,24
79,0.5,four_day,sharp,0.87841796875,0.3827666992439844,-7.908631207517125,12,24
79,0.5,four_day,weak,0.50048828125,1.816982555547441,-7.908631207517125,12,24
79,0.5,four_day,weak_skew,0.65087890625,-1.42596292180422,-7.908631207517125,12,24
80,0.5,daily,alt,0.007798440311937612,-4.691824589064723,-6.90586538058993,24,24
80,0.5,daily,sharp,0.904619076184763,0.1837799811910766,-6.90586538058993,24,24
80,0.5,daily,weak,0.28574285142971406,2.3359231234065616,-6.90586538058993,24,24
80,0.5,daily,weak_skew,0.5910817836432714,0.998247453729958,-6.90586538058993,24,24
80,0.5,two_day,alt,0.04819036192761448,-4.942278983362146,-6.90586538058993,24,24
80,0.5,two_day,sharp,0.9676064787042592,-0.1414443947080546,-6.90586538058993,24,24
80,0.5,two_day,weak,0.9354129174165167,-0.31925924725676413,-6.90586538058993,24,24
80,0.5,two_day,weak_skew,0.6682663467306539,-1.1715489118514737,-6.90586538058993,24,24
80,0.5,four_day,alt,0.00830078125,-13.232119953557154,-6.90586538058993,12,24
80,0.5,four_day,sharp,0.30615234375,-4.203167736222727,-6.90586538058993,12,24
80,0.5,four_day,weak,0.3984375,-3.409460342985255,-6.90586538058993,12,24
80,0.5,four_day,weak_skew,0.18994140625,-6.357901500082964,-6.90586538058993,12,24
81,0.5,daily,alt,0.057388522295540895,-5.5689361185744275,-6.768658622058872,24,24
81,0.5,daily,sharp,0.3795240951809638,-0.8539723192039871,-6.768658622058872,24,24
81,0.5,daily,weak,0.23035392921415718,-1.9481492840206558,-6.768658622058872,24,24
81,0.5,daily,weak_skew,0.4631073785242951,1.1920736411659762,-6.768658622058872,24,24
81,0.5,two_day,alt,0.0009998000399920016,-9.81478907969143,-6.768658622058872,24,24
81,0.5,two_day,sharp,0.28054389122175566,-1.274223209186202,-6.768658622058872,24,24
81,0.5,two_day,weak,0.7730453909218157,0.5519012222247909,-6.768658622058872,24,24
81,0.5,two_day,weak_skew,0.5100979804039192,1.3397767566912588,-6.768658622058872,24,24
81,0.5,four_day,alt,0.02734375,-8.096125960241267,-6.768658622058872,12,24
81,0.5,four_day,sharp,0.78125,-0.336581023455875,-6.768658622058872,12,24
81,0.5,four_day,weak,0.55712890625,-2.4175538931624154,-6.768658622058872,12,24
81,0.5,four_day,weak_skew,0.34619140625,2.442926599897543,-6.768658622058872,12,24
82,0.5,daily,alt,0.0001999600079984003,-11.455143245852923,-10.558698182232455,24,24
82,0.5,daily,sharp,0.9062187562487503,-0.2627533577286085,-10.558698182232455,24,24
82,0.5,daily,weak,0.30193961207758446,-2.187622807389268,-10.558698182232455,24,24
82,0.5,daily,weak_skew,0.8274345130973805,-0.489595201379724,-10.558698182232455,24,24
82,0.5,two_day,alt,0.0003999200159968006,-14.053602223478444,-10.558698182232455,24,24
82,0.5,two_day,sharp,0.21915616876624675,-3.6238817618826453,-10.558698182232455,24,24
82,0.5,two_day,weak,0.5972805438912218,-1.549439771328605,-10.558698182232455,24,24
82,0.5,two_day,weak_skew,0.3793241351729654,-2.8681141289175964,-10.558698182232455,24,24
82,0.5,four_day,alt,0.24169921875,-8.241448298121393,-10.558698182232455,12,24
82,0.5,four_day,sharp,0.6396484375,2.6643687070697664,-10.558698182232455,12,24
82,0.5,four_day,weak,0.8515625,1.27111198879461,-10.558698182232455,12,24
82,0.5,four_day,weak_skew,0.47900390625,5.503152069603973,-10.558698182232455,12,24
83,0.5,daily,alt,0.0001999600079984003,-7.67489389576853,-5.173464982383834,24,24
83,0.5,daily,sharp,0.010997800439912017,-2.569147797477203,-5.173464982383834,24,24
83,0.5,daily,weak,0.14297140571885622,-2.9646431054416365,-5.173464982383834,24,24
83,0.5,daily,weak_skew,0.9120175964807039,-0.2414167238761067,-5.173464982383834,24,24
83,0.5,two_day,alt,0.028194361127774445,-4.615658923634256,-5.173464982383834,24,24
83,0.5,two_day,sharp,0.5146970605878824,1.090273770308887,-5.173464982383834,24,24
83,0.5,two_day,weak,0.05658868226354729,4.507792737182869,-5.173464982383834,24,24
83,0.5,two_day,weak_skew,0.8124375124975005,0.5996619851510147,-5.173464982383834,24,24
83,0.5,four_day,alt,0.0380859375,-7.234082940994575,-5.173464982383834,12,24
83,0.5,four_day,sharp,0.4150390625,-1.9455088170691426,-5.173464982383834,12,24
83,0.5,four_day,weak,0.92333984375,0.35170057713621183,-5.173464982383834,12,24
83,0.5,four_day,weak_skew,0.7734375,-0.8850224987325538,-5.173464982383834,12,24
84,0.5,daily,alt,0.0001999600079984003,-8.697383474567845,-8.19189548473841,24,24
84,0.5,daily,sharp,0.15276944611077783,-1.6571042727511547,-8.19189548473841,24,24
84,0.5,daily,weak,0.7580483903219356,-0.54685110571421,-8.19189548473841,24,24
84,0.5,daily,weak_skew,0.14197160567886422,-2.018844712120522,-8.19189548473841,24,24
84,0.5,two_day,alt,0.002999400119976005,-8.062863256245054,-8.19189548473841,24,24
84,0.5,two_day,sharp,0.587882423515297,1.0362247372629507,-8.19189548473841,24,24
84,0.5,two_day,weak,0.626874625074985,1.579990899438233,-8.19189548473841,24,24
84,0.5,two_day,weak_skew,0.22675464907018597,2.6616699740464296,-8.19189548473841,24,24
84,0.5,four_day,alt,0.00341796875,-10.143026154740875,-8.19189548473841,12,24
84,0.5,four_day,sharp,0.9482421875,-0.12459324598256079,-8.19189548473841,12,24
84,0.5,four_day,weak,0.89501953125,-0.43620492887606943,-8.19189548473841,12,24
84,0.5,four_day,weak_skew,0.841796875,0.6370340543884515,-8.19189548473841,12,24
85,0.5,daily,alt,0.0011997600479904018,-8.164139332674774,-7.111972179533581,24,24
85,0.5,daily,sharp,0.08818236352729454,-2.524764593111515,-7.111972179533581,24,24
85,0.5,daily,weak,0.055188962207558485,-3.4551610054326987,-7.111972179533581,24,24
85,0.5,daily,weak_skew,0.13877224555088982,-3.135793966741929,-7.111972179533581,24,24
85,0.5,two_day,alt,0.09238152369526095,-6.800310450587592,-7.111972179533581,24,24
85,0.5,two_day,sharp,0.30813837232553487,-1.6663831389276744,-7.111972179533581,24,24
85,0.5,two_day,weak,0.7674465106978604,-0.7818408108782947,-7.111972179533581,24,24
85,0.5,two_day,weak_skew,0.04979004199160168,-3.8844056576208295,-7.111972179533581,24,24
85,0.5,four_day,alt,0.033203125,-9.401186435350802,-7.111972179533581,12,24
85,0.5,four_day,sharp,0.89453125,-0.18691767509896806,-7.111972179533581,12,24
85,0.5,four_day,weak,0.6162109375,-1.7307410930947456,-7.111972179533581,12,24
85,0.5,four_day,weak_skew,0.79150390625,-0.40589009266415665,-7.111972179533581,12,24
86,0.5,daily,alt,0.7514497100579884,1.5391574997598447,-3.747519285240159,24,24
86,0.5,daily,sharp,0.9260147970405919,0.1856708205250781,-3.747519285240159,24,24
86,0.5,daily,weak,0.885622875424915,0.3379649749492364,-3.747519285240159,24,24
86,0.5,daily,weak_skew,0.8894221155768847,0.339042309608538,-3.747519285240159,24,24
86,0.5,two_day,alt,0.7470505898820236,-2.1074686012580894,-3.747519285240159,24,24
86,0.5,two_day,sharp,0.6156768646270746,-1.4725166623314854,-3.747519285240159,24,24
86,0.5,two_day,weak,0.5686862627474505,-2.0159234064169245,-3.747519285240159,24,24
86,0.5,two_day,weak_skew,0.6266746650669867,-1.7160720824532938,-3.747519285240159,24,24
86,0.5,four_day,alt,0.212890625,-5.450440907820716,-3.747519285240159,12,24
86,0.5,four_day,sharp,0.3056640625,-1.9889280183998175,-3.747519285240159,12,24
86,0.5,four_day,weak,0.48095703125,-2.6386519187818354,-3.747519285240159,12,24
86,0.5,four_day,weak_skew,0.9189453125,0.4178316194366947,-3.747519285240159,12,24
87,0.5,daily,alt,0.0001999600079984003,-7.340669911689549,-7.413947358724563,24,24
87,0.5,daily,sharp,0.23975204959008198,-1.4130433399767506,-7.413947358724563,24,24
87,0.5,daily,weak,0.40071985602879423,-1.5838162805039584,-7.413947358724563,24,24
87,0.5,daily,weak_skew,0.03659268146370726,-3.0092804053554154,-7.413947358724563,24,24
87,0.5,two_day,alt,0.0001999600079984003,-9.156576554997143,-7.413947358724563,24,24
87,0.5,two_day,sharp,0.48050389922015596,-0.9146887655007673,-7.413947358724563,24,24
87,0.5,two_day,weak,0.35172965406918616,-1.854867770434003,-7.413947358724563,24,24
87,0.5,two_day,weak_skew,0.5826834633073386,-1.7694670032113844,-7.413947358724563,24,24
87,0.5,four_day,alt,0.0986328125,-6.077453182942812,-7.413947358724563,12,24
87,0.5,four_day,sharp,0.96044921875,0.07568228819706195,-7.413947358724563,12,24
87,0.5,four_day,weak,0.248046875,-3.676748050284108,-7.413947358724563,12,24
87,0.5,four_day,weak_skew,0.67578125,1.0184676076308357,-7.413947358724563,12,24
88,0.5,daily,alt,0.042191561687662464,-4.621689263571025,-6.602157666956394,24,24
88,0.5,daily,sharp,0.8132373525294941,0.24080254646017588,-6.602157666956394,24,24
88,0.5,daily,weak,0.28834233153369326,-1.6103029697257165,-6.602157666956394,24,24
88,0.5,daily,weak_skew,0.2605478904219156,3.180648370559377,-6.602157666956394,24,24
88,0.5,two_day,alt,0.001999600079984003,-9.102480970154321,-6.602157666956394,24,24
88,0.5,two_day,sharp,0.3659268146370726,-1.4149455342471258,-6.602157666956394,24,24
88,0.5,two_day,weak,0.1791641671665667,-2.8574566160229655,-6.602157666956394,24,24
88,0.5,two_day,weak_skew,0.23415316936612676,-2.8749914382655892,-6.602157666956394,24,24
88,0.5,four_day,alt,0.27197265625,-4.1551762690149765,-6.602157666956394,12,24
88,0.5,four_day,sharp,0.61474609375,1.0405875614133198,-6.602157666956394,12,24
88,0.5,four_day,weak,0.55419921875,2.098624232488644,-6.602157666956394,12,24
88,0.5,four_day,weak_skew,0.6826171875,1.5504234296346364,-6.602157666956394,12,24
89,0.5,daily,alt,0.0005998800239952009,-11.106234126156153,-11.516478484869438,24,24
89,0.5,daily,sharp,0.7426514697060588,-0.9477527487279526,-11.516478484869438,24,24
89,0.5,daily,weak,0.5614877024595081,-1.6114118074345842,-11.516478484869438,24,24
89,0.5,daily,weak_skew,0.7840431913617276,-0.8456227275442604,-11.516478484869438,24,24
89,0.5,two_day,alt,0.00599880023995201,-11.342252283864402,-11.516478484869438,24,24
89,0.5,two_day,sharp,0.8764247150569886,0.7349405705117119,-11.516478484869438,24,24
89,0.5,two_day,weak,0.667866426714657,1.9505978629847072,-11.516478484869438,24,24
89,0.5,two_day,weak_skew,0.5230953809238152,3.6253953466829736,-11.516478484869438,24,24
89,0.5,four_day,alt,0.04736328125,-9.8179869187718,-11.516478484869438,12,24
89,0.5,four_day,sharp,0.58935546875,2.0830232951762166,-11.516478484869438,12,24
89,0.5,four_day,weak,0.833984375,-0.9923084741897004,-11.516478484869438,12,24
89,0.5,four_day,weak_skew,0.345703125,4.138760125660596,-11.516478484869438,12,24
90,0.5,daily,alt,0.0001999600079984003,-8.566574898387204,-8.39999276390359,24,24
90,0.5,daily,sharp,0.43071385722855426,-1.244578156054087,-8.39999276390359,24,24
90,0.5,daily,weak,0.28314337132573486,-2.269595512583361,-8.39999276390359,24,24
90,0.5,daily,weak_skew,0.9070185962807439,-0.23301878400445908,-8.39999276390359,24,24
90,0.5,two_day,alt,0.0001999600079984003,-9.516721243635766,-8.39999276390359,24,24
90,0.5,two_day,sharp,0.14977004599080185,-2.327738048446247,-8.39999276390359,24,24
90,0.5,two_day,weak,0.4149170165966807,-1.6777550934875203,-8.39999276390359,24,24
90,0.5,two_day,weak_skew,0.6422715456908619,1.3618711449695085,-8.39999276390359,24,24
90,0.5,four_day,alt,0.0361328125,-5.3498293074502525,-8.39999276390359,12,24
90,0.5,four_day,sharp,0.2001953125,2.4445017022897786,-8.39999276390359,12,24
90,0.5,four_day,weak,0.28125,4.263364230379626,-8.39999276390359,12,24
90,0.5,four_day,weak_skew,0.31494140625,3.2950706524265336,-8.39999276390359,12,24
91,0.5,daily,alt,0.0001999600079984003,-10.50783043739177,-10.712834868247754,24,24
91,0.5,daily,sharp,0.7038592281543691,-0.8010981754388782,-10.712834868247754,24,24
91,0.5,daily,weak,0.8082383523295341,-0.6635079741916202,-10.712834868247754,24,24
91,0.5,daily,weak_skew,0.6892621475704859,1.0597188532934585,-10.712834868247754,24,24
91,0.5,two_day,alt,0.0001999600079984003,-11.85144918185982,-10.712834868247754,24,24
91,0.5,two_day,sharp,0.33353329334133175,-2.3694104409430587,-10.712834868247754,24,24
91,0.5,two_day,weak,0.33913217356528697,-3.3602359632602283,-10.712834868247754,24,24
91,0.5,two_day,weak_skew,0.04599080183963208,-5.639816962132339,-10.712834868247754,24,24
91,0.5,four_day,alt,0.0947265625,-9.713289314283095,-10.712834868247754,12,24
91,0.5,four_day,sharp,0.88818359375,0.45261831197269586,-10.712834868247754,12,24
91,0.5,four_day,weak,0.5185546875,3.1123669000252083,-10.712834868247754,12,24
91,0.5,four_day,weak_skew,0.6640625,-2.1291080756780505,-10.712834868247754,12,24
92,0.5,daily,alt,0.08938212357528494,-3.6768350097614864,-6.303209186390347,24,24
92,0.5,daily,sharp,0.15936812637472506,1.6600316187524793,-6.303209186390347,24,24
92,0.5,daily,weak,0.9836032793441312,-0.03631253179433654,-6.303209186390347,24,24
92,0.5,daily,weak_skew,0.7206558688262348,0.5491733562194717,-6.303209186390347,24,24
92,0.5,two_day,alt,0.6578684263147371,-1.6093423789865222,-6.303209186390347,24,24
92,0.5,two_day,sharp,0.3065386922615477,2.147595501609848,-6.303209186390347,24,24
92,0.5,two_day,weak,0.9962007598480304,-0.01860943363089973,-6.303209186390347,24,24
92,0.5,two_day,weak_skew,0.9180163967206558,0.26169447754906755,-6.303209186390347,24,24
92,0.5,four_day,alt,0.0185546875,-8.342064856051417,-6.303209186390347,12,24
92,0.5,four_day,sharp,0.69384765625,0.7085332561822497,-6.303209186390347,12,24
92,0.5,four_day,weak,0.5390625,-2.027818959384351,-6.303209186390347,12,24
92,0.5,four_day,weak_skew,0.76123046875,0.7393760741807162,-6.303209186390347,12,24
93,0.5,daily,alt,0.6976604679064187,-1.471428034858003,-4.667806176238386,24,24
93,0.5,daily,sharp,0.8998200359928015,-0.2493895639163831,-4.667806176238386,24,24
93,0.5,daily,weak,0.4327134573085383,1.4474733629702887,-4.667806176238386,24,24
93,0.5,daily,weak_skew,0.597880423915217,1.2866567852775,-4.667806176238386,24,24
93,0.5,two_day,alt,0.13937212557488501,-6.13843961813278,-4.667806176238386,24,24
93,0.5,two_day,sharp,0.381123775244951,-1.8282600252415229,-4.667806176238386,24,24
93,0.5,two_day,weak,0.9476104779044191,0.16554879908536138,-4.667806176238386,24,24
93,0.5,two_day,weak_skew,0.6540691861627674,-1.466181331630696,-4.667806176238386,24,24
93,0.5,four_day,alt,0.15673828125,-6.326531605727237,-4.667806176238386,12,24
93,0.5,four_day,sharp,0.83447265625,0.4060464872404861,-4.667806176238386,12,24
93,0.5,four_day,weak,0.79541015625,-0.7264041434311418,-4.667806176238386,12,24
93,0.5,four_day,weak_skew,0.76025390625,0.7832036884076276,-4.667806176238386,12,24
94,0.5,daily,alt,0.0001999600079984003,-8.577527741783465,-8.704705922169012,24,24
94,0.5,daily,sharp,0.709258148370326,0.649513617584657,-8.704705922169012,24,24
94,0.5,daily,weak,0.126374725054989,-2.5459393831887636,-8.704705922169012,24,24
94,0.5,daily,weak_skew,0.250749850029994,2.357468525931058,-8.704705922169012,24,24
94,0.5,two_day,alt,0.0001999600079984003,-8.028772590567504,-8.704705922169012,24,24
94,0.5,two_day,sharp,0.9758048390321936,0.061412811731986906,-8.704705922169012,24,24
94,0.5,two_day,weak,0.3873225354929014,1.8834352099567726,-8.704705922169012,24,24
94,0.5,two_day,weak_skew,0.2481503699260148,-2.3324075109895674,-8.704705922169012,24,24
94,0.5,four_day,alt,0.38037109375,-3.996978306235136,-8.704705922169012,12,24
94,0.5,four_day,sharp,0.72412109375,1.199037023431168,-8.704705922169012,12,24
94,0.5,four_day,weak,0.90771484375,0.5230298496875955,-8.704705922169012,12,24
94,0.5,four_day,weak_skew,0.36376953125,4.095884350525192,-8.704705922169012,12,24
95,0.5,daily,alt,0.0001999600079984003,-11.105750958094381,-9.840565608344228,24,24
95,0.5,daily,sharp,0.16136772645470907,-1.8064858605916447,-9.840565608344228,24,24
95,0.5,daily,weak,0.14897020595880825,-2.839214949061768,-9.840565608344228,24,24
95,0.5,daily,weak_skew,0.041191761647670466,-4.231312790560404,-9.840565608344228,24,24
95,0.5,two_day,alt,0.016796640671865627,-8.653818083184659,-9.840565608344228,24,24
95,0.5,two_day,sharp,0.8976204759048191,0.3004418659407406,-9.840565608344228,24,24
95,0.5,two_day,weak,0.48270345930813835,-2.4925870450261116,-9.840565608344228,24,24
95,0.5,two_day,weak_skew,0.7790441911617676,1.0203256401592886,-9.840565608344228,24,24
95,0.5,four_day,alt,0.44287109375,-2.937089326634474,-9.840565608344228,12,24
95,0.5,four_day,sharp,0.03369140625,4.051108842758091,-9.840565608344228,12,24
95,0.5,four_day,weak,0.04638671875,5.354759467041535,-9.840565608344228,12,24
95,0.5,four_day,weak_skew,0.25634765625,3.5877630131851728,-9.840565608344228,12,24
96,0.5,daily,alt,0.038792241551689664,-6.016032298544917,-9.320540987329892,24,24
96,0.5,daily,sharp,0.21635672865426914,2.3167216858359607,-9.320540987329892,24,24
96,0.5,daily,weak,0.6512697460507898,0.7672426142280502,-9.320540987329892,24,24
96,0.5,daily,weak_skew,0.12377524495100979,4.357290048523242,-9.320540987329892,24,24
96,0.5,two_day,alt,0.0005998800239952009,-10.902050049771981,-9.320540987329892,24,24
96,0.5,two_day,sharp,0.5346930613877224,-1.4376705961684106,-9.320540987329892,24,24
96,0.5,two_day,weak,0.8852229554089183,-0.400202296097308,-9.320540987329892,24,24
96,0.5,two_day,weak_skew,0.5610877824435113,1.7230515875585108,-9.320540987329892,24,24
96,0.5,four_day,alt,0.0556640625,-8.302921472571077,-9.320540987329892,12,24
96,0.5,four_day,sharp,0.84814453125,-0.4927103290610173,-9.320540987329892,12,24
96,0.5,four_day,weak,0.87890625,0.6286785474595398,-9.320540987329892,12,24
96,0.5,four_day,weak_skew,0.77734375,0.8047674031039733,-9.320540987329892,12,24
97,0.5,daily,alt,0.44671065786842634,-2.6347438088504025,-7.655023088668756,24,24
97,0.5,daily,sharp,0.2569486102779444,2.203662780326899,-7.655023088668756,24,24
97,0.5,daily,weak,0.023395320935812838,4.478832354289459,-7.655023088668756,24,24
97,0.5,daily,weak_skew,0.9042191561687662,0.26792429233885606,-7.655023088668756,24,24
97,0.5,two_day,alt,0.005598880223955209,-8.520221878904588,-7.655023088668756,24,24
97,0.5,two_day,sharp,0.9264147170565887,0.2838613780043084,-7.655023088668756,24,24
97,0.5,two_day,weak,0.594881023795241,1.612459787810547,-7.655023088668756,24,24
97,0.5,two_day,weak_skew,0.9964007198560288,-0.019738042592062282,-7.655023088668756,24,24
97,0.5,four_day,alt,0.0009765625,-12.35619078698221,-7.655023088668756,12,24
97,0.5,four_day,sharp,0.03857421875,-3.756631379501263,-7.655023088668756,12,24
97,0.5,four_day,weak,0.31884765625,-3.9122208421676636,-7.655023088668756,12,24
97,0.5,four_day,weak_skew,0.080078125,-4.53232454192642,-7.655023088668756,12,24
98,0.5,daily,alt,0.04579084183163367,-7.172732414210533,-8.022173724787706,24,24
98,0.5,daily,sharp,0.7344531093781244,-0.628835949949285,-8.022173724787706,24,24
98,0.5,daily,weak,0.20915816836632672,-3.0948373386005117,-8.022173724787706,24,24
98,0.5,daily,weak_skew,0.9202159568086383,-0.22032289292037088,-8.022173724787706,24,24
98,0.5,two_day,alt,0.26294741051789644,-5.2133081181780305,-8.022173724787706,24,24
98,0.5,two_day,sharp,0.5060987802439512,1.294684881169368,-8.022173724787706,24,24
98,0.5,two_day,weak,0.4491101779644071,-1.653812002925774,-8.022173724787706,24,24
98,0.5,two_day,weak_skew,0.886622675464907,0.5015786162774889,-8.022173724787706,24,24
98,0.5,four_day,alt,0.1787109375,-7.039766086280729,-8.022173724787706,12,24
98,0.5,four_day,sharp,0.9306640625,-0.22670114775298522,-8.022173724787706,12,24
98,0.5,four_day,weak,0.09423828125,-5.013115883439229,-8.022173724787706,12,24
98,0.5,four_day,weak_skew,0.81103515625,0.8569815006848772,-8.022173724787706,12,24
99,0.5,daily,alt,0.033793241351729654,-5.399999957615667,-7.772549832567648,24,24
99,0.5,daily,sharp,0.5538892221555689,-1.2139064858911082,-7.772549832567648,24,24
99,0.5,daily,weak,0.8404319136172765,-0.4582138923503045,-7.772549832567648,24,24
99,0.5,daily,weak_skew,0.15316936612677465,3.6934056016375627,-7.772549832567648,24,24
99,0.5,two_day,alt,0.0001999600079984003,-12.473186972419015,-7.772549832567648,24,24
99,0.5,two_day,sharp,0.033593281343731254,-4.470542458210266,-7.772549832567648,24,24
99,0.5,two_day,weak,0.16116776644671066,-4.252175983917964,-7.772549832567648,24,24
99,0.5,two_day,weak_skew,0.08118376324735053,-5.0802992704629775,-7.772549832567648,24,24
99,0.5,four_day,alt,0.03955078125,-4.673270355617743,-7.772549832567648,12,24
99,0.5,four_day,sharp,0.05615234375,2.4728058238832915,-7.772549832567648,12,24
99,0.5,four_day,weak,0.7978515625,0.6331459239350282,-7.772549832567648,12,24
99,0.5,four_day,weak_skew,0.4482421875,1.7814268563385547,-7.772549832567648,12,24
100,0.5,daily,alt,0.0001999600079984003,-9.799299019065726,-8.472943958379851,24,24
100,0.5,daily,sharp,0.4359128174365127,-1.333495208042933,-8.472943958379851,24,24
100,0.5,daily,weak,0.43071385722855426,-1.5198182230654629,-8.472943958379851,24,24
100,0.5,daily,weak_skew,0.6028794241151769,1.3199673283432303,-8.472943958379851,24,24
100,0.5,two_day,alt,0.03659268146370726,-6.878939520376702,-8.472943958379851,24,24
100,0.5,two_day,sharp,0.8572285542891421,0.41909956459162245,-8.472943958379851,24,24
100,0.5,two_day,weak,0.3593281343731254,2.548996242090717,-8.472943958379851,24,24
100,0.5,two_day,weak_skew,0.4549090181963607,1.9119346720350234,-8.472943958379851,24,24
100,0.5,four_day,alt,0.017578125,-9.653445792232922,-8.472943958379851,12,24
100,0.5,four_day,sharp,0.61767578125,1.7805880087420345,-8.472943958379851,12,24
100,0.5,four_day,weak,0.26416015625,5.730134728826447,-8.472943958379851,12,24
100,0.5,four_day,weak_skew,0.775390625,1.387750184825564,-8.472943958379851,12,24
101,0.5,daily,alt,0.05318936212757448,-4.300947579812106,-7.794081331217157,24,24
101,0.5,daily,sharp,0.47130573885222954,1.340204136122515,-7.794081331217157,24,24
101,0.5,daily,weak,0.46710657868426314,1.924673481401884,-7.794081331217157,24,24
101,0.5,daily,weak_skew,0.7450509898020395,-0.6977531114323975,-7.794081331217157,24,24
101,0.5,two_day,alt,0.16676664667066587,-5.658319549855641,-7.794081331217157,24,24
101,0.5,two_day,sharp,0.5424915016996601,2.2522556334163513,-7.794081331217157,24,24
101,0.5,two_day,weak,0.4777044591081784,3.210817885993135,-7.794081331217157,24,24
101,0.5,two_day,weak_skew,0.17876424715056988,5.549166175807955,-7.794081331217157,24,24
101,0.5,four_day,alt,0.16845703125,-3.273087879362823,-7.794081331217157,12,24
101,0.5,four_day,sharp,0.037109375,4.7628576782373555,-7.794081331217157,12,24
101,0.5,four_day,weak,0.04052734375,6.238412075205613,-7.794081331217157,12,24
101,0.5,four_day,weak_skew,0.23779296875,4.361066680401268,-7.794081331217157,12,24
102,0.5,daily,alt,0.0003999200159968006,-5.5180320620122005,-7.633761767497418,24,24
102,0.5,daily,sharp,0.6504699060187963,0.45146425729043393,-7.633761767497418,24,24
102,0.5,daily,weak,0.4327134573085383,1.1852307723368236,-7.633761767497418,24,24
102,0.5,daily,weak_skew,0.7314537092581483,-0.4800355066649245,-7.633761767497418,24,24
102,0.5,two_day,alt,0.016996600679864027,-8.354970461312925,-7.633761767497418,24,24
102,0.5,two_day,sharp,0.7384523095380924,-1.040831624934568,-7.633761767497418,24,24
102,0.5,two_day,weak,0.8880223955208958,-0.3543630572372611,-7.633761767497418,24,24
102,0.5,two_day,weak_skew,0.17196560687862428,-2.7031434492167263,-7.633761767497418,24,24
102,0.5,four_day,alt,0.3896484375,2.622699875097924,-7.633761767497418,12,24
102,0.5,four_day,sharp,0.01220703125,7.537834797305546,-7.633761767497418,12,24
102,0.5,four_day,weak,0.03173828125,7.787518399265661,-7.633761767497418,12,24
102,0.5,four_day,weak_skew,0.21435546875,5.4765159864749124,-7.633761767497418,12,24
103,0.5,daily,alt,0.0001999600079984003,-8.067937354606313,-7.327869301149306,24,24
103,0.5,daily,sharp,0.3463307338532294,-1.2049212792092965,-7.327869301149306,24,24
103,0.5,daily,weak,0.21215756848630274,-2.7285087832531154,-7.327869301149306,24,24
103,0.5,daily,weak_skew,0.643871225754849,-0.9789276889765928,-7.327869301149306,24,24
103,0.5,two_day,alt,0.0001999600079984003,-10.85112082269986,-7.327869301149306,24,24
103,0.5,two_day,sharp,0.2693461307738452,-1.7625415613530073,-7.327869301149306,24,24
103,0.5,two_day,weak,0.2979404119176165,-2.4717984916894467,-7.327869301149306,24,24
103,0.5,two_day,weak_skew,0.032993401319736056,-4.44617859244363,-7.327869301149306,24,24
103,0.5,four_day,alt,0.0009765625,-13.252471369416844,-7.327869301149306,12,24
103,0.5,four_day,sharp,0.025390625,-4.181022040778269,-7.327869301149306,12,24
103,0.5,four_day,weak,0.099609375,-6.242297914125026,-7.327869301149306,12,24
103,0.5,four_day,weak_skew,0.00048828125,-6.629810016055096,-7.327869301149306,12,24
104,0.5,daily,alt,0.029194161167766446,-5.57105680014368,-6.99930765595397,24,24
104,0.5,daily,sharp,0.5248950209958009,-0.8990958354607029,-6.99930765595397,24,24
104,0.5,daily,weak,0.2451509698060388,-2.2892386752352407,-6.99930765595397,24,24
104,0.5,daily,weak_skew,0.33053389322135573,2.2482757432811122,-6.99930765595397,24,24
104,0.5,two_day,alt,0.1959608078384323,-5.799781522047531,-6.99930765595397,24,24
104,0.5,two_day,sharp,0.7944411117776444,-0.6579308546352219,-6.99930765595397,24,24
104,0.5,two_day,weak,0.3603279344131174,-3.178264830173815,-6.99930765595397,24,24
104,0.5,two_day,weak_skew,0.8930213957208558,-0.4173830151847948,-6.99930765595397,24,24
104,0.5,four_day,alt,0.1259765625,-4.005154383641827,-6.99930765595397,12,24
104,0.5,four_day,sharp,0.322265625,2.0729762691083877,-6.99930765595397,12,24
104,0.5,four_day,weak,0.05126953125,5.413645792075567,-6.99930765595397,12,24
104,0.5,four_day,weak_skew,0.14306640625,4.01942996808643,-6.99930765595397,12,24
105,0.5,daily,alt,0.0001999600079984003,-8.337265796383983,-10.375563008370442,24,24
105,0.5,daily,sharp,0.9964007198560288,0.004558712104820728,-10.375563008370442,24,24
105,0.5,daily,weak,0.9446110777844431,0.11271381836097098,-10.375563008370442,24,24
105,0.5,daily,weak_skew,0.7136572685462907,0.6740538317893883,-10.375563008370442,24,24
105,0.5,two_day,alt,0.0001999600079984003,-11.452766764969049,-10.375563008370442,24,24
105,0.5,two_day,sharp,0.8644271145770845,-0.24188579080364678,-10.375563008370442,24,24
105,0.5,two_day,weak,0.8284343131373725,-0.48130841965407917,-10.375563008370442,24,24
105,0.5,two_day,weak_skew,0.05838832233553289,4.398373374687786,-10.375563008370442,24,24
105,0.5,four_day,alt,0.00439453125,-10.900334834488483,-10.375563008370442,12,24
105,0.5,four_day,sharp,0.90478515625,-0.16791536259244685,-10.375563008370442,12,24
105,0.5,four_day,weak,0.88671875,0.26375256545678916,-10.375563008370442,12,24
105,0.5,four_day,weak_skew,0.201171875,-2.8231709671141183,-10.375563008370442,12,24
106,0.5,daily,alt,0.0007998400319936012,-6.701809875809296,-6.565186782475962,24,24
106,0.5,daily,sharp,0.3515296940611878,-1.296597241200529,-6.565186782475962,24,24
106,0.5,daily,weak,0.42551489702059586,1.6791449761002626,-6.565186782475962,24,24
106,0.5,daily,weak_skew,0.6672665466906619,-0.6699633896315094,-6.565186782475962,24,24
106,0.5,two_day,alt,0.03719256148770246,-5.300552238088952,-6.565186782475962,24,24
106,0.5,two_day,sharp,0.6054789042191562,0.9489453173793834,-6.565186782475962,24,24
106,0.5,two_day,weak,0.8966206758648271,0.3969387420226645,-6.565186782475962,24,24
106,0.5,two_day,weak_skew,0.353129374125175,-1.6706970811539026,-6.565186782475962,24,24
106,0.5,four_day,alt,0.0048828125,-7.366841902120453,-6.565186782475962,12,24
106,0.5,four_day,sharp,0.541015625,-1.2631054400336896,-6.565186782475962,12,24
106,0.5,four_day,weak,0.49267578125,2.8345175398923534,-6.565186782475962,12,24
106,0.5,four_day,weak_skew,0.5576171875,-1.375664618083593,-6.565186782475962,12,24
107,0.5,daily,alt,0.0001999600079984003,-10.94874665696885,-8.46635942570947,24,24
107,0.5,daily,sharp,0.14257148570285944,-2.6557561547298265,-8.46635942570947,24,24
107,0.5,daily,weak,0.11657668466306739,-4.005104001208402,-8.46635942570947,24,24
107,0.5,daily,weak_skew,0.03419316136772645,-3.9072112797363627,-8.46635942570947,24,24
107,0.5,two_day,alt,0.2917416516696661,-3.4316159587906228,-8.46635942570947,24,24
107,0.5,two_day,sharp,0.16916616676664667,2.925628295735546,-8.46635942570947,24,24
107,0.5,two_day,weak,0.019596080783843232,6.445986283164931,-8.46635942570947,24,24
107,0.5,two_day,weak_skew,0.12377524495100979,3.7529511189295,-8.46635942570947,24,24
107,0.5,four_day,alt,0.00048828125,-12.335456020862386,-8.46635942570947,12,24
107,0.5,four_day,sharp,0.07861328125,-3.975607377210609,-8.46635942570947,12,24
107,0.5,four_day,weak,0.693359375,-1.2625341146377007,-8.46635942570947,12,24
107,0.5,four_day,weak_skew,0.32421875,-3.9505419440717944,-8.46635942570947,12,24
108,0.5,daily,alt,0.0001999600079984003,-11.70205788924649,-10.405902012083416,24,24
108,0.5,daily,sharp,0.19736052789442113,-2.4960813032475433,-10.405902012083416,24,24
108,0.5,daily,weak,0.23395320935812838,-3.039732732028836,-10.405902012083416,24,24
108,0.5,daily,weak_skew,0.8196360727854429,-0.6794350166082426,-10.405902012083416,24,24
108,0.5,two_day,alt,0.007598480303939212,-8.97637023061704,-10.405902012083416,24,24
108,0.5,two_day,sharp,0.6204759048190361,1.150510774442622,-10.405902012083416,24,24
108,0.5,two_day,weak,0.23375324935012998,3.325903645045982,-10.405902012083416,24,24
108,0.5,two_day,weak_skew,0.7022595480903819,-1.0343087013282075,-10.405902012083416,24,24
108,0.5,four_day,alt,0.0810546875,-8.250003697665141,-10.405902012083416,12,24
108,0.5,four_day,sharp,0.83837890625,0.6641450937997343,-10.405902012083416,12,24
108,0.5,four_day,weak,0.3359375,3.646947003489824,-10.405902012083416,12,24
108,0.5,four_day,weak_skew,0.86767578125,0.6738989125408068,-10.405902012083416,12,24
109,0.5,daily,alt,0.21695660867826436,-4.335095715412975,-6.302818319303697,24,24
109,0.5,daily,sharp,0.9092181563687263,-0.23347817291585424,-6.302818319303697,24,24
109,0.5,daily,weak,0.5716856628674265,1.6069017036649729,-6.302818319303697,24,24
109,0.5,daily,weak_skew,0.6554689062187562,-1.1583894775140522,-6.302818319303697,24,24
109,0.5,two_day,alt,0.20935812837432513,-4.560545783977582,-6.302818319303697,24,24
109,0.5,two_day,sharp,0.3867226554689062,1.9992525847823088,-6.302818319303697,24,24
109,0.5,two_day,weak,0.7378524295140971,0.8457608648789051,-6.302818319303697,24,24
109,0.5,two_day,weak_skew,0.0593881223755249,6.085201681078097,-6.302818319303697,24,24
109,0.5,four_day,alt,0.00244140625,-12.250961343639636,-6.302818319303697,12,24
109,0.5,four_day,sharp,0.43798828125,-2.0403271166341868,-6.302818319303697,12,24
109,0.5,four_day,weak,0.22314453125,-4.531184274943855,-6.302818319303697,12,24
109,0.5,four_day,weak_skew,0.654296875,-1.9052698160761892,-6.302818319303697,12,24
110,0.5,daily,alt,0.0001999600079984003,-8.71166943089487,-10.821714847096189,24,24
110,0.5,daily,sharp,0.8054389122175565,-0.28074145063035844,-10.821714847096189,24,24
110,0.5,daily,weak,0.6978604279144172,0.7037974967906934,-10.821714847096189,24,24
110,0.5,daily,weak_skew,0.0643871225754849,-2.492377760412618,-10.821714847096189,24,24
110,0.5,two_day,alt,0.0001999600079984003,-16.00282488370578,-10.821714847096189,24,24
110,0.5,two_day,sharp,0.003199360127974405,-4.391916803306081,-10.821714847096189,24,24
110,0.5,two_day,weak,0.005398920215956809,-6.277866605065097,-10.821714847096189,24,24
110,0.5,two_day,weak_skew,0.21315736852629474,-3.1647724489012936,-10.821714847096189,24,24
110,0.5,four_day,alt,0.0029296875,-10.273084267757413,-10.821714847096189,12,24
110,0.5,four_day,sharp,0.97705078125,-0.042163438443824454,-10.821714847096189,12,24
110,0.5,four_day,weak,0.69921875,-1.3454033803353542,-10.821714847096189,12,24
110,0.5,four_day,weak_skew,0.23876953125,3.2089201102486364,-10.821714847096189,12,24
111,0.5,daily,alt,0.05598880223955209,-4.13684267764804,-6.655994323895058,24,24
111,0.5,daily,sharp,0.4871025794841032,1.2678048569385003,-6.655994323895058,24,24
111,0.5,daily,weak,0.4977004599080184,1.3313510736670633,-6.655994323895058,24,24
111,0.5,daily,weak_skew,0.8728254349130175,0.3362882205680237,-6.655994323895058,24,24
111,0.5,two_day,alt,0.001799640071985603,-12.529106919094621,-6.655994323895058,24,24
111,0.5,two_day,sharp,0.11177764447110577,-4.91759721725191,-6.655994323895058,24,24
111,0.5,two_day,weak,0.20575884823035392,-4.961498886351794,-6.655994323895058,24,24
111,0.5,two_day,weak_skew,0.14617076584683064,-6.115780479794918,-6.655994323895058,24,24
111,0.5,four_day,alt,0.77197265625,-0.9942832066452892,-6.655994323895058,12,24
111,0.5,four_day,sharp,0.041015625,5.894418708556155,-6.655994323895058,12,24
111,0.5,four_day,weak,0.9580078125,0.13525571322816413,-6.655994323895058,12,24
111,0.5,four_day,weak_skew,0.0166015625,11.13234532902787,-6.655994323895058,12,24
112,0.5,daily,alt,0.046590681863627276,-4.911481355033321,-7.821066412751016,24,24
112,0.5,daily,sharp,0.8958208358328335,-0.2564925112857252,-7.821066412751016,24,24
112,0.5,daily,weak,0.7818436312737452,-0.7622935113107531,-7.821066412751016,24,24
112,0.5,daily,weak_skew,0.9448110377924415,0.1656401144373524,-7.821066412751016,24,24
112,0.5,two_day,alt,0.014197160567886422,-9.262179896283891,-7.821066412751016,24,24
112,0.5,two_day,sharp,0.503499300139972,-1.5298950341207707,-7.821066412751016,24,24
112,0.5,two_day,weak,0.29994001199760045,-3.582757904608858,-7.821066412751016,24,24
112,0.5,two_day,weak_skew,0.2631473705258948,-2.956283269378473,-7.821066412751016,24,24
112,0.5,four_day,alt,0.03369140625,-10.323989795147432,-7.821066412751016,12,24
112,0.5,four_day,sharp,0.2451171875,-2.863532864617522,-7.821066412751016,12,24
112,0.5,four_day,weak,0.4892578125,2.9174781449725775,-7.821066412751016,12,24
112,0.5,four_day,weak_skew,0.17041015625,-3.7358141061420174,-7.821066412751016,12,24
113,0.5,daily,alt,0.019596080783843232,-6.567969948895573,-6.3389073039631825,24,24
113,0.5,daily,sharp,0.7734453109378124,-0.7100861648234394,-6.3389073039631825,24,24
113,0.5,daily,weak,0.47790441911617676,2.226168099209462,-6.3389073039631825,24,24
113,0.5,daily,weak_skew,0.4543091381723655,-1.8548864679786174,-6.3389073039631825,24,24
113,0.5,two_day,alt,0.005198960207958408,-12.664944239730469,-6.3389073039631825,24,24
113,0.5,two_day,sharp,0.04259148170365927,-7.768886513211356,-6.3389073039631825,24,24
113,0.5,two_day,weak,0.12917416516696661,-7.389403555041372,-6.3389073039631825,24,24
113,0.5,two_day,weak_skew,0.013997200559888023,-9.629484950887802,-6.3389073039631825,24,24
113,0.5,four_day,alt,0.50537109375,-3.199516395618787,-6.3389073039631825,12,24
113,0.5,four_day,sharp,0.69970703125,1.3864096184359191,-6.3389073039631825,12,24
113,0.5,four_day,weak,0.97607421875,-0.08921242107919507,-6.3389073039631825,12,24
113,0.5,four_day,weak_skew,0.23486328125,4.364543566656981,-6.3389073039631825,12,24
114,0.5,daily,alt,0.0001999600079984003,-8.205830100106747,-7.882982928402527,24,24
114,0.5,daily,sharp,0.4373125374925015,-1.0272870971901285,-7.882982928402527,24,24
114,0.5,daily,weak,0.378124375124975,-1.7640017831326575,-7.882982928402527,24,24
114,0.5,daily,weak_skew,0.11297740451909619,-2.3863324693950436,-7.882982928402527,24,24
114,0.5,two_day,alt,0.014197160567886422,-7.888156922761234,-7.882982928402527,24,24
114,0.5,two_day,sharp,0.5994801039792041,-1.4251240431667824,-7.882982928402527,24,24
114,0.5,two_day,weak,0.7666466706658668,-1.0721589167660361,-7.882982928402527,24,24
114,0.5,two_day,weak_skew,0.7796440711857628,-0.715301447766679,-7.882982928402527,24,24
114,0.5,four_day,alt,0.00048828125,-11.351827382996815,-7.882982928402527,12,24
114,0.5,four_day,sharp,0.2060546875,-3.9350035664912917,-7.882982928402527,12,24
114,0.5,four_day,weak,0.603515625,-1.8711645132571466,-7.882982928402527,12,24
114,0.5,four_day,weak_skew,0.0458984375,-8.39010533095952,-7.882982928402527,12,24
115,0.5,daily,alt,0.0001999600079984003,-8.309663616440654,-8.48305811635717,24,24
115,0.5,daily,sharp,0.7254549090181963,-0.4228239822491246,-8.48305811635717,24,24
115,0.5,daily,weak,0.7540491901619676,0.5509310071705059,-8.48305811635717,24,24
115,0.5,daily,weak_skew,0.6948610277944411,0.900819724027001,-8.48305811635717,24,24
115,0.5,two_day,alt,0.0001999600079984003,-7.2154868074807395,-8.48305811635717,24,24
115,0.5,two_day,sharp,0.32533493301339733,1.5037202220804209,-8.48305811635717,24,24
115,0.5,two_day,weak,0.4621075784843031,1.6771985993485472,-8.48305811635717,24,24
115,0.5,two_day,weak_skew,0.6724655068986203,-0.7926227404015105,-8.48305811635717,24,24
115,0.5,four_day,alt,0.0029296875,-10.356882050499696,-8.48305811635717,12,24
115,0.5,four_day,sharp,0.4580078125,-1.5748498798405286,-8.48305811635717,12,24
115,0.5,four_day,weak,0.8701171875,-0.6047677973280751,-8.48305811635717,12,24
115,0.5,four_day,weak_skew,0.84716796875,0.7563921737750222,-8.48305811635717,12,24
116,0.5,daily,alt,0.09938012397520496,-2.7007583198374463,-4.237288212709956,24,24
116,0.5,daily,sharp,0.45550889822035595,1.0304720633978872,-4.237288212709956,24,24
116,0.5,daily,weak,0.9494101179764047,0.12690945419162483,-4.237288212709956,24,24
116,0.5,daily,weak_skew,0.20675864827034593,2.3573018155783196,-4.237288212709956,24,24
116,0.5,two_day,alt,0.3053389322135573,-2.6470255330471852,-4.237288212709956,24,24
116,0.5,two_day,sharp,0.6462707458508299,0.9117549930118685,-4.237288212709956,24,24
116,0.5,two_day,weak,0.9524095180963807,0.19425804029531454,-4.237288212709956,24,24
116,0.5,two_day,weak_skew,0.46870625874825034,2.180540454017653,-4.237288212709956,24,24
116,0.5,four_day,alt,0.0087890625,-8.787661372871463,-4.237288212709956,12,24
116,0.5,four_day,sharp,0.07568359375,-4.226795922115705,-4.237288212709956,12,24
116,0.5,four_day,weak,0.0205078125,-9.553975008397552,-4.237288212709956,12,24
116,0.5,four_day,weak_skew,0.580078125,-1.568739316317559,-4.237288212709956,12,24
117,0.5,daily,alt,0.0001999600079984003,-10.642891111266954,-10.205392482777064,24,24
117,0.5,daily,sharp,0.4741051789642072,-1.1461359535767084,-10.205392482777064,24,24
117,0.5,daily,weak,0.27294541091781643,-2.6235612418815886,-10.205392482777064,24,24
117,0.5,daily,weak_skew,0.861627674465107,0.44939528329573175,-10.205392482777064,24,24
117,0.5,two_day,alt,0.0011997600479904018,-11.546810319553572,-10.205392482777064,24,24
117,0.5,two_day,sharp,0.6918616276744651,-0.8630603093735901,-10.205392482777064,24,24
117,0.5,two_day,weak,0.9956008798240352,0.01503701750195289,-10.205392482777064,24,24
117,0.5,two_day,weak_skew,0.9576084783043392,0.19090378276440667,-10.205392482777064,24,24
117,0.5,four_day,alt,0.00048828125,-14.030493014969432,-10.205392482777064,12,24
117,0.5,four_day,sharp,0.02685546875,-2.200356546731419,-10.205392482777064,12,24
117,0.5,four_day,weak,0.576171875,-1.143401106713556,-10.205392482777064,12,24
117,0.5,four_day,weak_skew,0.22021484375,-2.77790494480151,-10.205392482777064,12,24
118,0.5,daily,alt,0.0001999600079984003,-8.102414397306129,-8.760859473062538,24,24
118,0.5,daily,sharp,0.47010597880423916,-0.7336383082460408,-8.760859473062538,24,24
118,0.5,daily,weak,0.8532293541291741,0.2974210644883352,-8.760859473062538,24,24
118,0.5,daily,weak_skew,0.9110177964407119,-0.24241648735334506,-8.760859473062538,24,24
118,0.5,two_day,alt,0.0001999600079984003,-9.140758625779663,-8.760859473062538,24,24
118,0.5,two_day,sharp,0.24315136972605478,-1.2577341641746196,-8.760859473062538,24,24
118,0.5,two_day,weak,0.9874025194961008,-0.02778280298730736,-8.760859473062538,24,24
118,0.5,two_day,weak_skew,0.0683863227354529,-3.9843897885593904,-8.760859473062538,24,24
118,0.5,four_day,alt,0.00537109375,-7.939149205391156,-8.760859473062538,12,24
118,0.5,four_day,sharp,0.67431640625,0.60650383751219,-8.760859473062538,12,24
118,0.5,four_day,weak,0.0546875,-4.0551825083844575,-8.760859473062538,12,24
118,0.5,four_day,weak_skew,0.25048828125,4.7913658144368645,-8.760859473062538,12,24
119,0.5,daily,alt,0.0001999600079984003,-8.365516964981383,-8.92421373249563,24,24
119,0.5,daily,sharp,0.7144571085782844,-0.37167279434208034,-8.92421373249563,24,24
119,0.5,daily,weak,0.6670665866826635,-0.676712491988377,-8.92421373249563,24,24
119,0.5,daily,weak_skew,0.47470505898820237,-1.2377324121797342,-8.92421373249563,24,24
119,0.5,two_day,alt,0.20895820835832835,-3.95580898084634,-8.92421373249563,24,24
119,0.5,two_day,sharp,0.2543491301739652,1.753364100616296,-8.92421373249563,24,24
119,0.5,two_day,weak,0.6050789842031594,1.584427462965188,-8.92421373249563,24,24
119,0.5,two_day,weak_skew,0.5510897820435913,1.7101434071280053,-8.92421373249563,24,24
119,0.5,four_day,alt,0.08056640625,-7.183631318404494,-8.92421373249563,12,24
119,0.5,four_day,sharp,0.95751953125,0.11588321207282111,-8.92421373249563,12,24
119,0.5,four_day,weak,0.15380859375,-3.650225731011901,-8.92421373249563,12,24
119,0.5,four_day,weak_skew,0.8564453125,0.7399205451759698,-8.92421373249563,12,24
120,0.5,daily,alt,0.0001999600079984003,-7.121758700369344,-8.951470425738286,24,24
120,0.5,daily,sharp,0.5384923015396921,0.6367407529050837,-8.951470425738286,24,24
120,0.5,daily,weak,0.14937012597480503,-2.412941973676563,-8.951470425738286,24,24
120,0.5,daily,weak_skew,0.49870025994801037,0.8090261187471421,-8.951470425738286,24,24
120,0.5,two_day,alt,0.004399120175964807,-6.88222980004461,-8.951470425738286,24,24
120,0.5,two_day,sharp,0.060587882423515295,3.0592057019649697,-8.951470425738286,24,24
120,0.5,two_day,weak,0.40691861627674464,2.0281684382115777,-8.951470425738286,24,24
120,0.5,two_day,weak_skew,0.15896820635872824,4.295059293154704,-8.951470425738286,24,24
120,0.5,four_day,alt,0.0029296875,-11.738926334522441,-8.951470425738286,12,24
120,0.5,four_day,sharp,0.6083984375,-1.1825456715738347,-8.951470425738286,12,24
120,0.5,four_day,weak,0.17626953125,-3.7834524171619197,-8.951470425738286,12,24
120,0.5,four_day,weak_skew,0.42236328125,-3.05493882020173,-8.951470425738286,12,24
121,0.5,daily,alt,0.0001999600079984003,-9.275472720132251,-8.927091126603344,24,24
121,0.5,daily,sharp,0.4357128574285143,-0.8528805321272982,-8.927091126603344,24,24
121,0.5,daily,weak,0.9734053189362127,0.0416953573931386,-8.927091126603344,24,24
121,0.5,daily,weak_skew,0.8650269946010798,0.3036026070550089,-8.927091126603344,24,24
121,0.5,two_day,alt,0.0001999600079984003,-12.84903688111715,-8.927091126603344,24,24
121,0.5,two_day,sharp,0.32273545290941813,-1.301287202400408,-8.927091126603344,24,24
121,0.5,two_day,weak,0.3111377724455109,-2.1578154635337117,-8.927091126603344,24,24
121,0.5,two_day,weak_skew,0.4451109778044391,-1.4988166386495922,-8.927091126603344,24,24
121,0.5,four_day,alt,0.0029296875,-9.004990139038048,-8.927091126603344,12,24
121,0.5,four_day,sharp,0.69677734375,-0.5572852559559246,-8.927091126603344,12,24
121,0.5,four_day,weak,0.20849609375,-2.9382701642883795,-8.927091126603344,12,24
121,0.5,four_day,weak_skew,0.25634765625,3.850429170860146,-8.927091126603344,12,24
122,0.5,daily,alt,0.0003999200159968006,-6.403009940403614,-5.933036020189391,24,24
122,0.5,daily,sharp,0.5556888622275545,-0.7207344588791781,-5.933036020189391,24,24
122,0.5,daily,weak,0.9062187562487503,0.20756227913174494,-5.933036020189391,24,24
122,0.5,daily,weak_skew,0.909618076384723,0.20466275157566324,-5.933036020189391,24,24
122,0.5,two_day,alt,0.3505298940211958,-1.8144235140059302,-5.933036020189391,24,24
122,0.5,two_day,sharp,0.03459308138372325,3.7857438547799713,-5.933036020189391,24,24
122,0.5,two_day,weak,0.09798040391921616,3.575236964117862,-5.933036020189391,24,24
122,0.5,two_day,weak_skew,0.6086782643471306,1.0609492412710353,-5.933036020189391,24,24
122,0.5,four_day,alt,0.28564453125,-3.9409276851374564,-5.933036020189391,12,24
122,0.5,four_day,sharp,0.7412109375,0.890995253262373,-5.933036020189391,12,24
122,0.5,four_day,weak,0.86669921875,-0.8316697979202073,-5.933036020189391,12,24
122,0.5,four_day,weak_skew,0.810546875,-1.2343358665870194,-5.933036020189391,12,24
123,0.5,daily,alt,0.010997800439912017,-5.0746031302963015,-9.364513836227665,24,24
123,0.5,daily,sharp,0.21795640871825636,0.8060305512668048,-9.364513836227665,24,24
123,0.5,daily,weak,0.3265346930613877,1.5140191002312495,-9.364513836227665,24,24
123,0.5,daily,weak_skew,0.5894821035792841,0.9113359983548447,-9.364513836227665,24,24
123,0.5,two_day,alt,0.0001999600079984003,-10.08004918097876,-9.364513836227665,24,24
123,0.5,two_day,sharp,0.26194761047790444,-0.7648208248284382,-9.364513836227665,24,24
123,0.5,two_day,weak,0.9972005598880224,-0.006682353979794146,-9.364513836227665,24,24
123,0.5,two_day,weak_skew,0.7630473905218956,0.724852848495722,-9.364513836227665,24,24
123,0.5,four_day,alt,0.00927734375,-12.529977926461932,-9.364513836227665,12,24
123,0.5,four_day,sharp,0.15380859375,-2.6174539875191414,-9.364513836227665,12,24
123,0.5,four_day,weak,0.30908203125,-2.325021050505758,-9.364513836227665,12,24
123,0.5,four_day,weak_skew,0.486328125,-2.2546548786411122,-9.364513836227665,12,24
124,0.5,daily,alt,0.0011997600479904018,-7.7948214258120485,-7.679777414900315,24,24
124,0.5,daily,sharp,0.9044191161767646,0.23611663356632295,-7.679777414900315,24,24
124,0.5,daily,weak,0.6554689062187562,-1.0498893361830246,-7.679777414900315,24,24
124,0.5,daily,weak_skew,0.4573085382923415,-1.7544649701405994,-7.679777414900315,24,24
124,0.5,two_day,alt,0.005198960207958408,-8.759275233070172,-7.679777414900315,24,24
124,0.5,two_day,sharp,0.610877824435113,-1.1824917086046625,-7.679777414900315,24,24
124,0.5,two_day,weak,0.7870425914817036,-0.7692751673871445,-7.679777414900315,24,24
124,0.5,two_day,weak_skew,0.5112977404519096,-1.998634027861615,-7.679777414900315,24,24
124,0.5,four_day,alt,0.1201171875,-6.325103547031447,-7.679777414900315,12,24
124,0.5,four_day,sharp,0.60205078125,1.316092971756677,-7.679777414900315,12,24
124,0.5,four_day,weak,0.51318359375,3.3725711604626665,-7.679777414900315,12,24
124,0.5,four_day,weak_skew,0.81396484375,0.8639431017409832,-7.679777414900315,12,24
125,0.5,daily,alt,0.0013997200559888023,-8.095568344391843,-8.62003692637522,24,24
125,0.5,daily,sharp,0.22135572885422916,-1.5444657048641826,-8.62003692637522,24,24
125,0.5,daily,weak,0.4537092581483703,1.4462471216819266,-8.62003692637522,24,24
125,0.5,daily,weak_skew,0.9662067586482703,-0.11266454923211307,-8.62003692637522,24,24
125,0.5,two_day,alt,0.001999600079984003,-7.475148486592705,-8.62003692637522,24,24
125,0.5,two_day,sharp,0.6936612677464508,0.6348134819170586,-8.62003692637522,24,24
125,0.5,two_day,weak,0.365126974605079,-2.1566412863456343,-8.62003692637522,24,24
125,0.5,two_day,weak_skew,0.76624675064987,0.6577289114386108,-8.62003692637522,24,24
125,0.5,four_day,alt,0.00244140625,-12.035056593683635,-8.62003692637522,12,24
125,0.5,four_day,sharp,0.4140625,-2.374011750411785,-8.62003692637522,12,24
125,0.5,four_day,weak,0.7080078125,-1.492062244124843,-8.62003692637522,12,24
125,0.5,four_day,weak_skew,0.787109375,-0.7272995163902346,-8.62003692637522,12,24
126,0.5,daily,alt,0.007598480303939212,-4.018364790985799,-7.909590026629019,24,24
126,0.5,daily,sharp,0.20255948810237953,1.4629337870119263,-7.909590026629019,24,24
126,0.5,daily,weak,0.20555888822235552,2.2651753472156058,-7.909590026629019,24,24
126,0.5,daily,weak_skew,0.14637072585482905,2.945452604486331,-7.909590026629019,24,24
126,0.5,two_day,alt,0.0001999600079984003,-9.60538910818306,-7.909590026629019,24,24
126,0.5,two_day,sharp,0.3191361727654469,-1.2984400421893623,-7.909590026629019,24,24
126,0.5,two_day,weak,0.7498500299940012,0.778097456551165,-7.909590026629019,24,24
126,0.5,two_day,weak_skew,0.7316536692661467,-0.793571652461765,-7.909590026629019,24,24
126,0.5,four_day,alt,0.00830078125,-7.713613714930747,-7.909590026629019,12,24
126,0.5,four_day,sharp,0.94873046875,-0.09415723876260647,-7.909590026629019,12,24
126,0.5,four_day,weak,0.755859375,-1.045302098912473,-7.909590026629019,12,24
126,0.5,four_day,weak_skew,0.087890625,-3.6035604067867983,-7.909590026629019,12,24
127,0.5,daily,alt,0.0003999200159968006,-8.360942371927989,-7.23889291937958,24,24
127,0.5,daily,sharp,0.10557888422315537,-1.896113733581111,-7.23889291937958,24,24
127,0.5,daily,weak,0.33613277344531095,-1.7206514223297174,-7.23889291937958,24,24
127,0.5,daily,weak_skew,0.382123575284943,-1.580424880322382,-7.23889291937958,24,24
127,0.5,two_day,alt,0.07418516296740651,-6.100227791604013,-7.23889291937958,24,24
127,0.5,two_day,sharp,0.8788242351529694,0.3140681894971191,-7.23889291937958,24,24
127,0.5,two_day,weak,0.5760847830433913,1.3815204879495937,-7.23889291937958,24,24
127,0.5,two_day,weak_skew,0.4437112577484503,2.0163696684870542,-7.23889291937958,24,24
127,0.5,four_day,alt,0.2939453125,-4.027714720441169,-7.23889291937958,12,24
127,0.5,four_day,sharp,0.38134765625,2.8082449945669077,-7.23889291937958,12,24
127,0.5,four_day,weak,0.42578125,2.4840604311857457,-7.23889291937958,12,24
127,0.5,four_day,weak_skew,0.50830078125,2.2969132556266927,-7.23889291937958,12,24
128,0.5,daily,alt,0.0011997600479904018,-10.741213848795077,-8.534238466685451,24,24
128,0.5,daily,sharp,0.14117176564687062,-2.9022102110795647,-8.534238466685451,24,24
128,0.5,daily,weak,0.23355328934213157,-3.158867619511128,-8.534238466685451,24,24
128,0.5,daily,weak_skew,0.8008398320335933,-0.7202460997047728,-8.534238466685451,24,24
128,0.5,two_day,alt,0.021595680863827234,-7.688596920329246,-8.534238466685451,24,24
128,0.5,two_day,sharp,0.7480503899220156,0.7838300189811053,-8.534238466685451,24,24
128,0.5,two_day,weak,0.8262347530493901,-0.579713311099181,-8.534238466685451,24,24
128,0.5,two_day,weak_skew,0.8554289142171566,-0.45248821685182783,-8.534238466685451,24,24
128,0.5,four_day,alt,0.00146484375,-13.562830699603454,-8.534238466685451,12,24
128,0.5,four_day,sharp,0.1162109375,-4.582063227771987,-8.534238466685451,12,24
128,0.5,four_day,weak,0.1875,-4.383599817310238,-8.534238466685451,12,24
128,0.5,four_day,weak_skew,0.44677734375,-3.5001720479404903,-8.534238466685451,12,24
129,0.5,daily,alt,0.0001999600079984003,-10.822195651631077,-11.616265247560705,24,24
129,0.5,daily,sharp,0.608878224355129,-0.8520374662725914,-11.616265247560705,24,24
129,0.5,daily,weak,0.3723255348930214,-2.3581225042453884,-11.616265247560705,24,24
129,0.5,daily,weak_skew,0.22635472905418916,-2.1840271650957876,-11.616265247560705,24,24
129,0.5,two_day,alt,0.0001999600079984003,-11.71292554661485,-11.616265247560705,24,24
129,0.5,two_day,sharp,0.830633873225355,0.39760599547708725,-11.616265247560705,24,24
129,0.5,two_day,weak,0.5180963807238552,1.7322138181381714,-11.616265247560705,24,24
129,0.5,two_day,weak_skew,0.5222955408918216,-1.6703215871663983,-11.616265247560705,24,24
129,0.5,four_day,alt,0.00048828125,-13.809971841760094,-11.616265247560705,12,24
129,0.5,four_day,sharp,0.4931640625,-1.31698551059118,-11.616265247560705,12,24
129,0.5,four_day,weak,0.47021484375,-1.9959228809885747,-11.616265247560705,12,24
129,0.5,four_day,weak_skew,0.50146484375,-2.266764268865154,-11.616265247560705,12,24
130,0.5,daily,alt,0.0001999600079984003,-9.623349035608074,-8.80864275503766,24,24
130,0.5,daily,sharp,0.01839632073585283,-2.6861460372592068,-8.80864275503766,24,24
130,0.5,daily,weak,0.1817636472705459,-2.413616053601673,-8.80864275503766,24,24
130,0.5,daily,weak_skew,0.18236352729454108,-2.232271783528652,-8.80864275503766,24,24
130,0.5,two_day,alt,0.0011997600479904018,-7.710664074501666,-8.80864275503766,24,24
130,0.5,two_day,sharp,0.9934013197360528,0.013640315013794257,-8.80864275503766,24,24
130,0.5,two_day,weak,0.999000199960008,-0.0018742670372295933,-8.80864275503766,24,24
130,0.5,two_day,weak_skew,0.8012397520495901,0.6172629160316759,-8.80864275503766,24,24
130,0.5,four_day,alt,0.0986328125,-6.711199101885083,-8.80864275503766,12,24
130,0.5,four_day,sharp,0.7763671875,0.8249523077180866,-8.80864275503766,12,24
130,0.5,four_day,weak,0.52880859375,2.59575311534833,-8.80864275503766,12,24
130,0.5,four_day,weak_skew,0.32958984375,-3.2618587911568917,-8.80864275503766,12,24
131,0.5,daily,alt,0.10137972405518897,-3.8889055988423245,-8.435194558619457,24,24
131,0.5,daily,sharp,0.28314337132573486,2.111203528980532,-8.435194558619457,24,24
131,0.5,daily,weak,0.5844831033793242,1.2971076594249995,-8.435194558619457,24,24
131,0.5,daily,weak_skew,0.4527094581083783,1.989994177269687,-8.435194558619457,24,24
131,0.5,two_day,alt,0.3151369726054789,-2.963167530524048,-8.435194558619457,24,24
131,0.5,two_day,sharp,0.4257148570285943,1.7012480861214525,-8.435194558619457,24,24
131,0.5,two_day,weak,0.9078184363127374,-0.29244911876047325,-8.435194558619457,24,24
131,0.5,two_day,weak_skew,0.49510097980403917,1.883210524172136,-8.435194558619457,24,24
131,0.5,four_day,alt,0.05810546875,-5.644137707415463,-8.435194558619457,12,24
131,0.5,four_day,sharp,0.02783203125,3.6941756880329524,-8.435194558619457,12,24
131,0.5,four_day,weak,0.603515625,1.7130336421647272,-8.435194558619457,12,24
131,0.5,four_day,weak_skew,0.126953125,5.916773667985474,-8.435194558619457,12,24
132,0.5,daily,alt,0.0005998800239952009,-8.67204843741221,-8.240926594858188,24,24
132,0.5,daily,sharp,0.6052789442111578,-0.9072379375968888,-8.240926594858188,24,24
132,0.5,daily,weak,0.9556088782243551,0.11447009731312541,-8.240926594858188,24,24
132,0.5,daily,weak_skew,0.8364327134573085,-0.4257669671048567,-8.240926594858188,24,24
132,0.5,two_day,alt,0.0009998000399920016,-8.416312786100084,-8.240926594858188,24,24
132,0.5,two_day,sharp,0.9552089582083584,0.09605661065611759,-8.240926594858188,24,24
132,0.5,two_day,weak,0.7214557088582284,-1.069691302460579,-8.240926594858188,24,24
132,0.5,two_day,weak_skew,0.9442111577684463,-0.18317566780461636,-8.240926594858188,24,24
132,0.5,four_day,alt,0.01904296875,-7.827447569374686,-8.240926594858188,12,24
132,0.5,four_day,sharp,0.4765625,1.9769622340301876,-8.240926594858188,12,24
132,0.5,four_day,weak,0.6982421875,0.97210511894833,-8.240926594858188,12,24
132,0.5,four_day,weak_skew,0.55615234375,-1.9917406530625854,-8.240926594858188,12,24
133,0.5,daily,alt,0.011797640471905619,-7.951897437352952,-8.647624345114181,24,24
133,0.5,daily,sharp,0.7278544291141772,1.183991904588133,-8.647624345114181,24,24
133,0.5,daily,weak,0.03259348130373925,5.74211571773231,-8.647624345114181,24,24
133,0.5,daily,weak_skew,0.378124375124975,2.6373325700915378,-8.647624345114181,24,24
133,0.5,two_day,alt,0.3655268946210758,-3.922414936953826,-8.647624345114181,24,24
133,0.5,two_day,sharp,0.51749650069986,2.378163558327352,-8.647624345114181,24,24
133,0.5,two_day,weak,0.5298940211957609,-2.5844234841027305,-8.647624345114181,24,24
133,0.5,two_day,weak_skew,0.39752049590081984,3.1629455080088174,-8.647624345114181,24,24
133,0.5,four_day,alt,0.45361328125,-2.12799319341569,-8.647624345114181,12,24
133,0.5,four_day,sharp,0.01513671875,5.3640201286345475,-8.647624345114181,12,24
133,0.5,four_day,weak,0.4814453125,2.8132163397789394,-8.647624345114181,12,24
133,0.5,four_day,weak_skew,0.0419921875,7.959270150867932,-8.647624345114181,12,24
134,0.5,daily,alt,0.046790641871625675,-6.461568108399568,-8.208961387382757,24,24
134,0.5,daily,sharp,0.8252349530093981,-0.48060909208068114,-8.208961387382757,24,24
134,0.5,daily,weak,0.4283143371325735,-2.059732635115077,-8.208961387382757,24,24
134,0.5,daily,weak_skew,0.9512097580483904,0.13518781573242844,-8.208961387382757,24,24
134,0.5,two_day,alt,0.002599480103979204,-12.287443257478268,-8.208961387382757,24,24
134,0.5,two_day,sharp,0.27714457108578283,-3.501819797528771,-8.208961387382757,24,24
134,0.5,two_day,weak,0.3077384523095381,-3.9547799775482395,-8.208961387382757,24,24
134,0.5,two_day,weak_skew,0.4963007398520296,-2.744708931008102,-8.208961387382757,24,24
134,0.5,four_day,alt,0.193359375,-7.301654447005645,-8.208961387382757,12,24
134,0.5,four_day,sharp,0.9013671875,0.5364557570695153,-8.208961387382757,12,24
134,0.5,four_day,weak,0.6416015625,-2.713190461040801,-8.208961387382757,12,24
134,0.5,four_day,weak_skew,0.26904296875,7.253031277335398,-8.208961387382757,12,24
135,0.5,daily,alt,0.0001999600079984003,-9.618530838886846,-9.25875134860891,24,24
135,0.5,daily,sharp,0.29354129174165167,-1.5512618338603141,-9.25875134860891,24,24
135,0.5,daily,weak,0.3683263347330534,-1.9057779723080888,-9.25875134860891,24,24
135,0.5,daily,weak_skew,0.530493901219756,1.2022825860334911,-9.25875134860891,24,24
135,0.5,two_day,alt,0.00639872025594881,-8.416903930654625,-9.25875134860891,24,24
135,0.5,two_day,sharp,0.8178364327134573,0.48840795653120556,-9.25875134860891,24,24
135,0.5,two_day,weak,0.21695660867826436,3.726948920196552,-9.25875134860891,24,24
135,0.5,two_day,weak_skew,0.3143371325734853,3.248177149548189,-9.25875134860891,24,24
135,0.5,four_day,alt,0.30126953125,-3.962774609345472,-9.25875134860891,12,24
135,0.5,four_day,sharp,0.08349609375,4.487553724703429,-9.25875134860891,12,24
135,0.5,four_day,weak,0.66455078125,1.5887118654525267,-9.25875134860891,12,24
135,0.5,four_day,weak_skew,0.0283203125,7.146727485922457,-9.25875134860891,12,24
136,0.5,daily,alt,0.40891821635672865,-2.308919804502101,-4.697876989375374,24,24
136,0.5,daily,sharp,0.509498100379924,-0.8727178473364056,-4.697876989375374,24,24
136,0.5,daily,weak,0.5372925414917017,-1.0279152511044014,-4.697876989375374,24,24
136,0.5,daily,weak_skew,0.8326334733053389,-0.37064031821769533,-4.697876989375374,24,24
136,0.5,two_day,alt,0.015796840631873626,-7.7866641027347185,-4.697876989375374,24,24
136,0.5,two_day,sharp,0.23035392921415718,-1.8000398315585855,-4.697876989375374,24,24
136,0.5,two_day,weak,0.0647870425914817,-4.271628421366795,-4.697876989375374,24,24
136,0.5,two_day,weak_skew,0.5032993401319736,-1.4558552785391259,-4.697876989375374,24,24
136,0.5,four_day,alt,0.14892578125,-6.036823670182027,-4.697876989375374,12,24
136,0.5,four_day,sharp,0.46728515625,-1.4471526279020477,-4.697876989375374,12,24
136,0.5,four_day,weak,0.6328125,-1.740508119922767,-4.697876989375374,12,24
136,0.5,four_day,weak_skew,0.41015625,-2.4946682332628463,-4.697876989375374,12,24
137,0.5,daily,alt,0.0003999200159968006,-9.299812705343623,-10.983061766961242,24,24
137,0.5,daily,sharp,0.40171965606878624,-1.3367394911541395,-10.983061766961242,24,24
137,0.5,daily,weak,0.30553889222155567,-2.2025241938075175,-10.983061766961242,24,24
137,0.5,daily,weak_skew,0.20355928814237154,-2.6115298189470804,-10.983061766961242,24,24
137,0.5,two_day,alt,0.004799040191961607,-8.774870038927732,-10.983061766961242,24,24
137,0.5,two_day,sharp,0.6536692661467707,1.0140058684077555,-10.983061766961242,24,24
137,0.5,two_day,weak,0.9242151569686062,0.23792012704631618,-10.983061766961242,24,24
137,0.5,two_day,weak_skew,0.35372925414917017,-2.3941365773399608,-10.983061766961242,24,24
137,0.5,four_day,alt,0.01318359375,-9.298640289997303,-10.983061766961242,12,24
137,0.5,four_day,sharp,0.48193359375,1.7887518006196217,-10.983061766961242,12,24
137,0.5,four_day,weak,0.8935546875,0.4584998315813002,-10.983061766961242,12,24
137,0.5,four_day,weak_skew,0.29833984375,3.851246215296251,-10.983061766961242,12,24
138,0.5,daily,alt,0.017196560687862426,-5.909085811569528,-8.915050910213637,24,24
138,0.5,daily,sharp,0.5248950209958009,0.8275259861733929,-8.915050910213637,24,24
138,0.5,daily,weak,0.6020795840831834,-0.8570802833481247,-8.915050910213637,24,24
138,0.5,daily,weak_skew,0.9882023595280944,0.024585770233046016,-8.915050910213637,24,24
138,0.5,two_day,alt,0.012397520495900819,-8.189850191646991,-8.915050910213637,24,24
138,0.5,two_day,sharp,0.8800239952009599,-0.28284119182312306,-8.915050910213637,24,24
138,0.5,two_day,weak,0.7666466706658668,0.7828877932429208,-8.915050910213637,24,24
138,0.5,two_day,weak_skew,0.39532093581283745,2.084900178599229,-8.915050910213637,24,24
138,0.5,four_day,alt,0.00244140625,-13.935354481918523,-8.915050910213637,12,24
138,0.5,four_day,sharp,0.09619140625,-3.546409625341154,-8.915050910213637,12,24
138,0.5,four_day,weak,0.26220703125,-2.13792394932772,-8.915050910213637,12,24
138,0.5,four_day,weak_skew,0.70458984375,-1.6767352767290322,-8.915050910213637,12,24
139,0.5,daily,alt,0.0001999600079984003,-8.492463343322344,-9.251003584486789,24,24
139,0.5,daily,sharp,0.999000199960008,0.0012801024071518914,-9.251003584486789,24,24
139,0.5,daily,weak,0.6932613477304539,0.6283355715511231,-9.251003584486789,24,24
139,0.5,daily,weak_skew,0.47230553889222154,1.5822704547367206,-9.251003584486789,24,24
139,0.5,two_day,alt,0.08238352329534093,-5.047401353482861,-9.251003584486789,24,24
139,0.5,two_day,sharp,0.23335332933413316,2.1754544278742256,-9.251003584486789,24,24
139,0.5,two_day,weak,0.132373525294941,4.782475848612541,-9.251003584486789,24,24
139,0.5,two_day,weak_skew,0.3763247350529894,1.9155448673354096,-9.251003584486789,24,24
139,0.5,four_day,alt,0.0029296875,-12.171527681959455,-9.251003584486789,12,24
139,0.5,four_day,sharp,0.18212890625,-3.009660564835763,-9.251003584486789,12,24
139,0.5,four_day,weak,0.5048828125,-2.3453435351866365,-9.251003584486789,12,24
139,0.5,four_day,weak_skew,0.1181640625,-4.202749419116555,-9.251003584486789,12,24
140,0.5,daily,alt,0.14217156568686262,-3.6255047865251435,-9.134123901011428,24,24
140,0.5,daily,sharp,0.07218556288742252,2.7615894772086307,-9.134123901011428,24,24
140,0.5,daily,weak,0.10337932413517296,3.567824509008737,-9.134123901011428,24,24
140,0.5,daily,weak_skew,0.3129374125174965,2.2439242252387506,-9.134123901011428,24,24
140,0.5,two_day,alt,0.030193961207758448,-8.356181459320595,-9.134123901011428,24,24
140,0.5,two_day,sharp,0.8358328334333134,0.5287219366913325,-9.134123901011428,24,24
140,0.5,two_day,weak,0.9112177564487103,0.37778325683423714,-9.134123901011428,24,24
140,0.5,two_day,weak_skew,0.500499900019996,1.812045698888677,-9.134123901011428,24,24
140,0.5,four_day,alt,0.04443359375,-11.308962587700309,-9.134123901011428,12,24
140,0.5,four_day,sharp,0.4150390625,-2.5546759284429754,-9.134123901011428,12,24
140,0.5,four_day,weak,0.2587890625,-4.166091780551175,-9.134123901011428,12,24
140,0.5,four_day,weak_skew,0.732421875,-1.6801275553725048,-9.134123901011428,12,24
141,0.5,daily,alt,0.010997800439912017,-5.581646365937089,-6.927301730309608,24,24
141,0.5,daily,sharp,0.7378524295140971,-0.39822670327626675,-6.927301730309608,24,24
141,0.5,daily,weak,0.2595480903819236,-2.1380253669871836,-6.927301730309608,24,24
141,0.5,daily,weak_skew,0.5108978204359128,-1.193606072254193,-6.927301730309608,24,24
141,0.5,two_day,alt,0.03719256148770246,-6.17294079246946,-6.927301730309608,24,24
141,0.5,two_day,sharp,0.5674865026994601,-0.9043780388380211,-6.927301730309608,24,24
141,0.5,two_day,weak,0.7070585882823436,-0.5757986763277243,-6.927301730309608,24,24
141,0.5,two_day,weak_skew,0.9332133573285343,0.20320924056164044,-6.927301730309608,24,24
141,0.5,four_day,alt,0.00048828125,-11.72891945556008,-6.927301730309608,12,24
141,0.5,four_day,sharp,0.1103515625,-3.158719148078186,-6.927301730309608,12,24
141,0.5,four_day,weak,0.6455078125,1.8645582165716537,-6.927301730309608,12,24
141,0.5,four_day,weak_skew,0.193359375,-3.2752210643156077,-6.927301730309608,12,24
142,0.5,daily,alt,0.0005998800239952009,-7.056596409781932,-7.068397935539046,24,24
142,0.5,daily,sharp,0.1975604879024195,-1.6590659465358337,-7.068397935539046,24,24
142,0.5,daily,weak,0.03579284143171366,-2.8429672468383536,-7.068397935539046,24,24
142,0.5,daily,weak_skew,0.40271945610877824,-1.3475990780332134,-7.068397935539046,24,24
142,0.5,two_day,alt,0.03979204159168166,-4.566936648927361,-7.068397935539046,24,24
142,0.5,two_day,sharp,0.40331933613277343,1.0379161190395416,-7.068397935539046,24,24
142,0.5,two_day,weak,0.22655468906218756,-2.7822903634190275,-7.068397935539046,24,24
142,0.5,two_day,weak_skew,0.14757048590281943,5.587377269914197,-7.068397935539046,24,24
142,0.5,four_day,alt,0.53955078125,-1.4749669376340584,-7.068397935539046,12,24
142,0.5,four_day,sharp,0.10693359375,2.8697162468570903,-7.068397935539046,12,24
142,0.5,four_day,weak,0.013671875,6.592473545999151,-7.068397935539046,12,24
142,0.5,four_day,weak_skew,0.22705078125,4.459087454719287,-7.068397935539046,12,24
143,0.5,daily,alt,0.012997400519896021,-5.913235185907813,-7.289937844735043,24,24
143,0.5,daily,sharp,0.9022195560887822,-0.11724662792020919,-7.289937844735043,24,24
143,0.5,daily,weak,0.16696660667866425,2.2898590394017306,-7.289937844735043,24,24
143,0.5,daily,weak_skew,0.2793441311737652,-1.6372605646599474,-7.289937844735043,24,24
143,0.5,two_day,alt,0.10477904419116177,-4.864445876272071,-7.289937844735043,24,24
143,0.5,two_day,sharp,0.8592281543691261,0.2549798643540668,-7.289937844735043,24,24
143,0.5,two_day,weak,0.5348930213957208,-1.608143574599364,-7.289937844735043,24,24
143,0.5,two_day,weak_skew,0.9826034793041392,0.0369684965089947,-7.289937844735043,24,24
143,0.5,four_day,alt,0.03515625,-8.215871429093298,-7.289937844735043,12,24
143,0.5,four_day,sharp,0.97119140625,-0.057134996953006244,-7.289937844735043,12,24
143,0.5,four_day,weak,0.9208984375,0.29041340961550216,-7.289937844735043,12,24
143,0.5,four_day,weak_skew,0.8095703125,-0.6700138040677809,-7.289937844735043,12,24
144,0.5,daily,alt,0.0001999600079984003,-6.614675789376695,-9.803079669578004,24,24
144,0.5,daily,sharp,0.7698460307938413,-0.34158189104545517,-9.803079669578004,24,24
144,0.5,daily,weak,0.5582883423315337,1.0425643679680319,-9.803079669578004,24,24
144,0.5,daily,weak_skew,0.40751849630073983,1.5718396867270261,-9.803079669578004,24,24
144,0.5,two_day,alt,0.02439512097580484,-4.8809357112913,-9.803079669578004,24,24
144,0.5,two_day,sharp,0.17716456708658268,1.9208623092049077,-9.803079669578004,24,24
144,0.5,two_day,weak,0.036192761447710456,5.30390649838826,-9.803079669578004,24,24
144,0.5,two_day,weak_skew,0.4297140571885623,1.6493125094153769,-9.803079669578004,24,24
144,0.5,four_day,alt,0.00927734375,-7.528935085465584,-9.803079669578004,12,24
144,0.5,four_day,sharp,0.30029296875,2.0587307015454157,-9.803079669578004,12,24
144,0.5,four_day,weak,0.76708984375,1.2797836831970795,-9.803079669578004,12,24
144,0.5,four_day,weak_skew,0.9140625,0.2114637767959445,-9.803079669578004,12,24
145,0.5,daily,alt,0.0001999600079984003,-9.500607184238524,-7.804836764369611,24,24
145,0.5,daily,sharp,0.22215556888622276,-1.7357138648239958,-7.804836764369611,24,24
145,0.5,daily,weak,0.03499300139972006,-4.038303976985264,-7.804836764369611,24,24
145,0.5,daily,weak_skew,0.21675664867026595,-2.0574496129162303,-7.804836764369611,24,24
145,0.5,two_day,alt,0.0023995200959808036,-7.30305823457095,-7.804836764369611,24,24
145,0.5,two_day,sharp,0.7060587882423516,0.8985447903649982,-7.804836764369611,24,24
145,0.5,two_day,weak,0.9908018396320736,-0.027510073127908246,-7.804836764369611,24,24
145,0.5,two_day,weak_skew,0.45710857828434315,-1.7575609863569805,-7.804836764369611,24,24
145,0.5,four_day,alt,0.00048828125,-8.299840598823602,-7.804836764369611,12,24
145,0.5,four_day,sharp,0.5400390625,-1.0904061245863481,-7.804836764369611,12,24
145,0.5,four_day,weak,0.3896484375,-2.6585582168318367,-7.804836764369611,12,24
145,0.5,four_day,weak_skew,0.82470703125,0.9469083514123581,-7.804836764369611,12,24
146,0.5,daily,alt,0.0001999600079984003,-8.35523062113051,-8.658110971281623,24,24
146,0.5,daily,sharp,0.33773245350929815,-1.02966875730643,-8.658110971281623,24,24
146,0.5,daily,weak,0.14037192561487702,-2.3936183013719567,-8.658110971281623,24,24
146,0.5,daily,weak_skew,0.6690661867626475,-0.6402834241496143,-8.658110971281623,24,24
146,0.5,two_day,alt,0.0001999600079984003,-9.671736249338755,-8.658110971281623,24,24
146,0.5,two_day,sharp,0.5012997400519896,-0.6244039337578924,-8.658110971281623,24,24
146,0.5,two_day,weak,0.9916016796640672,-0.011299464643232207,-8.658110971281623,24,24
146,0.5,two_day,weak_skew,0.6464707058588283,0.9000947851200568,-8.658110971281623,24,24
146,0.5,four_day,alt,0.00244140625,-10.129677890708074,-8.658110971281623,12,24
146,0.5,four_day,sharp,0.51025390625,-1.068036832881802,-8.658110971281623,12,24
146,0.5,four_day,weak,0.0771484375,2.8667189980691568,-8.658110971281623,12,24
146,0.5,four_day,weak_skew,0.98486328125,-0.05117369073951631,-8.658110971281623,12,24
147,0.5,daily,alt,0.0001999600079984003,-9.859779260215449,-8.214137579188417,24,24
147,0.5,daily,sharp,0.6530693861227754,-0.8619206360559538,-8.214137579188417,24,24
147,0.5,daily,weak,0.13777244551089782,-2.897875393726707,-8.214137579188417,24,24
147,0.5,daily,weak_skew,0.4397120575884823,-1.826233436136123,-8.214137579188417,24,24
147,0.5,two_day,alt,0.009398120375924815,-5.989741932406201,-8.214137579188417,24,24
147,0.5,two_day,sharp,0.35812837432513495,1.642468012050501,-8.214137579188417,24,24
147,0.5,two_day,weak,0.649870025994801,-1.3551799178747206,-8.214137579188417,24,24
147,0.5,two_day,weak_skew,0.8508298340331933,0.47828081301052006,-8.214137579188417,24,24
147,0.5,four_day,alt,0.21826171875,-3.7297810685196695,-8.214137579188417,12,24
147,0.5,four_day,sharp,0.3330078125,2.607226230603896,-8.214137579188417,12,24
147,0.5,four_day,weak,0.4619140625,2.6230177632107146,-8.214137579188417,12,24
147,0.5,four_day,weak_skew,0.05322265625,8.101903068746461,-8.214137579188417,12,24
148,0.5,daily,alt,0.0001999600079984003,-8.772082885909812,-8.539403757108566,24,24
148,0.5,daily,sharp,0.34493101379724056,-1.6396520716608984,-8.539403757108566,24,24
148,0.5,daily,weak,0.9912017596480703,0.026219923035069037,-8.539403757108566,24,24
148,0.5,daily,weak_skew,0.09998000399920016,-2.5976199596645455,-8.539403757108566,24,24
148,0.5,two_day,alt,0.0013997200559888023,-7.74857401816815,-8.539403757108566,24,24
148,0.5,two_day,sharp,0.6120775844831033,1.3932697326234995,-8.539403757108566,24,24
148,0.5,two_day,weak,0.5982803439312138,-1.712694061245017,-8.539403757108566,24,24
148,0.5,two_day,weak_skew,0.6014797040591882,1.4022239117374193,-8.539403757108566,24,24
148,0.5,four_day,alt,0.00341796875,-10.616863992656919,-8.539403757108566,12,24
148,0.5,four_day,sharp,0.5537109375,-1.9526481894996213,-8.539403757108566,12,24
148,0.5,four_day,weak,0.61181640625,-1.9280436831214793,-8.539403757108566,12,24
148,0.5,four_day,weak_skew,0.3173828125,-2.252012831740705,-8.539403757108566,12,24
149,0.5,daily,alt,0.0001999600079984003,-10.191650475009164,-9.282270558217057,24,24
149,0.5,daily,sharp,0.42191561687662466,-1.3084148220369187,-9.282270558217057,24,24
149,0.5,daily,weak,0.7410517896420716,-0.6656512474312306,-9.282270558217057,24,24
149,0.5,daily,weak_skew,0.15756848630273945,-2.646482723247102,-9.282270558217057,24,24
149,0.5,two_day,alt,0.0005998800239952009,-7.905098186471925,-9.282270558217057,24,24
149,0.5,two_day,sharp,0.524495100979804,1.0069565418355164,-9.282270558217057,24,24
149,0.5,two_day,weak,0.3229354129174165,2.4237880155963194,-9.282270558217057,24,24
149,0.5,two_day,weak_skew,0.9694061187762447,0.08022705226057673,-9.282270558217057,24,24
149,0.5,four_day,alt,0.00146484375,-9.435634615173678,-9.282270558217057,12,24
149,0.5,four_day,sharp,0.50146484375,0.9840225250803029,-9.282270558217057,12,24
149,0.5,four_day,weak,0.828125,0.7530316477738476,-9.282270558217057,12,24
149,0.5,four_day,weak_skew,0.29638671875,4.094247416988091,-9.282270558217057,12,24
150,0.5,daily,alt,0.0003999200159968006,-7.572304336898661,-8.489537123542753,24,24
150,0.5,daily,sharp,0.8014397120575885,-0.24431609835226129,-8.489537123542753,24,24
150,0.5,daily,weak,0.4839032193561288,-1.0851520399369325,-8.489537123542753,24,24
150,0.5,daily,weak_skew,0.9532093581283744,0.10656931631865134,-8.489537123542753,24,24
150,0.5,two_day,alt,0.0001999600079984003,-7.064346395809498,-8.489537123542753,24,24
150,0.5,two_day,sharp,0.7768446310737852,0.30843475549395105,-8.489537123542753,24,24
150,0.5,two_day,weak,0.26454709058188364,-2.440940135195596,-8.489537123542753,24,24
150,0.5,two_day,weak_skew,0.9402119576084783,0.17211425249720325,-8.489537123542753,24,24
150,0.5,four_day,alt,0.0009765625,-9.131421990181893,-8.489537123542753,12,24
150,0.5,four_day,sharp,0.94677734375,-0.09037787753618194,-8.489537123542753,12,24
150,0.5,four_day,weak,0.5380859375,2.091638480876751,-8.489537123542753,12,24
150,0.5,four_day,weak_skew,0.7373046875,-0.6948229223957784,-8.489537123542753,12,24
151,0.5,daily,alt,0.006798640271945611,-5.392056199308246,-6.581929067692435,24,24
151,0.5,daily,sharp,0.6018796240751849,0.6132708053755979,-6.581929067692435,24,24
151,0.5,daily,weak,0.2881423715256949,-1.7858038294435803,-6.581929067692435,24,24
151,0.5,daily,weak_skew,0.9676064787042592,-0.07925500306492299,-6.581929067692435,24,24
151,0.5,two_day,alt,0.0003999200159968006,-7.995922860829197,-6.581929067692435,24,24
151,0.5,two_day,sharp,0.9332133573285343,0.09926557534653331,-6.581929067692435,24,24
151,0.5,two_day,weak,0.7878424315136973,0.736529149076819,-6.581929067692435,24,24
151,0.5,two_day,weak_skew,0.22855428914217157,-2.218838933108062,-6.581929067692435,24,24
151,0.5,four_day,alt,0.0078125,-10.583930852083462,-6.581929067692435,12,24
151,0.5,four_day,sharp,0.046875,-3.036587830462842,-6.581929067692435,12,24
151,0.5,four_day,weak,0.333984375,-3.2379951222545915,-6.581929067692435,12,24
151,0.5,four_day,weak_skew,0.400390625,-3.048542543471392,-6.581929067692435,12,24
152,0.5,daily,alt,0.0013997200559888023,-6.031588740218193,-8.856860386013096,24,24
152,0.5,daily,sharp,0.14917016596680663,1.95554293564864,-8.856860386013096,24,24
152,0.5,daily,weak,0.14397120575884823,2.9024166415419743,-8.856860386013096,24,24
152,0.5,daily,weak_skew,0.5356928614277144,1.2789969157956682,-8.856860386013096,24,24
152,0.5,two_day,alt,0.0005998800239952009,-9.445345797188201,-8.856860386013096,24,24
152,0.5,two_day,sharp,0.7812437512497501,-0.5892184413897675,-8.856860386013096,24,24
152,0.5,two_day,weak,0.5300939812037593,-2.1575942543509656,-8.856860386013096,24,24
152,0.5,two_day,weak_skew,0.8924215156968607,-0.4264913168511922,-8.856860386013096,24,24
152,0.5,four_day,alt,0.0166015625,-8.627883142148065,-8.856860386013096,12,24
152,0.5,four_day,sharp,0.98388671875,0.049778298428456345,-8.856860386013096,12,24
152,0.5,four_day,weak,0.09716796875,5.296637375681688,-8.856860386013096,12,24
152,0.5,four_day,weak_skew,0.55224609375,2.117262948575782,-8.856860386013096,12,24
153,0.5,daily,alt,0.0649870025994801,-4.698063174820592,-6.876481194377405,24,24
153,0.5,daily,sharp,0.7178564287142571,0.615387243451114,-6.876481194377405,24,24
153,0.5,daily,weak,0.7184563087382524,-0.8320546226550499,-6.876481194377405,24,24
153,0.5,daily,weak_skew,0.7904419116176765,-0.4669827849368448,-6.876481194377405,24,24
153,0.5,two_day,alt,0.0001999600079984003,-12.436857630769536,-6.876481194377405,24,24
153,0.5,two_day,sharp,0.020395920815836834,-3.914809979330283,-6.876481194377405,24,24
153,0.5,two_day,weak,0.47030593881223753,-1.4596594122877722,-6.876481194377405,24,24
153,0.5,two_day,weak_skew,0.1917616476704659,-3.1896800764244957,-6.876481194377405,24,24
153,0.5,four_day,alt,0.03173828125,-7.101276188819209,-6.876481194377405,12,24
153,0.5,four_day,sharp,0.96533203125,-0.07647611249151254,-6.876481194377405,12,24
153,0.5,four_day,weak,0.8935546875,0.24043893629049093,-6.876481194377405,12,24
153,0.5,four_day,weak_skew,0.54296875,2.1539120332430617,-6.876481194377405,12,24
154,0.5,daily,alt,0.0001999600079984003,-11.148427481870693,-9.218045101534578,24,24
154,0.5,daily,sharp,0.22555488902219556,-2.8394662730425524,-9.218045101534578,24,24
154,0.5,daily,weak,0.3109378124375125,-2.9077691939033286,-9.218045101534578,24,24
154,0.5,daily,weak_skew,0.1255748850229954,-4.34552093210061,-9.218045101534578,24,24
154,0.5,two_day,alt,0.0609878024395121,-5.547200364194,-9.218045101534578,24,24
154,0.5,two_day,sharp,0.16696660667866425,3.943254882997928,-9.218045101534578,24,24
154,0.5,two_day,weak,0.39532093581283745,2.547699033887711,-9.218045101534578,24,24
154,0.5,two_day,weak_skew,0.28534293141371725,3.595414976639874,-9.218045101534578,24,24
154,0.5,four_day,alt,0.00732421875,-9.325108089416945,-9.218045101534578,12,24
154,0.5,four_day,sharp,0.71533203125,0.848636610368939,-9.218045101534578,12,24
154,0.5,four_day,weak,0.8935546875,0.4754688928951669,-9.218045101534578,12,24
154,0.5,four_day,weak_skew,0.72216796875,-1.1585763448465372,-9.218045101534578,12,24
155,0.5,daily,alt,0.0011997600479904018,-5.85111729930994,-7.609430143535647,24,24
155,0.5,daily,sharp,0.8712257548490302,-0.15479488028931598,-7.609430143535647,24,24
155,0.5,daily,weak,0.28374325134973005,1.6416239762656895,-7.609430143535647,24,24
155,0.5,daily,weak_skew,0.9282143571285743,0.17512985483421625,-7.609430143535647,24,24
155,0.5,two_day,alt,0.0021995600879824036,-7.564865114362145,-7.609430143535647,24,24
155,0.5,two_day,sharp,0.45770845830833834,-1.0020076614812001,-7.609430143535647,24,24
155,0.5,two_day,weak,0.4353129374125175,-1.9733914756066568,-7.609430143535647,24,24
155,0.5,two_day,weak_skew,0.7030593881223756,0.8803333519185953,-7.609430143535647,24,24
155,0.5,four_day,alt,0.17138671875,-6.476685434237546,-7.609430143535647,12,24
155,0.5,four_day,sharp,0.9453125,0.13752517788055604,-7.609430143535647,12,24
155,0.5,four_day,weak,0.15283203125,5.692409222632229,-7.609430143535647,12,24
155,0.5,four_day,weak_skew,0.99853515625,-0.01459429653817305,-7.609430143535647,12,24
156,0.5,daily,alt,0.008598280343931213,-5.4546629966758315,-9.683579566783408,24,24
156,0.5,daily,sharp,0.30193961207758446,1.5995855529272747,-9.683579566783408,24,24
156,0.5,daily,weak,0.8186362727454509,0.3711425331856371,-9.683579566783408,24,24
156,0.5,daily,weak_skew,0.668866226754649,0.8748679072067848,-9.683579566783408,24,24
156,0.5,two_day,alt,0.0007998400319936012,-6.5310534069049995,-9.683579566783408,24,24
156,0.5,two_day,sharp,0.020595880823835233,2.9666323808814496,-9.683579566783408,24,24
156,0.5,two_day,weak,0.3765246950609878,1.9123013242468534,-9.683579566783408,24,24
156,0.5,two_day,weak_skew,0.19016196760647872,3.428268582965894,-9.683579566783408,24,24
156,0.5,four_day,alt,0.00439453125,-9.357896473361055,-9.683579566783408,12,24
156,0.5,four_day,sharp,0.755859375,0.591587624189082,-9.683579566783408,12,24
156,0.5,four_day,weak,0.6943359375,-1.1750722086321879,-9.683579566783408,12,24
156,0.5,four_day,weak_skew,0.73583984375,-0.9304784836819326,-9.683579566783408,12,24
157,0.5,daily,alt,0.0009998000399920016,-7.953033952690421,-8.872958806228873,24,24
157,0.5,daily,sharp,0.4485102979404119,-0.910677860964379,-8.872958806228873,24,24
157,0.5,daily,weak,0.7926414717056589,0.5008304032952697,-8.872958806228873,24,24
157,0.5,daily,weak_skew,0.6816636672665467,-0.7609637433813837,-8.872958806228873,24,24
157,0.5,two_day,alt,0.0007998400319936012,-7.696896086041242,-8.872958806228873,24,24
157,0.5,two_day,sharp,0.6324735052989402,0.5678384939097395,-8.872958806228873,24,24
157,0.5,two_day,weak,0.01979604079184163,6.211109872686315,-8.872958806228873,24,24
157,0.5,two_day,weak_skew,0.20175964807038593,3.349232820643685,-8.872958806228873,24,24
157,0.5,four_day,alt,0.11181640625,-7.134343296625192,-8.872958806228873,12,24
157,0.5,four_day,sharp,0.49853515625,1.8521670904813832,-8.872958806228873,12,24
157,0.5,four_day,weak,0.041015625,5.567888400669939,-8.872958806228873,12,24
157,0.5,four_day,weak_skew,0.1552734375,4.553603918682028,-8.872958806228873,12,24
158,0.5,daily,alt,0.0001999600079984003,-11.398853361641734,-9.447370165838073,24,24
158,0.5,daily,sharp,0.001999600079984003,-4.028273794597183,-9.447370165838073,24,24
158,0.5,daily,weak,0.004599080183963208,-4.168095274527156,-9.447370165838073,24,24
158,0.5,daily,weak_skew,0.07698460307938412,-3.475609031093139,-9.447370165838073,24,24
158,0.5,two_day,alt,0.0001999600079984003,-9.837361648308287,-9.447370165838073,24,24
158,0.5,two_day,sharp,0.36572685462907417,-1.7163265065776867,-9.447370165838073,24,24
158,0.5,two_day,weak,0.29314137172565485,-2.8956345117635904,-9.447370165838073,24,24
158,0.5,two_day,weak_skew,0.6710657868426315,-1.2265258132154735,-9.447370165838073,24,24
158,0.5,four_day,alt,0.0078125,-10.47271046611551,-9.447370165838073,12,24
158,0.5,four_day,sharp,0.78369140625,0.4832503150634165,-9.447370165838073,12,24
158,0.5,four_day,weak,0.38671875,2.255358309927935,-9.447370165838073,12,24
158,0.5,four_day,weak_skew,0.73583984375,0.7907228977140791,-9.447370165838073,12,24
159,0.5,daily,alt,0.0001999600079984003,-9.16124467128329,-7.535304713688774,24,24
159,0.5,daily,sharp,0.059988002399520096,-2.8784601802073926,-7.535304713688774,24,24
159,0.5,daily,weak,0.02659468106378724,-4.836483232390008,-7.535304713688774,24,24
159,0.5,daily,weak_skew,0.002599480103979204,-5.274126034995709,-7.535304713688774,24,24
159,0.5,two_day,alt,0.0015996800639872025,-7.057226512067909,-7.535304713688774,24,24
159,0.5,two_day,sharp,0.4521095780843831,0.9847908031720957,-7.535304713688774,24,24
159,0.5,two_day,weak,0.9646070785842832,0.09851415982125082,-7.535304713688774,24,24
159,0.5,two_day,weak_skew,0.026794641071785644,5.661230804337241,-7.535304713688774,24,24
159,0.5,four_day,alt,0.34521484375,-3.3306601773898272,-7.535304713688774,12,24
159,0.5,four_day,sharp,0.240234375,3.553300790260128,-7.535304713688774,12,24
159,0.5,four_day,weak,0.35498046875,5.655367676276765,-7.535304713688774,12,24
159,0.5,four_day,weak_skew,0.40087890625,3.776690289618695,-7.535304713688774,12,24
160,0.5,daily,alt,0.0003999200159968006,-7.8297984075061535,-4.835242945379591,24,24
160,0.5,daily,sharp,0.3181363727254549,-1.6392359271763512,-4.835242945379591,24,24
160,0.5,daily,weak,0.29634073185362925,-2.2226394746834197,-4.835242945379591,24,24
160,0.5,daily,weak_skew,0.51749650069986,-1.5915192461136414,-4.835242945379591,24,24
160,0.5,two_day,alt,0.2535492901419716,-2.4902653615385044,-4.835242945379591,24,24
160,0.5,two_day,sharp,0.3077384523095381,1.4620656742719376,-4.835242945379591,24,24
160,0.5,two_day,weak,0.05898820235952809,4.9930267956277,-4.835242945379591,24,24
160,0.5,two_day,weak_skew,0.27734453109378127,-1.569408878058459,-4.835242945379591,24,24
160,0.5,four_day,alt,0.98046875,0.06679967294813889,-4.835242945379591,12,24
160,0.5,four_day,sharp,0.32470703125,1.6463768459139594,-4.835242945379591,12,24
160,0.5,four_day,weak,0.07275390625,5.834849689005594,-4.835242945379591,12,24
160,0.5,four_day,weak_skew,0.53515625,2.0218503886843475,-4.835242945379591,12,24
161,0.5,daily,alt,0.0001999600079984003,-8.72633005709913,-8.877366432940725,24,24
161,0.5,daily,sharp,0.3447310537892421,-1.1468721628515002,-8.877366432940725,24,24
161,0.5,daily,weak,0.5820835832833433,-0.8882693708471857,-8.877366432940725,24,24
161,0.5,daily,weak_skew,0.38712257548490303,2.008531584154233,-8.877366432940725,24,24
161,0.5,two_day,alt,0.0023995200959808036,-8.351196260052884,-8.877366432940725,24,24
161,0.5,two_day,sharp,0.4345130973805239,1.3905154103626296,-8.877366432940725,24,24
161,0.5,two_day,weak,0.4215156968606279,2.39182136114778,-8.877366432940725,24,24
161,0.5,two_day,weak_skew,0.8568286342731454,0.3641959598390911,-8.877366432940725,24,24
161,0.5,four_day,alt,0.015625,-11.667217762285466,-8.877366432940725,12,24
161,0.5,four_day,sharp,0.37548828125,-2.310422826781597,-8.877366432940725,12,24
161,0.5,four_day,weak,0.47216796875,-2.5342247185341127,-8.877366432940725,12,24
161,0.5,four_day,weak_skew,0.10205078125,-6.52964849255036,-8.877366432940725,12,24
162,0.5,daily,alt,0.0001999600079984003,-8.551394808123556,-8.887086562959972,24,24
162,0.5,daily,sharp,0.3095380923815237,-1.1751743040481923,-8.887086562959972,24,24
162,0.5,daily,weak,0.6656668666266746,-0.7808520570456018,-8.887086562959972,24,24
162,0.5,daily,weak_skew,0.9326134773045391,-0.19056989417714268,-8.887086562959972,24,24
162,0.5,two_day,alt,0.04099180163967207,-5.534303566342792,-8.887086562959972,24,24
162,0.5,two_day,sharp,0.22455508898220355,1.8565030659147477,-8.887086562959972,24,24
162,0.5,two_day,weak,0.42291541691661666,2.195611720620961,-8.887086562959972,24,24
162,0.5,two_day,weak_skew,0.21455708858228353,2.5380335519826365,-8.887086562959972,24,24
162,0.5,four_day,alt,0.001953125,-9.585843482171201,-8.887086562959972,12,24
162,0.5,four_day,sharp,0.70166015625,-0.7362237504915085,-8.887086562959972,12,24
162,0.5,four_day,weak,0.44482421875,-2.569945330957124,-8.887086562959972,12,24
162,0.5,four_day,weak_skew,0.77783203125,-0.9735339437843944,-8.887086562959972,12,24
163,0.5,daily,alt,0.0009998000399920016,-8.231954920222927,-7.250994098702719,24,24
163,0.5,daily,sharp,0.14617076584683064,-2.4821194474011024,-7.250994098702719,24,24
163,0.5,daily,weak,0.2521495700859828,-2.9088569879313195,-7.250994098702719,24,24
163,0.5,daily,weak_skew,0.16256748650269945,-2.2884939250599174,-7.250994098702719,24,24
163,0.5,two_day,alt,0.3301339732053589,-5.019220946562423,-7.250994098702719,24,24
163,0.5,two_day,sharp,0.8520295940811837,-0.9378563224643282,-7.250994098702719,24,24
163,0.5,two_day,weak,0.9176164767046591,-0.48696815699433404,-7.250994098702719,24,24
163,0.5,two_day,weak_skew,0.9762047590481904,0.15829972525970218,-7.250994098702719,24,24
163,0.5,four_day,alt,0.0029296875,-9.03960599845111,-7.250994098702719,12,24
163,0.5,four_day,sharp,0.62109375,-2.07711527907744,-7.250994098702719,12,24
163,0.5,four_day,weak,0.6533203125,-1.5044028507373668,-7.250994098702719,12,24
163,0.5,four_day,weak_skew,0.53955078125,-3.0005262096389305,-7.250994098702719,12,24
164,0.5,daily,alt,0.0001999600079984003,-9.042896392867155,-12.1317190378399,24,24
164,0.5,daily,sharp,0.7790441911617676,0.4312099985190665,-12.1317190378399,24,24
164,0.5,daily,weak,0.6774645070985803,-0.9923618569339636,-12.1317190378399,24,24
164,0.5,daily,weak_skew,0.9558088382323535,0.10539748534227004,-12.1317190378399,24,24
164,0.5,two_day,alt,0.0005998800239952009,-11.795983539942057,-12.1317190378399,24,24
164,0.5,two_day,sharp,0.6654669066186762,1.0539139028447622,-12.1317190378399,24,24
164,0.5,two_day,weak,0.6898620275944811,1.3570270701829397,-12.1317190378399,24,24
164,0.5,two_day,weak_skew,0.967006598680264,-0.10794759778856496,-12.1317190378399,24,24
164,0.5,four_day,alt,0.00146484375,-12.86456358945091,-12.1317190378399,12,24
164,0.5,four_day,sharp,0.921875,0.17255568044140426,-12.1317190378399,12,24
164,0.5,four_day,weak,0.41552734375,2.044508785390823,-12.1317190378399,12,24
164,0.5,four_day,weak_skew,0.935546875,0.603464440420348,-12.1317190378399,12,24
165,0.5,daily,alt,0.0005998800239952009,-6.17359524657657,-9.205018280988597,24,24
165,0.5,daily,sharp,0.5056988602279544,0.7838958361756614,-9.205018280988597,24,24
165,0.5,daily,weak,0.24155168966206758,1.8986802227486492,-9.205018280988597,24,24
165,0.5,daily,weak_skew,0.3079384123175365,2.0276094319665003,-9.205018280988597,24,24
165,0.5,two_day,alt,0.024795040991801638,-4.835349666422678,-9.205018280988597,24,24
165,0.5,two_day,sharp,0.2445510897820436,1.953571478422157,-9.205018280988597,24,24
165,0.5,two_day,weak,0.8132373525294941,0.5564468925472997,-9.205018280988597,24,24
165,0.5,two_day,weak_skew,0.21575684863027395,3.9371060382471086,-9.205018280988597,24,24
165,0.5,four_day,alt,0.05224609375,-8.885167168473018,-9.205018280988597,12,24
165,0.5,four_day,sharp,0.9208984375,0.32750732216667977,-9.205018280988597,12,24
165,0.5,four_day,weak,0.70263671875,-1.9952001120093101,-9.205018280988597,12,24
165,0.5,four_day,weak_skew,0.96728515625,0.19570255666310446,-9.205018280988597,12,24
166,0.5,daily,alt,0.01999600079984003,-6.394922432523532,-6.731385725608355,24,24
166,0.5,daily,sharp,0.5020995800839833,-0.9696844020123514,-6.731385725608355,24,24
166,0.5,daily,weak,0.12117576484703059,-2.7326523870426143,-6.731385725608355,24,24
166,0.5,daily,weak_skew,0.6080783843231353,1.2258523248473505,-6.731385725608355,24,24
166,0.5,two_day,alt,0.1731653669266147,-5.095789296127228,-6.731385725608355,24,24
166,0.5,two_day,sharp,0.9228154369126175,-0.24153122406292926,-6.731385725608355,24,24
166,0.5,two_day,weak,0.5330933813237353,-1.9345392143529487,-6.731385725608355,24,24
166,0.5,two_day,weak_skew,0.7894421115776845,-0.7351732541553678,-6.731385725608355,24,24
166,0.5,four_day,alt,0.01123046875,-5.370493427345174,-6.731385725608355,12,24
166,0.5,four_day,sharp,0.4365234375,1.059018474489345,-6.731385725608355,12,24
166,0.5,four_day,weak,0.46142578125,-2.2482878192849074,-6.731385725608355,12,24
166,0.5,four_day,weak_skew,0.7373046875,-0.9608264792512232,-6.731385725608355,12,24
167,0.5,daily,alt,0.004799040191961607,-8.044681533174364,-11.677493465043376,24,24
167,0.5,daily,sharp,0.7416516696660668,0.6378396048392911,-11.677493465043376,24,24
167,0.5,daily,weak,0.6640671865626875,0.8435405751789414,-11.677493465043376,24,24
167,0.5,daily,weak_skew,0.9486102779444111,0.17604774775707513,-11.677493465043376,24,24
167,0.5,two_day,alt,0.0001999600079984003,-13.219793400525349,-11.677493465043376,24,24
167,0.5,two_day,sharp,0.3149370125974805,-1.9718791201196184,-11.677493465043376,24,24
167,0.5,two_day,weak,0.878624275144971,-0.37699481913381927,-11.677493465043376,24,24
167,0.5,two_day,weak_skew,0.15796840631873627,-3.57504846325606,-11.677493465043376,24,24
167,0.5,four_day,alt,0.05810546875,-7.767876074156533,-11.677493465043376,12,24
167,0.5,four_day,sharp,0.52001953125,2.0089429534473044,-11.677493465043376,12,24
167,0.5,four_day,weak,0.93212890625,0.3037012546274654,-11.677493465043376,12,24
167,0.5,four_day,weak_skew,0.244140625,5.266127986567727,-11.677493465043376,12,24
168,0.5,daily,alt,0.0001999600079984003,-6.429434498368178,-7.782117667683359,24,24
168,0.5,daily,sharp,0.9208158368326335,0.11339045145426023,-7.782117667683359,24,24
168,0.5,daily,weak,0.6308738252349531,0.8387893567046373,-7.782117667683359,24,24
168,0.5,daily,weak_skew,0.5380923815236952,-0.9821034830172293,-7.782117667683359,24,24
168,0.5,two_day,alt,0.0005998800239952009,-9.441550502111774,-7.782117667683359,24,24
168,0.5,two_day,sharp,0.2443511297740452,-2.395311393888724,-7.782117667683359,24,24
168,0.5,two_day,weak,0.11797640471905618,-4.3036855259588584,-7.782117667683359,24,24
168,0.5,two_day,weak_skew,0.47910417916416714,-2.035115600522307,-7.782117667683359,24,24
168,0.5,four_day,alt,0.00830078125,-8.595960716324575,-7.782117667683359,12,24
168,0.5,four_day,sharp,0.2412109375,-2.168695705019332,-7.782117667683359,12,24
168,0.5,four_day,weak,0.50927734375,2.1698148437788043,-7.782117667683359,12,24
168,0.5,four_day,weak_skew,0.0400390625,-5.587109951688106,-7.782117667683359,12,24
169,0.5,daily,alt,0.0001999600079984003,-11.302693539226633,-8.503977897783287,24,24
169,0.5,daily,sharp,0.21635672865426914,-2.5803227129353705,-8.503977897783287,24,24
169,0.5,daily,weak,0.20695860827834434,-3.6961021789100883,-8.503977897783287,24,24
169,0.5,daily,weak_skew,0.3693261347730454,-2.1435080570766187,-8.503977897783287,24,24
169,0.5,two_day,alt,0.010797840431913617,-8.053835962764637,-8.503977897783287,24,24
169,0.5,two_day,sharp,0.8438312337532493,-0.4180623035236308,-8.503977897783287,24,24
169,0.5,two_day,weak,0.5608878224355129,1.8357189424257434,-8.503977897783287,24,24
169,0.5,two_day,weak_skew,0.1967606478704259,-3.3091255860474944,-8.503977897783287,24,24
169,0.5,four_day,alt,0.041015625,-6.72683856600345,-8.503977897783287,12,24
169,0.5,four_day,sharp,0.6572265625,1.0214853854039578,-8.503977897783287,12,24
169,0.5,four_day,weak,0.68505859375,1.4236958809396765,-8.503977897783287,12,24
169,0.5,four_day,weak_skew,0.736328125,-0.7511856626135008,-8.503977897783287,12,24
170,0.5,daily,alt,0.11117776444711058,-4.169016014875794,-6.562772833450651,24,24
170,0.5,daily,sharp,0.6200759848030394,-0.7419189912249919,-6.562772833450651,24,24
170,0.5,daily,weak,0.4259148170365927,-1.874998766306003,-6.562772833450651,24,24
170,0.5,daily,weak_skew,0.7650469906018796,-0.5956655094184115,-6.562772833450651,24,24
170,0.5,two_day,alt,0.016796640671865627,-7.2816820621337675,-6.562772833450651,24,24
170,0.5,two_day,sharp,0.7096580683863227,-0.7924565875971465,-6.562772833450651,24,24
170,0.5,two_day,weak,0.8008398320335933,-0.7126701347425582,-6.562772833450651,24,24
170,0.5,two_day,weak_skew,0.6294741051789642,-1.3674055873297226,-6.562772833450651,24,24
170,0.5,four_day,alt,0.02587890625,-12.202307234092364,-6.562772833450651,12,24
170,0.5,four_day,sharp,0.10107421875,-4.31151905300687,-6.562772833450651,12,24
170,0.5,four_day,weak,0.58056640625,-2.086340723422076,-6.562772833450651,12,24
170,0.5,four_day,weak_skew,0.02587890625,-6.08966864292961,-6.562772833450651,12,24
171,0.5,daily,alt,0.0001999600079984003,-11.75334044575247,-9.317967083343419,24,24
171,0.5,daily,sharp,0.09678064387122576,-3.0434966716892933,-9.317967083343419,24,24
171,0.5,daily,weak,0.1825634873025395,-2.954507617946337,-9.317967083343419,24,24
171,0.5,daily,weak_skew,0.041791641671665665,-4.0137694527142305,-9.317967083343419,24,24
171,0.5,two_day,alt,0.024795040991801638,-6.221457756485826,-9.317967083343419,24,24
171,0.5,two_day,sharp,0.16476704659068186,3.38778972591021,-9.317967083343419,24,24
171,0.5,two_day,weak,0.3161367726454709,3.752811138717515,-9.317967083343419,24,24
171,0.5,two_day,weak_skew,0.354129174165167,2.547301798089498,-9.317967083343419,24,24
171,0.5,four_day,alt,0.04296875,-8.148552662742354,-9.317967083343419,12,24
171,0.5,four_day,sharp,0.84521484375,0.5190929502289817,-9.317967083343419,12,24
171,0.5,four_day,weak,0.71142578125,1.49984588894913,-9.317967083343419,12,24
171,0.5,four_day,weak_skew,0.8203125,0.8782207403177603,-9.317967083343419,12,24
172,0.5,daily,alt,0.0001999600079984003,-7.661778599890508,-9.487480138372064,24,24
172,0.5,daily,sharp,0.523495300939812,0.9140346160079243,-9.487480138372064,24,24
172,0.5,daily,weak,0.8164367126574685,0.44691841415775596,-9.487480138372064,24,24
172,0.5,daily,weak_skew,0.29254149170165966,1.9529977582198388,-9.487480138372064,24,24
172,0.5,two_day,alt,0.0005998800239952009,-10.152518966252094,-9.487480138372064,24,24
172,0.5,two_day,sharp,0.7564487102579485,-0.6712285892751518,-9.487480138372064,24,24
172,0.5,two_day,weak,0.9442111577684463,-0.18427175176058017,-9.487480138372064,24,24
172,0.5,two_day,weak_skew,0.8124375124975005,-0.7372362984404474,-9.487480138372064,24,24
172,0.5,four_day,alt,0.00244140625,-10.542939851666938,-9.487480138372064,12,24
172,0.5,four_day,sharp,0.8955078125,-0.27395636979442095,-9.487480138372064,12,24
172,0.5,four_day,weak,0.3681640625,1.726716369983351,-9.487480138372064,12,24
172,0.5,four_day,weak_skew,0.1533203125,-3.0706542947968685,-9.487480138372064,12,24
173,0.5,daily,alt,0.0001999600079984003,-9.486514162486356,-10.590799003114036,24,24
173,0.5,daily,sharp,0.6000799840031994,-0.8209299952645276,-10.590799003114036,24,24
173,0.5,daily,weak,0.5018996200759848,-1.5807623891899938,-10.590799003114036,24,24
173,0.5,daily,weak_skew,0.2907418516296741,-2.2795018243349996,-10.590799003114036,24,24
173,0.5,two_day,alt,0.0001999600079984003,-10.414832338712358,-10.590799003114036,24,24
173,0.5,two_day,sharp,0.8674265146970606,0.2547356440111465,-10.590799003114036,24,24
173,0.5,two_day,weak,0.77124575084983,0.6540406343043793,-10.590799003114036,24,24
173,0.5,two_day,weak_skew,0.138372325534893,3.3865243783738017,-10.590799003114036,24,24
173,0.5,four_day,alt,0.013671875,-9.46339088932646,-10.590799003114036,12,24
173,0.5,four_day,sharp,0.779296875,0.8096563698602294,-10.590799003114036,12,24
173,0.5,four_day,weak,0.8134765625,-0.8858650543502069,-10.590799003114036,12,24
173,0.5,four_day,weak_skew,0.9541015625,-0.1757464737050564,-10.590799003114036,12,24
174,0.5,daily,alt,0.001799640071985603,-7.4721619125887955,-10.130522057534968,24,24
174,0.5,daily,sharp,0.9474105178964207,0.13993329985708267,-10.130522057534968,24,24
174,0.5,daily,weak,0.9202159568086383,0.2564004959491424,-10.130522057534968,24,24
174,0.5,daily,weak_skew,0.6784643071385723,0.815304598428621,-10.130522057534968,24,24
174,0.5,two_day,alt,0.0005998800239952009,-10.78858784145821,-10.130522057534968,24,24
174,0.5,two_day,sharp,0.8124375124975005,0.533674453951616,-10.130522057534968,24,24
174,0.5,two_day,weak,0.7518496300739852,1.0290163896166342,-10.130522057534968,24,24
174,0.5,two_day,weak_skew,0.9540091981603679,0.15169984943502937,-10.130522057534968,24,24
174,0.5,four_day,alt,0.00634765625,-12.096243519375731,-10.130522057534968,12,24
174,0.5,four_day,sharp,0.72412109375,-1.2778556269933337,-10.130522057534968,12,24
174,0.5,four_day,weak,0.60107421875,-2.217067865218867,-10.130522057534968,12,24
174,0.5,four_day,weak_skew,0.58447265625,2.466566587189403,-10.130522057534968,12,24
175,0.5,daily,alt,0.008798240351929614,-5.995657457622587,-8.769909016678774,24,24
175,0.5,daily,sharp,0.40871825634873027,-1.3569625583633866,-8.769909016678774,24,24
175,0.5,daily,weak,0.2473505298940212,-2.9025874596543724,-8.769909016678774,24,24
175,0.5,daily,weak_skew,0.11417716456708658,-3.089600885415772,-8.769909016678774,24,24
175,0.5,two_day,alt,0.07218556288742252,-4.825609990035596,-8.769909016678774,24,24
175,0.5,two_day,sharp,0.1261747650469906,4.538708017783236,-8.769909016678774,24,24
175,0.5,two_day,weak,0.07458508298340331,6.5316740850650215,-8.769909016678774,24,24
175,0.5,two_day,weak_skew,0.3139372125574885,2.891285537205453,-8.769909016678774,24,24
175,0.5,four_day,alt,0.587890625,-1.6512114825647057,-8.769909016678774,12,24
175,0.5,four_day,sharp,0.068359375,4.028668011788527,-8.769909016678774,12,24
175,0.5,four_day,weak,0.2822265625,2.5746112568972737,-8.769909016678774,12,24
175,0.5,four_day,weak_skew,0.15673828125,4.8871453752808565,-8.769909016678774,12,24
176,0.5,daily,alt,0.008198360327934412,-6.324060614862419,-5.724944652703101,24,24
176,0.5,daily,sharp,0.8964207158568286,0.22660245526053538,-5.724944652703101,24,24
176,0.5,daily,weak,0.5852829434113177,-0.9257240550337688,-5.724944652703101,24,24
176,0.5,daily,weak_skew,0.4357128574285143,1.5286513124925818,-5.724944652703101,24,24
176,0.5,two_day,alt,0.9538092381523695,0.16385091805143256,-5.724944652703101,24,24
176,0.5,two_day,sharp,0.16596680663867228,2.8849867576912023,-5.724944652703101,24,24
176,0.5,two_day,weak,0.3119376124775045,3.0319954724293257,-5.724944652703101,24,24
176,0.5,two_day,weak_skew,0.3395320935812837,2.3602542133020092,-5.724944652703101,24,24
176,0.5,four_day,alt,0.005859375,-8.76775780827255,-5.724944652703101,12,24
176,0.5,four_day,sharp,0.50146484375,-1.8242992410445489,-5.724944652703101,12,24
176,0.5,four_day,weak,0.77294921875,-0.7738735888555303,-5.724944652703101,12,24
176,0.5,four_day,weak_skew,0.654296875,-1.500560279500715,-5.724944652703101,12,24
177,0.5,daily,alt,0.0001999600079984003,-8.704602711966045,-9.087378579663913,24,24
177,0.5,daily,sharp,0.3997200559888022,-1.0324191052013483,-9.087378579663913,24,24
177,0.5,daily,weak,0.3307338532293541,-1.6523507008093345,-9.087378579663913,24,24
177,0.5,daily,weak_skew,0.1811637672465507,-2.352381344803201,-9.087378579663913,24,24
177,0.5,two_day,alt,0.0005998800239952009,-12.070095130950797,-9.087378579663913,24,24
177,0.5,two_day,sharp,0.1861627674465107,-2.2093984471396206,-9.087378579663913,24,24
177,0.5,two_day,weak,0.9830033993201359,0.07540493682395007,-9.087378579663913,24,24
177,0.5,two_day,weak_skew,0.15636872625474904,-3.4208834819833167,-9.087378579663913,24,24
177,0.5,four_day,alt,0.0009765625,-10.989789716616217,-9.087378579663913,12,24
177,0.5,four_day,sharp,0.41552734375,-1.2592364855444564,-9.087378579663913,12,24
177,0.5,four_day,weak,0.6025390625,-1.7452464123117284,-9.087378579663913,12,24
177,0.5,four_day,weak_skew,0.3974609375,-2.4876210073733502,-9.087378579663913,12,24
178,0.5,daily,alt,0.004799040191961607,-4.946518274093737,-8.607438278671339,24,24
178,0.5,daily,sharp,0.1929614077184563,2.375570918652767,-8.607438278671339,24,24
178,0.5,daily,weak,0.2019596080783843,3.3303826651820336,-8.607438278671339,24,24
178,0.5,daily,weak_skew,0.16676664667066587,3.472744902235694,-8.607438278671339,24,24
178,0.5,two_day,alt,0.010997800439912017,-8.069139730217465,-8.607438278671339,24,24
178,0.5,two_day,sharp,0.757248550289942,0.8262076743365604,-8.607438278671339,24,24
178,0.5,two_day,weak,0.41831633673265345,2.512252401982455,-8.607438278671339,24,24
178,0.5,two_day,weak_skew,0.11517696460707859,7.518687859064094,-8.607438278671339,24,24
178,0.5,four_day,alt,0.0791015625,-7.318890386754599,-8.607438278671339,12,24
178,0.5,four_day,sharp,0.77490234375,1.7177987817047924,-8.607438278671339,12,24
178,0.5,four_day,weak,0.8125,0.9116814180618581,-8.607438278671339,12,24
178,0.5,four_day,weak_skew,0.8232421875,1.025164112688045,-8.607438278671339,12,24
179,0.5,daily,alt,0.5916816636672666,-1.3942865957596322,-4.492733505322619,24,24
179,0.5,daily,sharp,0.26374725054989,1.1144217709364774,-4.492733505322619,24,24
179,0.5,daily,weak,0.09518096380723855,2.8122198215638647,-4.492733505322619,24,24
179,0.5,daily,weak_skew,0.8468306338732253,0.25032916888591306,-4.492733505322619,24,24
179,0.5,two_day,alt,0.8298340331933614,-1.0112921870369613,-4.492733505322619,24,24
179,0.5,two_day,sharp,0.20495900819836033,1.3855143437930648,-4.492733505322619,24,24
179,0.5,two_day,weak,0.41311737652469505,1.4769839967667446,-4.492733505322619,24,24
179,0.5,two_day,weak_skew,0.11577684463107378,2.4279685908373567,-4.492733505322619,24,24
179,0.5,four_day,alt,0.150390625,-5.51970365608183,-4.492733505322619,12,24
179,0.5,four_day,sharp,0.751953125,0.4216087720726147,-4.492733505322619,12,24
179,0.5,four_day,weak,0.7021484375,-1.135453797194866,-4.492733505322619,12,24
179,0.5,four_day,weak_skew,0.8935546875,0.3459437328026714,-4.492733505322619,12,24
180,0.5,daily,alt,0.13977204559088183,-5.316910671379545,-6.519398020924157,24,24
180,0.5,daily,sharp,0.8430313937212558,0.6257006050221395,-6.519398020924157,24,24
180,0.5,daily,weak,0.7630473905218956,1.046783509222772,-6.519398020924157,24,24
180,0.5,daily,weak_skew,0.44471105778844233,2.3319994790826266,-6.519398020924157,24,24
180,0.5,two_day,alt,0.20795840831833634,-4.687134230307309,-6.519398020924157,24,24
180,0.5,two_day,sharp,0.11377724455108978,3.0731801877737674,-6.519398020924157,24,24
180,0.5,two_day,weak,0.13937212557488501,4.120608421151144,-6.519398020924157,24,24
180,0.5,two_day,weak_skew,0.608878224355129,1.057486311886415,-6.519398020924157,24,24
180,0.5,four_day,alt,0.1552734375,7.597683966852934,-6.519398020924157,12,24
180,0.5,four_day,sharp,0.005859375,6.535627189575592,-6.519398020924157,12,24
180,0.5,four_day,weak,0.02197265625,9.53672754911434,-6.519398020924157,12,24
180,0.5,four_day,weak_skew,0.0302734375,5.107580434256238,-6.519398020924157,12,24
181,0.5,daily,alt,0.28854229154169164,-3.138186340359333,-4.5110475691287775,24,24
181,0.5,daily,sharp,0.8404319136172765,-0.2871560367296165,-4.5110475691287775,24,24
181,0.5,daily,weak,0.530493901219756,-1.1744576188800029,-4.5110475691287775,24,24
181,0.5,daily,weak_skew,0.42811437712457506,2.093429319352706,-4.5110475691287775,24,24
181,0.5,two_day,alt,0.8832233553289343,0.5081335047928643,-4.5110475691287775,24,24
181,0.5,two_day,sharp,0.2595480903819236,1.645881221738554,-4.5110475691287775,24,24
181,0.5,two_day,weak,0.5480903819236153,-1.5747082646237318,-4.5110475691287775,24,24
181,0.5,two_day,weak_skew,0.3343331333733253,2.089304897967886,-4.5110475691287775,24,24
181,0.5,four_day,alt,0.7412109375,-1.5627585472151544,-4.5110475691287775,12,24
181,0.5,four_day,sharp,0.3583984375,2.313471606710704,-4.5110475691287775,12,24
181,0.5,four_day,weak,0.103515625,6.28723824024856,-4.5110475691287775,12,24
181,0.5,four_day,weak_skew,0.68310546875,1.7244417652806519,-4.5110475691287775,12,24
182,0.5,daily,alt,0.0001999600079984003,-7.736392172772912,-8.982840127189803,24,24
182,0.5,daily,sharp,0.526494701059788,-0.8020034710250918,-8.982840127189803,24,24
182,0.5,daily,weak,0.20215956808638272,-2.2433182890512517,-8.982840127189803,24,24
182,0.5,daily,weak_skew,0.05818836232753449,-2.825786084174082,-8.982840127189803,24,24
182,0.5,two_day,alt,0.00639872025594881,-8.724027079531828,-8.982840127189803,24,24
182,0.5,two_day,sharp,0.7556488702259548,-0.6721836338149748,-8.982840127189803,24,24
182,0.5,two_day,weak,0.7950409918016397,0.7809306597004104,-8.982840127189803,24,24
182,0.5,two_day,weak_skew,0.35012997400519896,-2.7189874514205905,-8.982840127189803,24,24
182,0.5,four_day,alt,0.0048828125,-6.570732077416359,-8.982840127189803,12,24
182,0.5,four_day,sharp,0.1298828125,2.791437162692534,-8.982840127189803,12,24
182,0.5,four_day,weak,0.5732421875,1.8367295945660829,-8.982840127189803,12,24
182,0.5,four_day,weak_skew,0.3681640625,1.7261996384750151,-8.982840127189803,12,24
183,0.5,daily,alt,0.9308138372325535,-0.3522810211045299,-5.781008107010251,24,24
183,0.5,daily,sharp,0.26854629074185166,1.2746276197820203,-5.781008107010251,24,24
183,0.5,daily,weak,0.8082383523295341,0.40532749705829146,-5.781008107010251,24,24
183,0.5,daily,weak_skew,0.6888622275544891,0.6761835006798508,-5.781008107010251,24,24
183,0.5,two_day,alt,0.014997000599880024,-7.898385529558495,-5.781008107010251,24,24
183,0.5,two_day,sharp,0.1957608478304339,-1.6489931941301224,-5.781008107010251,24,24
183,0.5,two_day,weak,0.8732253549290142,0.4082898785607257,-5.781008107010251,24,24
183,0.5,two_day,weak_skew,0.04399120175964807,-3.744108460954456,-5.781008107010251,24,24
183,0.5,four_day,alt,0.9453125,0.288963532559024,-5.781008107010251,12,24
183,0.5,four_day,sharp,0.42333984375,1.3494154729728773,-5.781008107010251,12,24
183,0.5,four_day,weak,0.73876953125,1.0171811979066636,-5.781008107010251,12,24
183,0.5,four_day,weak_skew,0.99560546875,0.02067451116309371,-5.781008107010251,12,24
184,0.5,daily,alt,0.03759248150369926,-3.673853206322461,-4.371667261427689,24,24
184,0.5,daily,sharp,0.5936812637472505,0.6622968094693539,-4.371667261427689,24,24
184,0.5,daily,weak,0.5658868226354729,-0.9660731481053405,-4.371667261427689,24,24
184,0.5,daily,weak_skew,0.23015396920615877,2.373545332141813,-4.371667261427689,24,24
184,0.5,two_day,alt,0.016196760647870425,-8.529580586350475,-4.371667261427689,24,24
184,0.5,two_day,sharp,0.08838232353529295,-4.545351893337539,-4.371667261427689,24,24
184,0.5,two_day,weak,0.4321135772845431,-2.6952142355404773,-4.371667261427689,24,24
184,0.5,two_day,weak_skew,0.28794241151769645,-3.3555276806100487,-4.371667261427689,24,24
184,0.5,four_day,alt,0.068359375,-7.37544485640533,-4.371667261427689,12,24
184,0.5,four_day,sharp,0.19140625,-3.701883943916915,-4.371667261427689,12,24
184,0.5,four_day,weak,0.22900390625,-4.585430145592924,-4.371667261427689,12,24
184,0.5,four_day,weak_skew,0.2587890625,-4.260378498948563,-4.371667261427689,12,24
185,0.5,daily,alt,0.0007998400319936012,-6.862614228740848,-8.182961249594776,24,24
185,0.5,daily,sharp,0.5112977404519096,-0.6836603642724833,-8.182961249594776,24,24
185,0.5,daily,weak,0.8810237952409518,-0.23267415134726596,-8.182961249594776,24,24
185,0.5,daily,weak_skew,0.9656068786242752,0.07345638193710939,-8.182961249594776,24,24
185,0.5,two_day,alt,0.0015996800639872025,-7.988146720535667,-8.182961249594776,24,24
185,0.5,two_day,sharp,0.6060787842431514,-0.637331876214588,-8.182961249594776,24,24
185,0.5,two_day,weak,0.4803039392121576,-1.2053289456513785,-8.182961249594776,24,24
185,0.5,two_day,weak_skew,0.28694261147770445,-1.960148037837121,-8.182961249594776,24,24
185,0.5,four_day,alt,0.01171875,-7.492128171264021,-8.182961249594776,12,24
185,0.5,four_day,sharp,0.599609375,-0.7694795255363118,-8.182961249594776,12,24
185,0.5,four_day,weak,0.5419921875,-1.7449620704954956,-8.182961249594776,12,24
185,0.5,four_day,weak_skew,0.7646484375,1.0466231305779494,-8.182961249594776,12,24
186,0.5,daily,alt,0.0013997200559888023,-5.642313012378094,-6.981097847311048,24,24
186,0.5,daily,sharp,0.876624675064987,0.23618753285273422,-6.981097847311048,24,24
186,0.5,daily,weak,0.3375324935012997,1.6259878715170137,-6.981097847311048,24,24
186,0.5,daily,weak_skew,0.9168166366726654,0.1961094447387565,-6.981097847311048,24,24
186,0.5,two_day,alt,0.46970605878824234,-2.4178856454192026,-6.981097847311048,24,24
186,0.5,two_day,sharp,0.2523495300939812,3.329836188082261,-6.981097847311048,24,24
186,0.5,two_day,weak,0.4247150569886023,2.8399073401679638,-6.981097847311048,24,24
186,0.5,two_day,weak_skew,0.39012197560487905,3.5257367111523834,-6.981097847311048,24,24
186,0.5,four_day,alt,0.35693359375,-3.0056312549030166,-6.981097847311048,12,24
186,0.5,four_day,sharp,0.20068359375,3.550678987548988,-6.981097847311048,12,24
186,0.5,four_day,weak,0.08251953125,5.065298017165432,-6.981097847311048,12,24
186,0.5,four_day,weak_skew,0.42626953125,2.9335181410993703,-6.981097847311048,12,24
187,0.5,daily,alt,0.0005998800239952009,-7.022415182383246,-6.734186103298569,24,24
187,0.5,daily,sharp,0.4771045790841832,0.9438751983645511,-6.734186103298569,24,24
187,0.5,daily,weak,0.3899220155968806,1.5114573031598564,-6.734186103298569,24,24
187,0.5,daily,weak_skew,0.3755248950209958,1.5447740586169398,-6.734186103298569,24,24
187,0.5,two_day,alt,0.0009998000399920016,-7.069779015239587,-6.734186103298569,24,24
187,0.5,two_day,sharp,0.8630273945210958,0.22583879171639362,-6.734186103298569,24,24
187,0.5,two_day,weak,0.8046390721855629,-0.465201943601965,-6.734186103298569,24,24
187,0.5,two_day,weak_skew,0.5432913417316537,-0.9119505847148671,-6.734186103298569,24,24
187,0.5,four_day,alt,0.0205078125,-7.962212227358752,-6.734186103298569,12,24
187,0.5,four_day,sharp,0.66650390625,-0.935400118263745,-6.734186103298569,12,24
187,0.5,four_day,weak,0.41455078125,-3.749384541450778,-6.734186103298569,12,24
187,0.5,four_day,weak_skew,0.20703125,-3.190970703978982,-6.734186103298569,12,24
188,0.5,daily,alt,0.0001999600079984003,-8.447724273972202,-8.361066512417679,24,24
188,0.5,daily,sharp,0.7656468706258748,0.5448790384478798,-8.361066512417679,24,24
188,0.5,daily,weak,0.5012997400519896,1.4105328471048395,-8.361066512417679,24,24
188,0.5,daily,weak_skew,0.6474705058988203,1.0126839652788944,-8.361066512417679,24,24
188,0.5,two_day,alt,0.10977804439112178,-5.538201900227405,-8.361066512417679,24,24
188,0.5,two_day,sharp,0.378124375124975,2.96908183390657,-8.361066512417679,24,24
188,0.5,two_day,weak,0.8552289542091581,0.5635188889818483,-8.361066512417679,24,24
188,0.5,two_day,weak_skew,0.6716656668666267,1.6129209305431047,-8.361066512417679,24,24
188,0.5,four_day,alt,0.1650390625,-5.95976944537959,-8.361066512417679,12,24
188,0.5,four_day,sharp,0.4921875,2.0720267884113377,-8.361066512417679,12,24
188,0.5,four_day,weak,0.75439453125,1.1598633534651495,-8.361066512417679,12,24
188,0.5,four_day,weak_skew,0.1142578125,7.956239013039281,-8.361066512417679,12,24
189,0.5,daily,alt,0.0001999600079984003,-9.113233836036592,-8.840653646912997,24,24
189,0.5,daily,sharp,0.20135972805438912,-2.256055035967553,-8.840653646912997,24,24
189,0.5,daily,weak,0.22315536892621476,-2.9831996565584054,-8.840653646912997,24,24
189,0.5,daily,weak_skew,0.15396920615876825,-3.0960796182846106,-8.840653646912997,24,24
189,0.5,two_day,alt,0.02579484103179364,-6.104643688495984,-8.840653646912997,24,24
189,0.5,two_day,sharp,0.526494701059788,1.4393078266120796,-8.840653646912997,24,24
189,0.5,two_day,weak,0.8328334333133374,0.6550588702387792,-8.840653646912997,24,24
189,0.5,two_day,weak_skew,0.265746850629874,2.7931556330530456,-8.840653646912997,24,24
189,0.5,four_day,alt,0.001953125,-8.476137198359437,-8.840653646912997,12,24
189,0.5,four_day,sharp,0.9228515625,-0.21587968671914956,-8.840653646912997,12,24
189,0.5,four_day,weak,0.37939453125,2.730366339308057,-8.840653646912997,12,24
189,0.5,four_day,weak_skew,0.57373046875,-2.015792794521076,-8.840653646912997,12,24
190,0.5,daily,alt,0.03199360127974405,-5.353625968476611,-6.25511509240598,24,24
190,0.5,daily,sharp,0.7118576284743051,-0.42651424502905727,-6.25511509240598,24,24
190,0.5,daily,weak,0.6054789042191562,-1.0169977124494067,-6.25511509240598,24,24
190,0.5,daily,weak_skew,0.9004199160167966,0.1889494107352195,-6.25511509240598,24,24
190,0.5,two_day,alt,0.15476904619076184,-3.7212951381651336,-6.25511509240598,24,24
190,0.5,two_day,sharp,0.04239152169566087,2.620009598656712,-6.25511509240598,24,24
190,0.5,two_day,weak,0.727254549090182,0.9672894976178462,-6.25511509240598,24,24
190,0.5,two_day,weak_skew,0.4029194161167766,1.5317035008305584,-6.25511509240598,24,24
190,0.5,four_day,alt,0.00927734375,-7.532554396594713,-6.25511509240598,12,24
190,0.5,four_day,sharp,0.65625,0.9277750809288339,-6.25511509240598,12,24
190,0.5,four_day,weak,0.26513671875,-2.6205682834183412,-6.25511509240598,12,24
190,0.5,four_day,weak_skew,0.55078125,2.967850793194529,-6.25511509240598,12,24
191,0.5,daily,alt,0.0001999600079984003,-7.863535768173534,-5.588597841729822,24,24
191,0.5,daily,sharp,0.4243151369726055,-1.3971934900684204,-5.588597841729822,24,24
191,0.5,daily,weak,0.27114577084583086,-2.735481418317813,-5.588597841729822,24,24
191,0.5,daily,weak_skew,0.5618876224755049,-1.4323919428379712,-5.588597841729822,24,24
191,0.5,two_day,alt,0.03259348130373925,-5.898845119725873,-5.588597841729822,24,24
191,0.5,two_day,sharp,0.8936212757448511,-0.27212110832870745,-5.588597841729822,24,24
191,0.5,two_day,weak,0.9652069586082783,0.11984402913137455,-5.588597841729822,24,24
191,0.5,two_day,weak_skew,0.5056988602279544,1.7189409308954797,-5.588597841729822,24,24
191,0.5,four_day,alt,0.00048828125,-10.8119066384077,-5.588597841729822,12,24
191,0.5,four_day,sharp,0.017578125,-4.907652033136039,-5.588597841729822,12,24
191,0.5,four_day,weak,0.001953125,-7.89793892775515,-5.588597841729822,12,24
191,0.5,four_day,weak_skew,0.0078125,-7.201484022034094,-5.588597841729822,12,24
192,0.5,daily,alt,0.0001999600079984003,-6.921227423953405,-8.560742268795266,24,24
192,0.5,daily,sharp,0.3645270945810838,0.7461151204267864,-8.560742268795266,24,24
192,0.5,daily,weak,0.4631073785242951,0.8546905818179971,-8.560742268795266,24,24
192,0.5,daily,weak_skew,0.8326334733053389,0.2858795219192925,-8.560742268795266,24,24
192,0.5,two_day,alt,0.0001999600079984003,-8.391362695302442,-8.560742268795266,24,24
192,0.5,two_day,sharp,0.6850629874025195,0.49849068473407626,-8.560742268795266,24,24
192,0.5,two_day,weak,0.17616476704659068,3.0891302623711456,-8.560742268795266,24,24
192,0.5,two_day,weak_skew,0.9300139972005599,0.15405189938645858,-8.560742268795266,24,24
192,0.5,four_day,alt,0.00048828125,-11.562512558942425,-8.560742268795266,12,24
192,0.5,four_day,sharp,0.0947265625,-2.80003429648146,-8.560742268795266,12,24
192,0.5,four_day,weak,0.0732421875,-5.025199792246632,-8.560742268795266,12,24
192,0.5,four_day,weak_skew,0.00439453125,-4.379645391462138,-8.560742268795266,12,24
193,0.5,daily,alt,0.0001999600079984003,-10.608225487211312,-9.969983194006069,24,24
193,0.5,daily,sharp,0.03979204159168166,-3.159656422275631,-9.969983194006069,24,24
193,0.5,daily,weak,0.22955408918216358,-2.4139469767522344,-9.969983194006069,24,24
193,0.5,daily,weak_skew,0.016396720655868825,-4.544164255095672,-9.969983194006069,24,24
193,0.5,two_day,alt,0.0015996800639872025,-11.125372039647942,-9.969983194006069,24,24
193,0.5,two_day,sharp,0.4179164167166567,-2.115568290339566,-9.969983194006069,24,24
193,0.5,two_day,weak,0.23295340931813638,-3.7102118164632802,-9.969983194006069,24,24
193,0.5,two_day,weak_skew,0.6730653869226155,-1.308716073765959,-9.969983194006069,24,24
193,0.5,four_day,alt,0.0009765625,-11.075161934960462,-9.969983194006069,12,24
193,0.5,four_day,sharp,0.65576171875,-1.0092566359319572,-9.969983194006069,12,24
193,0.5,four_day,weak,0.6865234375,-1.3565561767708658,-9.969983194006069,12,24
193,0.5,four_day,weak_skew,0.69287109375,-1.346279886145244,-9.969983194006069,12,24
194,0.5,daily,alt,0.003599280143971206,-7.078944887979769,-7.738547918669411,24,24
194,0.5,daily,sharp,0.762247550489902,-0.5116800375664837,-7.738547918669411,24,24
194,0.5,daily,weak,0.8910217956408718,-0.31384955533981146,-7.738547918669411,24,24
194,0.5,daily,weak_skew,0.6986602679464107,-0.7556543750098982,-7.738547918669411,24,24
194,0.5,two_day,alt,0.04919016196760648,-5.558191106454451,-7.738547918669411,24,24
194,0.5,two_day,sharp,0.5040991801639672,1.541929623558225,-7.738547918669411,24,24
194,0.5,two_day,weak,0.5356928614277144,1.6298411299261664,-7.738547918669411,24,24
194,0.5,two_day,weak_skew,0.8322335532893421,0.4826345673300952,-7.738547918669411,24,24
194,0.5,four_day,alt,0.56982421875,1.76625240685451,-7.738547918669411,12,24
194,0.5,four_day,sharp,0.00732421875,7.104143256776948,-7.738547918669411,12,24
194,0.5,four_day,weak,0.27783203125,3.3394929845442953,-7.738547918669411,12,24
194,0.5,four_day,weak_skew,0.0888671875,6.174188949244875,-7.738547918669411,12,24
195,0.5,daily,alt,0.13597280543891221,-3.9185434892112876,-9.642169567981796,24,24
195,0.5,daily,sharp,0.07998400319936012,3.450539219015568,-9.642169567981796,24,24
195,0.5,daily,weak,0.08298340331933614,4.320570608138559,-9.642169567981796,24,24
195,0.5,daily,weak_skew,0.1209758048390322,4.726828888095994,-9.642169567981796,24,24
195,0.5,two_day,alt,0.10957808438312337,-6.826141511081457,-9.642169567981796,24,24
195,0.5,two_day,sharp,0.5272945410917816,2.271549702776993,-9.642169567981796,24,24
195,0.5,two_day,weak,0.5838832233553289,2.3461286922130387,-9.642169567981796,24,24
195,0.5,two_day,weak_skew,0.8152369526094781,0.8895832703142507,-9.642169567981796,24,24
195,0.5,four_day,alt,0.0146484375,-13.538201820177143,-9.642169567981796,12,24
195,0.5,four_day,sharp,0.17236328125,-4.537535160000771,-9.642169567981796,12,24
195,0.5,four_day,weak,0.08251953125,-8.133591951890402,-9.642169567981796,12,24
195,0.5,four_day,weak_skew,0.138671875,-5.589605397604463,-9.642169567981796,12,24
196,0.5,daily,alt,0.0015996800639872025,-9.620272125892868,-9.733939173368519,24,24
196,0.5,daily,sharp,0.9782043591281744,-0.08803705454783135,-9.733939173368519,24,24
196,0.5,daily,weak,0.7674465106978604,-0.9689348903814171,-9.733939173368519,24,24
196,0.5,daily,weak_skew,0.5316936612677464,-1.6745039619327142,-9.733939173368519,24,24
196,0.5,two_day,alt,0.0001999600079984003,-11.993320725443828,-9.733939173368519,24,24
196,0.5,two_day,sharp,0.6090781843631273,-1.283584190811412,-9.733939173368519,24,24
196,0.5,two_day,weak,0.7086582683463307,1.0395032551557142,-9.733939173368519,24,24
196,0.5,two_day,weak_skew,0.6906618676264747,-1.2879315082480156,-9.733939173368519,24,24
196,0.5,four_day,alt,0.009765625,-9.818698188304907,-9.733939173368519,12,24
196,0.5,four_day,sharp,0.62255859375,-2.0588387273004556,-9.733939173368519,12,24
196,0.5,four_day,weak,0.08642578125,-4.428039951908157,-9.733939173368519,12,24
196,0.5,four_day,weak_skew,0.9990234375,-0.010093241390356647,-9.733939173368519,12,24
197,0.5,daily,alt,0.006998600279944011,-5.641661198926475,-8.036102504181827,24,24
197,0.5,daily,sharp,0.24935012997400519,1.305968048130547,-8.036102504181827,24,24
197,0.5,daily,weak,0.04379124175164967,3.5621237358453457,-8.036102504181827,24,24
197,0.5,daily,weak_skew,0.6868626274745051,-0.5461647495515036,-8.036102504181827,24,24
197,0.5,two_day,alt,0.0001999600079984003,-8.58389078400065,-8.036102504181827,24,24
197,0.5,two_day,sharp,0.27194561087782443,-1.428452129520984,-8.036102504181827,24,24
197,0.5,two_day,weak,0.9948010397920416,0.015924801791706262,-8.036102504181827,24,24
197,0.5,two_day,weak_skew,0.19876024795040992,-2.7595191296555845,-8.036102504181827,24,24
197,0.5,four_day,alt,0.4345703125,-3.0192450619310374,-8.036102504181827,12,24
197,0.5,four_day,sharp,0.34765625,2.456735085176905,-8.036102504181827,12,24
197,0.5,four_day,weak,0.1552734375,4.144103730412524,-8.036102504181827,12,24
197,0.5,four_day,weak_skew,0.29345703125,4.037012864848822,-8.036102504181827,12,24
198,0.5,daily,alt,0.0001999600079984003,-9.996265522048546,-10.153725624738591,24,24
198,0.5,daily,sharp,0.396120775844831,-1.1204010232496076,-10.153725624738591,24,24
198,0.5,daily,weak,0.1201759648070386,-3.5015111074897995,-10.153725624738591,24,24
198,0.5,daily,weak_skew,0.4383123375324935,-1.4619417865390834,-10.153725624738591,24,24
198,0.5,two_day,alt,0.0003999200159968006,-9.959602559430431,-10.153725624738591,24,24
198,0.5,two_day,sharp,0.9326134773045391,-0.11207324723315419,-10.153725624738591,24,24
198,0.5,two_day,weak,0.9434113177364527,0.14684933228397856,-10.153725624738591,24,24
198,0.5,two_day,weak_skew,0.9482103579284143,0.11316240213121898,-10.153725624738591,24,24
198,0.5,four_day,alt,0.00048828125,-16.864755522373887,-10.153725624738591,12,24
198,0.5,four_day,sharp,0.0556640625,-4.3581607168044005,-10.153725624738591,12,24
198,0.5,four_day,weak,0.0546875,-5.132329982776562,-10.153725624738591,12,24
198,0.5,four_day,weak_skew,0.005859375,-8.69083385073334,-10.153725624738591,12,24
199,0.5,daily,alt,0.0001999600079984003,-10.17040389128944,-5.549124137270837,24,24
199,0.5,daily,sharp,0.005398920215956809,-4.275304876009763,-5.549124137270837,24,24
199,0.5,daily,weak,0.016996600679864027,-4.449623151083792,-5.549124137270837,24,24
199,0.5,daily,weak_skew,0.0033993201359728054,-6.394947433615883,-5.549124137270837,24,24
199,0.5,two_day,alt,0.2435512897420516,-3.349906447044983,-5.549124137270837,24,24
199,0.5,two_day,sharp,0.29834033193361326,1.9922689302827765,-5.549124137270837,24,24
199,0.5,two_day,weak,0.21355728854229153,4.016627867738372,-5.549124137270837,24,24
199,0.5,two_day,weak_skew,0.8106378724255149,0.7063389426614402,-5.549124137270837,24,24
199,0.5,four_day,alt,0.01708984375,-8.171087157559198,-5.549124137270837,12,24
199,0.5,four_day,sharp,0.408203125,-1.7066712706858465,-5.549124137270837,12,24
199,0.5,four_day,weak,0.70703125,-1.405084770221735,-5.549124137270837,12,24
199,0.5,four_day,weak_skew,0.623046875,-1.4752227421131352,-5.549124137270837,12,24
200,0.5,daily,alt,0.033193361327734455,-4.069672064405612,-4.617178536605351,24,24
200,0.5,daily,sharp,0.7858428314337133,0.26659106036140806,-4.617178536605351,24,24
200,0.5,daily,weak,0.7628474305138973,-0.6248559192779446,-4.617178536605351,24,24
200,0.5,daily,weak_skew,0.618876224755049,-0.5701418895109308,-4.617178536605351,24,24
200,0.5,two_day,alt,0.20455908818236354,-4.630479366924743,-4.617178536605351,24,24
200,0.5,two_day,sharp,0.47290541891621674,-1.3522101590321849,-4.617178536605351,24,24
200,0.5,two_day,weak,0.264747050589882,-2.9945914458049536,-4.617178536605351,24,24
200,0.5,two_day,weak_skew,0.6656668666266746,-1.266790809096496,-4.617178536605351,24,24
200,0.5,four_day,alt,0.5126953125,-2.570337894101191,-4.617178536605351,12,24
200,0.5,four_day,sharp,0.52978515625,1.3021854308086394,-4.617178536605351,12,24
200,0.5,four_day,weak,0.615234375,1.6643349024017489,-4.617178536605351,12,24
200,0.5,four_day,weak_skew,0.0615234375,9.255074716575162,-4.617178536605351,12,24
201,0.5,daily,alt,0.0003999200159968006,-9.324727758870308,-9.528610147189099,24,24
201,0.5,daily,sharp,0.4803039392121576,-1.0210484563374302,-9.528610147189099,24,24
201,0.5,daily,weak,0.7908418316336733,0.39239123768228684,-9.528610147189099,24,24
201,0.5,daily,weak_skew,0.29674065186962606,-1.797350146887097,-9.528610147189099,24,24
201,0.5,two_day,alt,0.0001999600079984003,-11.237462976882442,-9.528610147189099,24,24
201,0.5,two_day,sharp,0.3889222155568886,-1.5944127018201237,-9.528610147189099,24,24
201,0.5,two_day,weak,0.9850029994001199,0.047346626115672606,-9.528610147189099,24,24
201,0.5,two_day,weak_skew,0.999000199960008,-0.003400812678910311,-9.528610147189099,24,24
201,0.5,four_day,alt,0.00439453125,-9.842326875595363,-9.528610147189099,12,24
201,0.5,four_day,sharp,0.5908203125,-0.8085573475863619,-9.528610147189099,12,24
201,0.5,four_day,weak,0.09228515625,6.673169124404246,-9.528610147189099,12,24
201,0.5,four_day,weak_skew,0.71923828125,1.1020902856150159,-9.528610147189099,12,24
202,0.5,daily,alt,0.0005998800239952009,-5.97470056454195,-8.098751466723257,24,24
202,0.5,daily,sharp,0.5456908618276345,-0.6378116238498995,-8.098751466723257,24,24
202,0.5,daily,weak,0.524495100979804,-1.0608991916966677,-8.098751466723257,24,24
202,0.5,daily,weak_skew,0.9498100379924015,0.09107208200264368,-8.098751466723257,24,24
202,0.5,two_day,alt,0.0011997600479904018,-8.996315028568107,-8.098751466723257,24,24
202,0.5,two_day,sharp,0.5574885022995401,-1.0755368209631524,-8.098751466723257,24,24
202,0.5,two_day,weak,0.8512297540491902,-0.5045035237647303,-8.098751466723257,24,24
202,0.5,two_day,weak_skew,0.8436312737452509,0.5441683869536886,-8.098751466723257,24,24
202,0.5,four_day,alt,0.08251953125,-4.7098270281109995,-8.098751466723257,12,24
202,0.5,four_day,sharp,0.5419921875,0.9453558577911659,-8.098751466723257,12,24
202,0.5,four_day,weak,0.2421875,3.2338028664164966,-8.098751466723257,12,24
202,0.5,four_day,weak_skew,0.3369140625,3.250424148872842,-8.098751466723257,12,24
203,0.5,daily,alt,0.0651869626074785,-4.340931291582377,-8.768670785745918,24,24
203,0.5,daily,sharp,0.45450909818036395,0.8798792015046359,-8.768670785745918,24,24
203,0.5,daily,weak,0.10317936412717456,2.4695207735042346,-8.768670785745918,24,24
203,0.5,daily,weak_skew,0.34933013397320534,1.7500459344037003,-8.768670785745918,24,24
203,0.5,two_day,alt,0.0009998000399920016,-10.284223216649766,-8.768670785745918,24,24
203,0.5,two_day,sharp,0.41111777644471104,-1.3199153375337502,-8.768670785745918,24,24
203,0.5,two_day,weak,0.7286542691461708,-0.8282824383818692,-8.768670785745918,24,24
203,0.5,two_day,weak_skew,0.486502699460108,-1.454094692804502,-8.768670785745918,24,24
203,0.5,four_day,alt,0.00048828125,-12.767393289380534,-8.768670785745918,12,24
203,0.5,four_day,sharp,0.6943359375,-0.9627900339032459,-8.768670785745918,12,24
203,0.5,four_day,weak,0.53369140625,-1.7425081481448423,-8.768670785745918,12,24
203,0.5,four_day,weak_skew,0.49365234375,-2.2558817589072415,-8.768670785745918,12,24
204,0.5,daily,alt,0.011397720455908818,-5.339315656309864,-7.1252052025329675,24,24
204,0.5,daily,sharp,0.5236952609478105,-0.741240499635564,-7.1252052025329675,24,24
204,0.5,daily,weak,0.3205358928214357,-1.849062028830985,-7.1252052025329675,24,24
204,0.5,daily,weak_skew,0.24055188962207558,-2.110083129624399,-7.1252052025329675,24,24
204,0.5,two_day,alt,0.16416716656668667,-4.20647192850268,-7.1252052025329675,24,24
204,0.5,two_day,sharp,0.5774845030993802,1.0067894257131715,-7.1252052025329675,24,24
204,0.5,two_day,weak,0.4911017796440712,-1.5323181334862996,-7.1252052025329675,24,24
204,0.5,two_day,weak_skew,0.5146970605878824,2.0269388360990304,-7.1252052025329675,24,24
204,0.5,four_day,alt,0.00537109375,-9.713434865696897,-7.1252052025329675,12,24
204,0.5,four_day,sharp,0.53271484375,-1.2481820755992488,-7.1252052025329675,12,24
204,0.5,four_day,weak,0.49462890625,-2.310748845714023,-7.1252052025329675,12,24
204,0.5,four_day,weak_skew,0.1923828125,-3.501690072841182,-7.1252052025329675,12,24
205,0.5,daily,alt,0.0003999200159968006,-6.814094092905564,-8.128213149018848,24,24
205,0.5,daily,sharp,0.9208158368326335,0.1474568813714449,-8.128213149018848,24,24
205,0.5,daily,weak,0.9642071585682863,-0.09848173457029989,-8.128213149018848,24,24
205,0.5,daily,weak_skew,0.7196560687862428,0.9257702934866762,-8.128213149018848,24,24
205,0.5,two_day,alt,0.0001999600079984003,-8.255555296595345,-8.128213149018848,24,24
205,0.5,two_day,sharp,0.5730853829234153,-0.9914280337836742,-8.128213149018848,24,24
205,0.5,two_day,weak,0.1863627274545091,3.0546568726846424,-8.128213149018848,24,24
205,0.5,two_day,weak_skew,0.5308938212357528,-1.4164897809405137,-8.128213149018848,24,24
205,0.5,four_day,alt,0.06201171875,-5.831953444010817,-8.128213149018848,12,24
205,0.5,four_day,sharp,0.19482421875,3.105210195312431,-8.128213149018848,12,24
205,0.5,four_day,weak,0.14013671875,5.855577484995759,-8.128213149018848,12,24
205,0.5,four_day,weak_skew,0.3349609375,3.2934725644524234,-8.128213149018848,12,24
206,0.5,daily,alt,0.001799640071985603,-6.849863565452604,-8.855385149214676,24,24
206,0.5,daily,sharp,0.9578084383123375,-0.08809239968650277,-8.855385149214676,24,24
206,0.5,daily,weak,0.3997200559888022,1.938381128634653,-8.855385149214676,24,24
206,0.5,daily,weak_skew,0.885622875424915,0.3533260765185006,-8.855385149214676,24,24
206,0.5,two_day,alt,0.003799240151969606,-7.531160516150426,-8.855385149214676,24,24
206,0.5,two_day,sharp,0.8016396720655868,0.5621961413198955,-8.855385149214676,24,24
206,0.5,two_day,weak,0.8970205958808238,0.3425345833011451,-8.855385149214676,24,24
206,0.5,two_day,weak_skew,0.16736652669466107,-3.26475459569563,-8.855385149214676,24,24
206,0.5,four_day,alt,0.10791015625,-4.149918460081788,-8.855385149214676,12,24
206,0.5,four_day,sharp,0.14013671875,3.7261367568332404,-8.855385149214676,12,24
206,0.5,four_day,weak,0.43701171875,2.0484704573011974,-8.855385149214676,12,24
206,0.5,four_day,weak_skew,0.763671875,1.1982122676981373,-8.855385149214676,12,24
207,0.5,daily,alt,0.0001999600079984003,-9.756424616828241,-9.958086973562587,24,24
207,0.5,daily,sharp,0.7124575084983004,-0.43712525822304055,-9.958086973562587,24,24
207,0.5,daily,weak,0.5178964207158568,-1.3773409801125125,-9.958086973562587,24,24
207,0.5,daily,weak_skew,0.22655468906218756,2.7304427060009693,-9.958086973562587,24,24
207,0.5,two_day,alt,0.0009998000399920016,-9.327037068243,-9.958086973562587,24,24
207,0.5,two_day,sharp,0.9728054389122176,0.0698516091575551,-9.958086973562587,24,24
207,0.5,two_day,weak,0.7252549490101979,-0.8219032363206592,-9.958086973562587,24,24
207,0.5,two_day,weak_skew,0.7742451509698061,-0.5982089283713957,-9.958086973562587,24,24
207,0.5,four_day,alt,0.009765625,-10.272791970102354,-9.958086973562587,12,24
207,0.5,four_day,sharp,0.4873046875,-1.4228566409888466,-9.958086973562587,12,24
207,0.5,four_day,weak,0.73779296875,-1.0078876128189354,-9.958086973562587,12,24
207,0.5,four_day,weak_skew,0.056640625,-5.000321771821571,-9.958086973562587,12,24
208,0.5,daily,alt,0.0001999600079984003,-9.93397362645562,-13.25797724962387,24,24
208,0.5,daily,sharp,0.5920815836832634,0.8378120735141478,-13.25797724962387,24,24
208,0.5,daily,weak,0.4751049790041992,-1.6594522313949212,-13.25797724962387,24,24
208,0.5,daily,weak_skew,0.8986202759448111,0.22056102713183456,-13.25797724962387,24,24
208,0.5,two_day,alt,0.0001999600079984003,-13.8237494101458,-13.25797724962387,24,24
208,0.5,two_day,sharp,0.7490501899620076,-0.6918436392826806,-13.25797724962387,24,24
208,0.5,two_day,weak,0.7688462307538493,-0.5424990296326309,-13.25797724962387,24,24
208,0.5,two_day,weak_skew,0.42551489702059586,2.239344177951562,-13.25797724962387,24,24
208,0.5,four_day,alt,0.00048828125,-14.942254956522893,-13.25797724962387,12,24
208,0.5,four_day,sharp,0.251953125,-2.092191835460366,-13.25797724962387,12,24
208,0.5,four_day,weak,0.27587890625,-3.788482144656714,-13.25797724962387,12,24
208,0.5,four_day,weak_skew,0.861328125,-0.5752453203938508,-13.25797724962387,12,24
209,0.5,daily,alt,0.0001999600079984003,-9.969315236107368,-5.895597812672548,24,24
209,0.5,daily,sharp,0.006998600279944011,-3.1242269020105113,-5.895597812672548,24,24
209,0.5,daily,weak,0.08218356328734253,-2.7224410149279628,-5.895597812672548,24,24
209,0.5,daily,weak_skew,0.003799240151969606,-5.593593256624736,-5.895597812672548,24,24
209,0.5,two_day,alt,0.01279744051189762,-7.997717802320658,-5.895597812672548,24,24
209,0.5,two_day,sharp,0.28754249150169964,-1.88491199544747,-5.895597812672548,24,24
209,0.5,two_day,weak,0.23155368926214756,-2.6259783442957,-5.895597812672548,24,24
209,0.5,two_day,weak_skew,0.6594681063787242,-1.1938389377922867,-5.895597812672548,24,24
209,0.5,four_day,alt,0.00634765625,-10.942148570230534,-5.895597812672548,12,24
209,0.5,four_day,sharp,0.345703125,-1.7111989963253673,-5.895597812672548,12,24
209,0.5,four_day,weak,0.03125,-4.548238897602331,-5.895597812672548,12,24
209,0.5,four_day,weak_skew,0.79541015625,0.7619747839037986,-5.895597812672548,12,24
210,0.5,daily,alt,0.030393921215756847,-6.903092647946697,-9.119963123930646,24,24
210,0.5,daily,sharp,0.40471905618876225,1.821983231107434,-9.119963123930646,24,24
210,0.5,daily,weak,0.6146770645870826,1.3811453075739635,-9.119963123930646,24,24
210,0.5,daily,weak_skew,0.9766046790641871,-0.08056290838223923,-9.119963123930646,24,24
210,0.5,two_day,alt,0.002999400119976005,-13.411070579300379,-9.119963123930646,24,24
210,0.5,two_day,sharp,0.795240951809638,-0.7628460484755232,-9.119963123930646,24,24
210,0.5,two_day,weak,0.5496900619876025,-2.493467092643342,-9.119963123930646,24,24
210,0.5,two_day,weak_skew,0.4963007398520296,-2.405341003926395,-9.119963123930646,24,24
210,0.5,four_day,alt,0.3369140625,-3.4844601215846764,-9.119963123930646,12,24
210,0.5,four_day,sharp,0.19091796875,4.334995800722182,-9.119963123930646,12,24
210,0.5,four_day,weak,0.93603515625,0.3244763878151217,-9.119963123930646,12,24
210,0.5,four_day,weak_skew,0.693359375,1.5930590749522235,-9.119963123930646,12,24
211,0.5,daily,alt,0.32473505298940214,-2.736448983872775,-7.660195953613268,24,24
211,0.5,daily,sharp,0.11277744451109778,2.6307140596069942,-7.660195953613268,24,24
211,0.5,daily,weak,0.503499300139972,1.3660089999520568,-7.660195953613268,24,24
211,0.5,daily,weak_skew,0.21675664867026595,2.398314691928503,-7.660195953613268,24,24
211,0.5,two_day,alt,0.0011997600479904018,-12.832199630449317,-7.660195953613268,24,24
211,0.5,two_day,sharp,0.6020795840831834,-3.486217616776331,-7.660195953613268,24,24
211,0.5,two_day,weak,0.0653869226154769,-6.669717343295143,-7.660195953613268,24,24
211,0.5,two_day,weak_skew,0.739252149570086,-2.9821300386533687,-7.660195953613268,24,24
211,0.5,four_day,alt,0.00048828125,-11.871879919448853,-7.660195953613268,12,24
211,0.5,four_day,sharp,0.09912109375,-3.6965805861956835,-7.660195953613268,12,24
211,0.5,four_day,weak,0.0107421875,-7.681826165231804,-7.660195953613268,12,24
211,0.5,four_day,weak_skew,0.02197265625,-6.359417259704874,-7.660195953613268,12,24
212,0.5,daily,alt,0.009198160367926415,-6.250065547967902,-6.0032499700210025,24,24
212,0.5,daily,sharp,0.8958208358328335,-0.2820705055644555,-6.0032499700210025,24,24
212,0.5,daily,weak,0.8328334333133374,0.484896264975409,-6.0032499700210025,24,24
212,0.5,daily,weak_skew,0.48210357928414316,-1.4505181841042434,-6.0032499700210025,24,24
212,0.5,two_day,alt,0.05138972205558888,-8.43332782715881,-6.0032499700210025,24,24
212,0.5,two_day,sharp,0.22415516896620677,-3.5891955800848394,-6.0032499700210025,24,24
212,0.5,two_day,weak,0.5692861427714457,-2.160471435857475,-6.0032499700210025,24,24
212,0.5,two_day,weak_skew,0.6682663467306539,-1.51407900709901,-6.0032499700210025,24,24
212,0.5,four_day,alt,0.09228515625,-5.390204098525363,-6.0032499700210025,12,24
212,0.5,four_day,sharp,0.87890625,-0.3475035996075224,-6.0032499700210025,12,24
212,0.5,four_day,weak,0.11376953125,-4.586558929083479,-6.0032499700210025,12,24
212,0.5,four_day,weak_skew,0.38232421875,3.3994293387279164,-6.0032499700210025,12,24
213,0.5,daily,alt,0.11757648470305938,-3.567066823961177,-5.3344561149457235,24,24
213,0.5,daily,sharp,0.7296540691861627,0.4091266934637214,-5.3344561149457235,24,24
213,0.5,daily,weak,0.6502699460107978,0.6532030652153802,-5.3344561149457235,24,24
213,0.5,daily,weak_skew,0.504499100179964,1.1505169789788257,-5.3344561149457235,24,24
213,0.5,two_day,alt,0.3573285342931414,-3.1541438702700693,-5.3344561149457235,24,24
213,0.5,two_day,sharp,0.4419116176764647,-1.1742674818765622,-5.3344561149457235,24,24
213,0.5,two_day,weak,0.6816636672665467,-1.222259325217843,-5.3344561149457235,24,24
213,0.5,two_day,weak_skew,0.3255348930213957,-1.8092954602635594,-5.3344561149457235,24,24
213,0.5,four_day,alt,0.27294921875,-4.676175620129398,-5.3344561149457235,12,24
213,0.5,four_day,sharp,0.8408203125,0.4741700940773394,-5.3344561149457235,12,24
213,0.5,four_day,weak,0.27587890625,-4.148477117771546,-5.3344561149457235,12,24
213,0.5,four_day,weak_skew,0.4853515625,-2.455232043016121,-5.3344561149457235,12,24
214,0.5,daily,alt,0.18236352729454108,-4.266164127880574,-5.463164973834921,24,24
214,0.5,daily,sharp,0.823635272945411,0.5478441627121038,-5.463164973834921,24,24
214,0.5,daily,weak,0.40071985602879423,-2.1594662707406527,-5.463164973834921,24,24
214,0.5,daily,weak_skew,0.9978004399120176,-0.010393432379963485,-5.463164973834921,24,24
214,0.5,two_day,alt,0.014397120575884824,-8.375894691408938,-5.463164973834921,24,24
214,0.5,two_day,sharp,0.8076384723055389,-0.6620436952745026,-5.463164973834921,24,24
214,0.5,two_day,weak,0.6038792241551689,-1.8931963910101273,-5.463164973834921,24,24
214,0.5,two_day,weak_skew,0.7636472705458909,-1.1798439710820763,-5.463164973834921,24,24
214,0.5,four_day,alt,0.1376953125,-4.842080264553628,-5.463164973834921,12,24
214,0.5,four_day,sharp,0.56884765625,1.616104206838503,-5.463164973834921,12,24
214,0.5,four_day,weak,0.59375,1.9801803165551608,-5.463164973834921,12,24
214,0.5,four_day,weak_skew,0.21826171875,4.77739624669568,-5.463164973834921,12,24
215,0.5,daily,alt,0.0005998800239952009,-8.204769610869642,-9.64205430866619,24,24
215,0.5,daily,sharp,0.7098580283943211,-0.6726024973278987,-9.64205430866619,24,24
215,0.5,daily,weak,0.3369326134773045,-2.08625355931207,-9.64205430866619,24,24
215,0.5,daily,weak_skew,0.6354729054189162,-0.9413457022057106,-9.64205430866619,24,24
215,0.5,two_day,alt,0.038992201559688064,-6.194953421991008,-9.64205430866619,24,24
215,0.5,two_day,sharp,0.3795240951809638,1.6184079434879968,-9.64205430866619,24,24
215,0.5,two_day,weak,0.5558888222355529,-1.3340646240942522,-9.64205430866619,24,24
215,0.5,two_day,weak_skew,0.3349330133973205,2.0314574530636995,-9.64205430866619,24,24
215,0.5,four_day,alt,0.0322265625,-6.368035312716734,-9.64205430866619,12,24
215,0.5,four_day,sharp,0.4775390625,1.2535301081202264,-9.64205430866619,12,24
215,0.5,four_day,weak,0.3466796875,2.7688242758340835,-9.64205430866619,12,24
215,0.5,four_day,weak_skew,0.7119140625,1.5124857421375062,-9.64205430866619,12,24
216,0.5,daily,alt,0.5660867826434713,-1.6391484757311936,-7.760817540478833,24,24
216,0.5,daily,sharp,0.1841631673665267,1.9150021249272333,-7.760817540478833,24,24
216,0.5,daily,weak,0.3411317736452709,2.1736832671222572,-7.760817540478833,24,24
216,0.5,daily,weak_skew,0.028194361127774445,3.3618679579865742,-7.760817540478833,24,24
216,0.5,two_day,alt,0.007198560287942412,-6.5433924042679905,-7.760817540478833,24,24
216,0.5,two_day,sharp,0.9334133173365327,0.16784310808697325,-7.760817540478833,24,24
216,0.5,two_day,weak,0.3049390121975605,2.616335425130466,-7.760817540478833,24,24
216,0.5,two_day,weak_skew,0.5692861427714457,-1.28777928489568,-7.760817540478833,24,24
216,0.5,four_day,alt,0.0625,-8.870730276354509,-7.760817540478833,12,24
216,0.5,four_day,sharp,0.76806640625,-1.1024991517195897,-7.760817540478833,12,24
216,0.5,four_day,weak,0.6640625,1.7517527675440878,-7.760817540478833,12,24
216,0.5,four_day,weak_skew,0.322265625,-3.1169389250872848,-7.760817540478833,12,24
217,0.5,daily,alt,0.0001999600079984003,-12.440406601571134,-8.570714818389916,24,24
217,0.5,daily,sharp,0.008398320335932814,-4.550327101230243,-8.570714818389916,24,24
217,0.5,daily,weak,0.003199360127974405,-6.046622759044752,-8.570714818389916,24,24
217,0.5,daily,weak_skew,0.022595480903819236,-5.489527211098242,-8.570714818389916,24,24
217,0.5,two_day,alt,0.01739652069586083,-7.248853481596414,-8.570714818389916,24,24
217,0.5,two_day,sharp,0.8562287542491501,0.4282945882630959,-8.570714818389916,24,24
217,0.5,two_day,weak,0.5318936212757448,1.8187399331058305,-8.570714818389916,24,24
217,0.5,two_day,weak_skew,0.1905618876224755,-2.8802904091300356,-8.570714818389916,24,24
217,0.5,four_day,alt,0.0244140625,-9.103572611397924,-8.570714818389916,12,24
217,0.5,four_day,sharp,0.80810546875,0.47807248375406886,-8.570714818389916,12,24
217,0.5,four_day,weak,0.81201171875,-0.8341897531216969,-8.570714818389916,12,24
217,0.5,four_day,weak_skew,0.552734375,-1.5156629043678247,-8.570714818389916,12,24
218,0.5,daily,alt,0.0011997600479904018,-10.155786063032995,-10.204506549614663,24,24
218,0.5,daily,sharp,0.33473305338932213,-1.8047479391340848,-10.204506549614663,24,24
218,0.5,daily,weak,0.118376324735053,-3.3352700675255043,-10.204506549614663,24,24
218,0.5,daily,weak_skew,0.45350929814037194,-1.7027529382531805,-10.204506549614663,24,24
218,0.5,two_day,alt,0.004199160167966407,-11.83095748397257,-10.204506549614663,24,24
218,0.5,two_day,sharp,0.8922215556888622,0.44483448715276985,-10.204506549614663,24,24
218,0.5,two_day,weak,0.978004399120176,0.11718147037215765,-10.204506549614663,24,24
218,0.5,two_day,weak_skew,0.6962607478504299,1.24361883106092,-10.204506549614663,24,24
218,0.5,four_day,alt,0.17822265625,-7.459581152782879,-10.204506549614663,12,24
218,0.5,four_day,sharp,0.66455078125,1.7171173469418453,-10.204506549614663,12,24
218,0.5,four_day,weak,0.869140625,0.6489145105335089,-10.204506549614663,12,24
218,0.5,four_day,weak_skew,0.87353515625,-0.7957168471480873,-10.204506549614663,12,24
219,0.5,daily,alt,0.07718456308738253,-5.593612779477486,-7.157930764919371,24,24
219,0.5,daily,sharp,0.6792641471705659,-0.5748977448514214,-7.157930764919371,24,24
219,0.5,daily,weak,0.6476704659068186,-0.8812395921571813,-7.157930764919371,24,24
219,0.5,daily,weak_skew,0.7234553089382123,-0.6533758183833435,-7.157930764919371,24,24
219,0.5,two_day,alt,0.01979604079184163,-6.163715986940801,-7.157930764919371,24,24
219,0.5,two_day,sharp,0.8194361127774445,0.7148534311013973,-7.157930764919371,24,24
219,0.5,two_day,weak,0.3317336532693461,2.941933193416339,-7.157930764919371,24,24
219,0.5,two_day,weak_skew,0.8620275944811038,-0.6642120348411469,-7.157930764919371,24,24
219,0.5,four_day,alt,0.044921875,-10.437764528126245,-7.157930764919371,12,24
219,0.5,four_day,sharp,0.31787109375,-3.4970448465240636,-7.157930764919371,12,24
219,0.5,four_day,weak,0.01953125,-9.042170647973755,-7.157930764919371,12,24
219,0.5,four_day,weak_skew,0.52978515625,-3.1660253536014316,-7.157930764919371,12,24
220,0.5,daily,alt,0.0009998000399920016,-6.246232647848598,-6.867551582530041,24,24
220,0.5,daily,sharp,0.4833033393321336,-0.7198476196253099,-6.867551582530041,24,24
220,0.5,daily,weak,0.9594081183763248,-0.10038879822005893,-6.867551582530041,24,24
220,0.5,daily,weak_skew,0.45770845830833834,-1.2377320846295712,-6.867551582530041,24,24
220,0.5,two_day,alt,0.14297140571885622,-3.661160709536061,-6.867551582530041,24,24
220,0.5,two_day,sharp,0.18496300739852028,2.1855737523005385,-6.867551582530041,24,24
220,0.5,two_day,weak,0.7232553489302139,0.9305155947969211,-6.867551582530041,24,24
220,0.5,two_day,weak_skew,0.25874825034993,3.730344825030374,-6.867551582530041,24,24
220,0.5,four_day,alt,0.0009765625,-11.122292715551017,-6.867551582530041,12,24
220,0.5,four_day,sharp,0.28271484375,-2.247917028073802,-6.867551582530041,12,24
220,0.5,four_day,weak,0.681640625,-1.449170444622218,-6.867551582530041,12,24
220,0.5,four_day,weak_skew,0.1162109375,7.887917263432172,-6.867551582530041,12,24
221,0.5,daily,alt,0.017996400719856028,-4.585684393213293,-8.99756227620064,24,24
221,0.5,daily,sharp,0.00599880023995201,3.769101615433064,-8.99756227620064,24,24
221,0.5,daily,weak,0.6774645070985803,0.684187599504433,-8.99756227620064,24,24
221,0.5,daily,weak_skew,0.11217756448710257,2.497029972352465,-8.99756227620064,24,24
221,0.5,two_day,alt,0.0005998800239952009,-9.917881884067505,-8.99756227620064,24,24
221,0.5,two_day,sharp,0.9496100779844031,-0.11092368231130283,-8.99756227620064,24,24
221,0.5,two_day,weak,0.16036792641471706,-3.8363962357219115,-8.99756227620064,24,24
221,0.5,two_day,weak_skew,0.5378924215156968,-1.6179860259850862,-8.99756227620064,24,24
221,0.5,four_day,alt,0.00146484375,-11.573831244910243,-8.99756227620064,12,24
221,0.5,four_day,sharp,0.54052734375,-1.0470167172545395,-8.99756227620064,12,24
221,0.5,four_day,weak,0.892578125,-0.41079389752414386,-8.99756227620064,12,24
221,0.5,four_day,weak_skew,0.25146484375,-3.115738599150005,-8.99756227620064,12,24
222,0.5,daily,alt,0.0003999200159968006,-7.47891032319593,-8.265219270842557,24,24
222,0.5,daily,sharp,0.4615076984603079,1.0286242722819183,-8.265219270842557,24,24
222,0.5,daily,weak,0.1983603279344131,2.225009625440714,-8.265219270842557,24,24
222,0.5,daily,weak_skew,0.614877024595081,0.8834797667450983,-8.265219270842557,24,24
222,0.5,two_day,alt,0.10517896420715857,-5.027636219183129,-8.265219270842557,24,24
222,0.5,two_day,sharp,0.02979404119176165,4.261685011220084,-8.265219270842557,24,24
222,0.5,two_day,weak,0.05098980203959208,4.286206582709123,-8.265219270842557,24,24
222,0.5,two_day,weak_skew,0.07878424315136973,5.491697467649419,-8.265219270842557,24,24
222,0.5,four_day,alt,0.00048828125,-8.26918976681678,-8.265219270842557,12,24
222,0.5,four_day,sharp,0.58154296875,-1.1241542426392914,-8.265219270842557,12,24
222,0.5,four_day,weak,0.5048828125,-2.096479969961098,-8.265219270842557,12,24
222,0.5,four_day,weak_skew,0.64892578125,1.5641091932689275,-8.265219270842557,12,24
223,0.5,daily,alt,0.0001999600079984003,-9.020436683367878,-8.588108064266422,24,24
223,0.5,daily,sharp,0.12337532493501299,-1.4467819797255537,-8.588108064266422,24,24
223,0.5,daily,weak,0.2383523295340932,-2.2333239632475714,-8.588108064266422,24,24
223,0.5,daily,weak_skew,0.6820635872825435,0.6641159977151373,-8.588108064266422,24,24
223,0.5,two_day,alt,0.04079184163167367,-5.562348570885089,-8.588108064266422,24,24
223,0.5,two_day,sharp,0.30133973205358927,1.5318421681183463,-8.588108064266422,24,24
223,0.5,two_day,weak,0.1239752049590082,3.6688891112147104,-8.588108064266422,24,24
223,0.5,two_day,weak_skew,0.9684063187362527,-0.08800259558469599,-8.588108064266422,24,24
223,0.5,four_day,alt,0.244140625,-3.107138605499536,-8.588108064266422,12,24
223,0.5,four_day,sharp,0.10888671875,4.396087471475355,-8.588108064266422,12,24
223,0.5,four_day,weak,0.02783203125,7.750805277035286,-8.588108064266422,12,24
223,0.5,four_day,weak_skew,0.34375,3.721678229043034,-8.588108064266422,12,24
224,0.5,daily,alt,0.1905618876224755,-4.559372945055336,-8.787651858052598,24,24
224,0.5,daily,sharp,0.8594281143771246,0.209809812080309,-8.787651858052598,24,24
224,0.5,daily,weak,0.3915216956608678,1.5655072632825073,-8.787651858052598,24,24
224,0.5,daily,weak_skew,0.9982003599280144,-0.004039177690066786,-8.787651858052598,24,24
224,0.5,two_day,alt,0.0669866026794641,-7.008942109483622,-8.787651858052598,24,24
224,0.5,two_day,sharp,0.6800639872025595,-0.7457091714494375,-8.787651858052598,24,24
224,0.5,two_day,weak,0.047390521895620874,-4.491727691391441,-8.787651858052598,24,24
224,0.5,two_day,weak_skew,0.7118576284743051,0.9471911125750981,-8.787651858052598,24,24
224,0.5,four_day,alt,0.01708984375,-10.66971982801344,-8.787651858052598,12,24
224,0.5,four_day,sharp,0.5595703125,-1.3352188675060261,-8.787651858052598,12,24
224,0.5,four_day,weak,0.140625,-4.24831865577858,-8.787651858052598,12,24
224,0.5,four_day,weak_skew,0.15673828125,6.8331668276269335,-8.787651858052598,12,24
225,0.5,daily,alt,0.010797840431913617,-7.595930366367768,-8.458417242936704,24,24
225,0.5,daily,sharp,0.6434713057388523,1.763005786630276,-8.458417242936704,24,24
225,0.5,daily,weak,0.6504699060187963,1.6440136139844208,-8.458417242936704,24,24
225,0.5,daily,weak_skew,0.2881423715256949,3.515314665465764,-8.458417242936704,24,24
225,0.5,two_day,alt,0.0001999600079984003,-13.598166116279607,-8.458417242936704,24,24
225,0.5,two_day,sharp,0.04039192161567687,-3.137993984802373,-8.458417242936704,24,24
225,0.5,two_day,weak,0.5956808638272345,-1.2140173544997486,-8.458417242936704,24,24
225,0.5,two_day,weak_skew,0.007998400319936013,-5.682375145077322,-8.458417242936704,24,24
225,0.5,four_day,alt,0.005859375,-12.800157703232552,-8.458417242936704,12,24
225,0.5,four_day,sharp,0.29443359375,-3.26701973577255,-8.458417242936704,12,24
225,0.5,four_day,weak,0.11328125,-6.191946002598951,-8.458417242936704,12,24
225,0.5,four_day,weak_skew,0.24658203125,-4.369638443773105,-8.458417242936704,12,24
226,0.5,daily,alt,0.0003999200159968006,-6.945383601931965,-6.667267914471196,24,24
226,0.5,daily,sharp,0.13637272545490903,-1.842135928668716,-6.667267914471196,24,24
226,0.5,daily,weak,0.22455508898220355,-2.6523750299747406,-6.667267914471196,24,24
226,0.5,daily,weak_skew,0.08118376324735053,-2.8793535759806965,-6.667267914471196,24,24
226,0.5,two_day,alt,0.15976804639072187,-3.145443480360738,-6.667267914471196,24,24
226,0.5,two_day,sharp,0.10517896420715857,2.8656891912415947,-6.667267914471196,24,24
226,0.5,two_day,weak,0.8676264747050589,0.422497702748303,-6.667267914471196,24,24
226,0.5,two_day,weak_skew,0.0611877624475105,4.821246596269064,-6.667267914471196,24,24
226,0.5,four_day,alt,0.13916015625,-4.394061093781336,-6.667267914471196,12,24
226,0.5,four_day,sharp,0.4013671875,1.6697640630925352,-6.667267914471196,12,24
226,0.5,four_day,weak,0.52880859375,-2.2255154016254775,-6.667267914471196,12,24
226,0.5,four_day,weak_skew,0.56298828125,1.5641326003648484,-6.667267914471196,12,24
227,0.5,daily,alt,0.06638672265546891,-4.060390679531044,-5.721890197044253,24,24
227,0.5,daily,sharp,0.5578884223155369,-0.705627745816242,-5.721890197044253,24,24
227,0.5,daily,weak,0.5896820635872826,1.3164576727815238,-5.721890197044253,24,24
227,0.5,daily,weak_skew,0.15896820635872824,-1.7013522486407497,-5.721890197044253,24,24
227,0.5,two_day,alt,0.05378924215156969,-6.4093433355481935,-5.721890197044253,24,24
227,0.5,two_day,sharp,0.7794441111777645,-0.5357697981973626,-5.721890197044253,24,24
227,0.5,two_day,weak,0.637872425514897,-1.236072081045789,-5.721890197044253,24,24
227,0.5,two_day,weak_skew,0.16036792641471706,-3.357602568907113,-5.721890197044253,24,24
227,0.5,four_day,alt,0.05078125,-6.632612324000957,-5.721890197044253,12,24
227,0.5,four_day,sharp,0.31494140625,-1.6466970702164374,-5.721890197044253,12,24
227,0.5,four_day,weak,0.8115234375,-0.5475452230815225,-5.721890197044253,12,24
227,0.5,four_day,weak_skew,0.9580078125,0.2681519042963861,-5.721890197044253,12,24
228,0.5,daily,alt,0.8840231953609278,0.6946268865289212,-7.630200280071435,24,24
228,0.5,daily,sharp,0.124375124975005,2.785344266624731,-7.630200280071435,24,24
228,0.5,daily,weak,0.16756648670265947,2.44483548653977,-7.630200280071435,24,24
228,0.5,daily,weak_skew,0.21715656868626274,2.760793178795962,-7.630200280071435,24,24
228,0.5,two_day,alt,0.11017796440711858,-5.870652234438083,-7.630200280071435,24,24
228,0.5,two_day,sharp,0.8068386322735452,0.648784816274314,-7.630200280071435,24,24
228,0.5,two_day,weak,0.8378324335132974,-0.6699707896350837,-7.630200280071435,24,24
228,0.5,two_day,weak_skew,0.9746050789842031,-0.10195308399705756,-7.630200280071435,24,24
228,0.5,four_day,alt,0.00537109375,-10.103120385464775,-7.630200280071435,12,24
228,0.5,four_day,sharp,0.36474609375,-2.1001213157731917,-7.630200280071435,12,24
228,0.5,four_day,weak,0.2001953125,-4.925187054485506,-7.630200280071435,12,24
228,0.5,four_day,weak_skew,0.4052734375,-2.427765689034615,-7.630200280071435,12,24
229,0.5,daily,alt,0.0001999600079984003,-8.571092095992606,-8.328930485903427,24,24
229,0.5,daily,sharp,0.5266946610677864,-1.062058033177104,-8.328930485903427,24,24
229,0.5,daily,weak,0.9344131173765247,-0.209854866235036,-8.328930485903427,24,24
229,0.5,daily,weak_skew,0.26134773045390924,-2.112685792944286,-8.328930485903427,24,24
229,0.5,two_day,alt,0.00599880023995201,-7.538654513923222,-8.328930485903427,24,24
229,0.5,two_day,sharp,0.5068986202759448,1.468242941780682,-8.328930485903427,24,24
229,0.5,two_day,weak,0.7566486702659468,0.887310569296563,-8.328930485903427,24,24
229,0.5,two_day,weak_skew,0.6746650669866027,1.0299277067383963,-8.328930485903427,24,24
229,0.5,four_day,alt,0.00146484375,-11.62834758554573,-8.328930485903427,12,24
229,0.5,four_day,sharp,0.2783203125,-2.24759655523536,-8.328930485903427,12,24
229,0.5,four_day,weak,0.17431640625,3.5409607209403045,-8.328930485903427,12,24
229,0.5,four_day,weak_skew,0.63818359375,-2.2178972994454056,-8.328930485903427,12,24
230,0.5,daily,alt,0.08598280343931214,-2.6336116472932405,-8.164574053192531,24,24
230,0.5,daily,sharp,0.060387922415516895,2.577079735526383,-8.164574053192531,24,24
230,0.5,daily,weak,0.05018996200759848,3.5690395913372033,-8.164574053192531,24,24
230,0.5,daily,weak_skew,0.38292341531693663,1.3776016033302152,-8.164574053192531,24,24
230,0.5,two_day,alt,0.004199160167966407,-7.918357289672898,-8.164574053192531,24,24
230,0.5,two_day,sharp,0.5216956608678265,-1.5647471622257365,-8.164574053192531,24,24
230,0.5,two_day,weak,0.5434913017396521,-1.4545055422441144,-8.164574053192531,24,24
230,0.5,two_day,weak_skew,0.861627674465107,0.6831601247535865,-8.164574053192531,24,24
230,0.5,four_day,alt,0.16455078125,-6.173849602785343,-8.164574053192531,12,24
230,0.5,four_day,sharp,0.69921875,1.3669422153020072,-8.164574053192531,12,24
230,0.5,four_day,weak,0.42236328125,2.4905027182962307,-8.164574053192531,12,24
230,0.5,four_day,weak_skew,0.939453125,-0.2959266507617482,-8.164574053192531,12,24
231,0.5,daily,alt,0.010397920415916816,-6.9459030744669255,-8.695760782178667,24,24
231,0.5,daily,sharp,0.16716656668666266,-1.7340471599837153,-8.695760782178667,24,24
231,0.5,daily,weak,0.32833433313337335,-1.6721332162828506,-8.695760782178667,24,24
231,0.5,daily,weak_skew,0.8044391121775645,-0.4307234203169917,-8.695760782178667,24,24
231,0.5,two_day,alt,0.08358328334333133,-7.648715464409308,-8.695760782178667,24,24
231,0.5,two_day,sharp,0.9728054389122176,0.10436956250292735,-8.695760782178667,24,24
231,0.5,two_day,weak,0.5372925414917017,-2.011689341901558,-8.695760782178667,24,24
231,0.5,two_day,weak_skew,0.8040391921615677,-0.7676838161360703,-8.695760782178667,24,24
231,0.5,four_day,alt,0.021484375,-9.435546884199518,-8.695760782178667,12,24
231,0.5,four_day,sharp,0.72119140625,0.8373523728931028,-8.695760782178667,12,24
231,0.5,four_day,weak,0.5625,1.380432382215849,-8.695760782178667,12,24
231,0.5,four_day,weak_skew,0.89404296875,-0.34234350755269755,-8.695760782178667,12,24
232,0.5,daily,alt,0.0015996800639872025,-6.7184541713666945,-8.705808999194055,24,24
232,0.5,daily,sharp,0.9592081583683263,0.054015739616445124,-8.705808999194055,24,24
232,0.5,daily,weak,0.8454309138172366,-0.3682257579698138,-8.705808999194055,24,24
232,0.5,daily,weak_skew,0.55248950209958,0.7393492923767907,-8.705808999194055,24,24
232,0.5,two_day,alt,0.007598480303939212,-8.356794784438966,-8.705808999194055,24,24
232,0.5,two_day,sharp,0.9386122775444911,-0.12731608857608942,-8.705808999194055,24,24
232,0.5,two_day,weak,0.912617476504699,-0.24189300212069695,-8.705808999194055,24,24
232,0.5,two_day,weak_skew,0.729254149170166,-0.800491591665191,-8.705808999194055,24,24
232,0.5,four_day,alt,0.00146484375,-11.200756537621672,-8.705808999194055,12,24
232,0.5,four_day,sharp,0.21142578125,-2.17958369429644,-8.705808999194055,12,24
232,0.5,four_day,weak,0.736328125,-0.86243711204515,-8.705808999194055,12,24
232,0.5,four_day,weak_skew,0.1015625,-4.4921165738420425,-8.705808999194055,12,24
233,0.5,daily,alt,0.1375724855028994,-3.511534634386623,-9.087571804747434,24,24
233,0.5,daily,sharp,0.08198360327934413,2.319412121212741,-9.087571804747434,24,24
233,0.5,daily,weak,0.4787042591481704,1.4675508582469445,-9.087571804747434,24,24
233,0.5,daily,weak_skew,0.792241551689662,0.45405789831242266,-9.087571804747434,24,24
233,0.5,two_day,alt,0.0007998400319936012,-10.896417428986789,-9.087571804747434,24,24
233,0.5,two_day,sharp,0.6340731853629274,-0.8139613214217821,-9.087571804747434,24,24
233,0.5,two_day,weak,0.4973005398920216,-1.9998636114779405,-9.087571804747434,24,24
233,0.5,two_day,weak_skew,0.9054189162167566,-0.31129463573750193,-9.087571804747434,24,24
233,0.5,four_day,alt,0.0029296875,-10.224967737013303,-9.087571804747434,12,24
233,0.5,four_day,sharp,0.89794921875,-0.2522010267278496,-9.087571804747434,12,24
233,0.5,four_day,weak,0.50048828125,1.9398129532271504,-9.087571804747434,12,24
233,0.5,four_day,weak_skew,0.244140625,-2.9442869469857667,-9.087571804747434,12,24
234,0.5,daily,alt,0.0001999600079984003,-5.89236418376668,-7.452939133077415,24,24
234,0.5,daily,sharp,0.4511097780443911,0.5918213046552587,-7.452939133077415,24,24
234,0.5,daily,weak,0.15896820635872824,1.7080014558089054,-7.452939133077415,24,24
234,0.5,daily,weak_skew,0.5464907018596281,-0.8614918991048777,-7.452939133077415,24,24
234,0.5,two_day,alt,0.03499300139972006,-5.262961613091424,-7.452939133077415,24,24
234,0.5,two_day,sharp,0.7032593481303739,0.5227183883050085,-7.452939133077415,24,24
234,0.5,two_day,weak,0.4277144571085783,-1.9993369246677857,-7.452939133077415,24,24
234,0.5,two_day,weak_skew,0.21915616876624675,-1.8400452101106202,-7.452939133077415,24,24
234,0.5,four_day,alt,0.00048828125,-8.97011113187241,-7.452939133077415,12,24
234,0.5,four_day,sharp,0.29638671875,-1.2691655347289093,-7.452939133077415,12,24
234,0.5,four_day,weak,0.87060546875,0.42867406651616236,-7.452939133077415,12,24
234,0.5,four_day,weak_skew,0.60302734375,1.4416185280163905,-7.452939133077415,12,24
235,0.5,daily,alt,0.0001999600079984003,-9.182556287279667,-9.862196045546312,24,24
235,0.5,daily,sharp,0.727254549090182,0.6646089918927007,-9.862196045546312,24,24
235,0.5,daily,weak,0.5090981803639272,1.1277872441838384,-9.862196045546312,24,24
235,0.5,daily,weak_skew,0.39832033593281346,1.8309264833946013,-9.862196045546312,24,24
235,0.5,two_day,alt,0.0001999600079984003,-12.062796321120572,-9.862196045546312,24,24
235,0.5,two_day,sharp,0.2965406918616277,-2.1383935941236936,-9.862196045546312,24,24
235,0.5,two_day,weak,0.7028594281143771,-1.1542376360565225,-9.862196045546312,24,24
235,0.5,two_day,weak_skew,0.26814637072585484,-2.7610207689337227,-9.862196045546312,24,24
235,0.5,four_day,alt,0.0322265625,-10.31283891314295,-9.862196045546312,12,24
235,0.5,four_day,sharp,0.49365234375,-1.8766575065471607,-9.862196045546312,12,24
235,0.5,four_day,weak,0.3017578125,-3.806512727301641,-9.862196045546312,12,24
235,0.5,four_day,weak_skew,0.0234375,-7.056017270998065,-9.862196045546312,12,24
236,0.5,daily,alt,0.0003999200159968006,-8.605655945207571,-9.94875701141261,24,24
236,0.5,daily,sharp,0.25374925014997,-1.0190425127829437,-9.94875701141261,24,24
236,0.5,daily,weak,0.14757048590281943,-2.61323569929895,-9.94875701141261,24,24
236,0.5,daily,weak_skew,0.2855428914217157,-1.8185284153846795,-9.94875701141261,24,24
236,0.5,two_day,alt,0.003999200159968006,-8.514376696721909,-9.94875701141261,24,24
236,0.5,two_day,sharp,0.9288142371525695,0.09282737869886197,-9.94875701141261,24,24
236,0.5,two_day,weak,0.10857828434313137,-3.9910601771641674,-9.94875701141261,24,24
236,0.5,two_day,weak_skew,0.7066586682663467,0.7791254770996874,-9.94875701141261,24,24
236,0.5,four_day,alt,0.05078125,-7.7345371055769006,-9.94875701141261,12,24
236,0.5,four_day,sharp,0.39306640625,1.6370432409777316,-9.94875701141261,12,24
236,0.5,four_day,weak,0.0244140625,5.621414891687707,-9.94875701141261,12,24
236,0.5,four_day,weak_skew,0.306640625,-2.765011586668436,-9.94875701141261,12,24
237,0.5,daily,alt,0.0003999200159968006,-8.393834038446395,-9.772200107158248,24,24
237,0.5,daily,sharp,0.9404119176164767,-0.1107143562830668,-9.772200107158248,24,24
237,0.5,daily,weak,0.6308738252349531,-0.7716906187168456,-9.772200107158248,24,24
237,0.5,daily,weak_skew,0.9924015196960608,-0.024473112717166085,-9.772200107158248,24,24
237,0.5,two_day,alt,0.0005998800239952009,-9.183935269058352,-9.772200107158248,24,24
237,0.5,two_day,sharp,0.38652269546090784,1.3180370256367702,-9.772200107158248,24,24
237,0.5,two_day,weak,0.999000199960008,0.0030645338212501962,-9.772200107158248,24,24
237,0.5,two_day,weak_skew,0.9006198760247951,0.26818962222676596,-9.772200107158248,24,24
237,0.5,four_day,alt,0.00439453125,-9.954229190771246,-9.772200107158248,12,24
237,0.5,four_day,sharp,0.96728515625,-0.08191238812260397,-9.772200107158248,12,24
237,0.5,four_day,weak,0.40087890625,2.6817283228625364,-9.772200107158248,12,24
237,0.5,four_day,weak_skew,0.1728515625,-3.1908449416339124,-9.772200107158248,12,24
238,0.5,daily,alt,0.9644071185762847,-0.23247640067308328,-6.276789438263783,24,24
238,0.5,daily,sharp,0.14797040591881624,2.2940223254194625,-6.276789438263783,24,24
238,0.5,daily,weak,0.3499300139972006,1.8942907850049455,-6.276789438263783,24,24
238,0.5,daily,weak_skew,0.3187362527494501,1.6756150139476897,-6.276789438263783,24,24
238,0.5,two_day,alt,0.7266546690661868,-2.5051053216768495,-6.276789438263783,24,24
238,0.5,two_day,sharp,0.7380523895220956,-0.7196854834083067,-6.276789438263783,24,24
238,0.5,two_day,weak,0.5028994201159768,-2.3723370489143814,-6.276789438263783,24,24
238,0.5,two_day,weak_skew,0.5028994201159768,-1.774147245603233,-6.276789438263783,24,24
238,0.5,four_day,alt,0.41064453125,-5.307007135875989,-6.276789438263783,12,24
238,0.5,four_day,sharp,0.22265625,-2.8797241726576708,-6.276789438263783,12,24
238,0.5,four_day,weak,0.41748046875,-2.934792136117371,-6.276789438263783,12,24
238,0.5,four_day,weak_skew,0.08837890625,-5.452261947839342,-6.276789438263783,12,24
239,0.5,daily,alt,0.0027994401119776045,-6.65416000710201,-9.076592069334836,24,24
239,0.5,daily,sharp,0.8438312337532493,0.22698782253500363,-9.076592069334836,24,24
239,0.5,daily,weak,0.4543091381723655,1.4162611106760858,-9.076592069334836,24,24
239,0.5,daily,weak_skew,0.8894221155768847,-0.21176109650567523,-9.076592069334836,24,24
239,0.5,two_day,alt,0.003599280143971206,-7.513992860547376,-9.076592069334836,24,24
239,0.5,two_day,sharp,0.6750649870025994,0.5431370225074316,-9.076592069334836,24,24
239,0.5,two_day,weak,0.6634673065386922,1.1462560465010563,-9.076592069334836,24,24
239,0.5,two_day,weak_skew,0.1775644871025795,-1.9817158227714848,-9.076592069334836,24,24
239,0.5,four_day,alt,0.00927734375,-9.412643665597718,-9.076592069334836,12,24
239,0.5,four_day,sharp,0.95849609375,0.07873796713417687,-9.076592069334836,12,24
239,0.5,four_day,weak,0.29931640625,-3.8948600447150494,-9.076592069334836,12,24
239,0.5,four_day,weak_skew,0.72998046875,1.064528519398161,-9.076592069334836,12,24
240,0.5,daily,alt,0.10237952409518096,-5.1520661565135315,-8.42110146462106,24,24
240,0.5,daily,sharp,0.5992801439712058,0.9399211847470884,-8.42110146462106,24,24
240,0.5,daily,weak,0.7208558288342332,0.7893243918238078,-8.42110146462106,24,24
240,0.5,daily,weak_skew,0.9830033993201359,0.04587116783724839,-8.42110146462106,24,24
240,0.5,two_day,alt,0.0003999200159968006,-8.313216344306957,-8.42110146462106,24,24
240,0.5,two_day,sharp,0.7650469906018796,-0.3807894287311126,-8.42110146462106,24,24
240,0.5,two_day,weak,0.5270945810837833,-1.4554907347720603,-8.42110146462106,24,24
240,0.5,two_day,weak_skew,0.3599280143971206,2.1298272160033416,-8.42110146462106,24,24
240,0.5,four_day,alt,0.00048828125,-12.55782126109528,-8.42110146462106,12,24
240,0.5,four_day,sharp,0.08935546875,-3.545118955711255,-8.42110146462106,12,24
240,0.5,four_day,weak,0.08935546875,-7.005919309130775,-8.42110146462106,12,24
240,0.5,four_day,weak_skew,0.13623046875,-4.885188465885487,-8.42110146462106,12,24
241,0.5,daily,alt,0.0003999200159968006,-6.589136049558063,-5.032875908907222,24,24
241,0.5,daily,sharp,0.3463307338532294,-1.0248190920904552,-5.032875908907222,24,24
241,0.5,daily,weak,0.2595480903819236,-2.1061267302784406,-5.032875908907222,24,24
241,0.5,daily,weak_skew,0.7182563487302539,-0.6264868307385664,-5.032875908907222,24,24
241,0.5,two_day,alt,0.059988002399520096,-4.671180685304466,-5.032875908907222,24,24
241,0.5,two_day,sharp,0.6356728654269146,0.6847800642952612,-5.032875908907222,24,24
241,0.5,two_day,weak,0.7284543091381723,-0.8768838474266568,-5.032875908907222,24,24
241,0.5,two_day,weak_skew,0.6452709458108379,1.2149413416874448,-5.032875908907222,24,24
241,0.5,four_day,alt,0.00341796875,-8.535425280788456,-5.032875908907222,12,24
241,0.5,four_day,sharp,0.24462890625,-1.8299403794404843,-5.032875908907222,12,24
241,0.5,four_day,weak,0.2177734375,-4.047451994125445,-5.032875908907222,12,24
241,0.5,four_day,weak_skew,0.431640625,-2.3191613642383895,-5.032875908907222,12,24
242,0.5,daily,alt,0.0003999200159968006,-7.3673541009039845,-6.5903550060896805,24,24
242,0.5,daily,sharp,0.9550089982003599,0.06819780381795966,-6.5903550060896805,24,24
242,0.5,daily,weak,0.5050989802039592,1.1812508395673067,-6.5903550060896805,24,24
242,0.5,daily,weak_skew,0.07678464307138572,3.692580575397033,-6.5903550060896805,24,24
242,0.5,two_day,alt,0.04099180163967207,-5.689403602607713,-6.5903550060896805,24,24
242,0.5,two_day,sharp,0.9894021195760848,-0.035889334719296485,-6.5903550060896805,24,24
242,0.5,two_day,weak,0.3557288542291542,3.9647929049149986,-6.5903550060896805,24,24
242,0.5,two_day,weak_skew,0.4365126974605079,2.4915416041696887,-6.5903550060896805,24,24
242,0.5,four_day,alt,0.03515625,-8.57795256783867,-6.5903550060896805,12,24
242,0.5,four_day,sharp,0.6328125,-1.3079391607954214,-6.5903550060896805,12,24
242,0.5,four_day,weak,0.4375,3.393804711581304,-6.5903550060896805,12,24
242,0.5,four_day,weak_skew,0.45703125,2.452179779088602,-6.5903550060896805,12,24
243,0.5,daily,alt,0.0003999200159968006,-6.25092503720651,-8.218886830314354,24,24
243,0.5,daily,sharp,0.7914417116576684,-0.22682317960065598,-8.218886830314354,24,24
243,0.5,daily,weak,0.6578684263147371,0.632000611945414,-8.218886830314354,24,24
243,0.5,daily,weak_skew,0.3405318936212757,-1.3924527620539149,-8.218886830314354,24,24
243,0.5,two_day,alt,0.19016196760647872,-2.9886103701852584,-8.218886830314354,24,24
243,0.5,two_day,sharp,0.028594281143771244,2.932804169450098,-8.218886830314354,24,24
243,0.5,two_day,weak,0.15676864627074585,3.6913132089612497,-8.218886830314354,24,24
243,0.5,two_day,weak_skew,0.5072985402919417,1.704735479099674,-8.218886830314354,24,24
243,0.5,four_day,alt,0.00146484375,-10.068247588325933,-8.218886830314354,12,24
243,0.5,four_day,sharp,0.38232421875,-1.5222528965633895,-8.218886830314354,12,24
243,0.5,four_day,weak,0.029296875,-6.3157602789580745,-8.218886830314354,12,24
243,0.5,four_day,weak_skew,0.38623046875,-1.700746252132216,-8.218886830314354,12,24
244,0.5,daily,alt,0.0003999200159968006,-8.601450106323691,-6.690670994833717,24,24
244,0.5,daily,sharp,0.0627874425114977,-3.6110914386888386,-6.690670994833717,24,24
244,0.5,daily,weak,0.15256948610277946,-3.7557691861774827,-6.690670994833717,24,24
244,0.5,daily,weak_skew,0.22515496900619877,-2.640674961486976,-6.690670994833717,24,24
244,0.5,two_day,alt,0.0649870025994801,-5.190370666992193,-6.690670994833717,24,24
244,0.5,two_day,sharp,0.9120175964807039,-0.20337367780661827,-6.690670994833717,24,24
244,0.5,two_day,weak,0.380123975204959,-2.3884125045330156,-6.690670994833717,24,24
244,0.5,two_day,weak_skew,0.35632873425314937,-2.1136983863947214,-6.690670994833717,24,24
244,0.5,four_day,alt,0.0888671875,-6.91926733965198,-6.690670994833717,12,24
244,0.5,four_day,sharp,0.86083984375,-0.5517801751307593,-6.690670994833717,12,24
244,0.5,four_day,weak,0.62939453125,-1.9978182579538608,-6.690670994833717,12,24
244,0.5,four_day,weak_skew,0.5703125,4.242531538193088,-6.690670994833717,12,24
245,0.5,daily,alt,0.0001999600079984003,-6.735080394816307,-7.249475604158178,24,24
245,0.5,daily,sharp,0.6670665866826635,-0.5382037637940931,-7.249475604158178,24,24
245,0.5,daily,weak,0.8010397920415917,-0.5005156215417159,-7.249475604158178,24,24
245,0.5,daily,weak_skew,0.8212357528494301,0.4774990810611743,-7.249475604158178,24,24
245,0.5,two_day,alt,0.08658268346330734,-5.0461528219745615,-7.249475604158178,24,24
245,0.5,two_day,sharp,0.7030593881223756,0.6867105183397048,-7.249475604158178,24,24
245,0.5,two_day,weak,0.8346330733853229,-0.5897308490826365,-7.249475604158178,24,24
245,0.5,two_day,weak_skew,0.7032593481303739,-1.0166714563918768,-7.249475604158178,24,24
245,0.5,four_day,alt,0.00537109375,-12.008839994454895,-7.249475604158178,12,24
245,0.5,four_day,sharp,0.119140625,-3.6048979337148097,-7.249475604158178,12,24
245,0.5,four_day,weak,0.00244140625,-6.770487397093393,-7.249475604158178,12,24
245,0.5,four_day,weak_skew,0.02294921875,-6.540430651494529,-7.249475604158178,12,24
246,0.5,daily,alt,0.013597280543891222,-6.04610743790699,-7.855054703938237,24,24
246,0.5,daily,sharp,0.876624675064987,0.16310011365489233,-7.855054703938237,24,24
246,0.5,daily,weak,0.14637072585482905,-2.385553413886494,-7.855054703938237,24,24
246,0.5,daily,weak_skew,0.27194561087782443,-1.776338755184191,-7.855054703938237,24,24
246,0.5,two_day,alt,0.0669866026794641,-6.582016958404611,-7.855054703938237,24,24
246,0.5,two_day,sharp,0.7158568286342731,0.6736179386383648,-7.855054703938237,24,24
246,0.5,two_day,weak,0.9776044791041791,0.08040326597836749,-7.855054703938237,24,24
246,0.5,two_day,weak_skew,0.5242951409718056,1.5341778099419023,-7.855054703938237,24,24
246,0.5,four_day,alt,0.00048828125,-11.512636484072127,-7.855054703938237,12,24
246,0.5,four_day,sharp,0.5146484375,-1.203936416866051,-7.855054703938237,12,24
246,0.5,four_day,weak,0.02685546875,-5.500383284043887,-7.855054703938237,12,24
246,0.5,four_day,weak_skew,0.2529296875,-2.820038211376478,-7.855054703938237,12,24
247,0.5,daily,alt,0.20775844831033793,-3.4931394529463766,-5.657057719697676,24,24
247,0.5,daily,sharp,0.8218356328734253,-0.23411910406906955,-5.657057719697676,24,24
247,0.5,daily,weak,0.21835632873425315,2.4897327766444124,-5.657057719697676,24,24
247,0.5,daily,weak_skew,0.863627274545091,0.24101756628656665,-5.657057719697676,24,24
247,0.5,two_day,alt,0.8162367526494702,-0.783191453199577,-5.657057719697676,24,24
247,0.5,two_day,sharp,0.2689462107578484,1.6253485295036108,-5.657057719697676,24,24
247,0.5,two_day,weak,0.27754449110177964,2.5108502198629483,-5.657057719697676,24,24
247,0.5,two_day,weak_skew,0.8474305138972206,0.3991520540285099,-5.657057719697676,24,24
247,0.5,four_day,alt,0.005859375,-10.488145757085816,-5.657057719697676,12,24
247,0.5,four_day,sharp,0.04541015625,-2.7526087768400793,-5.657057719697676,12,24
247,0.5,four_day,weak,0.76611328125,0.9590730773521461,-5.657057719697676,12,24
247,0.5,four_day,weak_skew,0.10595703125,-3.42046565060619,-5.657057719697676,12,24
248,0.5,daily,alt,0.010397920415916816,-7.4416797665255485,-8.779036733015957,24,24
248,0.5,daily,sharp,0.12117576484703059,2.1139437775794687,-8.779036733015957,24,24
248,0.5,daily,weak,0.24935012997400519,2.0200629926503915,-8.779036733015957,24,24
248,0.5,daily,weak_skew,0.47850429914017195,1.19060745375413,-8.779036733015957,24,24
248,0.5,two_day,alt,0.0609878024395121,-8.153791901575874,-8.779036733015957,24,24
248,0.5,two_day,sharp,0.9382123575284943,0.24466084428866677,-8.779036733015957,24,24
248,0.5,two_day,weak,0.6626674665066986,1.813547949862043,-8.779036733015957,24,24
248,0.5,two_day,weak_skew,0.9238152369526095,0.37208272673448217,-8.779036733015957,24,24
248,0.5,four_day,alt,0.2080078125,-7.663123364719742,-8.779036733015957,12,24
248,0.5,four_day,sharp,0.9326171875,-0.29365966372516894,-8.779036733015957,12,24
248,0.5,four_day,weak,0.814453125,1.254203957607076,-8.779036733015957,12,24
248,0.5,four_day,weak_skew,0.9248046875,-0.49681352379369353,-8.779036733015957,12,24
249,0.5,daily,alt,0.003999200159968006,-5.307445683620913,-5.368830703240363,24,24
249,0.5,daily,sharp,0.9796040791841631,-0.03090568763150614,-5.368830703240363,24,24
249,0.5,daily,weak,0.6810637872425515,0.4918276351191402,-5.368830703240363,24,24
249,0.5,daily,weak_skew,0.5604879024195161,1.236990327783599,-5.368830703240363,24,24
249,0.5,two_day,alt,0.0013997200559888023,-9.568277780884898,-5.368830703240363,24,24
249,0.5,two_day,sharp,0.16836632673465307,-2.6420913793504623,-5.368830703240363,24,24
249,0.5,two_day,weak,0.27134573085382924,-3.1974602576902353,-5.368830703240363,24,24
249,0.5,two_day,weak_skew,0.06778644271145771,-4.814865154056723,-5.368830703240363,24,24
249,0.5,four_day,alt,0.5322265625,-2.252462434829312,-5.368830703240363,12,24
249,0.5,four_day,sharp,0.12353515625,3.21739908423857,-5.368830703240363,12,24
249,0.5,four_day,weak,0.43115234375,2.917366404064603,-5.368830703240363,12,24
249,0.5,four_day,weak_skew,0.060546875,8.476273451500369,-5.368830703240363,12,24
250,0.5,daily,alt,0.002999400119976005,-6.813319777044363,-7.767519507541458,24,24
250,0.5,daily,sharp,0.6844631073785243,-0.6682050519731,-7.767519507541458,24,24
250,0.5,daily,weak,0.27494501099780044,-1.8716076842318836,-7.767519507541458,24,24
250,0.5,daily,weak_skew,0.7498500299940012,-0.660274744395875,-7.767519507541458,24,24
250,0.5,two_day,alt,0.0013997200559888023,-9.592077388038502,-7.767519507541458,24,24
250,0.5,two_day,sharp,0.4347130573885223,-1.3399643020063625,-7.767519507541458,24,24
250,0.5,two_day,weak,0.585882823435313,1.2913511997406124,-7.767519507541458,24,24
250,0.5,two_day,weak_skew,0.640871825634873,-1.220337276320753,-7.767519507541458,24,24
250,0.5,four_day,alt,0.06103515625,-7.746489167882253,-7.767519507541458,12,24
250,0.5,four_day,sharp,0.892578125,0.34852570570609664,-7.767519507541458,12,24
250,0.5,four_day,weak,0.39404296875,-3.1097938933344103,-7.767519507541458,12,24
250,0.5,four_day,weak_skew,0.857421875,0.5561512321291749,-7.767519507541458,12,24
251,0.5,daily,alt,0.0009998000399920016,-6.63356352957974,-8.0877924873922,24,24
251,0.5,daily,sharp,0.264747050589882,1.553730280896475,-8.0877924873922,24,24
251,0.5,daily,weak,0.4487102579484103,1.573111168614661,-8.0877924873922,24,24
251,0.5,daily,weak_skew,0.5796840631873625,0.8673833025170575,-8.0877924873922,24,24
251,0.5,two_day,alt,0.1873625274945011,-5.126975219403849,-8.0877924873922,24,24
251,0.5,two_day,sharp,0.3835232953409318,2.7592749792821167,-8.0877924873922,24,24
251,0.5,two_day,weak,0.5714857028594281,1.979391227021942,-8.0877924873922,24,24
251,0.5,two_day,weak_skew,0.4989002199560088,2.3517878200311424,-8.0877924873922,24,24
251,0.5,four_day,alt,0.01025390625,-12.65867154488265,-8.0877924873922,12,24
251,0.5,four_day,sharp,0.5615234375,-2.401175548054457,-8.0877924873922,12,24
251,0.5,four_day,weak,0.69482421875,-1.6988725205020951,-8.0877924873922,12,24
251,0.5,four_day,weak_skew,0.34814453125,-4.464561487127114,-8.0877924873922,12,24
252,0.5,daily,alt,0.0001999600079984003,-7.664907757083529,-9.6888980010458,24,24
252,0.5,daily,sharp,0.7364527094581084,0.6854050520983487,-9.6888980010458,24,24
252,0.5,daily,weak,0.8444311137772446,0.49235458789349157,-9.6888980010458,24,24
252,0.5,daily,weak_skew,0.5050989802039592,1.3528798426082587,-9.6888980010458,24,24
252,0.5,two_day,alt,0.0005998800239952009,-10.535649256399553,-9.6888980010458,24,24
252,0.5,two_day,sharp,0.5762847430513898,-1.2274079762260914,-9.6888980010458,24,24
252,0.5,two_day,weak,0.8524295140971806,-0.46163561044123114,-9.6888980010458,24,24
252,0.5,two_day,weak_skew,0.5674865026994601,-1.4821141865275658,-9.6888980010458,24,24
252,0.5,four_day,alt,0.00244140625,-9.137292973840129,-9.6888980010458,12,24
252,0.5,four_day,sharp,0.44677734375,1.2215724360021365,-9.6888980010458,12,24
252,0.5,four_day,weak,0.57373046875,-1.393492289840644,-9.6888980010458,12,24
252,0.5,four_day,weak_skew,0.5849609375,1.2287662302071318,-9.6888980010458,12,24
253,0.5,daily,alt,0.0001999600079984003,-9.37667071518861,-9.208009539007747,24,24
253,0.5,daily,sharp,0.4465106978604279,-1.1619833666388768,-9.208009539007747,24,24
253,0.5,daily,weak,0.22715456908618276,-2.167494167168784,-9.208009539007747,24,24
253,0.5,daily,weak_skew,0.3715256948610278,-1.5859841533739976,-9.208009539007747,24,24
253,0.5,two_day,alt,0.0001999600079984003,-13.40800504705671,-9.208009539007747,24,24
253,0.5,two_day,sharp,0.5096980603879224,-1.6461584687379478,-9.208009539007747,24,24
253,0.5,two_day,weak,0.6584683063387322,-1.4114250702490503,-9.208009539007747,24,24
253,0.5,two_day,weak_skew,0.2943411317736453,-2.604240373490523,-9.208009539007747,24,24
253,0.5,four_day,alt,0.92626953125,0.39168052736075804,-9.208009539007747,12,24
253,0.5,four_day,sharp,0.03076171875,7.770945134006236,-9.208009539007747,12,24
253,0.5,four_day,weak,0.01318359375,10.944991491131043,-9.208009539007747,12,24
253,0.5,four_day,weak_skew,0.05859375,8.986735624698055,-9.208009539007747,12,24
254,0.5,daily,alt,0.9454109178164367,-0.22583768127542422,-6.434986951131741,24,24
254,0.5,daily,sharp,0.03579284143171366,2.53385486942149,-6.434986951131741,24,24
254,0.5,daily,weak,0.8046390721855629,0.3325162104002925,-6.434986951131741,24,24
254,0.5,daily,weak_skew,0.17896420715856828,3.5801501100275757,-6.434986951131741,24,24
254,0.5,two_day,alt,0.0061987602479504095,-8.272441291920432,-6.434986951131741,24,24
254,0.5,two_day,sharp,0.8694261147770446,-0.22437416553625766,-6.434986951131741,24,24
254,0.5,two_day,weak,0.9892021595680864,-0.02773659005553745,-6.434986951131741,24,24
254,0.5,two_day,weak_skew,0.7958408318336333,-0.5434222467612537,-6.434986951131741,24,24
254,0.5,four_day,alt,0.001953125,-12.795262055452467,-6.434986951131741,12,24
254,0.5,four_day,sharp,0.2548828125,-2.5037549138134723,-6.434986951131741,12,24
254,0.5,four_day,weak,0.10205078125,-4.421800317184625,-6.434986951131741,12,24
254,0.5,four_day,weak_skew,0.0400390625,-4.776334335135426,-6.434986951131741,12,24
255,0.5,daily,alt,0.0001999600079984003,-13.432469605582156,-15.05826761809842,24,24
255,0.5,daily,sharp,0.2855428914217157,-1.6026691636852946,-15.05826761809842,24,24
255,0.5,daily,weak,0.13797240551889622,-3.0951440092700935,-15.05826761809842,24,24
255,0.5,daily,weak_skew,0.22835432913417317,-2.2755604932485523,-15.05826761809842,24,24
255,0.5,two_day,alt,0.0001999600079984003,-12.237704155801273,-15.05826761809842,24,24
255,0.5,two_day,sharp,0.34233153369326136,2.259926910960686,-15.05826761809842,24,24
255,0.5,two_day,weak,0.645870825834833,1.3471059535651457,-15.05826761809842,24,24
255,0.5,two_day,weak_skew,0.122375524895021,4.36695733438259,-15.05826761809842,24,24
255,0.5,four_day,alt,0.001953125,-16.340078240036025,-15.05826761809842,12,24
255,0.5,four_day,sharp,0.45751953125,-2.245962459786366,-15.05826761809842,12,24
255,0.5,four_day,weak,0.14453125,-6.407323096574565,-15.05826761809842,12,24
255,0.5,four_day,weak_skew,0.255859375,-4.122635323852296,-15.05826761809842,12,24
256,0.5,daily,alt,0.0001999600079984003,-5.907486617313602,-8.138616460056966,24,24
256,0.5,daily,sharp,0.5840831833633273,0.5615236896211518,-8.138616460056966,24,24
256,0.5,daily,weak,0.3189362127574485,1.7281755757159436,-8.138616460056966,24,24
256,0.5,daily,weak_skew,0.9986002799440112,-0.002447021340808616,-8.138616460056966,24,24
256,0.5,two_day,alt,0.001799640071985603,-7.833053241341637,-8.138616460056966,24,24
256,0.5,two_day,sharp,0.7742451509698061,0.5801390039580987,-8.138616460056966,24,24
256,0.5,two_day,weak,0.7076584683063387,0.9399034687942246,-8.138616460056966,24,24
256,0.5,two_day,weak_skew,0.5718856228754249,1.3918587057363603,-8.138616460056966,24,24
256,0.5,four_day,alt,0.0009765625,-8.226368117875522,-8.138616460056966,12,24
256,0.5,four_day,sharp,0.81396484375,-0.30413521043441466,-8.138616460056966,12,24
256,0.5,four_day,weak,0.61572265625,-1.2176544770789708,-8.138616460056966,12,24
256,0.5,four_day,weak_skew,0.69873046875,1.8858475157297552,-8.138616460056966,12,24
257,0.5,daily,alt,0.2969406118776245,-2.7960510134374155,-7.255794685671802,24,24
257,0.5,daily,sharp,0.22255548890221954,1.964862301802574,-7.255794685671802,24,24
257,0.5,daily,weak,0.021795640871825634,5.181063458635197,-7.255794685671802,24,24
257,0.5,daily,weak_skew,0.3239352129574085,1.92114876029203,-7.255794685671802,24,24
257,0.5,two_day,alt,0.29094181163767247,-2.565328430315214,-7.255794685671802,24,24
257,0.5,two_day,sharp,0.2855428914217157,2.1546840144890784,-7.255794685671802,24,24
257,0.5,two_day,weak,0.28634273145370925,3.0852188369369613,-7.255794685671802,24,24
257,0.5,two_day,weak_skew,0.29054189162167565,2.400262144462074,-7.255794685671802,24,24
257,0.5,four_day,alt,0.00390625,-16.479831266558996,-7.255794685671802,12,24
257,0.5,four_day,sharp,0.06689453125,-7.101032293175603,-7.255794685671802,12,24
257,0.5,four_day,weak,0.66943359375,-2.1508998849251184,-7.255794685671802,12,24
257,0.5,four_day,weak_skew,0.00634765625,-11.474881168415203,-7.255794685671802,12,24
258,0.5,daily,alt,0.013197360527894421,-5.798328009780826,-7.754832134223079,24,24
258,0.5,daily,sharp,0.46370725854829037,1.3682155218271868,-7.754832134223079,24,24
258,0.5,daily,weak,0.645870825834833,1.007715664159383,-7.754832134223079,24,24
258,0.5,daily,weak_skew,0.7344531093781244,0.695554117417959,-7.754832134223079,24,24
258,0.5,two_day,alt,0.015196960607878424,-8.761047337436644,-7.754832134223079,24,24
258,0.5,two_day,sharp,0.770245950809838,-0.8161526512534847,-7.754832134223079,24,24
258,0.5,two_day,weak,0.8314337132573485,-0.6120881834715508,-7.754832134223079,24,24
258,0.5,two_day,weak_skew,0.7886422715456909,-0.930383027484177,-7.754832134223079,24,24
258,0.5,four_day,alt,0.02197265625,-11.006506804311124,-7.754832134223079,12,24
258,0.5,four_day,sharp,0.49560546875,-2.4320029667735414,-7.754832134223079,12,24
258,0.5,four_day,weak,0.95849609375,-0.22366982930888746,-7.754832134223079,12,24
258,0.5,four_day,weak_skew,0.82861328125,-0.967482405517544,-7.754832134223079,12,24
259,0.5,daily,alt,0.4631073785242951,2.9662842807211347,-3.1711323038528434,24,24
259,0.5,daily,sharp,0.05118976204759048,4.792745931438717,-3.1711323038528434,24,24
259,0.5,daily,weak,0.26614677064587083,3.0560857126150416,-3.1711323038528434,24,24
259,0.5,daily,weak_skew,0.11317736452709458,3.8945468821961007,-3.1711323038528434,24,24
259,0.5,two_day,alt,0.05438912217556489,-5.8871520753010556,-3.1711323038528434,24,24
259,0.5,two_day,sharp,0.2975404919016197,-2.1241239612688965,-3.1711323038528434,24,24
259,0.5,two_day,weak,0.2375524895020996,-2.6672685989949385,-3.1711323038528434,24,24
259,0.5,two_day,weak_skew,0.5272945410917816,-1.595668322351026,-3.1711323038528434,24,24
259,0.5,four_day,alt,0.935546875,0.598776389121546,-3.1711323038528434,12,24
259,0.5,four_day,sharp,0.57373046875,2.49760533116615,-3.1711323038528434,12,24
259,0.5,four_day,weak,0.67919921875,-1.9021225815043543,-3.1711323038528434,12,24
259,0.5,four_day,weak_skew,0.81396484375,-0.891128492302426,-3.1711323038528434,12,24
260,0.5,daily,alt,0.0009998000399920016,-8.071348081887372,-9.688904968112297,24,24
260,0.5,daily,sharp,0.1857628474305139,2.5675868160838147,-9.688904968112297,24,24
260,0.5,daily,weak,0.026794641071785644,4.874280818841605,-9.688904968112297,24,24
260,0.5,daily,weak_skew,0.39652069586082783,2.2361660257176115,-9.688904968112297,24,24
260,0.5,two_day,alt,0.0001999600079984003,-12.553504862971522,-9.688904968112297,24,24
260,0.5,two_day,sharp,0.7340531893621276,0.6440776215047851,-9.688904968112297,24,24
260,0.5,two_day,weak,0.1265746850629874,4.260562682933785,-9.688904968112297,24,24
260,0.5,two_day,weak_skew,0.2465506898620276,3.667208703694596,-9.688904968112297,24,24
260,0.5,four_day,alt,0.04931640625,-8.438170273439882,-9.688904968112297,12,24
260,0.5,four_day,sharp,0.44140625,2.500769888376564,-9.688904968112297,12,24
260,0.5,four_day,weak,0.18408203125,5.466151158656513,-9.688904968112297,12,24
260,0.5,four_day,weak_skew,0.72998046875,1.6513379039209948,-9.688904968112297,12,24
261,0.5,daily,alt,0.14777044591081784,-3.705640640283294,-7.055890377623925,24,24
261,0.5,daily,sharp,0.6756648670265947,-0.5610264174201296,-7.055890377623925,24,24
261,0.5,daily,weak,0.6304739052189562,-1.0368081726093685,-7.055890377623925,24,24
261,0.5,daily,weak_skew,0.5190961807638472,1.3985024767442156,-7.055890377623925,24,24
261,0.5,two_day,alt,0.0033993201359728054,-9.261751785235218,-7.055890377623925,24,24
261,0.5,two_day,sharp,0.10837832433513298,-3.732391638258285,-7.055890377623925,24,24
261,0.5,two_day,weak,0.15636872625474904,-3.815783205880418,-7.055890377623925,24,24
261,0.5,two_day,weak_skew,0.3043391321735653,-3.2790743339761854,-7.055890377623925,24,24
261,0.5,four_day,alt,0.78857421875,1.7471026608275928,-7.055890377623925,12,24
261,0.5,four_day,sharp,0.11279296875,6.156044642383489,-7.055890377623925,12,24
261,0.5,four_day,weak,0.13623046875,6.6766700423766165,-7.055890377623925,12,24
261,0.5,four_day,weak_skew,0.216796875,5.098038193293643,-7.055890377623925,12,24
262,0.5,daily,alt,0.0013997200559888023,-6.636016482816512,-8.702732066276766,24,24
262,0.5,daily,sharp,0.8848230353929214,0.19450857407351693,-8.702732066276766,24,24
262,0.5,daily,weak,0.15416916616676665,-2.941739436036935,-8.702732066276766,24,24
262,0.5,daily,weak_skew,0.16636672665466906,3.2836674947163282,-8.702732066276766,24,24
262,0.5,two_day,alt,0.0013997200559888023,-6.243261589043879,-8.702732066276766,24,24
262,0.5,two_day,sharp,0.28954209158168365,1.2009482501947188,-8.702732066276766,24,24
262,0.5,two_day,weak,0.8858228354329134,0.23112304081236257,-8.702732066276766,24,24
262,0.5,two_day,weak_skew,0.1365726854629074,4.4691188855266315,-8.702732066276766,24,24
262,0.5,four_day,alt,0.0068359375,-10.426412686859324,-8.702732066276766,12,24
262,0.5,four_day,sharp,0.32666015625,-2.40455984928737,-8.702732066276766,12,24
262,0.5,four_day,weak,0.26123046875,-2.867536658404695,-8.702732066276766,12,24
262,0.5,four_day,weak_skew,0.0166015625,-6.12576409231924,-8.702732066276766,12,24
263,0.5,daily,alt,0.0001999600079984003,-10.880185064323996,-8.618060792821268,24,24
263,0.5,daily,sharp,0.09378124375124974,-3.7837642181300986,-8.618060792821268,24,24
263,0.5,daily,weak,0.15016996600679863,-3.9097107094191395,-8.618060792821268,24,24
263,0.5,daily,weak_skew,0.11677664467106579,-4.134374274119309,-8.618060792821268,24,24
263,0.5,two_day,alt,0.003199360127974405,-9.6568148283857,-8.618060792821268,24,24
263,0.5,two_day,sharp,0.6028794241151769,-1.5991333725705605,-8.618060792821268,24,24
263,0.5,two_day,weak,0.8232353529294141,-0.7251571268051906,-8.618060792821268,24,24
263,0.5,two_day,weak_skew,0.9954009198160368,-0.022461739281205872,-8.618060792821268,24,24
263,0.5,four_day,alt,0.27099609375,-3.1359450335716326,-8.618060792821268,12,24
263,0.5,four_day,sharp,0.1689453125,4.071853408328763,-8.618060792821268,12,24
263,0.5,four_day,weak,0.18603515625,5.988500283035223,-8.618060792821268,12,24
263,0.5,four_day,weak_skew,0.2529296875,5.1955831256518,-8.618060792821268,12,24
264,0.5,daily,alt,0.0009998000399920016,-7.584944743219413,-7.091090241485219,24,24
264,0.5,daily,sharp,0.3037392521495701,-1.5458020613003354,-7.091090241485219,24,24
264,0.5,daily,weak,0.5318936212757448,1.1815818428737463,-7.091090241485219,24,24
264,0.5,daily,weak_skew,0.15696860627874426,-2.870227500008752,-7.091090241485219,24,24
264,0.5,two_day,alt,0.0001999600079984003,-7.79043699836978,-7.091090241485219,24,24
264,0.5,two_day,sharp,0.33613277344531095,-1.3339388671159307,-7.091090241485219,24,24
264,0.5,two_day,weak,0.636872625474905,-1.066348365592276,-7.091090241485219,24,24
264,0.5,two_day,weak_skew,0.8366326734653069,0.5535680085974836,-7.091090241485219,24,24
264,0.5,four_day,alt,0.00146484375,-9.89550686944211,-7.091090241485219,12,24
264,0.5,four_day,sharp,0.21337890625,-2.1287518739462477,-7.091090241485219,12,24
264,0.5,four_day,weak,0.076171875,-5.663969675662231,-7.091090241485219,12,24
264,0.5,four_day,weak_skew,0.01904296875,-6.442070087616716,-7.091090241485219,12,24
265,0.5,daily,alt,0.021195760847830435,-6.242867984484586,-7.551881746483922,24,24
265,0.5,daily,sharp,0.8952209558088382,-0.22553865781788898,-7.551881746483922,24,24
265,0.5,daily,weak,0.5370925814837033,-1.4874863100674387,-7.551881746483922,24,24
265,0.5,daily,weak_skew,0.9478104379124175,0.1387231463180436,-7.551881746483922,24,24
265,0.5,two_day,alt,0.5912817436512697,-2.4125511983789543,-7.551881746483922,24,24
265,0.5,two_day,sharp,0.138372325534893,3.496742214761261,-7.551881746483922,24,24
265,0.5,two_day,weak,0.9088182363527294,0.3852532596793529,-7.551881746483922,24,24
265,0.5,two_day,weak_skew,0.5168966206758648,1.9155027136186664,-7.551881746483922,24,24
265,0.5,four_day,alt,0.01123046875,-10.1152098135411,-7.551881746483922,12,24
265,0.5,four_day,sharp,0.68115234375,-1.0127823516425256,-7.551881746483922,12,24
265,0.5,four_day,weak,0.13720703125,-5.929974062668002,-7.551881746483922,12,24
265,0.5,four_day,weak_skew,0.615234375,-1.8772580339289693,-7.551881746483922,12,24
266,0.5,daily,alt,0.05378924215156969,-6.092013077241855,-9.810004890421851,24,24
266,0.5,daily,sharp,0.46550689862027594,1.4014817532108985,-9.810004890421851,24,24
266,0.5,daily,weak,0.6764647070585883,-0.8765483368560544,-9.810004890421851,24,24
266,0.5,daily,weak_skew,0.3867226554689062,1.9316136481953359,-9.810004890421851,24,24
266,0.5,two_day,alt,0.20415916816636673,-4.637752092355375,-9.810004890421851,24,24
266,0.5,two_day,sharp,0.33833233353329334,2.2263130944934715,-9.810004890421851,24,24
266,0.5,two_day,weak,0.3659268146370726,2.816239729139325,-9.810004890421851,24,24
266,0.5,two_day,weak_skew,0.23255348930213957,3.174640514264617,-9.810004890421851,24,24
266,0.5,four_day,alt,0.00146484375,-12.04272000270887,-9.810004890421851,12,24
266,0.5,four_day,sharp,0.9501953125,-0.16218548847210398,-9.810004890421851,12,24
266,0.5,four_day,weak,0.787109375,0.8553465790549198,-9.810004890421851,12,24
266,0.5,four_day,weak_skew,0.9228515625,0.37927046555854343,-9.810004890421851,12,24
267,0.5,daily,alt,0.054989002199560086,-3.9342893551977696,-6.766215909815088,24,24
267,0.5,daily,sharp,0.3833233353329334,1.1052127497736768,-6.766215909815088,24,24
267,0.5,daily,weak,0.2939412117576485,2.1473018213803017,-6.766215909815088,24,24
267,0.5,daily,weak_skew,0.43431313737252547,1.3163262966852474,-6.766215909815088,24,24
267,0.5,two_day,alt,0.0003999200159968006,-8.463711630744578,-6.766215909815088,24,24
267,0.5,two_day,sharp,0.48630273945210956,-1.5975869893961419,-6.766215909815088,24,24
267,0.5,two_day,weak,0.5736852629474105,-1.6147263267846927,-6.766215909815088,24,24
267,0.5,two_day,weak_skew,0.7002599480103979,-1.244042930067499,-6.766215909815088,24,24
267,0.5,four_day,alt,0.2568359375,-3.5024498529302353,-6.766215909815088,12,24
267,0.5,four_day,sharp,0.3896484375,2.29547671886127,-6.766215909815088,12,24
267,0.5,four_day,weak,0.3515625,4.253607049230797,-6.766215909815088,12,24
267,0.5,four_day,weak_skew,0.10498046875,10.07962332459934,-6.766215909815088,12,24
268,0.5,daily,alt,0.8302339532093581,0.6909759841891224,-9.371367595831956,24,24
268,0.5,daily,sharp,0.0021995600879824036,4.891017106707671,-9.371367595831956,24,24
268,0.5,daily,weak,0.026194761047790442,5.170851759851961,-9.371367595831956,24,24
268,0.5,daily,weak_skew,0.014997000599880024,4.601688118998293,-9.371367595831956,24,24
268,0.5,two_day,alt,0.05598880223955209,-7.673111918507153,-9.371367595831956,24,24
268,0.5,two_day,sharp,0.7594481103779244,0.7082820443271967,-9.371367595831956,24,24
268,0.5,two_day,weak,0.47190561887622473,-1.7669838779333897,-9.371367595831956,24,24
268,0.5,two_day,weak_skew,0.7408518296340731,-0.73515335480007,-9.371367595831956,24,24
268,0.5,four_day,alt,0.0234375,-10.56113925779612,-9.371367595831956,12,24
268,0.5,four_day,sharp,0.68896484375,-1.0289183979107683,-9.371367595831956,12,24
268,0.5,four_day,weak,0.99267578125,-0.0554973506987834,-9.371367595831956,12,24
268,0.5,four_day,weak_skew,0.87939453125,0.8902853128565672,-9.371367595831956,12,24
269,0.5,daily,alt,0.8918216356728654,-0.4772064388818755,-4.816636390449673,24,24
269,0.5,daily,sharp,0.4843031393721256,0.9886393608678249,-4.816636390449673,24,24
269,0.5,daily,weak,0.6882623475304939,0.7306491933243583,-4.816636390449673,24,24
269,0.5,daily,weak_skew,0.9074185162967406,0.21594043267747765,-4.816636390449673,24,24
269,0.5,two_day,alt,0.016996600679864027,-7.357836574869796,-4.816636390449673,24,24
269,0.5,two_day,sharp,0.25834833033393323,-1.7086546066117243,-4.816636390449673,24,24
269,0.5,two_day,weak,0.7908418316336733,-0.5434101715884218,-4.816636390449673,24,24
269,0.5,two_day,weak_skew,0.29094181163767247,-2.4360930732152775,-4.816636390449673,24,24
269,0.5,four_day,alt,0.85107421875,-0.9871982180276238,-4.816636390449673,12,24
269,0.5,four_day,sharp,0.8408203125,0.43336201954193676,-4.816636390449673,12,24
269,0.5,four_day,weak,0.84521484375,0.6366313162119764,-4.816636390449673,12,24
269,0.5,four_day,weak_skew,0.72216796875,1.2306358097014964,-4.816636390449673,12,24
270,0.5,daily,alt,0.007598480303939212,-5.380771116379446,-8.224939279063591,24,24
270,0.5,daily,sharp,0.9358128374325135,0.11387383729036878,-8.224939279063591,24,24
270,0.5,daily,weak,0.21935612877424515,-2.2519079980180297,-8.224939279063591,24,24
270,0.5,daily,weak_skew,0.6826634673065387,0.8777483662896399,-8.224939279063591,24,24
270,0.5,two_day,alt,0.014397120575884824,-7.27273535870858,-8.224939279063591,24,24
270,0.5,two_day,sharp,0.8590281943611278,-0.3713700825364639,-8.224939279063591,24,24
270,0.5,two_day,weak,0.1977604479104179,3.154160794860213,-8.224939279063591,24,24
270,0.5,two_day,weak_skew,0.6330733853229354,-1.2903198471875454,-8.224939279063591,24,24
270,0.5,four_day,alt,0.0712890625,-6.440944836909799,-8.224939279063591,12,24
270,0.5,four_day,sharp,0.4541015625,1.7347357124351834,-8.224939279063591,12,24
270,0.5,four_day,weak,0.21923828125,3.837574513537796,-8.224939279063591,12,24
270,0.5,four_day,weak_skew,0.36962890625,2.725781560966766,-8.224939279063591,12,24
271,0.5,daily,alt,0.0023995200959808036,-7.667333279015522,-4.514241980129881,24,24
271,0.5,daily,sharp,0.21635672865426914,-2.020354725708293,-4.514241980129881,24,24
271,0.5,daily,weak,0.1833633273345331,-3.2246109954873976,-4.514241980129881,24,24
271,0.5,daily,weak_skew,0.9550089982003599,0.09043390955191348,-4.514241980129881,24,24
271,0.5,two_day,alt,0.8132373525294941,-1.3283164801237586,-4.514241980129881,24,24
271,0.5,two_day,sharp,0.673865226954609,1.022549294729468,-4.514241980129881,24,24
271,0.5,two_day,weak,0.6542691461707658,-1.2943749829115376,-4.514241980129881,24,24
271,0.5,two_day,weak_skew,0.735252949410118,-0.8941335223428695,-4.514241980129881,24,24
271,0.5,four_day,alt,0.2802734375,-6.48621553905157,-4.514241980129881,12,24
271,0.5,four_day,sharp,0.7763671875,-0.8935329482051445,-4.514241980129881,12,24
271,0.5,four_day,weak,0.22314453125,5.095163732664958,-4.514241980129881,12,24
271,0.5,four_day,weak_skew,0.09033203125,-5.880191273914217,-4.514241980129881,12,24
272,0.5,daily,alt,0.03419316136772645,-5.168951935423589,-7.482046019630694,24,24
272,0.5,daily,sharp,0.8312337532493501,0.39680239747047324,-7.482046019630694,24,24
272,0.5,daily,weak,0.73625274945011,-0.7095208319873176,-7.482046019630694,24,24
272,0.5,daily,weak_skew,0.9250149970005999,0.19105259209012182,-7.482046019630694,24,24
272,0.5,two_day,alt,0.0001999600079984003,-12.032040636293424,-7.482046019630694,24,24
272,0.5,two_day,sharp,0.038992201559688064,-4.027063872013495,-7.482046019630694,24,24
272,0.5,two_day,weak,0.02579484103179364,-5.341847205456733,-7.482046019630694,24,24
272,0.5,two_day,weak_skew,0.1951609678064387,-2.8832793860981076,-7.482046019630694,24,24
272,0.5,four_day,alt,0.09521484375,-4.061099607190491,-7.482046019630694,12,24
272,0.5,four_day,sharp,0.1953125,3.0356358682888476,-7.482046019630694,12,24
272,0.5,four_day,weak,0.01171875,7.251484981568347,-7.482046019630694,12,24
272,0.5,four_day,weak_skew,0.35009765625,4.693874431300332,-7.482046019630694,12,24
273,0.5,daily,alt,0.0001999600079984003,-11.144268642004228,-10.88628119354727,24,24
273,0.5,daily,sharp,0.5942811437712457,-0.9636817007089119,-10.88628119354727,24,24
273,0.5,daily,weak,0.1977604479104179,-2.675730677094734,-10.88628119354727,24,24
273,0.5,daily,weak_skew,0.7254549090181963,0.806429431215338,-10.88628119354727,24,24
273,0.5,two_day,alt,0.04919016196760648,-6.816220509017783,-10.88628119354727,24,24
273,0.5,two_day,sharp,0.254749050189962,2.7856224305844646,-10.88628119354727,24,24
273,0.5,two_day,weak,0.669866026794641,1.4333276268494606,-10.88628119354727,24,24
273,0.5,two_day,weak_skew,0.3151369726054789,3.282359782113859,-10.88628119354727,24,24
273,0.5,four_day,alt,0.05517578125,-7.531411225156,-10.88628119354727,12,24
273,0.5,four_day,sharp,0.51416015625,1.8779655271599278,-10.88628119354727,12,24
273,0.5,four_day,weak,0.77294921875,1.1925706566406575,-10.88628119354727,12,24
273,0.5,four_day,weak_skew,0.35400390625,2.586511425989892,-10.88628119354727,12,24
274,0.5,daily,alt,0.0005998800239952009,-7.954054112090567,-9.351869018652195,24,24
274,0.5,daily,sharp,0.9080183963207359,-0.2524772580608081,-9.351869018652195,24,24
274,0.5,daily,weak,0.5358928214357128,-1.8409582966615334,-9.351869018652195,24,24
274,0.5,daily,weak_skew,0.8122375524895021,-0.6232135379142859,-9.351869018652195,24,24
274,0.5,two_day,alt,0.0023995200959808036,-9.130091250506105,-9.351869018652195,24,24
274,0.5,two_day,sharp,0.6826634673065387,-1.1807870238033564,-9.351869018652195,24,24
274,0.5,two_day,weak,0.7260547890421916,-1.1460143805030196,-9.351869018652195,24,24
274,0.5,two_day,weak_skew,0.2383523295340932,2.7787743939181055,-9.351869018652195,24,24
274,0.5,four_day,alt,0.0009765625,-14.133396935038585,-9.351869018652195,12,24
274,0.5,four_day,sharp,0.2744140625,-4.400420441634328,-9.351869018652195,12,24
274,0.5,four_day,weak,0.24853515625,-5.922834765720897,-9.351869018652195,12,24
274,0.5,four_day,weak_skew,0.02392578125,-8.761462444678584,-9.351869018652195,12,24
275,0.5,daily,alt,0.5688862227554489,-1.9260314161061547,-5.019857567574412,24,24
275,0.5,daily,sharp,0.6084783043391322,0.569430473852013,-5.019857567574412,24,24
275,0.5,daily,weak,0.8748250349930013,0.25036196234683344,-5.019857567574412,24,24
275,0.5,daily,weak_skew,0.6414717056588682,-0.6524983720863627,-5.019857567574412,24,24
275,0.5,two_day,alt,0.6042791441711658,-2.18699338857907,-5.019857567574412,24,24
275,0.5,two_day,sharp,0.4253149370125975,1.6546819230820191,-5.019857567574412,24,24
275,0.5,two_day,weak,0.6530693861227754,1.1281966579816445,-5.019857567574412,24,24
275,0.5,two_day,weak_skew,0.46610677864427114,1.6688663057370086,-5.019857567574412,24,24
275,0.5,four_day,alt,0.72802734375,-1.6594857302703463,-5.019857567574412,12,24
275,0.5,four_day,sharp,0.9296875,0.23951408108670988,-5.019857567574412,12,24
275,0.5,four_day,weak,0.30029296875,-3.1183825216028835,-5.019857567574412,12,24
275,0.5,four_day,weak_skew,0.9189453125,0.35241612968041974,-5.019857567574412,12,24
276,0.5,daily,alt,0.006998600279944011,-4.585329853351539,-6.3255840891980455,24,24
276,0.5,daily,sharp,0.9574085182963408,0.06865341879671967,-6.3255840891980455,24,24
276,0.5,daily,weak,0.9270145970805839,-0.1684475066435415,-6.3255840891980455,24,24
276,0.5,daily,weak_skew,0.5180963807238552,-0.9702674042365205,-6.3255840891980455,24,24
276,0.5,two_day,alt,0.0665866826634673,-4.76489437114662,-6.3255840891980455,24,24
276,0.5,two_day,sharp,0.8122375524895021,-0.4591660786515182,-6.3255840891980455,24,24
276,0.5,two_day,weak,0.5590881823635273,-1.4632186961977707,-6.3255840891980455,24,24
276,0.5,two_day,weak_skew,0.6808638272345531,-0.852130535331819,-6.3255840891980455,24,24
276,0.5,four_day,alt,0.037109375,-6.207575292442228,-6.3255840891980455,12,24
276,0.5,four_day,sharp,0.55029296875,-1.6824505858090337,-6.3255840891980455,12,24
276,0.5,four_day,weak,0.9111328125,-0.38363538450090334,-6.3255840891980455,12,24
276,0.5,four_day,weak_skew,0.30322265625,-3.3099714309545623,-6.3255840891980455,12,24
277,0.5,daily,alt,0.0001999600079984003,-10.168367775417307,-7.991409914239739,24,24
277,0.5,daily,sharp,0.22135572885422916,-1.8812541995374803,-7.991409914239739,24,24
277,0.5,daily,weak,0.14637072585482905,-2.6039842227413588,-7.991409914239739,24,24
277,0.5,daily,weak_skew,0.5980803839232154,-1.2552498025754597,-7.991409914239739,24,24
277,0.5,two_day,alt,0.0011997600479904018,-10.467545343656939,-7.991409914239739,24,24
277,0.5,two_day,sharp,0.14977004599080185,-3.7055057240827813,-7.991409914239739,24,24
277,0.5,two_day,weak,0.8008398320335933,-0.7110765054797626,-7.991409914239739,24,24
277,0.5,two_day,weak_skew,0.02959408118376325,-5.726189099174718,-7.991409914239739,24,24
277,0.5,four_day,alt,0.0185546875,-11.035664523432828,-7.991409914239739,12,24
277,0.5,four_day,sharp,0.56591796875,-1.9550031862786146,-7.991409914239739,12,24
277,0.5,four_day,weak,0.04443359375,-6.772982625326293,-7.991409914239739,12,24
277,0.5,four_day,weak_skew,0.96435546875,0.1605254555119681,-7.991409914239739,12,24
278,0.5,daily,alt,0.002599480103979204,-7.693766219831711,-8.194726116221503,24,24
278,0.5,daily,sharp,0.4579084183163367,-1.396134431831281,-8.194726116221503,24,24
278,0.5,daily,weak,0.35592881423715256,-2.2755634261265576,-8.194726116221503,24,24
278,0.5,daily,weak_skew,0.16696660667866425,-2.732910003368264,-8.194726116221503,24,24
278,0.5,two_day,alt,0.017996400719856028,-6.6112933445538715,-8.194726116221503,24,24
278,0.5,two_day,sharp,0.1887622475504899,2.635385881685111,-8.194726116221503,24,24
278,0.5,two_day,weak,0.027394521095780843,6.721437299806055,-8.194726116221503,24,24
278,0.5,two_day,weak_skew,0.1957608478304339,3.060316531887551,-8.194726116221503,24,24
278,0.5,four_day,alt,0.00927734375,-7.848063715477347,-8.194726116221503,12,24
278,0.5,four_day,sharp,0.998046875,-0.0037292514621410553,-8.194726116221503,12,24
278,0.5,four_day,weak,0.53369140625,-2.341142143436953,-8.194726116221503,12,24
278,0.5,four_day,weak_skew,0.44384765625,-1.1187438932894966,-8.194726116221503,12,24
279,0.5,daily,alt,0.016796640671865627,-6.3863219741538915,-7.384517368818138,24,24
279,0.5,daily,sharp,0.5882823435312937,-1.1661366006574767,-7.384517368818138,24,24
279,0.5,daily,weak,0.17456508698260348,-3.2860413719405606,-7.384517368818138,24,24
279,0.5,daily,weak_skew,0.4977004599080184,-1.8237331546957047,-7.384517368818138,24,24
279,0.5,two_day,alt,0.05638872225554889,-4.633924492837598,-7.384517368818138,24,24
279,0.5,two_day,sharp,0.2465506898620276,2.5017715463123085,-7.384517368818138,24,24
279,0.5,two_day,weak,0.5422915416916617,1.5846076735296941,-7.384517368818138,24,24
279,0.5,two_day,weak_skew,0.6938612277544491,0.9451363397457531,-7.384517368818138,24,24
279,0.5,four_day,alt,0.00927734375,-10.636544340103148,-7.384517368818138,12,24
279,0.5,four_day,sharp,0.064453125,-4.197077529801506,-7.384517368818138,12,24
279,0.5,four_day,weak,0.22314453125,-4.561569185495538,-7.384517368818138,12,24
279,0.5,four_day,weak_skew,0.08740234375,-5.59649036670934,-7.384517368818138,12,24
280,0.5,daily,alt,0.004999000199960008,-4.726990074559114,-6.365618938950533,24,24
280,0.5,daily,sharp,0.8270345930813837,-0.2556175564169247,-6.365618938950533,24,24
280,0.5,daily,weak,0.48830233953209357,1.1265091059846817,-6.365618938950533,24,24
280,0.5,daily,weak_skew,0.6816636672665467,-0.7074024602481712,-6.365618938950533,24,24
280,0.5,two_day,alt,0.09838032393521295,-4.724681711740283,-6.365618938950533,24,24
280,0.5,two_day,sharp,0.9988002399520096,0.002069213618009158,-6.365618938950533,24,24
280,0.5,two_day,weak,0.9606078784243152,0.12725753068916212,-6.365618938950533,24,24
280,0.5,two_day,weak_skew,0.14257148570285944,4.957384676013565,-6.365618938950533,24,24
280,0.5,four_day,alt,0.00537109375,-6.90804544784713,-6.365618938950533,12,24
280,0.5,four_day,sharp,0.5673828125,-0.8259410002867504,-6.365618938950533,12,24
280,0.5,four_day,weak,0.00439453125,-5.671587793136869,-6.365618938950533,12,24
280,0.5,four_day,weak_skew,0.54541015625,-1.5998363144271195,-6.365618938950533,12,24
281,0.5,daily,alt,0.004599080183963208,-5.021741792076519,-6.367123551853666,24,24
281,0.5,daily,sharp,0.40171965606878624,-1.1082813742145872,-6.367123551853666,24,24
281,0.5,daily,weak,0.5474905018996201,-1.0717018984817577,-6.367123551853666,24,24
281,0.5,daily,weak_skew,0.07198560287942411,-2.750033685083943,-6.367123551853666,24,24
281,0.5,two_day,alt,0.005598880223955209,-6.279825299618648,-6.367123551853666,24,24
281,0.5,two_day,sharp,0.9212157568486303,-0.1729723474103618,-6.367123551853666,24,24
281,0.5,two_day,weak,0.6832633473305338,-1.1487522851004799,-6.367123551853666,24,24
281,0.5,two_day,weak_skew,0.598880223955209,-1.2509760621344783,-6.367123551853666,24,24
281,0.5,four_day,alt,0.17138671875,-3.086759926798249,-6.367123551853666,12,24
281,0.5,four_day,sharp,0.2265625,1.9185649068745374,-6.367123551853666,12,24
281,0.5,four_day,weak,0.99169921875,0.03763605278143226,-6.367123551853666,12,24
281,0.5,four_day,weak_skew,0.6435546875,1.4215281692700283,-6.367123551853666,12,24
282,0.5,daily,alt,0.0001999600079984003,-8.34256899013583,-9.455942877067514,24,24
282,0.5,daily,sharp,0.5182963407318536,-0.7510254783054405,-9.455942877067514,24,24
282,0.5,daily,weak,0.5658868226354729,-1.0403711630272536,-9.455942877067514,24,24
282,0.5,daily,weak_skew,0.7178564287142571,0.579291269813743,-9.455942877067514,24,24
282,0.5,two_day,alt,0.002599480103979204,-8.30080565628109,-9.455942877067514,24,24
282,0.5,two_day,sharp,0.7958408318336333,0.4144040121800317,-9.455942877067514,24,24
282,0.5,two_day,weak,0.8618276344731054,-0.4392879879851715,-9.455942877067514,24,24
282,0.5,two_day,weak_skew,0.7812437512497501,1.4049199462678226,-9.455942877067514,24,24
282,0.5,four_day,alt,0.00927734375,-6.727954978581849,-9.455942877067514,12,24
282,0.5,four_day,sharp,0.4228515625,1.2360085932286946,-9.455942877067514,12,24
282,0.5,four_day,weak,0.68212890625,0.9472739539978837,-9.455942877067514,12,24
282,0.5,four_day,weak_skew,0.68115234375,1.1022503956159053,-9.455942877067514,12,24
283,0.5,daily,alt,0.0001999600079984003,-10.190267247483868,-8.671121459045985,24,24
283,0.5,daily,sharp,0.27794441111777646,-1.2995665817957993,-8.671121459045985,24,24
283,0.5,daily,weak,0.6576684663067387,-0.6660894234826804,-8.671121459045985,24,24
283,0.5,daily,weak_skew,0.9074185162967406,0.2535996489801082,-8.671121459045985,24,24
283,0.5,two_day,alt,0.0011997600479904018,-7.843604456705886,-8.671121459045985,24,24
283,0.5,two_day,sharp,0.9968006398720256,0.00928825595702539,-8.671121459045985,24,24
283,0.5,two_day,weak,0.2393521295740852,2.385557951172451,-8.671121459045985,24,24
283,0.5,two_day,weak_skew,0.9338132373525295,-0.20557679952109295,-8.671121459045985,24,24
283,0.5,four_day,alt,0.00146484375,-10.821006092593384,-8.671121459045985,12,24
283,0.5,four_day,sharp,0.27587890625,-1.824073650698138,-8.671121459045985,12,24
283,0.5,four_day,weak,0.72265625,-0.6569928225113456,-8.671121459045985,12,24
283,0.5,four_day,weak_skew,0.330078125,4.188288853561219,-8.671121459045985,12,24
284,0.5,daily,alt,0.09418116376724656,-3.8068344957438853,-5.977949015954437,24,24
284,0.5,daily,sharp,0.911617676464707,-0.15329526607123403,-5.977949015954437,24,24
284,0.5,daily,weak,0.27634473105378926,-2.4396643275718746,-5.977949015954437,24,24
284,0.5,daily,weak_skew,0.7604479104179164,-0.6565514582341839,-5.977949015954437,24,24
284,0.5,two_day,alt,0.20755848830233953,-3.9842931906631893,-5.977949015954437,24,24
284,0.5,two_day,sharp,0.7434513097380524,-0.5191995528411543,-5.977949015954437,24,24
284,0.5,two_day,weak,0.2553489302139572,-2.2495808577641543,-5.977949015954437,24,24
284,0.5,two_day,weak_skew,0.7778444311137772,-0.735024275578492,-5.977949015954437,24,24
284,0.5,four_day,alt,0.1240234375,-4.98891327379761,-5.977949015954437,12,24
284,0.5,four_day,sharp,0.93994140625,-0.14800780381691622,-5.977949015954437,12,24
284,0.5,four_day,weak,0.67724609375,1.602834222937222,-5.977949015954437,12,24
284,0.5,four_day,weak_skew,0.19580078125,-4.294010545033578,-5.977949015954437,12,24
285,0.5,daily,alt,0.11857628474305139,-4.718011870516009,-8.564224460006798,24,24
285,0.5,daily,sharp,0.27714457108578283,1.305938783995856,-8.564224460006798,24,24
285,0.5,daily,weak,0.24155168966206758,2.1079905776889976,-8.564224460006798,24,24
285,0.5,daily,weak_skew,0.4337132573485303,1.6912223246174458,-8.564224460006798,24,24
285,0.5,two_day,alt,0.003599280143971206,-7.490657811762634,-8.564224460006798,24,24
285,0.5,two_day,sharp,0.5856828634273146,0.7519595749996203,-8.564224460006798,24,24
285,0.5,two_day,weak,0.9918016396720656,-0.039294038963848386,-8.564224460006798,24,24
285,0.5,two_day,weak_skew,0.9358128374325135,0.21046392756042445,-8.564224460006798,24,24
285,0.5,four_day,alt,0.3828125,-3.523595276451132,-8.564224460006798,12,24
285,0.5,four_day,sharp,0.23486328125,2.9944672268105665,-8.564224460006798,12,24
285,0.5,four_day,weak,0.326171875,4.895205882874211,-8.564224460006798,12,24
285,0.5,four_day,weak_skew,0.22802734375,4.946424874774951,-8.564224460006798,12,24
286,0.5,daily,alt,0.1807638472305539,-2.9801765532195557,-8.865950740989199,24,24
286,0.5,daily,sharp,0.08018396320735853,2.27496463199618,-8.865950740989199,24,24
286,0.5,daily,weak,0.7886422715456909,-0.42912638090145033,-8.865950740989199,24,24
286,0.5,daily,weak_skew,0.16816636672665466,2.8173200095754987,-8.865950740989199,24,24
286,0.5,two_day,alt,0.0001999600079984003,-10.352690068431182,-8.865950740989199,24,24
286,0.5,two_day,sharp,0.33873225354929015,-1.638621664316388,-8.865950740989199,24,24
286,0.5,two_day,weak,0.9942011597680463,0.014172290368917947,-8.865950740989199,24,24
286,0.5,two_day,weak_skew,0.596880623875225,-1.5972365948634464,-8.865950740989199,24,24
286,0.5,four_day,alt,0.2578125,-3.6844854766130406,-8.865950740989199,12,24
286,0.5,four_day,sharp,0.16796875,2.8690290893309682,-8.865950740989199,12,24
286,0.5,four_day,weak,0.2841796875,4.01216603035703,-8.865950740989199,12,24
286,0.5,four_day,weak_skew,0.2685546875,3.6180124694400297,-8.865950740989199,12,24
287,0.5,daily,alt,0.03279344131173765,-4.288428671399084,-7.03443582703953,24,24
287,0.5,daily,sharp,0.9528094381123775,-0.09163053588218044,-7.03443582703953,24,24
287,0.5,daily,weak,0.45610877824435114,1.4345439572453305,-7.03443582703953,24,24
287,0.5,daily,weak_skew,0.8920215956808638,0.2799394988513872,-7.03443582703953,24,24
287,0.5,two_day,alt,0.08058388322335533,-5.670730059166875,-7.03443582703953,24,24
287,0.5,two_day,sharp,0.6464707058588283,1.0067856278535556,-7.03443582703953,24,24
287,0.5,two_day,weak,0.8234353129374126,0.5722864056149438,-7.03443582703953,24,24
287,0.5,two_day,weak_skew,0.6722655468906219,1.1308970263304579,-7.03443582703953,24,24
287,0.5,four_day,alt,0.1572265625,-5.708128214465273,-7.03443582703953,12,24
287,0.5,four_day,sharp,0.658203125,1.531481744929107,-7.03443582703953,12,24
287,0.5,four_day,weak,0.3955078125,3.137465301738507,-7.03443582703953,12,24
287,0.5,four_day,weak_skew,0.59326171875,2.4476195876023272,-7.03443582703953,12,24
288,0.5,daily,alt,0.7690461907618477,-1.3063136677857605,-5.954430274348681,24,24
288,0.5,daily,sharp,0.7746450709858028,0.44104354903274334,-5.954430274348681,24,24
288,0.5,daily,weak,0.55248950209958,1.29164951478424,-5.954430274348681,24,24
288,0.5,daily,weak_skew,0.5344931013797241,1.5695511657798713,-5.954430274348681,24,24
288,0.5,two_day,alt,0.10677864427114576,-6.40501989822662,-5.954430274348681,24,24
288,0.5,two_day,sharp,0.5388922215556888,-1.2727449724959412,-5.954430274348681,24,24
288,0.5,two_day,weak,0.6090781843631273,-1.3347020697604652,-5.954430274348681,24,24
288,0.5,two_day,weak_skew,0.8264347130573885,0.7603923963828828,-5.954430274348681,24,24
288,0.5,four_day,alt,0.15771484375,-7.678581768311086,-5.954430274348681,12,24
288,0.5,four_day,sharp,0.52685546875,-2.20425605547241,-5.954430274348681,12,24
288,0.5,four_day,weak,0.67529296875,1.480903388760953,-5.954430274348681,12,24
288,0.5,four_day,weak_skew,0.7451171875,-1.2180776977400403,-5.954430274348681,12,24
289,0.5,daily,alt,0.0001999600079984003,-13.510130788205187,-10.534070932864985,24,24
289,0.5,daily,sharp,0.5026994601079784,-1.4690543283296504,-10.534070932864985,24,24
289,0.5,daily,weak,0.26814637072585484,-3.1263513928851787,-10.534070932864985,24,24
289,0.5,daily,weak_skew,0.5162967406518696,-1.789040239539699,-10.534070932864985,24,24
289,0.5,two_day,alt,0.0005998800239952009,-12.815612792226771,-10.534070932864985,24,24
289,0.5,two_day,sharp,0.5100979804039192,-1.288202720897984,-10.534070932864985,24,24
289,0.5,two_day,weak,0.903619276144771,-0.3258056972787511,-10.534070932864985,24,24
289,0.5,two_day,weak_skew,0.6646670665866826,-1.062116339007235,-10.534070932864985,24,24
289,0.5,four_day,alt,0.0791015625,-7.821938055582604,-10.534070932864985,12,24
289,0.5,four_day,sharp,0.673828125,1.07663647721509,-10.534070932864985,12,24
289,0.5,four_day,weak,0.4150390625,-4.009465997161345,-10.534070932864985,12,24
289,0.5,four_day,weak_skew,0.9580078125,0.18439194947659962,-10.534070932864985,12,24
290,0.5,daily,alt,0.5144971005798841,-1.6220512117283896,-7.606441897866041,24,24
290,0.5,daily,sharp,0.14597080583883223,2.3005153174785993,-7.606441897866041,24,24
290,0.5,daily,weak,0.07898420315936813,3.2034414564482234,-7.606441897866041,24,24
290,0.5,daily,weak_skew,0.34253149370125974,1.8200674420124408,-7.606441897866041,24,24
290,0.5,two_day,alt,0.014797040591881624,-7.61369454060443,-7.606441897866041,24,24
290,0.5,two_day,sharp,0.5692861427714457,-1.2889432784128205,-7.606441897866041,24,24
290,0.5,two_day,weak,0.8176364727054589,-0.5880512251420837,-7.606441897866041,24,24
290,0.5,two_day,weak_skew,0.4469106178764247,-2.36847973406219,-7.606441897866041,24,24
290,0.5,four_day,alt,0.1181640625,-4.550634821624705,-7.606441897866041,12,24
290,0.5,four_day,sharp,0.7666015625,0.6235057274423674,-7.606441897866041,12,24
290,0.5,four_day,weak,0.80322265625,-1.145142540958192,-7.606441897866041,12,24
290,0.5,four_day,weak_skew,0.47412109375,-1.8560720393733974,-7.606441897866041,12,24
291,0.5,daily,alt,0.0001999600079984003,-7.960698331674199,-9.176159017721538,24,24
291,0.5,daily,sharp,0.47690461907618475,-1.2659502990598606,-9.176159017721538,24,24
291,0.5,daily,weak,0.8590281943611278,0.43316034794898517,-9.176159017721538,24,24
291,0.5,daily,weak_skew,0.5070985802839432,-1.3887231186014757,-9.176159017721538,24,24
291,0.5,two_day,alt,0.1889622075584883,-4.204695855802764,-9.176159017721538,24,24
291,0.5,two_day,sharp,0.13637272545490903,3.6910939057414365,-9.176159017721538,24,24
291,0.5,two_day,weak,0.33453309338132375,3.4422011805583295,-9.176159017721538,24,24
291,0.5,two_day,weak_skew,0.3395320935812837,2.590499195675103,-9.176159017721538,24,24
291,0.5,four_day,alt,0.0625,-7.483177054529702,-9.176159017721538,12,24
291,0.5,four_day,sharp,0.791015625,0.8116539093638414,-9.176159017721538,12,24
291,0.5,four_day,weak,0.521484375,-2.5925986661222837,-9.176159017721538,12,24
291,0.5,four_day,weak_skew,0.7978515625,1.666156152106544,-9.176159017721538,12,24
292,0.5,daily,alt,0.07858428314337132,-4.465461672883834,-7.613636649784318,24,24
292,0.5,daily,sharp,0.5146970605878824,1.229545389852854,-7.613636649784318,24,24
292,0.5,daily,weak,0.8652269546090782,0.3856718489704294,-7.613636649784318,24,24
292,0.5,daily,weak_skew,0.6062787442511498,1.0820595042076213,-7.613636649784318,24,24
292,0.5,two_day,alt,0.3187362527494501,-3.4334270771639814,-7.613636649784318,24,24
292,0.5,two_day,sharp,0.3171365726854629,2.570226012754036,-7.613636649784318,24,24
292,0.5,two_day,weak,0.36572685462907417,3.3656220780104,-7.613636649784318,24,24
292,0.5,two_day,weak_skew,0.6068786242751449,1.4004417766204258,-7.613636649784318,24,24
292,0.5,four_day,alt,0.00146484375,-11.171782846990858,-7.613636649784318,12,24
292,0.5,four_day,sharp,0.22802734375,-3.131357531438457,-7.613636649784318,12,24
292,0.5,four_day,weak,0.033203125,-5.64575013248979,-7.613636649784318,12,24
292,0.5,four_day,weak_skew,0.34814453125,-4.19902575989691,-7.613636649784318,12,24
293,0.5,daily,alt,0.09658068386322735,-5.532958525232778,-8.214533718944658,24,24
293,0.5,daily,sharp,0.6530693861227754,0.970373782468512,-8.214533718944658,24,24
293,0.5,daily,weak,0.6064787042591482,-1.226704915005958,-8.214533718944658,24,24
293,0.5,daily,weak_skew,0.40951809638072384,-1.8271303596032975,-8.214533718944658,24,24
293,0.5,two_day,alt,0.005398920215956809,-8.302687717574216,-8.214533718944658,24,24
293,0.5,two_day,sharp,0.46710657868426314,-1.2851465842608665,-8.214533718944658,24,24
293,0.5,two_day,weak,0.5536892621475705,-1.6393264369361387,-8.214533718944658,24,24
293,0.5,two_day,weak_skew,0.912617476504699,-0.2637475321837342,-8.214533718944658,24,24
293,0.5,four_day,alt,0.013671875,-10.072502329692979,-8.214533718944658,12,24
293,0.5,four_day,sharp,0.5693359375,-1.7711989615376862,-8.214533718944658,12,24
293,0.5,four_day,weak,0.8818359375,0.7248013082844308,-8.214533718944658,12,24
293,0.5,four_day,weak_skew,0.1455078125,-5.328798801894899,-8.214533718944658,12,24
294,0.5,daily,alt,0.0005998800239952009,-7.45583623094176,-8.542199488131907,24,24
294,0.5,daily,sharp,0.22655468906218756,-1.050959115349278,-8.542199488131907,24,24
294,0.5,daily,weak,0.11317736452709458,-3.279734835978877,-8.542199488131907,24,24
294,0.5,daily,weak_skew,0.7226554689062188,-0.46575238492847415,-8.542199488131907,24,24
294,0.5,two_day,alt,0.009998000399920015,-6.231484758509519,-8.542199488131907,24,24
294,0.5,two_day,sharp,0.20215956808638272,1.603548080283259,-8.542199488131907,24,24
294,0.5,two_day,weak,0.008798240351929614,5.427600613280713,-8.542199488131907,24,24
294,0.5,two_day,weak_skew,0.24875024995001,3.3701661682362976,-8.542199488131907,24,24
294,0.5,four_day,alt,0.0478515625,-5.7537490212132765,-8.542199488131907,12,24
294,0.5,four_day,sharp,0.5732421875,0.7103215408450995,-8.542199488131907,12,24
294,0.5,four_day,weak,0.017578125,5.397164924270354,-8.542199488131907,12,24
294,0.5,four_day,weak_skew,0.39501953125,-2.1150219108924113,-8.542199488131907,12,24
295,0.5,daily,alt,0.03459308138372325,-5.458397876335302,-6.607355206812251,24,24
295,0.5,daily,sharp,0.9172165566886623,0.13949494626109793,-6.607355206812251,24,24
295,0.5,daily,weak,0.5228954209158169,0.9236442726211956,-6.607355206812251,24,24
295,0.5,daily,weak_skew,0.9084183163367326,-0.22909076829732822,-6.607355206812251,24,24
295,0.5,two_day,alt,0.20875824835032994,-4.380529338815902,-6.607355206812251,24,24
295,0.5,two_day,sharp,0.5198960207958409,1.0506053382362284,-6.607355206812251,24,24
295,0.5,two_day,weak,0.5744851029794041,1.3395609094496377,-6.607355206812251,24,24
295,0.5,two_day,weak_skew,0.10517896420715857,2.812923388462732,-6.607355206812251,24,24
295,0.5,four_day,alt,0.6240234375,-2.2206414366290272,-6.607355206812251,12,24
295,0.5,four_day,sharp,0.41748046875,1.742577910604174,-6.607355206812251,12,24
295,0.5,four_day,weak,0.052734375,7.626692909570117,-6.607355206812251,12,24
295,0.5,four_day,weak_skew,0.49169921875,1.857289405987513,-6.607355206812251,12,24
296,0.5,daily,alt,0.379124175164967,3.217161091669654,-4.893103342163926,24,24
296,0.5,daily,sharp,0.007998400319936013,3.965024993722338,-4.893103342163926,24,24
296,0.5,daily,weak,0.12377524495100979,3.502772076860206,-4.893103342163926,24,24
296,0.5,daily,weak_skew,0.11277744451109778,3.3514205832504858,-4.893103342163926,24,24
296,0.5,two_day,alt,0.05398920215956809,-8.97391501136147,-4.893103342163926,24,24
296,0.5,two_day,sharp,0.16676664667066587,-3.7392303600223262,-4.893103342163926,24,24
296,0.5,two_day,weak,0.8014397120575885,0.745565741461375,-4.893103342163926,24,24
296,0.5,two_day,weak_skew,0.09018196360727855,-5.045697177052479,-4.893103342163926,24,24
296,0.5,four_day,alt,0.5673828125,-3.165510333100459,-4.893103342163926,12,24
296,0.5,four_day,sharp,0.53515625,2.0029678800748605,-4.893103342163926,12,24
296,0.5,four_day,weak,0.31103515625,4.410244083625163,-4.893103342163926,12,24
296,0.5,four_day,weak_skew,0.42529296875,4.127915296104281,-4.893103342163926,12,24
297,0.5,daily,alt,0.0007998400319936012,-5.871859253619164,-7.149700480667853,24,24
297,0.5,daily,sharp,0.35072985402919415,1.1303578777236971,-7.149700480667853,24,24
297,0.5,daily,weak,0.3323335332933413,-1.9351674460008212,-7.149700480667853,24,24
297,0.5,daily,weak_skew,0.6286742651469706,0.7271494426970563,-7.149700480667853,24,24
297,0.5,two_day,alt,0.15776844631073786,-3.492607212638917,-7.149700480667853,24,24
297,0.5,two_day,sharp,0.08038392321535692,3.5724737439880023,-7.149700480667853,24,24
297,0.5,two_day,weak,0.004799040191961607,8.056701015528128,-7.149700480667853,24,24
297,0.5,two_day,weak_skew,0.054989002199560086,4.87753269314002,-7.149700480667853,24,24
297,0.5,four_day,alt,0.1142578125,-7.532650347039708,-7.149700480667853,12,24
297,0.5,four_day,sharp,0.66796875,-1.252584042022186,-7.149700480667853,12,24
297,0.5,four_day,weak,0.6923828125,-1.262766399250042,-7.149700480667853,12,24
297,0.5,four_day,weak_skew,0.5537109375,-1.9027653005736382,-7.149700480667853,12,24
298,0.5,daily,alt,0.0595880823835233,-4.3915863302648,-5.578440643138109,24,24
298,0.5,daily,sharp,0.48630273945210956,-0.7789634488454723,-5.578440643138109,24,24
298,0.5,daily,weak,0.8750249950009998,-0.3152722097749754,-5.578440643138109,24,24
298,0.5,daily,weak_skew,0.9240151969606079,-0.2026426879794192,-5.578440643138109,24,24
298,0.5,two_day,alt,0.28834233153369326,-4.605219647929624,-5.578440643138109,24,24
298,0.5,two_day,sharp,0.39852029594081184,-1.368002159451162,-5.578440643138109,24,24
298,0.5,two_day,weak,0.14177164567086584,-3.0795795482832644,-5.578440643138109,24,24
298,0.5,two_day,weak_skew,0.16796640671865626,-2.9662965929866534,-5.578440643138109,24,24
298,0.5,four_day,alt,0.94091796875,0.3257514491463584,-5.578440643138109,12,24
298,0.5,four_day,sharp,0.07470703125,3.389461530341505,-5.578440643138109,12,24
298,0.5,four_day,weak,0.00390625,7.049823644284704,-5.578440643138109,12,24
298,0.5,four_day,weak_skew,0.17138671875,5.645008428905612,-5.578440643138109,12,24
299,0.5,daily,alt,0.0007998400319936012,-6.448126380811547,-11.064212293642619,24,24
299,0.5,daily,sharp,0.24495100979804038,1.8665036405098536,-11.064212293642619,24,24
299,0.5,daily,weak,0.1247750449910018,3.129049518072806,-11.064212293642619,24,24
299,0.5,daily,weak_skew,0.2545490901819636,2.922431500989013,-11.064212293642619,24,24
299,0.5,two_day,alt,0.003999200159968006,-6.77181662396191,-11.064212293642619,24,24
299,0.5,two_day,sharp,0.13737252549490103,3.1816338190145905,-11.064212293642619,24,24
299,0.5,two_day,weak,0.3065386922615477,2.5245627994503863,-11.064212293642619,24,24
299,0.5,two_day,weak_skew,0.39172165566886624,2.1702556931320984,-11.064212293642619,24,24
299,0.5,four_day,alt,0.10009765625,-7.937984260602067,-11.064212293642619,12,24
299,0.5,four_day,sharp,0.62841796875,1.7456787503769522,-11.064212293642619,12,24
299,0.5,four_day,weak,0.9541015625,0.31916323928791357,-11.064212293642619,12,24
299,0.5,four_day,weak_skew,0.95556640625,-0.24090351565327003,-11.064212293642619,12,24
