rep,c,design,scenario,p,est,truth,n_units,weeks
0,0.0,daily,alt,0.003999200159968006,-7.195538000801314,-9.095976955214688,12,12
0,0.0,daily,sharp,0.6920615876824635,0.6655628067368587,-9.095976955214688,12,12
0,0.0,daily,weak,0.4543091381723655,1.515879802346559,-9.095976955214688,12,12
0,0.0,daily,weak_skew,0.9572085582883423,0.1334834761396356,-9.095976955214688,12,12
0,0.0,two_day,alt,0.11279296875,-7.502872664016593,-9.095976955214688,12,12
0,0.0,two_day,sharp,0.42919921875,2.7117625591858108,-9.095976955214688,12,12
0,0.0,two_day,weak,0.40380859375,3.376921387387855,-9.095976955214688,12,12
0,0.0,two_day,weak_skew,0.67431640625,1.3223794041677313,-9.095976955214688,12,12
0,0.0,four_day,alt,0.09375,-10.691953733967111,-9.095976955214688,6,12
0,0.0,four_day,sharp,0.84375,-0.7219274202999735,-9.095976955214688,6,12
0,0.0,four_day,weak,0.59375,-1.939598662478068,-9.095976955214688,6,12
0,0.0,four_day,weak_skew,0.3125,-5.520672097256554,-9.095976955214688,6,12
1,0.0,daily,alt,0.021995600879824034,-9.24153427386781,-9.12935473580982,12,12
1,0.0,daily,sharp,0.8638272345530894,-0.49118460274849046,-9.12935473580982,12,12
1,0.0,daily,weak,0.6554689062187562,-1.6981282648362228,-9.12935473580982,12,12
1,0.0,daily,weak_skew,0.5438912217556489,-1.6883324365417647,-9.12935473580982,12,12
1,0.0,two_day,alt,0.0009765625,-9.408561813876464,-9.12935473580982,12,12
1,0.0,two_day,sharp,0.66845703125,0.9467301067034336,-9.12935473580982,12,12
1,0.0,two_day,weak,0.58056640625,1.7817334037058015,-9.12935473580982,12,12
1,0.0,two_day,weak_skew,0.30224609375,3.7792189754880656,-9.12935473580982,12,12
1,0.0,four_day,alt,0.53125,-3.458079055781802,-9.12935473580982,6,12
1,0.0,four_day,sharp,0.46875,3.1450669225312318,-9.12935473580982,6,12
1,0.0,four_day,weak,0.84375,-1.7981102547488976,-9.12935473580982,6,12
1,0.0,four_day,weak_skew,0.75,1.6685863062319062,-9.12935473580982,6,12
2,0.0,daily,alt,0.0011997600479904018,-9.595338214238838,-9.02876141016636,12,12
2,0.0,daily,sharp,0.5900819836032793,-0.8216628893168778,-9.02876141016636,12,12
2,0.0,daily,weak,0.3645270945810838,-2.178406393361618,-9.02876141016636,12,12
2,0.0,daily,weak_skew,0.6150769846030794,2.5335144604021074,-9.02876141016636,12,12
2,0.0,two_day,alt,0.00244140625,-10.672339596946257,-9.02876141016636,12,12
2,0.0,two_day,sharp,0.048828125,-3.924028216547804,-9.02876141016636,12,12
2,0.0,two_day,weak,0.025390625,-7.137993739242629,-9.02876141016636,12,12
2,0.0,two_day,weak_skew,0.0126953125,-7.306670890536412,-9.02876141016636,12,12
2,0.0,four_day,alt,0.1875,-7.5058761934098035,-9.02876141016636,6,12
2,0.0,four_day,sharp,0.53125,2.408837882780676,-9.02876141016636,6,12
2,0.0,four_day,weak,0.53125,2.5363088002237197,-9.02876141016636,6,12
2,0.0,four_day,weak_skew,0.9375,-0.3052151430192905,-9.02876141016636,6,12
3,0.0,daily,alt,0.7830433913217356,4.293872309790589,-3.8394697068832784,12,12
3,0.0,daily,sharp,0.6958608278344331,1.3060429394571837,-3.8394697068832784,12,12
3,0.0,daily,weak,0.32933413317336535,3.2218745079499627,-3.8394697068832784,12,12
3,0.0,daily,weak_skew,0.645870825834833,1.2925127761381094,-3.8394697068832784,12,12
3,0.0,two_day,alt,0.6904296875,-3.274043219228158,-3.8394697068832784,12,12
3,0.0,two_day,sharp,0.8427734375,-1.0008687719296152,-3.8394697068832784,12,12
3,0.0,two_day,weak,0.41259765625,-3.4777474278797196,-3.8394697068832784,12,12
3,0.0,two_day,weak_skew,0.6904296875,2.7301751622287305,-3.8394697068832784,12,12
3,0.0,four_day,alt,0.6875,-6.469565897016693,-3.8394697068832784,6,12
3,0.0,four_day,sharp,0.46875,-4.639510386218766,-3.8394697068832784,6,12
3,0.0,four_day,weak,0.5,-6.11427427213697,-3.8394697068832784,6,12
3,0.0,four_day,weak_skew,0.25,-8.36898972170053,-3.8394697068832784,6,12
4,0.0,daily,alt,0.0015996800639872025,-10.595630417710419,-10.027487917111742,12,12
4,0.0,daily,sharp,0.7414517096580684,-0.6431029540275771,-10.027487917111742,12,12
4,0.0,daily,weak,0.8934213157368527,0.2649964714115587,-10.027487917111742,12,12
4,0.0,daily,weak_skew,0.15076984603079385,-2.61242257913603,-10.027487917111742,12,12
4,0.0,two_day,alt,0.1552734375,-5.702403811493205,-10.027487917111742,12,12
4,0.0,two_day,sharp,0.1572265625,3.6125961616957984,-10.027487917111742,12,12
4,0.0,two_day,weak,0.3759765625,3.4509467132374088,-10.027487917111742,12,12
4,0.0,two_day,weak_skew,0.33203125,2.820165351691292,-10.027487917111742,12,12
4,0.0,four_day,alt,0.0625,-9.978959987457456,-10.027487917111742,6,12
4,0.0,four_day,sharp,0.90625,0.41716826056837775,-10.027487917111742,6,12
4,0.0,four_day,weak,0.71875,2.3582158560458617,-10.027487917111742,6,12
4,0.0,four_day,weak_skew,0.78125,-0.6473863697354064,-10.027487917111742,6,12
5,0.0,daily,alt,0.013797240551889621,-7.094811856424936,-9.644665604023587,12,12
5,0.0,daily,sharp,0.5176964607078585,1.0852370946364822,-9.644665604023587,12,12
5,0.0,daily,weak,0.20615876824635074,2.9455299083156246,-9.644665604023587,12,12
5,0.0,daily,weak_skew,0.7366526694661067,-0.8967464799807742,-9.644665604023587,12,12
5,0.0,two_day,alt,0.0029296875,-16.197966371534594,-9.644665604023587,12,12
5,0.0,two_day,sharp,0.03759765625,-6.029556078145116,-9.644665604023587,12,12
5,0.0,two_day,weak,0.1669921875,-7.2846731167320184,-9.644665604023587,12,12
5,0.0,two_day,weak_skew,0.00732421875,-9.176697978299211,-9.644665604023587,12,12
5,0.0,four_day,alt,0.1875,-6.545055047206983,-9.644665604023587,6,12
5,0.0,four_day,sharp,0.5625,2.1697807444813755,-9.644665604023587,6,12
5,0.0,four_day,weak,0.90625,-0.52069041127035,-9.644665604023587,6,12
5,0.0,four_day,weak_skew,0.03125,7.066452253838989,-9.644665604023587,6,12
6,0.0,daily,alt,0.0001999600079984003,-12.199092032017065,-9.833096200715751,12,12
6,0.0,daily,sharp,0.27114577084583086,-1.8801222760543037,-9.833096200715751,12,12
6,0.0,daily,weak,0.3037392521495701,-2.554298422312628,-9.833096200715751,12,12
6,0.0,daily,weak_skew,0.07318536292741452,-4.359650006196857,-9.833096200715751,12,12
6,0.0,two_day,alt,0.001953125,-10.489152567426318,-9.833096200715751,12,12
6,0.0,two_day,sharp,0.69580078125,0.8328983140402114,-9.833096200715751,12,12
6,0.0,two_day,weak,0.625,-1.912646149058233,-9.833096200715751,12,12
6,0.0,two_day,weak_skew,0.4326171875,-2.6052790651871227,-9.833096200715751,12,12
6,0.0,four_day,alt,0.03125,-7.627992763947709,-9.833096200715751,6,12
6,0.0,four_day,sharp,0.3125,1.8060643630149282,-9.833096200715751,6,12
6,0.0,four_day,weak,0.625,4.4925980190528305,-9.833096200715751,6,12
6,0.0,four_day,weak_skew,0.3125,3.795827088487569,-9.833096200715751,6,12
7,0.0,daily,alt,0.0005998800239952009,-9.189131517943496,-6.82565707703634,12,12
7,0.0,daily,sharp,0.22475504899020196,-1.5735935571891737,-6.82565707703634,12,12
7,0.0,daily,weak,0.4405118976204759,-1.692126416386025,-6.82565707703634,12,12
7,0.0,daily,weak_skew,0.022195560887822437,-4.226225100371024,-6.82565707703634,12,12
7,0.0,two_day,alt,0.001953125,-13.46360786371934,-6.82565707703634,12,12
7,0.0,two_day,sharp,0.1748046875,-5.2656336504163095,-6.82565707703634,12,12
7,0.0,two_day,weak,0.08837890625,-7.289486995328862,-6.82565707703634,12,12
7,0.0,two_day,weak_skew,0.21435546875,-6.2501788243608845,-6.82565707703634,12,12
7,0.0,four_day,alt,0.09375,-11.596935916527158,-6.82565707703634,6,12
7,0.0,four_day,sharp,0.21875,-5.201532534606264,-6.82565707703634,6,12
7,0.0,four_day,weak,0.5625,-3.3774486766861123,-6.82565707703634,6,12
7,0.0,four_day,weak_skew,0.03125,-10.811747373036425,-6.82565707703634,6,12
8,0.0,daily,alt,0.08778244351129774,-6.490150333060195,-9.3019500943997,12,12
8,0.0,daily,sharp,0.34133173365326935,2.321979456411775,-9.3019500943997,12,12
8,0.0,daily,weak,0.9206158768246351,-0.26674063867533704,-9.3019500943997,12,12
8,0.0,daily,weak_skew,0.4165166966606679,3.0613036988214177,-9.3019500943997,12,12
8,0.0,two_day,alt,0.962890625,0.22932499723010183,-9.3019500943997,12,12
8,0.0,two_day,sharp,0.0703125,5.972841934821756,-9.3019500943997,12,12
8,0.0,two_day,weak,0.04052734375,9.37958850803105,-9.3019500943997,12,12
8,0.0,two_day,weak_skew,0.1171875,6.0075776783102555,-9.3019500943997,12,12
8,0.0,four_day,alt,0.03125,-9.512190529668295,-9.3019500943997,6,12
8,0.0,four_day,sharp,1.0,-0.02839235124404027,-9.3019500943997,6,12
8,0.0,four_day,weak,0.4375,-3.465246238881921,-9.3019500943997,6,12
8,0.0,four_day,weak_skew,0.9375,-0.762050839299936,-9.3019500943997,6,12
9,0.0,daily,alt,0.08678264347130574,-7.206808769278368,-8.300213904177959,12,12
9,0.0,daily,sharp,0.6304739052189562,1.349469446249475,-8.300213904177959,12,12
9,0.0,daily,weak,0.495500899820036,2.4906135409988703,-8.300213904177959,12,12
9,0.0,daily,weak_skew,0.8048390321935612,0.8072807464616792,-8.300213904177959,12,12
9,0.0,two_day,alt,0.080078125,-8.642595329324154,-8.300213904177959,12,12
9,0.0,two_day,sharp,0.7333984375,-1.726855302289313,-8.300213904177959,12,12
9,0.0,two_day,weak,0.50830078125,-3.441394721641035,-8.300213904177959,12,12
9,0.0,two_day,weak_skew,0.9912109375,0.03247265122829054,-8.300213904177959,12,12
9,0.0,four_day,alt,0.28125,-8.180597296435584,-8.300213904177959,6,12
9,0.0,four_day,sharp,0.90625,-0.8894422130169618,-8.300213904177959,6,12
9,0.0,four_day,weak,0.96875,-0.13596611424807037,-8.300213904177959,6,12
9,0.0,four_day,weak_skew,0.78125,-2.2239692065917596,-8.300213904177959,6,12
10,0.0,daily,alt,0.0001999600079984003,-12.354700726217478,-9.17659251109015,12,12
10,0.0,daily,sharp,0.4321135772845431,-0.8972877998057894,-9.17659251109015,12,12
10,0.0,daily,weak,0.9516096780643871,0.1530389947271118,-9.17659251109015,12,12
10,0.0,daily,weak_skew,0.023595280943811237,-3.9690773070482646,-9.17659251109015,12,12
10,0.0,two_day,alt,0.80029296875,-1.8918782290733656,-9.17659251109015,12,12
10,0.0,two_day,sharp,0.35595703125,1.9299723030579727,-9.17659251109015,12,12
10,0.0,two_day,weak,0.84375,0.6422092390422242,-9.17659251109015,12,12
10,0.0,two_day,weak_skew,0.61328125,1.636952807138701,-9.17659251109015,12,12
10,0.0,four_day,alt,0.03125,-15.104732335805712,-9.17659251109015,6,12
10,0.0,four_day,sharp,0.28125,-2.336154751009694,-9.17659251109015,6,12
10,0.0,four_day,weak,0.15625,-7.2884912679675145,-9.17659251109015,6,12
10,0.0,four_day,weak_skew,0.6875,-1.1005112215292148,-9.17659251109015,6,12
11,0.0,daily,alt,0.14257148570285944,-5.024219341033123,-8.351987766238125,12,12
11,0.0,daily,sharp,0.5698860227954409,1.0537622062479108,-8.351987766238125,12,12
11,0.0,daily,weak,0.2571485702859428,2.8064809995186812,-8.351987766238125,12,12
11,0.0,daily,weak_skew,0.6190761847630474,1.1020214118791056,-8.351987766238125,12,12
11,0.0,two_day,alt,0.2626953125,-5.880276303586274,-8.351987766238125,12,12
11,0.0,two_day,sharp,0.92138671875,-0.29824218628917026,-8.351987766238125,12,12
11,0.0,two_day,weak,0.52197265625,2.9327045739387856,-8.351987766238125,12,12
11,0.0,two_day,weak_skew,0.400390625,-3.182195729806562,-8.351987766238125,12,12
11,0.0,four_day,alt,0.25,-7.1167645361218,-8.351987766238125,6,12
11,0.0,four_day,sharp,0.84375,0.8823726236095588,-8.351987766238125,6,12
11,0.0,four_day,weak,0.375,4.235119746425043,-8.351987766238125,6,12
11,0.0,four_day,weak_skew,0.78125,-1.2842603229894902,-8.351987766238125,6,12
12,0.0,daily,alt,0.15056988602279545,-6.858128750030051,-12.013862470773866,12,12
12,0.0,daily,sharp,0.17816436712657469,4.5381211011332665,-12.013862470773866,12,12
12,0.0,daily,weak,0.35752849430113975,3.882713676296311,-12.013862470773866,12,12
12,0.0,daily,weak_skew,0.32693461307738453,3.8680226137727662,-12.013862470773866,12,12
12,0.0,two_day,alt,0.19189453125,-7.380371823107143,-12.013862470773866,12,12
12,0.0,two_day,sharp,0.16455078125,5.018555137124209,-12.013862470773866,12,12
12,0.0,two_day,weak,0.42919921875,3.521046583733984,-12.013862470773866,12,12
12,0.0,two_day,weak_skew,0.0771484375,6.684361149093271,-12.013862470773866,12,12
12,0.0,four_day,alt,0.03125,-25.275427758379507,-12.013862470773866,6,12
12,0.0,four_day,sharp,0.125,-7.459247238055116,-12.013862470773866,6,12
12,0.0,four_day,weak,0.34375,-6.017712277155723,-12.013862470773866,6,12
12,0.0,four_day,weak_skew,0.5,-4.246449295660027,-12.013862470773866,6,12
13,0.0,daily,alt,0.029394121175764846,-15.242603466854524,-6.678347664208204,12,12
13,0.0,daily,sharp,0.35632873425314937,-6.630148043659361,-6.678347664208204,12,12
13,0.0,daily,weak,0.3793241351729654,-6.777718404307719,-6.678347664208204,12,12
13,0.0,daily,weak_skew,0.2953409318136373,-6.9127092975837146,-6.678347664208204,12,12
13,0.0,two_day,alt,0.8701171875,5.458868962115317,-6.678347664208204,12,12
13,0.0,two_day,sharp,0.12548828125,9.609416395362102,-6.678347664208204,12,12
13,0.0,two_day,weak,0.5380859375,6.457401182937175,-6.678347664208204,12,12
13,0.0,two_day,weak_skew,0.40869140625,6.749864713299897,-6.678347664208204,12,12
13,0.0,four_day,alt,0.0625,-8.570006760599027,-6.678347664208204,6,12
13,0.0,four_day,sharp,0.6875,0.8585072209444249,-6.678347664208204,6,12
13,0.0,four_day,weak,0.25,5.035529609349349,-6.678347664208204,6,12
13,0.0,four_day,weak_skew,0.96875,0.2505725221786754,-6.678347664208204,6,12
14,0.0,daily,alt,0.0001999600079984003,-13.464579996593395,-7.309291373915528,12,12
14,0.0,daily,sharp,0.03559288142371526,-5.136576561222237,-7.309291373915528,12,12
14,0.0,daily,weak,0.11137772445510898,-4.717983366951022,-7.309291373915528,12,12
14,0.0,daily,weak_skew,0.0611877624475105,-6.355459531170727,-7.309291373915528,12,12
14,0.0,two_day,alt,0.2353515625,-5.59436288404989,-7.309291373915528,12,12
14,0.0,two_day,sharp,0.46923828125,2.1434361225767424,-7.309291373915528,12,12
14,0.0,two_day,weak,0.70068359375,1.865995600759857,-7.309291373915528,12,12
14,0.0,two_day,weak_skew,0.28076171875,3.661572298039928,-7.309291373915528,12,12
14,0.0,four_day,alt,0.03125,-11.037103391092387,-7.309291373915528,6,12
14,0.0,four_day,sharp,0.34375,-3.6969264498388874,-7.309291373915528,6,12
14,0.0,four_day,weak,0.1875,-8.589329746571606,-7.309291373915528,6,12
14,0.0,four_day,weak_skew,0.34375,-4.101467819180928,-7.309291373915528,6,12
15,0.0,daily,alt,0.03259348130373925,-8.968818072001659,-9.07677033268736,12,12
15,0.0,daily,sharp,0.9060187962407519,-0.4223069164943241,-9.07677033268736,12,12
15,0.0,daily,weak,0.6872625474905019,-1.840435282609483,-9.07677033268736,12,12
15,0.0,daily,weak_skew,0.9748050389922016,0.12770266768979313,-9.07677033268736,12,12
15,0.0,two_day,alt,0.73876953125,-0.9572136435527762,-9.07677033268736,12,12
15,0.0,two_day,sharp,0.09912109375,5.469693777896524,-9.07677033268736,12,12
15,0.0,two_day,weak,0.1826171875,7.177670330426371,-9.07677033268736,12,12
15,0.0,two_day,weak_skew,0.369140625,3.7788714311733833,-9.07677033268736,12,12
15,0.0,four_day,alt,0.0625,-12.84864527686556,-9.07677033268736,6,12
15,0.0,four_day,sharp,0.3125,-2.521828962103361,-9.07677033268736,6,12
15,0.0,four_day,weak,0.5,-3.573663587250657,-9.07677033268736,6,12
15,0.0,four_day,weak_skew,0.375,-4.031989399189645,-9.07677033268736,6,12
16,0.0,daily,alt,0.001999600079984003,-9.69094144464659,-9.782484383584737,12,12
16,0.0,daily,sharp,0.9850029994001199,-0.02309858078605842,-9.782484383584737,12,12
16,0.0,daily,weak,0.3525294941011798,-2.148362598662594,-9.782484383584737,12,12
16,0.0,daily,weak_skew,0.48730253949210156,1.8604860033492638,-9.782484383584737,12,12
16,0.0,two_day,alt,0.17724609375,-6.502783024846956,-9.782484383584737,12,12
16,0.0,two_day,sharp,0.806640625,0.4592492316078947,-9.782484383584737,12,12
16,0.0,two_day,weak,0.361328125,2.622588608895741,-9.782484383584737,12,12
16,0.0,two_day,weak_skew,0.97802734375,0.07826319835365443,-9.782484383584737,12,12
16,0.0,four_day,alt,0.25,-7.16969654409736,-9.782484383584737,6,12
16,0.0,four_day,sharp,0.5,1.707720551093433,-9.782484383584737,6,12
16,0.0,four_day,weak,0.3125,5.760103743582355,-9.782484383584737,6,12
16,0.0,four_day,weak_skew,1.0,0.640683191475708,-9.782484383584737,6,12
17,0.0,daily,alt,0.28574285142971406,-4.394601195273033,-4.484664300139272,12,12
17,0.0,daily,sharp,0.36212757448510297,-2.180981502801408,-4.484664300139272,12,12
17,0.0,daily,weak,0.47290541891621674,-2.8810494710702748,-4.484664300139272,12,12
17,0.0,daily,weak_skew,0.0593881223755249,-5.076061322145089,-4.484664300139272,12,12
17,0.0,two_day,alt,0.5703125,-3.377722676743154,-4.484664300139272,12,12
17,0.0,two_day,sharp,0.9150390625,0.36840202910455666,-4.484664300139272,12,12
17,0.0,two_day,weak,0.80810546875,-1.0631678378694474,-4.484664300139272,12,12
17,0.0,two_day,weak_skew,0.9326171875,-0.4686823536272839,-4.484664300139272,12,12
17,0.0,four_day,alt,0.625,-2.620478165084665,-4.484664300139272,6,12
17,0.0,four_day,sharp,0.40625,3.762052891914667,-4.484664300139272,6,12
17,0.0,four_day,weak,0.25,-6.379019406843315,-4.484664300139272,6,12
17,0.0,four_day,weak_skew,0.09375,11.949262369803952,-4.484664300139272,6,12
18,0.0,daily,alt,0.0009998000399920016,-10.38626781330022,-6.363739658784276,12,12
18,0.0,daily,sharp,0.2959408118376325,-2.68155380948459,-6.363739658784276,12,12
18,0.0,daily,weak,0.21095780843831233,-3.967849040126088,-6.363739658784276,12,12
18,0.0,daily,weak_skew,0.5670865826834633,-1.5045510233939243,-6.363739658784276,12,12
18,0.0,two_day,alt,0.00537109375,-11.325454007295287,-6.363739658784276,12,12
18,0.0,two_day,sharp,0.24072265625,-1.845511887704328,-6.363739658784276,12,12
18,0.0,two_day,weak,0.78173828125,0.9999622575624331,-6.363739658784276,12,12
18,0.0,two_day,weak_skew,0.6142578125,-1.5152708061029372,-6.363739658784276,12,12
18,0.0,four_day,alt,0.03125,-14.06556176658851,-6.363739658784276,6,12
18,0.0,four_day,sharp,0.0625,-3.452649722426538,-6.363739658784276,6,12
18,0.0,four_day,weak,0.28125,-3.3280471947654795,-6.363739658784276,6,12
18,0.0,four_day,weak_skew,0.03125,-7.554858356463537,-6.363739658784276,6,12
19,0.0,daily,alt,0.07378524295140972,-6.086165403398802,-8.72806237966833,12,12
19,0.0,daily,sharp,0.3599280143971206,1.3458444212995488,-8.72806237966833,12,12
19,0.0,daily,weak,0.40311937612477505,1.6101860829994497,-8.72806237966833,12,12
19,0.0,daily,weak_skew,0.3679264147170566,2.7414814069175386,-8.72806237966833,12,12
19,0.0,two_day,alt,0.16357421875,-6.53873889590011,-8.72806237966833,12,12
19,0.0,two_day,sharp,0.43017578125,1.8103875187875509,-8.72806237966833,12,12
19,0.0,two_day,weak,0.0556640625,7.640600369815494,-8.72806237966833,12,12
19,0.0,two_day,weak_skew,0.78173828125,0.85903304072673,-8.72806237966833,12,12
19,0.0,four_day,alt,0.03125,-15.381202817247106,-8.72806237966833,6,12
19,0.0,four_day,sharp,0.15625,-3.304933159006842,-8.72806237966833,6,12
19,0.0,four_day,weak,0.5625,-4.07476257476291,-8.72806237966833,6,12
19,0.0,four_day,weak_skew,0.90625,-1.3030725049905396,-8.72806237966833,6,12
20,0.0,daily,alt,0.510497900419916,-4.42269792047498,-6.511673549489743,12,12
20,0.0,daily,sharp,0.19716056788642272,3.707321306389202,-6.511673549489743,12,12
20,0.0,daily,weak,0.8050389922015597,-0.874446221605495,-6.511673549489743,12,12
20,0.0,daily,weak_skew,0.5552889422115577,4.493286938331183,-6.511673549489743,12,12
20,0.0,two_day,alt,0.0439453125,-10.43354075865419,-6.511673549489743,12,12
20,0.0,two_day,sharp,0.41796875,-3.741740716822072,-6.511673549489743,12,12
20,0.0,two_day,weak,0.08837890625,-9.990980246558577,-6.511673549489743,12,12
20,0.0,two_day,weak_skew,0.47705078125,-3.5519421419912685,-6.511673549489743,12,12
20,0.0,four_day,alt,0.1875,-4.149371404478891,-6.511673549489743,6,12
20,0.0,four_day,sharp,0.53125,2.8909304241450733,-6.511673549489743,6,12
20,0.0,four_day,weak,0.59375,1.9912159163809828,-6.511673549489743,6,12
20,0.0,four_day,weak_skew,0.5625,4.302698311298127,-6.511673549489743,6,12
21,0.0,daily,alt,0.0005998800239952009,-9.66585032311331,-10.053635243094206,12,12
21,0.0,daily,sharp,0.9824035192961408,0.04740100057910782,-10.053635243094206,12,12
21,0.0,daily,weak,0.7824435112977405,-0.7112477229275781,-10.053635243094206,12,12
21,0.0,daily,weak_skew,0.6710657868426315,-1.3821389996611373,-10.053635243094206,12,12
21,0.0,two_day,alt,0.00146484375,-11.44688271326335,-10.053635243094206,12,12
21,0.0,two_day,sharp,0.74560546875,0.5270986698965962,-10.053635243094206,12,12
21,0.0,two_day,weak,0.35595703125,2.9981260216793277,-10.053635243094206,12,12
21,0.0,two_day,weak_skew,0.08544921875,-3.4215790801096535,-10.053635243094206,12,12
21,0.0,four_day,alt,0.09375,-12.560334214371013,-10.053635243094206,6,12
21,0.0,four_day,sharp,0.53125,-3.465243214287373,-10.053635243094206,6,12
21,0.0,four_day,weak,0.25,-7.223126660137287,-10.053635243094206,6,12
21,0.0,four_day,weak_skew,0.875,-0.5684585254960636,-10.053635243094206,6,12
22,0.0,daily,alt,0.0001999600079984003,-8.864041602998045,-7.61027125019811,12,12
22,0.0,daily,sharp,0.1833633273345331,-2.355156065700042,-7.61027125019811,12,12
22,0.0,daily,weak,0.4451109778044391,-2.196002331773064,-7.61027125019811,12,12
22,0.0,daily,weak_skew,0.13897220555888823,-2.487349435763195,-7.61027125019811,12,12
22,0.0,two_day,alt,0.21923828125,-6.524627008274446,-7.61027125019811,12,12
22,0.0,two_day,sharp,0.92236328125,0.27911937334322207,-7.61027125019811,12,12
22,0.0,two_day,weak,0.42822265625,3.197062646891764,-7.61027125019811,12,12
22,0.0,two_day,weak_skew,0.8349609375,-0.6484530232464595,-7.61027125019811,12,12
22,0.0,four_day,alt,0.125,-14.18152015391068,-7.61027125019811,6,12
22,0.0,four_day,sharp,0.4375,-4.273391314039966,-7.61027125019811,6,12
22,0.0,four_day,weak,0.71875,1.9736650449397466,-7.61027125019811,6,12
22,0.0,four_day,weak_skew,0.59375,-4.501066508464419,-7.61027125019811,6,12
23,0.0,daily,alt,0.041191761647670466,-8.61137193820868,-7.798491630229677,12,12
23,0.0,daily,sharp,0.8320335932813437,-0.7829136307276556,-7.798491630229677,12,12
23,0.0,daily,weak,0.8372325534893021,0.8349661398194014,-7.798491630229677,12,12
23,0.0,daily,weak_skew,0.8250349930013997,-0.9956024934213753,-7.798491630229677,12,12
23,0.0,two_day,alt,0.18896484375,-7.002565686781202,-7.798491630229677,12,12
23,0.0,two_day,sharp,0.5859375,2.1258430843500578,-7.798491630229677,12,12
23,0.0,two_day,weak,0.759765625,1.4306481628293575,-7.798491630229677,12,12
23,0.0,two_day,weak_skew,0.947265625,0.24078935768798773,-7.798491630229677,12,12
23,0.0,four_day,alt,0.03125,-16.343735018344912,-7.798491630229677,6,12
23,0.0,four_day,sharp,0.15625,-9.644846116546876,-7.798491630229677,6,12
23,0.0,four_day,weak,0.21875,-8.962228116610328,-7.798491630229677,6,12
23,0.0,four_day,weak_skew,0.15625,-12.024864188770431,-7.798491630229677,6,12
24,0.0,daily,alt,0.0001999600079984003,-14.938138013998886,-10.72490105899314,12,12
24,0.0,daily,sharp,0.09118176364727054,-4.682554388083622,-10.72490105899314,12,12
24,0.0,daily,weak,0.28174365126974604,-3.486194713184186,-10.72490105899314,12,12
24,0.0,daily,weak_skew,0.5464907018596281,-2.507978387095445,-10.72490105899314,12,12
24,0.0,two_day,alt,0.072265625,-10.121365294341961,-10.72490105899314,12,12
24,0.0,two_day,sharp,0.7041015625,1.1016427638763275,-10.72490105899314,12,12
24,0.0,two_day,weak,0.64599609375,1.5387016921235173,-10.72490105899314,12,12
24,0.0,two_day,weak_skew,0.626953125,1.7110524442029729,-10.72490105899314,12,12
24,0.0,four_day,alt,0.0625,-10.210298482556597,-10.72490105899314,6,12
24,0.0,four_day,sharp,0.71875,1.316003148188475,-10.72490105899314,6,12
24,0.0,four_day,weak,0.9375,1.7530266982652993,-10.72490105899314,6,12
24,0.0,four_day,weak_skew,0.53125,3.9771712873154,-10.72490105899314,6,12
25,0.0,daily,alt,0.0015996800639872025,-9.438980703554185,-7.864575587353478,12,12
25,0.0,daily,sharp,0.20635872825434912,-3.0223786607738767,-7.864575587353478,12,12
25,0.0,daily,weak,0.15216956608678264,-4.333947161788093,-7.864575587353478,12,12
25,0.0,daily,weak_skew,0.15356928614277143,-3.5853074368296607,-7.864575587353478,12,12
25,0.0,two_day,alt,0.1025390625,-7.74873953316017,-7.864575587353478,12,12
25,0.0,two_day,sharp,0.54931640625,2.1971944092492026,-7.864575587353478,12,12
25,0.0,two_day,weak,0.67724609375,-1.9230325614915624,-7.864575587353478,12,12
25,0.0,two_day,weak_skew,0.443359375,2.5111869648169756,-7.864575587353478,12,12
25,0.0,four_day,alt,0.09375,-9.26142679298289,-7.864575587353478,6,12
25,0.0,four_day,sharp,0.71875,-0.45952030161995455,-7.864575587353478,6,12
25,0.0,four_day,weak,0.40625,-3.8635919399011365,-7.864575587353478,6,12
25,0.0,four_day,weak_skew,0.625,2.6134323469876293,-7.864575587353478,6,12
26,0.0,daily,alt,0.0023995200959808036,-12.231295366900383,-9.522434790236225,12,12
26,0.0,daily,sharp,0.16776644671065788,-3.7300951352469514,-9.522434790236225,12,12
26,0.0,daily,weak,0.27634473105378926,-3.33179694984432,-9.522434790236225,12,12
26,0.0,daily,weak_skew,0.07558488302339532,-5.13670654692742,-9.522434790236225,12,12
26,0.0,two_day,alt,0.04150390625,-11.32365673571555,-9.522434790236225,12,12
26,0.0,two_day,sharp,0.38525390625,-2.9229474286600836,-9.522434790236225,12,12
26,0.0,two_day,weak,0.7578125,-1.272569773852292,-9.522434790236225,12,12
26,0.0,two_day,weak_skew,0.244140625,-4.4506648256686825,-9.522434790236225,12,12
26,0.0,four_day,alt,0.375,-7.115422257042265,-9.522434790236225,6,12
26,0.0,four_day,sharp,0.4375,3.7316232280121917,-9.522434790236225,6,12
26,0.0,four_day,weak,0.84375,1.192167931660497,-9.522434790236225,6,12
26,0.0,four_day,weak_skew,0.78125,1.0333620710805296,-9.522434790236225,6,12
27,0.0,daily,alt,0.03119376124775045,-6.391821719826776,-7.806348965142057,12,12
27,0.0,daily,sharp,0.861627674465107,-0.2153087228825298,-7.806348965142057,12,12
27,0.0,daily,weak,0.5810837832433513,-0.892418528674798,-7.806348965142057,12,12
27,0.0,daily,weak_skew,0.2659468106378724,-2.5323224478637303,-7.806348965142057,12,12
27,0.0,two_day,alt,0.13818359375,-6.593589995190068,-7.806348965142057,12,12
27,0.0,two_day,sharp,0.58203125,1.3715912985338743,-7.806348965142057,12,12
27,0.0,two_day,weak,0.8583984375,-0.6730633605396914,-7.806348965142057,12,12
27,0.0,two_day,weak_skew,0.42626953125,2.7739341897208667,-7.806348965142057,12,12
27,0.0,four_day,alt,0.03125,-13.920561802378762,-7.806348965142057,6,12
27,0.0,four_day,sharp,0.1875,-3.641037599849516,-7.806348965142057,6,12
27,0.0,four_day,weak,0.4375,2.8600331365610487,-7.806348965142057,6,12
27,0.0,four_day,weak_skew,0.90625,-0.5413377339677794,-7.806348965142057,6,12
28,0.0,daily,alt,0.003999200159968006,-7.612802894485576,-9.332348995338599,12,12
28,0.0,daily,sharp,0.44211157768446313,0.6806075066518021,-9.332348995338599,12,12
28,0.0,daily,weak,0.6404719056188762,-0.7328997690629091,-9.332348995338599,12,12
28,0.0,daily,weak_skew,0.4055188962207559,1.2797841529977803,-9.332348995338599,12,12
28,0.0,two_day,alt,0.02294921875,-8.316470940760917,-9.332348995338599,12,12
28,0.0,two_day,sharp,0.970703125,-0.07147176032436597,-9.332348995338599,12,12
28,0.0,two_day,weak,0.79052734375,-0.7329664343282628,-9.332348995338599,12,12
28,0.0,two_day,weak_skew,0.7763671875,-0.6723500998310973,-9.332348995338599,12,12
28,0.0,four_day,alt,0.28125,-5.776634903342067,-9.332348995338599,6,12
28,0.0,four_day,sharp,0.5625,1.833514299870328,-9.332348995338599,6,12
28,0.0,four_day,weak,0.875,0.5920718925767794,-9.332348995338599,6,12
28,0.0,four_day,weak_skew,0.75,3.7741652722112753,-9.332348995338599,6,12
29,0.0,daily,alt,0.5406918616276745,-2.5888378723006062,-3.5312424092496,12,12
29,0.0,daily,sharp,0.8986202759448111,0.4085895377003996,-3.5312424092496,12,12
29,0.0,daily,weak,0.8720255948810238,-0.6747466503526963,-3.5312424092496,12,12
29,0.0,daily,weak_skew,0.4957008598280344,1.5397871719337133,-3.5312424092496,12,12
29,0.0,two_day,alt,0.29052734375,-5.532500633703516,-3.5312424092496,12,12
29,0.0,two_day,sharp,0.9228515625,0.3390148393388775,-3.5312424092496,12,12
29,0.0,two_day,weak,0.740234375,-1.4724901578648601,-3.5312424092496,12,12
29,0.0,two_day,weak_skew,0.2958984375,5.381936522604055,-3.5312424092496,12,12
29,0.0,four_day,alt,0.125,-12.955608382023764,-3.5312424092496,6,12
29,0.0,four_day,sharp,0.15625,-6.639041568059823,-3.5312424092496,6,12
29,0.0,four_day,weak,0.65625,2.574532934777595,-3.5312424092496,6,12
29,0.0,four_day,weak_skew,0.0625,-12.727963935057753,-3.5312424092496,6,12
30,0.0,daily,alt,0.0011997600479904018,-11.708506652162583,-9.667220585904658,12,12
30,0.0,daily,sharp,0.6362727454509098,-1.6527152277982473,-9.667220585904658,12,12
30,0.0,daily,weak,0.34753049390121976,-4.222768699256348,-9.667220585904658,12,12
30,0.0,daily,weak_skew,0.4387122575484903,-3.5337929844933105,-9.667220585904658,12,12
30,0.0,two_day,alt,0.00048828125,-14.53097680572514,-9.667220585904658,12,12
30,0.0,two_day,sharp,0.294921875,-3.607120631154992,-9.667220585904658,12,12
30,0.0,two_day,weak,0.49951171875,-3.261343870039315,-9.667220585904658,12,12
30,0.0,two_day,weak_skew,0.20068359375,-5.7637172828984875,-9.667220585904658,12,12
30,0.0,four_day,alt,0.1875,-5.469828812914478,-9.667220585904658,6,12
30,0.0,four_day,sharp,0.71875,2.492163210992229,-9.667220585904658,6,12
30,0.0,four_day,weak,0.75,2.310410947098782,-9.667220585904658,6,12
30,0.0,four_day,weak_skew,0.90625,0.849244471365509,-9.667220585904658,6,12
31,0.0,daily,alt,0.0003999200159968006,-8.991571413939324,-6.7639285638373465,12,12
31,0.0,daily,sharp,0.6140771845630874,-0.7469169823322878,-6.7639285638373465,12,12
31,0.0,daily,weak,0.22455508898220355,-3.3730238776408754,-6.7639285638373465,12,12
31,0.0,daily,weak_skew,0.28394321135772843,3.8272348343422475,-6.7639285638373465,12,12
31,0.0,two_day,alt,0.40087890625,-4.006866233017808,-6.7639285638373465,12,12
31,0.0,two_day,sharp,0.56982421875,-0.794232829097823,-6.7639285638373465,12,12
31,0.0,two_day,weak,0.7568359375,-1.1885599115398378,-6.7639285638373465,12,12
31,0.0,two_day,weak_skew,0.521484375,-1.6937145436978653,-6.7639285638373465,12,12
31,0.0,four_day,alt,0.1875,-10.964394857585825,-6.7639285638373465,6,12
31,0.0,four_day,sharp,0.09375,-5.1780430957352985,-6.7639285638373465,6,12
31,0.0,four_day,weak,0.3125,-6.1492890960012945,-6.7639285638373465,6,12
31,0.0,four_day,weak_skew,0.9375,-0.3370678324307678,-6.7639285638373465,6,12
32,0.0,daily,alt,0.009198160367926415,-9.578090939147613,-8.648089889614774,12,12
32,0.0,daily,sharp,0.7044591081783643,-0.9032999629181114,-8.648089889614774,12,12
32,0.0,daily,weak,0.9314137172565486,-0.25735292945586014,-8.648089889614774,12,12
32,0.0,daily,weak_skew,0.8446310737852429,-0.5855027109791807,-8.648089889614774,12,12
32,0.0,two_day,alt,0.01611328125,-12.112146673458389,-8.648089889614774,12,12
32,0.0,two_day,sharp,0.5166015625,-2.0440463747680284,-8.648089889614774,12,12
32,0.0,two_day,weak,0.24267578125,-4.012658098999066,-8.648089889614774,12,12
32,0.0,two_day,weak_skew,0.39501953125,-2.9870447201478085,-8.648089889614774,12,12
32,0.0,four_day,alt,0.03125,-13.283550984986862,-8.648089889614774,6,12
32,0.0,four_day,sharp,0.25,-4.065446918060381,-8.648089889614774,6,12
32,0.0,four_day,weak,0.28125,-3.5711994037041457,-8.648089889614774,6,12
32,0.0,four_day,weak_skew,0.6875,-2.9157394657133593,-8.648089889614774,6,12
33,0.0,daily,alt,0.030393921215756847,-8.399247088731132,-8.714383196207493,12,12
33,0.0,daily,sharp,0.7232553489302139,0.9515025878519126,-8.714383196207493,12,12
33,0.0,daily,weak,0.27554489102179563,4.8285864488685535,-8.714383196207493,12,12
33,0.0,daily,weak_skew,0.9658068386322736,0.14786249326160514,-8.714383196207493,12,12
33,0.0,two_day,alt,0.0517578125,-9.03434699410815,-8.714383196207493,12,12
33,0.0,two_day,sharp,0.43408203125,-2.1450978785585826,-8.714383196207493,12,12
33,0.0,two_day,weak,0.09326171875,-6.222664106916841,-8.714383196207493,12,12
33,0.0,two_day,weak_skew,0.43115234375,-2.722447299077386,-8.714383196207493,12,12
33,0.0,four_day,alt,0.46875,-4.184865425005292,-8.714383196207493,6,12
33,0.0,four_day,sharp,0.40625,4.477720451291934,-8.714383196207493,6,12
33,0.0,four_day,weak,0.71875,2.851153584127504,-8.714383196207493,6,12
33,0.0,four_day,weak_skew,0.53125,3.1946543788675412,-8.714383196207493,6,12
34,0.0,daily,alt,0.0001999600079984003,-12.876591763993012,-10.17421552675502,12,12
34,0.0,daily,sharp,0.11777644471105779,-3.045953982383083,-10.17421552675502,12,12
34,0.0,daily,weak,0.021595680863827234,-6.548386743593483,-10.17421552675502,12,12
34,0.0,daily,weak_skew,0.04099180163967207,-4.514610865374035,-10.17421552675502,12,12
34,0.0,two_day,alt,0.00048828125,-14.738161998823879,-10.17421552675502,12,12
34,0.0,two_day,sharp,0.2314453125,-2.6991765861959016,-10.17421552675502,12,12
34,0.0,two_day,weak,0.75439453125,0.7962393952154111,-10.17421552675502,12,12
34,0.0,two_day,weak_skew,0.068359375,-5.498676131681684,-10.17421552675502,12,12
34,0.0,four_day,alt,0.09375,-10.314288947105188,-10.17421552675502,6,12
34,0.0,four_day,sharp,0.71875,0.9034004147792203,-10.17421552675502,6,12
34,0.0,four_day,weak,0.21875,-7.020306064829917,-10.17421552675502,6,12
34,0.0,four_day,weak_skew,0.90625,0.4734615430952118,-10.17421552675502,6,12
35,0.0,daily,alt,0.46370725854829037,-4.290370532836341,-7.011011565680661,12,12
35,0.0,daily,sharp,0.5982803439312138,1.5056562436713723,-7.011011565680661,12,12
35,0.0,daily,weak,0.5496900619876025,2.1128229012989217,-7.011011565680661,12,12
35,0.0,daily,weak_skew,0.5746850629874025,1.6730602849658929,-7.011011565680661,12,12
35,0.0,two_day,alt,0.00146484375,-13.612469022694626,-7.011011565680661,12,12
35,0.0,two_day,sharp,0.0732421875,-6.167272431247448,-7.011011565680661,12,12
35,0.0,two_day,weak,0.0185546875,-11.228649777918122,-7.011011565680661,12,12
35,0.0,two_day,weak_skew,0.01513671875,-8.486759176465208,-7.011011565680661,12,12
35,0.0,four_day,alt,0.09375,-9.079036399591459,-7.011011565680661,6,12
35,0.0,four_day,sharp,0.1875,-1.7629391509836811,-7.011011565680661,6,12
35,0.0,four_day,weak,0.625,-3.08287279545087,-7.011011565680661,6,12
35,0.0,four_day,weak_skew,0.15625,-4.239811317518098,-7.011011565680661,6,12
36,0.0,daily,alt,0.3835232953409318,-5.198451185209355,-8.807992280908607,12,12
36,0.0,daily,sharp,0.652869426114777,0.9579991208199937,-8.807992280908607,12,12
36,0.0,daily,weak,0.34393121375724856,2.827447753945981,-8.807992280908607,12,12
36,0.0,daily,weak_skew,0.6470705858828234,1.3546240549147797,-8.807992280908607,12,12
36,0.0,two_day,alt,0.02783203125,-12.794705695802636,-8.807992280908607,12,12
36,0.0,two_day,sharp,0.4140625,-2.629093838114074,-8.807992280908607,12,12
36,0.0,two_day,weak,0.54296875,-3.1210524071025083,-8.807992280908607,12,12
36,0.0,two_day,weak_skew,0.5498046875,-2.3147801220866953,-8.807992280908607,12,12
36,0.0,four_day,alt,0.0625,-10.140704597142816,-8.807992280908607,6,12
36,0.0,four_day,sharp,0.90625,-0.5162275793780466,-8.807992280908607,6,12
36,0.0,four_day,weak,0.65625,2.671076147769552,-8.807992280908607,6,12
36,0.0,four_day,weak_skew,0.875,-0.43866231049140697,-8.807992280908607,6,12
37,0.0,daily,alt,0.0001999600079984003,-11.68018147450546,-8.830820605894218,12,12
37,0.0,daily,sharp,0.504499100179964,-0.9127455341931293,-8.830820605894218,12,12
37,0.0,daily,weak,0.4809038192361528,1.1583866607869122,-8.830820605894218,12,12
37,0.0,daily,weak_skew,0.5012997400519896,-1.724472705176695,-8.830820605894218,12,12
37,0.0,two_day,alt,0.00732421875,-10.553138935711466,-8.830820605894218,12,12
37,0.0,two_day,sharp,0.92919921875,-0.28919017740337044,-8.830820605894218,12,12
37,0.0,two_day,weak,0.26513671875,-4.351347823253853,-8.830820605894218,12,12
37,0.0,two_day,weak_skew,0.3134765625,3.7799404423665277,-8.830820605894218,12,12
37,0.0,four_day,alt,0.125,-5.920926344951166,-8.830820605894218,6,12
37,0.0,four_day,sharp,0.34375,3.9938267348691205,-8.830820605894218,6,12
37,0.0,four_day,weak,0.75,1.8098786015527832,-8.830820605894218,6,12
37,0.0,four_day,weak_skew,1.0,-0.15303609467823284,-8.830820605894218,6,12
38,0.0,daily,alt,0.014997000599880024,-5.0694278192036855,-6.715455813680677,12,12
38,0.0,daily,sharp,0.17096580683863227,1.8201056911580278,-6.715455813680677,12,12
38,0.0,daily,weak,0.17036592681463708,3.2721566599206278,-6.715455813680677,12,12
38,0.0,daily,weak_skew,0.06938612277544491,3.5644904158382595,-6.715455813680677,12,12
38,0.0,two_day,alt,0.0615234375,-6.537546443850405,-6.715455813680677,12,12
38,0.0,two_day,sharp,0.60986328125,1.178607761359115,-6.715455813680677,12,12
38,0.0,two_day,weak,0.2470703125,3.899431211374814,-6.715455813680677,12,12
38,0.0,two_day,weak_skew,0.43310546875,3.6920903011813793,-6.715455813680677,12,12
38,0.0,four_day,alt,0.15625,-6.042867748434952,-6.715455813680677,6,12
38,0.0,four_day,sharp,0.78125,1.3220108693246786,-6.715455813680677,6,12
38,0.0,four_day,weak,0.28125,3.4083989595569704,-6.715455813680677,6,12
38,0.0,four_day,weak_skew,0.75,1.3803911898797796,-6.715455813680677,6,12
39,0.0,daily,alt,0.0005998800239952009,-10.34052466372039,-7.793428583280672,12,12
39,0.0,daily,sharp,0.04939012197560488,-2.2294799113247397,-7.793428583280672,12,12
39,0.0,daily,weak,0.3587282543491302,-2.7652267881060735,-7.793428583280672,12,12
39,0.0,daily,weak_skew,0.118376324735053,-2.855986698266664,-7.793428583280672,12,12
39,0.0,two_day,alt,0.12548828125,-4.820079740563809,-7.793428583280672,12,12
39,0.0,two_day,sharp,0.2939453125,2.7689529870056653,-7.793428583280672,12,12
39,0.0,two_day,weak,0.27490234375,3.61894346061845,-7.793428583280672,12,12
39,0.0,two_day,weak_skew,0.93603515625,-0.23157943054594496,-7.793428583280672,12,12
39,0.0,four_day,alt,0.0625,-11.520495285578932,-7.793428583280672,6,12
39,0.0,four_day,sharp,0.59375,-1.2705737625019964,-7.793428583280672,6,12
39,0.0,four_day,weak,0.8125,-1.1209724921072446,-7.793428583280672,6,12
39,0.0,four_day,weak_skew,0.03125,-6.80751080294592,-7.793428583280672,6,12
40,0.0,daily,alt,0.004199160167966407,-8.888028153944203,-8.580895399016157,12,12
40,0.0,daily,sharp,0.2689462107578484,-1.942163238845355,-8.580895399016157,12,12
40,0.0,daily,weak,0.22495500899820037,-3.417635324014494,-8.580895399016157,12,12
40,0.0,daily,weak_skew,0.1331733653269346,-3.8086623163838547,-8.580895399016157,12,12
40,0.0,two_day,alt,0.42578125,-3.384187242223001,-8.580895399016157,12,12
40,0.0,two_day,sharp,0.466796875,1.4929202842097287,-8.580895399016157,12,12
40,0.0,two_day,weak,0.8291015625,-0.9573040000370122,-8.580895399016157,12,12
40,0.0,two_day,weak_skew,0.4306640625,1.9334507818816096,-8.580895399016157,12,12
40,0.0,four_day,alt,0.03125,-9.921454695571766,-8.580895399016157,6,12
40,0.0,four_day,sharp,0.59375,-0.6750744023439511,-8.580895399016157,6,12
40,0.0,four_day,weak,0.8125,-0.611650619958688,-8.580895399016157,6,12
40,0.0,four_day,weak_skew,0.40625,-1.4470861175364742,-8.580895399016157,6,12
41,0.0,daily,alt,0.0007998400319936012,-11.817313671622438,-9.448071562876798,12,12
41,0.0,daily,sharp,0.21255748850229955,-2.354668498653325,-9.448071562876798,12,12
41,0.0,daily,weak,0.015996800639872025,-6.351417445529225,-9.448071562876798,12,12
41,0.0,daily,weak_skew,0.29574085182963405,-2.3835441034669,-9.448071562876798,12,12
41,0.0,two_day,alt,0.07763671875,-7.655467833575003,-9.448071562876798,12,12
41,0.0,two_day,sharp,0.71826171875,1.2644839980598246,-9.448071562876798,12,12
41,0.0,two_day,weak,0.1318359375,5.3946953460447284,-9.448071562876798,12,12
41,0.0,two_day,weak_skew,0.8115234375,0.989537387306258,-9.448071562876798,12,12
41,0.0,four_day,alt,0.1875,-10.978362838500308,-9.448071562876798,6,12
41,0.0,four_day,sharp,0.71875,-2.1349351393420286,-9.448071562876798,6,12
41,0.0,four_day,weak,0.84375,-0.8395999057980248,-9.448071562876798,6,12
41,0.0,four_day,weak_skew,0.96875,-0.3756616255061805,-9.448071562876798,6,12
42,0.0,daily,alt,0.0001999600079984003,-16.686284322763758,-9.740950065329777,12,12
42,0.0,daily,sharp,0.08078384323135374,-3.902228175383915,-9.740950065329777,12,12
42,0.0,daily,weak,0.03539292141571686,-4.154204743932882,-9.740950065329777,12,12
42,0.0,daily,weak_skew,0.2653469306138772,-3.073896062292192,-9.740950065329777,12,12
42,0.0,two_day,alt,0.001953125,-12.704731978722805,-9.740950065329777,12,12
42,0.0,two_day,sharp,0.232421875,-1.3635345083278783,-9.740950065329777,12,12
42,0.0,two_day,weak,0.103515625,-5.008786047126766,-9.740950065329777,12,12
42,0.0,two_day,weak_skew,0.31494140625,-2.598906171055376,-9.740950065329777,12,12
42,0.0,four_day,alt,0.0625,-7.9253657762236704,-9.740950065329777,6,12
42,0.0,four_day,sharp,0.28125,2.0156851815964223,-9.740950065329777,6,12
42,0.0,four_day,weak,0.5,1.9969367868015564,-9.740950065329777,6,12
42,0.0,four_day,weak_skew,0.1875,4.4428014960421045,-9.740950065329777,6,12
43,0.0,daily,alt,0.01739652069586083,-7.451598491561366,-7.454458472986595,12,12
43,0.0,daily,sharp,0.992001599680064,0.01975283033792863,-7.454458472986595,12,12
43,0.0,daily,weak,0.968006398720256,0.09522893934536232,-7.454458472986595,12,12
43,0.0,daily,weak_skew,0.4471105778844231,-1.8877701283423771,-7.454458472986595,12,12
43,0.0,two_day,alt,0.8642578125,-0.6396065510065222,-7.454458472986595,12,12
43,0.0,two_day,sharp,0.21923828125,2.616834043390364,-7.454458472986595,12,12
43,0.0,two_day,weak,0.4833984375,3.2830049270291695,-7.454458472986595,12,12
43,0.0,two_day,weak_skew,0.3017578125,4.25404319494855,-7.454458472986595,12,12
43,0.0,four_day,alt,0.09375,-7.879906726451792,-7.454458472986595,6,12
43,0.0,four_day,sharp,0.96875,-0.11587871828203451,-7.454458472986595,6,12
43,0.0,four_day,weak,0.59375,-3.8056157953538245,-7.454458472986595,6,12
43,0.0,four_day,weak_skew,0.84375,-0.5447369349629234,-7.454458472986595,6,12
44,0.0,daily,alt,0.2529494101179764,-3.662469517136303,-6.384191373756373,12,12
44,0.0,daily,sharp,0.7934413117376524,0.5391628265525655,-6.384191373756373,12,12
44,0.0,daily,weak,0.11737652469506099,4.583641809340758,-6.384191373756373,12,12
44,0.0,daily,weak_skew,0.45030993801239755,2.1305868460971635,-6.384191373756373,12,12
44,0.0,two_day,alt,0.82666015625,0.9633474454771728,-6.384191373756373,12,12
44,0.0,two_day,sharp,0.11328125,5.285104184547292,-6.384191373756373,12,12
44,0.0,two_day,weak,0.27490234375,4.310106224737608,-6.384191373756373,12,12
44,0.0,two_day,weak_skew,0.34228515625,6.721472551899898,-6.384191373756373,12,12
44,0.0,four_day,alt,0.25,-8.994987661073358,-6.384191373756373,6,12
44,0.0,four_day,sharp,0.5625,-1.8681897899041406,-6.384191373756373,6,12
44,0.0,four_day,weak,0.75,-2.227333303703342,-6.384191373756373,6,12
44,0.0,four_day,weak_skew,1.0,-1.3814200258265465,-6.384191373756373,6,12
45,0.0,daily,alt,0.0005998800239952009,-11.588685694012481,-11.633465715764714,12,12
45,0.0,daily,sharp,0.7454509098180364,0.6127027381098044,-11.633465715764714,12,12
45,0.0,daily,weak,0.8060387922415517,-0.7944154963937388,-11.633465715764714,12,12
45,0.0,daily,weak_skew,0.6334733053389322,1.142977015657495,-11.633465715764714,12,12
45,0.0,two_day,alt,0.00439453125,-12.56327457495451,-11.633465715764714,12,12
45,0.0,two_day,sharp,0.1484375,-3.4922924367224013,-11.633465715764714,12,12
45,0.0,two_day,weak,0.6826171875,1.4253435503263094,-11.633465715764714,12,12
45,0.0,two_day,weak_skew,0.20458984375,-3.976101487586122,-11.633465715764714,12,12
45,0.0,four_day,alt,0.84375,0.7186552757071448,-11.633465715764714,6,12
45,0.0,four_day,sharp,0.0625,9.716983079911811,-11.633465715764714,6,12
45,0.0,four_day,weak,0.3125,5.393001966060267,-11.633465715764714,6,12
45,0.0,four_day,weak_skew,0.1875,12.768861734418886,-11.633465715764714,6,12
46,0.0,daily,alt,0.0007998400319936012,-11.51493401090849,-7.79716437088878,12,12
46,0.0,daily,sharp,0.10677864427114576,-2.9299793560577876,-7.79716437088878,12,12
46,0.0,daily,weak,0.130373925214957,-4.294284308681386,-7.79716437088878,12,12
46,0.0,daily,weak_skew,0.03219356128774245,-4.496280897020665,-7.79716437088878,12,12
46,0.0,two_day,alt,0.14404296875,-7.343931959146062,-7.79716437088878,12,12
46,0.0,two_day,sharp,0.89599609375,0.538383655924387,-7.79716437088878,12,12
46,0.0,two_day,weak,0.40966796875,3.107885619233903,-7.79716437088878,12,12
46,0.0,two_day,weak_skew,0.96923828125,-0.17432939092808,-7.79716437088878,12,12
46,0.0,four_day,alt,0.21875,-7.029371148416715,-7.79716437088878,6,12
46,0.0,four_day,sharp,0.75,2.9029239360720815,-7.79716437088878,6,12
46,0.0,four_day,weak,0.875,1.9846326210670295,-7.79716437088878,6,12
46,0.0,four_day,weak_skew,0.96875,-0.43235128042483,-7.79716437088878,6,12
47,0.0,daily,alt,0.0027994401119776045,-8.47829649051342,-10.070489162794743,12,12
47,0.0,daily,sharp,0.3307338532293541,1.0995199531847455,-10.070489162794743,12,12
47,0.0,daily,weak,0.3137372525494901,2.6034043532355824,-10.070489162794743,12,12
47,0.0,daily,weak_skew,0.41371725654869024,2.49868216384136,-10.070489162794743,12,12
47,0.0,two_day,alt,0.07275390625,-6.783825495483434,-10.070489162794743,12,12
47,0.0,two_day,sharp,0.4423828125,1.0775749779334347,-10.070489162794743,12,12
47,0.0,two_day,weak,0.26220703125,4.512365262256879,-10.070489162794743,12,12
47,0.0,two_day,weak_skew,0.52734375,1.9426667512712446,-10.070489162794743,12,12
47,0.0,four_day,alt,0.1875,-6.9228817075901565,-10.070489162794743,6,12
47,0.0,four_day,sharp,0.5,1.5228330980590126,-10.070489162794743,6,12
47,0.0,four_day,weak,0.625,2.271561808470762,-10.070489162794743,6,12
47,0.0,four_day,weak_skew,0.84375,-0.9184392925267607,-10.070489162794743,6,12
48,0.0,daily,alt,0.060387922415516895,-4.288155544520271,-7.477299938053598,12,12
48,0.0,daily,sharp,0.039192161567686463,4.438641252363323,-7.477299938053598,12,12
48,0.0,daily,weak,0.11817636472705459,5.876262231458856,-7.477299938053598,12,12
48,0.0,daily,weak_skew,0.20095980803839233,4.157031348828422,-7.477299938053598,12,12
48,0.0,two_day,alt,0.10693359375,-5.956171315089459,-7.477299938053598,12,12
48,0.0,two_day,sharp,0.4521484375,2.1653227459431523,-7.477299938053598,12,12
48,0.0,two_day,weak,0.572265625,2.4292048953388687,-7.477299938053598,12,12
48,0.0,two_day,weak_skew,0.80615234375,0.7530737664046919,-7.477299938053598,12,12
48,0.0,four_day,alt,0.03125,-6.930615698581256,-7.477299938053598,6,12
48,0.0,four_day,sharp,0.3125,2.2946183791564594,-7.477299938053598,6,12
48,0.0,four_day,weak,0.65625,3.2503485800249954,-7.477299938053598,6,12
48,0.0,four_day,weak_skew,0.84375,1.1126780185664866,-7.477299938053598,6,12
49,0.0,daily,alt,0.003199360127974405,-8.172198176676046,-7.8745871245807635,12,12
49,0.0,daily,sharp,0.9542091581683664,-0.14759650968743424,-7.8745871245807635,12,12
49,0.0,daily,weak,0.6314737052589482,1.3245239384822955,-7.8745871245807635,12,12
49,0.0,daily,weak_skew,0.6992601479704059,1.3188890726411213,-7.8745871245807635,12,12
49,0.0,two_day,alt,0.0439453125,-7.683158494488744,-7.8745871245807635,12,12
49,0.0,two_day,sharp,0.94384765625,0.24684659811668533,-7.8745871245807635,12,12
49,0.0,two_day,weak,0.8515625,-0.8237209703327952,-7.8745871245807635,12,12
49,0.0,two_day,weak_skew,0.638671875,1.6901487099476817,-7.8745871245807635,12,12
49,0.0,four_day,alt,0.1875,-6.004705552255565,-7.8745871245807635,6,12
49,0.0,four_day,sharp,1.0,0.15209128225544552,-7.8745871245807635,6,12
49,0.0,four_day,weak,0.1875,-6.259741085396111,-7.8745871245807635,6,12
49,0.0,four_day,weak_skew,0.53125,3.046948685262256,-7.8745871245807635,6,12
50,0.0,daily,alt,0.11577684463107378,-5.383940542249086,-9.419375665277386,12,12
50,0.0,daily,sharp,0.14137172565486902,3.670757049851393,-9.419375665277386,12,12
50,0.0,daily,weak,0.16696660667866425,4.4706538524515125,-9.419375665277386,12,12
50,0.0,daily,weak_skew,0.05378924215156969,3.905940802359367,-9.419375665277386,12,12
50,0.0,two_day,alt,0.01171875,-12.21859730793762,-9.419375665277386,12,12
50,0.0,two_day,sharp,0.724609375,-1.1518068303848181,-9.419375665277386,12,12
50,0.0,two_day,weak,0.71435546875,1.723838501598595,-9.419375665277386,12,12
50,0.0,two_day,weak_skew,0.4736328125,-3.490767742154325,-9.419375665277386,12,12
50,0.0,four_day,alt,0.09375,-10.779066966248543,-9.419375665277386,6,12
50,0.0,four_day,sharp,0.71875,-1.3649023620436083,-9.419375665277386,6,12
50,0.0,four_day,weak,0.71875,1.3990904220256273,-9.419375665277386,6,12
50,0.0,four_day,weak_skew,0.25,-5.8317161941687266,-9.419375665277386,6,12
51,0.0,daily,alt,0.7326534693061387,-1.9500101018036002,-4.354832082942124,12,12
51,0.0,daily,sharp,0.2663467306538692,1.7087328463998517,-4.354832082942124,12,12
51,0.0,daily,weak,0.12337532493501299,2.7980947013596293,-4.354832082942124,12,12
51,0.0,daily,weak_skew,0.08578284343131373,4.765983331885271,-4.354832082942124,12,12
51,0.0,two_day,alt,0.9365234375,0.553470661523877,-4.354832082942124,12,12
51,0.0,two_day,sharp,0.39794921875,2.003766601009305,-4.354832082942124,12,12
51,0.0,two_day,weak,0.7001953125,1.9213516520523364,-4.354832082942124,12,12
51,0.0,two_day,weak_skew,0.91552734375,0.2857181525413169,-4.354832082942124,12,12
51,0.0,four_day,alt,0.90625,-1.1416497389457032,-4.354832082942124,6,12
51,0.0,four_day,sharp,0.53125,1.8418901289678153,-4.354832082942124,6,12
51,0.0,four_day,weak,0.3125,4.509069424377326,-4.354832082942124,6,12
51,0.0,four_day,weak_skew,0.25,6.155035184247765,-4.354832082942124,6,12
52,0.0,daily,alt,0.004999000199960008,-11.639084643793185,-10.684168162679292,12,12
52,0.0,daily,sharp,0.7576484703059388,-0.7070546328229241,-10.684168162679292,12,12
52,0.0,daily,weak,0.5366926614677064,-1.8212986431200708,-10.684168162679292,12,12
52,0.0,daily,weak_skew,0.9566086782643471,0.1671820083065724,-10.684168162679292,12,12
52,0.0,two_day,alt,0.01025390625,-14.799081476272578,-10.684168162679292,12,12
52,0.0,two_day,sharp,0.36328125,-4.062291769177187,-10.684168162679292,12,12
52,0.0,two_day,weak,0.9228515625,-0.3823221889978754,-10.684168162679292,12,12
52,0.0,two_day,weak_skew,0.0107421875,-9.577090207051603,-10.684168162679292,12,12
52,0.0,four_day,alt,0.15625,-8.686032217052679,-10.684168162679292,6,12
52,0.0,four_day,sharp,0.46875,2.6691515704962057,-10.684168162679292,6,12
52,0.0,four_day,weak,0.1875,6.4535400829162155,-10.684168162679292,6,12
52,0.0,four_day,weak_skew,0.75,1.1479898866493248,-10.684168162679292,6,12
53,0.0,daily,alt,0.0013997200559888023,-10.836509963374667,-9.183629359250418,12,12
53,0.0,daily,sharp,0.613877224555089,-0.9388821066042539,-9.183629359250418,12,12
53,0.0,daily,weak,0.7944411117776444,0.5909208962129924,-9.183629359250418,12,12
53,0.0,daily,weak_skew,0.3683263347330534,-2.490714621262749,-9.183629359250418,12,12
53,0.0,two_day,alt,0.21435546875,-6.052686143434602,-9.183629359250418,12,12
53,0.0,two_day,sharp,0.63037109375,1.638964558358192,-9.183629359250418,12,12
53,0.0,two_day,weak,0.169921875,6.827945020194214,-9.183629359250418,12,12
53,0.0,two_day,weak_skew,0.8935546875,0.5387131620592504,-9.183629359250418,12,12
53,0.0,four_day,alt,0.09375,-7.324021628400175,-9.183629359250418,6,12
53,0.0,four_day,sharp,0.375,2.881149677681004,-9.183629359250418,6,12
53,0.0,four_day,weak,0.96875,-0.30722186781078875,-9.183629359250418,6,12
53,0.0,four_day,weak_skew,0.21875,2.572186208461298,-9.183629359250418,6,12
54,0.0,daily,alt,0.08638272345530894,-8.1382702569976,-7.132933375976975,12,12
54,0.0,daily,sharp,0.9542091581683664,-0.18487352528295867,-7.132933375976975,12,12
54,0.0,daily,weak,0.8094381123775245,-0.8334585070746646,-7.132933375976975,12,12
54,0.0,daily,weak_skew,0.5016996600679864,-2.3623924041997135,-7.132933375976975,12,12
54,0.0,two_day,alt,0.02587890625,-7.7901246933482,-7.132933375976975,12,12
54,0.0,two_day,sharp,0.97021484375,0.11454988182108632,-7.132933375976975,12,12
54,0.0,two_day,weak,0.40380859375,-3.3279931635414126,-7.132933375976975,12,12
54,0.0,two_day,weak_skew,0.97900390625,-0.1092912428371881,-7.132933375976975,12,12
54,0.0,four_day,alt,0.625,-2.2898640920938624,-7.132933375976975,6,12
54,0.0,four_day,sharp,0.25,4.356519751649752,-7.132933375976975,6,12
54,0.0,four_day,weak,0.25,5.4711497914616345,-7.132933375976975,6,12
54,0.0,four_day,weak_skew,0.03125,8.668168696628571,-7.132933375976975,6,12
55,0.0,daily,alt,0.0007998400319936012,-9.42174425647134,-11.048601165833283,12,12
55,0.0,daily,sharp,0.6722655468906219,0.6187009273753716,-11.048601165833283,12,12
55,0.0,daily,weak,0.9924015196960608,-0.018807175346026977,-11.048601165833283,12,12
55,0.0,daily,weak_skew,0.09898020395920816,2.652372659296672,-11.048601165833283,12,12
55,0.0,two_day,alt,0.0009765625,-13.17037861627684,-11.048601165833283,12,12
55,0.0,two_day,sharp,0.82275390625,-0.4866679233275537,-11.048601165833283,12,12
55,0.0,two_day,weak,0.25146484375,3.874414788962047,-11.048601165833283,12,12
55,0.0,two_day,weak_skew,0.18994140625,-3.8226910393839564,-11.048601165833283,12,12
55,0.0,four_day,alt,0.03125,-15.792629704124352,-11.048601165833283,6,12
55,0.0,four_day,sharp,0.375,-4.5406834480119995,-11.048601165833283,6,12
55,0.0,four_day,weak,0.09375,5.991399258943384,-11.048601165833283,6,12
55,0.0,four_day,weak_skew,0.78125,-2.0087358039989334,-11.048601165833283,6,12
56,0.0,daily,alt,0.008798240351929614,-7.8828515426859935,-6.296832413635229,12,12
56,0.0,daily,sharp,0.9836032793441312,0.05227062241061494,-6.296832413635229,12,12
56,0.0,daily,weak,0.39112177564487105,1.9360739822850352,-6.296832413635229,12,12
56,0.0,daily,weak_skew,0.6292741451709658,-1.3980075501543923,-6.296832413635229,12,12
56,0.0,two_day,alt,0.83251953125,1.1081522586407047,-6.296832413635229,12,12
56,0.0,two_day,sharp,0.40576171875,4.272117972304365,-6.296832413635229,12,12
56,0.0,two_day,weak,0.01513671875,11.033679995877288,-6.296832413635229,12,12
56,0.0,two_day,weak_skew,0.35205078125,7.620738616781139,-6.296832413635229,12,12
56,0.0,four_day,alt,0.8125,-1.2901152010436086,-6.296832413635229,6,12
56,0.0,four_day,sharp,0.375,5.134881986635153,-6.296832413635229,6,12
56,0.0,four_day,weak,0.3125,5.85415839070652,-6.296832413635229,6,12
56,0.0,four_day,weak_skew,0.53125,9.79631865289069,-6.296832413635229,6,12
57,0.0,daily,alt,0.016196760647870425,-6.525579413546185,-11.094006546075065,12,12
57,0.0,daily,sharp,0.09158168366326734,2.253851808710651,-11.094006546075065,12,12
57,0.0,daily,weak,0.07438512297540492,4.355942517500298,-11.094006546075065,12,12
57,0.0,daily,weak_skew,0.3031393721255749,2.6293728610095184,-11.094006546075065,12,12
57,0.0,two_day,alt,0.0048828125,-11.190510968139511,-11.094006546075065,12,12
57,0.0,two_day,sharp,0.25927734375,-1.77263253155141,-11.094006546075065,12,12
57,0.0,two_day,weak,0.26416015625,-2.1263175196112503,-11.094006546075065,12,12
57,0.0,two_day,weak_skew,0.4677734375,2.4893439473444787,-11.094006546075065,12,12
57,0.0,four_day,alt,0.03125,-11.533166758223024,-11.094006546075065,6,12
57,0.0,four_day,sharp,0.1875,-1.3173902052877697,-11.094006546075065,6,12
57,0.0,four_day,weak,0.09375,-6.348107586930316,-11.094006546075065,6,12
57,0.0,four_day,weak_skew,0.21875,-2.7709818691258774,-11.094006546075065,6,12
58,0.0,daily,alt,0.0003999200159968006,-10.795855650229312,-9.145322182616717,12,12
58,0.0,daily,sharp,0.9312137572485503,-0.28015479735921583,-9.145322182616717,12,12
58,0.0,daily,weak,0.9962007598480304,-0.015890223381749873,-9.145322182616717,12,12
58,0.0,daily,weak_skew,0.8148370325934813,-0.8742893660390934,-9.145322182616717,12,12
58,0.0,two_day,alt,0.00537109375,-7.929010477187204,-9.145322182616717,12,12
58,0.0,two_day,sharp,0.9306640625,0.11036393738037138,-9.145322182616717,12,12
58,0.0,two_day,weak,0.95166015625,0.19701250204859555,-9.145322182616717,12,12
58,0.0,two_day,weak_skew,0.73291015625,-0.9484589594432613,-9.145322182616717,12,12
58,0.0,four_day,alt,0.9375,-2.509303634629338,-9.145322182616717,6,12
58,0.0,four_day,sharp,0.9375,7.727970845634157,-9.145322182616717,6,12
58,0.0,four_day,weak,0.875,9.192481096756717,-9.145322182616717,6,12
58,0.0,four_day,weak_skew,0.5,11.327119611003525,-9.145322182616717,6,12
59,0.0,daily,alt,0.002599480103979204,-8.998520136552475,-8.775883356754036,12,12
59,0.0,daily,sharp,0.5160967806438712,-0.8588436347680073,-8.775883356754036,12,12
59,0.0,daily,weak,0.8210357928414317,-0.4098760682805634,-8.775883356754036,12,12
59,0.0,daily,weak_skew,0.9840031993601279,0.05366515668831262,-8.775883356754036,12,12
59,0.0,two_day,alt,0.0087890625,-9.519616189866973,-8.775883356754036,12,12
59,0.0,two_day,sharp,0.6533203125,0.72968604650277,-8.775883356754036,12,12
59,0.0,two_day,weak,0.97509765625,-0.07781892151449021,-8.775883356754036,12,12
59,0.0,two_day,weak_skew,0.2763671875,-2.495489122412145,-8.775883356754036,12,12
59,0.0,four_day,alt,0.1875,-7.065393233414802,-8.775883356754036,6,12
59,0.0,four_day,sharp,0.78125,-0.3887429180370236,-8.775883356754036,6,12
59,0.0,four_day,weak,0.25,5.034841773953217,-8.775883356754036,6,12
59,0.0,four_day,weak_skew,0.34375,5.5548035625545396,-8.775883356754036,6,12
60,0.0,daily,alt,0.0001999600079984003,-15.273616776133759,-12.16016081405143,12,12
60,0.0,daily,sharp,0.20055988802239552,-2.3425815362500058,-12.16016081405143,12,12
60,0.0,daily,weak,0.35232953409318135,-2.40073138331676,-12.16016081405143,12,12
60,0.0,daily,weak_skew,0.7448510297940412,0.7772327785872625,-12.16016081405143,12,12
60,0.0,two_day,alt,0.009765625,-9.534100735435308,-12.16016081405143,12,12
60,0.0,two_day,sharp,0.3935546875,2.5110708780037463,-12.16016081405143,12,12
60,0.0,two_day,weak,0.77197265625,0.8016269639458921,-12.16016081405143,12,12
60,0.0,two_day,weak_skew,0.70703125,1.3120372324973062,-12.16016081405143,12,12
60,0.0,four_day,alt,0.03125,-13.74575100882045,-12.16016081405143,6,12
60,0.0,four_day,sharp,0.40625,1.4417800595772334,-12.16016081405143,6,12
60,0.0,four_day,weak,0.8125,-1.4104459103277105,-12.16016081405143,6,12
60,0.0,four_day,weak_skew,0.09375,4.330310817838946,-12.16016081405143,6,12
61,0.0,daily,alt,0.01219756048790242,-10.868132852281837,-8.97391237069295,12,12
61,0.0,daily,sharp,0.5296940611877624,-1.5964131792447442,-8.97391237069295,12,12
61,0.0,daily,weak,0.9204159168166367,-0.2838261237033504,-8.97391237069295,12,12
61,0.0,daily,weak_skew,0.13697260547890422,-4.063001445261649,-8.97391237069295,12,12
61,0.0,two_day,alt,0.12353515625,-6.678825590940385,-8.97391237069295,12,12
61,0.0,two_day,sharp,0.47607421875,1.9403235007950286,-8.97391237069295,12,12
61,0.0,two_day,weak,0.7802734375,-1.253512654866115,-8.97391237069295,12,12
61,0.0,two_day,weak_skew,0.79541015625,0.9736696665383834,-8.97391237069295,12,12
61,0.0,four_day,alt,0.03125,-15.792756151847824,-8.97391237069295,6,12
61,0.0,four_day,sharp,0.21875,-4.923699898545991,-8.97391237069295,6,12
61,0.0,four_day,weak,0.53125,-2.7681800509073304,-8.97391237069295,6,12
61,0.0,four_day,weak_skew,0.03125,-10.524920208956805,-8.97391237069295,6,12
62,0.0,daily,alt,0.0011997600479904018,-8.077505300532044,-7.713017232449843,12,12
62,0.0,daily,sharp,0.8410317936412718,0.3249653935923522,-7.713017232449843,12,12
62,0.0,daily,weak,0.6940611877624475,-1.2480348006994137,-7.713017232449843,12,12
62,0.0,daily,weak_skew,0.9894021195760848,0.034085523622813696,-7.713017232449843,12,12
62,0.0,two_day,alt,0.04248046875,-5.956144152738189,-7.713017232449843,12,12
62,0.0,two_day,sharp,0.3046875,1.8497024697168574,-7.713017232449843,12,12
62,0.0,two_day,weak,0.03466796875,6.554965337393708,-7.713017232449843,12,12
62,0.0,two_day,weak_skew,0.56787109375,3.0020759239721975,-7.713017232449843,12,12
62,0.0,four_day,alt,0.0625,-10.963579139431394,-7.713017232449843,6,12
62,0.0,four_day,sharp,0.75,-1.6425345410735919,-7.713017232449843,6,12
62,0.0,four_day,weak,0.625,-2.469109299113518,-7.713017232449843,6,12
62,0.0,four_day,weak_skew,0.1875,-4.381191655502232,-7.713017232449843,6,12
63,0.0,daily,alt,0.5502899420115976,2.161181594749433,-5.825424458846179,12,12
63,0.0,daily,sharp,0.013597280543891222,6.0034320811158794,-5.825424458846179,12,12
63,0.0,daily,weak,0.029994001199760048,4.399680786922523,-5.825424458846179,12,12
63,0.0,daily,weak_skew,0.08098380323935213,4.61105392850284,-5.825424458846179,12,12
63,0.0,two_day,alt,0.171875,-5.712554362367105,-5.825424458846179,12,12
63,0.0,two_day,sharp,0.55908203125,1.5022797717935443,-5.825424458846179,12,12
63,0.0,two_day,weak,0.69287109375,1.6825043297843056,-5.825424458846179,12,12
63,0.0,two_day,weak_skew,0.46875,2.284891419181987,-5.825424458846179,12,12
63,0.0,four_day,alt,0.15625,-7.992634117255553,-5.825424458846179,6,12
63,0.0,four_day,sharp,0.25,-4.694548104228125,-5.825424458846179,6,12
63,0.0,four_day,weak,0.53125,-4.088510039646757,-5.825424458846179,6,12
63,0.0,four_day,weak_skew,0.96875,0.08088712656732729,-5.825424458846179,6,12
64,0.0,daily,alt,0.003799240151969606,-10.345515287756433,-8.31815548324559,12,12
64,0.0,daily,sharp,0.057388522295540895,-2.448284910916689,-8.31815548324559,12,12
64,0.0,daily,weak,0.06458708258348331,-3.2449091597211344,-8.31815548324559,12,12
64,0.0,daily,weak_skew,0.42911417716456707,-2.3103042297101344,-8.31815548324559,12,12
64,0.0,two_day,alt,0.1044921875,-7.730335408007586,-8.31815548324559,12,12
64,0.0,two_day,sharp,0.80712890625,0.6600525895072687,-8.31815548324559,12,12
64,0.0,two_day,weak,0.44970703125,3.97234490913644,-8.31815548324559,12,12
64,0.0,two_day,weak_skew,0.3974609375,-2.8295622557530713,-8.31815548324559,12,12
64,0.0,four_day,alt,0.1875,-9.001265582129099,-8.31815548324559,6,12
64,0.0,four_day,sharp,0.59375,-2.623889539428537,-8.31815548324559,6,12
64,0.0,four_day,weak,0.25,-4.403475472324755,-8.31815548324559,6,12
64,0.0,four_day,weak_skew,0.5,-4.364797669276129,-8.31815548324559,6,12
65,0.0,daily,alt,0.001999600079984003,-11.194211787341677,-11.470248190096669,12,12
65,0.0,daily,sharp,0.8328334333133374,-0.32908558687433026,-11.470248190096669,12,12
65,0.0,daily,weak,0.8838232353529294,-0.3669128989644695,-11.470248190096669,12,12
65,0.0,daily,weak_skew,0.9766046790641871,0.05941831858079875,-11.470248190096669,12,12
65,0.0,two_day,alt,0.00537109375,-11.764726905658703,-11.470248190096669,12,12
65,0.0,two_day,sharp,0.54833984375,-1.2899808883890824,-11.470248190096669,12,12
65,0.0,two_day,weak,0.82373046875,-0.8664962176946597,-11.470248190096669,12,12
65,0.0,two_day,weak_skew,0.86572265625,0.8490427440372977,-11.470248190096669,12,12
65,0.0,four_day,alt,0.0625,-15.881132134965332,-11.470248190096669,6,12
65,0.0,four_day,sharp,0.4375,-2.227662516616995,-11.470248190096669,6,12
65,0.0,four_day,weak,0.625,-2.737480303460643,-11.470248190096669,6,12
65,0.0,four_day,weak_skew,0.09375,-5.710331571701029,-11.470248190096669,6,12
66,0.0,daily,alt,0.0005998800239952009,-10.43642772351704,-10.784833688119924,12,12
66,0.0,daily,sharp,0.4621075784843031,1.4285811583177963,-10.784833688119924,12,12
66,0.0,daily,weak,0.261747650469906,-2.376437767440347,-10.784833688119924,12,12
66,0.0,daily,weak_skew,0.6224755048990201,1.2347562775216634,-10.784833688119924,12,12
66,0.0,two_day,alt,0.00244140625,-10.796829717546396,-10.784833688119924,12,12
66,0.0,two_day,sharp,0.509765625,1.2648803373866915,-10.784833688119924,12,12
66,0.0,two_day,weak,0.76318359375,0.9031345169297857,-10.784833688119924,12,12
66,0.0,two_day,weak_skew,0.24755859375,-2.3494809019913157,-10.784833688119924,12,12
66,0.0,four_day,alt,0.03125,-11.182003077397441,-10.784833688119924,6,12
66,0.0,four_day,sharp,0.90625,-0.6460432504564947,-10.784833688119924,6,12
66,0.0,four_day,weak,1.0,-0.18381952826383122,-10.784833688119924,6,12
66,0.0,four_day,weak_skew,0.28125,-2.436977621120956,-10.784833688119924,6,12
67,0.0,daily,alt,0.0001999600079984003,-16.411250072827496,-10.99167629785552,12,12
67,0.0,daily,sharp,0.2953409318136373,-2.6468758000700348,-10.99167629785552,12,12
67,0.0,daily,weak,0.15576884623075385,-4.427828254497953,-10.99167629785552,12,12
67,0.0,daily,weak_skew,0.34253149370125974,-2.698616404346913,-10.99167629785552,12,12
67,0.0,two_day,alt,0.05322265625,-8.579581527246951,-10.99167629785552,12,12
67,0.0,two_day,sharp,0.4658203125,2.7212030151470636,-10.99167629785552,12,12
67,0.0,two_day,weak,0.8984375,0.5575244396219757,-10.99167629785552,12,12
67,0.0,two_day,weak_skew,0.31396484375,6.534340044444034,-10.99167629785552,12,12
67,0.0,four_day,alt,0.3125,-6.669837389473418,-10.99167629785552,6,12
67,0.0,four_day,sharp,0.625,1.6062099755521757,-10.99167629785552,6,12
67,0.0,four_day,weak,0.25,8.290334999928174,-10.99167629785552,6,12
67,0.0,four_day,weak_skew,0.90625,-0.6840213676603201,-10.99167629785552,6,12
68,0.0,daily,alt,0.005398920215956809,-13.536654667624859,-12.160618861702417,12,12
68,0.0,daily,sharp,0.7814437112577485,-1.3121458032251965,-12.160618861702417,12,12
68,0.0,daily,weak,0.5822835432913417,2.547922743542449,-12.160618861702417,12,12
68,0.0,daily,weak_skew,0.46090781843631273,-3.4524411802153847,-12.160618861702417,12,12
68,0.0,two_day,alt,0.0029296875,-12.437420300938173,-12.160618861702417,12,12
68,0.0,two_day,sharp,0.79833984375,0.9155295846426098,-12.160618861702417,12,12
68,0.0,two_day,weak,0.71240234375,-1.6146237455282548,-12.160618861702417,12,12
68,0.0,two_day,weak_skew,0.47119140625,-3.177287271407351,-12.160618861702417,12,12
68,0.0,four_day,alt,0.03125,-14.121381975633698,-12.160618861702417,6,12
68,0.0,four_day,sharp,0.65625,-2.078581734787528,-12.160618861702417,6,12
68,0.0,four_day,weak,0.53125,-2.9594165350382795,-12.160618861702417,6,12
68,0.0,four_day,weak_skew,0.3125,-4.602475355390092,-12.160618861702417,6,12
69,0.0,daily,alt,0.2929414117176565,-4.486396153991104,-1.3065394377858581,12,12
69,0.0,daily,sharp,0.373125374925015,-2.1462990972855054,-1.3065394377858581,12,12
69,0.0,daily,weak,0.5246950609878024,-1.8069971111781093,-1.3065394377858581,12,12
69,0.0,daily,weak_skew,0.28234353129374123,-3.281598416778239,-1.3065394377858581,12,12
69,0.0,two_day,alt,0.09228515625,-8.023160309676106,-1.3065394377858581,12,12
69,0.0,two_day,sharp,0.23486328125,-3.1048061034350423,-1.3065394377858581,12,12
69,0.0,two_day,weak,0.75439453125,-1.3555250698314456,-1.3065394377858581,12,12
69,0.0,two_day,weak_skew,0.287109375,-4.016143805134633,-1.3065394377858581,12,12
69,0.0,four_day,alt,0.28125,-7.09826509113715,-1.3065394377858581,6,12
69,0.0,four_day,sharp,0.53125,-2.149534830554085,-1.3065394377858581,6,12
69,0.0,four_day,weak,0.3125,-6.121702595427849,-1.3065394377858581,6,12
69,0.0,four_day,weak_skew,0.90625,0.6432970134808199,-1.3065394377858581,6,12
70,0.0,daily,alt,0.0011997600479904018,-10.19658969554434,-8.052987278935419,12,12
70,0.0,daily,sharp,0.28054389122175566,-2.5459517050184495,-8.052987278935419,12,12
70,0.0,daily,weak,0.0633873225354929,-4.9605669050526435,-8.052987278935419,12,12
70,0.0,daily,weak_skew,0.8678264347130574,0.5205805522860688,-8.052987278935419,12,12
70,0.0,two_day,alt,0.0302734375,-5.240150234656707,-8.052987278935419,12,12
70,0.0,two_day,sharp,0.3740234375,2.701776525935728,-8.052987278935419,12,12
70,0.0,two_day,weak,0.36865234375,3.6448514961456,-8.052987278935419,12,12
70,0.0,two_day,weak_skew,0.904296875,0.4124839602872535,-8.052987278935419,12,12
70,0.0,four_day,alt,0.3125,-2.936047439977706,-8.052987278935419,6,12
70,0.0,four_day,sharp,0.15625,4.172710588062681,-8.052987278935419,6,12
70,0.0,four_day,weak,0.5625,1.9798505914778322,-8.052987278935419,6,12
70,0.0,four_day,weak_skew,0.75,-0.7932613763844003,-8.052987278935419,6,12
71,0.0,daily,alt,0.0001999600079984003,-14.192958238675772,-9.973635379467403,12,12
71,0.0,daily,sharp,0.2917416516696661,-2.8927044930151173,-9.973635379467403,12,12
71,0.0,daily,weak,0.11277744451109778,-3.6466935760185213,-9.973635379467403,12,12
71,0.0,daily,weak_skew,0.5090981803639272,-2.190014821904023,-9.973635379467403,12,12
71,0.0,two_day,alt,0.3125,-4.13325411898187,-9.973635379467403,12,12
71,0.0,two_day,sharp,0.26611328125,4.620300970693939,-9.973635379467403,12,12
71,0.0,two_day,weak,0.08154296875,8.435079380517605,-9.973635379467403,12,12
71,0.0,two_day,weak_skew,0.2646484375,5.242843139515883,-9.973635379467403,12,12
71,0.0,four_day,alt,0.15625,-10.914124266922977,-9.973635379467403,6,12
71,0.0,four_day,sharp,0.78125,-1.11520288186669,-9.973635379467403,6,12
71,0.0,four_day,weak,1.0,0.32303153964320686,-9.973635379467403,6,12
71,0.0,four_day,weak_skew,0.96875,2.6673063257849443,-9.973635379467403,6,12
72,0.0,daily,alt,0.0009998000399920016,-9.254713608979337,-9.784050827572493,12,12
72,0.0,daily,sharp,0.6472705458908218,-0.947040336335288,-9.784050827572493,12,12
72,0.0,daily,weak,0.9692061587682463,-0.08220282241900516,-9.784050827572493,12,12
72,0.0,daily,weak_skew,0.21875624875024996,-3.145662202268212,-9.784050827572493,12,12
72,0.0,two_day,alt,0.00146484375,-17.023233032011557,-9.784050827572493,12,12
72,0.0,two_day,sharp,0.15234375,-6.42962676955333,-9.784050827572493,12,12
72,0.0,two_day,weak,0.1171875,-7.031320264593032,-9.784050827572493,12,12
72,0.0,two_day,weak_skew,0.0908203125,-9.46284210491764,-9.784050827572493,12,12
72,0.0,four_day,alt,0.09375,-9.770952949754056,-9.784050827572493,6,12
72,0.0,four_day,sharp,0.875,0.13796120418735688,-9.784050827572493,6,12
72,0.0,four_day,weak,0.78125,0.6757386886384241,-9.784050827572493,6,12
72,0.0,four_day,weak_skew,0.65625,1.9546735136487687,-9.784050827572493,6,12
73,0.0,daily,alt,0.0001999600079984003,-16.52529235739268,-10.298871665038405,12,12
73,0.0,daily,sharp,0.004999000199960008,-3.5974262904620518,-10.298871665038405,12,12
73,0.0,daily,weak,0.001799640071985603,-7.634906716271966,-10.298871665038405,12,12
73,0.0,daily,weak_skew,0.002599480103979204,-6.171822350671516,-10.298871665038405,12,12
73,0.0,two_day,alt,0.00146484375,-12.699147886417302,-10.298871665038405,12,12
73,0.0,two_day,sharp,0.43896484375,-1.4732394934673472,-10.298871665038405,12,12
73,0.0,two_day,weak,0.56298828125,-2.492526560126907,-10.298871665038405,12,12
73,0.0,two_day,weak_skew,0.34619140625,1.8868285154124156,-10.298871665038405,12,12
73,0.0,four_day,alt,0.03125,-13.795584780600317,-10.298871665038405,6,12
73,0.0,four_day,sharp,0.3125,-2.707845520798086,-10.298871665038405,6,12
73,0.0,four_day,weak,0.40625,-5.689815288783561,-10.298871665038405,6,12
73,0.0,four_day,weak_skew,0.21875,-5.998459612947962,-10.298871665038405,6,12
74,0.0,daily,alt,0.0009998000399920016,-10.956383949630949,-9.302748414174978,12,12
74,0.0,daily,sharp,0.127374525094981,-1.836850297608543,-9.302748414174978,12,12
74,0.0,daily,weak,0.04499100179964007,-3.5187787597999605,-9.302748414174978,12,12
74,0.0,daily,weak_skew,0.524495100979804,-1.2591351451791588,-9.302748414174978,12,12
74,0.0,two_day,alt,0.0009765625,-14.882493164442716,-9.302748414174978,12,12
74,0.0,two_day,sharp,0.03662109375,-4.696727267749822,-9.302748414174978,12,12
74,0.0,two_day,weak,0.06591796875,-7.401867706226018,-9.302748414174978,12,12
74,0.0,two_day,weak_skew,0.83935546875,1.0508288152332022,-9.302748414174978,12,12
74,0.0,four_day,alt,0.03125,-10.845048385575003,-9.302748414174978,6,12
74,0.0,four_day,sharp,0.59375,-1.3775286580982673,-9.302748414174978,6,12
74,0.0,four_day,weak,0.28125,-4.049062177620708,-9.302748414174978,6,12
74,0.0,four_day,weak_skew,0.96875,0.0913449657657092,-9.302748414174978,6,12
75,0.0,daily,alt,0.0005998800239952009,-10.89810080466971,-12.630628494887937,12,12
75,0.0,daily,sharp,0.3087382523495301,2.429153390624101,-12.630628494887937,12,12
75,0.0,daily,weak,0.9074185162967406,-0.464743621485189,-12.630628494887937,12,12
75,0.0,daily,weak_skew,0.7864427114577085,0.6185798279148896,-12.630628494887937,12,12
75,0.0,two_day,alt,0.001953125,-14.160517531113856,-12.630628494887937,12,12
75,0.0,two_day,sharp,0.49560546875,-1.637195458715592,-12.630628494887937,12,12
75,0.0,two_day,weak,0.63525390625,-2.133391460654561,-12.630628494887937,12,12
75,0.0,two_day,weak_skew,0.76318359375,-0.8504731157820095,-12.630628494887937,12,12
75,0.0,four_day,alt,0.0625,-12.527416093272983,-12.630628494887937,6,12
75,0.0,four_day,sharp,0.875,-0.19592265447235965,-12.630628494887937,6,12
75,0.0,four_day,weak,0.96875,0.27052316185676045,-12.630628494887937,6,12
75,0.0,four_day,weak_skew,0.625,-1.7121824299089212,-12.630628494887937,6,12
76,0.0,daily,alt,0.013997200559888023,-6.5983582808519685,-8.546337148289652,12,12
76,0.0,daily,sharp,0.7184563087382524,0.43263013082877083,-8.546337148289652,12,12
76,0.0,daily,weak,0.47850429914017195,1.6214349102060155,-8.546337148289652,12,12
76,0.0,daily,weak_skew,0.6070785842831433,1.0025556311524522,-8.546337148289652,12,12
76,0.0,two_day,alt,0.00244140625,-10.393375831273241,-8.546337148289652,12,12
76,0.0,two_day,sharp,0.8369140625,-0.26715783381941094,-8.546337148289652,12,12
76,0.0,two_day,weak,0.54931640625,-1.731116721594179,-8.546337148289652,12,12
76,0.0,two_day,weak_skew,0.4306640625,-1.8363705602766245,-8.546337148289652,12,12
76,0.0,four_day,alt,0.03125,-13.04214088828092,-8.546337148289652,6,12
76,0.0,four_day,sharp,0.875,-0.4042602473985326,-8.546337148289652,6,12
76,0.0,four_day,weak,0.90625,-0.5978096167912668,-8.546337148289652,6,12
76,0.0,four_day,weak_skew,1.0,0.0675354448472767,-8.546337148289652,6,12
77,0.0,daily,alt,0.12117576484703059,-4.985156198692839,-8.023183162834997,12,12
77,0.0,daily,sharp,0.38192361527694463,1.8645409196598919,-8.023183162834997,12,12
77,0.0,daily,weak,0.4869026194761048,2.268127040385735,-8.023183162834997,12,12
77,0.0,daily,weak_skew,0.3659268146370726,2.9676860996318877,-8.023183162834997,12,12
77,0.0,two_day,alt,0.056640625,-9.168920597097445,-8.023183162834997,12,12
77,0.0,two_day,sharp,0.9775390625,-0.10423899726028256,-8.023183162834997,12,12
77,0.0,two_day,weak,0.84375,1.006059099033573,-8.023183162834997,12,12
77,0.0,two_day,weak_skew,0.56787109375,-2.2840160894962622,-8.023183162834997,12,12
77,0.0,four_day,alt,0.125,-10.13278818448689,-8.023183162834997,6,12
77,0.0,four_day,sharp,0.875,0.7931481846144249,-8.023183162834997,6,12
77,0.0,four_day,weak,0.78125,1.3936944295758593,-8.023183162834997,6,12
77,0.0,four_day,weak_skew,0.5,-3.7742074293323413,-8.023183162834997,6,12
78,0.0,daily,alt,0.0003999200159968006,-13.030120955968796,-12.036445202140996,12,12
78,0.0,daily,sharp,0.7144571085782844,-0.4865200488729429,-12.036445202140996,12,12
78,0.0,daily,weak,0.12837432513497302,-2.340412681240861,-12.036445202140996,12,12
78,0.0,daily,weak_skew,0.504499100179964,-1.4931639953497455,-12.036445202140996,12,12
78,0.0,two_day,alt,0.0068359375,-10.920236280763673,-12.036445202140996,12,12
78,0.0,two_day,sharp,0.34912109375,2.1805682218027833,-12.036445202140996,12,12
78,0.0,two_day,weak,0.68017578125,1.6189451255240115,-12.036445202140996,12,12
78,0.0,two_day,weak_skew,0.70703125,1.1636843961114494,-12.036445202140996,12,12
78,0.0,four_day,alt,0.0625,-12.179484911233137,-12.036445202140996,6,12
78,0.0,four_day,sharp,1.0,0.039151936156681444,-12.036445202140996,6,12
78,0.0,four_day,weak,0.71875,0.6992254422787418,-12.036445202140996,6,12
78,0.0,four_day,weak_skew,0.59375,2.9917000385981063,-12.036445202140996,6,12
79,0.0,daily,alt,0.24155168966206758,-6.386058487059139,-10.621384310385565,12,12
79,0.0,daily,sharp,0.2949410117976405,2.518925054759577,-10.621384310385565,12,12
79,0.0,daily,weak,0.08618276344731053,5.261268159295894,-10.621384310385565,12,12
79,0.0,daily,weak_skew,0.09998000399920016,3.867203495991666,-10.621384310385565,12,12
79,0.0,two_day,alt,0.00048828125,-15.60378484634598,-10.621384310385565,12,12
79,0.0,two_day,sharp,0.11279296875,-3.7149357099520173,-10.621384310385565,12,12
79,0.0,two_day,weak,0.06103515625,-6.440758992099849,-10.621384310385565,12,12
79,0.0,two_day,weak_skew,0.03125,-6.282033700685375,-10.621384310385565,12,12
79,0.0,four_day,alt,0.8125,-1.6305779657748356,-10.621384310385565,6,12
79,0.0,four_day,sharp,0.28125,5.214303398581435,-10.621384310385565,6,12
79,0.0,four_day,weak,0.21875,9.450723058969691,-10.621384310385565,6,12
79,0.0,four_day,weak_skew,0.28125,6.938686297720956,-10.621384310385565,6,12
80,0.0,daily,alt,0.013997200559888023,-7.909184861915147,-9.418935094231529,12,12
80,0.0,daily,sharp,0.9894021195760848,0.044541549148397884,-9.418935094231529,12,12
80,0.0,daily,weak,0.47850429914017195,-2.15482264915086,-9.418935094231529,12,12
80,0.0,daily,weak_skew,0.7274545090981803,1.1384490825465612,-9.418935094231529,12,12
80,0.0,two_day,alt,0.00146484375,-13.625964670600316,-9.418935094231529,12,12
80,0.0,two_day,sharp,0.07373046875,-3.7288907005066085,-9.418935094231529,12,12
80,0.0,two_day,weak,0.76416015625,-0.9283959968757873,-9.418935094231529,12,12
80,0.0,two_day,weak_skew,0.333984375,-3.2829652726718455,-9.418935094231529,12,12
80,0.0,four_day,alt,0.125,-15.004747854393917,-9.418935094231529,6,12
80,0.0,four_day,sharp,0.84375,-4.57122552965541,-9.418935094231529,6,12
80,0.0,four_day,weak,0.9375,-2.307393211399262,-9.418935094231529,6,12
80,0.0,four_day,weak_skew,0.5625,-6.628892635462306,-9.418935094231529,6,12
81,0.0,daily,alt,0.0001999600079984003,-14.177724610406907,-8.449528416944382,12,12
81,0.0,daily,sharp,0.21075784843031395,-2.0599891645929964,-8.449528416944382,12,12
81,0.0,daily,weak,0.011397720455908818,-5.287388341850917,-8.449528416944382,12,12
81,0.0,daily,weak_skew,0.8170365926814637,-0.518965545229103,-8.449528416944382,12,12
81,0.0,two_day,alt,0.0009765625,-9.736653275386763,-8.449528416944382,12,12
81,0.0,two_day,sharp,0.240234375,1.8293794905401406,-8.449528416944382,12,12
81,0.0,two_day,weak,0.28857421875,3.1679438028186695,-8.449528416944382,12,12
81,0.0,two_day,weak_skew,0.076171875,5.34735982668477,-8.449528416944382,12,12
81,0.0,four_day,alt,0.0625,-12.930679741442079,-8.449528416944382,6,12
81,0.0,four_day,sharp,0.53125,-1.8084348925990763,-8.449528416944382,6,12
81,0.0,four_day,weak,0.21875,-3.8246633989541414,-8.449528416944382,6,12
81,0.0,four_day,weak_skew,0.3125,3.642166881429515,-8.449528416944382,6,12
82,0.0,daily,alt,0.003199360127974405,-13.132190699702074,-12.127735383106497,12,12
82,0.0,daily,sharp,0.9852029594081184,-0.06548979093168998,-12.127735383106497,12,12
82,0.0,daily,weak,0.7904419116176765,0.976051959557792,-12.127735383106497,12,12
82,0.0,daily,weak_skew,0.6736652669466107,-1.3595408522390808,-12.127735383106497,12,12
82,0.0,two_day,alt,0.03076171875,-17.248891842719452,-12.127735383106497,12,12
82,0.0,two_day,sharp,0.7626953125,-2.902340503366823,-12.127735383106497,12,12
82,0.0,two_day,weak,0.61181640625,-4.749231825068017,-12.127735383106497,12,12
82,0.0,two_day,weak_skew,0.96728515625,-0.3095188093009753,-12.127735383106497,12,12
82,0.0,four_day,alt,0.90625,0.8515683677602924,-12.127735383106497,6,12
82,0.0,four_day,sharp,0.0625,11.908281564956425,-12.127735383106497,6,12
82,0.0,four_day,weak,0.0625,14.631686006982372,-12.127735383106497,6,12
82,0.0,four_day,weak_skew,0.0625,12.767409104015748,-12.127735383106497,6,12
83,0.0,daily,alt,0.0009998000399920016,-8.856124727037063,-4.954438332089239,12,12
83,0.0,daily,sharp,0.03459308138372325,-2.985145234134155,-4.954438332089239,12,12
83,0.0,daily,weak,0.01919616076784643,-5.586057376818495,-4.954438332089239,12,12
83,0.0,daily,weak_skew,0.17476504699060189,-2.9863412873956956,-4.954438332089239,12,12
83,0.0,two_day,alt,0.130859375,-6.753535323566034,-4.954438332089239,12,12
83,0.0,two_day,sharp,0.30126953125,-2.502878384827218,-4.954438332089239,12,12
83,0.0,two_day,weak,0.7373046875,-1.3017412851642938,-4.954438332089239,12,12
83,0.0,two_day,weak_skew,0.33251953125,-3.4464152165062476,-4.954438332089239,12,12
83,0.0,four_day,alt,0.59375,-3.007117963212398,-4.954438332089239,6,12
83,0.0,four_day,sharp,0.75,1.5627303766939977,-4.954438332089239,6,12
83,0.0,four_day,weak,0.0625,9.619506405219502,-4.954438332089239,6,12
83,0.0,four_day,weak_skew,0.84375,-0.7550300373129003,-4.954438332089239,6,12
84,0.0,daily,alt,0.0003999200159968006,-9.983615347307216,-8.190798147737354,12,12
84,0.0,daily,sharp,0.16456708658268346,-1.6379191801278168,-8.190798147737354,12,12
84,0.0,daily,weak,0.1221755648870226,-3.363814189425757,-8.190798147737354,12,12
84,0.0,daily,weak_skew,0.3749250149970006,-1.688762380047723,-8.190798147737354,12,12
84,0.0,two_day,alt,0.3818359375,-3.7960432843468226,-8.190798147737354,12,12
84,0.0,two_day,sharp,0.650390625,1.4374890046241973,-8.190798147737354,12,12
84,0.0,two_day,weak,0.59326171875,1.9233833044318878,-8.190798147737354,12,12
84,0.0,two_day,weak_skew,0.55712890625,2.699907499054619,-8.190798147737354,12,12
84,0.0,four_day,alt,0.3125,-4.837728570371659,-8.190798147737354,6,12
84,0.0,four_day,sharp,0.59375,1.9926683043189684,-8.190798147737354,6,12
84,0.0,four_day,weak,0.25,4.02481788451708,-8.190798147737354,6,12
84,0.0,four_day,weak_skew,0.28125,5.339546868026155,-8.190798147737354,6,12
85,0.0,daily,alt,0.0013997200559888023,-10.216325392249304,-8.152200040769856,12,12
85,0.0,daily,sharp,0.7846430713857229,-0.43950378085385405,-8.152200040769856,12,12
85,0.0,daily,weak,0.7166566686662668,0.8300337578354929,-8.152200040769856,12,12
85,0.0,daily,weak_skew,0.641871625674865,-1.4306679292684137,-8.152200040769856,12,12
85,0.0,two_day,alt,0.0615234375,-9.021663482408362,-8.152200040769856,12,12
85,0.0,two_day,sharp,0.85888671875,0.3768349879398336,-8.152200040769856,12,12
85,0.0,two_day,weak,0.876953125,-0.6974368471026965,-8.152200040769856,12,12
85,0.0,two_day,weak_skew,0.9638671875,-0.13661948989109085,-8.152200040769856,12,12
85,0.0,four_day,alt,0.03125,-11.361714651720229,-8.152200040769856,6,12
85,0.0,four_day,sharp,0.28125,-2.0842998136212074,-8.152200040769856,6,12
85,0.0,four_day,weak,0.34375,-6.1007254940630835,-8.152200040769856,6,12
85,0.0,four_day,weak_skew,0.3125,4.757160212267116,-8.152200040769856,6,12
86,0.0,daily,alt,0.007198560287942412,-7.363955418306041,-5.101816814937145,12,12
86,0.0,daily,sharp,0.6380723855228955,-1.0618916768157398,-5.101816814937145,12,12
86,0.0,daily,weak,0.5190961807638472,-1.8235787066663438,-5.101816814937145,12,12
86,0.0,daily,weak_skew,0.5900819836032793,-1.7726260441186656,-5.101816814937145,12,12
86,0.0,two_day,alt,0.01171875,-11.620281064023132,-5.101816814937145,12,12
86,0.0,two_day,sharp,0.2197265625,-5.056333308228953,-5.101816814937145,12,12
86,0.0,two_day,weak,0.00830078125,-10.268818191665806,-5.101816814937145,12,12
86,0.0,two_day,weak_skew,0.11962890625,-7.000810177150542,-5.101816814937145,12,12
86,0.0,four_day,alt,0.21875,-5.014837744692244,-5.101816814937145,6,12
86,0.0,four_day,sharp,0.96875,-0.10590638364931593,-5.101816814937145,6,12
86,0.0,four_day,weak,0.09375,3.8717483029835584,-5.101816814937145,6,12
86,0.0,four_day,weak_skew,0.59375,4.228031555257927,-5.101816814937145,6,12
87,0.0,daily,alt,0.0011997600479904018,-10.829009268719531,-7.540005358581112,12,12
87,0.0,daily,sharp,0.9374125174965007,-0.16002170098488655,-7.540005358581112,12,12
87,0.0,daily,weak,0.2679464107178564,3.5890778383485045,-7.540005358581112,12,12
87,0.0,daily,weak_skew,0.26554689062187564,-2.583093804532061,-7.540005358581112,12,12
87,0.0,two_day,alt,0.00048828125,-17.34561995597123,-7.540005358581112,12,12
87,0.0,two_day,sharp,0.0595703125,-4.537518612142589,-7.540005358581112,12,12
87,0.0,two_day,weak,0.19873046875,-4.171987675284701,-7.540005358581112,12,12
87,0.0,two_day,weak_skew,0.12060546875,-5.135192107424264,-7.540005358581112,12,12
87,0.0,four_day,alt,0.125,-4.840317335410666,-7.540005358581112,6,12
87,0.0,four_day,sharp,0.09375,4.716410382194275,-7.540005358581112,6,12
87,0.0,four_day,weak,0.53125,-1.9392498516519332,-7.540005358581112,6,12
87,0.0,four_day,weak_skew,0.09375,6.793191567979105,-7.540005358581112,6,12
88,0.0,daily,alt,0.3313337332533493,-5.130358892943461,-6.598065346681246,12,12
88,0.0,daily,sharp,0.8050389922015597,-0.5282530257875623,-6.598065346681246,12,12
88,0.0,daily,weak,0.6296740651869626,1.495241602707366,-6.598065346681246,12,12
88,0.0,daily,weak_skew,0.8394321135772845,0.7310587353971177,-6.598065346681246,12,12
88,0.0,two_day,alt,0.0068359375,-11.087339592863108,-6.598065346681246,12,12
88,0.0,two_day,sharp,0.54296875,-1.252033981358651,-6.598065346681246,12,12
88,0.0,two_day,weak,0.9169921875,-0.31625471293777646,-6.598065346681246,12,12
88,0.0,two_day,weak_skew,0.82568359375,0.880599596247024,-6.598065346681246,12,12
88,0.0,four_day,alt,0.65625,-2.5406688467354144,-6.598065346681246,6,12
88,0.0,four_day,sharp,0.90625,0.5690165444532885,-6.598065346681246,6,12
88,0.0,four_day,weak,0.8125,0.7679445978253602,-6.598065346681246,6,12
88,0.0,four_day,weak_skew,0.5625,3.921707797054643,-6.598065346681246,6,12
89,0.0,daily,alt,0.08398320335932813,-9.514811213364359,-12.231196176550625,12,12
89,0.0,daily,sharp,0.5420915816836632,3.4768681723127384,-12.231196176550625,12,12
89,0.0,daily,weak,0.7150569886022795,2.5056679536609554,-12.231196176550625,12,12
89,0.0,daily,weak_skew,0.3723255348930214,5.54038678717966,-12.231196176550625,12,12
89,0.0,two_day,alt,0.02197265625,-15.624492557544334,-12.231196176550625,12,12
89,0.0,two_day,sharp,0.9169921875,-1.5135921779061807,-12.231196176550625,12,12
89,0.0,two_day,weak,0.94482421875,-1.7888989221787768,-12.231196176550625,12,12
89,0.0,two_day,weak_skew,0.92724609375,-1.706006392476351,-12.231196176550625,12,12
89,0.0,four_day,alt,0.03125,-15.481515966232735,-12.231196176550625,6,12
89,0.0,four_day,sharp,0.625,-1.9611818509943728,-12.231196176550625,6,12
89,0.0,four_day,weak,0.8125,-1.2749669698130148,-12.231196176550625,6,12
89,0.0,four_day,weak_skew,0.78125,1.394825730920682,-12.231196176550625,6,12
90,0.0,daily,alt,0.0009998000399920016,-11.655117296604713,-10.167819184485545,12,12
90,0.0,daily,sharp,0.9302139572085583,0.22079066997582922,-10.167819184485545,12,12
90,0.0,daily,weak,0.6290741851629674,1.2124948153074495,-10.167819184485545,12,12
90,0.0,daily,weak_skew,0.8780243951209759,-0.3897619613190031,-10.167819184485545,12,12
90,0.0,two_day,alt,0.15283203125,-7.510773522841638,-10.167819184485545,12,12
90,0.0,two_day,sharp,0.68701171875,1.3480595201319048,-10.167819184485545,12,12
90,0.0,two_day,weak,0.99072265625,-0.05183928059238655,-10.167819184485545,12,12
90,0.0,two_day,weak_skew,0.53564453125,2.094142288319628,-10.167819184485545,12,12
90,0.0,four_day,alt,0.0625,-10.274695352065466,-10.167819184485545,6,12
90,0.0,four_day,sharp,0.875,0.6914311566389936,-10.167819184485545,6,12
90,0.0,four_day,weak,0.0625,7.413573649777985,-10.167819184485545,6,12
90,0.0,four_day,weak_skew,0.90625,0.7568330122670316,-10.167819184485545,6,12
91,0.0,daily,alt,0.0001999600079984003,-17.4049812588662,-11.748300555257615,12,12
91,0.0,daily,sharp,0.27714457108578283,-4.135620387005541,-11.748300555257615,12,12
91,0.0,daily,weak,0.4293141371725655,-3.092187561348707,-11.748300555257615,12,12
91,0.0,daily,weak_skew,0.9410117976404719,0.4073763395528349,-11.748300555257615,12,12
91,0.0,two_day,alt,0.5458984375,-6.909977114658062,-11.748300555257615,12,12
91,0.0,two_day,sharp,0.50927734375,-2.597112418669507,-11.748300555257615,12,12
91,0.0,two_day,weak,0.27099609375,-4.033756966526606,-11.748300555257615,12,12
91,0.0,two_day,weak_skew,0.251953125,-4.940960573571253,-11.748300555257615,12,12
91,0.0,four_day,alt,0.03125,-13.424493592253024,-11.748300555257615,6,12
91,0.0,four_day,sharp,0.8125,0.9952489907018945,-11.748300555257615,6,12
91,0.0,four_day,weak,1.0,0.6399681953360835,-11.748300555257615,6,12
91,0.0,four_day,weak_skew,0.28125,-4.381137000434415,-11.748300555257615,6,12
92,0.0,daily,alt,0.036192761447710456,-7.707489168685715,-6.301370671124388,12,12
92,0.0,daily,sharp,0.8068386322735452,0.6951301909818627,-6.301370671124388,12,12
92,0.0,daily,weak,0.5828834233153369,-1.3946065708111004,-6.301370671124388,12,12
92,0.0,daily,weak_skew,0.5732853429314138,-1.3213596073298604,-6.301370671124388,12,12
92,0.0,two_day,alt,0.0087890625,-9.673281235966433,-6.301370671124388,12,12
92,0.0,two_day,sharp,0.6982421875,-0.856964247774556,-6.301370671124388,12,12
92,0.0,two_day,weak,0.1552734375,-6.720821603871902,-6.301370671124388,12,12
92,0.0,two_day,weak_skew,0.9423828125,0.2908684625315499,-6.301370671124388,12,12
92,0.0,four_day,alt,0.5,-2.808101248880734,-6.301370671124388,6,12
92,0.0,four_day,sharp,0.15625,5.990773787131011,-6.301370671124388,6,12
92,0.0,four_day,weak,0.3125,5.690784084006733,-6.301370671124388,6,12
92,0.0,four_day,weak_skew,0.46875,4.2733414541601205,-6.301370671124388,6,12
93,0.0,daily,alt,0.17176564687062587,-7.701088693012854,-6.156133080520263,12,12
93,0.0,daily,sharp,0.7538492301539692,-1.9399353322348396,-6.156133080520263,12,12
93,0.0,daily,weak,0.6802639472105579,-1.9288887290794683,-6.156133080520263,12,12
93,0.0,daily,weak_skew,0.7326534693061387,1.7514829510703667,-6.156133080520263,12,12
93,0.0,two_day,alt,0.4560546875,-3.7218038898931094,-6.156133080520263,12,12
93,0.0,two_day,sharp,0.8740234375,0.32722509093233637,-6.156133080520263,12,12
93,0.0,two_day,weak,0.56201171875,-1.2390893313165972,-6.156133080520263,12,12
93,0.0,two_day,weak_skew,0.59130859375,2.6528939479235256,-6.156133080520263,12,12
93,0.0,four_day,alt,0.40625,-5.566061912741067,-6.156133080520263,6,12
93,0.0,four_day,sharp,0.90625,-0.19512301344713498,-6.156133080520263,6,12
93,0.0,four_day,weak,0.9375,0.7185427783632127,-6.156133080520263,6,12
93,0.0,four_day,weak_skew,0.09375,-4.13616091830447,-6.156133080520263,6,12
94,0.0,daily,alt,0.0001999600079984003,-13.281882200843057,-8.120402064004061,12,12
94,0.0,daily,sharp,0.17156568686262746,-2.6595981959680817,-8.120402064004061,12,12
94,0.0,daily,weak,0.6800639872025595,-0.7382954878649203,-8.120402064004061,12,12
94,0.0,daily,weak_skew,0.6392721455708859,-1.2216997993201542,-8.120402064004061,12,12
94,0.0,two_day,alt,0.3037109375,-5.43471946116724,-8.120402064004061,12,12
94,0.0,two_day,sharp,0.42578125,3.2321234750538217,-8.120402064004061,12,12
94,0.0,two_day,weak,0.4765625,3.7154774095914984,-8.120402064004061,12,12
94,0.0,two_day,weak_skew,0.4580078125,4.9460413166282216,-8.120402064004061,12,12
94,0.0,four_day,alt,0.15625,-11.072493183621544,-8.120402064004061,6,12
94,0.0,four_day,sharp,0.59375,-2.702551544233591,-8.120402064004061,6,12
94,0.0,four_day,weak,0.40625,-6.1730155549637376,-8.120402064004061,6,12
94,0.0,four_day,weak_skew,0.875,-1.599580518425847,-8.120402064004061,6,12
95,0.0,daily,alt,0.0009998000399920016,-16.3637981684332,-12.65076897671976,12,12
95,0.0,daily,sharp,0.8240351929614077,-0.8249412124152222,-12.65076897671976,12,12
95,0.0,daily,weak,0.673865226954609,-2.0735071589434946,-12.65076897671976,12,12
95,0.0,daily,weak_skew,0.35452909418116374,-4.031520175418166,-12.65076897671976,12,12
95,0.0,two_day,alt,0.01806640625,-18.60902371133102,-12.65076897671976,12,12
95,0.0,two_day,sharp,0.62890625,-3.2467713342390705,-12.65076897671976,12,12
95,0.0,two_day,weak,0.724609375,-2.913237733591135,-12.65076897671976,12,12
95,0.0,two_day,weak_skew,0.50048828125,-4.925802259189655,-12.65076897671976,12,12
95,0.0,four_day,alt,0.875,2.1255940681239154,-12.65076897671976,6,12
95,0.0,four_day,sharp,0.25,13.221164137408664,-12.65076897671976,6,12
95,0.0,four_day,weak,0.09375,17.045955111525252,-12.65076897671976,6,12
95,0.0,four_day,weak_skew,0.28125,15.059560372103277,-12.65076897671976,6,12
96,0.0,daily,alt,0.36112777444511096,-4.444182901390085,-9.707448879790235,12,12
96,0.0,daily,sharp,0.3177364527094581,3.2452131985000032,-9.707448879790235,12,12
96,0.0,daily,weak,0.28794241151769645,3.116892044473799,-9.707448879790235,12,12
96,0.0,daily,weak_skew,0.26614677064587083,5.802758617048851,-9.707448879790235,12,12
96,0.0,two_day,alt,0.00537109375,-15.31045744996599,-9.707448879790235,12,12
96,0.0,two_day,sharp,0.697265625,-1.8482459309007726,-9.707448879790235,12,12
96,0.0,two_day,weak,0.6171875,-2.8231808667088134,-9.707448879790235,12,12
96,0.0,two_day,weak_skew,0.22705078125,-5.2326514338187735,-9.707448879790235,12,12
96,0.0,four_day,alt,0.03125,-7.379972622983826,-9.707448879790235,6,12
96,0.0,four_day,sharp,0.4375,2.07421621595293,-9.707448879790235,6,12
96,0.0,four_day,weak,0.53125,2.8666920046161812,-9.707448879790235,6,12
96,0.0,four_day,weak_skew,0.78125,1.370602765116267,-9.707448879790235,6,12
97,0.0,daily,alt,0.009398120375924815,-10.050736833968799,-7.8651065676967065,12,12
97,0.0,daily,sharp,0.16536692661467706,-2.0960581378245986,-7.8651065676967065,12,12
97,0.0,daily,weak,0.08638272345530894,-6.2569466053511364,-7.8651065676967065,12,12
97,0.0,daily,weak_skew,0.008998200359928014,-5.2714345217039495,-7.8651065676967065,12,12
97,0.0,two_day,alt,0.158203125,-5.0151247337724785,-7.8651065676967065,12,12
97,0.0,two_day,sharp,0.1201171875,1.8414393587813607,-7.8651065676967065,12,12
97,0.0,two_day,weak,0.85400390625,0.6396866235086828,-7.8651065676967065,12,12
97,0.0,two_day,weak_skew,0.41552734375,-1.2704630553974372,-7.8651065676967065,12,12
97,0.0,four_day,alt,0.03125,-14.652358680390742,-7.8651065676967065,6,12
97,0.0,four_day,sharp,0.28125,-2.908932457161695,-7.8651065676967065,6,12
97,0.0,four_day,weak,0.84375,1.682524864434254,-7.8651065676967065,6,12
97,0.0,four_day,weak_skew,0.1875,-5.091794858630159,-7.8651065676967065,6,12
98,0.0,daily,alt,0.3489302139572086,-5.007207507568508,-5.381022995323775,12,12
98,0.0,daily,sharp,0.6494701059788043,-1.4971431787496137,-5.381022995323775,12,12
98,0.0,daily,weak,0.6910617876424715,-1.3194302574873287,-5.381022995323775,12,12
98,0.0,daily,weak_skew,0.6852629474105179,-1.3839016026959545,-5.381022995323775,12,12
98,0.0,two_day,alt,0.3359375,7.312641369427728,-5.381022995323775,12,12
98,0.0,two_day,sharp,0.19287109375,5.533865959313026,-5.381022995323775,12,12
98,0.0,two_day,weak,0.14697265625,7.320954988665643,-5.381022995323775,12,12
98,0.0,two_day,weak_skew,0.47412109375,6.170559039098919,-5.381022995323775,12,12
98,0.0,four_day,alt,0.6875,-4.070686646467991,-5.381022995323775,6,12
98,0.0,four_day,sharp,0.96875,-0.41365335358808036,-5.381022995323775,6,12
98,0.0,four_day,weak,0.59375,2.931119100988674,-5.381022995323775,6,12
98,0.0,four_day,weak_skew,0.78125,-1.6379851046603804,-5.381022995323775,6,12
99,0.0,daily,alt,0.16316736652669467,-5.705718725820361,-6.173726973258297,12,12
99,0.0,daily,sharp,0.8986202759448111,-0.465548669659789,-6.173726973258297,12,12
99,0.0,daily,weak,0.26394721055788845,3.8679371635058573,-6.173726973258297,12,12
99,0.0,daily,weak_skew,0.33293341331733656,2.5173957934997624,-6.173726973258297,12,12
99,0.0,two_day,alt,0.37744140625,-4.24911204492007,-6.173726973258297,12,12
99,0.0,two_day,sharp,0.41162109375,3.041468213714678,-6.173726973258297,12,12
99,0.0,two_day,weak,0.47314453125,3.314794233361905,-6.173726973258297,12,12
99,0.0,two_day,weak_skew,0.2314453125,5.485642919719389,-6.173726973258297,12,12
99,0.0,four_day,alt,0.03125,-10.721215422875995,-6.173726973258297,6,12
99,0.0,four_day,sharp,0.21875,-3.3450827145168893,-6.173726973258297,6,12
99,0.0,four_day,weak,0.6875,2.1361235162807937,-6.173726973258297,6,12
99,0.0,four_day,weak_skew,0.9375,0.5513889352425695,-6.173726973258297,6,12
100,0.0,daily,alt,0.0001999600079984003,-11.05129416824908,-8.443650829284678,12,12
100,0.0,daily,sharp,0.6902619476104779,-0.6230355368644602,-8.443650829284678,12,12
100,0.0,daily,weak,0.16656668666266747,-2.7193919012211776,-8.443650829284678,12,12
100,0.0,daily,weak_skew,0.5552889422115577,1.6293219333300524,-8.443650829284678,12,12
100,0.0,two_day,alt,0.001953125,-10.46356998569654,-8.443650829284678,12,12
100,0.0,two_day,sharp,0.25830078125,-3.4320375594559867,-8.443650829284678,12,12
100,0.0,two_day,weak,0.29296875,-4.3181526017930905,-8.443650829284678,12,12
100,0.0,two_day,weak_skew,0.8115234375,1.0325771708571956,-8.443650829284678,12,12
100,0.0,four_day,alt,0.125,-8.902943914479762,-8.443650829284678,6,12
100,0.0,four_day,sharp,0.625,-2.3805961795251953,-8.443650829284678,6,12
100,0.0,four_day,weak,0.875,-1.8051719436445322,-8.443650829284678,6,12
100,0.0,four_day,weak_skew,0.875,0.6930107217797818,-8.443650829284678,6,12
101,0.0,daily,alt,0.11497700459908018,-5.907519874817109,-8.43102473918782,12,12
101,0.0,daily,sharp,0.6730653869226155,1.1612571517638262,-8.43102473918782,12,12
101,0.0,daily,weak,0.1907618476304739,5.842428543224735,-8.43102473918782,12,12
101,0.0,daily,weak_skew,0.6764647070585883,-1.2062142976276118,-8.43102473918782,12,12
101,0.0,two_day,alt,0.01220703125,-12.874318549025496,-8.43102473918782,12,12
101,0.0,two_day,sharp,0.87158203125,-0.87136867781665,-8.43102473918782,12,12
101,0.0,two_day,weak,0.6220703125,-3.439697414048919,-8.43102473918782,12,12
101,0.0,two_day,weak_skew,0.9150390625,0.7247704683598825,-8.43102473918782,12,12
101,0.0,four_day,alt,0.09375,-15.71243131052771,-8.43102473918782,6,12
101,0.0,four_day,sharp,0.34375,-6.636826414640652,-8.43102473918782,6,12
101,0.0,four_day,weak,0.09375,-12.86787202063658,-8.43102473918782,6,12
101,0.0,four_day,weak_skew,0.40625,-7.524474077670784,-8.43102473918782,6,12
102,0.0,daily,alt,0.009198160367926415,-5.096941205646533,-8.18880502189375,12,12
102,0.0,daily,sharp,0.036392721455708855,3.151833899593735,-8.18880502189375,12,12
102,0.0,daily,weak,0.4537092581483703,1.5776213081387969,-8.18880502189375,12,12
102,0.0,daily,weak_skew,0.14197160567886422,2.862240426232404,-8.18880502189375,12,12
102,0.0,two_day,alt,0.00390625,-12.534659429987657,-8.18880502189375,12,12
102,0.0,two_day,sharp,0.6630859375,-1.561379303699379,-8.18880502189375,12,12
102,0.0,two_day,weak,0.43896484375,-3.9019314531983675,-8.18880502189375,12,12
102,0.0,two_day,weak_skew,0.45654296875,-3.443515958743736,-8.18880502189375,12,12
102,0.0,four_day,alt,0.53125,-4.191497657501588,-8.18880502189375,6,12
102,0.0,four_day,sharp,0.375,4.997822632201223,-8.18880502189375,6,12
102,0.0,four_day,weak,0.28125,6.803965747494797,-8.18880502189375,6,12
102,0.0,four_day,weak_skew,0.375,9.245021522862197,-8.18880502189375,6,12
103,0.0,daily,alt,0.0001999600079984003,-10.47220979753284,-10.296367428173646,12,12
103,0.0,daily,sharp,0.9032193561287742,-0.19323817031112553,-10.296367428173646,12,12
103,0.0,daily,weak,0.9408118376324736,-0.2166807843787204,-10.296367428173646,12,12
103,0.0,daily,weak_skew,0.2625474905018996,-2.7755875157078216,-10.296367428173646,12,12
103,0.0,two_day,alt,0.2509765625,-4.0167637507414105,-10.296367428173646,12,12
103,0.0,two_day,sharp,0.11474609375,3.0681917257710176,-10.296367428173646,12,12
103,0.0,two_day,weak,0.19287109375,5.48980525985409,-10.296367428173646,12,12
103,0.0,two_day,weak_skew,0.34326171875,6.063066472023586,-10.296367428173646,12,12
103,0.0,four_day,alt,0.21875,-5.484685806279817,-10.296367428173646,6,12
103,0.0,four_day,sharp,0.25,5.891657104095771,-10.296367428173646,6,12
103,0.0,four_day,weak,0.03125,14.772133382144636,-10.296367428173646,6,12
103,0.0,four_day,weak_skew,0.5625,5.014699983603305,-10.296367428173646,6,12
104,0.0,daily,alt,0.10077984403119376,-6.949431361975701,-6.011687159878804,12,12
104,0.0,daily,sharp,0.2953409318136373,-1.9931446008266818,-6.011687159878804,12,12
104,0.0,daily,weak,0.52249550089982,-1.7877390918905813,-6.011687159878804,12,12
104,0.0,daily,weak_skew,0.7988402319536093,0.9044687858301538,-6.011687159878804,12,12
104,0.0,two_day,alt,0.92041015625,-0.8281554249513979,-6.011687159878804,12,12
104,0.0,two_day,sharp,0.5087890625,2.4025786128879205,-6.011687159878804,12,12
104,0.0,two_day,weak,0.6689453125,-1.487811748395537,-6.011687159878804,12,12
104,0.0,two_day,weak_skew,0.19189453125,6.201317447132219,-6.011687159878804,12,12
104,0.0,four_day,alt,0.03125,-10.270724708220254,-6.011687159878804,6,12
104,0.0,four_day,sharp,0.875,0.5401614192579322,-6.011687159878804,6,12
104,0.0,four_day,weak,0.625,-3.165249778655704,-6.011687159878804,6,12
104,0.0,four_day,weak_skew,0.875,0.7257909434471633,-6.011687159878804,6,12
105,0.0,daily,alt,0.0001999600079984003,-11.235588289314093,-12.48492552544247,12,12
105,0.0,daily,sharp,0.28994201159768046,1.8743432808597735,-12.48492552544247,12,12
105,0.0,daily,weak,0.38032393521295743,2.5983556877091325,-12.48492552544247,12,12
105,0.0,daily,weak_skew,0.5202959408118376,1.8170931108061275,-12.48492552544247,12,12
105,0.0,two_day,alt,0.00048828125,-10.029257385566183,-12.48492552544247,12,12
105,0.0,two_day,sharp,0.27294921875,1.2116392032902852,-12.48492552544247,12,12
105,0.0,two_day,weak,0.55419921875,-1.7768440020973326,-12.48492552544247,12,12
105,0.0,two_day,weak_skew,0.482421875,2.0500263385241286,-12.48492552544247,12,12
105,0.0,four_day,alt,0.03125,-12.581851607307245,-12.48492552544247,6,12
105,0.0,four_day,sharp,0.3125,-2.3140299558993838,-12.48492552544247,6,12
105,0.0,four_day,weak,0.0625,-5.205068892314512,-12.48492552544247,6,12
105,0.0,four_day,weak_skew,0.9375,-0.1715573036413834,-12.48492552544247,6,12
106,0.0,daily,alt,0.0003999200159968006,-8.439578878365595,-7.799672912115078,12,12
106,0.0,daily,sharp,0.8014397120575885,-0.6437598282858777,-7.799672912115078,12,12
106,0.0,daily,weak,0.5452909418116376,1.833771857241926,-7.799672912115078,12,12
106,0.0,daily,weak_skew,0.9868026394721056,-0.05242535915458646,-7.799672912115078,12,12
106,0.0,two_day,alt,0.09814453125,-8.048423550150495,-7.799672912115078,12,12
106,0.0,two_day,sharp,0.73779296875,-1.4679488976734258,-7.799672912115078,12,12
106,0.0,two_day,weak,0.34814453125,4.1288787687899875,-7.799672912115078,12,12
106,0.0,two_day,weak_skew,0.90380859375,0.5426907156347968,-7.799672912115078,12,12
106,0.0,four_day,alt,0.28125,-6.6894914276305,-7.799672912115078,6,12
106,0.0,four_day,sharp,0.84375,-0.3111434766478875,-7.799672912115078,6,12
106,0.0,four_day,weak,0.9375,-0.9930541638466295,-7.799672912115078,6,12
106,0.0,four_day,weak_skew,0.40625,-3.911573302372863,-7.799672912115078,6,12
107,0.0,daily,alt,0.004399120175964807,-12.327890344145095,-9.544228611891228,12,12
107,0.0,daily,sharp,0.6042791441711658,-2.0707566186636224,-9.544228611891228,12,12
107,0.0,daily,weak,0.8738252349530093,0.7537753445704679,-9.544228611891228,12,12
107,0.0,daily,weak_skew,0.2891421715656869,-3.6371501979568728,-9.544228611891228,12,12
107,0.0,two_day,alt,0.12353515625,-6.763405893635661,-9.544228611891228,12,12
107,0.0,two_day,sharp,0.34912109375,4.014583040311362,-9.544228611891228,12,12
107,0.0,two_day,weak,0.9384765625,0.46596378948843115,-9.544228611891228,12,12
107,0.0,two_day,weak_skew,0.7080078125,1.6736996354287559,-9.544228611891228,12,12
107,0.0,four_day,alt,0.03125,-10.889358691840776,-9.544228611891228,6,12
107,0.0,four_day,sharp,0.53125,1.424444419052037,-9.544228611891228,6,12
107,0.0,four_day,weak,0.90625,0.4136391241674815,-9.544228611891228,6,12
107,0.0,four_day,weak_skew,0.53125,-2.5682734495695194,-9.544228611891228,6,12
108,0.0,daily,alt,0.0001999600079984003,-16.547896910860633,-10.377710426589758,12,12
108,0.0,daily,sharp,0.001999600079984003,-8.1214964666689,-10.377710426589758,12,12
108,0.0,daily,weak,0.020195960807838434,-6.126762592900099,-10.377710426589758,12,12
108,0.0,daily,weak_skew,0.17796440711857628,-5.953909481343639,-10.377710426589758,12,12
108,0.0,two_day,alt,0.0166015625,-14.537369483207533,-10.377710426589758,12,12
108,0.0,two_day,sharp,0.3232421875,-3.9378387957897005,-10.377710426589758,12,12
108,0.0,two_day,weak,0.61328125,-2.3739355920877245,-10.377710426589758,12,12
108,0.0,two_day,weak_skew,0.197265625,-5.824195026616498,-10.377710426589758,12,12
108,0.0,four_day,alt,0.0625,-16.01698393969255,-10.377710426589758,6,12
108,0.0,four_day,sharp,0.75,-1.71187762127967,-10.377710426589758,6,12
108,0.0,four_day,weak,0.75,-4.0119046562611524,-10.377710426589758,6,12
108,0.0,four_day,weak_skew,0.65625,-2.777173771095594,-10.377710426589758,6,12
109,0.0,daily,alt,0.876624675064987,1.1691650755411314,-6.328602230130443,12,12
109,0.0,daily,sharp,0.22895420915816836,5.55038449248909,-6.328602230130443,12,12
109,0.0,daily,weak,0.23135372925414918,6.742876129937566,-6.328602230130443,12,12
109,0.0,daily,weak_skew,0.8660267946410718,2.548303700235824,-6.328602230130443,12,12
109,0.0,two_day,alt,0.70458984375,2.866141745886424,-6.328602230130443,12,12
109,0.0,two_day,sharp,0.2333984375,3.596667486733798,-6.328602230130443,12,12
109,0.0,two_day,weak,0.44873046875,3.175457865985124,-6.328602230130443,12,12
109,0.0,two_day,weak_skew,0.27880859375,4.767553259001096,-6.328602230130443,12,12
109,0.0,four_day,alt,0.84375,2.4239480685042225,-6.328602230130443,6,12
109,0.0,four_day,sharp,0.34375,8.129349360244435,-6.328602230130443,6,12
109,0.0,four_day,weak,0.78125,4.74514356265638,-6.328602230130443,6,12
109,0.0,four_day,weak_skew,0.78125,4.871749748962927,-6.328602230130443,6,12
110,0.0,daily,alt,0.0003999200159968006,-11.5814243167882,-11.870252327397282,12,12
110,0.0,daily,sharp,0.8620275944811038,0.3050632760341063,-11.870252327397282,12,12
110,0.0,daily,weak,0.23595280943811237,2.8871292097416172,-11.870252327397282,12,12
110,0.0,daily,weak_skew,0.23175364927014597,-2.046943586640987,-11.870252327397282,12,12
110,0.0,two_day,alt,0.001953125,-13.832474597955878,-11.870252327397282,12,12
110,0.0,two_day,sharp,0.984375,-0.07677238773255664,-11.870252327397282,12,12
110,0.0,two_day,weak,0.7841796875,-0.8936938293187412,-11.870252327397282,12,12
110,0.0,two_day,weak_skew,0.44091796875,4.389056080317052,-11.870252327397282,12,12
110,0.0,four_day,alt,0.03125,-8.709631008524125,-11.870252327397282,6,12
110,0.0,four_day,sharp,0.59375,1.0120064542304437,-11.870252327397282,6,12
110,0.0,four_day,weak,0.6875,1.9986572673145524,-11.870252327397282,6,12
110,0.0,four_day,weak_skew,0.78125,-0.8998160284670279,-11.870252327397282,6,12
111,0.0,daily,alt,0.0057988402319536095,-9.07225461646123,-8.284704738404365,12,12
111,0.0,daily,sharp,0.7360527894421116,-0.9533030130091144,-8.284704738404365,12,12
111,0.0,daily,weak,0.8948210357928414,-0.3642298371540047,-8.284704738404365,12,12
111,0.0,daily,weak_skew,0.32273545290941813,-2.3062768027881617,-8.284704738404365,12,12
111,0.0,two_day,alt,0.01806640625,-11.971652628980301,-8.284704738404365,12,12
111,0.0,two_day,sharp,0.17333984375,-4.579860308360547,-8.284704738404365,12,12
111,0.0,two_day,weak,0.97314453125,-0.18111986994688145,-8.284704738404365,12,12
111,0.0,two_day,weak_skew,0.3193359375,-4.956273939745359,-8.284704738404365,12,12
111,0.0,four_day,alt,0.125,-12.127814401838059,-8.284704738404365,6,12
111,0.0,four_day,sharp,0.375,-4.685118238643113,-8.284704738404365,6,12
111,0.0,four_day,weak,0.21875,-6.249807324482173,-8.284704738404365,6,12
111,0.0,four_day,weak_skew,0.125,-8.82604534390993,-8.284704738404365,6,12
112,0.0,daily,alt,0.0001999600079984003,-11.52117243476512,-10.541554986235404,12,12
112,0.0,daily,sharp,0.27454509098180363,-1.303105082506238,-10.541554986235404,12,12
112,0.0,daily,weak,0.5756848630273945,-0.9729034491822043,-10.541554986235404,12,12
112,0.0,daily,weak_skew,0.3187362527494501,-1.5057998615735275,-10.541554986235404,12,12
112,0.0,two_day,alt,0.00048828125,-18.53871441880887,-10.541554986235404,12,12
112,0.0,two_day,sharp,0.00390625,-6.256729628846622,-10.541554986235404,12,12
112,0.0,two_day,weak,0.16259765625,-3.398250037989618,-10.541554986235404,12,12
112,0.0,two_day,weak_skew,0.15234375,-7.138528306660265,-10.541554986235404,12,12
112,0.0,four_day,alt,0.03125,-13.599648686412744,-10.541554986235404,6,12
112,0.0,four_day,sharp,0.1875,-4.642931416744248,-10.541554986235404,6,12
112,0.0,four_day,weak,0.5625,-3.4069273480926454,-10.541554986235404,6,12
112,0.0,four_day,weak_skew,0.875,-1.71623153611302,-10.541554986235404,6,12
113,0.0,daily,alt,0.05118976204759048,-10.12969392722462,-8.171631550583179,12,12
113,0.0,daily,sharp,0.5510897820435913,-2.8079045924462798,-8.171631550583179,12,12
113,0.0,daily,weak,0.33893221355728853,-4.314412993692118,-8.171631550583179,12,12
113,0.0,daily,weak_skew,0.33773245350929815,-3.7187970622092146,-8.171631550583179,12,12
113,0.0,two_day,alt,0.060546875,-14.714216424608225,-8.171631550583179,12,12
113,0.0,two_day,sharp,0.36083984375,-5.47890658009831,-8.171631550583179,12,12
113,0.0,two_day,weak,0.455078125,-5.246805297679949,-8.171631550583179,12,12
113,0.0,two_day,weak_skew,0.5498046875,-4.480325247360011,-8.171631550583179,12,12
113,0.0,four_day,alt,0.53125,-5.56548562602048,-8.171631550583179,6,12
113,0.0,four_day,sharp,0.96875,0.7262568689315358,-8.171631550583179,6,12
113,0.0,four_day,weak,0.59375,4.869185977806793,-8.171631550583179,6,12
113,0.0,four_day,weak_skew,0.4375,-4.828506645277596,-8.171631550583179,6,12
114,0.0,daily,alt,0.0003999200159968006,-11.82464227072686,-8.04713684758189,12,12
114,0.0,daily,sharp,0.10277944411117776,-2.871759849579698,-8.04713684758189,12,12
114,0.0,daily,weak,0.8228354329134173,-0.6272359675492906,-8.04713684758189,12,12
114,0.0,daily,weak_skew,0.013797240551889621,-4.6908392953795115,-8.04713684758189,12,12
114,0.0,two_day,alt,0.072265625,-7.875571313928298,-8.04713684758189,12,12
114,0.0,two_day,sharp,0.861328125,0.5493940143595228,-8.04713684758189,12,12
114,0.0,two_day,weak,0.509765625,-3.5222232666556885,-8.04713684758189,12,12
114,0.0,two_day,weak_skew,0.849609375,0.8140482797899301,-8.04713684758189,12,12
114,0.0,four_day,alt,0.03125,-8.270089987688953,-8.04713684758189,6,12
114,0.0,four_day,sharp,0.625,-1.113009029112246,-8.04713684758189,6,12
114,0.0,four_day,weak,0.34375,-3.8185642107102757,-8.04713684758189,6,12
114,0.0,four_day,weak_skew,0.75,-1.4616155974549265,-8.04713684758189,6,12
115,0.0,daily,alt,0.00639872025594881,-9.49540752699364,-8.678393278459325,12,12
115,0.0,daily,sharp,0.9230153969206158,-0.22107836733431144,-8.678393278459325,12,12
115,0.0,daily,weak,0.6104779044191162,-1.1082266788664061,-8.678393278459325,12,12
115,0.0,daily,weak_skew,0.6692661467706459,-1.261489665238732,-8.678393278459325,12,12
115,0.0,two_day,alt,0.00048828125,-13.69455427299471,-8.678393278459325,12,12
115,0.0,two_day,sharp,0.03955078125,-3.8915495951022927,-8.678393278459325,12,12
115,0.0,two_day,weak,0.5400390625,-1.9001057213351789,-8.678393278459325,12,12
115,0.0,two_day,weak_skew,0.2724609375,-3.471144531517821,-8.678393278459325,12,12
115,0.0,four_day,alt,0.625,-3.2886502192591855,-8.678393278459325,6,12
115,0.0,four_day,sharp,0.375,3.5535798140934305,-8.678393278459325,6,12
115,0.0,four_day,weak,0.03125,11.1076779664108,-8.678393278459325,6,12
115,0.0,four_day,weak_skew,0.9375,1.0930980658934264,-8.678393278459325,6,12
116,0.0,daily,alt,0.5410917816436712,-2.0952631010061027,-5.956831554808673,12,12
116,0.0,daily,sharp,0.0643871225754849,5.047392299427073,-5.956831554808673,12,12
116,0.0,daily,weak,0.049590081983603276,6.001824082991573,-5.956831554808673,12,12
116,0.0,daily,weak_skew,0.04259148170365927,6.925873653556696,-5.956831554808673,12,12
116,0.0,two_day,alt,0.05810546875,-8.993204364337425,-5.956831554808673,12,12
116,0.0,two_day,sharp,0.62646484375,-2.111589089253162,-5.956831554808673,12,12
116,0.0,two_day,weak,0.3681640625,-5.162637369542229,-5.956831554808673,12,12
116,0.0,two_day,weak_skew,0.3388671875,4.461476452783542,-5.956831554808673,12,12
116,0.0,four_day,alt,0.0625,-10.015617432799596,-5.956831554808673,6,12
116,0.0,four_day,sharp,0.34375,-4.921968331567316,-5.956831554808673,6,12
116,0.0,four_day,weak,0.46875,-3.239559432170315,-5.956831554808673,6,12
116,0.0,four_day,weak_skew,0.25,-5.654882858206668,-5.956831554808673,6,12
117,0.0,daily,alt,0.0001999600079984003,-13.23063613813156,-10.733798082647446,12,12
117,0.0,daily,sharp,0.4949010197960408,-1.3445228267075844,-10.733798082647446,12,12
117,0.0,daily,weak,0.4449110177964407,-2.831147014264889,-10.733798082647446,12,12
117,0.0,daily,weak_skew,0.9110177964407119,0.4128794494967411,-10.733798082647446,12,12
117,0.0,two_day,alt,0.1533203125,-4.866954744056705,-10.733798082647446,12,12
117,0.0,two_day,sharp,0.0341796875,4.911761919996393,-10.733798082647446,12,12
117,0.0,two_day,weak,0.2275390625,4.899334654641428,-10.733798082647446,12,12
117,0.0,two_day,weak_skew,0.04541015625,12.068652350082516,-10.733798082647446,12,12
117,0.0,four_day,alt,0.25,-7.564524551915525,-10.733798082647446,6,12
117,0.0,four_day,sharp,0.875,1.3026631772241675,-10.733798082647446,6,12
117,0.0,four_day,weak,0.5625,-3.3129351284201944,-10.733798082647446,6,12
117,0.0,four_day,weak_skew,0.84375,0.8838473571121431,-10.733798082647446,6,12
118,0.0,daily,alt,0.0001999600079984003,-15.099371743195514,-11.666905743447785,12,12
118,0.0,daily,sharp,0.2975404919016197,-1.5857642702094907,-11.666905743447785,12,12
118,0.0,daily,weak,0.6902619476104779,-1.0095097630299872,-11.666905743447785,12,12
118,0.0,daily,weak_skew,0.6898620275944811,1.7011529400528325,-11.666905743447785,12,12
118,0.0,two_day,alt,0.00732421875,-9.237352912583361,-11.666905743447785,12,12
118,0.0,two_day,sharp,0.6318359375,0.8647397330067003,-11.666905743447785,12,12
118,0.0,two_day,weak,0.4765625,1.5958469718824357,-11.666905743447785,12,12
118,0.0,two_day,weak_skew,0.6396484375,1.7847846116046202,-11.666905743447785,12,12
118,0.0,four_day,alt,0.03125,-14.43199426205877,-11.666905743447785,6,12
118,0.0,four_day,sharp,0.25,-2.5356432637617345,-11.666905743447785,6,12
118,0.0,four_day,weak,0.5,-4.5658387531119216,-11.666905743447785,6,12
118,0.0,four_day,weak_skew,0.59375,-2.1288799175188813,-11.666905743447785,6,12
119,0.0,daily,alt,0.0003999200159968006,-12.313761094806585,-10.376649334158614,12,12
119,0.0,daily,sharp,0.4783043391321736,-1.0461350246643046,-10.376649334158614,12,12
119,0.0,daily,weak,0.6416716656668666,-1.2755613292535184,-10.376649334158614,12,12
119,0.0,daily,weak_skew,0.22455508898220355,-2.2820195190210275,-10.376649334158614,12,12
119,0.0,two_day,alt,0.03955078125,-11.793977753216756,-10.376649334158614,12,12
119,0.0,two_day,sharp,0.53076171875,-1.404933131937008,-10.376649334158614,12,12
119,0.0,two_day,weak,0.41748046875,-3.0885016482033802,-10.376649334158614,12,12
119,0.0,two_day,weak_skew,0.3583984375,-2.8829467938985274,-10.376649334158614,12,12
119,0.0,four_day,alt,0.03125,-6.384756421996098,-10.376649334158614,6,12
119,0.0,four_day,sharp,0.40625,1.510552691042598,-10.376649334158614,6,12
119,0.0,four_day,weak,0.125,5.918256141512792,-10.376649334158614,6,12
119,0.0,four_day,weak_skew,0.34375,7.784099257220578,-10.376649334158614,6,12
120,0.0,daily,alt,0.004999000199960008,-7.114241382964448,-8.428748725817051,12,12
120,0.0,daily,sharp,0.4563087382523495,1.1664444599252064,-8.428748725817051,12,12
120,0.0,daily,weak,0.7002599480103979,0.8975148978324867,-8.428748725817051,12,12
120,0.0,daily,weak_skew,0.19096180763847231,2.017280023743871,-8.428748725817051,12,12
120,0.0,two_day,alt,0.005859375,-11.788116170824912,-8.428748725817051,12,12
120,0.0,two_day,sharp,0.15087890625,-3.746017196900586,-8.428748725817051,12,12
120,0.0,two_day,weak,0.5703125,-2.2936249132410134,-8.428748725817051,12,12
120,0.0,two_day,weak_skew,0.25439453125,-3.92824143608434,-8.428748725817051,12,12
120,0.0,four_day,alt,0.0625,-7.839001790609405,-8.428748725817051,6,12
120,0.0,four_day,sharp,0.375,2.576937592179893,-8.428748725817051,6,12
120,0.0,four_day,weak,0.28125,7.383647593958071,-8.428748725817051,6,12
120,0.0,four_day,weak_skew,0.5625,1.4695503802884164,-8.428748725817051,6,12
121,0.0,daily,alt,0.0013997200559888023,-9.948444491267637,-10.452511157662983,12,12
121,0.0,daily,sharp,0.09538092381523695,1.8963004208332161,-10.452511157662983,12,12
121,0.0,daily,weak,0.4221155768846231,2.5291604047026084,-10.452511157662983,12,12
121,0.0,daily,weak_skew,0.2503499300139972,3.191968785689351,-10.452511157662983,12,12
121,0.0,two_day,alt,0.0009765625,-9.974923460575868,-10.452511157662983,12,12
121,0.0,two_day,sharp,0.67236328125,0.7592671013902154,-10.452511157662983,12,12
121,0.0,two_day,weak,0.2158203125,4.080603412507651,-10.452511157662983,12,12
121,0.0,two_day,weak_skew,0.7587890625,-0.7227087822153374,-10.452511157662983,12,12
121,0.0,four_day,alt,0.0625,-12.055927072962206,-10.452511157662983,6,12
121,0.0,four_day,sharp,0.25,-1.370106994753358,-10.452511157662983,6,12
121,0.0,four_day,weak,0.625,-1.9294012555603903,-10.452511157662983,6,12
121,0.0,four_day,weak_skew,0.9375,1.0235498168613806,-10.452511157662983,6,12
122,0.0,daily,alt,0.04439112177564487,-5.9448686052791615,-6.347116033130824,12,12
122,0.0,daily,sharp,0.8408318336332733,-0.4892178719198987,-6.347116033130824,12,12
122,0.0,daily,weak,0.5144971005798841,-1.9330612662562985,-6.347116033130824,12,12
122,0.0,daily,weak_skew,0.9030193961207759,0.3926041269017144,-6.347116033130824,12,12
122,0.0,two_day,alt,0.01611328125,-7.69440125267609,-6.347116033130824,12,12
122,0.0,two_day,sharp,0.80029296875,-0.4942798922791691,-6.347116033130824,12,12
122,0.0,two_day,weak,0.884765625,-0.5218054382206656,-6.347116033130824,12,12
122,0.0,two_day,weak_skew,0.52685546875,-1.7513032084402393,-6.347116033130824,12,12
122,0.0,four_day,alt,0.5,-2.9340090922439934,-6.347116033130824,6,12
122,0.0,four_day,sharp,0.59375,1.3357031761098643,-6.347116033130824,6,12
122,0.0,four_day,weak,0.59375,-2.2988415127079818,-6.347116033130824,6,12
122,0.0,four_day,weak_skew,0.8125,1.254489781076824,-6.347116033130824,6,12
123,0.0,daily,alt,0.04299140171965607,-6.84941590670503,-9.32848642451529,12,12
123,0.0,daily,sharp,0.34693061387722457,0.9016015120624216,-9.32848642451529,12,12
123,0.0,daily,weak,0.5420915816836632,-1.4058405539796226,-9.32848642451529,12,12
123,0.0,daily,weak_skew,0.9288142371525695,-0.22245224751198123,-9.32848642451529,12,12
123,0.0,two_day,alt,0.05615234375,-9.88223772947138,-9.32848642451529,12,12
123,0.0,two_day,sharp,0.90185546875,-0.20072563368259821,-9.32848642451529,12,12
123,0.0,two_day,weak,0.04736328125,5.419290505049033,-9.32848642451529,12,12
123,0.0,two_day,weak_skew,0.29248046875,5.952478468565036,-9.32848642451529,12,12
123,0.0,four_day,alt,0.8125,-0.9677499269752564,-9.32848642451529,6,12
123,0.0,four_day,sharp,0.5,1.7441271155891525,-9.32848642451529,6,12
123,0.0,four_day,weak,0.96875,-0.1493812827433736,-9.32848642451529,6,12
123,0.0,four_day,weak_skew,0.34375,3.608949861020971,-9.32848642451529,6,12
124,0.0,daily,alt,0.05158968206358728,-6.101528416372784,-8.595841151815705,12,12
124,0.0,daily,sharp,0.38392321535692864,1.6242210599437463,-8.595841151815705,12,12
124,0.0,daily,weak,0.6280743851229754,1.0248490667973453,-8.595841151815705,12,12
124,0.0,daily,weak_skew,0.6606678664267147,1.1994154161654997,-8.595841151815705,12,12
124,0.0,two_day,alt,0.3779296875,-4.021846610560569,-8.595841151815705,12,12
124,0.0,two_day,sharp,0.39404296875,2.13244502587572,-8.595841151815705,12,12
124,0.0,two_day,weak,0.65771484375,1.7375879800827825,-8.595841151815705,12,12
124,0.0,two_day,weak_skew,0.44580078125,3.1978101038390956,-8.595841151815705,12,12
124,0.0,four_day,alt,0.03125,-20.521624990617934,-8.595841151815705,6,12
124,0.0,four_day,sharp,0.09375,-7.649222148764192,-8.595841151815705,6,12
124,0.0,four_day,weak,0.65625,2.1916004042936357,-8.595841151815705,6,12
124,0.0,four_day,weak_skew,0.125,-10.281183659480954,-8.595841151815705,6,12
125,0.0,daily,alt,0.01199760047990402,-9.209955420496543,-7.523089545707691,12,12
125,0.0,daily,sharp,0.5132973405318936,-1.5351494022185446,-7.523089545707691,12,12
125,0.0,daily,weak,0.5718856228754249,-1.5800496007066769,-7.523089545707691,12,12
125,0.0,daily,weak_skew,0.6780643871225754,1.6868618638684563,-7.523089545707691,12,12
125,0.0,two_day,alt,0.59130859375,-2.2297658178688753,-7.523089545707691,12,12
125,0.0,two_day,sharp,0.20458984375,3.2406702434337777,-7.523089545707691,12,12
125,0.0,two_day,weak,0.8720703125,0.8722040056218354,-7.523089545707691,12,12
125,0.0,two_day,weak_skew,0.32177734375,3.514526076707789,-7.523089545707691,12,12
125,0.0,four_day,alt,0.0625,-11.205812191163957,-7.523089545707691,6,12
125,0.0,four_day,sharp,0.78125,-2.6073187284832096,-7.523089545707691,6,12
125,0.0,four_day,weak,0.09375,9.242106459742423,-7.523089545707691,6,12
125,0.0,four_day,weak_skew,0.75,-2.863367848094486,-7.523089545707691,6,12
126,0.0,daily,alt,0.003999200159968006,-5.793291341617009,-6.761594452892069,12,12
126,0.0,daily,sharp,0.2479504099180164,1.4907341445391638,-6.761594452892069,12,12
126,0.0,daily,weak,0.5970805838832234,1.0327737787498137,-6.761594452892069,12,12
126,0.0,daily,weak_skew,0.6696660667866426,1.1208311926867758,-6.761594452892069,12,12
126,0.0,two_day,alt,0.0068359375,-8.228557485115404,-6.761594452892069,12,12
126,0.0,two_day,sharp,0.484375,1.089106921082249,-6.761594452892069,12,12
126,0.0,two_day,weak,0.11474609375,-3.7571951111359017,-6.761594452892069,12,12
126,0.0,two_day,weak_skew,0.8193359375,-0.6159328015676877,-6.761594452892069,12,12
126,0.0,four_day,alt,0.84375,-3.1471223286452905,-6.761594452892069,6,12
126,0.0,four_day,sharp,0.875,0.49911821546628116,-6.761594452892069,6,12
126,0.0,four_day,weak,0.59375,2.8082280867838016,-6.761594452892069,6,12
126,0.0,four_day,weak_skew,0.96875,0.1099763549769553,-6.761594452892069,6,12
127,0.0,daily,alt,0.0003999200159968006,-13.873965957604376,-6.674891609387302,12,12
127,0.0,daily,sharp,0.003999200159968006,-4.584429915994013,-6.674891609387302,12,12
127,0.0,daily,weak,0.1247750449910018,-3.2830660813882466,-6.674891609387302,12,12
127,0.0,daily,weak_skew,0.14997000599880023,-3.645900657196733,-6.674891609387302,12,12
127,0.0,two_day,alt,0.00634765625,-9.764766815421853,-6.674891609387302,12,12
127,0.0,two_day,sharp,0.1201171875,-2.9489025438191034,-6.674891609387302,12,12
127,0.0,two_day,weak,0.40869140625,-2.550294299959313,-6.674891609387302,12,12
127,0.0,two_day,weak_skew,0.49853515625,-2.1022141236018914,-6.674891609387302,12,12
127,0.0,four_day,alt,0.21875,-7.4545455901372115,-6.674891609387302,6,12
127,0.0,four_day,sharp,0.78125,-1.5628236572263248,-6.674891609387302,6,12
127,0.0,four_day,weak,0.09375,12.296217810132255,-6.674891609387302,6,12
127,0.0,four_day,weak_skew,0.1875,-6.780975294248372,-6.674891609387302,6,12
128,0.0,daily,alt,0.003999200159968006,-16.383833985539333,-9.79229733683784,12,12
128,0.0,daily,sharp,0.1959608078384323,-4.205983899764638,-9.79229733683784,12,12
128,0.0,daily,weak,0.21935612877424515,-5.048584659846699,-9.79229733683784,12,12
128,0.0,daily,weak_skew,0.9688062387522496,-0.16768548423553517,-9.79229733683784,12,12
128,0.0,two_day,alt,0.00048828125,-23.38918747135784,-9.79229733683784,12,12
128,0.0,two_day,sharp,0.01806640625,-10.257531051665831,-9.79229733683784,12,12
128,0.0,two_day,weak,0.08544921875,-9.915421454826374,-9.79229733683784,12,12
128,0.0,two_day,weak_skew,0.0146484375,-12.129954075779816,-9.79229733683784,12,12
128,0.0,four_day,alt,0.0625,-14.480047845916046,-9.79229733683784,6,12
128,0.0,four_day,sharp,0.6875,-1.8528802859664897,-9.79229733683784,6,12
128,0.0,four_day,weak,0.84375,1.9037693366006951,-9.79229733683784,6,12
128,0.0,four_day,weak_skew,0.5,6.583837075828469,-9.79229733683784,6,12
129,0.0,daily,alt,0.0001999600079984003,-16.999374148554242,-12.831907422732066,12,12
129,0.0,daily,sharp,0.6222755448910218,-1.3095137842567446,-12.831907422732066,12,12
129,0.0,daily,weak,0.09858028394321136,-4.10538865665104,-12.831907422732066,12,12
129,0.0,daily,weak_skew,0.09158168366326734,-4.522341449092573,-12.831907422732066,12,12
129,0.0,two_day,alt,0.03515625,-10.476774137984826,-12.831907422732066,12,12
129,0.0,two_day,sharp,0.91552734375,0.31529954331680327,-12.831907422732066,12,12
129,0.0,two_day,weak,0.154296875,-5.778587412523231,-12.831907422732066,12,12
129,0.0,two_day,weak_skew,0.63037109375,1.9796655758135238,-12.831907422732066,12,12
129,0.0,four_day,alt,0.03125,-9.542357138036605,-12.831907422732066,6,12
129,0.0,four_day,sharp,0.125,4.606666030761763,-12.831907422732066,6,12
129,0.0,four_day,weak,0.1875,7.281226774210823,-12.831907422732066,6,12
129,0.0,four_day,weak_skew,0.59375,1.155376558000287,-12.831907422732066,6,12
130,0.0,daily,alt,0.0001999600079984003,-11.131893631791257,-8.431524547308832,12,12
130,0.0,daily,sharp,0.02399520095980804,-2.186802585685451,-8.431524547308832,12,12
130,0.0,daily,weak,0.2943411317736453,-2.397978569419115,-8.431524547308832,12,12
130,0.0,daily,weak_skew,0.6240751849630074,-0.9248601751645431,-8.431524547308832,12,12
130,0.0,two_day,alt,0.09716796875,-6.997226642519699,-8.431524547308832,12,12
130,0.0,two_day,sharp,0.42333984375,2.2701735691543448,-8.431524547308832,12,12
130,0.0,two_day,weak,0.23779296875,4.897744241382982,-8.431524547308832,12,12
130,0.0,two_day,weak_skew,0.46240234375,3.204717789308471,-8.431524547308832,12,12
130,0.0,four_day,alt,0.0625,-11.701726595875071,-8.431524547308832,6,12
130,0.0,four_day,sharp,0.5625,-2.911597800073649,-8.431524547308832,6,12
130,0.0,four_day,weak,0.84375,-0.5278815052361073,-8.431524547308832,6,12
130,0.0,four_day,weak_skew,0.375,-4.074264428403057,-8.431524547308832,6,12
131,0.0,daily,alt,0.2375524895020996,-4.494793823512709,-9.661046948825366,12,12
131,0.0,daily,sharp,0.04499100179964007,5.084621366590503,-9.661046948825366,12,12
131,0.0,daily,weak,0.7598480303939212,0.992085651631245,-9.661046948825366,12,12
131,0.0,daily,weak_skew,0.1367726454709058,4.657464272387138,-9.661046948825366,12,12
131,0.0,two_day,alt,0.01708984375,-10.913436358100137,-9.661046948825366,12,12
131,0.0,two_day,sharp,0.94189453125,0.2528588954485045,-9.661046948825366,12,12
131,0.0,two_day,weak,0.51220703125,-2.3997600715990743,-9.661046948825366,12,12
131,0.0,two_day,weak_skew,0.728515625,2.118489240394323,-9.661046948825366,12,12
131,0.0,four_day,alt,0.0625,-13.439701354570408,-9.661046948825366,6,12
131,0.0,four_day,sharp,0.4375,-2.6421626696508818,-9.661046948825366,6,12
131,0.0,four_day,weak,0.9375,0.6884965453632989,-9.661046948825366,6,12
131,0.0,four_day,weak_skew,0.84375,4.805993830254656,-9.661046948825366,6,12
132,0.0,daily,alt,0.0011997600479904018,-13.07380172626687,-9.776256678989313,12,12
132,0.0,daily,sharp,0.483503299340132,-1.9990623072440765,-9.776256678989313,12,12
132,0.0,daily,weak,0.394121175764847,-2.705182861138217,-9.776256678989313,12,12
132,0.0,daily,weak_skew,0.5670865826834633,-1.8861579282738816,-9.776256678989313,12,12
132,0.0,two_day,alt,0.09423828125,-6.983661041491434,-9.776256678989313,12,12
132,0.0,two_day,sharp,0.6171875,1.6584430707378506,-9.776256678989313,12,12
132,0.0,two_day,weak,0.4541015625,-4.035609327373533,-9.776256678989313,12,12
132,0.0,two_day,weak_skew,0.97216796875,0.1602385227726805,-9.776256678989313,12,12
132,0.0,four_day,alt,0.03125,-10.844728568459752,-9.776256678989313,6,12
132,0.0,four_day,sharp,0.78125,-1.2154908438608107,-9.776256678989313,6,12
132,0.0,four_day,weak,0.40625,-5.4899606697909755,-9.776256678989313,6,12
132,0.0,four_day,weak_skew,0.46875,-3.5879442367521315,-9.776256678989313,6,12
133,0.0,daily,alt,0.20635872825434912,-7.866464577853677,-9.329343638529366,12,12
133,0.0,daily,sharp,0.6470705858828234,3.0940584496013215,-9.329343638529366,12,12
133,0.0,daily,weak,0.846630673865227,1.26874652784464,-9.329343638529366,12,12
133,0.0,daily,weak_skew,0.5960807838432314,3.3569251418928414,-9.329343638529366,12,12
133,0.0,two_day,alt,0.05126953125,-12.715721029839704,-9.329343638529366,12,12
133,0.0,two_day,sharp,0.892578125,-0.7929387767433216,-9.329343638529366,12,12
133,0.0,two_day,weak,0.98583984375,-0.1025827879774835,-9.329343638529366,12,12
133,0.0,two_day,weak_skew,0.75537109375,-2.1002833530949143,-9.329343638529366,12,12
133,0.0,four_day,alt,0.90625,0.83432377752298,-9.329343638529366,6,12
133,0.0,four_day,sharp,0.09375,10.41270858141608,-9.329343638529366,6,12
133,0.0,four_day,weak,0.09375,10.922790679903079,-9.329343638529366,6,12
133,0.0,four_day,weak_skew,0.34375,8.975276289609242,-9.329343638529366,6,12
134,0.0,daily,alt,0.016396720655868825,-11.353251962811035,-11.591935924708878,12,12
134,0.0,daily,sharp,0.8742251549690062,0.6475725661830983,-11.591935924708878,12,12
134,0.0,daily,weak,0.9844031193761248,0.07335399721746683,-11.591935924708878,12,12
134,0.0,daily,weak_skew,0.8888222355528894,-0.5615126214771126,-11.591935924708878,12,12
134,0.0,two_day,alt,0.017578125,-10.169461385820311,-11.591935924708878,12,12
134,0.0,two_day,sharp,0.82666015625,0.694196970875207,-11.591935924708878,12,12
134,0.0,two_day,weak,0.16943359375,5.434433782530639,-11.591935924708878,12,12
134,0.0,two_day,weak_skew,0.9208984375,0.542729747332117,-11.591935924708878,12,12
134,0.0,four_day,alt,0.46875,-7.665523628060072,-11.591935924708878,6,12
134,0.0,four_day,sharp,0.625,3.49099464505854,-11.591935924708878,6,12
134,0.0,four_day,weak,0.90625,-4.3980767964227985,-11.591935924708878,6,12
134,0.0,four_day,weak_skew,0.625,2.8934141443187755,-11.591935924708878,6,12
135,0.0,daily,alt,0.00599880023995201,-9.661540067426083,-10.24138776723455,12,12
135,0.0,daily,sharp,0.6292741451709658,1.4212441748480658,-10.24138776723455,12,12
135,0.0,daily,weak,0.673865226954609,2.048768528039823,-10.24138776723455,12,12
135,0.0,daily,weak_skew,0.20095980803839233,4.534315330014942,-10.24138776723455,12,12
135,0.0,two_day,alt,0.0625,-9.69668114334547,-10.24138776723455,12,12
135,0.0,two_day,sharp,0.6103515625,1.7799385997013968,-10.24138776723455,12,12
135,0.0,two_day,weak,0.47119140625,3.469918313238923,-10.24138776723455,12,12
135,0.0,two_day,weak_skew,0.4833984375,3.0956415870192235,-10.24138776723455,12,12
135,0.0,four_day,alt,0.03125,-16.987833536197304,-10.24138776723455,6,12
135,0.0,four_day,sharp,0.21875,-6.010436642090398,-10.24138776723455,6,12
135,0.0,four_day,weak,0.5,-5.799356058706344,-10.24138776723455,6,12
135,0.0,four_day,weak_skew,0.46875,-5.747309631281138,-10.24138776723455,6,12
136,0.0,daily,alt,0.011397720455908818,-10.260367306808918,-8.267986176874153,12,12
136,0.0,daily,sharp,0.2591481703659268,-2.842465945216091,-8.267986176874153,12,12
136,0.0,daily,weak,0.19916016796640673,-3.7728556413246337,-8.267986176874153,12,12
136,0.0,daily,weak_skew,0.7504499100179964,-1.0816459252865431,-8.267986176874153,12,12
136,0.0,two_day,alt,0.0048828125,-13.574862019849027,-8.267986176874153,12,12
136,0.0,two_day,sharp,0.853515625,-0.49809990750925276,-8.267986176874153,12,12
136,0.0,two_day,weak,0.15576171875,4.523025347064463,-8.267986176874153,12,12
136,0.0,two_day,weak_skew,0.546875,2.198726316750076,-8.267986176874153,12,12
136,0.0,four_day,alt,0.59375,-4.380506802412847,-8.267986176874153,6,12
136,0.0,four_day,sharp,0.8125,0.8265251819665641,-8.267986176874153,6,12
136,0.0,four_day,weak,0.21875,7.01972417398396,-8.267986176874153,6,12
136,0.0,four_day,weak_skew,0.71875,-1.5721709249673108,-8.267986176874153,6,12
137,0.0,daily,alt,0.0061987602479504095,-10.809330656701468,-11.761907206092374,12,12
137,0.0,daily,sharp,0.8474305138972206,-0.606711233932891,-11.761907206092374,12,12
137,0.0,daily,weak,0.15976804639072187,4.3859209165874455,-11.761907206092374,12,12
137,0.0,daily,weak_skew,0.6266746650669867,-1.7363583200689934,-11.761907206092374,12,12
137,0.0,two_day,alt,0.0693359375,-6.031559572640263,-11.761907206092374,12,12
137,0.0,two_day,sharp,0.03662109375,5.251598648153763,-11.761907206092374,12,12
137,0.0,two_day,weak,0.08056640625,4.2093477476401135,-11.761907206092374,12,12
137,0.0,two_day,weak_skew,0.455078125,1.7999124314729293,-11.761907206092374,12,12
137,0.0,four_day,alt,0.09375,-11.78582425743094,-11.761907206092374,6,12
137,0.0,four_day,sharp,0.84375,1.038236982617929,-11.761907206092374,6,12
137,0.0,four_day,weak,0.90625,0.9707163607300883,-11.761907206092374,6,12
137,0.0,four_day,weak_skew,0.375,10.594880120489885,-11.761907206092374,6,12
138,0.0,daily,alt,0.18056388722255548,-6.479280782882744,-8.770300214008657,12,12
138,0.0,daily,sharp,0.5090981803639272,1.2498194365443098,-8.770300214008657,12,12
138,0.0,daily,weak,0.9798040391921615,0.05244861670759171,-8.770300214008657,12,12
138,0.0,daily,weak_skew,0.9266146770645871,0.23762960485960902,-8.770300214008657,12,12
138,0.0,two_day,alt,0.9140625,-0.5287541194409494,-8.770300214008657,12,12
138,0.0,two_day,sharp,0.16015625,2.6124543764704264,-8.770300214008657,12,12
138,0.0,two_day,weak,0.02685546875,5.343432487430405,-8.770300214008657,12,12
138,0.0,two_day,weak_skew,0.494140625,1.5102525641658915,-8.770300214008657,12,12
138,0.0,four_day,alt,0.03125,-11.293639332238543,-8.770300214008657,6,12
138,0.0,four_day,sharp,0.75,-0.7402055388894091,-8.770300214008657,6,12
138,0.0,four_day,weak,0.5,3.616412130234417,-8.770300214008657,6,12
138,0.0,four_day,weak_skew,1.0,1.2582660921745041,-8.770300214008657,6,12
139,0.0,daily,alt,0.001799640071985603,-9.156550102953865,-10.047615869045465,12,12
139,0.0,daily,sharp,0.3199360127974405,1.751660984752517,-10.047615869045465,12,12
139,0.0,daily,weak,0.7162567486502699,0.9716116477651724,-10.047615869045465,12,12
139,0.0,daily,weak_skew,0.9580083983203359,-0.13906293162211014,-10.047615869045465,12,12
139,0.0,two_day,alt,0.00146484375,-14.464324656848348,-10.047615869045465,12,12
139,0.0,two_day,sharp,0.39306640625,-1.9837225272636136,-10.047615869045465,12,12
139,0.0,two_day,weak,0.3681640625,-2.8724325005679727,-10.047615869045465,12,12
139,0.0,two_day,weak_skew,0.2041015625,-4.005589196110909,-10.047615869045465,12,12
139,0.0,four_day,alt,0.4375,-3.9722139908020915,-10.047615869045465,6,12
139,0.0,four_day,sharp,0.125,4.504167842939285,-10.047615869045465,6,12
139,0.0,four_day,weak,0.46875,5.189864012013853,-10.047615869045465,6,12
139,0.0,four_day,weak_skew,0.34375,-2.1128075037578995,-10.047615869045465,6,12
140,0.0,daily,alt,0.131373725254949,-5.892681971956705,-9.505325146224301,12,12
140,0.0,daily,sharp,0.17796440711857628,3.994072367662479,-9.505325146224301,12,12
140,0.0,daily,weak,0.6054789042191562,1.611480096468302,-9.505325146224301,12,12
140,0.0,daily,weak_skew,0.7298540291941612,1.2506425563265697,-9.505325146224301,12,12
140,0.0,two_day,alt,0.27490234375,-6.188104882008742,-9.505325146224301,12,12
140,0.0,two_day,sharp,0.25146484375,3.2383057121252743,-9.505325146224301,12,12
140,0.0,two_day,weak,0.201171875,4.015585299736366,-9.505325146224301,12,12
140,0.0,two_day,weak_skew,0.17041015625,5.868937181213099,-9.505325146224301,12,12
140,0.0,four_day,alt,0.125,-13.933872876845507,-9.505325146224301,6,12
140,0.0,four_day,sharp,0.4375,-4.407290226053225,-9.505325146224301,6,12
140,0.0,four_day,weak,0.5625,-4.228151283058488,-9.505325146224301,6,12
140,0.0,four_day,weak_skew,0.84375,1.2604785578123294,-9.505325146224301,6,12
141,0.0,daily,alt,0.10877824435112977,-6.273217121198165,-4.134653917718879,12,12
141,0.0,daily,sharp,0.748250349930014,-0.5545948142524614,-4.134653917718879,12,12
141,0.0,daily,weak,0.3343331333733253,-1.5928534194936077,-4.134653917718879,12,12
141,0.0,daily,weak_skew,0.9318136372725455,-0.2169850616671353,-4.134653917718879,12,12
141,0.0,two_day,alt,0.88623046875,-1.334802168671068,-4.134653917718879,12,12
141,0.0,two_day,sharp,0.47802734375,-2.0964381837234716,-4.134653917718879,12,12
141,0.0,two_day,weak,0.6904296875,1.579654789084918,-4.134653917718879,12,12
141,0.0,two_day,weak_skew,0.70849609375,1.6091268817247457,-4.134653917718879,12,12
141,0.0,four_day,alt,0.625,-6.042607034018315,-4.134653917718879,6,12
141,0.0,four_day,sharp,0.15625,-5.483272038109273,-4.134653917718879,6,12
141,0.0,four_day,weak,0.71875,-2.27747692639093,-4.134653917718879,6,12
141,0.0,four_day,weak_skew,0.875,-1.1432808779577688,-4.134653917718879,6,12
142,0.0,daily,alt,0.010197960407918417,-6.029363807014954,-4.898880298241679,12,12
142,0.0,daily,sharp,0.30813837232553487,-1.2384104559523716,-4.898880298241679,12,12
142,0.0,daily,weak,0.7670465906818636,-0.5140961820938633,-4.898880298241679,12,12
142,0.0,daily,weak_skew,0.7654469106178764,-0.6668964017312385,-4.898880298241679,12,12
142,0.0,two_day,alt,0.16015625,-4.991396990153912,-4.898880298241679,12,12
142,0.0,two_day,sharp,0.7919921875,0.5021869203316983,-4.898880298241679,12,12
142,0.0,two_day,weak,0.86181640625,0.7098105109384409,-4.898880298241679,12,12
142,0.0,two_day,weak_skew,0.72705078125,-0.8273712014827215,-4.898880298241679,12,12
142,0.0,four_day,alt,0.15625,-7.643585528269675,-4.898880298241679,6,12
142,0.0,four_day,sharp,0.71875,-1.0676709328527731,-4.898880298241679,6,12
142,0.0,four_day,weak,0.1875,-7.586454261057836,-4.898880298241679,6,12
142,0.0,four_day,weak_skew,0.0625,-8.164095609307523,-4.898880298241679,6,12
143,0.0,daily,alt,0.047190561887622474,-8.199559713253963,-8.150526424867465,12,12
143,0.0,daily,sharp,0.7690461907618477,-0.47682923451495896,-8.150526424867465,12,12
143,0.0,daily,weak,0.730253949210158,0.9023778525484,-8.150526424867465,12,12
143,0.0,daily,weak_skew,0.3899220155968806,-1.9456928535949007,-8.150526424867465,12,12
143,0.0,two_day,alt,0.2919921875,-5.119341776960309,-8.150526424867465,12,12
143,0.0,two_day,sharp,0.71044921875,0.563128971267887,-8.150526424867465,12,12
143,0.0,two_day,weak,0.66259765625,-1.2760766123105032,-8.150526424867465,12,12
143,0.0,two_day,weak_skew,0.91650390625,-0.34347955176690687,-8.150526424867465,12,12
143,0.0,four_day,alt,0.40625,-3.703203814010152,-8.150526424867465,6,12
143,0.0,four_day,sharp,0.46875,1.7480386625194722,-8.150526424867465,6,12
143,0.0,four_day,weak,0.96875,0.21262872431416233,-8.150526424867465,6,12
143,0.0,four_day,weak_skew,0.21875,4.950330457109196,-8.150526424867465,6,12
144,0.0,daily,alt,0.0001999600079984003,-11.000121431942368,-11.348235761559792,12,12
144,0.0,daily,sharp,0.4501099780043991,-0.9737185386588312,-11.348235761559792,12,12
144,0.0,daily,weak,0.9620075984803039,-0.11284751841251565,-11.348235761559792,12,12
144,0.0,daily,weak_skew,0.9674065186962607,-0.07494643753419794,-11.348235761559792,12,12
144,0.0,two_day,alt,0.00048828125,-19.560474910383274,-11.348235761559792,12,12
144,0.0,two_day,sharp,0.00439453125,-6.625797117356701,-11.348235761559792,12,12
144,0.0,two_day,weak,0.03564453125,-7.027766475005585,-11.348235761559792,12,12
144,0.0,two_day,weak_skew,0.00048828125,-9.864245856596542,-11.348235761559792,12,12
144,0.0,four_day,alt,0.03125,-9.542628013428933,-11.348235761559792,6,12
144,0.0,four_day,sharp,0.96875,0.029690048061644585,-11.348235761559792,6,12
144,0.0,four_day,weak,0.4375,2.5596497579966537,-11.348235761559792,6,12
144,0.0,four_day,weak_skew,0.03125,-4.614871078565727,-11.348235761559792,6,12
145,0.0,daily,alt,0.003799240151969606,-9.383411371966007,-9.62630521115112,12,12
145,0.0,daily,sharp,0.8100379924015197,0.46671406391363135,-9.62630521115112,12,12
145,0.0,daily,weak,0.33373325334933013,2.418176081708529,-9.62630521115112,12,12
145,0.0,daily,weak_skew,0.9378124375124975,0.21391664687576947,-9.62630521115112,12,12
145,0.0,two_day,alt,0.0205078125,-6.338741453311388,-9.62630521115112,12,12
145,0.0,two_day,sharp,0.25439453125,3.513016492203983,-9.62630521115112,12,12
145,0.0,two_day,weak,0.48193359375,2.9800710694970687,-9.62630521115112,12,12
145,0.0,two_day,weak_skew,0.28955078125,5.8229037412038425,-9.62630521115112,12,12
145,0.0,four_day,alt,0.0625,-6.892817321846941,-9.62630521115112,6,12
145,0.0,four_day,sharp,0.4375,2.6397730779581408,-9.62630521115112,6,12
145,0.0,four_day,weak,0.375,-4.52380123542292,-9.62630521115112,6,12
145,0.0,four_day,weak_skew,0.25,5.096470972893456,-9.62630521115112,6,12
146,0.0,daily,alt,0.0001999600079984003,-9.543741656835659,-9.033766656874342,12,12
146,0.0,daily,sharp,0.3369326134773045,-1.0154779011075263,-9.033766656874342,12,12
146,0.0,daily,weak,0.8860227954409118,0.29761144289849756,-9.033766656874342,12,12
146,0.0,daily,weak_skew,0.7534493101379725,-0.6737660856397495,-9.033766656874342,12,12
146,0.0,two_day,alt,0.0009765625,-9.012560519692615,-9.033766656874342,12,12
146,0.0,two_day,sharp,0.69189453125,0.4265791394012049,-9.033766656874342,12,12
146,0.0,two_day,weak,0.1455078125,3.094724297074684,-9.033766656874342,12,12
146,0.0,two_day,weak_skew,0.64697265625,1.328918739167797,-9.033766656874342,12,12
146,0.0,four_day,alt,0.03125,-5.70678412188047,-9.033766656874342,6,12
146,0.0,four_day,sharp,0.1875,2.1882362575523593,-9.033766656874342,6,12
146,0.0,four_day,weak,0.40625,-3.8403509940896554,-9.033766656874342,6,12
146,0.0,four_day,weak_skew,0.21875,-2.628155060535356,-9.033766656874342,6,12
147,0.0,daily,alt,0.0013997200559888023,-12.109084306321739,-8.309168936706257,12,12
147,0.0,daily,sharp,0.9492101579684064,-0.18515037806275578,-8.309168936706257,12,12
147,0.0,daily,weak,0.9328134373125375,-0.3445287506984685,-8.309168936706257,12,12
147,0.0,daily,weak_skew,0.9340131973605279,-0.29405013314383943,-8.309168936706257,12,12
147,0.0,two_day,alt,0.09765625,-6.764727032075473,-8.309168936706257,12,12
147,0.0,two_day,sharp,0.49267578125,2.8385653358294736,-8.309168936706257,12,12
147,0.0,two_day,weak,0.58154296875,2.650442949420078,-8.309168936706257,12,12
147,0.0,two_day,weak_skew,0.44091796875,3.5425108432216805,-8.309168936706257,12,12
147,0.0,four_day,alt,0.0625,-15.645729617396759,-8.309168936706257,6,12
147,0.0,four_day,sharp,0.34375,-6.583600280235275,-8.309168936706257,6,12
147,0.0,four_day,weak,0.75,-1.8349427272543342,-8.309168936706257,6,12
147,0.0,four_day,weak_skew,0.15625,-9.750847981314346,-8.309168936706257,6,12
148,0.0,daily,alt,0.0001999600079984003,-12.100030731057387,-8.94267549067169,12,12
148,0.0,daily,sharp,0.057388522295540895,-2.7965513994840556,-8.94267549067169,12,12
148,0.0,daily,weak,0.26494701059788045,-3.121005310549768,-8.94267549067169,12,12
148,0.0,daily,weak_skew,0.16396720655868827,-3.32015848127662,-8.94267549067169,12,12
148,0.0,two_day,alt,0.005859375,-8.614104849463326,-8.94267549067169,12,12
148,0.0,two_day,sharp,0.84326171875,0.27065498692143325,-8.94267549067169,12,12
148,0.0,two_day,weak,0.3955078125,-2.402555776537463,-8.94267549067169,12,12
148,0.0,two_day,weak_skew,0.78759765625,0.7415141480997937,-8.94267549067169,12,12
148,0.0,four_day,alt,0.65625,-1.5547338135570428,-8.94267549067169,6,12
148,0.0,four_day,sharp,0.09375,5.288099948093105,-8.94267549067169,6,12
148,0.0,four_day,weak,0.21875,6.038900850169145,-8.94267549067169,6,12
148,0.0,four_day,weak_skew,0.25,5.59215724601916,-8.94267549067169,6,12
149,0.0,daily,alt,0.0001999600079984003,-11.858427121811717,-9.755598650272745,12,12
149,0.0,daily,sharp,0.9528094381123775,0.10466797260540399,-9.755598650272745,12,12
149,0.0,daily,weak,0.5816836632673466,1.5518778818694223,-9.755598650272745,12,12
149,0.0,daily,weak_skew,0.22795440911817635,-2.9711487756933015,-9.755598650272745,12,12
149,0.0,two_day,alt,0.00634765625,-12.207698978334529,-9.755598650272745,12,12
149,0.0,two_day,sharp,0.9833984375,0.0688853360422191,-9.755598650272745,12,12
149,0.0,two_day,weak,0.34375,-3.07679218805292,-9.755598650272745,12,12
149,0.0,two_day,weak_skew,0.57275390625,2.2952196490610848,-9.755598650272745,12,12
149,0.0,four_day,alt,0.0625,-7.435605743712748,-9.755598650272745,6,12
149,0.0,four_day,sharp,0.25,3.578822317150294,-9.755598650272745,6,12
149,0.0,four_day,weak,0.75,1.4123196395915538,-9.755598650272745,6,12
149,0.0,four_day,weak_skew,0.4375,-2.072513197295224,-9.755598650272745,6,12
150,0.0,daily,alt,0.0003999200159968006,-10.1058317769168,-9.901401697822891,12,12
150,0.0,daily,sharp,0.6180763847230554,0.8203213438660898,-9.901401697822891,12,12
150,0.0,daily,weak,0.14957008598280344,4.427501279957995,-9.901401697822891,12,12
150,0.0,daily,weak_skew,0.5744851029794041,1.9843269059847397,-9.901401697822891,12,12
150,0.0,two_day,alt,0.005859375,-10.193682753698315,-9.901401697822891,12,12
150,0.0,two_day,sharp,0.89990234375,-0.21690299293047074,-9.901401697822891,12,12
150,0.0,two_day,weak,0.61767578125,1.8333452746269039,-9.901401697822891,12,12
150,0.0,two_day,weak_skew,0.951171875,0.49726839079463225,-9.901401697822891,12,12
150,0.0,four_day,alt,0.0625,-8.30335165487833,-9.901401697822891,6,12
150,0.0,four_day,sharp,0.3125,1.492331354853223,-9.901401697822891,6,12
150,0.0,four_day,weak,0.375,4.6089202641430225,-9.901401697822891,6,12
150,0.0,four_day,weak_skew,0.625,2.23476353101443,-9.901401697822891,6,12
151,0.0,daily,alt,0.008998200359928014,-8.552050519095687,-6.761222969628733,12,12
151,0.0,daily,sharp,0.33553289342131576,-2.132290916359104,-6.761222969628733,12,12
151,0.0,daily,weak,0.4439112177564487,-2.193866851337212,-6.761222969628733,12,12
151,0.0,daily,weak_skew,0.5624875024995001,-1.7421915147422755,-6.761222969628733,12,12
151,0.0,two_day,alt,0.05029296875,-7.52264003754221,-6.761222969628733,12,12
151,0.0,two_day,sharp,0.68359375,-0.9493274890795705,-6.761222969628733,12,12
151,0.0,two_day,weak,0.43701171875,-2.8601681438781834,-6.761222969628733,12,12
151,0.0,two_day,weak_skew,0.24658203125,-2.1702844860226587,-6.761222969628733,12,12
151,0.0,four_day,alt,0.25,-7.542478764475939,-6.761222969628733,6,12
151,0.0,four_day,sharp,0.28125,-1.246921500329594,-6.761222969628733,6,12
151,0.0,four_day,weak,0.4375,3.7063947678846376,-6.761222969628733,6,12
151,0.0,four_day,weak_skew,0.1875,-2.589198892804917,-6.761222969628733,6,12
152,0.0,daily,alt,0.03259348130373925,-7.937179989713523,-7.06730138939929,12,12
152,0.0,daily,sharp,0.9744051189762047,0.08724549988102481,-7.06730138939929,12,12
152,0.0,daily,weak,0.5654869026194761,2.134743634286968,-7.06730138939929,12,12
152,0.0,daily,weak_skew,0.32833433313337335,-2.5237404782571726,-7.06730138939929,12,12
152,0.0,two_day,alt,0.06689453125,-8.404447857526085,-7.06730138939929,12,12
152,0.0,two_day,sharp,0.33349609375,-2.8291757926360135,-7.06730138939929,12,12
152,0.0,two_day,weak,0.6337890625,-2.020156650432885,-7.06730138939929,12,12
152,0.0,two_day,weak_skew,0.3857421875,-3.795362265405559,-7.06730138939929,12,12
152,0.0,four_day,alt,0.03125,-9.840954407298678,-7.06730138939929,6,12
152,0.0,four_day,sharp,0.15625,-3.222518150906572,-7.06730138939929,6,12
152,0.0,four_day,weak,0.4375,-4.614487748499802,-7.06730138939929,6,12
152,0.0,four_day,weak_skew,0.125,-6.501065150010414,-7.06730138939929,6,12
153,0.0,daily,alt,0.03579284143171366,-9.284864728865285,-7.268474765640384,12,12
153,0.0,daily,sharp,0.7664467106578684,-0.8065356301058374,-7.268474765640384,12,12
153,0.0,daily,weak,0.2591481703659268,-3.9354926319091565,-7.268474765640384,12,12
153,0.0,daily,weak_skew,0.3899220155968806,-1.9658638566172992,-7.268474765640384,12,12
153,0.0,two_day,alt,0.0283203125,-9.736218534533068,-7.268474765640384,12,12
153,0.0,two_day,sharp,0.84326171875,-0.4951148116254238,-7.268474765640384,12,12
153,0.0,two_day,weak,0.6787109375,-1.2761814007690433,-7.268474765640384,12,12
153,0.0,two_day,weak_skew,0.529296875,-1.726606956344984,-7.268474765640384,12,12
153,0.0,four_day,alt,0.1875,-6.073570899074327,-7.268474765640384,6,12
153,0.0,four_day,sharp,0.5,1.7172028056319135,-7.268474765640384,6,12
153,0.0,four_day,weak,0.875,-1.7523296127848305,-7.268474765640384,6,12
153,0.0,four_day,weak_skew,0.53125,-1.9439290432938492,-7.268474765640384,6,12
154,0.0,daily,alt,0.01259748050389922,-10.4185619304953,-8.730448969677589,12,12
154,0.0,daily,sharp,0.6842631473705258,-0.675582840784898,-8.730448969677589,12,12
154,0.0,daily,weak,0.7854429114177165,-0.846988215870874,-8.730448969677589,12,12
154,0.0,daily,weak_skew,0.4997000599880024,-2.0272675328360843,-8.730448969677589,12,12
154,0.0,two_day,alt,0.00439453125,-16.14298725031763,-8.730448969677589,12,12
154,0.0,two_day,sharp,0.14697265625,-5.600066622884533,-8.730448969677589,12,12
154,0.0,two_day,weak,0.10546875,-7.1020411797513106,-8.730448969677589,12,12
154,0.0,two_day,weak_skew,0.11669921875,-6.337384696831346,-8.730448969677589,12,12
154,0.0,four_day,alt,0.1875,-10.242065943985518,-8.730448969677589,6,12
154,0.0,four_day,sharp,0.53125,-1.956186163777583,-8.730448969677589,6,12
154,0.0,four_day,weak,0.8125,1.191619675689471,-8.730448969677589,6,12
154,0.0,four_day,weak_skew,0.625,-3.1584794519384225,-8.730448969677589,6,12
155,0.0,daily,alt,0.0001999600079984003,-9.967999112964515,-10.188857950688515,12,12
155,0.0,daily,sharp,0.6192761447710458,0.6079025678214366,-10.188857950688515,12,12
155,0.0,daily,weak,0.6916616676664668,-0.8735504761875591,-10.188857950688515,12,12
155,0.0,daily,weak_skew,0.9090181963607279,0.33069722161946896,-10.188857950688515,12,12
155,0.0,two_day,alt,0.06005859375,-6.6675393597876775,-10.188857950688515,12,12
155,0.0,two_day,sharp,0.36083984375,2.2723678582393636,-10.188857950688515,12,12
155,0.0,two_day,weak,0.2099609375,3.9315534462377832,-10.188857950688515,12,12
155,0.0,two_day,weak_skew,0.65234375,1.9928529918472624,-10.188857950688515,12,12
155,0.0,four_day,alt,0.1875,-10.510633067969245,-10.188857950688515,6,12
155,0.0,four_day,sharp,0.75,-1.5196461299609254,-10.188857950688515,6,12
155,0.0,four_day,weak,0.0625,-8.440948364586017,-10.188857950688515,6,12
155,0.0,four_day,weak_skew,0.8125,-1.682775724258344,-10.188857950688515,6,12
156,0.0,daily,alt,0.005398920215956809,-9.733878384641185,-11.809971004806108,12,12
156,0.0,daily,sharp,0.8156368726254749,0.6044391054334165,-11.809971004806108,12,12
156,0.0,daily,weak,0.9004199160167966,0.4613527775600937,-11.809971004806108,12,12
156,0.0,daily,weak_skew,0.624875024995001,1.813682444076301,-11.809971004806108,12,12
156,0.0,two_day,alt,0.85498046875,-1.068153517864653,-11.809971004806108,12,12
156,0.0,two_day,sharp,0.0048828125,7.34530300132833,-11.809971004806108,12,12
156,0.0,two_day,weak,0.52392578125,2.0505258620849864,-11.809971004806108,12,12
156,0.0,two_day,weak_skew,0.12890625,4.555967802300017,-11.809971004806108,12,12
156,0.0,four_day,alt,0.09375,-11.204712480446807,-11.809971004806108,6,12
156,0.0,four_day,sharp,0.96875,-0.31465311553926867,-11.809971004806108,6,12
156,0.0,four_day,weak,1.0,0.18825361959128392,-11.809971004806108,6,12
156,0.0,four_day,weak_skew,0.84375,-1.4097001533428208,-11.809971004806108,6,12
157,0.0,daily,alt,0.007198560287942412,-9.034976875638456,-10.80003903960263,12,12
157,0.0,daily,sharp,0.4283143371325735,1.0475890200971711,-10.80003903960263,12,12
157,0.0,daily,weak,0.9244151169766047,0.13618674432015196,-10.80003903960263,12,12
157,0.0,daily,weak_skew,0.8840231953609278,-0.5212285980412167,-10.80003903960263,12,12
157,0.0,two_day,alt,0.02880859375,-8.043412686138552,-10.80003903960263,12,12
157,0.0,two_day,sharp,0.29443359375,1.9750778898975667,-10.80003903960263,12,12
157,0.0,two_day,weak,0.30029296875,2.8244503315995764,-10.80003903960263,12,12
157,0.0,two_day,weak_skew,0.4423828125,-1.5959533137833333,-10.80003903960263,12,12
157,0.0,four_day,alt,0.0625,-13.543305995003246,-10.80003903960263,6,12
157,0.0,four_day,sharp,0.8125,-1.0051673406950858,-10.80003903960263,6,12
157,0.0,four_day,weak,0.8125,-1.1750644978188955,-10.80003903960263,6,12
157,0.0,four_day,weak_skew,0.65625,4.9584670683960335,-10.80003903960263,6,12
158,0.0,daily,alt,0.0001999600079984003,-13.320694573158681,-10.097192647286448,12,12
158,0.0,daily,sharp,0.060387922415516895,-4.022963371187288,-10.097192647286448,12,12
158,0.0,daily,weak,0.40731853629274145,-2.483325628681985,-10.097192647286448,12,12
158,0.0,daily,weak_skew,0.7268546290741852,-1.3337884770928359,-10.097192647286448,12,12
158,0.0,two_day,alt,0.0146484375,-12.98284800676232,-10.097192647286448,12,12
158,0.0,two_day,sharp,0.6787109375,-1.2800447654600113,-10.097192647286448,12,12
158,0.0,two_day,weak,0.4248046875,-2.471340716628769,-10.097192647286448,12,12
158,0.0,two_day,weak_skew,0.31884765625,3.8191511640992633,-10.097192647286448,12,12
158,0.0,four_day,alt,0.03125,-14.278611151626698,-10.097192647286448,6,12
158,0.0,four_day,sharp,0.28125,-3.2873549565132385,-10.097192647286448,6,12
158,0.0,four_day,weak,0.65625,-3.8826926953705816,-10.097192647286448,6,12
158,0.0,four_day,weak_skew,0.53125,-2.500336535115551,-10.097192647286448,6,12
159,0.0,daily,alt,0.0001999600079984003,-12.53836279676022,-8.745594847169684,12,12
159,0.0,daily,sharp,0.28894221155768846,-2.337692488400243,-8.745594847169684,12,12
159,0.0,daily,weak,0.15076984603079385,-4.17899112453518,-8.745594847169684,12,12
159,0.0,daily,weak_skew,0.07318536292741452,-4.8138295153311645,-8.745594847169684,12,12
159,0.0,two_day,alt,0.03076171875,-9.205684550008547,-8.745594847169684,12,12
159,0.0,two_day,sharp,0.650390625,-1.3090028484678153,-8.745594847169684,12,12
159,0.0,two_day,weak,0.314453125,-4.086139968715005,-8.745594847169684,12,12
159,0.0,two_day,weak_skew,0.98681640625,0.05470331314537683,-8.745594847169684,12,12
159,0.0,four_day,alt,0.03125,-9.029891036988163,-8.745594847169684,6,12
159,0.0,four_day,sharp,0.875,0.5357331045753911,-8.745594847169684,6,12
159,0.0,four_day,weak,0.59375,-2.5072136377919008,-8.745594847169684,6,12
159,0.0,four_day,weak_skew,0.6875,3.0167915537833814,-8.745594847169684,6,12
160,0.0,daily,alt,0.0003999200159968006,-10.121093440863492,-6.382491061486867,12,12
160,0.0,daily,sharp,0.23795240951809637,-3.5040112304673827,-6.382491061486867,12,12
160,0.0,daily,weak,0.08098380323935213,-5.052694509383137,-6.382491061486867,12,12
160,0.0,daily,weak_skew,0.04879024195160968,-5.4662750899832036,-6.382491061486867,12,12
160,0.0,two_day,alt,0.5556640625,-2.51396133307223,-6.382491061486867,12,12
160,0.0,two_day,sharp,0.39306640625,2.3780985501680347,-6.382491061486867,12,12
160,0.0,two_day,weak,0.8515625,0.7827656612737831,-6.382491061486867,12,12
160,0.0,two_day,weak_skew,0.34130859375,-2.5127393370500744,-6.382491061486867,12,12
160,0.0,four_day,alt,0.09375,-13.974580084157212,-6.382491061486867,6,12
160,0.0,four_day,sharp,0.4375,-4.638627511487081,-6.382491061486867,6,12
160,0.0,four_day,weak,0.5625,-5.846305922357652,-6.382491061486867,6,12
160,0.0,four_day,weak_skew,0.875,-1.0425465340189188,-6.382491061486867,6,12
161,0.0,daily,alt,0.0001999600079984003,-11.98634067199518,-10.63295289528088,12,12
161,0.0,daily,sharp,0.989002199560088,-0.023312751631653583,-10.63295289528088,12,12
161,0.0,daily,weak,0.6910617876424715,-0.8832127855032917,-10.63295289528088,12,12
161,0.0,daily,weak_skew,0.94501099780044,-0.15099396443454674,-10.63295289528088,12,12
161,0.0,two_day,alt,0.00244140625,-13.875424102386688,-10.63295289528088,12,12
161,0.0,two_day,sharp,0.4677734375,-1.7827525971588856,-10.63295289528088,12,12
161,0.0,two_day,weak,0.85400390625,0.8524988364710051,-10.63295289528088,12,12
161,0.0,two_day,weak_skew,0.90087890625,0.3458598933181077,-10.63295289528088,12,12
161,0.0,four_day,alt,0.125,-12.965316653485914,-10.63295289528088,6,12
161,0.0,four_day,sharp,0.5,-2.5763385661636704,-10.63295289528088,6,12
161,0.0,four_day,weak,0.8125,-0.4855507262224303,-10.63295289528088,6,12
161,0.0,four_day,weak_skew,0.09375,-9.945846539789793,-10.63295289528088,6,12
162,0.0,daily,alt,0.0001999600079984003,-10.60084814307833,-10.004852938521665,12,12
162,0.0,daily,sharp,0.9644071185762847,-0.034565566641916824,-10.004852938521665,12,12
162,0.0,daily,weak,0.5788842231553689,1.273459135041895,-10.004852938521665,12,12
162,0.0,daily,weak_skew,0.876624675064987,-0.3057060899039043,-10.004852938521665,12,12
162,0.0,two_day,alt,0.0009765625,-12.149688696133998,-10.004852938521665,12,12
162,0.0,two_day,sharp,0.42626953125,-1.7993623047940492,-10.004852938521665,12,12
162,0.0,two_day,weak,0.21533203125,-3.2113827190805044,-10.004852938521665,12,12
162,0.0,two_day,weak_skew,0.53125,-1.9944455609600442,-10.004852938521665,12,12
162,0.0,four_day,alt,0.03125,-9.138190852551146,-10.004852938521665,6,12
162,0.0,four_day,sharp,0.46875,2.2352262215441137,-10.004852938521665,6,12
162,0.0,four_day,weak,0.9375,-0.47104419193512115,-10.004852938521665,6,12
162,0.0,four_day,weak_skew,0.9375,0.788935807400397,-10.004852938521665,6,12
163,0.0,daily,alt,0.0021995600879824036,-9.35130118442713,-9.471835189778453,12,12
163,0.0,daily,sharp,0.7116576684663067,0.6601109333838829,-9.471835189778453,12,12
163,0.0,daily,weak,0.384123175364927,2.3587004400134304,-9.471835189778453,12,12
163,0.0,daily,weak_skew,0.857628474305139,-0.31171358413891664,-9.471835189778453,12,12
163,0.0,two_day,alt,0.060546875,-6.5727751328450745,-9.471835189778453,12,12
163,0.0,two_day,sharp,0.12451171875,3.4438903132731546,-9.471835189778453,12,12
163,0.0,two_day,weak,0.255859375,1.9312166728146938,-9.471835189778453,12,12
163,0.0,two_day,weak_skew,0.39013671875,2.465754087184427,-9.471835189778453,12,12
163,0.0,four_day,alt,0.65625,-1.0991822517002678,-9.471835189778453,6,12
163,0.0,four_day,sharp,0.03125,7.182148429396327,-9.471835189778453,6,12
163,0.0,four_day,weak,0.03125,6.529713448287944,-9.471835189778453,6,12
163,0.0,four_day,weak_skew,0.09375,7.000436563163476,-9.471835189778453,6,12
164,0.0,daily,alt,0.0013997200559888023,-12.500318854702408,-14.08830855452316,12,12
164,0.0,daily,sharp,0.6464707058588283,1.189317086565742,-14.08830855452316,12,12
164,0.0,daily,weak,0.47230553889222154,2.8228677699323383,-14.08830855452316,12,12
164,0.0,daily,weak_skew,0.4813037392521496,2.130423230011207,-14.08830855452316,12,12
164,0.0,two_day,alt,0.025390625,-11.402651471565013,-14.08830855452316,12,12
164,0.0,two_day,sharp,0.96435546875,0.1379475714358064,-14.08830855452316,12,12
164,0.0,two_day,weak,0.11669921875,6.101599353612435,-14.08830855452316,12,12
164,0.0,two_day,weak_skew,0.443359375,-2.4171917371633254,-14.08830855452316,12,12
164,0.0,four_day,alt,0.0625,-9.22427544732855,-14.08830855452316,6,12
164,0.0,four_day,sharp,0.125,7.214276005260525,-14.08830855452316,6,12
164,0.0,four_day,weak,0.5,3.287658231583112,-14.08830855452316,6,12
164,0.0,four_day,weak_skew,0.5625,2.129444676496019,-14.08830855452316,6,12
165,0.0,daily,alt,0.0033993201359728054,-6.600689742596625,-8.802126195776147,12,12
165,0.0,daily,sharp,0.10437912417516497,2.160096090844256,-8.802126195776147,12,12
165,0.0,daily,weak,0.7120575884823035,1.0183986350754004,-8.802126195776147,12,12
165,0.0,daily,weak_skew,0.138372325534893,4.653301026544417,-8.802126195776147,12,12
165,0.0,two_day,alt,0.00048828125,-12.978893333176188,-8.802126195776147,12,12
165,0.0,two_day,sharp,0.15576171875,-3.4229790897063705,-8.802126195776147,12,12
165,0.0,two_day,weak,0.03759765625,-6.269980017410063,-8.802126195776147,12,12
165,0.0,two_day,weak_skew,0.05810546875,-4.004230725980862,-8.802126195776147,12,12
165,0.0,four_day,alt,0.09375,-6.097171619456637,-8.802126195776147,6,12
165,0.0,four_day,sharp,0.625,1.3021962013291113,-8.802126195776147,6,12
165,0.0,four_day,weak,0.46875,-3.4533314205267787,-8.802126195776147,6,12
165,0.0,four_day,weak_skew,1.0,-0.042763254624100945,-8.802126195776147,6,12
166,0.0,daily,alt,0.08898220355928814,-7.627650050867515,-5.4191597752231,12,12
166,0.0,daily,sharp,0.3909218156368726,-1.9343897832241606,-5.4191597752231,12,12
166,0.0,daily,weak,0.22655468906218756,-2.3584218668918475,-5.4191597752231,12,12
166,0.0,daily,weak_skew,0.7584483103379324,1.1048656796569112,-5.4191597752231,12,12
166,0.0,two_day,alt,0.1220703125,-6.723911914675028,-5.4191597752231,12,12
166,0.0,two_day,sharp,0.6435546875,-1.0487358510052858,-5.4191597752231,12,12
166,0.0,two_day,weak,0.396484375,2.4652426907381493,-5.4191597752231,12,12
166,0.0,two_day,weak_skew,0.9111328125,-0.8050828195093178,-5.4191597752231,12,12
166,0.0,four_day,alt,0.375,-3.872566169290257,-5.4191597752231,6,12
166,0.0,four_day,sharp,0.8125,0.5865712276913216,-5.4191597752231,6,12
166,0.0,four_day,weak,0.1875,-6.040969103188555,-5.4191597752231,6,12
166,0.0,four_day,weak_skew,0.34375,-3.8067335069126833,-5.4191597752231,6,12
167,0.0,daily,alt,0.0001999600079984003,-14.571833644406366,-12.745858176418693,12,12
167,0.0,daily,sharp,0.5488902219556089,-1.3873620952601318,-12.745858176418693,12,12
167,0.0,daily,weak,0.8894221155768847,-0.38137038111889865,-12.745858176418693,12,12
167,0.0,daily,weak_skew,0.26354729054189163,-3.1240304840972435,-12.745858176418693,12,12
167,0.0,two_day,alt,0.00830078125,-8.375732134451724,-12.745858176418693,12,12
167,0.0,two_day,sharp,0.12646484375,3.605142640488769,-12.745858176418693,12,12
167,0.0,two_day,weak,0.15771484375,5.2170053522846205,-12.745858176418693,12,12
167,0.0,two_day,weak_skew,0.14453125,7.340836694155751,-12.745858176418693,12,12
167,0.0,four_day,alt,0.03125,-21.43605663280215,-12.745858176418693,6,12
167,0.0,four_day,sharp,0.15625,-5.680585115187365,-12.745858176418693,6,12
167,0.0,four_day,weak,0.9375,0.1281341867044882,-12.745858176418693,6,12
167,0.0,four_day,weak_skew,0.1875,-9.852236948467436,-12.745858176418693,6,12
168,0.0,daily,alt,0.0005998800239952009,-9.207420965335977,-9.079788842218655,12,12
168,0.0,daily,sharp,0.8954209158168366,0.18506470551174203,-9.079788842218655,12,12
168,0.0,daily,weak,0.5470905818836233,1.185986296165246,-9.079788842218655,12,12
168,0.0,daily,weak_skew,0.1841631673665267,-3.408927537402867,-9.079788842218655,12,12
168,0.0,two_day,alt,0.0244140625,-8.579898319694813,-9.079788842218655,12,12
168,0.0,two_day,sharp,0.41015625,3.046457093962774,-9.079788842218655,12,12
168,0.0,two_day,weak,0.99609375,0.022235365764725994,-9.079788842218655,12,12
168,0.0,two_day,weak_skew,0.79150390625,1.1548029869317045,-9.079788842218655,12,12
168,0.0,four_day,alt,0.0625,-9.1254893873658,-9.079788842218655,6,12
168,0.0,four_day,sharp,0.5,2.1738614634319773,-9.079788842218655,6,12
168,0.0,four_day,weak,0.65625,2.3366902183748053,-9.079788842218655,6,12
168,0.0,four_day,weak_skew,0.15625,-2.4755427084184958,-9.079788842218655,6,12
169,0.0,daily,alt,0.0007998400319936012,-12.686081859842274,-10.158051756595206,12,12
169,0.0,daily,sharp,0.4383123375324935,-1.5740991032846174,-10.158051756595206,12,12
169,0.0,daily,weak,0.3219356128774245,-3.0601566102710023,-10.158051756595206,12,12
169,0.0,daily,weak_skew,0.8854229154169166,-0.4327032613595249,-10.158051756595206,12,12
169,0.0,two_day,alt,0.015625,-10.141736000406965,-10.158051756595206,12,12
169,0.0,two_day,sharp,0.912109375,0.2942765715531763,-10.158051756595206,12,12
169,0.0,two_day,weak,0.82861328125,0.7395610578782387,-10.158051756595206,12,12
169,0.0,two_day,weak_skew,0.33984375,-2.6811457590854157,-10.158051756595206,12,12
169,0.0,four_day,alt,0.0625,-13.549186250091152,-10.158051756595206,6,12
169,0.0,four_day,sharp,0.53125,-2.1819229662688238,-10.158051756595206,6,12
169,0.0,four_day,weak,0.78125,-0.9658729179824709,-10.158051756595206,6,12
169,0.0,four_day,weak_skew,0.875,-0.6302325992891499,-10.158051756595206,6,12
170,0.0,daily,alt,0.009198160367926415,-11.488881183425017,-10.900246369974646,12,12
170,0.0,daily,sharp,0.8156368726254749,-0.9307313349716887,-10.900246369974646,12,12
170,0.0,daily,weak,0.7468506298740252,1.2786273178737229,-10.900246369974646,12,12
170,0.0,daily,weak_skew,0.7948410317936413,1.002988696685798,-10.900246369974646,12,12
170,0.0,two_day,alt,0.00048828125,-16.995495973477198,-10.900246369974646,12,12
170,0.0,two_day,sharp,0.13330078125,-6.321749212623313,-10.900246369974646,12,12
170,0.0,two_day,weak,0.1875,-7.783698063324764,-10.900246369974646,12,12
170,0.0,two_day,weak_skew,0.0908203125,-8.430526414719285,-10.900246369974646,12,12
170,0.0,four_day,alt,0.09375,-11.706145508321688,-10.900246369974646,6,12
170,0.0,four_day,sharp,0.75,1.9307550400195979,-10.900246369974646,6,12
170,0.0,four_day,weak,0.84375,1.0554999368932425,-10.900246369974646,6,12
170,0.0,four_day,weak_skew,0.96875,-0.3949576437632783,-10.900246369974646,6,12
171,0.0,daily,alt,0.0001999600079984003,-17.612044556170193,-10.997775383228273,12,12
171,0.0,daily,sharp,0.004599080183963208,-6.087530435313927,-10.997775383228273,12,12
171,0.0,daily,weak,0.022395520895820836,-4.829315430141702,-10.997775383228273,12,12
171,0.0,daily,weak_skew,0.004399120175964807,-7.925254734945223,-10.997775383228273,12,12
171,0.0,two_day,alt,0.001953125,-14.172530220036146,-10.997775383228273,12,12
171,0.0,two_day,sharp,0.189453125,-3.271893840697137,-10.997775383228273,12,12
171,0.0,two_day,weak,0.572265625,-2.070521743658554,-10.997775383228273,12,12
171,0.0,two_day,weak_skew,0.1455078125,-4.063588171450024,-10.997775383228273,12,12
171,0.0,four_day,alt,0.03125,-9.803903806681214,-10.997775383228273,6,12
171,0.0,four_day,sharp,0.90625,0.13763321254665803,-10.997775383228273,6,12
171,0.0,four_day,weak,0.3125,-4.906300333731153,-10.997775383228273,6,12
171,0.0,four_day,weak_skew,0.25,-3.175418372850936,-10.997775383228273,6,12
172,0.0,daily,alt,0.007998400319936013,-10.002273712670432,-10.967294891863801,12,12
172,0.0,daily,sharp,0.40111977604479104,1.4757506386402077,-10.967294891863801,12,12
172,0.0,daily,weak,0.6908618276344731,1.1830985478228377,-10.967294891863801,12,12
172,0.0,daily,weak_skew,0.6952609478104379,0.8034043886865406,-10.967294891863801,12,12
172,0.0,two_day,alt,0.0009765625,-13.68862937718388,-10.967294891863801,12,12
172,0.0,two_day,sharp,0.7763671875,0.557785909816174,-10.967294891863801,12,12
172,0.0,two_day,weak,0.52783203125,2.6542622810468006,-10.967294891863801,12,12
172,0.0,two_day,weak_skew,0.46240234375,1.8239564616845723,-10.967294891863801,12,12
172,0.0,four_day,alt,0.03125,-14.807244512639912,-10.967294891863801,6,12
172,0.0,four_day,sharp,0.34375,-2.4958893189807547,-10.967294891863801,6,12
172,0.0,four_day,weak,0.21875,-3.777376338583725,-10.967294891863801,6,12
172,0.0,four_day,weak_skew,0.03125,-8.910341252310298,-10.967294891863801,6,12
173,0.0,daily,alt,0.0057988402319536095,-10.170347912493632,-10.426129586941713,12,12
173,0.0,daily,sharp,0.8392321535692862,0.5041879330423141,-10.426129586941713,12,12
173,0.0,daily,weak,0.07678464307138572,4.914306474740709,-10.426129586941713,12,12
173,0.0,daily,weak_skew,0.9236152769446111,-0.34504806101093105,-10.426129586941713,12,12
173,0.0,two_day,alt,0.00537109375,-14.108003781692977,-10.426129586941713,12,12
173,0.0,two_day,sharp,0.4111328125,-2.941622186113294,-10.426129586941713,12,12
173,0.0,two_day,weak,0.4541015625,2.8154857155319313,-10.426129586941713,12,12
173,0.0,two_day,weak_skew,0.94775390625,-0.2817774662398082,-10.426129586941713,12,12
173,0.0,four_day,alt,0.03125,-12.467364527805378,-10.426129586941713,6,12
173,0.0,four_day,sharp,0.71875,-1.0734322937546352,-10.426129586941713,6,12
173,0.0,four_day,weak,0.34375,3.7670362860126665,-10.426129586941713,6,12
173,0.0,four_day,weak_skew,0.59375,-1.7293727883387315,-10.426129586941713,6,12
174,0.0,daily,alt,0.0003999200159968006,-12.099174878021797,-11.006320030011722,12,12
174,0.0,daily,sharp,0.7450509898020395,1.0845687733623894,-11.006320030011722,12,12
174,0.0,daily,weak,0.9416116776644671,-0.2378540312651669,-11.006320030011722,12,12
174,0.0,daily,weak_skew,0.6372725454909018,1.5763589311639379,-11.006320030011722,12,12
174,0.0,two_day,alt,0.01513671875,-15.187017590739076,-11.006320030011722,12,12
174,0.0,two_day,sharp,0.39111328125,-4.248203274564628,-11.006320030011722,12,12
174,0.0,two_day,weak,0.134765625,-10.198293549710042,-11.006320030011722,12,12
174,0.0,two_day,weak_skew,0.74072265625,-1.818077007784155,-11.006320030011722,12,12
174,0.0,four_day,alt,0.34375,-9.278387904020983,-11.006320030011722,6,12
174,0.0,four_day,sharp,0.84375,1.0546894252437913,-11.006320030011722,6,12
174,0.0,four_day,weak,0.65625,-1.8208921158471914,-11.006320030011722,6,12
174,0.0,four_day,weak_skew,0.96875,-0.6811143255600042,-11.006320030011722,6,12
175,0.0,daily,alt,0.006798640271945611,-11.788865712592488,-11.99622553923345,12,12
175,0.0,daily,sharp,0.13357328534293142,-4.113208322158079,-11.99622553923345,12,12
175,0.0,daily,weak,0.486502699460108,-2.2865203950241715,-11.99622553923345,12,12
175,0.0,daily,weak_skew,0.15076984603079385,-4.9477821388315455,-11.99622553923345,12,12
175,0.0,two_day,alt,0.0625,-7.1466608454887925,-11.99622553923345,12,12
175,0.0,two_day,sharp,0.14453125,4.108169927515296,-11.99622553923345,12,12
175,0.0,two_day,weak,0.330078125,3.9544925735396497,-11.99622553923345,12,12
175,0.0,two_day,weak_skew,0.73583984375,0.8957542109364566,-11.99622553923345,12,12
175,0.0,four_day,alt,0.125,-7.329534027257871,-11.99622553923345,6,12
175,0.0,four_day,sharp,0.1875,4.961388415500842,-11.99622553923345,6,12
175,0.0,four_day,weak,0.5625,6.40638300389497,-11.99622553923345,6,12
175,0.0,four_day,weak_skew,0.5625,4.201787750005362,-11.99622553923345,6,12
176,0.0,daily,alt,0.022195560887822437,-9.336491315936994,-7.60527302940821,12,12
176,0.0,daily,sharp,0.8650269946010798,0.3716231042568978,-7.60527302940821,12,12
176,0.0,daily,weak,0.9364127174565087,-0.217794764086691,-7.60527302940821,12,12
176,0.0,daily,weak_skew,0.3853229354129174,2.6565002061243757,-7.60527302940821,12,12
176,0.0,two_day,alt,0.10107421875,-9.16967759327231,-7.60527302940821,12,12
176,0.0,two_day,sharp,0.7822265625,-0.8540091436449279,-7.60527302940821,12,12
176,0.0,two_day,weak,0.99853515625,-0.002849559259389641,-7.60527302940821,12,12
176,0.0,two_day,weak_skew,0.90966796875,-0.3623158522057703,-7.60527302940821,12,12
176,0.0,four_day,alt,0.3125,-2.564608151518423,-7.60527302940821,6,12
176,0.0,four_day,sharp,0.40625,2.7807656371489577,-7.60527302940821,6,12
176,0.0,four_day,weak,0.15625,4.4449401907692545,-7.60527302940821,6,12
176,0.0,four_day,weak_skew,0.75,1.9046489043013608,-7.60527302940821,6,12
177,0.0,daily,alt,0.004599080183963208,-10.488798708562372,-9.14722278981779,12,12
177,0.0,daily,sharp,0.4501099780043991,-1.2397609160554026,-9.14722278981779,12,12
177,0.0,daily,weak,0.9352129574085183,-0.209331544964666,-9.14722278981779,12,12
177,0.0,daily,weak_skew,0.4911017796440712,-1.67277162433777,-9.14722278981779,12,12
177,0.0,two_day,alt,0.02197265625,-10.470910897730926,-9.14722278981779,12,12
177,0.0,two_day,sharp,0.7890625,-0.6642009813725546,-9.14722278981779,12,12
177,0.0,two_day,weak,0.23974609375,-4.089230852969671,-9.14722278981779,12,12
177,0.0,two_day,weak_skew,0.91552734375,0.4000975657407165,-9.14722278981779,12,12
177,0.0,four_day,alt,0.0625,-8.371574174303365,-9.14722278981779,6,12
177,0.0,four_day,sharp,0.9375,0.2541045584131207,-9.14722278981779,6,12
177,0.0,four_day,weak,0.6875,2.9055979511826435,-9.14722278981779,6,12
177,0.0,four_day,weak_skew,0.6875,1.2673115688669843,-9.14722278981779,6,12
178,0.0,daily,alt,0.007598480303939212,-10.308012342826764,-9.707688125663665,12,12
178,0.0,daily,sharp,0.28794241151769645,-2.1215387453775083,-9.707688125663665,12,12
178,0.0,daily,weak,0.7908418316336733,-0.859513355902059,-9.707688125663665,12,12
178,0.0,daily,weak_skew,0.4313137372525495,-1.8408772835217195,-9.707688125663665,12,12
178,0.0,two_day,alt,0.00048828125,-11.994477858634738,-9.707688125663665,12,12
178,0.0,two_day,sharp,0.89892578125,0.38830468999720463,-9.707688125663665,12,12
178,0.0,two_day,weak,0.12646484375,-3.718616159767181,-9.707688125663665,12,12
178,0.0,two_day,weak_skew,0.68994140625,1.620948596978339,-9.707688125663665,12,12
178,0.0,four_day,alt,0.0625,-10.489614978279045,-9.707688125663665,6,12
178,0.0,four_day,sharp,0.9375,0.17168909420177889,-9.707688125663665,6,12
178,0.0,four_day,weak,0.46875,-3.18280023521301,-9.707688125663665,6,12
178,0.0,four_day,weak_skew,0.5,2.06938680412001,-9.707688125663665,6,12
179,0.0,daily,alt,0.4215156968606279,-3.5259766287157266,-4.454143865726564,12,12
179,0.0,daily,sharp,0.9554089182163568,0.11054590950485614,-4.454143865726564,12,12
179,0.0,daily,weak,0.6588682263547291,-1.0968456864196874,-4.454143865726564,12,12
179,0.0,daily,weak_skew,0.6436712657468506,-1.069255341927524,-4.454143865726564,12,12
179,0.0,two_day,alt,0.01025390625,-10.532872575289487,-4.454143865726564,12,12
179,0.0,two_day,sharp,0.37109375,-1.8068468619349403,-4.454143865726564,12,12
179,0.0,two_day,weak,0.95751953125,0.16652014069948193,-4.454143865726564,12,12
179,0.0,two_day,weak_skew,0.08056640625,-5.543877917676397,-4.454143865726564,12,12
179,0.0,four_day,alt,0.75,3.4008571547825768,-4.454143865726564,6,12
179,0.0,four_day,sharp,0.34375,3.7692136466270596,-4.454143865726564,6,12
179,0.0,four_day,weak,0.90625,-0.821063664458561,-4.454143865726564,6,12
179,0.0,four_day,weak_skew,0.46875,6.57018073020965,-4.454143865726564,6,12
180,0.0,daily,alt,0.024795040991801638,-5.8607146495191484,-7.872127921407689,12,12
180,0.0,daily,sharp,0.6192761447710458,-1.0047524190619892,-7.872127921407689,12,12
180,0.0,daily,weak,0.1205758848230354,-4.397473114272492,-7.872127921407689,12,12
180,0.0,daily,weak_skew,0.7738452309538092,0.8993448096245462,-7.872127921407689,12,12
180,0.0,two_day,alt,0.05859375,-7.724396073625589,-7.872127921407689,12,12
180,0.0,two_day,sharp,0.39892578125,3.9606198238551458,-7.872127921407689,12,12
180,0.0,two_day,weak,0.38134765625,4.584933332052336,-7.872127921407689,12,12
180,0.0,two_day,weak_skew,0.76318359375,1.4668197528933025,-7.872127921407689,12,12
180,0.0,four_day,alt,0.40625,-3.8415451218552845,-7.872127921407689,6,12
180,0.0,four_day,sharp,0.1875,6.130329631113533,-7.872127921407689,6,12
180,0.0,four_day,weak,0.5,-3.9143274337449667,-7.872127921407689,6,12
180,0.0,four_day,weak_skew,0.59375,3.594396987396132,-7.872127921407689,6,12
181,0.0,daily,alt,0.42131573685262946,-4.2940129160739735,-7.9518305849118605,12,12
181,0.0,daily,sharp,0.8274345130973805,0.5086306682700373,-7.9518305849118605,12,12
181,0.0,daily,weak,0.8936212757448511,-0.468081117666405,-7.9518305849118605,12,12
181,0.0,daily,weak_skew,0.46710657868426314,2.8515927416209244,-7.9518305849118605,12,12
181,0.0,two_day,alt,0.05615234375,-9.751743558232397,-7.9518305849118605,12,12
181,0.0,two_day,sharp,0.5908203125,-1.0884559430892384,-7.9518305849118605,12,12
181,0.0,two_day,weak,0.70068359375,-1.298038435232644,-7.9518305849118605,12,12
181,0.0,two_day,weak_skew,0.68115234375,-0.9776360958852509,-7.9518305849118605,12,12
181,0.0,four_day,alt,0.15625,-11.713300445263704,-7.9518305849118605,6,12
181,0.0,four_day,sharp,0.53125,-3.662778151862515,-7.9518305849118605,6,12
181,0.0,four_day,weak,0.65625,-2.2386922928712436,-7.9518305849118605,6,12
181,0.0,four_day,weak_skew,0.78125,1.496085478188726,-7.9518305849118605,6,12
182,0.0,daily,alt,0.0001999600079984003,-11.368787104224145,-11.183831630035407,12,12
182,0.0,daily,sharp,0.8140371925614877,0.2656508016024735,-11.183831630035407,12,12
182,0.0,daily,weak,0.41031793641271747,1.6274463821672274,-11.183831630035407,12,12
182,0.0,daily,weak_skew,0.9612077584483103,0.09170377522030708,-11.183831630035407,12,12
182,0.0,two_day,alt,0.00732421875,-13.316827545865884,-11.183831630035407,12,12
182,0.0,two_day,sharp,0.66064453125,-1.5115612380740409,-11.183831630035407,12,12
182,0.0,two_day,weak,0.22216796875,4.454266636327958,-11.183831630035407,12,12
182,0.0,two_day,weak_skew,0.67529296875,-1.4041453213666426,-11.183831630035407,12,12
182,0.0,four_day,alt,0.0625,-10.965056695833354,-11.183831630035407,6,12
182,0.0,four_day,sharp,0.625,-1.0689352124317264,-11.183831630035407,6,12
182,0.0,four_day,weak,0.25,-6.815394206038726,-11.183831630035407,6,12
182,0.0,four_day,weak_skew,0.1875,-5.720393855014346,-11.183831630035407,6,12
183,0.0,daily,alt,0.8956208758248351,-1.0298364299095184,-5.4643195650021,12,12
183,0.0,daily,sharp,0.8254349130173965,0.4026301186858549,-5.4643195650021,12,12
183,0.0,daily,weak,0.5914817036592681,1.8128749829431008,-5.4643195650021,12,12
183,0.0,daily,weak_skew,0.8226354729054189,0.5431616508469729,-5.4643195650021,12,12
183,0.0,two_day,alt,0.1220703125,-7.886071818956286,-5.4643195650021,12,12
183,0.0,two_day,sharp,0.75927734375,-0.7037110048944873,-5.4643195650021,12,12
183,0.0,two_day,weak,0.3544921875,-3.513178436225171,-5.4643195650021,12,12
183,0.0,two_day,weak_skew,0.2529296875,-3.1767647050231864,-5.4643195650021,12,12
183,0.0,four_day,alt,0.65625,-2.430804300663888,-5.4643195650021,6,12
183,0.0,four_day,sharp,0.5,2.7460817088744576,-5.4643195650021,6,12
183,0.0,four_day,weak,0.875,2.4763950510598405,-5.4643195650021,6,12
183,0.0,four_day,weak_skew,0.5,-2.0921581556178452,-5.4643195650021,6,12
184,0.0,daily,alt,0.00639872025594881,-5.003734641288096,-5.779041428498751,12,12
184,0.0,daily,sharp,0.6284743051389722,0.7880560363130922,-5.779041428498751,12,12
184,0.0,daily,weak,0.04379124175164967,4.645568301533223,-5.779041428498751,12,12
184,0.0,daily,weak_skew,0.5630873825234953,1.504070923947791,-5.779041428498751,12,12
184,0.0,two_day,alt,0.40673828125,-4.124560825741791,-5.779041428498751,12,12
184,0.0,two_day,sharp,0.60107421875,2.156677188436459,-5.779041428498751,12,12
184,0.0,two_day,weak,0.8466796875,-1.011907292585996,-5.779041428498751,12,12
184,0.0,two_day,weak_skew,0.400390625,4.168210889714119,-5.779041428498751,12,12
184,0.0,four_day,alt,0.1875,-6.683921579490288,-5.779041428498751,6,12
184,0.0,four_day,sharp,0.75,-1.6180712369666697,-5.779041428498751,6,12
184,0.0,four_day,weak,0.8125,-1.4242375424010696,-5.779041428498751,6,12
184,0.0,four_day,weak_skew,0.15625,-7.137762625062102,-5.779041428498751,6,12
185,0.0,daily,alt,0.029194161167766446,-5.701846961230011,-8.171775057781204,12,12
185,0.0,daily,sharp,0.3733253349330134,1.544802366750865,-8.171775057781204,12,12
185,0.0,daily,weak,0.4943011397720456,2.5110287539657494,-8.171775057781204,12,12
185,0.0,daily,weak_skew,0.4927014597080584,-1.1486221203772295,-8.171775057781204,12,12
185,0.0,two_day,alt,0.00146484375,-11.388853820769702,-8.171775057781204,12,12
185,0.0,two_day,sharp,0.68115234375,-0.9446695368939378,-8.171775057781204,12,12
185,0.0,two_day,weak,0.82177734375,0.559470594574595,-8.171775057781204,12,12
185,0.0,two_day,weak_skew,0.2490234375,-3.7772336988676827,-8.171775057781204,12,12
185,0.0,four_day,alt,0.15625,-5.464546644511593,-8.171775057781204,6,12
185,0.0,four_day,sharp,0.5,1.633877660225476,-8.171775057781204,6,12
185,0.0,four_day,weak,0.5625,3.1467173165860665,-8.171775057781204,6,12
185,0.0,four_day,weak_skew,0.78125,1.1150998194477957,-8.171775057781204,6,12
186,0.0,daily,alt,0.002999400119976005,-8.00005814634341,-5.419099200639607,12,12
186,0.0,daily,sharp,0.29254149170165966,-2.6419971688507773,-5.419099200639607,12,12
186,0.0,daily,weak,0.973005398920216,-0.08978744866387582,-5.419099200639607,12,12
186,0.0,daily,weak_skew,0.21315736852629474,-3.4374569616841044,-5.419099200639607,12,12
186,0.0,two_day,alt,0.67626953125,3.385536190013831,-5.419099200639607,12,12
186,0.0,two_day,sharp,0.505859375,4.470869320881172,-5.419099200639607,12,12
186,0.0,two_day,weak,0.998046875,-0.03680666161978863,-5.419099200639607,12,12
186,0.0,two_day,weak_skew,0.72802734375,2.639239815073513,-5.419099200639607,12,12
186,0.0,four_day,alt,0.75,3.965574358336094,-5.419099200639607,6,12
186,0.0,four_day,sharp,0.40625,7.050951740194897,-5.419099200639607,6,12
186,0.0,four_day,weak,0.71875,3.025385797852836,-5.419099200639607,6,12
186,0.0,four_day,weak_skew,0.9375,1.3065354015235269,-5.419099200639607,6,12
187,0.0,daily,alt,0.033993201359728054,-7.4900251813447545,-7.731519927659562,12,12
187,0.0,daily,sharp,0.6960607878424315,1.040910605755105,-7.731519927659562,12,12
187,0.0,daily,weak,0.8438312337532493,-0.5248191525012343,-7.731519927659562,12,12
187,0.0,daily,weak_skew,0.7550489902019596,0.9401137311158655,-7.731519927659562,12,12
187,0.0,two_day,alt,0.02978515625,-8.057940463309633,-7.731519927659562,12,12
187,0.0,two_day,sharp,0.9375,-0.2712870314862232,-7.731519927659562,12,12
187,0.0,two_day,weak,0.7568359375,0.9755780737878315,-7.731519927659562,12,12
187,0.0,two_day,weak_skew,0.625,-2.026406619998904,-7.731519927659562,12,12
187,0.0,four_day,alt,0.40625,-4.1655534787058235,-7.731519927659562,6,12
187,0.0,four_day,sharp,0.84375,0.8837931582245133,-7.731519927659562,6,12
187,0.0,four_day,weak,1.0,0.05984591362015479,-7.731519927659562,6,12
187,0.0,four_day,weak_skew,0.5625,3.8779528814332807,-7.731519927659562,6,12
188,0.0,daily,alt,0.06798640271945611,-7.396344860609676,-11.267016701541166,12,12
188,0.0,daily,sharp,0.41611677664467106,3.390346919826682,-11.267016701541166,12,12
188,0.0,daily,weak,0.6722655468906219,2.1697791976178595,-11.267016701541166,12,12
188,0.0,daily,weak_skew,0.40371925614877024,2.9287313786765274,-11.267016701541166,12,12
188,0.0,two_day,alt,0.158203125,-10.380939567867909,-11.267016701541166,12,12
188,0.0,two_day,sharp,0.89013671875,-1.2362402383247655,-11.267016701541166,12,12
188,0.0,two_day,weak,0.61572265625,-2.319173484043967,-11.267016701541166,12,12
188,0.0,two_day,weak_skew,0.833984375,-1.3885129837515269,-11.267016701541166,12,12
188,0.0,four_day,alt,0.75,-8.557780641107628,-11.267016701541166,6,12
188,0.0,four_day,sharp,0.6875,5.5961392467050715,-11.267016701541166,6,12
188,0.0,four_day,weak,0.6875,6.386117581211437,-11.267016701541166,6,12
188,0.0,four_day,weak_skew,1.0,-0.3923135234591382,-11.267016701541166,6,12
189,0.0,daily,alt,0.0005998800239952009,-15.027158140935688,-9.539078523255014,12,12
189,0.0,daily,sharp,0.12077584483103379,-5.86875934644467,-9.539078523255014,12,12
189,0.0,daily,weak,0.1897620475904819,-6.14263394088704,-9.539078523255014,12,12
189,0.0,daily,weak_skew,0.1245750849830034,-6.628861911575661,-9.539078523255014,12,12
189,0.0,two_day,alt,0.00341796875,-11.390992825221035,-9.539078523255014,12,12
189,0.0,two_day,sharp,0.8251953125,-0.6385041707595628,-9.539078523255014,12,12
189,0.0,two_day,weak,0.7724609375,-1.771721833690588,-9.539078523255014,12,12
189,0.0,two_day,weak_skew,0.7685546875,0.9844024304626764,-9.539078523255014,12,12
189,0.0,four_day,alt,0.09375,-11.791777950255886,-9.539078523255014,6,12
189,0.0,four_day,sharp,0.75,-1.964248201145665,-9.539078523255014,6,12
189,0.0,four_day,weak,0.3125,-5.302432672757675,-9.539078523255014,6,12
189,0.0,four_day,weak_skew,0.6875,-2.5061083480743527,-9.539078523255014,6,12
190,0.0,daily,alt,0.001999600079984003,-9.934606889069116,-8.296787731926152,12,12
190,0.0,daily,sharp,0.39332133573285344,-1.3389209721995652,-8.296787731926152,12,12
190,0.0,daily,weak,0.8094381123775245,-0.5711494764241204,-8.296787731926152,12,12
190,0.0,daily,weak_skew,0.6402719456108779,-1.0378159795737851,-8.296787731926152,12,12
190,0.0,two_day,alt,0.001953125,-7.870407572106045,-8.296787731926152,12,12
190,0.0,two_day,sharp,0.42333984375,1.4423017247438512,-8.296787731926152,12,12
190,0.0,two_day,weak,0.6650390625,1.4043941233908146,-8.296787731926152,12,12
190,0.0,two_day,weak_skew,0.49609375,2.3183964817715705,-8.296787731926152,12,12
190,0.0,four_day,alt,0.46875,-4.456091766360012,-8.296787731926152,6,12
190,0.0,four_day,sharp,0.71875,1.4814146932723216,-8.296787731926152,6,12
190,0.0,four_day,weak,0.5,3.7283240533288513,-8.296787731926152,6,12
190,0.0,four_day,weak_skew,1.0,0.24018354645473394,-8.296787731926152,6,12
191,0.0,daily,alt,0.0003999200159968006,-11.813501861917837,-7.166929549730739,12,12
191,0.0,daily,sharp,0.13737252549490103,-4.535822130078846,-7.166929549730739,12,12
191,0.0,daily,weak,0.1915616876624675,-3.3157099099099514,-7.166929549730739,12,12
191,0.0,daily,weak_skew,0.19796040791841632,-4.455210952152268,-7.166929549730739,12,12
191,0.0,two_day,alt,0.0888671875,-4.789393341878094,-7.166929549730739,12,12
191,0.0,two_day,sharp,0.30419921875,3.0794457866855645,-7.166929549730739,12,12
191,0.0,two_day,weak,0.38818359375,3.9450853050164754,-7.166929549730739,12,12
191,0.0,two_day,weak_skew,0.16162109375,6.912257963000336,-7.166929549730739,12,12
191,0.0,four_day,alt,0.03125,-9.135787349415542,-7.166929549730739,6,12
191,0.0,four_day,sharp,0.625,-2.1759025415124333,-7.166929549730739,6,12
191,0.0,four_day,weak,0.4375,-2.244290160184979,-7.166929549730739,6,12
191,0.0,four_day,weak_skew,0.625,-2.7430115749020927,-7.166929549730739,6,12
192,0.0,daily,alt,0.0007998400319936012,-9.323730823452188,-8.377669651624984,12,12
192,0.0,daily,sharp,0.8488302339532093,0.37685801279712905,-8.377669651624984,12,12
192,0.0,daily,weak,0.645870825834833,-0.9839353188444697,-8.377669651624984,12,12
192,0.0,daily,weak_skew,0.9592081583683263,0.11892742874628522,-8.377669651624984,12,12
192,0.0,two_day,alt,0.0078125,-8.035252555187817,-8.377669651624984,12,12
192,0.0,two_day,sharp,0.46923828125,1.6418614368788684,-8.377669651624984,12,12
192,0.0,two_day,weak,0.2333984375,2.885569821253574,-8.377669651624984,12,12
192,0.0,two_day,weak_skew,0.771484375,-0.8476532053698852,-8.377669651624984,12,12
192,0.0,four_day,alt,0.03125,-9.658865287606273,-8.377669651624984,6,12
192,0.0,four_day,sharp,0.1875,-2.0755461186940116,-8.377669651624984,6,12
192,0.0,four_day,weak,0.90625,-0.32863284894554684,-8.377669651624984,6,12
192,0.0,four_day,weak_skew,0.78125,-1.165912915499791,-8.377669651624984,6,12
193,0.0,daily,alt,0.0007998400319936012,-12.303525873842046,-10.898143380146891,12,12
193,0.0,daily,sharp,0.1375724855028994,-2.0781119295931845,-10.898143380146891,12,12
193,0.0,daily,weak,0.2907418516296741,-2.012460771917389,-10.898143380146891,12,12
193,0.0,daily,weak_skew,0.15356928614277143,-3.0447528338727667,-10.898143380146891,12,12
193,0.0,two_day,alt,0.0458984375,-9.268930409108552,-10.898143380146891,12,12
193,0.0,two_day,sharp,0.8466796875,0.5663193550571819,-10.898143380146891,12,12
193,0.0,two_day,weak,0.8349609375,-0.736234166043646,-10.898143380146891,12,12
193,0.0,two_day,weak_skew,0.5078125,-1.7656911528601202,-10.898143380146891,12,12
193,0.0,four_day,alt,0.03125,-12.185145238300708,-10.898143380146891,6,12
193,0.0,four_day,sharp,0.96875,0.17332697387089743,-10.898143380146891,6,12
193,0.0,four_day,weak,0.6875,-3.35353910292895,-10.898143380146891,6,12
193,0.0,four_day,weak_skew,0.78125,-1.2847045413978517,-10.898143380146891,6,12
194,0.0,daily,alt,0.013797240551889621,-10.444322769171938,-7.726449472359043,12,12
194,0.0,daily,sharp,0.556488702259548,-2.1570747244036306,-7.726449472359043,12,12
194,0.0,daily,weak,0.9530093981203759,-0.18564642094194106,-7.726449472359043,12,12
194,0.0,daily,weak_skew,0.46170765846830636,-2.3977991095275666,-7.726449472359043,12,12
194,0.0,two_day,alt,0.15576171875,-7.309801078791331,-7.726449472359043,12,12
194,0.0,two_day,sharp,0.89453125,0.7856934844429547,-7.726449472359043,12,12
194,0.0,two_day,weak,0.62451171875,3.135679856480934,-7.726449472359043,12,12
194,0.0,two_day,weak_skew,0.45263671875,3.438339640105641,-7.726449472359043,12,12
194,0.0,four_day,alt,0.5,3.8396859064613076,-7.726449472359043,6,12
194,0.0,four_day,sharp,0.0625,9.256295995737572,-7.726449472359043,6,12
194,0.0,four_day,weak,0.25,7.7508138415009435,-7.726449472359043,6,12
194,0.0,four_day,weak_skew,0.15625,5.275884588118783,-7.726449472359043,6,12
195,0.0,daily,alt,0.9416116776644671,0.31170482389724974,-10.233405028062919,12,12
195,0.0,daily,sharp,0.008198360327934412,8.652474592484701,-10.233405028062919,12,12
195,0.0,daily,weak,0.011797640471905619,9.809644538618896,-10.233405028062919,12,12
195,0.0,daily,weak_skew,0.017996400719856028,12.447999945021136,-10.233405028062919,12,12
195,0.0,two_day,alt,0.0048828125,-15.660199881435465,-10.233405028062919,12,12
195,0.0,two_day,sharp,0.3330078125,-4.19332301114627,-10.233405028062919,12,12
195,0.0,two_day,weak,0.28662109375,-6.388124952766428,-10.233405028062919,12,12
195,0.0,two_day,weak_skew,0.55322265625,-2.447430964382979,-10.233405028062919,12,12
195,0.0,four_day,alt,1.0,-0.062219118548188845,-10.233405028062919,6,12
195,0.0,four_day,sharp,0.03125,11.36525018893321,-10.233405028062919,6,12
195,0.0,four_day,weak,0.46875,6.067919807826311,-10.233405028062919,6,12
195,0.0,four_day,weak_skew,0.03125,23.90301765515501,-10.233405028062919,6,12
196,0.0,daily,alt,0.03219356128774245,-10.308931713060678,-10.275543046137642,12,12
196,0.0,daily,sharp,0.5830833833233353,2.8214999568525676,-10.275543046137642,12,12
196,0.0,daily,weak,0.5454909018196361,3.689674947655299,-10.275543046137642,12,12
196,0.0,daily,weak_skew,0.6854629074185163,1.770271164864667,-10.275543046137642,12,12
196,0.0,two_day,alt,0.00732421875,-13.767806904949083,-10.275543046137642,12,12
196,0.0,two_day,sharp,0.5615234375,-3.256637136235786,-10.275543046137642,12,12
196,0.0,two_day,weak,0.2900390625,-6.143768497810352,-10.275543046137642,12,12
196,0.0,two_day,weak_skew,0.6884765625,-2.8965812503585897,-10.275543046137642,12,12
196,0.0,four_day,alt,0.03125,-14.36312144263168,-10.275543046137642,6,12
196,0.0,four_day,sharp,0.25,-3.04082282477007,-10.275543046137642,6,12
196,0.0,four_day,weak,0.375,3.057089417167049,-10.275543046137642,6,12
196,0.0,four_day,weak_skew,0.65625,-2.0993969614882437,-10.275543046137642,6,12
197,0.0,daily,alt,0.007998400319936013,-8.383196782366193,-8.19402869622185,12,12
197,0.0,daily,sharp,0.4355128974205159,1.1965559487688882,-8.19402869622185,12,12
197,0.0,daily,weak,0.589882023595281,-1.0875907198489319,-8.19402869622185,12,12
197,0.0,daily,weak_skew,0.8690261947610478,0.3923123693524306,-8.19402869622185,12,12
197,0.0,two_day,alt,0.00927734375,-10.225633262419661,-8.19402869622185,12,12
197,0.0,two_day,sharp,0.62060546875,-1.4203236727920554,-8.19402869622185,12,12
197,0.0,two_day,weak,0.595703125,-2.186278706960137,-8.19402869622185,12,12
197,0.0,two_day,weak_skew,0.22900390625,-4.043682273589565,-8.19402869622185,12,12
197,0.0,four_day,alt,0.1875,-9.063169165739994,-8.19402869622185,6,12
197,0.0,four_day,sharp,0.59375,-2.3659599354195393,-8.19402869622185,6,12
197,0.0,four_day,weak,0.71875,-2.1352920825291264,-8.19402869622185,6,12
197,0.0,four_day,weak_skew,0.90625,-0.4891560975597109,-8.19402869622185,6,12
198,0.0,daily,alt,0.0001999600079984003,-11.166822443210128,-8.829892766018745,12,12
198,0.0,daily,sharp,0.8580283943211358,-0.34053602112543224,-8.829892766018745,12,12
198,0.0,daily,weak,0.47910417916416714,2.2726874732992823,-8.829892766018745,12,12
198,0.0,daily,weak_skew,0.07598480303939212,-2.768114227611047,-8.829892766018745,12,12
198,0.0,two_day,alt,0.04638671875,-6.835997489758527,-8.829892766018745,12,12
198,0.0,two_day,sharp,0.31982421875,2.0660956909675843,-8.829892766018745,12,12
198,0.0,two_day,weak,0.7744140625,0.9970600845283167,-8.829892766018745,12,12
198,0.0,two_day,weak_skew,0.2978515625,2.1782936107079074,-8.829892766018745,12,12
198,0.0,four_day,alt,0.125,-7.8666380922578165,-8.829892766018745,6,12
198,0.0,four_day,sharp,0.65625,-1.0653341917384782,-8.829892766018745,6,12
198,0.0,four_day,weak,0.875,-1.0213140080349075,-8.829892766018745,6,12
198,0.0,four_day,weak_skew,0.375,-4.101160709756215,-8.829892766018745,6,12
199,0.0,daily,alt,0.0005998800239952009,-13.021510511572652,-7.796844259388813,12,12
199,0.0,daily,sharp,0.23815236952609478,-3.879092094520519,-7.796844259388813,12,12
199,0.0,daily,weak,0.45610877824435114,-2.9189462625271503,-7.796844259388813,12,12
199,0.0,daily,weak_skew,0.1869626074785043,-4.689517947521311,-7.796844259388813,12,12
199,0.0,two_day,alt,0.05322265625,-9.203802023034191,-7.796844259388813,12,12
199,0.0,two_day,sharp,0.55419921875,-1.898651259414932,-7.796844259388813,12,12
199,0.0,two_day,weak,0.93994140625,0.324759319818338,-7.796844259388813,12,12
199,0.0,two_day,weak_skew,0.51708984375,-2.476598221855932,-7.796844259388813,12,12
199,0.0,four_day,alt,0.375,-4.733275095280292,-7.796844259388813,6,12
199,0.0,four_day,sharp,0.40625,2.7653245647278966,-7.796844259388813,6,12
199,0.0,four_day,weak,0.09375,8.025325184454145,-7.796844259388813,6,12
199,0.0,four_day,weak_skew,0.5,2.527754728129674,-7.796844259388813,6,12
200,0.0,daily,alt,0.023795240951809637,-7.762439283171723,-3.966173877277285,12,12
200,0.0,daily,sharp,0.2991401719656069,-1.1217421555679945,-3.966173877277285,12,12
200,0.0,daily,weak,0.7160567886422715,-0.8810476363608591,-3.966173877277285,12,12
200,0.0,daily,weak_skew,0.26294741051789644,-2.085057974153426,-3.966173877277285,12,12
200,0.0,two_day,alt,0.98876953125,0.1282877205332736,-3.966173877277285,12,12
200,0.0,two_day,sharp,0.42529296875,2.0530282279814074,-3.966173877277285,12,12
200,0.0,two_day,weak,0.35888671875,3.1231092922465713,-3.966173877277285,12,12
200,0.0,two_day,weak_skew,0.54931640625,1.8315261312733042,-3.966173877277285,12,12
200,0.0,four_day,alt,0.90625,-1.939283124551655,-3.966173877277285,6,12
200,0.0,four_day,sharp,0.65625,-1.3475458213840252,-3.966173877277285,6,12
200,0.0,four_day,weak,0.59375,1.3192424729299692,-3.966173877277285,6,12
200,0.0,four_day,weak_skew,0.375,-4.443424178368233,-3.966173877277285,6,12
201,0.0,daily,alt,0.004399120175964807,-9.784570158735542,-9.340018778980323,12,12
201,0.0,daily,sharp,0.5952809438112378,1.445329828417406,-9.340018778980323,12,12
201,0.0,daily,weak,0.6140771845630874,1.8406472278218988,-9.340018778980323,12,12
201,0.0,daily,weak_skew,0.5834833033393322,1.4728097176035135,-9.340018778980323,12,12
201,0.0,two_day,alt,0.65673828125,-3.4204788995048214,-9.340018778980323,12,12
201,0.0,two_day,sharp,0.19287109375,2.475271430527231,-9.340018778980323,12,12
201,0.0,two_day,weak,0.333984375,2.7714935750519345,-9.340018778980323,12,12
201,0.0,two_day,weak_skew,0.607421875,1.3796511416290531,-9.340018778980323,12,12
201,0.0,four_day,alt,0.0625,-10.283100964168735,-9.340018778980323,6,12
201,0.0,four_day,sharp,0.96875,0.8836947349091003,-9.340018778980323,6,12
201,0.0,four_day,weak,0.40625,3.3279921543975006,-9.340018778980323,6,12
201,0.0,four_day,weak_skew,0.59375,3.83709379030579,-9.340018778980323,6,12
202,0.0,daily,alt,0.01979604079184163,-8.368131689200002,-7.288102452089916,12,12
202,0.0,daily,sharp,0.7084583083383323,-0.793313045311462,-7.288102452089916,12,12
202,0.0,daily,weak,0.20975804839032194,-3.1062408535727264,-7.288102452089916,12,12
202,0.0,daily,weak_skew,0.5742851429714058,1.452306619472984,-7.288102452089916,12,12
202,0.0,two_day,alt,0.04833984375,-8.890603297892667,-7.288102452089916,12,12
202,0.0,two_day,sharp,0.6435546875,1.165809744196471,-7.288102452089916,12,12
202,0.0,two_day,weak,0.4931640625,2.6280180685217167,-7.288102452089916,12,12
202,0.0,two_day,weak_skew,0.37158203125,4.028439299854164,-7.288102452089916,12,12
202,0.0,four_day,alt,0.59375,-2.3203925064579884,-7.288102452089916,6,12
202,0.0,four_day,sharp,0.4375,3.086233537969452,-7.288102452089916,6,12
202,0.0,four_day,weak,0.03125,6.968911116024857,-7.288102452089916,6,12
202,0.0,four_day,weak_skew,0.96875,2.2895321317144615,-7.288102452089916,6,12
203,0.0,daily,alt,0.04599080183963208,-8.500427098952,-8.424203887398939,12,12
203,0.0,daily,sharp,0.870625874825035,-0.3015339811432713,-8.424203887398939,12,12
203,0.0,daily,weak,0.3873225354929014,1.824346833192828,-8.424203887398939,12,12
203,0.0,daily,weak_skew,0.5286942611477704,2.2792139549187898,-8.424203887398939,12,12
203,0.0,two_day,alt,0.01806640625,-11.242842892944637,-8.424203887398939,12,12
203,0.0,two_day,sharp,0.94775390625,0.19815964752102744,-8.424203887398939,12,12
203,0.0,two_day,weak,0.5078125,-3.0471270718011865,-8.424203887398939,12,12
203,0.0,two_day,weak_skew,0.96142578125,-0.2418945506046176,-8.424203887398939,12,12
203,0.0,four_day,alt,0.0625,-8.492926337990722,-8.424203887398939,6,12
203,0.0,four_day,sharp,0.84375,0.4139204877395623,-8.424203887398939,6,12
203,0.0,four_day,weak,0.5625,3.204686508117129,-8.424203887398939,6,12
203,0.0,four_day,weak_skew,0.8125,-0.515474549351063,-8.424203887398939,6,12
204,0.0,daily,alt,0.2451509698060388,-6.182420990215594,-6.728344879779726,12,12
204,0.0,daily,sharp,0.7528494301139772,-0.5271178513591478,-6.728344879779726,12,12
204,0.0,daily,weak,0.10397920415916817,-3.3051177775188787,-6.728344879779726,12,12
204,0.0,daily,weak_skew,0.9978004399120176,-0.011407741424450299,-6.728344879779726,12,12
204,0.0,two_day,alt,0.37353515625,-4.472288334661457,-6.728344879779726,12,12
204,0.0,two_day,sharp,0.109375,2.991017006463044,-6.728344879779726,12,12
204,0.0,two_day,weak,0.30712890625,3.5430987028036154,-6.728344879779726,12,12
204,0.0,two_day,weak_skew,0.53955078125,1.4995363373488058,-6.728344879779726,12,12
204,0.0,four_day,alt,0.09375,-12.168916999949664,-6.728344879779726,6,12
204,0.0,four_day,sharp,0.3125,-2.858454596492398,-6.728344879779726,6,12
204,0.0,four_day,weak,0.28125,-4.163081338367408,-6.728344879779726,6,12
204,0.0,four_day,weak_skew,0.09375,-5.389888824721602,-6.728344879779726,6,12
205,0.0,daily,alt,0.003999200159968006,-6.968651477565246,-8.605033404443454,12,12
205,0.0,daily,sharp,0.23015396920615877,2.144411341629397,-8.605033404443454,12,12
205,0.0,daily,weak,0.6914617076584683,1.4093380151090436,-8.605033404443454,12,12
205,0.0,daily,weak_skew,0.3203359328134373,4.152779838310188,-8.605033404443454,12,12
205,0.0,two_day,alt,0.0419921875,-5.843582205246515,-8.605033404443454,12,12
205,0.0,two_day,sharp,0.4697265625,1.661577378700909,-8.605033404443454,12,12
205,0.0,two_day,weak,0.88623046875,0.568577144646806,-8.605033404443454,12,12
205,0.0,two_day,weak_skew,0.150390625,6.02085358315939,-8.605033404443454,12,12
205,0.0,four_day,alt,0.0625,-8.90069521446471,-8.605033404443454,6,12
205,0.0,four_day,sharp,1.0,-0.0915889786397474,-8.605033404443454,6,12
205,0.0,four_day,weak,0.71875,1.586447984545676,-8.605033404443454,6,12
205,0.0,four_day,weak_skew,0.6875,2.386885801481913,-8.605033404443454,6,12
206,0.0,daily,alt,0.0001999600079984003,-12.18318643197775,-8.147339050520927,12,12
206,0.0,daily,sharp,0.20375924815036991,-2.783980917321776,-8.147339050520927,12,12
206,0.0,daily,weak,0.48310337932413516,-2.308973571363883,-8.147339050520927,12,12
206,0.0,daily,weak_skew,0.5400919816036792,-2.238553311064102,-8.147339050520927,12,12
206,0.0,two_day,alt,0.01513671875,-6.801665505475877,-8.147339050520927,12,12
206,0.0,two_day,sharp,0.9140625,-0.17643005330518235,-8.147339050520927,12,12
206,0.0,two_day,weak,0.45458984375,3.577337125492724,-8.147339050520927,12,12
206,0.0,two_day,weak_skew,0.35791015625,-3.242332925685576,-8.147339050520927,12,12
206,0.0,four_day,alt,0.0625,-11.74909012382326,-8.147339050520927,6,12
206,0.0,four_day,sharp,0.34375,-4.260243600472921,-8.147339050520927,6,12
206,0.0,four_day,weak,0.90625,-0.8258441377214586,-8.147339050520927,6,12
206,0.0,four_day,weak_skew,0.3125,-5.831629820540734,-8.147339050520927,6,12
207,0.0,daily,alt,0.0001999600079984003,-14.218445344307042,-12.025750340072747,12,12
207,0.0,daily,sharp,0.9434113177364527,-0.0825875394964477,-12.025750340072747,12,12
207,0.0,daily,weak,0.48570285942811436,-2.1880696645203765,-12.025750340072747,12,12
207,0.0,daily,weak_skew,0.20575884823035392,5.193474589035999,-12.025750340072747,12,12
207,0.0,two_day,alt,0.00244140625,-15.971180659736476,-12.025750340072747,12,12
207,0.0,two_day,sharp,0.369140625,-1.715486681458911,-12.025750340072747,12,12
207,0.0,two_day,weak,0.94921875,0.29111239640365305,-12.025750340072747,12,12
207,0.0,two_day,weak_skew,0.4755859375,2.08979338553584,-12.025750340072747,12,12
207,0.0,four_day,alt,0.5625,-2.6330988157525588,-12.025750340072747,6,12
207,0.0,four_day,sharp,0.15625,4.081272458231774,-12.025750340072747,6,12
207,0.0,four_day,weak,0.125,5.778616492056693,-12.025750340072747,6,12
207,0.0,four_day,weak_skew,0.59375,-1.2661018413150085,-12.025750340072747,6,12
208,0.0,daily,alt,0.0001999600079984003,-15.082027059213466,-14.247462444695685,12,12
208,0.0,daily,sharp,0.16556688662267546,-2.741442579835256,-14.247462444695685,12,12
208,0.0,daily,weak,0.03739252149570086,-5.864157695040618,-14.247462444695685,12,12
208,0.0,daily,weak_skew,0.26554689062187564,-2.651399039172573,-14.247462444695685,12,12
208,0.0,two_day,alt,0.00048828125,-11.76794476283846,-14.247462444695685,12,12
208,0.0,two_day,sharp,0.23681640625,3.190736450400246,-14.247462444695685,12,12
208,0.0,two_day,weak,0.69091796875,1.6558228675597864,-14.247462444695685,12,12
208,0.0,two_day,weak_skew,0.12255859375,5.506649564028495,-14.247462444695685,12,12
208,0.0,four_day,alt,0.03125,-14.397364313807545,-14.247462444695685,6,12
208,0.0,four_day,sharp,0.65625,0.9913502856536583,-14.247462444695685,6,12
208,0.0,four_day,weak,0.21875,4.953104469344829,-14.247462444695685,6,12
208,0.0,four_day,weak_skew,0.25,11.124998995929959,-14.247462444695685,6,12
209,0.0,daily,alt,0.0009998000399920016,-8.920015853668131,-4.697922599547091,12,12
209,0.0,daily,sharp,0.28074385122975404,-1.6948208472282615,-4.697922599547091,12,12
209,0.0,daily,weak,0.20555888822235552,-4.245823112747081,-4.697922599547091,12,12
209,0.0,daily,weak_skew,0.009198160367926415,-5.266905971665686,-4.697922599547091,12,12
209,0.0,two_day,alt,0.806640625,-1.1706496523452898,-4.697922599547091,12,12
209,0.0,two_day,sharp,0.443359375,1.3440997204238965,-4.697922599547091,12,12
209,0.0,two_day,weak,0.12158203125,-5.5779360136209055,-4.697922599547091,12,12
209,0.0,two_day,weak_skew,0.4365234375,1.7417559607719912,-4.697922599547091,12,12
209,0.0,four_day,alt,0.34375,-5.526972440604612,-4.697922599547091,6,12
209,0.0,four_day,sharp,1.0,-0.04295845388886832,-4.697922599547091,6,12
209,0.0,four_day,weak,0.53125,2.845056522735385,-4.697922599547091,6,12
209,0.0,four_day,weak_skew,0.40625,4.734109832047181,-4.697922599547091,6,12
210,0.0,daily,alt,0.9272145570885822,-0.5775814972879226,-9.058763311463736,12,12
210,0.0,daily,sharp,0.1773645270945811,3.93730980326271,-9.058763311463736,12,12
210,0.0,daily,weak,0.32213557288542294,2.9714051071283847,-9.058763311463736,12,12
210,0.0,daily,weak_skew,0.352129574085183,3.178248026248719,-9.058763311463736,12,12
210,0.0,two_day,alt,0.52197265625,-4.071784742268732,-9.058763311463736,12,12
210,0.0,two_day,sharp,0.3720703125,3.8041019464918655,-9.058763311463736,12,12
210,0.0,two_day,weak,0.26953125,5.538146200582811,-9.058763311463736,12,12
210,0.0,two_day,weak_skew,0.4970703125,2.659147519770764,-9.058763311463736,12,12
210,0.0,four_day,alt,0.15625,-17.216884607359656,-9.058763311463736,6,12
210,0.0,four_day,sharp,0.46875,-6.266564067280203,-9.058763311463736,6,12
210,0.0,four_day,weak,0.40625,-8.184727196599754,-9.058763311463736,6,12
210,0.0,four_day,weak_skew,0.875,-2.052739411348592,-9.058763311463736,6,12
211,0.0,daily,alt,0.6646670665866826,-1.8640738724084411,-8.16344450811156,12,12
211,0.0,daily,sharp,0.0661867626474705,2.6467287020793897,-8.16344450811156,12,12
211,0.0,daily,weak,0.5832833433313337,1.7305802238289487,-8.16344450811156,12,12
211,0.0,daily,weak_skew,0.42551489702059586,2.3241376437347046,-8.16344450811156,12,12
211,0.0,two_day,alt,0.0185546875,-12.573591833861324,-8.16344450811156,12,12
211,0.0,two_day,sharp,0.5087890625,-1.5724679335397032,-8.16344450811156,12,12
211,0.0,two_day,weak,0.57861328125,-1.487054804817528,-8.16344450811156,12,12
211,0.0,two_day,weak_skew,0.16455078125,-4.471203480357955,-8.16344450811156,12,12
211,0.0,four_day,alt,0.03125,-15.218745263069259,-8.16344450811156,6,12
211,0.0,four_day,sharp,0.21875,-5.013461331294752,-8.16344450811156,6,12
211,0.0,four_day,weak,0.03125,-9.529607384433124,-8.16344450811156,6,12
211,0.0,four_day,weak_skew,0.375,-5.447338479562831,-8.16344450811156,6,12
212,0.0,daily,alt,0.005198960207958408,-8.055540096886388,-5.354474481278558,12,12
212,0.0,daily,sharp,0.8280343931213757,-0.4513455366819071,-5.354474481278558,12,12
212,0.0,daily,weak,0.5632873425314937,-2.0044671285516773,-5.354474481278558,12,12
212,0.0,daily,weak_skew,0.6124775044991002,-1.1720708411324339,-5.354474481278558,12,12
212,0.0,two_day,alt,0.27783203125,-4.113129083225952,-5.354474481278558,12,12
212,0.0,two_day,sharp,0.32568359375,2.8450131412505684,-5.354474481278558,12,12
212,0.0,two_day,weak,0.375,3.01290322313705,-5.354474481278558,12,12
212,0.0,two_day,weak_skew,0.34033203125,3.3668778715138274,-5.354474481278558,12,12
212,0.0,four_day,alt,0.03125,-15.649608916560387,-5.354474481278558,6,12
212,0.0,four_day,sharp,0.03125,-6.421300247725912,-5.354474481278558,6,12
212,0.0,four_day,weak,0.03125,-9.030024419438051,-5.354474481278558,6,12
212,0.0,four_day,weak_skew,0.90625,-0.9641348273759908,-5.354474481278558,6,12
213,0.0,daily,alt,0.8304339132173565,-0.9195614579170103,-4.996084401592427,12,12
213,0.0,daily,sharp,0.3213357328534293,1.4497067389016536,-4.996084401592427,12,12
213,0.0,daily,weak,0.5580883823235353,-1.7539933905344416,-4.996084401592427,12,12
213,0.0,daily,weak_skew,0.09158168366326734,4.303253616761462,-4.996084401592427,12,12
213,0.0,two_day,alt,0.4443359375,-3.411995615248929,-4.996084401592427,12,12
213,0.0,two_day,sharp,0.408203125,1.868109555666025,-4.996084401592427,12,12
213,0.0,two_day,weak,0.21484375,3.9602282289675954,-4.996084401592427,12,12
213,0.0,two_day,weak_skew,0.31396484375,2.409977289902963,-4.996084401592427,12,12
213,0.0,four_day,alt,0.25,-8.71268860097511,-4.996084401592427,6,12
213,0.0,four_day,sharp,0.40625,-3.73227920171801,-4.996084401592427,6,12
213,0.0,four_day,weak,0.1875,-6.7719387122643395,-4.996084401592427,6,12
213,0.0,four_day,weak_skew,0.21875,-7.824012731573042,-4.996084401592427,6,12
214,0.0,daily,alt,0.5228954209158169,-2.430966027555503,-7.335743608968144,12,12
214,0.0,daily,sharp,0.05458908218356329,4.423810512099304,-7.335743608968144,12,12
214,0.0,daily,weak,0.23275344931013797,3.739588014054162,-7.335743608968144,12,12
214,0.0,daily,weak_skew,0.15596880623875226,4.106774459413333,-7.335743608968144,12,12
214,0.0,two_day,alt,0.00341796875,-12.496883226044616,-7.335743608968144,12,12
214,0.0,two_day,sharp,0.1279296875,-4.314357997111071,-7.335743608968144,12,12
214,0.0,two_day,weak,0.19873046875,-5.33430679435822,-7.335743608968144,12,12
214,0.0,two_day,weak_skew,0.0341796875,-7.0288029875654745,-7.335743608968144,12,12
214,0.0,four_day,alt,0.34375,-5.878362137102567,-7.335743608968144,6,12
214,0.0,four_day,sharp,0.65625,1.455518841304336,-7.335743608968144,6,12
214,0.0,four_day,weak,0.84375,-1.755906135484891,-7.335743608968144,6,12
214,0.0,four_day,weak_skew,0.46875,4.524158315902841,-7.335743608968144,6,12
215,0.0,daily,alt,0.0007998400319936012,-14.099949661300627,-10.72957594671508,12,12
215,0.0,daily,sharp,0.484503099380124,-1.9699693555819728,-10.72957594671508,12,12
215,0.0,daily,weak,0.10377924415116976,-4.956241568503053,-10.72957594671508,12,12
215,0.0,daily,weak_skew,0.9002199560087982,-0.46028668026915653,-10.72957594671508,12,12
215,0.0,two_day,alt,0.00732421875,-9.845348689278113,-10.72957594671508,12,12
215,0.0,two_day,sharp,0.4345703125,1.3103578599069579,-10.72957594671508,12,12
215,0.0,two_day,weak,0.53369140625,-2.0219262977366004,-10.72957594671508,12,12
215,0.0,two_day,weak_skew,0.568359375,2.128210242149992,-10.72957594671508,12,12
215,0.0,four_day,alt,0.0625,-11.323042932665127,-10.72957594671508,6,12
215,0.0,four_day,sharp,0.96875,-0.28619251382634303,-10.72957594671508,6,12
215,0.0,four_day,weak,0.40625,-4.973954701067572,-10.72957594671508,6,12
215,0.0,four_day,weak_skew,0.6875,1.3769456466915173,-10.72957594671508,6,12
216,0.0,daily,alt,0.7518496300739852,1.8052040577748472,-6.6537016572360415,12,12
216,0.0,daily,sharp,0.03419316136772645,5.383587932220916,-6.6537016572360415,12,12
216,0.0,daily,weak,0.13737252549490103,3.9570411080823757,-6.6537016572360415,12,12
216,0.0,daily,weak_skew,0.11037792441511697,4.425263240524171,-6.6537016572360415,12,12
216,0.0,two_day,alt,0.00048828125,-15.609114445375042,-6.6537016572360415,12,12
216,0.0,two_day,sharp,0.10546875,-4.605629196127878,-6.6537016572360415,12,12
216,0.0,two_day,weak,0.3466796875,-4.732190220968228,-6.6537016572360415,12,12
216,0.0,two_day,weak_skew,0.06591796875,-5.846355422025542,-6.6537016572360415,12,12
216,0.0,four_day,alt,0.21875,-13.798047952496384,-6.6537016572360415,6,12
216,0.0,four_day,sharp,0.15625,-9.380629481202938,-6.6537016572360415,6,12
216,0.0,four_day,weak,0.34375,-7.962169096544049,-6.6537016572360415,6,12
216,0.0,four_day,weak_skew,0.0625,-12.318299975168058,-6.6537016572360415,6,12
217,0.0,daily,alt,0.0005998800239952009,-14.951881449434955,-9.335335603654784,12,12
217,0.0,daily,sharp,0.09938012397520496,-5.704873088237683,-9.335335603654784,12,12
217,0.0,daily,weak,0.07778444311137772,-8.031734953237608,-9.335335603654784,12,12
217,0.0,daily,weak_skew,0.10377924415116976,-7.2336862079588435,-9.335335603654784,12,12
217,0.0,two_day,alt,0.6865234375,-1.7020578634747647,-9.335335603654784,12,12
217,0.0,two_day,sharp,0.13916015625,6.418815123523433,-9.335335603654784,12,12
217,0.0,two_day,weak,0.2431640625,6.643632088675602,-9.335335603654784,12,12
217,0.0,two_day,weak_skew,0.23828125,5.633106377315085,-9.335335603654784,12,12
217,0.0,four_day,alt,0.34375,-4.963761408763905,-9.335335603654784,6,12
217,0.0,four_day,sharp,0.71875,2.417349589756853,-9.335335603654784,6,12
217,0.0,four_day,weak,0.75,2.0163923828348564,-9.335335603654784,6,12
217,0.0,four_day,weak_skew,0.625,2.974163581782655,-9.335335603654784,6,12
218,0.0,daily,alt,0.36312737452509497,-6.100669536104633,-8.622724924911402,12,12
218,0.0,daily,sharp,0.33093381323735255,2.5536353234342575,-8.622724924911402,12,12
218,0.0,daily,weak,0.5906818636272746,1.9334634998247864,-8.622724924911402,12,12
218,0.0,daily,weak_skew,0.26714657068586284,3.6780786698126957,-8.622724924911402,12,12
218,0.0,two_day,alt,0.05859375,-8.355158607805466,-8.622724924911402,12,12
218,0.0,two_day,sharp,0.501953125,3.0631944417820622,-8.622724924911402,12,12
218,0.0,two_day,weak,0.97509765625,0.17141097251897128,-8.622724924911402,12,12
218,0.0,two_day,weak_skew,0.1845703125,6.113701206143006,-8.622724924911402,12,12
218,0.0,four_day,alt,0.15625,-7.410003725125432,-8.622724924911402,6,12
218,0.0,four_day,sharp,0.5,4.538746091571583,-8.622724924911402,6,12
218,0.0,four_day,weak,0.5,4.655000044812511,-8.622724924911402,6,12
218,0.0,four_day,weak_skew,0.625,1.9403401712640214,-8.622724924911402,6,12
219,0.0,daily,alt,0.32793441311737653,-5.615389464237194,-7.4825229379654274,12,12
219,0.0,daily,sharp,0.28534293141371725,2.0766681668866536,-7.4825229379654274,12,12
219,0.0,daily,weak,0.3795240951809638,1.9566353023907208,-7.4825229379654274,12,12
219,0.0,daily,weak_skew,0.7908418316336733,0.8723452260304754,-7.4825229379654274,12,12
219,0.0,two_day,alt,0.75048828125,-4.377260057575028,-7.4825229379654274,12,12
219,0.0,two_day,sharp,0.78759765625,1.1932110376308582,-7.4825229379654274,12,12
219,0.0,two_day,weak,0.7568359375,0.9451290963555726,-7.4825229379654274,12,12
219,0.0,two_day,weak_skew,0.99755859375,0.012079779283948136,-7.4825229379654274,12,12
219,0.0,four_day,alt,0.03125,-7.878722524557575,-7.4825229379654274,6,12
219,0.0,four_day,sharp,0.21875,2.172446147926223,-7.4825229379654274,6,12
219,0.0,four_day,weak,0.125,5.59435116964415,-7.4825229379654274,6,12
219,0.0,four_day,weak_skew,0.96875,-0.009568112776671947,-7.4825229379654274,6,12
220,0.0,daily,alt,0.027394521095780843,-6.4662154890792936,-6.774617167594144,12,12
220,0.0,daily,sharp,0.8704259148170366,0.23571775036377693,-6.774617167594144,12,12
220,0.0,daily,weak,0.7464507098580284,-0.9070658904941039,-6.774617167594144,12,12
220,0.0,daily,weak_skew,0.4097180563887223,-2.074589448479946,-6.774617167594144,12,12
220,0.0,two_day,alt,0.15625,-5.547819433682117,-6.774617167594144,12,12
220,0.0,two_day,sharp,0.888671875,-0.2532928056853437,-6.774617167594144,12,12
220,0.0,two_day,weak,0.2724609375,-3.3373822893565657,-6.774617167594144,12,12
220,0.0,two_day,weak_skew,0.849609375,0.751503431905944,-6.774617167594144,12,12
220,0.0,four_day,alt,0.03125,-17.51455024496822,-6.774617167594144,6,12
220,0.0,four_day,sharp,0.21875,-6.183175470425318,-6.774617167594144,6,12
220,0.0,four_day,weak,0.375,-6.514679499459635,-6.774617167594144,6,12
220,0.0,four_day,weak_skew,0.1875,-2.930572772967256,-6.774617167594144,6,12
221,0.0,daily,alt,0.12337532493501299,-4.327096010169786,-7.694972068993934,12,12
221,0.0,daily,sharp,0.0613877224555089,4.335977023056576,-7.694972068993934,12,12
221,0.0,daily,weak,0.2579484103179364,3.9492109830072653,-7.694972068993934,12,12
221,0.0,daily,weak_skew,0.20395920815836832,3.432910466321481,-7.694972068993934,12,12
221,0.0,two_day,alt,0.00048828125,-15.404872822064045,-7.694972068993934,12,12
221,0.0,two_day,sharp,0.02685546875,-6.651705064809556,-7.694972068993934,12,12
221,0.0,two_day,weak,0.1298828125,-7.626729475496688,-7.694972068993934,12,12
221,0.0,two_day,weak_skew,0.02783203125,-9.496433973531527,-7.694972068993934,12,12
221,0.0,four_day,alt,0.09375,-12.082966401228369,-7.694972068993934,6,12
221,0.0,four_day,sharp,0.625,-1.8377599217209888,-7.694972068993934,6,12
221,0.0,four_day,weak,0.84375,1.3108943609095849,-7.694972068993934,6,12
221,0.0,four_day,weak_skew,0.0625,-7.883265922870293,-7.694972068993934,6,12
222,0.0,daily,alt,0.005598880223955209,-6.2026896180899085,-7.890219489281144,12,12
222,0.0,daily,sharp,0.6402719456108779,0.7472467916466142,-7.890219489281144,12,12
222,0.0,daily,weak,0.3193361327734453,2.595653938825348,-7.890219489281144,12,12
222,0.0,daily,weak_skew,0.5152969406118776,-1.083631530776114,-7.890219489281144,12,12
222,0.0,two_day,alt,0.00390625,-12.723257551605807,-7.890219489281144,12,12
222,0.0,two_day,sharp,0.033203125,-3.793855979486852,-7.890219489281144,12,12
222,0.0,two_day,weak,0.017578125,-5.619563846572934,-7.890219489281144,12,12
222,0.0,two_day,weak_skew,0.72705078125,-0.9117434269252366,-7.890219489281144,12,12
222,0.0,four_day,alt,0.40625,-3.5825108419546594,-7.890219489281144,6,12
222,0.0,four_day,sharp,0.1875,2.1194689420739956,-7.890219489281144,6,12
222,0.0,four_day,weak,0.625,-2.3367174095169516,-7.890219489281144,6,12
222,0.0,four_day,weak_skew,0.125,-2.219229868234502,-7.890219489281144,6,12
223,0.0,daily,alt,0.0001999600079984003,-13.000690731144081,-9.738425011674671,12,12
223,0.0,daily,sharp,0.03159368126374725,-2.860312659275938,-9.738425011674671,12,12
223,0.0,daily,weak,0.8924215156968607,0.2411709250580619,-9.738425011674671,12,12
223,0.0,daily,weak_skew,0.6122775444911018,1.5597182350004122,-9.738425011674671,12,12
223,0.0,two_day,alt,0.009765625,-12.404749379578282,-9.738425011674671,12,12
223,0.0,two_day,sharp,0.21484375,-2.821008929298131,-9.738425011674671,12,12
223,0.0,two_day,weak,0.8662109375,0.5038665640035797,-9.738425011674671,12,12
223,0.0,two_day,weak_skew,0.02880859375,-5.78027753471207,-9.738425011674671,12,12
223,0.0,four_day,alt,0.03125,-10.57582923576099,-9.738425011674671,6,12
223,0.0,four_day,sharp,0.15625,-3.936567608366348,-9.738425011674671,6,12
223,0.0,four_day,weak,0.65625,-3.957085081368696,-9.738425011674671,6,12
223,0.0,four_day,weak_skew,0.15625,-6.510345549478829,-9.738425011674671,6,12
224,0.0,daily,alt,0.10457908418316336,-8.112501639669363,-10.534363949167847,12,12
224,0.0,daily,sharp,0.9258148370325935,0.23430226891282283,-10.534363949167847,12,12
224,0.0,daily,weak,0.5434913017396521,2.054352017843053,-10.534363949167847,12,12
224,0.0,daily,weak_skew,0.9180163967206558,-0.32195953544255335,-10.534363949167847,12,12
224,0.0,two_day,alt,0.0322265625,-11.748713109907676,-10.534363949167847,12,12
224,0.0,two_day,sharp,0.35546875,-1.8623294027181168,-10.534363949167847,12,12
224,0.0,two_day,weak,0.6220703125,1.3183481691047068,-10.534363949167847,12,12
224,0.0,two_day,weak_skew,0.505859375,3.1465877032288017,-10.534363949167847,12,12
224,0.0,four_day,alt,0.03125,-14.51890240095735,-10.534363949167847,6,12
224,0.0,four_day,sharp,0.625,-1.719140102459459,-10.534363949167847,6,12
224,0.0,four_day,weak,0.46875,3.5385453912860227,-10.534363949167847,6,12
224,0.0,four_day,weak_skew,0.0625,-7.615761630207377,-10.534363949167847,6,12
225,0.0,daily,alt,0.0001999600079984003,-15.956075151839975,-10.61794349881145,12,12
225,0.0,daily,sharp,0.28254349130173967,-3.2390178716267273,-10.61794349881145,12,12
225,0.0,daily,weak,0.6906618676264747,-1.2070714798404147,-10.61794349881145,12,12
225,0.0,daily,weak_skew,0.5666866626674665,-1.6175790458827197,-10.61794349881145,12,12
225,0.0,two_day,alt,0.00048828125,-15.795422002230973,-10.61794349881145,12,12
225,0.0,two_day,sharp,0.03076171875,-4.703322824529178,-10.61794349881145,12,12
225,0.0,two_day,weak,0.458984375,-2.2498437799140993,-10.61794349881145,12,12
225,0.0,two_day,weak_skew,0.001953125,-8.535248156479426,-10.61794349881145,12,12
225,0.0,four_day,alt,0.03125,-13.656462398832375,-10.61794349881145,6,12
225,0.0,four_day,sharp,0.71875,-1.7065834775556976,-10.61794349881145,6,12
225,0.0,four_day,weak,0.65625,1.5063095574437,-10.61794349881145,6,12
225,0.0,four_day,weak_skew,0.5,-3.853849424061314,-10.61794349881145,6,12
226,0.0,daily,alt,0.1907618476304739,-5.135868795307565,-5.54440915890757,12,12
226,0.0,daily,sharp,0.7812437512497501,-0.5210219687472879,-5.54440915890757,12,12
226,0.0,daily,weak,0.11497700459908018,-3.818613705856332,-5.54440915890757,12,12
226,0.0,daily,weak_skew,0.7146570685862828,-0.9139250721238549,-5.54440915890757,12,12
226,0.0,two_day,alt,0.00537109375,-10.989659496165276,-5.54440915890757,12,12
226,0.0,two_day,sharp,0.32958984375,-2.5412091424363346,-5.54440915890757,12,12
226,0.0,two_day,weak,0.59033203125,-1.7274632353208428,-5.54440915890757,12,12
226,0.0,two_day,weak_skew,0.76025390625,-0.8476340066077762,-5.54440915890757,12,12
226,0.0,four_day,alt,0.9375,-0.15437581205851222,-5.54440915890757,6,12
226,0.0,four_day,sharp,0.21875,4.501167350334941,-5.54440915890757,6,12
226,0.0,four_day,weak,0.46875,4.073540119940898,-5.54440915890757,6,12
226,0.0,four_day,weak_skew,0.3125,6.108852209739386,-5.54440915890757,6,12
227,0.0,daily,alt,0.14317136572685463,-5.503902447890247,-6.492852207534867,12,12
227,0.0,daily,sharp,0.6500699860027994,-0.85711306220495,-6.492852207534867,12,12
227,0.0,daily,weak,0.7566486702659468,-0.7831488810888162,-6.492852207534867,12,12
227,0.0,daily,weak_skew,0.8752249550089982,-0.336906610892625,-6.492852207534867,12,12
227,0.0,two_day,alt,0.529296875,-3.4471647212618426,-6.492852207534867,12,12
227,0.0,two_day,sharp,0.740234375,0.5369580778299188,-6.492852207534867,12,12
227,0.0,two_day,weak,0.1640625,5.067519996649686,-6.492852207534867,12,12
227,0.0,two_day,weak_skew,0.240234375,4.123209875270996,-6.492852207534867,12,12
227,0.0,four_day,alt,0.3125,-4.5585906934377185,-6.492852207534867,6,12
227,0.0,four_day,sharp,0.84375,0.23707150657688558,-6.492852207534867,6,12
227,0.0,four_day,weak,0.5625,2.5128547079196166,-6.492852207534867,6,12
227,0.0,four_day,weak_skew,0.96875,0.4866705067597543,-6.492852207534867,6,12
228,0.0,daily,alt,0.3869226154769046,-3.98677031682246,-9.053300911299083,12,12
228,0.0,daily,sharp,0.15716856628674264,3.5080950609780914,-9.053300911299083,12,12
228,0.0,daily,weak,0.1799640071985603,3.9469084608652913,-9.053300911299083,12,12
228,0.0,daily,weak_skew,0.16936612677464508,5.230529595921934,-9.053300911299083,12,12
228,0.0,two_day,alt,0.00732421875,-13.983401690874322,-9.053300911299083,12,12
228,0.0,two_day,sharp,0.38330078125,-4.041104875366335,-9.053300911299083,12,12
228,0.0,two_day,weak,0.41357421875,-5.166299276429426,-9.053300911299083,12,12
228,0.0,two_day,weak_skew,0.5126953125,-3.768754180009543,-9.053300911299083,12,12
228,0.0,four_day,alt,0.125,-11.38126099873363,-9.053300911299083,6,12
228,0.0,four_day,sharp,0.9375,-0.5688155311657587,-9.053300911299083,6,12
228,0.0,four_day,weak,0.9375,-2.56004839017386,-9.053300911299083,6,12
228,0.0,four_day,weak_skew,0.6875,-3.2001876350626666,-9.053300911299083,6,12
229,0.0,daily,alt,0.001999600079984003,-12.955802508860677,-10.539086821847683,12,12
229,0.0,daily,sharp,0.509498100379924,-1.9690169322929059,-10.539086821847683,12,12
229,0.0,daily,weak,0.7578484303139372,1.3143518004046484,-10.539086821847683,12,12
229,0.0,daily,weak_skew,0.28594281143771244,-3.394955551735661,-10.539086821847683,12,12
229,0.0,two_day,alt,0.03076171875,-8.63224416103703,-10.539086821847683,12,12
229,0.0,two_day,sharp,0.96337890625,0.11444331653509761,-10.539086821847683,12,12
229,0.0,two_day,weak,0.7763671875,0.8752774629242198,-10.539086821847683,12,12
229,0.0,two_day,weak_skew,0.8642578125,0.6873228659768001,-10.539086821847683,12,12
229,0.0,four_day,alt,0.1875,-8.019829087583505,-10.539086821847683,6,12
229,0.0,four_day,sharp,0.96875,0.08095857249905454,-10.539086821847683,6,12
229,0.0,four_day,weak,0.625,1.0001500101332492,-10.539086821847683,6,12
229,0.0,four_day,weak_skew,0.78125,-1.0059227230705996,-10.539086821847683,6,12
230,0.0,daily,alt,0.43431313737252547,1.7672630961157,-6.378674328441662,12,12
230,0.0,daily,sharp,0.03459308138372325,4.04367578571322,-6.378674328441662,12,12
230,0.0,daily,weak,0.4539092181563687,1.8893376986115058,-6.378674328441662,12,12
230,0.0,daily,weak_skew,0.20375924815036991,3.0645870218366285,-6.378674328441662,12,12
230,0.0,two_day,alt,0.3544921875,-6.78755150339729,-6.378674328441662,12,12
230,0.0,two_day,sharp,0.8974609375,0.6110021429519783,-6.378674328441662,12,12
230,0.0,two_day,weak,0.65283203125,2.2738761468742905,-6.378674328441662,12,12
230,0.0,two_day,weak_skew,0.6484375,-2.248787627454868,-6.378674328441662,12,12
230,0.0,four_day,alt,0.03125,-11.643930402394105,-6.378674328441662,6,12
230,0.0,four_day,sharp,0.125,-5.218543366546672,-6.378674328441662,6,12
230,0.0,four_day,weak,0.34375,-4.676656463089318,-6.378674328441662,6,12
230,0.0,four_day,weak_skew,0.4375,-3.648174802029736,-6.378674328441662,6,12
231,0.0,daily,alt,0.1807638472305539,-7.072998773980037,-6.799199590763735,12,12
231,0.0,daily,sharp,0.1865626874625075,-2.522220797099178,-6.799199590763735,12,12
231,0.0,daily,weak,0.79124175164967,-1.0144583483397582,-6.799199590763735,12,12
231,0.0,daily,weak_skew,0.8936212757448511,-0.4750863919942721,-6.799199590763735,12,12
231,0.0,two_day,alt,0.107421875,-7.367288607634522,-6.799199590763735,12,12
231,0.0,two_day,sharp,0.22509765625,-2.7630032040650008,-6.799199590763735,12,12
231,0.0,two_day,weak,0.162109375,-4.201569138014282,-6.799199590763735,12,12
231,0.0,two_day,weak_skew,0.06494140625,-4.552955527509007,-6.799199590763735,12,12
231,0.0,four_day,alt,0.75,-2.877216246491342,-6.799199590763735,6,12
231,0.0,four_day,sharp,0.71875,2.3880117106989687,-6.799199590763735,6,12
231,0.0,four_day,weak,0.1875,9.724361417510776,-6.799199590763735,6,12
231,0.0,four_day,weak_skew,1.0,0.2815417168312256,-6.799199590763735,6,12
232,0.0,daily,alt,0.0015996800639872025,-10.873394392191921,-10.603106856823928,12,12
232,0.0,daily,sharp,0.6852629474105179,0.6952225147876939,-10.603106856823928,12,12
232,0.0,daily,weak,0.6502699460107978,-1.1146524685305668,-10.603106856823928,12,12
232,0.0,daily,weak_skew,0.1923615276944611,2.7612465371491823,-10.603106856823928,12,12
232,0.0,two_day,alt,0.0009765625,-13.210078988207584,-10.603106856823928,12,12
232,0.0,two_day,sharp,0.9873046875,-0.02655618882101211,-10.603106856823928,12,12
232,0.0,two_day,weak,0.65380859375,1.7983622775501409,-10.603106856823928,12,12
232,0.0,two_day,weak_skew,0.4111328125,-2.631229642349064,-10.603106856823928,12,12
232,0.0,four_day,alt,0.0625,-12.047612295680475,-10.603106856823928,6,12
232,0.0,four_day,sharp,0.4375,-2.065051872877023,-10.603106856823928,6,12
232,0.0,four_day,weak,0.03125,-5.723061908484286,-10.603106856823928,6,12
232,0.0,four_day,weak_skew,0.3125,-4.7967644108855545,-10.603106856823928,6,12
233,0.0,daily,alt,0.003999200159968006,-8.324425645566643,-9.65213521506901,12,12
233,0.0,daily,sharp,0.26714657068586284,1.7500553854783185,-9.65213521506901,12,12
233,0.0,daily,weak,0.671865626874625,1.3715861542070993,-9.65213521506901,12,12
233,0.0,daily,weak_skew,0.888622275544891,-0.342498079402563,-9.65213521506901,12,12
233,0.0,two_day,alt,0.00048828125,-14.160119368892845,-9.65213521506901,12,12
233,0.0,two_day,sharp,0.123046875,-2.4200074397441824,-9.65213521506901,12,12
233,0.0,two_day,weak,0.4990234375,-2.0942591229144973,-9.65213521506901,12,12
233,0.0,two_day,weak_skew,0.0556640625,-4.003447283544503,-9.65213521506901,12,12
233,0.0,four_day,alt,0.03125,-12.658411164473927,-9.65213521506901,6,12
233,0.0,four_day,sharp,0.34375,-1.3389313965250718,-9.65213521506901,6,12
233,0.0,four_day,weak,0.90625,-0.5802731300894367,-9.65213521506901,6,12
233,0.0,four_day,weak_skew,0.6875,1.3384916061134373,-9.65213521506901,6,12
234,0.0,daily,alt,0.0003999200159968006,-8.284606860280496,-7.436571090492592,12,12
234,0.0,daily,sharp,0.7010597880423916,0.35381615394904625,-7.436571090492592,12,12
234,0.0,daily,weak,0.8304339132173565,-0.5281176038512422,-7.436571090492592,12,12
234,0.0,daily,weak_skew,0.4977004599080184,-1.2409200861887808,-7.436571090492592,12,12
234,0.0,two_day,alt,0.0234375,-7.626513051553656,-7.436571090492592,12,12
234,0.0,two_day,sharp,0.82470703125,-0.4008873142238893,-7.436571090492592,12,12
234,0.0,two_day,weak,0.51318359375,-2.1539060557471346,-7.436571090492592,12,12
234,0.0,two_day,weak_skew,0.453125,-2.2895725436754986,-7.436571090492592,12,12
234,0.0,four_day,alt,0.40625,-4.606835203791476,-7.436571090492592,6,12
234,0.0,four_day,sharp,0.84375,0.7422968743943498,-7.436571090492592,6,12
234,0.0,four_day,weak,0.6875,-1.278906326115571,-7.436571090492592,6,12
234,0.0,four_day,weak_skew,1.0,0.4059054821279749,-7.436571090492592,6,12
235,0.0,daily,alt,0.008198360327934412,-10.38013059719583,-10.651769080122868,12,12
235,0.0,daily,sharp,0.4959008198360328,1.7579635829614333,-10.651769080122868,12,12
235,0.0,daily,weak,0.44471105778844233,2.7792269020039124,-10.651769080122868,12,12
235,0.0,daily,weak_skew,0.9976004799040192,-0.006836332424099941,-10.651769080122868,12,12
235,0.0,two_day,alt,0.1220703125,-10.944722831229575,-10.651769080122868,12,12
235,0.0,two_day,sharp,0.23291015625,-4.143127135841121,-10.651769080122868,12,12
235,0.0,two_day,weak,0.4326171875,-3.0367862587995824,-10.651769080122868,12,12
235,0.0,two_day,weak_skew,0.5361328125,-2.5086263114528617,-10.651769080122868,12,12
235,0.0,four_day,alt,0.0625,-12.43904824405418,-10.651769080122868,6,12
235,0.0,four_day,sharp,0.875,-0.472616541652832,-10.651769080122868,6,12
235,0.0,four_day,weak,0.09375,-5.985446593918852,-10.651769080122868,6,12
235,0.0,four_day,weak_skew,0.59375,2.859867903496055,-10.651769080122868,6,12
236,0.0,daily,alt,0.010397920415916816,-8.519627371903931,-9.19075922552117,12,12
236,0.0,daily,sharp,0.4501099780043991,0.8812658546102282,-9.19075922552117,12,12
236,0.0,daily,weak,0.44471105778844233,1.6309937404387487,-9.19075922552117,12,12
236,0.0,daily,weak_skew,0.8264347130573885,-0.4338506114028391,-9.19075922552117,12,12
236,0.0,two_day,alt,0.14794921875,-5.174209813811792,-9.19075922552117,12,12
236,0.0,two_day,sharp,0.87646484375,0.28185640808912876,-9.19075922552117,12,12
236,0.0,two_day,weak,0.25732421875,4.184067058798125,-9.19075922552117,12,12
236,0.0,two_day,weak_skew,0.81884765625,-0.6930166583235119,-9.19075922552117,12,12
236,0.0,four_day,alt,0.5,-4.859718832191025,-9.19075922552117,6,12
236,0.0,four_day,sharp,0.40625,2.622197470224627,-9.19075922552117,6,12
236,0.0,four_day,weak,0.03125,5.311656734114081,-9.19075922552117,6,12
236,0.0,four_day,weak_skew,0.9375,0.3151336923779719,-9.19075922552117,6,12
237,0.0,daily,alt,0.0003999200159968006,-12.1814974645851,-10.954052277320997,12,12
237,0.0,daily,sharp,0.9858028394321136,0.03565428295686127,-10.954052277320997,12,12
237,0.0,daily,weak,0.872625474905019,0.41806767398047207,-10.954052277320997,12,12
237,0.0,daily,weak_skew,0.4365126974605079,-2.134625356442473,-10.954052277320997,12,12
237,0.0,two_day,alt,0.015625,-11.730616524308358,-10.954052277320997,12,12
237,0.0,two_day,sharp,0.75634765625,-1.3226121056634863,-10.954052277320997,12,12
237,0.0,two_day,weak,0.8583984375,0.7228028913595684,-10.954052277320997,12,12
237,0.0,two_day,weak_skew,0.30419921875,-4.072733171593005,-10.954052277320997,12,12
237,0.0,four_day,alt,0.03125,-10.637041787711759,-10.954052277320997,6,12
237,0.0,four_day,sharp,0.46875,1.7739859539223073,-10.954052277320997,6,12
237,0.0,four_day,weak,0.59375,3.5279048871970944,-10.954052277320997,6,12
237,0.0,four_day,weak_skew,0.21875,-2.179328260722785,-10.954052277320997,6,12
238,0.0,daily,alt,0.29214157168566285,-4.078398734962977,-6.676767030423477,12,12
238,0.0,daily,sharp,0.669866026794641,0.704616159689388,-6.676767030423477,12,12
238,0.0,daily,weak,0.5756848630273945,1.7381281717544386,-6.676767030423477,12,12
238,0.0,daily,weak_skew,0.9734053189362127,0.07716502682697701,-6.676767030423477,12,12
238,0.0,two_day,alt,0.01708984375,-11.718306840333208,-6.676767030423477,12,12
238,0.0,two_day,sharp,0.99560546875,-0.02091197420628414,-6.676767030423477,12,12
238,0.0,two_day,weak,0.96923828125,-0.17247321337265475,-6.676767030423477,12,12
238,0.0,two_day,weak_skew,0.9619140625,0.18685033997434589,-6.676767030423477,12,12
238,0.0,four_day,alt,0.125,-6.962272587877731,-6.676767030423477,6,12
238,0.0,four_day,sharp,0.5625,1.1105912219389904,-6.676767030423477,6,12
238,0.0,four_day,weak,0.21875,5.529315443874776,-6.676767030423477,6,12
238,0.0,four_day,weak_skew,0.1875,-4.127637612494687,-6.676767030423477,6,12
239,0.0,daily,alt,0.0023995200959808036,-12.179008020842181,-10.555945540285002,12,12
239,0.0,daily,sharp,0.1951609678064387,-1.8645534806611863,-10.555945540285002,12,12
239,0.0,daily,weak,0.09338132373525294,-4.09212624750233,-10.555945540285002,12,12
239,0.0,daily,weak_skew,0.5282943411317736,-1.6950972817418937,-10.555945540285002,12,12
239,0.0,two_day,alt,0.00146484375,-12.986692534294951,-10.555945540285002,12,12
239,0.0,two_day,sharp,0.68017578125,-0.7290105974198884,-10.555945540285002,12,12
239,0.0,two_day,weak,0.7607421875,-1.0646902294495455,-10.555945540285002,12,12
239,0.0,two_day,weak_skew,0.81298828125,-0.7225153096714951,-10.555945540285002,12,12
239,0.0,four_day,alt,0.03125,-8.972712953624283,-10.555945540285002,6,12
239,0.0,four_day,sharp,0.03125,1.498013386061885,-10.555945540285002,6,12
239,0.0,four_day,weak,0.46875,-2.1999578061940674,-10.555945540285002,6,12
239,0.0,four_day,weak_skew,0.46875,-1.4548233848299361,-10.555945540285002,6,12
240,0.0,daily,alt,0.07598480303939212,-7.55235523548128,-9.46407544516618,12,12
240,0.0,daily,sharp,0.6946610677864428,0.6752205100389089,-9.46407544516618,12,12
240,0.0,daily,weak,0.8842231553689263,0.3600762011016065,-9.46407544516618,12,12
240,0.0,daily,weak_skew,0.6960607878424315,-0.5245923068219867,-9.46407544516618,12,12
240,0.0,two_day,alt,0.00244140625,-11.020422160264838,-9.46407544516618,12,12
240,0.0,two_day,sharp,0.9140625,0.2599704418346918,-9.46407544516618,12,12
240,0.0,two_day,weak,0.55322265625,-1.839919042268417,-9.46407544516618,12,12
240,0.0,two_day,weak_skew,0.7275390625,-0.5045534767964988,-9.46407544516618,12,12
240,0.0,four_day,alt,0.03125,-8.50195236280645,-9.46407544516618,6,12
240,0.0,four_day,sharp,0.6875,-0.7944097679659521,-9.46407544516618,6,12
240,0.0,four_day,weak,0.34375,-4.00473389086293,-9.46407544516618,6,12
240,0.0,four_day,weak_skew,0.40625,-1.8021659853474965,-9.46407544516618,6,12
241,0.0,daily,alt,0.0013997200559888023,-9.315033072640144,-6.958962814502847,12,12
241,0.0,daily,sharp,0.39332133573285344,-1.572534286411786,-6.958962814502847,12,12
241,0.0,daily,weak,0.789242151569686,-0.8988863940824897,-6.958962814502847,12,12
241,0.0,daily,weak_skew,0.9364127174565087,-0.2668276306190946,-6.958962814502847,12,12
241,0.0,two_day,alt,0.5625,-2.1360619983020133,-6.958962814502847,12,12
241,0.0,two_day,sharp,0.60595703125,1.5464102579143553,-6.958962814502847,12,12
241,0.0,two_day,weak,0.35888671875,3.8221629079453705,-6.958962814502847,12,12
241,0.0,two_day,weak_skew,0.31298828125,-3.5341625258749203,-6.958962814502847,12,12
241,0.0,four_day,alt,0.4375,-6.787701073032491,-6.958962814502847,6,12
241,0.0,four_day,sharp,0.875,-1.6034443002558956,-6.958962814502847,6,12
241,0.0,four_day,weak,0.90625,-1.3616791212081267,-6.958962814502847,6,12
241,0.0,four_day,weak_skew,0.46875,-3.957044724063605,-6.958962814502847,6,12
242,0.0,daily,alt,0.0021995600879824036,-11.423078355137818,-6.142321444437428,12,12
242,0.0,daily,sharp,0.038592281543691265,-5.422044652687874,-6.142321444437428,12,12
242,0.0,daily,weak,0.06858628274345131,-6.657551949499601,-6.142321444437428,12,12
242,0.0,daily,weak_skew,0.880623875224955,0.6036373586982613,-6.142321444437428,12,12
242,0.0,two_day,alt,0.77001953125,-1.4596825854013968,-6.142321444437428,12,12
242,0.0,two_day,sharp,0.74072265625,1.0687651854959637,-6.142321444437428,12,12
242,0.0,two_day,weak,0.46484375,3.2965977852170805,-6.142321444437428,12,12
242,0.0,two_day,weak_skew,0.072265625,6.514434850102425,-6.142321444437428,12,12
242,0.0,four_day,alt,0.5625,-5.014752804826291,-6.142321444437428,6,12
242,0.0,four_day,sharp,0.9375,-0.4719521520473317,-6.142321444437428,6,12
242,0.0,four_day,weak,0.34375,-5.195904369043998,-6.142321444437428,6,12
242,0.0,four_day,weak_skew,0.1875,5.585873770265773,-6.142321444437428,6,12
243,0.0,daily,alt,0.0005998800239952009,-8.887903958126257,-9.183724048785152,12,12
243,0.0,daily,sharp,0.3693261347730454,0.8505149754839513,-9.183724048785152,12,12
243,0.0,daily,weak,0.22415516896620677,-2.2597515329801428,-9.183724048785152,12,12
243,0.0,daily,weak_skew,0.7624475104979004,-0.45809967951015257,-9.183724048785152,12,12
243,0.0,two_day,alt,0.32373046875,-6.4435615042173815,-9.183724048785152,12,12
243,0.0,two_day,sharp,0.98583984375,-0.04507368181066577,-9.183724048785152,12,12
243,0.0,two_day,weak,0.90185546875,0.29895677278105737,-9.183724048785152,12,12
243,0.0,two_day,weak_skew,0.6474609375,-1.3780109528268802,-9.183724048785152,12,12
243,0.0,four_day,alt,0.1875,-9.543952493474578,-9.183724048785152,6,12
243,0.0,four_day,sharp,1.0,0.18442417171652536,-9.183724048785152,6,12
243,0.0,four_day,weak,0.84375,-1.7870110031960873,-9.183724048785152,6,12
243,0.0,four_day,weak_skew,0.53125,3.432742500122244,-9.183724048785152,6,12
244,0.0,daily,alt,0.0009998000399920016,-11.425886296842336,-8.777033578048723,12,12
244,0.0,daily,sharp,0.9432113577284543,-0.11822368750283196,-8.777033578048723,12,12
244,0.0,daily,weak,0.16876624675064986,-2.6610817340375292,-8.777033578048723,12,12
244,0.0,daily,weak_skew,0.6924615076984603,0.8621313393234562,-8.777033578048723,12,12
244,0.0,two_day,alt,0.00244140625,-13.130959258697802,-8.777033578048723,12,12
244,0.0,two_day,sharp,0.2001953125,-2.2878578360026935,-8.777033578048723,12,12
244,0.0,two_day,weak,0.4921875,1.9880057283965744,-8.777033578048723,12,12
244,0.0,two_day,weak_skew,0.205078125,-4.874855608660907,-8.777033578048723,12,12
244,0.0,four_day,alt,0.03125,-11.444462173323666,-8.777033578048723,6,12
244,0.0,four_day,sharp,0.9375,-0.245274517140705,-8.777033578048723,6,12
244,0.0,four_day,weak,0.75,-1.8121897427162519,-8.777033578048723,6,12
244,0.0,four_day,weak_skew,0.5625,1.7431051257804242,-8.777033578048723,6,12
245,0.0,daily,alt,0.0001999600079984003,-10.422708692046127,-10.530211364058829,12,12
245,0.0,daily,sharp,0.9010197960407919,0.22061453052348293,-10.530211364058829,12,12
245,0.0,daily,weak,0.8692261547690462,-0.5161522508271107,-10.530211364058829,12,12
245,0.0,daily,weak_skew,0.9424115176964607,0.23015743574769942,-10.530211364058829,12,12
245,0.0,two_day,alt,0.01171875,-6.772154684489268,-10.530211364058829,12,12
245,0.0,two_day,sharp,0.203125,2.9454056142570963,-10.530211364058829,12,12
245,0.0,two_day,weak,0.3671875,3.0701608624942005,-10.530211364058829,12,12
245,0.0,two_day,weak_skew,0.20849609375,6.118766662207757,-10.530211364058829,12,12
245,0.0,four_day,alt,0.03125,-12.014195962629836,-10.530211364058829,6,12
245,0.0,four_day,sharp,0.875,0.11652903422957195,-10.530211364058829,6,12
245,0.0,four_day,weak,0.40625,2.8152919743705147,-10.530211364058829,6,12
245,0.0,four_day,weak_skew,0.625,2.424389202712336,-10.530211364058829,6,12
246,0.0,daily,alt,0.0001999600079984003,-9.71321594260546,-8.544966719174028,12,12
246,0.0,daily,sharp,0.45650869826034796,0.9645598014252835,-8.544966719174028,12,12
246,0.0,daily,weak,0.9018196360727855,0.27094347234738575,-8.544966719174028,12,12
246,0.0,daily,weak_skew,0.8462307538492302,-0.3999905005560234,-8.544966719174028,12,12
246,0.0,two_day,alt,0.67724609375,-2.5047156616464736,-8.544966719174028,12,12
246,0.0,two_day,sharp,0.29541015625,3.7501396822196393,-8.544966719174028,12,12
246,0.0,two_day,weak,0.13916015625,6.368406471808979,-8.544966719174028,12,12
246,0.0,two_day,weak_skew,0.6787109375,1.5350131472126212,-8.544966719174028,12,12
246,0.0,four_day,alt,0.25,-4.981503706516278,-8.544966719174028,6,12
246,0.0,four_day,sharp,0.5625,2.09597639061939,-8.544966719174028,6,12
246,0.0,four_day,weak,0.96875,-0.25527810259165545,-8.544966719174028,6,12
246,0.0,four_day,weak_skew,0.90625,0.5074452385320782,-8.544966719174028,6,12
247,0.0,daily,alt,0.009798040391921616,-9.552855811586996,-6.917100698233554,12,12
247,0.0,daily,sharp,0.6074785042991402,-1.137649933646961,-6.917100698233554,12,12
247,0.0,daily,weak,0.8120375924815036,0.5489882418939095,-6.917100698233554,12,12
247,0.0,daily,weak_skew,0.7696460707858428,-0.8278536337622538,-6.917100698233554,12,12
247,0.0,two_day,alt,0.17822265625,-5.759097216163009,-6.917100698233554,12,12
247,0.0,two_day,sharp,0.2890625,1.983279120644576,-6.917100698233554,12,12
247,0.0,two_day,weak,0.11572265625,5.155350361980063,-6.917100698233554,12,12
247,0.0,two_day,weak_skew,0.89404296875,-0.3540462023751279,-6.917100698233554,12,12
247,0.0,four_day,alt,0.0625,-10.717463118933031,-6.917100698233554,6,12
247,0.0,four_day,sharp,0.9375,0.42549152784708727,-6.917100698233554,6,12
247,0.0,four_day,weak,0.78125,-1.6379115684561814,-6.917100698233554,6,12
247,0.0,four_day,weak_skew,0.9375,-0.2252141419563761,-6.917100698233554,6,12
248,0.0,daily,alt,0.1329734053189362,-9.385080804945192,-9.713089183505417,12,12
248,0.0,daily,sharp,0.7954409118176364,0.629675175978153,-9.713089183505417,12,12
248,0.0,daily,weak,0.8298340331933614,-0.6958618001046203,-9.713089183505417,12,12
248,0.0,daily,weak_skew,0.9346130773845231,0.2107640946661924,-9.713089183505417,12,12
248,0.0,two_day,alt,0.00048828125,-14.53499042218261,-9.713089183505417,12,12
248,0.0,two_day,sharp,0.5078125,-2.0393756726771133,-9.713089183505417,12,12
248,0.0,two_day,weak,0.5908203125,1.587036561837057,-9.713089183505417,12,12
248,0.0,two_day,weak_skew,0.3369140625,-3.977098534467667,-9.713089183505417,12,12
248,0.0,four_day,alt,0.75,-6.439962207090669,-9.713089183505417,6,12
248,0.0,four_day,sharp,0.78125,-2.740178731004099,-9.713089183505417,6,12
248,0.0,four_day,weak,0.65625,-5.010059910634954,-9.713089183505417,6,12
248,0.0,four_day,weak_skew,0.4375,-7.880820853467452,-9.713089183505417,6,12
249,0.0,daily,alt,0.0009998000399920016,-10.036304142019612,-6.630346595140175,12,12
249,0.0,daily,sharp,0.2501499700059988,-2.0796681947782876,-6.630346595140175,12,12
249,0.0,daily,weak,0.16676664667066587,-3.8758034015184695,-6.630346595140175,12,12
249,0.0,daily,weak_skew,0.47110577884423116,-2.032362669850283,-6.630346595140175,12,12
249,0.0,two_day,alt,0.11767578125,-6.005675702077725,-6.630346595140175,12,12
249,0.0,two_day,sharp,0.76025390625,-0.7477906426136176,-6.630346595140175,12,12
249,0.0,two_day,weak,0.408203125,-3.264843869098287,-6.630346595140175,12,12
249,0.0,two_day,weak_skew,0.375,-2.232765613988285,-6.630346595140175,12,12
249,0.0,four_day,alt,0.625,-2.254703816678292,-6.630346595140175,6,12
249,0.0,four_day,sharp,0.1875,3.8808511272591595,-6.630346595140175,6,12
249,0.0,four_day,weak,0.625,3.6075322581966134,-6.630346595140175,6,12
249,0.0,four_day,weak_skew,0.59375,2.559141888876399,-6.630346595140175,6,12
250,0.0,daily,alt,0.028594281143771244,-8.094832357202291,-7.933579657261248,12,12
250,0.0,daily,sharp,0.5480903819236153,-1.561599533946458,-7.933579657261248,12,12
250,0.0,daily,weak,0.08638272345530894,-6.131934400292874,-7.933579657261248,12,12
250,0.0,daily,weak_skew,0.25414917016596683,-3.45264744135847,-7.933579657261248,12,12
250,0.0,two_day,alt,0.02587890625,-10.41983474966781,-7.933579657261248,12,12
250,0.0,two_day,sharp,0.5498046875,-1.886201921200697,-7.933579657261248,12,12
250,0.0,two_day,weak,0.73486328125,-1.0391670989818358,-7.933579657261248,12,12
250,0.0,two_day,weak_skew,0.19580078125,-4.547344188833426,-7.933579657261248,12,12
250,0.0,four_day,alt,0.0625,-14.358085536875342,-7.933579657261248,6,12
250,0.0,four_day,sharp,0.1875,-3.925931720698429,-7.933579657261248,6,12
250,0.0,four_day,weak,0.46875,-3.540159650145771,-7.933579657261248,6,12
250,0.0,four_day,weak_skew,0.15625,-6.650977690128722,-7.933579657261248,6,12
251,0.0,daily,alt,0.008398320335932814,-8.678397663496844,-8.828433677274347,12,12
251,0.0,daily,sharp,0.9500099980003999,0.1613502602224918,-8.828433677274347,12,12
251,0.0,daily,weak,0.9054189162167566,-0.3686001960232919,-8.828433677274347,12,12
251,0.0,daily,weak_skew,0.4907018596280744,-1.7630561141095775,-8.828433677274347,12,12
251,0.0,two_day,alt,0.03515625,-10.960672449553705,-8.828433677274347,12,12
251,0.0,two_day,sharp,0.61181640625,-1.9480596837605095,-8.828433677274347,12,12
251,0.0,two_day,weak,0.8701171875,-0.8589241767248108,-8.828433677274347,12,12
251,0.0,two_day,weak_skew,0.95849609375,-0.2702614371758649,-8.828433677274347,12,12
251,0.0,four_day,alt,0.0625,-14.857167408808854,-8.828433677274347,6,12
251,0.0,four_day,sharp,0.1875,-4.627827939639079,-8.828433677274347,6,12
251,0.0,four_day,weak,0.53125,-2.748284627795833,-8.828433677274347,6,12
251,0.0,four_day,weak_skew,0.46875,-3.4930668775239546,-8.828433677274347,6,12
252,0.0,daily,alt,0.0007998400319936012,-7.604100417587779,-12.69506013932073,12,12
252,0.0,daily,sharp,0.13437312537492502,5.695487473670963,-12.69506013932073,12,12
252,0.0,daily,weak,0.11637672465506899,7.380154118056715,-12.69506013932073,12,12
252,0.0,daily,weak_skew,0.19556088782243553,5.276464495744339,-12.69506013932073,12,12
252,0.0,two_day,alt,0.00048828125,-21.182496885799004,-12.69506013932073,12,12
252,0.0,two_day,sharp,0.03173828125,-10.30082982581399,-12.69506013932073,12,12
252,0.0,two_day,weak,0.0830078125,-9.01555559231015,-12.69506013932073,12,12
252,0.0,two_day,weak_skew,0.09423828125,-9.71441139026099,-12.69506013932073,12,12
252,0.0,four_day,alt,0.03125,-14.963018225978592,-12.69506013932073,6,12
252,0.0,four_day,sharp,0.46875,-4.134473687719378,-12.69506013932073,6,12
252,0.0,four_day,weak,0.15625,-10.846750050260232,-12.69506013932073,6,12
252,0.0,four_day,weak_skew,0.8125,-0.6917114110011452,-12.69506013932073,6,12
253,0.0,daily,alt,0.01199760047990402,-9.930795862818872,-9.296886775150263,12,12
253,0.0,daily,sharp,0.40791841631673664,-1.3295154214396192,-9.296886775150263,12,12
253,0.0,daily,weak,0.05878824235152969,-4.908154805995218,-9.296886775150263,12,12
253,0.0,daily,weak_skew,0.19916016796640673,-2.7532879568512034,-9.296886775150263,12,12
253,0.0,two_day,alt,0.0068359375,-15.765425660674504,-9.296886775150263,12,12
253,0.0,two_day,sharp,0.1220703125,-4.638089462526042,-9.296886775150263,12,12
253,0.0,two_day,weak,0.05908203125,-6.052900780190131,-9.296886775150263,12,12
253,0.0,two_day,weak_skew,0.021484375,-5.871481381263499,-9.296886775150263,12,12
253,0.0,four_day,alt,0.0625,-16.962796579832816,-9.296886775150263,6,12
253,0.0,four_day,sharp,0.5,-3.303976716464696,-9.296886775150263,6,12
253,0.0,four_day,weak,0.96875,0.9496699045011852,-9.296886775150263,6,12
253,0.0,four_day,weak_skew,0.21875,-7.670570862669461,-9.296886775150263,6,12
254,0.0,daily,alt,0.5612877424515097,3.691397580708346,-5.191929537246494,12,12
254,0.0,daily,sharp,0.08078384323135374,4.010035889288855,-5.191929537246494,12,12
254,0.0,daily,weak,0.6596680663867227,1.1393248607276778,-5.191929537246494,12,12
254,0.0,daily,weak_skew,0.20155968806238753,6.6008107201292745,-5.191929537246494,12,12
254,0.0,two_day,alt,0.693359375,3.310902681554998,-5.191929537246494,12,12
254,0.0,two_day,sharp,0.15087890625,5.2947317469214665,-5.191929537246494,12,12
254,0.0,two_day,weak,0.58349609375,2.821089719235353,-5.191929537246494,12,12
254,0.0,two_day,weak_skew,0.24609375,3.940512592434869,-5.191929537246494,12,12
254,0.0,four_day,alt,0.125,-12.69263980006364,-5.191929537246494,6,12
254,0.0,four_day,sharp,0.5,-2.570848444845074,-5.191929537246494,6,12
254,0.0,four_day,weak,0.875,-1.148337079037417,-5.191929537246494,6,12
254,0.0,four_day,weak_skew,0.8125,-1.6945957449658084,-5.191929537246494,6,12
255,0.0,daily,alt,0.0001999600079984003,-18.911027729673506,-18.259678158231075,12,12
255,0.0,daily,sharp,0.9286142771445711,-0.20022316197616755,-18.259678158231075,12,12
255,0.0,daily,weak,0.6832633473305338,-1.411803250938674,-18.259678158231075,12,12
255,0.0,daily,weak_skew,0.7226554689062188,-1.0224747667502367,-18.259678158231075,12,12
255,0.0,two_day,alt,0.00146484375,-19.319652537840707,-18.259678158231075,12,12
255,0.0,two_day,sharp,0.80908203125,0.7931023527497943,-18.259678158231075,12,12
255,0.0,two_day,weak,0.82421875,0.9258036135290588,-18.259678158231075,12,12
255,0.0,two_day,weak_skew,0.60107421875,2.020148696159266,-18.259678158231075,12,12
255,0.0,four_day,alt,0.0625,-10.608356021685426,-18.259678158231075,6,12
255,0.0,four_day,sharp,0.1875,7.401416113821827,-18.259678158231075,6,12
255,0.0,four_day,weak,0.5,4.835541782379491,-18.259678158231075,6,12
255,0.0,four_day,weak_skew,0.09375,9.971441202852235,-18.259678158231075,6,12
256,0.0,daily,alt,0.0003999200159968006,-7.075866661093932,-7.723959544800174,12,12
256,0.0,daily,sharp,0.4527094581083783,0.8720929039924492,-7.723959544800174,12,12
256,0.0,daily,weak,0.03139372125574885,3.1112954964416937,-7.723959544800174,12,12
256,0.0,daily,weak_skew,0.22255548890221954,-1.6626669050409404,-7.723959544800174,12,12
256,0.0,two_day,alt,0.00439453125,-12.991825546365801,-7.723959544800174,12,12
256,0.0,two_day,sharp,0.3017578125,-2.106122721288805,-7.723959544800174,12,12
256,0.0,two_day,weak,0.29638671875,-3.9442683089344737,-7.723959544800174,12,12
256,0.0,two_day,weak_skew,0.19482421875,-4.040927381713029,-7.723959544800174,12,12
256,0.0,four_day,alt,0.25,-1.8382789394012338,-7.723959544800174,6,12
256,0.0,four_day,sharp,0.0625,3.217287694854214,-7.723959544800174,6,12
256,0.0,four_day,weak,0.34375,4.493833522206516,-7.723959544800174,6,12
256,0.0,four_day,weak_skew,0.5625,-0.9402111140544859,-7.723959544800174,6,12
257,0.0,daily,alt,0.14717056588682265,-5.192813450554699,-7.422457414358917,12,12
257,0.0,daily,sharp,0.125374925014997,2.5397047478910397,-7.422457414358917,12,12
257,0.0,daily,weak,0.9928014397120576,0.02181049055686361,-7.422457414358917,12,12
257,0.0,daily,weak_skew,0.21395720855828834,3.255823636023097,-7.422457414358917,12,12
257,0.0,two_day,alt,0.04541015625,-7.781361750399218,-7.422457414358917,12,12
257,0.0,two_day,sharp,0.712890625,-1.2148088483288646,-7.422457414358917,12,12
257,0.0,two_day,weak,0.39013671875,-3.400553026153927,-7.422457414358917,12,12
257,0.0,two_day,weak_skew,0.818359375,1.030033201895878,-7.422457414358917,12,12
257,0.0,four_day,alt,0.28125,-7.7515555068282636,-7.422457414358917,6,12
257,0.0,four_day,sharp,0.9375,0.7187032673335926,-7.422457414358917,6,12
257,0.0,four_day,weak,0.71875,2.103851358138723,-7.422457414358917,6,12
257,0.0,four_day,weak_skew,0.9375,0.11802120994952266,-7.422457414358917,6,12
258,0.0,daily,alt,0.10057988402319536,-6.145398905956026,-6.861000605818063,12,12
258,0.0,daily,sharp,0.5206958608278345,1.8274208929504165,-6.861000605818063,12,12
258,0.0,daily,weak,0.7526494701059788,0.833730824549523,-6.861000605818063,12,12
258,0.0,daily,weak_skew,0.8124375124975005,0.8461458718340443,-6.861000605818063,12,12
258,0.0,two_day,alt,0.00830078125,-15.929048543036828,-6.861000605818063,12,12
258,0.0,two_day,sharp,0.1416015625,-6.8210477480267215,-6.861000605818063,12,12
258,0.0,two_day,weak,0.07958984375,-9.063915708322169,-6.861000605818063,12,12
258,0.0,two_day,weak_skew,0.40673828125,-4.054539554019095,-6.861000605818063,12,12
258,0.0,four_day,alt,0.25,-9.861600813731492,-6.861000605818063,6,12
258,0.0,four_day,sharp,0.84375,-1.1180675455812146,-6.861000605818063,6,12
258,0.0,four_day,weak,0.84375,2.4794682113830304,-6.861000605818063,6,12
258,0.0,four_day,weak_skew,0.4375,-5.417650182337227,-6.861000605818063,6,12
259,0.0,daily,alt,0.1947610477904419,-3.8941623336150677,-4.495731141937931,12,12
259,0.0,daily,sharp,0.858628274345131,0.47563743322605784,-4.495731141937931,12,12
259,0.0,daily,weak,0.974005198960208,0.11253358433885789,-4.495731141937931,12,12
259,0.0,daily,weak_skew,0.7558488302339532,-1.0585678824525306,-4.495731141937931,12,12
259,0.0,two_day,alt,0.0078125,-10.79825302975184,-4.495731141937931,12,12
259,0.0,two_day,sharp,0.11083984375,-6.8716329475534765,-4.495731141937931,12,12
259,0.0,two_day,weak,0.0087890625,-10.6754985792696,-4.495731141937931,12,12
259,0.0,two_day,weak_skew,0.39111328125,-4.9233281668074085,-4.495731141937931,12,12
259,0.0,four_day,alt,0.625,-3.004476064652478,-4.495731141937931,6,12
259,0.0,four_day,sharp,0.8125,1.8823485755769245,-4.495731141937931,6,12
259,0.0,four_day,weak,0.84375,-2.1408682695288035,-4.495731141937931,6,12
259,0.0,four_day,weak_skew,0.59375,-3.03910275370392,-4.495731141937931,6,12
260,0.0,daily,alt,0.008398320335932814,-7.949478438845919,-12.64513823531049,12,12
260,0.0,daily,sharp,0.13817236552689463,4.7946780324613725,-12.64513823531049,12,12
260,0.0,daily,weak,0.3233353329334133,4.8539969799676,-12.64513823531049,12,12
260,0.0,daily,weak_skew,0.43171365726854627,3.9326939654081254,-12.64513823531049,12,12
260,0.0,two_day,alt,0.00146484375,-13.770246955536726,-12.64513823531049,12,12
260,0.0,two_day,sharp,0.67919921875,-1.3216764276730502,-12.64513823531049,12,12
260,0.0,two_day,weak,0.7470703125,1.064292788403808,-12.64513823531049,12,12
260,0.0,two_day,weak_skew,0.1337890625,-5.3853046313805315,-12.64513823531049,12,12
260,0.0,four_day,alt,0.125,-11.786175160284492,-12.64513823531049,6,12
260,0.0,four_day,sharp,1.0,-1.0386505857360764,-12.64513823531049,6,12
260,0.0,four_day,weak,0.78125,2.4177420057254864,-12.64513823531049,6,12
260,0.0,four_day,weak_skew,0.625,-3.129830024360681,-12.64513823531049,6,12
261,0.0,daily,alt,0.0065986802639472104,-10.359476045550142,-9.94064968067785,12,12
261,0.0,daily,sharp,0.3967206558688262,-1.4460317306868464,-9.94064968067785,12,12
261,0.0,daily,weak,0.6186762647470506,-1.58904119784211,-9.94064968067785,12,12
261,0.0,daily,weak_skew,0.3915216956608678,-1.7189750955948508,-9.94064968067785,12,12
261,0.0,two_day,alt,0.00927734375,-10.473994469934196,-9.94064968067785,12,12
261,0.0,two_day,sharp,0.9755859375,0.09813402313852453,-9.94064968067785,12,12
261,0.0,two_day,weak,0.546875,-2.1445244016721605,-9.94064968067785,12,12
261,0.0,two_day,weak_skew,0.53125,2.737814900054244,-9.94064968067785,12,12
261,0.0,four_day,alt,0.03125,-11.961083920384695,-9.94064968067785,6,12
261,0.0,four_day,sharp,0.6875,-0.5616972372942968,-9.94064968067785,6,12
261,0.0,four_day,weak,0.34375,-3.871338358933906,-9.94064968067785,6,12
261,0.0,four_day,weak_skew,0.53125,3.6561409200587485,-9.94064968067785,6,12
262,0.0,daily,alt,0.001799640071985603,-9.849614087378914,-9.436263959908047,12,12
262,0.0,daily,sharp,0.6884623075384922,-0.6833915842548794,-9.436263959908047,12,12
262,0.0,daily,weak,0.42651469706058787,-2.1367115454804178,-9.436263959908047,12,12
262,0.0,daily,weak_skew,0.7154569086182764,0.7940037538983281,-9.436263959908047,12,12
262,0.0,two_day,alt,0.01904296875,-8.064367039455998,-9.436263959908047,12,12
262,0.0,two_day,sharp,0.90087890625,-0.3393951451248019,-9.436263959908047,12,12
262,0.0,two_day,weak,0.48779296875,-2.4161887218685916,-9.436263959908047,12,12
262,0.0,two_day,weak_skew,0.47412109375,3.5193039875266288,-9.436263959908047,12,12
262,0.0,four_day,alt,0.03125,-10.347239366201023,-9.436263959908047,6,12
262,0.0,four_day,sharp,0.4375,0.9218092449548058,-9.436263959908047,6,12
262,0.0,four_day,weak,0.96875,-0.3612992479449855,-9.436263959908047,6,12
262,0.0,four_day,weak_skew,0.46875,-1.9583699466899773,-9.436263959908047,6,12
263,0.0,daily,alt,0.0001999600079984003,-9.676205992561485,-9.3616247598384,12,12
263,0.0,daily,sharp,0.6376724655068986,-0.8971201714155713,-9.3616247598384,12,12
263,0.0,daily,weak,0.6694661067786443,-1.1248042260776365,-9.3616247598384,12,12
263,0.0,daily,weak_skew,0.745250949810038,-0.8675733905405808,-9.3616247598384,12,12
263,0.0,two_day,alt,0.0576171875,-7.9864198177261585,-9.3616247598384,12,12
263,0.0,two_day,sharp,0.5888671875,1.9388851900585422,-9.3616247598384,12,12
263,0.0,two_day,weak,0.82958984375,1.2281846172021194,-9.3616247598384,12,12
263,0.0,two_day,weak_skew,0.17919921875,6.936762874523649,-9.3616247598384,12,12
263,0.0,four_day,alt,0.0625,-10.507312626988035,-9.3616247598384,6,12
263,0.0,four_day,sharp,0.71875,-1.0830662654158953,-9.3616247598384,6,12
263,0.0,four_day,weak,0.65625,1.277196357612766,-9.3616247598384,6,12
263,0.0,four_day,weak_skew,0.65625,-1.903646167608284,-9.3616247598384,6,12
264,0.0,daily,alt,0.0023995200959808036,-9.890157633945355,-5.940273168848606,12,12
264,0.0,daily,sharp,0.21455708858228353,-2.6117761572716707,-5.940273168848606,12,12
264,0.0,daily,weak,0.38712257548490303,-1.748326586207763,-5.940273168848606,12,12
264,0.0,daily,weak_skew,0.11417716456708658,-4.694306778840944,-5.940273168848606,12,12
264,0.0,two_day,alt,0.0146484375,-8.409070740344832,-5.940273168848606,12,12
264,0.0,two_day,sharp,0.5380859375,-1.5308606217668697,-5.940273168848606,12,12
264,0.0,two_day,weak,0.6103515625,-2.009126744989827,-5.940273168848606,12,12
264,0.0,two_day,weak_skew,0.85009765625,1.769802733233713,-5.940273168848606,12,12
264,0.0,four_day,alt,1.0,-0.9217680698740575,-5.940273168848606,6,12
264,0.0,four_day,sharp,0.125,2.95270820205029,-5.940273168848606,6,12
264,0.0,four_day,weak,0.28125,-4.215695398312188,-5.940273168848606,6,12
264,0.0,four_day,weak_skew,0.40625,2.344149350018609,-5.940273168848606,6,12
265,0.0,daily,alt,0.0691861627674465,-9.155687971504817,-9.18122342030113,12,12
265,0.0,daily,sharp,0.7336532693461307,-1.2462349655832206,-9.18122342030113,12,12
265,0.0,daily,weak,0.8352329534093181,0.80593881446863,-9.18122342030113,12,12
265,0.0,daily,weak_skew,0.9806038792241552,0.09093520483108126,-9.18122342030113,12,12
265,0.0,two_day,alt,0.40185546875,-5.7327530480361375,-9.18122342030113,12,12
265,0.0,two_day,sharp,0.69091796875,1.794219934169923,-9.18122342030113,12,12
265,0.0,two_day,weak,0.97021484375,0.16616447819970345,-9.18122342030113,12,12
265,0.0,two_day,weak_skew,0.97265625,-0.13993451724873474,-9.18122342030113,12,12
265,0.0,four_day,alt,0.09375,-8.017132443113294,-9.18122342030113,6,12
265,0.0,four_day,sharp,0.75,1.00725044781998,-9.18122342030113,6,12
265,0.0,four_day,weak,0.90625,-0.3045601950079491,-9.18122342030113,6,12
265,0.0,four_day,weak_skew,0.9375,-0.04961671332909864,-9.18122342030113,6,12
266,0.0,daily,alt,0.0011997600479904018,-11.645781210870256,-12.325275678418308,12,12
266,0.0,daily,sharp,0.9384123175364927,0.21911912878841733,-12.325275678418308,12,12
266,0.0,daily,weak,0.40951809638072384,-2.5626102936495236,-12.325275678418308,12,12
266,0.0,daily,weak_skew,0.7940411917616477,0.9374002727455206,-12.325275678418308,12,12
266,0.0,two_day,alt,0.0322265625,-10.324004374767132,-12.325275678418308,12,12
266,0.0,two_day,sharp,0.8193359375,0.9135468371642504,-12.325275678418308,12,12
266,0.0,two_day,weak,0.966796875,-0.20954226358643643,-12.325275678418308,12,12
266,0.0,two_day,weak_skew,0.9501953125,-0.2808097049608727,-12.325275678418308,12,12
266,0.0,four_day,alt,0.03125,-17.09344271504019,-12.325275678418308,6,12
266,0.0,four_day,sharp,0.34375,-5.0223837108796054,-12.325275678418308,6,12
266,0.0,four_day,weak,0.84375,-2.243997579710154,-12.325275678418308,6,12
266,0.0,four_day,weak_skew,0.09375,-10.217865089345334,-12.325275678418308,6,12
267,0.0,daily,alt,0.28134373125374923,-4.430427701355253,-6.965663500880638,12,12
267,0.0,daily,sharp,0.6470705858828234,0.7968223459801062,-6.965663500880638,12,12
267,0.0,daily,weak,0.8394321135772845,-0.48323736856133453,-6.965663500880638,12,12
267,0.0,daily,weak_skew,0.8910217956408718,0.2417564754260854,-6.965663500880638,12,12
267,0.0,two_day,alt,0.01904296875,-9.822478426415206,-6.965663500880638,12,12
267,0.0,two_day,sharp,0.4345703125,-1.749774117664647,-6.965663500880638,12,12
267,0.0,two_day,weak,0.64306640625,-1.5565124155927126,-6.965663500880638,12,12
267,0.0,two_day,weak_skew,0.474609375,3.9082469689428883,-6.965663500880638,12,12
267,0.0,four_day,alt,0.59375,-2.2671817696701027,-6.965663500880638,6,12
267,0.0,four_day,sharp,0.46875,3.1901844641332957,-6.965663500880638,6,12
267,0.0,four_day,weak,0.15625,9.089771179199614,-6.965663500880638,6,12
267,0.0,four_day,weak_skew,0.65625,7.822805404637749,-6.965663500880638,6,12
268,0.0,daily,alt,0.9050189962007599,0.5897698982539984,-8.505847978665251,12,12
268,0.0,daily,sharp,0.006998600279944011,5.609335491319005,-8.505847978665251,12,12
268,0.0,daily,weak,0.011397720455908818,5.614019969374244,-8.505847978665251,12,12
268,0.0,daily,weak_skew,0.0021995600879824036,7.385018720615826,-8.505847978665251,12,12
268,0.0,two_day,alt,0.0341796875,-8.862832356585626,-8.505847978665251,12,12
268,0.0,two_day,sharp,0.66552734375,0.8457227078284794,-8.505847978665251,12,12
268,0.0,two_day,weak,0.57421875,-2.250417869089693,-8.505847978665251,12,12
268,0.0,two_day,weak_skew,0.9189453125,-0.2361549802820869,-8.505847978665251,12,12
268,0.0,four_day,alt,0.96875,-0.16933346010328876,-8.505847978665251,6,12
268,0.0,four_day,sharp,0.34375,3.382094132651203,-8.505847978665251,6,12
268,0.0,four_day,weak,0.09375,8.996277259362204,-8.505847978665251,6,12
268,0.0,four_day,weak_skew,0.625,2.11636612384533,-8.505847978665251,6,12
269,0.0,daily,alt,0.07458508298340331,-6.535393319987044,-5.7426251998444116,12,12
269,0.0,daily,sharp,0.6620675864827035,-0.6767671689509095,-5.7426251998444116,12,12
269,0.0,daily,weak,0.710257948410318,-1.0335864266019605,-5.7426251998444116,12,12
269,0.0,daily,weak_skew,0.790241951609678,0.8419610003409884,-5.7426251998444116,12,12
269,0.0,two_day,alt,0.00537109375,-12.092391500510018,-5.7426251998444116,12,12
269,0.0,two_day,sharp,0.0712890625,-5.406589260713851,-5.7426251998444116,12,12
269,0.0,two_day,weak,0.4697265625,-3.1575930622340693,-5.7426251998444116,12,12
269,0.0,two_day,weak_skew,0.3193359375,-3.8654198817640375,-5.7426251998444116,12,12
269,0.0,four_day,alt,0.71875,-2.3328971019958744,-5.7426251998444116,6,12
269,0.0,four_day,sharp,0.625,1.711545878949707,-5.7426251998444116,6,12
269,0.0,four_day,weak,0.875,0.8514417752720362,-5.7426251998444116,6,12
269,0.0,four_day,weak_skew,0.4375,5.74017511533923,-5.7426251998444116,6,12
270,0.0,daily,alt,0.008598280343931213,-9.822173369139982,-9.834084615429397,12,12
270,0.0,daily,sharp,0.9386122775444911,0.19565339411103486,-9.834084615429397,12,12
270,0.0,daily,weak,0.6878624275144971,-1.4777498697889893,-9.834084615429397,12,12
270,0.0,daily,weak_skew,0.40311937612477505,-2.321069791651251,-9.834084615429397,12,12
270,0.0,two_day,alt,0.37646484375,-3.95360802178856,-9.834084615429397,12,12
270,0.0,two_day,sharp,0.21240234375,5.029451554759553,-9.834084615429397,12,12
270,0.0,two_day,weak,0.80712890625,0.807390770579086,-9.834084615429397,12,12
270,0.0,two_day,weak_skew,0.40673828125,3.4880919003284645,-9.834084615429397,12,12
270,0.0,four_day,alt,0.03125,-17.863717129420262,-9.834084615429397,6,12
270,0.0,four_day,sharp,0.1875,-8.665885956900244,-9.834084615429397,6,12
270,0.0,four_day,weak,0.40625,-7.218975935497883,-9.834084615429397,6,12
270,0.0,four_day,weak_skew,0.0625,-13.240113718800595,-9.834084615429397,6,12
271,0.0,daily,alt,0.0007998400319936012,-15.209672319259523,-6.132567460590593,12,12
271,0.0,daily,sharp,0.033193361327734455,-4.844862479016098,-6.132567460590593,12,12
271,0.0,daily,weak,0.0013997200559888023,-7.989951850164331,-6.132567460590593,12,12
271,0.0,daily,weak_skew,0.2933413317336533,-2.6093156047289674,-6.132567460590593,12,12
271,0.0,two_day,alt,0.36669921875,-4.895975626816889,-6.132567460590593,12,12
271,0.0,two_day,sharp,0.07763671875,5.622203799935143,-6.132567460590593,12,12
271,0.0,two_day,weak,0.14111328125,5.688236497216018,-6.132567460590593,12,12
271,0.0,two_day,weak_skew,0.3994140625,2.683148005662346,-6.132567460590593,12,12
271,0.0,four_day,alt,0.59375,2.48047628797138,-6.132567460590593,6,12
271,0.0,four_day,sharp,0.15625,4.143457344887331,-6.132567460590593,6,12
271,0.0,four_day,weak,0.40625,2.5183287043346,-6.132567460590593,6,12
271,0.0,four_day,weak_skew,0.8125,0.7001467985715545,-6.132567460590593,6,12
272,0.0,daily,alt,0.0005998800239952009,-7.89461966901798,-9.248035956779056,12,12
272,0.0,daily,sharp,0.6442711457708459,1.3550730938327415,-9.248035956779056,12,12
272,0.0,daily,weak,0.8380323935212958,0.6658257252949303,-9.248035956779056,12,12
272,0.0,daily,weak_skew,0.9776044791041791,0.11154731589404616,-9.248035956779056,12,12
272,0.0,two_day,alt,0.0009765625,-14.718844175142358,-9.248035956779056,12,12
272,0.0,two_day,sharp,0.744140625,-1.559210998066846,-9.248035956779056,12,12
272,0.0,two_day,weak,0.16064453125,-7.73164190481739,-9.248035956779056,12,12
272,0.0,two_day,weak_skew,0.8125,1.064286867053185,-9.248035956779056,12,12
272,0.0,four_day,alt,0.03125,-14.342883415726504,-9.248035956779056,6,12
272,0.0,four_day,sharp,0.375,-3.248383707457208,-9.248035956779056,6,12
272,0.0,four_day,weak,0.21875,-4.965211074801707,-9.248035956779056,6,12
272,0.0,four_day,weak_skew,0.40625,-4.84727862720813,-9.248035956779056,6,12
273,0.0,daily,alt,0.0009998000399920016,-13.82896126236193,-11.392205754034677,12,12
273,0.0,daily,sharp,0.593881223755249,-1.8157867163703318,-11.392205754034677,12,12
273,0.0,daily,weak,0.5442911417716457,-2.2515106570947054,-11.392205754034677,12,12
273,0.0,daily,weak_skew,0.9588082383523295,-0.2080421770897901,-11.392205754034677,12,12
273,0.0,two_day,alt,0.00390625,-14.470163051624903,-11.392205754034677,12,12
273,0.0,two_day,sharp,0.71630859375,-1.9158304695038855,-11.392205754034677,12,12
273,0.0,two_day,weak,0.64404296875,-2.55398165212605,-11.392205754034677,12,12
273,0.0,two_day,weak_skew,0.79296875,-1.658073427495811,-11.392205754034677,12,12
273,0.0,four_day,alt,0.25,-11.727708090957703,-11.392205754034677,6,12
273,0.0,four_day,sharp,0.84375,-1.5156180028627908,-11.392205754034677,6,12
273,0.0,four_day,weak,0.90625,-0.529749241753675,-11.392205754034677,6,12
273,0.0,four_day,weak_skew,0.59375,2.7164298500358193,-11.392205754034677,6,12
274,0.0,daily,alt,0.1231753649270146,-7.589948477364476,-10.500378651497257,12,12
274,0.0,daily,sharp,0.6396720655868826,2.224357690190738,-10.500378651497257,12,12
274,0.0,daily,weak,0.9404119176164767,0.4020839553619033,-10.500378651497257,12,12
274,0.0,daily,weak_skew,0.8698260347930414,-0.6992113723931966,-10.500378651497257,12,12
274,0.0,two_day,alt,0.00048828125,-11.236764521716045,-10.500378651497257,12,12
274,0.0,two_day,sharp,0.91015625,-0.20296386777237707,-10.500378651497257,12,12
274,0.0,two_day,weak,0.94482421875,0.29211484213084543,-10.500378651497257,12,12
274,0.0,two_day,weak_skew,0.24658203125,5.247455755769082,-10.500378651497257,12,12
274,0.0,four_day,alt,0.4375,-6.5376781192091045,-10.500378651497257,6,12
274,0.0,four_day,sharp,0.84375,4.087708515956269,-10.500378651497257,6,12
274,0.0,four_day,weak,0.71875,3.8183511768108005,-10.500378651497257,6,12
274,0.0,four_day,weak_skew,0.90625,1.8570954663927803,-10.500378651497257,6,12
275,0.0,daily,alt,0.3021395720855829,-3.205098501040012,-5.3562254449725515,12,12
275,0.0,daily,sharp,0.6996600679864027,0.6534414937822289,-5.3562254449725515,12,12
275,0.0,daily,weak,0.3033393321335733,3.6983862394034084,-5.3562254449725515,12,12
275,0.0,daily,weak_skew,0.8728254349130175,-0.3822862250141288,-5.3562254449725515,12,12
275,0.0,two_day,alt,0.373046875,-5.715454039443832,-5.3562254449725515,12,12
275,0.0,two_day,sharp,0.486328125,-1.7891491213625816,-5.3562254449725515,12,12
275,0.0,two_day,weak,0.353515625,-2.762375044871844,-5.3562254449725515,12,12
275,0.0,two_day,weak_skew,0.93994140625,0.4932126044362561,-5.3562254449725515,12,12
275,0.0,four_day,alt,0.09375,-7.505295164718909,-5.3562254449725515,6,12
275,0.0,four_day,sharp,0.40625,-0.9637754609476161,-5.3562254449725515,6,12
275,0.0,four_day,weak,0.3125,4.069885317603031,-5.3562254449725515,6,12
275,0.0,four_day,weak_skew,0.28125,-2.2034642969661014,-5.3562254449725515,6,12
276,0.0,daily,alt,0.01219756048790242,-7.948164167716129,-5.7867373135247675,12,12
276,0.0,daily,sharp,0.6706658668266346,-1.0295924916104553,-5.7867373135247675,12,12
276,0.0,daily,weak,0.14397120575884823,-3.625572634344335,-5.7867373135247675,12,12
276,0.0,daily,weak_skew,0.7338532293541292,-0.8905249543804074,-5.7867373135247675,12,12
276,0.0,two_day,alt,0.00537109375,-12.810771105075895,-5.7867373135247675,12,12
276,0.0,two_day,sharp,0.02001953125,-5.498979009902192,-5.7867373135247675,12,12
276,0.0,two_day,weak,0.21142578125,-6.888126087973454,-5.7867373135247675,12,12
276,0.0,two_day,weak_skew,0.4873046875,-2.5659006276611933,-5.7867373135247675,12,12
276,0.0,four_day,alt,0.125,-9.648070218427174,-5.7867373135247675,6,12
276,0.0,four_day,sharp,0.34375,-3.3955008502541495,-5.7867373135247675,6,12
276,0.0,four_day,weak,0.8125,-1.2720146345679701,-5.7867373135247675,6,12
276,0.0,four_day,weak_skew,0.375,-4.681464114905971,-5.7867373135247675,6,12
277,0.0,daily,alt,0.0001999600079984003,-12.836462788647154,-7.698259883182516,12,12
277,0.0,daily,sharp,0.11997600479904019,-3.5033398802398086,-7.698259883182516,12,12
277,0.0,daily,weak,0.38032393521295743,-2.406279013789762,-7.698259883182516,12,12
277,0.0,daily,weak_skew,0.6170765846830634,-1.963910197605242,-7.698259883182516,12,12
277,0.0,two_day,alt,0.00732421875,-13.23441083064138,-7.698259883182516,12,12
277,0.0,two_day,sharp,0.05224609375,-6.250215868370038,-7.698259883182516,12,12
277,0.0,two_day,weak,0.1162109375,-5.6968412450613455,-7.698259883182516,12,12
277,0.0,two_day,weak_skew,0.0263671875,-9.05598767721591,-7.698259883182516,12,12
277,0.0,four_day,alt,0.9375,-1.32443622314461,-7.698259883182516,6,12
277,0.0,four_day,sharp,0.78125,3.2908743563553826,-7.698259883182516,6,12
277,0.0,four_day,weak,0.9375,1.5177301044461977,-7.698259883182516,6,12
277,0.0,four_day,weak_skew,0.875,-1.315477092560851,-7.698259883182516,6,12
278,0.0,daily,alt,0.038992201559688064,-6.781342319032149,-9.186211677568778,12,12
278,0.0,daily,sharp,0.9550089982003599,0.13736112686110977,-9.186211677568778,12,12
278,0.0,daily,weak,0.738252349530094,1.277582336206543,-9.186211677568778,12,12
278,0.0,daily,weak_skew,0.21455708858228353,-2.6724669471047418,-9.186211677568778,12,12
278,0.0,two_day,alt,0.0869140625,-9.196267463334726,-9.186211677568778,12,12
278,0.0,two_day,sharp,0.50390625,3.085704910558281,-9.186211677568778,12,12
278,0.0,two_day,weak,0.55029296875,3.6549572576073004,-9.186211677568778,12,12
278,0.0,two_day,weak_skew,0.7099609375,1.6228990336060225,-9.186211677568778,12,12
278,0.0,four_day,alt,0.1875,-11.397002680632541,-9.186211677568778,6,12
278,0.0,four_day,sharp,0.65625,-3.9380953096115214,-9.186211677568778,6,12
278,0.0,four_day,weak,0.96875,-0.7288009224567714,-9.186211677568778,6,12
278,0.0,four_day,weak_skew,0.21875,-8.900860620646043,-9.186211677568778,6,12
279,0.0,daily,alt,0.0007998400319936012,-14.38144088814699,-9.168472453646018,12,12
279,0.0,daily,sharp,0.05358928214357129,-4.697657679261563,-9.168472453646018,12,12
279,0.0,daily,weak,0.16416716656668667,-3.4022653678394015,-9.168472453646018,12,12
279,0.0,daily,weak_skew,0.03439312137572485,-6.535671646709474,-9.168472453646018,12,12
279,0.0,two_day,alt,0.20849609375,-4.0131077368811185,-9.168472453646018,12,12
279,0.0,two_day,sharp,0.13427734375,5.047782555676855,-9.168472453646018,12,12
279,0.0,two_day,weak,0.080078125,8.280850975686683,-9.168472453646018,12,12
279,0.0,two_day,weak_skew,0.1552734375,3.5378820167476106,-9.168472453646018,12,12
279,0.0,four_day,alt,0.3125,-7.2336251600933,-9.168472453646018,6,12
279,0.0,four_day,sharp,0.75,1.257229104622284,-9.168472453646018,6,12
279,0.0,four_day,weak,0.375,2.0813086369314675,-9.168472453646018,6,12
279,0.0,four_day,weak_skew,0.875,0.8922362881386382,-9.168472453646018,6,12
280,0.0,daily,alt,0.006798640271945611,-6.753767964487797,-7.335273264629855,12,12
280,0.0,daily,sharp,0.6350729854029195,0.44997072538693555,-7.335273264629855,12,12
280,0.0,daily,weak,0.07318536292741452,-3.604728544294538,-7.335273264629855,12,12
280,0.0,daily,weak_skew,0.6372725454909018,0.8155234148570655,-7.335273264629855,12,12
280,0.0,two_day,alt,0.00341796875,-10.286672508596983,-7.335273264629855,12,12
280,0.0,two_day,sharp,0.4921875,-1.354591017914446,-7.335273264629855,12,12
280,0.0,two_day,weak,0.84521484375,0.7382593395423633,-7.335273264629855,12,12
280,0.0,two_day,weak_skew,0.158203125,-4.526968681248365,-7.335273264629855,12,12
280,0.0,four_day,alt,0.03125,-8.804905082339719,-7.335273264629855,6,12
280,0.0,four_day,sharp,0.90625,-0.2790792762936114,-7.335273264629855,6,12
280,0.0,four_day,weak,0.0625,-5.05160620344918,-7.335273264629855,6,12
280,0.0,four_day,weak_skew,0.375,-2.3263398956123864,-7.335273264629855,6,12
281,0.0,daily,alt,0.5278944211157769,-2.166008071130715,-3.930139237891737,12,12
281,0.0,daily,sharp,0.9114177164567087,0.22126741406696956,-3.930139237891737,12,12
281,0.0,daily,weak,0.5794841031793642,1.5082326784950493,-3.930139237891737,12,12
281,0.0,daily,weak_skew,0.734253149370126,-0.6291079621535752,-3.930139237891737,12,12
281,0.0,two_day,alt,0.0849609375,-6.218627693953977,-3.930139237891737,12,12
281,0.0,two_day,sharp,0.69873046875,-1.0207688015429852,-3.930139237891737,12,12
281,0.0,two_day,weak,0.595703125,-1.7905457711716366,-3.930139237891737,12,12
281,0.0,two_day,weak_skew,0.96435546875,-0.1416126796114554,-3.930139237891737,12,12
281,0.0,four_day,alt,0.96875,-0.07740572073197664,-3.930139237891737,6,12
281,0.0,four_day,sharp,0.21875,2.4248587537711166,-3.930139237891737,6,12
281,0.0,four_day,weak,0.0625,9.51223598423683,-3.930139237891737,6,12
281,0.0,four_day,weak_skew,0.75,2.804222364880052,-3.930139237891737,6,12
282,0.0,daily,alt,0.0011997600479904018,-9.704730047332673,-9.489245429669161,12,12
282,0.0,daily,sharp,0.8366326734653069,-0.424945030791676,-9.489245429669161,12,12
282,0.0,daily,weak,0.627874425114977,-1.4656403659356005,-9.489245429669161,12,12
282,0.0,daily,weak_skew,0.9222155568886222,0.2325162705262276,-9.489245429669161,12,12
282,0.0,two_day,alt,0.0703125,-6.421858492903759,-9.489245429669161,12,12
282,0.0,two_day,sharp,0.46435546875,1.9532045019267859,-9.489245429669161,12,12
282,0.0,two_day,weak,0.42578125,2.878847107220119,-9.489245429669161,12,12
282,0.0,two_day,weak_skew,0.97900390625,0.07927302011820636,-9.489245429669161,12,12
282,0.0,four_day,alt,0.03125,-10.7514599497314,-9.489245429669161,6,12
282,0.0,four_day,sharp,0.21875,-1.9181961435645458,-9.489245429669161,6,12
282,0.0,four_day,weak,0.875,-0.903427436750197,-9.489245429669161,6,12
282,0.0,four_day,weak_skew,0.125,-5.080286238545232,-9.489245429669161,6,12
283,0.0,daily,alt,0.0001999600079984003,-13.549671050257418,-9.329868282774548,12,12
283,0.0,daily,sharp,0.15896820635872824,-1.6058313924876195,-9.329868282774548,12,12
283,0.0,daily,weak,0.6558688262347531,1.211676717407607,-9.329868282774548,12,12
283,0.0,daily,weak_skew,0.6316736652669466,1.752800862900715,-9.329868282774548,12,12
283,0.0,two_day,alt,0.00048828125,-12.408168541929337,-9.329868282774548,12,12
283,0.0,two_day,sharp,0.36181640625,-1.3858647845572758,-9.329868282774548,12,12
283,0.0,two_day,weak,0.23193359375,-3.5588648751403675,-9.329868282774548,12,12
283,0.0,two_day,weak_skew,0.51904296875,-2.6479809539537347,-9.329868282774548,12,12
283,0.0,four_day,alt,0.0625,-10.106143888984604,-9.329868282774548,6,12
283,0.0,four_day,sharp,0.96875,-0.04992010698414736,-9.329868282774548,6,12
283,0.0,four_day,weak,0.25,3.49772549702884,-9.329868282774548,6,12
283,0.0,four_day,weak_skew,1.0,0.01697398737545323,-9.329868282774548,6,12
284,0.0,daily,alt,0.046390721855628876,-7.124846484375244,-7.119254243838419,12,12
284,0.0,daily,sharp,0.555488902219556,-1.075590462275833,-7.119254243838419,12,12
284,0.0,daily,weak,0.8016396720655868,-0.8244128396855395,-7.119254243838419,12,12
284,0.0,daily,weak_skew,0.979004199160168,-0.09330816576524666,-7.119254243838419,12,12
284,0.0,two_day,alt,0.23095703125,-6.826999387095147,-7.119254243838419,12,12
284,0.0,two_day,sharp,0.5810546875,1.9410589412632422,-7.119254243838419,12,12
284,0.0,two_day,weak,0.90478515625,0.46625010077911294,-7.119254243838419,12,12
284,0.0,two_day,weak_skew,0.52392578125,-2.0901472717436307,-7.119254243838419,12,12
284,0.0,four_day,alt,0.09375,-11.329467400307534,-7.119254243838419,6,12
284,0.0,four_day,sharp,0.6875,-1.3143018247968463,-7.119254243838419,6,12
284,0.0,four_day,weak,0.4375,4.686450332461205,-7.119254243838419,6,12
284,0.0,four_day,weak_skew,0.46875,-4.055976780491146,-7.119254243838419,6,12
285,0.0,daily,alt,0.4243151369726055,-4.895053402085214,-7.761483400022762,12,12
285,0.0,daily,sharp,0.6978604279144172,1.0128691053890329,-7.761483400022762,12,12
285,0.0,daily,weak,0.4205158968206359,2.8265905031666296,-7.761483400022762,12,12
285,0.0,daily,weak_skew,0.7394521095780844,1.3765908803674225,-7.761483400022762,12,12
285,0.0,two_day,alt,0.0068359375,-12.414362631770631,-7.761483400022762,12,12
285,0.0,two_day,sharp,0.5166015625,-1.6415053883119726,-7.761483400022762,12,12
285,0.0,two_day,weak,0.65966796875,-2.0786910287963605,-7.761483400022762,12,12
285,0.0,two_day,weak_skew,0.39794921875,2.694311796638351,-7.761483400022762,12,12
285,0.0,four_day,alt,0.90625,-1.2673368494892827,-7.761483400022762,6,12
285,0.0,four_day,sharp,0.46875,3.449296173266648,-7.761483400022762,6,12
285,0.0,four_day,weak,0.15625,7.400600672117997,-7.761483400022762,6,12
285,0.0,four_day,weak_skew,0.34375,8.35881278266093,-7.761483400022762,6,12
286,0.0,daily,alt,0.02659468106378724,-6.187395777838172,-10.513942211504904,12,12
286,0.0,daily,sharp,0.1855628874225155,2.380215783704194,-10.513942211504904,12,12
286,0.0,daily,weak,0.4003199360127974,2.0916154378007046,-10.513942211504904,12,12
286,0.0,daily,weak_skew,0.852629474105179,-0.4660850042636711,-10.513942211504904,12,12
286,0.0,two_day,alt,0.001953125,-11.448175622185817,-10.513942211504904,12,12
286,0.0,two_day,sharp,0.9921875,-0.019707797471917605,-10.513942211504904,12,12
286,0.0,two_day,weak,0.640625,1.3861829720622172,-10.513942211504904,12,12
286,0.0,two_day,weak_skew,0.43115234375,2.44858755350629,-10.513942211504904,12,12
286,0.0,four_day,alt,0.09375,-10.318946521118557,-10.513942211504904,6,12
286,0.0,four_day,sharp,0.8125,0.23185939937461222,-10.513942211504904,6,12
286,0.0,four_day,weak,0.84375,0.642370885989506,-10.513942211504904,6,12
286,0.0,four_day,weak_skew,0.625,2.181133983061508,-10.513942211504904,6,12
287,0.0,daily,alt,0.01859628074385123,-8.7993161219891,-6.880551910913148,12,12
287,0.0,daily,sharp,0.28434313137372524,-2.750266746841749,-6.880551910913148,12,12
287,0.0,daily,weak,0.22635472905418916,-4.039781207618256,-6.880551910913148,12,12
287,0.0,daily,weak_skew,0.35592881423715256,-3.0888183814954124,-6.880551910913148,12,12
287,0.0,two_day,alt,0.181640625,-7.052270733460951,-6.880551910913148,12,12
287,0.0,two_day,sharp,0.9296875,0.24560052287315237,-6.880551910913148,12,12
287,0.0,two_day,weak,0.76513671875,-1.032295003602388,-6.880551910913148,12,12
287,0.0,two_day,weak_skew,0.85986328125,-0.8433501453879817,-6.880551910913148,12,12
287,0.0,four_day,alt,0.1875,-9.640161220221986,-6.880551910913148,6,12
287,0.0,four_day,sharp,0.78125,-1.467096917411857,-6.880551910913148,6,12
287,0.0,four_day,weak,0.875,1.3010857142497372,-6.880551910913148,6,12
287,0.0,four_day,weak_skew,0.40625,-5.649323517460631,-6.880551910913148,6,12
288,0.0,daily,alt,0.4921015796840632,-5.9518979489247466,-7.642807472832899,12,12
288,0.0,daily,sharp,0.7764447110577885,0.9221818242604017,-7.642807472832899,12,12
288,0.0,daily,weak,0.609878024395121,2.1699715188856854,-7.642807472832899,12,12
288,0.0,daily,weak_skew,0.8138372325534893,0.9882709019430204,-7.642807472832899,12,12
288,0.0,two_day,alt,0.10302734375,-7.101789292621935,-7.642807472832899,12,12
288,0.0,two_day,sharp,0.32177734375,2.762362490317352,-7.642807472832899,12,12
288,0.0,two_day,weak,0.26123046875,5.047200579650076,-7.642807472832899,12,12
288,0.0,two_day,weak_skew,0.04052734375,8.018156510836308,-7.642807472832899,12,12
288,0.0,four_day,alt,0.03125,-9.38621595929563,-7.642807472832899,6,12
288,0.0,four_day,sharp,0.875,-0.5408596791068092,-7.642807472832899,6,12
288,0.0,four_day,weak,0.875,0.6084683889802088,-7.642807472832899,6,12
288,0.0,four_day,weak_skew,0.90625,0.30102834398290074,-7.642807472832899,6,12
289,0.0,daily,alt,0.006798640271945611,-15.068253044514208,-11.540058324400839,12,12
289,0.0,daily,sharp,0.14397120575884823,-3.815227372352126,-11.540058324400839,12,12
289,0.0,daily,weak,0.4943011397720456,-2.2231490104685165,-11.540058324400839,12,12
289,0.0,daily,weak_skew,0.2549490101979604,-3.6647559793853404,-11.540058324400839,12,12
289,0.0,two_day,alt,0.03515625,-13.769492356036332,-11.540058324400839,12,12
289,0.0,two_day,sharp,0.279296875,-4.061480948049444,-11.540058324400839,12,12
289,0.0,two_day,weak,0.24560546875,-5.819781506404951,-11.540058324400839,12,12
289,0.0,two_day,weak_skew,0.1376953125,-6.623808797538227,-11.540058324400839,12,12
289,0.0,four_day,alt,0.03125,-17.483103105608294,-11.540058324400839,6,12
289,0.0,four_day,sharp,0.3125,-3.7550001486108826,-11.540058324400839,6,12
289,0.0,four_day,weak,0.6875,-1.837442865884661,-11.540058324400839,6,12
289,0.0,four_day,weak_skew,0.15625,-4.16948360543229,-11.540058324400839,6,12
290,0.0,daily,alt,0.10617876424715057,-6.07458238578338,-10.082270797834909,12,12
290,0.0,daily,sharp,0.2751449710057988,2.2406082725714414,-10.082270797834909,12,12
290,0.0,daily,weak,0.5738852229554089,1.1857934329818907,-10.082270797834909,12,12
290,0.0,daily,weak_skew,0.7812437512497501,0.7265950045948332,-10.082270797834909,12,12
290,0.0,two_day,alt,0.10009765625,-8.310769494407626,-10.082270797834909,12,12
290,0.0,two_day,sharp,0.61376953125,1.600822369211799,-10.082270797834909,12,12
290,0.0,two_day,weak,0.71337890625,-1.3190580117905817,-10.082270797834909,12,12
290,0.0,two_day,weak_skew,0.2001953125,6.821033797178619,-10.082270797834909,12,12
290,0.0,four_day,alt,0.0625,-11.258556113146655,-10.082270797834909,6,12
290,0.0,four_day,sharp,0.75,-0.7168846737598535,-10.082270797834909,6,12
290,0.0,four_day,weak,0.75,-2.8303894688128666,-10.082270797834909,6,12
290,0.0,four_day,weak_skew,0.40625,3.3455065517716647,-10.082270797834909,6,12
291,0.0,daily,alt,0.0015996800639872025,-11.133077962621961,-11.359795807445273,12,12
291,0.0,daily,sharp,0.748250349930014,-0.7037645372128646,-11.359795807445273,12,12
291,0.0,daily,weak,0.8552289542091581,-0.4101468302493861,-11.359795807445273,12,12
291,0.0,daily,weak_skew,0.8318336332733454,0.594554348776842,-11.359795807445273,12,12
291,0.0,two_day,alt,0.0029296875,-13.906290336213518,-11.359795807445273,12,12
291,0.0,two_day,sharp,0.416015625,-2.6131125071910564,-11.359795807445273,12,12
291,0.0,two_day,weak,0.15869140625,-5.171247187021387,-11.359795807445273,12,12
291,0.0,two_day,weak_skew,0.578125,-1.8065309941763512,-11.359795807445273,12,12
291,0.0,four_day,alt,0.1875,-8.676400826534291,-11.359795807445273,6,12
291,0.0,four_day,sharp,0.625,2.0993588253005613,-11.359795807445273,6,12
291,0.0,four_day,weak,0.5,6.578775542950634,-11.359795807445273,6,12
291,0.0,four_day,weak_skew,0.59375,5.663209105765374,-11.359795807445273,6,12
292,0.0,daily,alt,0.03139372125574885,-6.219884953942009,-9.22476961066144,12,12
292,0.0,daily,sharp,0.3655268946210758,1.6939921788806906,-9.22476961066144,12,12
292,0.0,daily,weak,0.7774445110977805,-0.6506994021647111,-9.22476961066144,12,12
292,0.0,daily,weak_skew,0.28374325134973005,3.0430361745628893,-9.22476961066144,12,12
292,0.0,two_day,alt,0.103515625,-9.24463121549644,-9.22476961066144,12,12
292,0.0,two_day,sharp,0.84033203125,0.663836236144905,-9.22476961066144,12,12
292,0.0,two_day,weak,0.4140625,3.448869031023279,-9.22476961066144,12,12
292,0.0,two_day,weak_skew,0.5078125,-2.4112239639079847,-9.22476961066144,12,12
292,0.0,four_day,alt,0.03125,-12.89916316227395,-9.22476961066144,6,12
292,0.0,four_day,sharp,0.53125,-1.1257065667605808,-9.22476961066144,6,12
292,0.0,four_day,weak,0.9375,0.2044559874719738,-9.22476961066144,6,12
292,0.0,four_day,weak_skew,0.0625,-4.092926893987928,-9.22476961066144,6,12
293,0.0,daily,alt,0.8344331133773245,-1.085939044323813,-8.842757447064187,12,12
293,0.0,daily,sharp,0.03779244151169766,6.659677990824066,-8.842757447064187,12,12
293,0.0,daily,weak,0.11637672465506899,7.23637353526231,-8.842757447064187,12,12
293,0.0,daily,weak_skew,0.2523495300939812,4.451190322131828,-8.842757447064187,12,12
293,0.0,two_day,alt,0.0107421875,-10.001930194278126,-8.842757447064187,12,12
293,0.0,two_day,sharp,0.57666015625,-1.3693033673846202,-8.842757447064187,12,12
293,0.0,two_day,weak,0.357421875,2.5154003319720855,-8.842757447064187,12,12
293,0.0,two_day,weak_skew,0.1923828125,-4.179958134009243,-8.842757447064187,12,12
293,0.0,four_day,alt,0.03125,-18.43100202366519,-8.842757447064187,6,12
293,0.0,four_day,sharp,0.25,-8.300127545456839,-8.842757447064187,6,12
293,0.0,four_day,weak,0.5,-3.0128588178561224,-8.842757447064187,6,12
293,0.0,four_day,weak_skew,0.46875,-6.415746100989073,-8.842757447064187,6,12
294,0.0,daily,alt,0.00599880023995201,-9.626019871009156,-8.516733993803257,12,12
294,0.0,daily,sharp,0.4323135372925415,-1.1706759899032981,-8.516733993803257,12,12
294,0.0,daily,weak,0.254749050189962,-2.130398409537292,-8.516733993803257,12,12
294,0.0,daily,weak_skew,0.7340531893621276,-0.5960790703944916,-8.516733993803257,12,12
294,0.0,two_day,alt,0.00390625,-12.864416464324309,-8.516733993803257,12,12
294,0.0,two_day,sharp,0.98193359375,-0.042338749092290705,-8.516733993803257,12,12
294,0.0,two_day,weak,0.2353515625,4.332697934047752,-8.516733993803257,12,12
294,0.0,two_day,weak_skew,0.57080078125,1.9518942662803045,-8.516733993803257,12,12
294,0.0,four_day,alt,0.125,-8.559223855237821,-8.516733993803257,6,12
294,0.0,four_day,sharp,0.65625,1.672849865846776,-8.516733993803257,6,12
294,0.0,four_day,weak,0.875,1.1825123412932708,-8.516733993803257,6,12
294,0.0,four_day,weak_skew,0.625,1.6868873718488295,-8.516733993803257,6,12
295,0.0,daily,alt,0.009798040391921616,-8.98975289263876,-6.676243139022361,12,12
295,0.0,daily,sharp,0.851629674065187,-0.2794640799596036,-6.676243139022361,12,12
295,0.0,daily,weak,0.7384523095380924,0.6899950449461745,-6.676243139022361,12,12
295,0.0,daily,weak_skew,0.9370125974805039,0.16637503395221506,-6.676243139022361,12,12
295,0.0,two_day,alt,0.87353515625,-1.436702257894881,-6.676243139022361,12,12
295,0.0,two_day,sharp,0.63134765625,0.9528258499397643,-6.676243139022361,12,12
295,0.0,two_day,weak,0.21484375,-3.2555912418613246,-6.676243139022361,12,12
295,0.0,two_day,weak_skew,0.6083984375,1.0896955998752762,-6.676243139022361,12,12
295,0.0,four_day,alt,0.0625,-14.72641189767837,-6.676243139022361,6,12
295,0.0,four_day,sharp,0.1875,-3.9959143609261267,-6.676243139022361,6,12
295,0.0,four_day,weak,0.84375,-0.7584036497891423,-6.676243139022361,6,12
295,0.0,four_day,weak_skew,0.625,-2.4614301585456944,-6.676243139022361,6,12
296,0.0,daily,alt,0.9620075984803039,0.2734450220627285,-6.050516851571523,12,12
296,0.0,daily,sharp,0.43071385722855426,2.100160495001662,-6.050516851571523,12,12
296,0.0,daily,weak,0.4247150569886023,1.9087435706231517,-6.050516851571523,12,12
296,0.0,daily,weak_skew,0.31593681263747253,3.7302291563480257,-6.050516851571523,12,12
296,0.0,two_day,alt,0.58544921875,4.8256814629453855,-6.050516851571523,12,12
296,0.0,two_day,sharp,0.09326171875,6.276589718800037,-6.050516851571523,12,12
296,0.0,two_day,weak,0.01416015625,11.241701775159692,-6.050516851571523,12,12
296,0.0,two_day,weak_skew,0.1171875,7.3640660472197155,-6.050516851571523,12,12
296,0.0,four_day,alt,0.90625,-0.6693608549323997,-6.050516851571523,6,12
296,0.0,four_day,sharp,0.125,7.317604787239289,-6.050516851571523,6,12
296,0.0,four_day,weak,0.0625,11.371575106945224,-6.050516851571523,6,12
296,0.0,four_day,weak_skew,0.375,4.01316649888732,-6.050516851571523,6,12
297,0.0,daily,alt,0.023795240951809637,-7.407519950711223,-8.745141039988795,12,12
297,0.0,daily,sharp,0.26374725054989,2.996876861394122,-8.745141039988795,12,12
297,0.0,daily,weak,0.26614677064587083,3.980923318868997,-8.745141039988795,12,12
297,0.0,daily,weak_skew,0.3203359328134373,2.8792131889266055,-8.745141039988795,12,12
297,0.0,two_day,alt,0.00439453125,-11.976964421391097,-8.745141039988795,12,12
297,0.0,two_day,sharp,0.79248046875,-0.6990668992384516,-8.745141039988795,12,12
297,0.0,two_day,weak,0.244140625,4.002733733817705,-8.745141039988795,12,12
297,0.0,two_day,weak_skew,0.232421875,-2.7384343281208334,-8.745141039988795,12,12
297,0.0,four_day,alt,0.75,-2.2979631403441743,-8.745141039988795,6,12
297,0.0,four_day,sharp,0.625,1.993819090495401,-8.745141039988795,6,12
297,0.0,four_day,weak,0.8125,1.2033674323709995,-8.745141039988795,6,12
297,0.0,four_day,weak_skew,0.96875,0.4004693881323007,-8.745141039988795,6,12
298,0.0,daily,alt,0.0005998800239952009,-8.79636621860135,-6.471658832946815,12,12
298,0.0,daily,sharp,0.5744851029794041,-1.3081486862137268,-6.471658832946815,12,12
298,0.0,daily,weak,0.6240751849630074,-1.8507411262238278,-6.471658832946815,12,12
298,0.0,daily,weak_skew,0.8762247550489902,0.5705527968836215,-6.471658832946815,12,12
298,0.0,two_day,alt,0.0087890625,-11.943305566578326,-6.471658832946815,12,12
298,0.0,two_day,sharp,0.3994140625,-2.83841795286467,-6.471658832946815,12,12
298,0.0,two_day,weak,0.01953125,-9.665438629440816,-6.471658832946815,12,12
298,0.0,two_day,weak_skew,0.5283203125,-1.9388584045027628,-6.471658832946815,12,12
298,0.0,four_day,alt,0.1875,-6.87895440423502,-6.471658832946815,6,12
298,0.0,four_day,sharp,1.0,-0.03659652603460136,-6.471658832946815,6,12
298,0.0,four_day,weak,0.90625,0.6567861096833821,-6.471658832946815,6,12
298,0.0,four_day,weak_skew,0.6875,2.2360792439202477,-6.471658832946815,6,12
299,0.0,daily,alt,0.001799640071985603,-10.523173611951682,-11.566699660212961,12,12
299,0.0,daily,sharp,0.46190761847630474,2.322962337890672,-11.566699660212961,12,12
299,0.0,daily,weak,0.23115376924615078,3.5862241306600033,-11.566699660212961,12,12
299,0.0,daily,weak_skew,0.352129574085183,4.263791060746956,-11.566699660212961,12,12
299,0.0,two_day,alt,0.0283203125,-7.62163203472326,-11.566699660212961,12,12
299,0.0,two_day,sharp,0.21240234375,3.299597224258896,-11.566699660212961,12,12
299,0.0,two_day,weak,0.01513671875,7.729075373480511,-11.566699660212961,12,12
299,0.0,two_day,weak_skew,0.61962890625,1.801441423016917,-11.566699660212961,12,12
299,0.0,four_day,alt,0.03125,-16.542896338649157,-11.566699660212961,6,12
299,0.0,four_day,sharp,0.46875,-4.482542823255298,-11.566699660212961,6,12
299,0.0,four_day,weak,0.5,-5.136963028377674,-11.566699660212961,6,12
299,0.0,four_day,weak_skew,0.875,-1.1117933294039208,-11.566699660212961,6,12
300,0.0,daily,alt,0.003199360127974405,-8.571991065782656,-9.244478975548276,12,12
300,0.0,daily,sharp,0.8484303139372126,-0.21024733240472906,-9.244478975548276,12,12
300,0.0,daily,weak,0.11077784443111378,-2.5016494315667877,-9.244478975548276,12,12
300,0.0,daily,weak_skew,0.5916816636672666,-0.8744094654286533,-9.244478975548276,12,12
300,0.0,two_day,alt,0.1298828125,-5.749704330150114,-9.244478975548276,12,12
300,0.0,two_day,sharp,0.19921875,3.557498187774554,-9.244478975548276,12,12
300,0.0,two_day,weak,0.5244140625,-2.671019872060061,-9.244478975548276,12,12
300,0.0,two_day,weak_skew,0.05712890625,6.992889847546194,-9.244478975548276,12,12
300,0.0,four_day,alt,0.15625,-7.994482720612903,-9.244478975548276,6,12
300,0.0,four_day,sharp,0.46875,2.55183866379929,-9.244478975548276,6,12
300,0.0,four_day,weak,0.125,6.434103405941792,-9.244478975548276,6,12
300,0.0,four_day,weak_skew,0.125,5.190488185427786,-9.244478975548276,6,12
301,0.0,daily,alt,0.0001999600079984003,-12.09172287365048,-9.901932703824208,12,12
301,0.0,daily,sharp,0.08418316336732654,-2.4704420057572913,-9.901932703824208,12,12
301,0.0,daily,weak,0.09738052389522095,-4.284358751745046,-9.901932703824208,12,12
301,0.0,daily,weak_skew,0.2481503699260148,-2.3693248574911245,-9.901932703824208,12,12
301,0.0,two_day,alt,0.01123046875,-9.558668073236008,-9.901932703824208,12,12
301,0.0,two_day,sharp,0.90283203125,0.22137512881748597,-9.901932703824208,12,12
301,0.0,two_day,weak,0.4326171875,-2.3908332932999623,-9.901932703824208,12,12
301,0.0,two_day,weak_skew,0.923828125,0.18727004436290132,-9.901932703824208,12,12
301,0.0,four_day,alt,0.03125,-9.140468759229474,-9.901932703824208,6,12
301,0.0,four_day,sharp,0.59375,1.1056652247927232,-9.901932703824208,6,12
301,0.0,four_day,weak,0.875,2.3231528695407384,-9.901932703824208,6,12
301,0.0,four_day,weak_skew,0.53125,3.931356964966008,-9.901932703824208,6,12
302,0.0,daily,alt,0.0597880423915217,-7.910710786617677,-10.283273127953734,12,12
302,0.0,daily,sharp,0.7244551089782043,1.1408801629324767,-10.283273127953734,12,12
302,0.0,daily,weak,0.9338132373525295,0.3845727663902488,-10.283273127953734,12,12
302,0.0,daily,weak_skew,0.47230553889222154,3.517280400524985,-10.283273127953734,12,12
302,0.0,two_day,alt,0.01611328125,-9.75660806869854,-10.283273127953734,12,12
302,0.0,two_day,sharp,0.60009765625,1.6514172768638347,-10.283273127953734,12,12
302,0.0,two_day,weak,0.81884765625,0.9096585707478239,-10.283273127953734,12,12
302,0.0,two_day,weak_skew,0.88623046875,0.595531509955516,-10.283273127953734,12,12
302,0.0,four_day,alt,0.21875,-9.584190019489286,-10.283273127953734,6,12
302,0.0,four_day,sharp,0.75,2.5594741879798377,-10.283273127953734,6,12
302,0.0,four_day,weak,0.34375,7.479891796062552,-10.283273127953734,6,12
302,0.0,four_day,weak_skew,0.8125,3.5640163835390894,-10.283273127953734,6,12
303,0.0,daily,alt,0.0009998000399920016,-9.762449787754498,-8.517164744586964,12,12
303,0.0,daily,sharp,0.9576084783043392,-0.11565328761260574,-8.517164744586964,12,12
303,0.0,daily,weak,0.19796040791841632,-3.543773889543719,-8.517164744586964,12,12
303,0.0,daily,weak_skew,0.5016996600679864,-1.4601229424954323,-8.517164744586964,12,12
303,0.0,two_day,alt,0.001953125,-10.429879483666852,-8.517164744586964,12,12
303,0.0,two_day,sharp,0.58984375,-1.0617258002080188,-8.517164744586964,12,12
303,0.0,two_day,weak,0.3125,2.72107222945152,-8.517164744586964,12,12
303,0.0,two_day,weak_skew,0.7861328125,0.7510053759096008,-8.517164744586964,12,12
303,0.0,four_day,alt,0.03125,-6.687613924001809,-8.517164744586964,6,12
303,0.0,four_day,sharp,0.8125,-0.3327792788855888,-8.517164744586964,6,12
303,0.0,four_day,weak,0.3125,-3.496896693820542,-8.517164744586964,6,12
303,0.0,four_day,weak_skew,0.6875,-1.1211490961560127,-8.517164744586964,6,12
304,0.0,daily,alt,0.0653869226154769,-6.300278532023416,-7.157776213303862,12,12
304,0.0,daily,sharp,0.9652069586082783,0.08610820105261514,-7.157776213303862,12,12
304,0.0,daily,weak,0.6466706658668266,-1.639820094652066,-7.157776213303862,12,12
304,0.0,daily,weak_skew,0.5176964607078585,3.155139964199831,-7.157776213303862,12,12
304,0.0,two_day,alt,0.00048828125,-9.752543348530708,-7.157776213303862,12,12
304,0.0,two_day,sharp,0.42578125,-1.6483413883279425,-7.157776213303862,12,12
304,0.0,two_day,weak,0.1904296875,3.347912703917542,-7.157776213303862,12,12
304,0.0,two_day,weak_skew,0.615234375,-1.561696612376305,-7.157776213303862,12,12
304,0.0,four_day,alt,0.03125,-10.484086058678914,-7.157776213303862,6,12
304,0.0,four_day,sharp,0.6875,-1.1577902715275965,-7.157776213303862,6,12
304,0.0,four_day,weak,0.3125,1.7330982936052688,-7.157776213303862,6,12
304,0.0,four_day,weak_skew,0.46875,-1.65384441383058,-7.157776213303862,6,12
305,0.0,daily,alt,0.11297740451909619,-6.666287665707471,-7.266210599309076,12,12
305,0.0,daily,sharp,0.2725454909018196,2.2718293584446294,-7.266210599309076,12,12
305,0.0,daily,weak,0.4233153369326135,2.765810965900386,-7.266210599309076,12,12
305,0.0,daily,weak_skew,0.6852629474105179,1.4399152036163023,-7.266210599309076,12,12
305,0.0,two_day,alt,0.85498046875,-1.7426239924357751,-7.266210599309076,12,12
305,0.0,two_day,sharp,0.6044921875,1.5178888203717353,-7.266210599309076,12,12
305,0.0,two_day,weak,0.69140625,-1.3129737707864209,-7.266210599309076,12,12
305,0.0,two_day,weak_skew,0.78466796875,1.3604368941253153,-7.266210599309076,12,12
305,0.0,four_day,alt,0.0625,-8.572281569703202,-7.266210599309076,6,12
305,0.0,four_day,sharp,0.5625,1.0434979190681173,-7.266210599309076,6,12
305,0.0,four_day,weak,0.53125,3.1979475041550125,-7.266210599309076,6,12
305,0.0,four_day,weak_skew,0.34375,3.248942140452877,-7.266210599309076,6,12
306,0.0,daily,alt,0.0011997600479904018,-10.970765111040032,-8.897462029126672,12,12
306,0.0,daily,sharp,0.10197960407918416,-3.477971880613424,-8.897462029126672,12,12
306,0.0,daily,weak,0.08818236352729454,-4.644978469668577,-8.897462029126672,12,12
306,0.0,daily,weak_skew,0.8264347130573885,-0.6579527978727722,-8.897462029126672,12,12
306,0.0,two_day,alt,0.00341796875,-10.369785900349784,-8.897462029126672,12,12
306,0.0,two_day,sharp,0.9228515625,0.24365027383737647,-8.897462029126672,12,12
306,0.0,two_day,weak,0.90087890625,-0.5880174012655187,-8.897462029126672,12,12
306,0.0,two_day,weak_skew,0.98291015625,0.061759902300345004,-8.897462029126672,12,12
306,0.0,four_day,alt,0.1875,-9.196675817465067,-8.897462029126672,6,12
306,0.0,four_day,sharp,0.78125,-1.259858838581285,-8.897462029126672,6,12
306,0.0,four_day,weak,0.59375,2.9133526301272994,-8.897462029126672,6,12
306,0.0,four_day,weak_skew,0.5,-3.7949918590148286,-8.897462029126672,6,12
307,0.0,daily,alt,0.017196560687862426,-10.782106130819878,-11.323390162998756,12,12
307,0.0,daily,sharp,0.7508498300339932,0.960203407799721,-11.323390162998756,12,12
307,0.0,daily,weak,0.9218156368726255,-0.3015156265693098,-11.323390162998756,12,12
307,0.0,daily,weak_skew,0.5880823835232953,-1.5785338970953713,-11.323390162998756,12,12
307,0.0,two_day,alt,0.00634765625,-15.432365545197442,-11.323390162998756,12,12
307,0.0,two_day,sharp,0.53955078125,-2.2964465235241627,-11.323390162998756,12,12
307,0.0,two_day,weak,0.66357421875,-2.2620082397163537,-11.323390162998756,12,12
307,0.0,two_day,weak_skew,0.68798828125,-1.937117003384093,-11.323390162998756,12,12
307,0.0,four_day,alt,0.0625,-13.915112008809508,-11.323390162998756,6,12
307,0.0,four_day,sharp,0.5,-2.0703139664074315,-11.323390162998756,6,12
307,0.0,four_day,weak,0.0625,-7.252967853024603,-11.323390162998756,6,12
307,0.0,four_day,weak_skew,0.46875,-4.1116995747894345,-11.323390162998756,6,12
308,0.0,daily,alt,0.15276944611077783,-5.812293681640406,-9.201224726026986,12,12
308,0.0,daily,sharp,0.4185162967406519,1.778021886839938,-9.201224726026986,12,12
308,0.0,daily,weak,0.6422715456908619,-1.4108623966243883,-9.201224726026986,12,12
308,0.0,daily,weak_skew,0.2463507298540292,3.0212980981993414,-9.201224726026986,12,12
308,0.0,two_day,alt,0.02880859375,-8.644422274196605,-9.201224726026986,12,12
308,0.0,two_day,sharp,0.78955078125,0.5617248500934574,-9.201224726026986,12,12
308,0.0,two_day,weak,0.541015625,-2.104118449592797,-9.201224726026986,12,12
308,0.0,two_day,weak_skew,0.7587890625,-0.7870517850252549,-9.201224726026986,12,12
308,0.0,four_day,alt,0.0625,-12.906065446580705,-9.201224726026986,6,12
308,0.0,four_day,sharp,0.78125,-1.0964973665554123,-9.201224726026986,6,12
308,0.0,four_day,weak,0.84375,-1.1027410218727216,-9.201224726026986,6,12
308,0.0,four_day,weak_skew,0.6875,5.111114248651103,-9.201224726026986,6,12
309,0.0,daily,alt,0.00599880023995201,-8.446428337332362,-8.265129967515428,12,12
309,0.0,daily,sharp,0.3037392521495701,1.882524927052291,-8.265129967515428,12,12
309,0.0,daily,weak,0.047190561887622474,4.699581742438483,-8.265129967515428,12,12
309,0.0,daily,weak_skew,0.3797240551889622,2.29852458229734,-8.265129967515428,12,12
309,0.0,two_day,alt,0.001953125,-12.865322309097238,-8.265129967515428,12,12
309,0.0,two_day,sharp,0.67041015625,-1.2951717824809457,-8.265129967515428,12,12
309,0.0,two_day,weak,0.744140625,-0.8473142767544447,-8.265129967515428,12,12
309,0.0,two_day,weak_skew,0.16064453125,-4.648036197683804,-8.265129967515428,12,12
309,0.0,four_day,alt,0.03125,-15.005077506697388,-8.265129967515428,6,12
309,0.0,four_day,sharp,0.375,-2.1616555956347483,-8.265129967515428,6,12
309,0.0,four_day,weak,0.0625,-8.787305563435067,-8.265129967515428,6,12
309,0.0,four_day,weak_skew,0.4375,-2.040051739052133,-8.265129967515428,6,12
310,0.0,daily,alt,0.0001999600079984003,-14.0798621141118,-9.639333018090717,12,12
310,0.0,daily,sharp,0.16636672665466906,-1.348923346542121,-9.639333018090717,12,12
310,0.0,daily,weak,0.9728054389122176,-0.07335756555796635,-9.639333018090717,12,12
310,0.0,daily,weak_skew,0.32573485302939414,-1.7097180080745478,-9.639333018090717,12,12
310,0.0,two_day,alt,0.5009765625,-4.946734116069043,-9.639333018090717,12,12
310,0.0,two_day,sharp,0.189453125,1.8177393482671036,-9.639333018090717,12,12
310,0.0,two_day,weak,0.94189453125,0.2408603048087722,-9.639333018090717,12,12
310,0.0,two_day,weak_skew,0.39892578125,2.900653045615817,-9.639333018090717,12,12
310,0.0,four_day,alt,0.03125,-13.267173450788308,-9.639333018090717,6,12
310,0.0,four_day,sharp,0.5,-1.4809667095311372,-9.639333018090717,6,12
310,0.0,four_day,weak,0.40625,-4.003162102492993,-9.639333018090717,6,12
310,0.0,four_day,weak_skew,0.0625,-5.8695431455060065,-9.639333018090717,6,12
311,0.0,daily,alt,0.9574085182963408,0.1956196266838095,-5.170389842935009,12,12
311,0.0,daily,sharp,0.06978604279144171,5.080457250367761,-5.170389842935009,12,12
311,0.0,daily,weak,0.07478504299140172,5.822957615344943,-5.170389842935009,12,12
311,0.0,daily,weak_skew,0.13937212557488501,4.917624966938132,-5.170389842935009,12,12
311,0.0,two_day,alt,0.8369140625,-0.8616500174991751,-5.170389842935009,12,12
311,0.0,two_day,sharp,0.38671875,3.8666652792307663,-5.170389842935009,12,12
311,0.0,two_day,weak,0.525390625,3.9225078205046926,-5.170389842935009,12,12
311,0.0,two_day,weak_skew,0.2353515625,6.473597532096601,-5.170389842935009,12,12
311,0.0,four_day,alt,0.03125,-11.643412679311643,-5.170389842935009,6,12
311,0.0,four_day,sharp,0.28125,-6.06985939102843,-5.170389842935009,6,12
311,0.0,four_day,weak,1.0,0.03398319018191742,-5.170389842935009,6,12
311,0.0,four_day,weak_skew,0.21875,-8.141376510723878,-5.170389842935009,6,12
312,0.0,daily,alt,0.0001999600079984003,-14.641677974141148,-8.9045260181867,12,12
312,0.0,daily,sharp,0.09278144371125775,-3.9669511067992445,-8.9045260181867,12,12
312,0.0,daily,weak,0.22315536892621476,-4.366712119950729,-8.9045260181867,12,12
312,0.0,daily,weak_skew,0.05598880223955209,-5.065639557064476,-8.9045260181867,12,12
312,0.0,two_day,alt,0.3583984375,-4.099598338293924,-8.9045260181867,12,12
312,0.0,two_day,sharp,0.3310546875,2.5692428118656743,-8.9045260181867,12,12
312,0.0,two_day,weak,0.73486328125,1.3274370354624032,-8.9045260181867,12,12
312,0.0,two_day,weak_skew,0.099609375,6.744459963908561,-8.9045260181867,12,12
312,0.0,four_day,alt,0.15625,-6.784571889862179,-8.9045260181867,6,12
312,0.0,four_day,sharp,0.5,3.089362590699404,-8.9045260181867,6,12
312,0.0,four_day,weak,0.46875,2.537535559076982,-8.9045260181867,6,12
312,0.0,four_day,weak_skew,0.375,7.751462224920896,-8.9045260181867,6,12
313,0.0,daily,alt,0.003999200159968006,-9.085683050168763,-8.387321523933089,12,12
313,0.0,daily,sharp,0.6506698660267947,-1.1621452086501218,-8.387321523933089,12,12
313,0.0,daily,weak,0.6766646670665867,-1.4554051707906666,-8.387321523933089,12,12
313,0.0,daily,weak_skew,0.6872625474905019,-1.1450246936615613,-8.387321523933089,12,12
313,0.0,two_day,alt,0.501953125,-2.3507066686621196,-8.387321523933089,12,12
313,0.0,two_day,sharp,0.19287109375,3.2253741106243816,-8.387321523933089,12,12
313,0.0,two_day,weak,0.21435546875,4.797341815376305,-8.387321523933089,12,12
313,0.0,two_day,weak_skew,0.451171875,3.0923016211960452,-8.387321523933089,12,12
313,0.0,four_day,alt,0.0625,-8.082065743595612,-8.387321523933089,6,12
313,0.0,four_day,sharp,0.4375,1.4747711218514634,-8.387321523933089,6,12
313,0.0,four_day,weak,0.9375,0.18295779431788262,-8.387321523933089,6,12
313,0.0,four_day,weak_skew,0.625,2.9654182569931784,-8.387321523933089,6,12
314,0.0,daily,alt,0.01279744051189762,-8.207876981126644,-8.115170365508163,12,12
314,0.0,daily,sharp,0.7536492701459708,-0.9044675115148474,-8.115170365508163,12,12
314,0.0,daily,weak,0.2943411317736453,-3.037429550276489,-8.115170365508163,12,12
314,0.0,daily,weak_skew,0.5508898220355929,2.7327576944829186,-8.115170365508163,12,12
314,0.0,two_day,alt,0.35595703125,-3.4313350119128248,-8.115170365508163,12,12
314,0.0,two_day,sharp,0.05029296875,4.492617607893211,-8.115170365508163,12,12
314,0.0,two_day,weak,0.14208984375,4.780796759429803,-8.115170365508163,12,12
314,0.0,two_day,weak_skew,0.037109375,8.668025917854102,-8.115170365508163,12,12
314,0.0,four_day,alt,0.0625,-11.891271066933484,-8.115170365508163,6,12
314,0.0,four_day,sharp,0.28125,-3.6377869204687854,-8.115170365508163,6,12
314,0.0,four_day,weak,0.5,-4.2096938871243665,-8.115170365508163,6,12
314,0.0,four_day,weak_skew,0.34375,-3.626913836403323,-8.115170365508163,6,12
315,0.0,daily,alt,0.0003999200159968006,-14.631480335878871,-13.664829915975169,12,12
315,0.0,daily,sharp,0.46650669866026795,-1.8409530950623327,-13.664829915975169,12,12
315,0.0,daily,weak,0.10497900419916016,-4.0383945653092725,-13.664829915975169,12,12
315,0.0,daily,weak_skew,0.7250549890021996,-1.1273254348405952,-13.664829915975169,12,12
315,0.0,two_day,alt,0.00732421875,-12.953768748237314,-13.664829915975169,12,12
315,0.0,two_day,sharp,0.98974609375,-0.02815916000271675,-13.664829915975169,12,12
315,0.0,two_day,weak,0.34521484375,-3.783253129931143,-13.664829915975169,12,12
315,0.0,two_day,weak_skew,0.68310546875,-1.2236072924373669,-13.664829915975169,12,12
315,0.0,four_day,alt,0.125,-14.17441331421828,-13.664829915975169,6,12
315,0.0,four_day,sharp,0.625,-2.363367703147149,-13.664829915975169,6,12
315,0.0,four_day,weak,0.5,3.4031513982403587,-13.664829915975169,6,12
315,0.0,four_day,weak_skew,0.6875,-2.307458953831201,-13.664829915975169,6,12
316,0.0,daily,alt,0.007398520295940812,-7.534514912415549,-10.515303641318447,12,12
316,0.0,daily,sharp,0.07898420315936813,4.697387252025142,-10.515303641318447,12,12
316,0.0,daily,weak,0.09778044391121776,4.027921554128478,-10.515303641318447,12,12
316,0.0,daily,weak_skew,0.21435712857428516,5.098970446959054,-10.515303641318447,12,12
316,0.0,two_day,alt,0.02294921875,-8.105990776632614,-10.515303641318447,12,12
316,0.0,two_day,sharp,0.24072265625,3.9506106594473263,-10.515303641318447,12,12
316,0.0,two_day,weak,0.81787109375,1.2880010983267798,-10.515303641318447,12,12
316,0.0,two_day,weak_skew,0.59619140625,1.91622562673527,-10.515303641318447,12,12
316,0.0,four_day,alt,0.03125,-12.644573586749653,-10.515303641318447,6,12
316,0.0,four_day,sharp,0.59375,-1.2199476872091022,-10.515303641318447,6,12
316,0.0,four_day,weak,0.65625,1.3858611378768895,-10.515303641318447,6,12
316,0.0,four_day,weak_skew,0.5,-1.83608197801419,-10.515303641318447,6,12
317,0.0,daily,alt,0.45150969806038793,-3.686358143233631,-10.228816007443498,12,12
317,0.0,daily,sharp,0.5346930613877224,3.00871065173436,-10.228816007443498,12,12
317,0.0,daily,weak,0.7066586682663467,2.094263034422738,-10.228816007443498,12,12
317,0.0,daily,weak_skew,0.22155568886222757,7.639849392475029,-10.228816007443498,12,12
317,0.0,two_day,alt,0.544921875,3.7657173248012774,-10.228816007443498,12,12
317,0.0,two_day,sharp,0.01123046875,12.619166807931128,-10.228816007443498,12,12
317,0.0,two_day,weak,0.0029296875,16.81868695343761,-10.228816007443498,12,12
317,0.0,two_day,weak_skew,0.056640625,12.777536220996405,-10.228816007443498,12,12
317,0.0,four_day,alt,0.0625,-13.776437612940661,-10.228816007443498,6,12
317,0.0,four_day,sharp,0.6875,-5.820803970401111,-10.228816007443498,6,12
317,0.0,four_day,weak,0.21875,-8.067673656658942,-10.228816007443498,6,12
317,0.0,four_day,weak_skew,0.375,-8.878420442352535,-10.228816007443498,6,12
318,0.0,daily,alt,0.009198160367926415,-11.157543202854376,-7.300996300436907,12,12
318,0.0,daily,sharp,0.9672065586882623,-0.07105967705691658,-7.300996300436907,12,12
318,0.0,daily,weak,0.36372725454909016,-2.719238886936644,-7.300996300436907,12,12
318,0.0,daily,weak_skew,0.7596480703859229,1.0717487924379216,-7.300996300436907,12,12
318,0.0,two_day,alt,0.03515625,-13.239762971180454,-7.300996300436907,12,12
318,0.0,two_day,sharp,0.447265625,-2.5211294839194998,-7.300996300436907,12,12
318,0.0,two_day,weak,0.4521484375,-2.801867498034767,-7.300996300436907,12,12
318,0.0,two_day,weak_skew,0.27880859375,-4.7309595517800735,-7.300996300436907,12,12
318,0.0,four_day,alt,0.34375,-8.003355985786385,-7.300996300436907,6,12
318,0.0,four_day,sharp,0.78125,1.2119087590403244,-7.300996300436907,6,12
318,0.0,four_day,weak,0.4375,3.3612526185766733,-7.300996300436907,6,12
318,0.0,four_day,weak_skew,0.21875,6.447977772729807,-7.300996300436907,6,12
319,0.0,daily,alt,0.5066986602679464,-4.730560584645441,-5.352792987536333,12,12
319,0.0,daily,sharp,0.651869626074785,2.7916342254191537,-5.352792987536333,12,12
319,0.0,daily,weak,0.6216756648670266,3.0003372584743153,-5.352792987536333,12,12
319,0.0,daily,weak_skew,0.9082183563287343,-0.6982302109375548,-5.352792987536333,12,12
319,0.0,two_day,alt,0.2685546875,-7.7827660207300005,-5.352792987536333,12,12
319,0.0,two_day,sharp,0.5927734375,-2.271165992996044,-5.352792987536333,12,12
319,0.0,two_day,weak,0.60595703125,-3.1242922154366326,-5.352792987536333,12,12
319,0.0,two_day,weak_skew,0.42626953125,-3.813510741118819,-5.352792987536333,12,12
319,0.0,four_day,alt,0.53125,7.675512206063726,-5.352792987536333,6,12
319,0.0,four_day,sharp,0.1875,9.408143568429951,-5.352792987536333,6,12
319,0.0,four_day,weak,0.375,5.648410888849338,-5.352792987536333,6,12
319,0.0,four_day,weak_skew,0.59375,4.156175967446926,-5.352792987536333,6,12
320,0.0,daily,alt,0.0001999600079984003,-12.66892408149972,-12.126374258181613,12,12
320,0.0,daily,sharp,0.2521495700859828,-1.2874262412825264,-12.126374258181613,12,12
320,0.0,daily,weak,0.6658668266346731,-1.1213110002422824,-12.126374258181613,12,12
320,0.0,daily,weak_skew,0.7544491101779645,-0.5743092319598789,-12.126374258181613,12,12
320,0.0,two_day,alt,0.04345703125,-7.331447116210477,-12.126374258181613,12,12
320,0.0,two_day,sharp,0.1904296875,3.9040523576850155,-12.126374258181613,12,12
320,0.0,two_day,weak,0.2890625,4.3573219746395235,-12.126374258181613,12,12
320,0.0,two_day,weak_skew,0.3134765625,7.351196883728292,-12.126374258181613,12,12
320,0.0,four_day,alt,0.03125,-6.86883558075979,-12.126374258181613,6,12
320,0.0,four_day,sharp,0.03125,5.453975449009378,-12.126374258181613,6,12
320,0.0,four_day,weak,0.03125,10.707930329841483,-12.126374258181613,6,12
320,0.0,four_day,weak_skew,0.125,10.347957703462253,-12.126374258181613,6,12
321,0.0,daily,alt,0.33773245350929815,-2.6749443613080683,-2.4368679292215063,12,12
321,0.0,daily,sharp,0.5308938212357528,2.070390422175786,-2.4368679292215063,12,12
321,0.0,daily,weak,0.2425514897020596,2.947402005254118,-2.4368679292215063,12,12
321,0.0,daily,weak_skew,0.5008998200359928,2.8618232319038968,-2.4368679292215063,12,12
321,0.0,two_day,alt,0.26220703125,-3.7536033671986186,-2.4368679292215063,12,12
321,0.0,two_day,sharp,0.6240234375,-1.8961658443131852,-2.4368679292215063,12,12
321,0.0,two_day,weak,0.20458984375,-5.411821233700473,-2.4368679292215063,12,12
321,0.0,two_day,weak_skew,0.52490234375,-2.808895705362687,-2.4368679292215063,12,12
321,0.0,four_day,alt,0.6875,2.76507640347184,-2.4368679292215063,6,12
321,0.0,four_day,sharp,0.75,2.347854048693376,-2.4368679292215063,6,12
321,0.0,four_day,weak,0.9375,0.29586707120406547,-2.4368679292215063,6,12
321,0.0,four_day,weak_skew,0.40625,7.093682700721632,-2.4368679292215063,6,12
322,0.0,daily,alt,0.1965606878624275,-5.809146395909933,-9.89539151951,12,12
322,0.0,daily,sharp,0.2421515696860628,5.023924480587468,-9.89539151951,12,12
322,0.0,daily,weak,0.1895620875824835,5.084529443511378,-9.89539151951,12,12
322,0.0,daily,weak_skew,0.3265346930613877,4.471987954503469,-9.89539151951,12,12
322,0.0,two_day,alt,0.04296875,-10.478285371155758,-9.89539151951,12,12
322,0.0,two_day,sharp,0.9091796875,-0.5364364112944665,-9.89539151951,12,12
322,0.0,two_day,weak,0.35400390625,-4.395688224990637,-9.89539151951,12,12
322,0.0,two_day,weak_skew,0.86328125,0.9524510924232104,-9.89539151951,12,12
322,0.0,four_day,alt,0.25,-9.661176393014888,-9.89539151951,6,12
322,0.0,four_day,sharp,0.71875,-1.1861014978543725,-9.89539151951,6,12
322,0.0,four_day,weak,0.3125,6.187048782213409,-9.89539151951,6,12
322,0.0,four_day,weak_skew,0.53125,2.4721552110720886,-9.89539151951,6,12
323,0.0,daily,alt,0.024795040991801638,-7.309039298422725,-9.536040468085098,12,12
323,0.0,daily,sharp,0.2483503299340132,2.333898989818955,-9.536040468085098,12,12
323,0.0,daily,weak,0.2871425714857029,3.049639891113335,-9.536040468085098,12,12
323,0.0,daily,weak_skew,0.5152969406118776,2.249801659371004,-9.536040468085098,12,12
323,0.0,two_day,alt,0.01123046875,-10.728218691161333,-9.536040468085098,12,12
323,0.0,two_day,sharp,0.984375,0.0307567074921072,-9.536040468085098,12,12
323,0.0,two_day,weak,0.5517578125,-2.5826111097280475,-9.536040468085098,12,12
323,0.0,two_day,weak_skew,0.8876953125,0.4386518928314131,-9.536040468085098,12,12
323,0.0,four_day,alt,0.03125,-9.22219811517819,-9.536040468085098,6,12
323,0.0,four_day,sharp,0.9375,-0.5894758944386792,-9.536040468085098,6,12
323,0.0,four_day,weak,0.71875,1.5765943813649284,-9.536040468085098,6,12
323,0.0,four_day,weak_skew,0.84375,-0.7967176012105431,-9.536040468085098,6,12
324,0.0,daily,alt,0.021995600879824034,-7.601713110524103,-10.918036322704843,12,12
324,0.0,daily,sharp,0.19276144771045792,3.0958488435565346,-10.918036322704843,12,12
324,0.0,daily,weak,0.4227154569086183,2.189084367068548,-10.918036322704843,12,12
324,0.0,daily,weak_skew,0.5882823435312937,1.2417882802440676,-10.918036322704843,12,12
324,0.0,two_day,alt,0.0009765625,-12.65234024614074,-10.918036322704843,12,12
324,0.0,two_day,sharp,0.43310546875,-2.2706444533439196,-10.918036322704843,12,12
324,0.0,two_day,weak,0.2421875,-5.067020560712173,-10.918036322704843,12,12
324,0.0,two_day,weak_skew,0.71484375,-1.5168091492798883,-10.918036322704843,12,12
324,0.0,four_day,alt,0.0625,-11.624737195417657,-10.918036322704843,6,12
324,0.0,four_day,sharp,0.5,2.20600310368399,-10.918036322704843,6,12
324,0.0,four_day,weak,0.78125,1.8077518617261983,-10.918036322704843,6,12
324,0.0,four_day,weak_skew,0.875,-0.7307109466815653,-10.918036322704843,6,12
325,0.0,daily,alt,0.2011597680463907,-6.131636140079962,-11.511818529053485,12,12
325,0.0,daily,sharp,0.29414117176564686,3.852395868291259,-11.511818529053485,12,12
325,0.0,daily,weak,0.3265346930613877,4.270313938342038,-11.511818529053485,12,12
325,0.0,daily,weak_skew,0.4243151369726055,4.1866961700979575,-11.511818529053485,12,12
325,0.0,two_day,alt,0.0224609375,-10.691839045506443,-11.511818529053485,12,12
325,0.0,two_day,sharp,0.728515625,1.1130320143842543,-11.511818529053485,12,12
325,0.0,two_day,weak,0.1767578125,5.634273949130107,-11.511818529053485,12,12
325,0.0,two_day,weak_skew,0.955078125,-0.19095656345124942,-11.511818529053485,12,12
325,0.0,four_day,alt,0.03125,-15.544921496195505,-11.511818529053485,6,12
325,0.0,four_day,sharp,0.40625,-3.6610437653371037,-11.511818529053485,6,12
325,0.0,four_day,weak,0.65625,-3.4768379600146595,-11.511818529053485,6,12
325,0.0,four_day,weak_skew,0.96875,0.18188283211242742,-11.511818529053485,6,12
326,0.0,daily,alt,0.1837632473505299,-5.019818107859652,-9.554389045741232,12,12
326,0.0,daily,sharp,0.19636072785442912,2.9483559362991882,-9.554389045741232,12,12
326,0.0,daily,weak,0.34693061387722457,2.3153110232404344,-9.554389045741232,12,12
326,0.0,daily,weak_skew,0.2513497300539892,3.6850171205071383,-9.554389045741232,12,12
326,0.0,two_day,alt,0.0458984375,-7.514173511834268,-9.554389045741232,12,12
326,0.0,two_day,sharp,0.60986328125,1.5239662386558308,-9.554389045741232,12,12
326,0.0,two_day,weak,0.53955078125,3.172065864448662,-9.554389045741232,12,12
326,0.0,two_day,weak_skew,0.70458984375,-1.2380554353888253,-9.554389045741232,12,12
326,0.0,four_day,alt,0.03125,-15.230262625092623,-9.554389045741232,6,12
326,0.0,four_day,sharp,0.6875,-1.5743541591113146,-9.554389045741232,6,12
326,0.0,four_day,weak,0.78125,1.5126662506727027,-9.554389045741232,6,12
326,0.0,four_day,weak_skew,0.5,-4.090671060212675,-9.554389045741232,6,12
327,0.0,daily,alt,0.0003999200159968006,-7.475402472743094,-8.468410772805989,12,12
327,0.0,daily,sharp,0.3017396520695861,1.2615553080635091,-8.468410772805989,12,12
327,0.0,daily,weak,0.7270545890821836,0.7827308386215108,-8.468410772805989,12,12
327,0.0,daily,weak_skew,0.30713857228554287,2.2105604761111954,-8.468410772805989,12,12
327,0.0,two_day,alt,0.00732421875,-11.269712380806874,-8.468410772805989,12,12
327,0.0,two_day,sharp,0.37841796875,-2.6995464191560807,-8.468410772805989,12,12
327,0.0,two_day,weak,0.29931640625,-4.094943681671375,-8.468410772805989,12,12
327,0.0,two_day,weak_skew,0.16455078125,-4.759365329070698,-8.468410772805989,12,12
327,0.0,four_day,alt,0.03125,-9.371648349413295,-8.468410772805989,6,12
327,0.0,four_day,sharp,0.8125,-0.43697210221188004,-8.468410772805989,6,12
327,0.0,four_day,weak,0.8125,-1.5477754094287164,-8.468410772805989,6,12
327,0.0,four_day,weak_skew,0.9375,-0.2096746018371244,-8.468410772805989,6,12
328,0.0,daily,alt,0.0007998400319936012,-9.20529093481752,-10.953005445030087,12,12
328,0.0,daily,sharp,0.2573485302939412,1.432293124360772,-10.953005445030087,12,12
328,0.0,daily,weak,0.22315536892621476,2.10480499504086,-10.953005445030087,12,12
328,0.0,daily,weak_skew,0.42451509698060386,2.148114311461612,-10.953005445030087,12,12
328,0.0,two_day,alt,0.0888671875,-10.124795396949466,-10.953005445030087,12,12
328,0.0,two_day,sharp,0.96484375,0.1277741107984133,-10.953005445030087,12,12
328,0.0,two_day,weak,0.0439453125,7.029279989176878,-10.953005445030087,12,12
328,0.0,two_day,weak_skew,0.376953125,-2.864632567930267,-10.953005445030087,12,12
328,0.0,four_day,alt,0.34375,-4.586042420703485,-10.953005445030087,6,12
328,0.0,four_day,sharp,0.28125,3.9837186707873244,-10.953005445030087,6,12
328,0.0,four_day,weak,0.46875,5.035256115037135,-10.953005445030087,6,12
328,0.0,four_day,weak_skew,0.375,4.187735677501695,-10.953005445030087,6,12
329,0.0,daily,alt,0.004999000199960008,-10.231453448042222,-11.300222127498301,12,12
329,0.0,daily,sharp,0.8356328734253149,0.6784208954845153,-11.300222127498301,12,12
329,0.0,daily,weak,0.7128574285142971,1.4567089196658298,-11.300222127498301,12,12
329,0.0,daily,weak_skew,0.5910817836432714,2.229328268118545,-11.300222127498301,12,12
329,0.0,two_day,alt,0.01904296875,-8.857989568642509,-11.300222127498301,12,12
329,0.0,two_day,sharp,0.37890625,3.542484785029951,-11.300222127498301,12,12
329,0.0,two_day,weak,0.52294921875,3.6422544931988488,-11.300222127498301,12,12
329,0.0,two_day,weak_skew,0.34375,4.928213067721825,-11.300222127498301,12,12
329,0.0,four_day,alt,0.15625,-7.744183592062259,-11.300222127498301,6,12
329,0.0,four_day,sharp,0.3125,4.944979469546584,-11.300222127498301,6,12
329,0.0,four_day,weak,0.59375,2.8011710203868696,-11.300222127498301,6,12
329,0.0,four_day,weak_skew,0.59375,3.3899822589898734,-11.300222127498301,6,12
330,0.0,daily,alt,0.0013997200559888023,-8.710393812250546,-7.015090934128871,12,12
330,0.0,daily,sharp,0.9614077184563088,0.056498911101118786,-7.015090934128871,12,12
330,0.0,daily,weak,0.4243151369726055,-2.0914712789999346,-7.015090934128871,12,12
330,0.0,daily,weak_skew,0.8094381123775245,0.5757698458023324,-7.015090934128871,12,12
330,0.0,two_day,alt,0.0185546875,-6.811135972435149,-7.015090934128871,12,12
330,0.0,two_day,sharp,0.552734375,1.4129426090651478,-7.015090934128871,12,12
330,0.0,two_day,weak,0.8134765625,0.8432542393446063,-7.015090934128871,12,12
330,0.0,two_day,weak_skew,0.4716796875,2.9735790397820403,-7.015090934128871,12,12
330,0.0,four_day,alt,0.09375,-10.798222237835958,-7.015090934128871,6,12
330,0.0,four_day,sharp,0.28125,-3.7330823294011046,-7.015090934128871,6,12
330,0.0,four_day,weak,0.0625,-12.245238847509688,-7.015090934128871,6,12
330,0.0,four_day,weak_skew,0.4375,-4.050532800924068,-7.015090934128871,6,12
331,0.0,daily,alt,0.005398920215956809,-8.658745799536204,-7.007453437572153,12,12
331,0.0,daily,sharp,0.4891021795640872,-1.301752518459739,-7.007453437572153,12,12
331,0.0,daily,weak,0.23055388922215556,2.231036265613723,-7.007453437572153,12,12
331,0.0,daily,weak_skew,0.860627874425115,-0.5211201394856625,-7.007453437572153,12,12
331,0.0,two_day,alt,0.03369140625,-8.719266198873127,-7.007453437572153,12,12
331,0.0,two_day,sharp,0.5908203125,-1.5995916882595491,-7.007453437572153,12,12
331,0.0,two_day,weak,0.66015625,-1.8022910426740435,-7.007453437572153,12,12
331,0.0,two_day,weak_skew,0.7197265625,-1.3308104530454816,-7.007453437572153,12,12
331,0.0,four_day,alt,0.03125,-14.74130575029267,-7.007453437572153,6,12
331,0.0,four_day,sharp,0.03125,-6.273955630121961,-7.007453437572153,6,12
331,0.0,four_day,weak,0.125,-6.721652690276055,-7.007453437572153,6,12
331,0.0,four_day,weak_skew,0.78125,-1.7897537010830302,-7.007453437572153,6,12
332,0.0,daily,alt,0.08478304339132174,-4.997089060571445,-3.9601950996972803,12,12
332,0.0,daily,sharp,0.47210557888422316,1.9524179389814205,-3.9601950996972803,12,12
332,0.0,daily,weak,0.369126174765047,2.2097565544133158,-3.9601950996972803,12,12
332,0.0,daily,weak_skew,0.500499900019996,4.6092868659447035,-3.9601950996972803,12,12
332,0.0,two_day,alt,0.43798828125,-4.698861560732062,-3.9601950996972803,12,12
332,0.0,two_day,sharp,0.99609375,-0.019822632502885778,-3.9601950996972803,12,12
332,0.0,two_day,weak,0.72802734375,2.2089408561123043,-3.9601950996972803,12,12
332,0.0,two_day,weak_skew,0.4580078125,-3.6996795020967173,-3.9601950996972803,12,12
332,0.0,four_day,alt,0.25,-4.1798266214061,-3.9601950996972803,6,12
332,0.0,four_day,sharp,0.8125,0.5125180554309701,-3.9601950996972803,6,12
332,0.0,four_day,weak,0.15625,-6.02450488249466,-3.9601950996972803,6,12
332,0.0,four_day,weak_skew,0.96875,0.19771363099429942,-3.9601950996972803,6,12
333,0.0,daily,alt,0.030393921215756847,-7.216862345101936,-8.583415700988347,12,12
333,0.0,daily,sharp,0.34413117376524693,2.0344936120718007,-8.583415700988347,12,12
333,0.0,daily,weak,0.6470705858828234,-1.2027278877439496,-8.583415700988347,12,12
333,0.0,daily,weak_skew,0.49510097980403917,-1.3274719137539777,-8.583415700988347,12,12
333,0.0,two_day,alt,0.005859375,-12.090108220304357,-8.583415700988347,12,12
333,0.0,two_day,sharp,0.30419921875,-3.3419214030172673,-8.583415700988347,12,12
333,0.0,two_day,weak,0.2412109375,-4.884485560886545,-8.583415700988347,12,12
333,0.0,two_day,weak_skew,0.81689453125,2.931955648908447,-8.583415700988347,12,12
333,0.0,four_day,alt,0.09375,-9.325248198703484,-8.583415700988347,6,12
333,0.0,four_day,sharp,0.96875,-0.01873250037342326,-8.583415700988347,6,12
333,0.0,four_day,weak,0.4375,4.1873482176981005,-8.583415700988347,6,12
333,0.0,four_day,weak_skew,0.40625,-4.016073611400816,-8.583415700988347,6,12
334,0.0,daily,alt,0.28894221155768846,-2.406056874645055,-3.8703472310952947,12,12
334,0.0,daily,sharp,0.8680263947210558,0.19957260684135036,-3.8703472310952947,12,12
334,0.0,daily,weak,0.384123175364927,2.2768797476132447,-3.8703472310952947,12,12
334,0.0,daily,weak_skew,0.42551489702059586,2.3065526573146773,-3.8703472310952947,12,12
334,0.0,two_day,alt,0.12939453125,-5.000443942510617,-3.8703472310952947,12,12
334,0.0,two_day,sharp,0.54345703125,1.6890844160241005,-3.8703472310952947,12,12
334,0.0,two_day,weak,0.7314453125,1.3890014600048417,-3.8703472310952947,12,12
334,0.0,two_day,weak_skew,0.85107421875,0.5530762348670759,-3.8703472310952947,12,12
334,0.0,four_day,alt,0.0625,-12.534535191879314,-3.8703472310952947,6,12
334,0.0,four_day,sharp,0.15625,-5.327180536651018,-3.8703472310952947,6,12
334,0.0,four_day,weak,0.09375,-5.897857352396474,-3.8703472310952947,6,12
334,0.0,four_day,weak_skew,0.125,-7.536714883190992,-3.8703472310952947,6,12
335,0.0,daily,alt,0.0001999600079984003,-14.296991430381075,-13.579458802882726,12,12
335,0.0,daily,sharp,0.4887022595480904,-1.6419934305251485,-13.579458802882726,12,12
335,0.0,daily,weak,0.44631073785242953,-2.5061940396867812,-13.579458802882726,12,12
335,0.0,daily,weak_skew,0.5706858628274345,2.3771445589572053,-13.579458802882726,12,12
335,0.0,two_day,alt,0.00244140625,-14.040244899984133,-13.579458802882726,12,12
335,0.0,two_day,sharp,0.859375,0.38288672107888466,-13.579458802882726,12,12
335,0.0,two_day,weak,0.36279296875,4.124859944232975,-13.579458802882726,12,12
335,0.0,two_day,weak_skew,0.89892578125,-0.49904473366627516,-13.579458802882726,12,12
335,0.0,four_day,alt,0.03125,-10.170758248633298,-13.579458802882726,6,12
335,0.0,four_day,sharp,0.125,2.740577677547222,-13.579458802882726,6,12
335,0.0,four_day,weak,0.15625,6.352085200607924,-13.579458802882726,6,12
335,0.0,four_day,weak_skew,0.15625,5.038132164141147,-13.579458802882726,6,12
336,0.0,daily,alt,0.005598880223955209,-7.945015645484115,-9.8937389565002,12,12
336,0.0,daily,sharp,0.6754649070185963,1.6095374393833601,-9.8937389565002,12,12
336,0.0,daily,weak,0.509498100379924,-1.710109332657143,-9.8937389565002,12,12
336,0.0,daily,weak_skew,0.6330733853229354,1.8125330862403697,-9.8937389565002,12,12
336,0.0,two_day,alt,0.00048828125,-13.423909217239958,-9.8937389565002,12,12
336,0.0,two_day,sharp,0.255859375,-2.991838569115161,-9.8937389565002,12,12
336,0.0,two_day,weak,0.40185546875,-2.5779673623492507,-9.8937389565002,12,12
336,0.0,two_day,weak_skew,0.21630859375,-3.8554366558313435,-9.8937389565002,12,12
336,0.0,four_day,alt,0.03125,-17.750410394440877,-9.8937389565002,6,12
336,0.0,four_day,sharp,0.0625,-7.213584737988711,-9.8937389565002,6,12
336,0.0,four_day,weak,0.5,-6.122855256283876,-9.8937389565002,6,12
336,0.0,four_day,weak_skew,0.375,-7.095908529165299,-9.8937389565002,6,12
337,0.0,daily,alt,0.4761047790441912,-3.562819248637251,-7.193836385047739,12,12
337,0.0,daily,sharp,0.8980203959208158,0.34413516132556704,-7.193836385047739,12,12
337,0.0,daily,weak,0.2571485702859428,3.7467666572227727,-7.193836385047739,12,12
337,0.0,daily,weak_skew,0.5600879824035193,1.6969196251937462,-7.193836385047739,12,12
337,0.0,two_day,alt,0.12890625,-5.845054001519363,-7.193836385047739,12,12
337,0.0,two_day,sharp,0.4990234375,2.3497550968007506,-7.193836385047739,12,12
337,0.0,two_day,weak,0.44580078125,3.149392831288406,-7.193836385047739,12,12
337,0.0,two_day,weak_skew,0.43994140625,1.9846011947296738,-7.193836385047739,12,12
337,0.0,four_day,alt,0.03125,-10.234925881433897,-7.193836385047739,6,12
337,0.0,four_day,sharp,0.34375,-2.2529260649642864,-7.193836385047739,6,12
337,0.0,four_day,weak,0.59375,1.7665580919942947,-7.193836385047739,6,12
337,0.0,four_day,weak_skew,0.6875,1.988379702518633,-7.193836385047739,6,12
338,0.0,daily,alt,0.0629874025194961,-6.6470544416699715,-6.782509139033664,12,12
338,0.0,daily,sharp,0.8330333933213357,0.8813081490657044,-6.782509139033664,12,12
338,0.0,daily,weak,0.4445110977804439,3.1997694413086903,-6.782509139033664,12,12
338,0.0,daily,weak_skew,0.7658468306338733,1.4709736486366776,-6.782509139033664,12,12
338,0.0,two_day,alt,0.41259765625,-4.863717785385833,-6.782509139033664,12,12
338,0.0,two_day,sharp,0.888671875,-0.6700428465786725,-6.782509139033664,12,12
338,0.0,two_day,weak,0.60791015625,2.9251369644434906,-6.782509139033664,12,12
338,0.0,two_day,weak_skew,0.66357421875,-2.0666825850832553,-6.782509139033664,12,12
338,0.0,four_day,alt,0.6875,-5.7942138931499345,-6.782509139033664,6,12
338,0.0,four_day,sharp,0.90625,0.4812211926002104,-6.782509139033664,6,12
338,0.0,four_day,weak,0.75,3.4392527302857587,-6.782509139033664,6,12
338,0.0,four_day,weak_skew,0.53125,6.285549385575021,-6.782509139033664,6,12
339,0.0,daily,alt,0.0005998800239952009,-10.608025240644848,-9.716055109808437,12,12
339,0.0,daily,sharp,0.11217756448710257,-1.6167526539043973,-9.716055109808437,12,12
339,0.0,daily,weak,0.637872425514897,0.8999774459872546,-9.716055109808437,12,12
339,0.0,daily,weak_skew,0.8754249150169966,-0.33799491764062256,-9.716055109808437,12,12
339,0.0,two_day,alt,0.013671875,-9.884558402817534,-9.716055109808437,12,12
339,0.0,two_day,sharp,0.73193359375,0.5846969027871864,-9.716055109808437,12,12
339,0.0,two_day,weak,0.279296875,-2.749997833213996,-9.716055109808437,12,12
339,0.0,two_day,weak_skew,0.65185546875,-0.7882840770082252,-9.716055109808437,12,12
339,0.0,four_day,alt,0.03125,-11.108081712018082,-9.716055109808437,6,12
339,0.0,four_day,sharp,0.6875,-0.9763757949548122,-9.716055109808437,6,12
339,0.0,four_day,weak,0.34375,-5.2437007138919824,-9.716055109808437,6,12
339,0.0,four_day,weak_skew,0.46875,-1.975803250422936,-9.716055109808437,6,12
340,0.0,daily,alt,0.0005998800239952009,-13.338620828414227,-11.11116327129227,12,12
340,0.0,daily,sharp,0.4991001799640072,-1.1645407996325357,-11.11116327129227,12,12
340,0.0,daily,weak,0.5964807038592281,-1.5135642534980065,-11.11116327129227,12,12
340,0.0,daily,weak_skew,0.8022395520895821,0.6081770711458336,-11.11116327129227,12,12
340,0.0,two_day,alt,0.373046875,-5.829540489117474,-11.11116327129227,12,12
340,0.0,two_day,sharp,0.34814453125,2.190762439828866,-11.11116327129227,12,12
340,0.0,two_day,weak,0.85107421875,0.7827135570764187,-11.11116327129227,12,12
340,0.0,two_day,weak_skew,0.34228515625,2.986070041346975,-11.11116327129227,12,12
340,0.0,four_day,alt,0.0625,-16.128656227564594,-11.11116327129227,6,12
340,0.0,four_day,sharp,0.28125,-4.6201540557795875,-11.11116327129227,6,12
340,0.0,four_day,weak,0.8125,-3.7399140672600537,-11.11116327129227,6,12
340,0.0,four_day,weak_skew,0.09375,-4.626251380971138,-11.11116327129227,6,12
341,0.0,daily,alt,0.004799040191961607,-8.747304530058546,-8.990287936041014,12,12
341,0.0,daily,sharp,0.6942611477704459,0.6833338155721803,-8.990287936041014,12,12
341,0.0,daily,weak,0.7238552289542092,-0.7380703949945767,-8.990287936041014,12,12
341,0.0,daily,weak_skew,0.42751449710057987,1.9948253318706015,-8.990287936041014,12,12
341,0.0,two_day,alt,0.42578125,-3.7852327068733485,-8.990287936041014,12,12
341,0.0,two_day,sharp,0.7509765625,0.9800321940356961,-8.990287936041014,12,12
341,0.0,two_day,weak,0.78076171875,0.8575916361858429,-8.990287936041014,12,12
341,0.0,two_day,weak_skew,0.1455078125,3.9596159103520168,-8.990287936041014,12,12
341,0.0,four_day,alt,0.125,-9.41309110767456,-8.990287936041014,6,12
341,0.0,four_day,sharp,0.78125,-0.5698068726201484,-8.990287936041014,6,12
341,0.0,four_day,weak,0.3125,4.330863264755504,-8.990287936041014,6,12
341,0.0,four_day,weak_skew,0.40625,-2.541939075900064,-8.990287936041014,6,12
342,0.0,daily,alt,0.15296940611877624,-4.259436642908873,-5.497689130432356,12,12
342,0.0,daily,sharp,0.7866426714657069,-1.0909641642704802,-5.497689130432356,12,12
342,0.0,daily,weak,0.994001199760048,-0.025824875866601243,-5.497689130432356,12,12
342,0.0,daily,weak_skew,0.9908018396320736,-0.040800785374293845,-5.497689130432356,12,12
342,0.0,two_day,alt,0.03759765625,-8.15913724504797,-5.497689130432356,12,12
342,0.0,two_day,sharp,0.458984375,-2.719920479491824,-5.497689130432356,12,12
342,0.0,two_day,weak,0.76806640625,-1.3064763808319526,-5.497689130432356,12,12
342,0.0,two_day,weak_skew,0.09716796875,-4.805474803796269,-5.497689130432356,12,12
342,0.0,four_day,alt,0.03125,-10.070323766685032,-5.497689130432356,6,12
342,0.0,four_day,sharp,0.03125,-2.8605059695320727,-5.497689130432356,6,12
342,0.0,four_day,weak,0.1875,-3.8614468259506842,-5.497689130432356,6,12
342,0.0,four_day,weak_skew,0.21875,-3.7993003797643596,-5.497689130432356,6,12
343,0.0,daily,alt,0.0013997200559888023,-12.326724830695298,-9.01241366492119,12,12
343,0.0,daily,sharp,0.6106778644271146,-1.8207262087890232,-9.01241366492119,12,12
343,0.0,daily,weak,0.6832633473305338,-1.6872526049981171,-9.01241366492119,12,12
343,0.0,daily,weak_skew,0.7568486302739452,-1.2462782884481012,-9.01241366492119,12,12
343,0.0,two_day,alt,0.0458984375,-9.918307155240143,-9.01241366492119,12,12
343,0.0,two_day,sharp,0.92333984375,0.4332656952904248,-9.01241366492119,12,12
343,0.0,two_day,weak,0.74560546875,1.3733588822486127,-9.01241366492119,12,12
343,0.0,two_day,weak_skew,0.86669921875,0.9075347644977635,-9.01241366492119,12,12
343,0.0,four_day,alt,0.625,-3.1372390479484316,-9.01241366492119,6,12
343,0.0,four_day,sharp,0.4375,3.7910352337530697,-9.01241366492119,6,12
343,0.0,four_day,weak,0.375,6.0639493704009695,-9.01241366492119,6,12
343,0.0,four_day,weak_skew,0.5,3.3078034337664,-9.01241366492119,6,12
344,0.0,daily,alt,0.0021995600879824036,-12.689189554289399,-8.967624860017217,12,12
344,0.0,daily,sharp,0.3057388522295541,-2.598125678499272,-8.967624860017217,12,12
344,0.0,daily,weak,0.23035392921415718,-4.6891819254420914,-8.967624860017217,12,12
344,0.0,daily,weak_skew,0.01739652069586083,-6.315922075659214,-8.967624860017217,12,12
344,0.0,two_day,alt,0.0322265625,-10.618172352684354,-8.967624860017217,12,12
344,0.0,two_day,sharp,0.85302734375,0.6458077855989591,-8.967624860017217,12,12
344,0.0,two_day,weak,0.388671875,-3.879692754395268,-8.967624860017217,12,12
344,0.0,two_day,weak_skew,0.5068359375,-2.1301972847786215,-8.967624860017217,12,12
344,0.0,four_day,alt,0.25,-8.36150126888917,-8.967624860017217,6,12
344,0.0,four_day,sharp,0.875,0.6674830922472227,-8.967624860017217,6,12
344,0.0,four_day,weak,0.40625,-5.530285993122995,-8.967624860017217,6,12
344,0.0,four_day,weak_skew,1.0,0.12418778940281783,-8.967624860017217,6,12
345,0.0,daily,alt,0.0001999600079984003,-16.2121307603844,-15.701535333882546,12,12
345,0.0,daily,sharp,0.5028994201159768,1.7899574633642785,-15.701535333882546,12,12
345,0.0,daily,weak,0.8372325534893021,0.6220380958600599,-15.701535333882546,12,12
345,0.0,daily,weak_skew,0.29454109178164367,3.4926913889802553,-15.701535333882546,12,12
345,0.0,two_day,alt,0.00048828125,-21.454004157930996,-15.701535333882546,12,12
345,0.0,two_day,sharp,0.11083984375,-4.739314839445412,-15.701535333882546,12,12
345,0.0,two_day,weak,0.08544921875,-8.217548070262522,-15.701535333882546,12,12
345,0.0,two_day,weak_skew,0.02685546875,-7.548839001653863,-15.701535333882546,12,12
345,0.0,four_day,alt,0.09375,-9.470903257317193,-15.701535333882546,6,12
345,0.0,four_day,sharp,0.25,4.602314104053502,-15.701535333882546,6,12
345,0.0,four_day,weak,0.59375,3.702862094883938,-15.701535333882546,6,12
345,0.0,four_day,weak_skew,0.8125,2.910085780763771,-15.701535333882546,6,12
346,0.0,daily,alt,0.013597280543891222,-6.064075299710768,-6.121984377504155,12,12
346,0.0,daily,sharp,0.74625074985003,0.5021701939722618,-6.121984377504155,12,12
346,0.0,daily,weak,0.9742051589682064,0.07862632917869838,-6.121984377504155,12,12
346,0.0,daily,weak_skew,0.6062787442511498,-0.9446484755142652,-6.121984377504155,12,12
346,0.0,two_day,alt,0.203125,-4.489489452467202,-6.121984377504155,12,12
346,0.0,two_day,sharp,0.60986328125,0.921652908685898,-6.121984377504155,12,12
346,0.0,two_day,weak,0.9306640625,0.17692526976564515,-6.121984377504155,12,12
346,0.0,two_day,weak_skew,0.609375,2.3110553463758947,-6.121984377504155,12,12
346,0.0,four_day,alt,0.0625,-7.998162161082287,-6.121984377504155,6,12
346,0.0,four_day,sharp,0.875,0.4494708481825616,-6.121984377504155,6,12
346,0.0,four_day,weak,0.40625,5.603178707555664,-6.121984377504155,6,12
346,0.0,four_day,weak_skew,0.90625,1.4876786244264035,-6.121984377504155,6,12
347,0.0,daily,alt,0.15836832633473305,-6.248930596088326,-8.854358342117287,12,12
347,0.0,daily,sharp,0.7036592681463707,0.680458992838636,-8.854358342117287,12,12
347,0.0,daily,weak,0.2959408118376325,-2.341889732074057,-8.854358342117287,12,12
347,0.0,daily,weak_skew,0.8498300339932013,-0.39885530999400665,-8.854358342117287,12,12
347,0.0,two_day,alt,0.81005859375,-1.231195501798691,-8.854358342117287,12,12
347,0.0,two_day,sharp,0.0732421875,5.380370925329032,-8.854358342117287,12,12
347,0.0,two_day,weak,0.19970703125,5.958211414076511,-8.854358342117287,12,12
347,0.0,two_day,weak_skew,0.2783203125,4.725881219303473,-8.854358342117287,12,12
347,0.0,four_day,alt,0.0625,-11.882600797579821,-8.854358342117287,6,12
347,0.0,four_day,sharp,0.28125,-1.7180174360722305,-8.854358342117287,6,12
347,0.0,four_day,weak,0.5,-2.2100985146509977,-8.854358342117287,6,12
347,0.0,four_day,weak_skew,0.75,1.3313922098422342,-8.854358342117287,6,12
348,0.0,daily,alt,0.0005998800239952009,-11.966552189003913,-8.224997436546246,12,12
348,0.0,daily,sharp,0.20615876824635074,-2.158016498254405,-8.224997436546246,12,12
348,0.0,daily,weak,0.06998600279944012,-3.5451470541602124,-8.224997436546246,12,12
348,0.0,daily,weak_skew,0.04559088182363527,-4.871347207109553,-8.224997436546246,12,12
348,0.0,two_day,alt,0.0048828125,-12.441714206469015,-8.224997436546246,12,12
348,0.0,two_day,sharp,0.49169921875,-1.711999297761335,-8.224997436546246,12,12
348,0.0,two_day,weak,0.15673828125,-6.209371687401574,-8.224997436546246,12,12
348,0.0,two_day,weak_skew,0.2421875,-3.506749390142932,-8.224997436546246,12,12
348,0.0,four_day,alt,0.5,-4.289553144695657,-8.224997436546246,6,12
348,0.0,four_day,sharp,0.78125,0.8816005836030291,-8.224997436546246,6,12
348,0.0,four_day,weak,1.0,-0.5251971931467097,-8.224997436546246,6,12
348,0.0,four_day,weak_skew,0.75,-1.759746952406682,-8.224997436546246,6,12
349,0.0,daily,alt,0.006998600279944011,-9.461292550288777,-10.19996427685058,12,12
349,0.0,daily,sharp,0.3137372525494901,2.4276969452423223,-10.19996427685058,12,12
349,0.0,daily,weak,0.17096580683863227,3.842913669048333,-10.19996427685058,12,12
349,0.0,daily,weak_skew,0.26194761047790444,2.4621076836058826,-10.19996427685058,12,12
349,0.0,two_day,alt,0.00048828125,-12.185212527568474,-10.19996427685058,12,12
349,0.0,two_day,sharp,0.89501953125,0.33331680026820426,-10.19996427685058,12,12
349,0.0,two_day,weak,0.4072265625,3.3157671726297493,-10.19996427685058,12,12
349,0.0,two_day,weak_skew,0.7763671875,-0.9529386168195076,-10.19996427685058,12,12
349,0.0,four_day,alt,0.03125,-12.488374046724276,-10.19996427685058,6,12
349,0.0,four_day,sharp,0.625,-1.184722294750897,-10.19996427685058,6,12
349,0.0,four_day,weak,1.0,0.0893056477827739,-10.19996427685058,6,12
349,0.0,four_day,weak_skew,0.375,-3.7145331992447423,-10.19996427685058,6,12
350,0.0,daily,alt,0.013197360527894421,-8.792024951398757,-9.095254074316443,12,12
350,0.0,daily,sharp,0.8610277944411118,0.3331717095833972,-9.095254074316443,12,12
350,0.0,daily,weak,0.46530693861227757,2.011611143052491,-9.095254074316443,12,12
350,0.0,daily,weak_skew,0.7116576684663067,-0.4126804240103888,-9.095254074316443,12,12
350,0.0,two_day,alt,0.01806640625,-7.818878760147875,-9.095254074316443,12,12
350,0.0,two_day,sharp,0.21240234375,2.974969404902533,-9.095254074316443,12,12
350,0.0,two_day,weak,0.59521484375,2.428643624063523,-9.095254074316443,12,12
350,0.0,two_day,weak_skew,0.8759765625,0.365371337576119,-9.095254074316443,12,12
350,0.0,four_day,alt,0.09375,-7.915358800908996,-9.095254074316443,6,12
350,0.0,four_day,sharp,0.59375,2.5841176406658732,-9.095254074316443,6,12
350,0.0,four_day,weak,0.59375,4.217028001143259,-9.095254074316443,6,12
350,0.0,four_day,weak_skew,0.875,1.0307620812969855,-9.095254074316443,6,12
351,0.0,daily,alt,0.0011997600479904018,-8.76469485246412,-9.112369673009717,12,12
351,0.0,daily,sharp,0.5808838232353529,0.7878839668523027,-9.112369673009717,12,12
351,0.0,daily,weak,0.9270145970805839,-0.20344459818384011,-9.112369673009717,12,12
351,0.0,daily,weak_skew,0.7270545890821836,-0.7899845353017488,-9.112369673009717,12,12
351,0.0,two_day,alt,0.34033203125,-2.476307559948238,-9.112369673009717,12,12
351,0.0,two_day,sharp,0.01953125,4.145070867842363,-9.112369673009717,12,12
351,0.0,two_day,weak,0.30078125,3.5089242113908274,-9.112369673009717,12,12
351,0.0,two_day,weak_skew,0.17529296875,3.813677718176202,-9.112369673009717,12,12
351,0.0,four_day,alt,0.03125,-9.083127836895837,-9.112369673009717,6,12
351,0.0,four_day,sharp,0.90625,0.34648356040536993,-9.112369673009717,6,12
351,0.0,four_day,weak,0.6875,-1.2118271080522451,-9.112369673009717,6,12
351,0.0,four_day,weak_skew,1.0,0.027251564815047164,-9.112369673009717,6,12
352,0.0,daily,alt,0.7534493101379725,-1.2791876148700467,-7.75881819767875,12,12
352,0.0,daily,sharp,0.3677264547090582,3.4629003294453113,-7.75881819767875,12,12
352,0.0,daily,weak,0.5242951409718056,2.5782110257102016,-7.75881819767875,12,12
352,0.0,daily,weak_skew,0.3887222555488902,3.4682061516504894,-7.75881819767875,12,12
352,0.0,two_day,alt,0.2119140625,-7.653399258430512,-7.75881819767875,12,12
352,0.0,two_day,sharp,0.40283203125,-4.230248264479146,-7.75881819767875,12,12
352,0.0,two_day,weak,0.5478515625,-3.4650584710189185,-7.75881819767875,12,12
352,0.0,two_day,weak_skew,0.7470703125,-1.910665372295048,-7.75881819767875,12,12
352,0.0,four_day,alt,0.1875,13.793878895718224,-7.75881819767875,6,12
352,0.0,four_day,sharp,0.0625,17.370697766291926,-7.75881819767875,6,12
352,0.0,four_day,weak,0.15625,16.835062316322283,-7.75881819767875,6,12
352,0.0,four_day,weak_skew,0.03125,16.367471541006662,-7.75881819767875,6,12
353,0.0,daily,alt,0.0009998000399920016,-10.07474948961893,-9.586016154542719,12,12
353,0.0,daily,sharp,0.936612677464507,0.15162910574226038,-9.586016154542719,12,12
353,0.0,daily,weak,0.3915216956608678,-2.5158117591524363,-9.586016154542719,12,12
353,0.0,daily,weak_skew,0.4389122175564887,-1.4880827011609419,-9.586016154542719,12,12
353,0.0,two_day,alt,0.00537109375,-8.371184954782048,-9.586016154542719,12,12
353,0.0,two_day,sharp,0.55908203125,-1.0585924188091738,-9.586016154542719,12,12
353,0.0,two_day,weak,0.22705078125,-3.3211489996355286,-9.586016154542719,12,12
353,0.0,two_day,weak_skew,0.20751953125,-3.888439771606811,-9.586016154542719,12,12
353,0.0,four_day,alt,0.0625,-10.849758482792376,-9.586016154542719,6,12
353,0.0,four_day,sharp,0.59375,-1.2926720103437432,-9.586016154542719,6,12
353,0.0,four_day,weak,0.34375,1.9946302732647017,-9.586016154542719,6,12
353,0.0,four_day,weak_skew,0.875,-0.6596414129632073,-9.586016154542719,6,12
354,0.0,daily,alt,0.008998200359928014,-8.888300273591325,-8.2604049201437,12,12
354,0.0,daily,sharp,0.2997400519896021,-1.2632968794812964,-8.2604049201437,12,12
354,0.0,daily,weak,0.6472705458908218,-0.939299496133487,-8.2604049201437,12,12
354,0.0,daily,weak_skew,0.49870025994801037,2.324962012009372,-8.2604049201437,12,12
354,0.0,two_day,alt,0.10009765625,-5.6051482060439275,-8.2604049201437,12,12
354,0.0,two_day,sharp,0.1259765625,3.044069036757169,-8.2604049201437,12,12
354,0.0,two_day,weak,0.0869140625,4.471956727425408,-8.2604049201437,12,12
354,0.0,two_day,weak_skew,0.240234375,3.0689363024213505,-8.2604049201437,12,12
354,0.0,four_day,alt,0.03125,-9.879515785165529,-8.2604049201437,6,12
354,0.0,four_day,sharp,0.875,-0.5809005462755152,-8.2604049201437,6,12
354,0.0,four_day,weak,1.0,0.30132493934723453,-8.2604049201437,6,12
354,0.0,four_day,weak_skew,0.375,-2.5748792888338556,-8.2604049201437,6,12
355,0.0,daily,alt,0.0001999600079984003,-11.200037034743211,-10.367499752886047,12,12
355,0.0,daily,sharp,0.3867226554689062,-1.1833661243011726,-10.367499752886047,12,12
355,0.0,daily,weak,0.06758648270345931,-4.783981919395299,-10.367499752886047,12,12
355,0.0,daily,weak_skew,0.3773245350929814,-2.161004416545884,-10.367499752886047,12,12
355,0.0,two_day,alt,0.00048828125,-11.905127618253095,-10.367499752886047,12,12
355,0.0,two_day,sharp,0.52734375,-0.6873124713830912,-10.367499752886047,12,12
355,0.0,two_day,weak,0.68701171875,-1.0478878778823446,-10.367499752886047,12,12
355,0.0,two_day,weak_skew,0.5390625,-2.134094127060712,-10.367499752886047,12,12
355,0.0,four_day,alt,0.03125,-11.879546102450277,-10.367499752886047,6,12
355,0.0,four_day,sharp,0.875,-0.20823742400476894,-10.367499752886047,6,12
355,0.0,four_day,weak,0.75,-1.168879240335252,-10.367499752886047,6,12
355,0.0,four_day,weak_skew,0.3125,5.499105735431326,-10.367499752886047,6,12
356,0.0,daily,alt,0.016196760647870425,-8.496707074829544,-9.93585951885833,12,12
356,0.0,daily,sharp,0.70625874825035,0.6707393076440825,-9.93585951885833,12,12
356,0.0,daily,weak,0.9054189162167566,-0.20022083755163558,-9.93585951885833,12,12
356,0.0,daily,weak_skew,0.884623075384923,-0.48523698368123647,-9.93585951885833,12,12
356,0.0,two_day,alt,0.2294921875,-5.149911374990109,-9.93585951885833,12,12
356,0.0,two_day,sharp,0.72998046875,0.7217334092811871,-9.93585951885833,12,12
356,0.0,two_day,weak,0.8046875,0.8880032453002288,-9.93585951885833,12,12
356,0.0,two_day,weak_skew,0.69921875,-0.8853793901785364,-9.93585951885833,12,12
356,0.0,four_day,alt,0.90625,-2.062918017965437,-9.93585951885833,6,12
356,0.0,four_day,sharp,0.40625,3.9600748713507614,-9.93585951885833,6,12
356,0.0,four_day,weak,0.28125,6.685943090234818,-9.93585951885833,6,12
356,0.0,four_day,weak_skew,0.59375,2.30255794365594,-9.93585951885833,6,12
357,0.0,daily,alt,0.002999400119976005,-7.900773713377134,-11.440114537292565,12,12
357,0.0,daily,sharp,0.3769246150769846,1.3939492952917274,-11.440114537292565,12,12
357,0.0,daily,weak,0.021595680863827234,6.77548406586171,-11.440114537292565,12,12
357,0.0,daily,weak_skew,0.5462907418516296,1.5885612702787981,-11.440114537292565,12,12
357,0.0,two_day,alt,0.0087890625,-9.938044741749145,-11.440114537292565,12,12
357,0.0,two_day,sharp,0.85107421875,0.42979653880690866,-11.440114537292565,12,12
357,0.0,two_day,weak,0.73095703125,0.8169034611598439,-11.440114537292565,12,12
357,0.0,two_day,weak_skew,0.35107421875,-1.9025517857999088,-11.440114537292565,12,12
357,0.0,four_day,alt,0.03125,-9.656593105043015,-11.440114537292565,6,12
357,0.0,four_day,sharp,0.59375,0.8898440271622619,-11.440114537292565,6,12
357,0.0,four_day,weak,0.09375,9.223695797293566,-11.440114537292565,6,12
357,0.0,four_day,weak_skew,0.1875,-3.2913122791741003,-11.440114537292565,6,12
358,0.0,daily,alt,0.08738252349530094,-4.748979903471928,-6.6523283788907435,12,12
358,0.0,daily,sharp,0.2683463307338532,1.809488682359251,-6.6523283788907435,12,12
358,0.0,daily,weak,0.645870825834833,1.081213035016613,-6.6523283788907435,12,12
358,0.0,daily,weak_skew,0.23015396920615877,2.9455863596953247,-6.6523283788907435,12,12
358,0.0,two_day,alt,0.1298828125,-6.69258047101733,-6.6523283788907435,12,12
358,0.0,two_day,sharp,0.43115234375,-1.697435717676834,-6.6523283788907435,12,12
358,0.0,two_day,weak,0.7646484375,-1.0330045879657412,-6.6523283788907435,12,12
358,0.0,two_day,weak_skew,0.4638671875,-2.8881571556827126,-6.6523283788907435,12,12
358,0.0,four_day,alt,0.40625,-4.089629840297692,-6.6523283788907435,6,12
358,0.0,four_day,sharp,1.0,0.14833143234715843,-6.6523283788907435,6,12
358,0.0,four_day,weak,0.78125,1.1600070845528663,-6.6523283788907435,6,12
358,0.0,four_day,weak_skew,0.15625,-3.0019180787693465,-6.6523283788907435,6,12
359,0.0,daily,alt,0.0597880423915217,-6.933527743413848,-10.081907739150907,12,12
359,0.0,daily,sharp,0.11357728454309138,4.111742562340873,-10.081907739150907,12,12
359,0.0,daily,weak,0.3137372525494901,2.870097046535123,-10.081907739150907,12,12
359,0.0,daily,weak_skew,0.38912217556488704,3.3089968172630972,-10.081907739150907,12,12
359,0.0,two_day,alt,0.01123046875,-12.841385070873116,-10.081907739150907,12,12
359,0.0,two_day,sharp,0.07080078125,-5.148951675206019,-10.081907739150907,12,12
359,0.0,two_day,weak,0.70703125,1.5065061250136143,-10.081907739150907,12,12
359,0.0,two_day,weak_skew,0.0146484375,-8.160657206871122,-10.081907739150907,12,12
359,0.0,four_day,alt,0.875,-1.0102665219157743,-10.081907739150907,6,12
359,0.0,four_day,sharp,0.3125,7.273854229115887,-10.081907739150907,6,12
359,0.0,four_day,weak,0.53125,4.346744474708296,-10.081907739150907,6,12
359,0.0,four_day,weak_skew,0.34375,6.884916096539572,-10.081907739150907,6,12
360,0.0,daily,alt,0.005598880223955209,-11.344449136923254,-9.212999549772896,12,12
360,0.0,daily,sharp,0.25154969006198763,-2.4360207684835355,-9.212999549772896,12,12
360,0.0,daily,weak,0.04819036192761448,-6.194464918246176,-9.212999549772896,12,12
360,0.0,daily,weak_skew,0.04979004199160168,-4.95191153533097,-9.212999549772896,12,12
360,0.0,two_day,alt,0.00244140625,-11.410653595962883,-9.212999549772896,12,12
360,0.0,two_day,sharp,0.77978515625,0.7763604757283685,-9.212999549772896,12,12
360,0.0,two_day,weak,0.82177734375,1.1951952367200576,-9.212999549772896,12,12
360,0.0,two_day,weak_skew,0.11181640625,-4.529321340512918,-9.212999549772896,12,12
360,0.0,four_day,alt,0.03125,-10.118773757760463,-9.212999549772896,6,12
360,0.0,four_day,sharp,0.3125,-2.1965552624174975,-9.212999549772896,6,12
360,0.0,four_day,weak,0.125,-7.6028081643766185,-9.212999549772896,6,12
360,0.0,four_day,weak_skew,0.9375,0.5114726391885812,-9.212999549772896,6,12
361,0.0,daily,alt,0.003799240151969606,-10.145572358330924,-11.663319646566912,12,12
361,0.0,daily,sharp,0.29994001199760045,1.7440219646199921,-11.663319646566912,12,12
361,0.0,daily,weak,0.8802239552089582,0.3930020198954593,-11.663319646566912,12,12
361,0.0,daily,weak_skew,0.7198560287942412,0.8656102270890743,-11.663319646566912,12,12
361,0.0,two_day,alt,0.1337890625,-7.333803094058685,-11.663319646566912,12,12
361,0.0,two_day,sharp,0.3359375,2.8963077882952533,-11.663319646566912,12,12
361,0.0,two_day,weak,0.1044921875,5.052329757666286,-11.663319646566912,12,12
361,0.0,two_day,weak_skew,0.421875,3.9023557367926682,-11.663319646566912,12,12
361,0.0,four_day,alt,0.03125,-22.4409623583277,-11.663319646566912,6,12
361,0.0,four_day,sharp,0.0625,-8.593764206893956,-11.663319646566912,6,12
361,0.0,four_day,weak,0.28125,-5.362263632493345,-11.663319646566912,6,12
361,0.0,four_day,weak_skew,0.0625,-9.165311568984599,-11.663319646566912,6,12
362,0.0,daily,alt,0.0003999200159968006,-13.051583875534954,-11.361651582832692,12,12
362,0.0,daily,sharp,0.4407118576284743,-1.3194424967616627,-11.361651582832692,12,12
362,0.0,daily,weak,0.20435912817436513,-3.278902289544121,-11.361651582832692,12,12
362,0.0,daily,weak_skew,0.9664067186562687,0.15034958604934445,-11.361651582832692,12,12
362,0.0,two_day,alt,0.0009765625,-13.666055641729821,-11.361651582832692,12,12
362,0.0,two_day,sharp,0.38427734375,-1.7597238363893482,-11.361651582832692,12,12
362,0.0,two_day,weak,0.1728515625,-4.210505042098621,-11.361651582832692,12,12
362,0.0,two_day,weak_skew,0.12841796875,-4.3156579967812885,-11.361651582832692,12,12
362,0.0,four_day,alt,0.03125,-13.460474440832954,-11.361651582832692,6,12
362,0.0,four_day,sharp,0.875,-0.5049425804700564,-11.361651582832692,6,12
362,0.0,four_day,weak,0.75,-1.907089559003347,-11.361651582832692,6,12
362,0.0,four_day,weak_skew,0.78125,-0.8320347481073126,-11.361651582832692,6,12
363,0.0,daily,alt,0.0005998800239952009,-10.135372338657236,-7.1699746597107605,12,12
363,0.0,daily,sharp,0.6176764647070586,-0.9090836506957066,-7.1699746597107605,12,12
363,0.0,daily,weak,0.5176964607078585,-1.9447808042945993,-7.1699746597107605,12,12
363,0.0,daily,weak_skew,0.22795440911817635,-3.2610294650388028,-7.1699746597107605,12,12
363,0.0,two_day,alt,0.1162109375,-4.874962031496823,-7.1699746597107605,12,12
363,0.0,two_day,sharp,0.99365234375,-0.019461366625725656,-7.1699746597107605,12,12
363,0.0,two_day,weak,0.6767578125,1.0977630072182738,-7.1699746597107605,12,12
363,0.0,two_day,weak_skew,0.28466796875,4.701326577767549,-7.1699746597107605,12,12
363,0.0,four_day,alt,0.03125,-11.945573657465198,-7.1699746597107605,6,12
363,0.0,four_day,sharp,0.0625,-4.938101341471694,-7.1699746597107605,6,12
363,0.0,four_day,weak,0.46875,-2.6870215784004543,-7.1699746597107605,6,12
363,0.0,four_day,weak_skew,0.46875,-3.1809704947492548,-7.1699746597107605,6,12
364,0.0,daily,alt,0.0005998800239952009,-13.44681127938413,-11.993299400244723,12,12
364,0.0,daily,sharp,0.9592081583683263,-0.13176532302844693,-11.993299400244723,12,12
364,0.0,daily,weak,0.499500099980004,1.6673371232070409,-11.993299400244723,12,12
364,0.0,daily,weak_skew,0.982003599280144,-0.06596115357518606,-11.993299400244723,12,12
364,0.0,two_day,alt,0.01220703125,-11.350467265131568,-11.993299400244723,12,12
364,0.0,two_day,sharp,0.88916015625,0.5360863139420567,-11.993299400244723,12,12
364,0.0,two_day,weak,0.34619140625,3.1021985426094876,-11.993299400244723,12,12
364,0.0,two_day,weak_skew,0.74658203125,-1.3506287876136234,-11.993299400244723,12,12
364,0.0,four_day,alt,0.125,-12.390286860592624,-11.993299400244723,6,12
364,0.0,four_day,sharp,0.96875,-1.5617021894640348,-11.993299400244723,6,12
364,0.0,four_day,weak,1.0,-0.07885304831201267,-11.993299400244723,6,12
364,0.0,four_day,weak_skew,0.5625,-2.8273313283806054,-11.993299400244723,6,12
365,0.0,daily,alt,0.013797240551889621,-8.260959393885601,-5.848167664716868,12,12
365,0.0,daily,sharp,0.46430713857228556,-2.746567031381542,-5.848167664716868,12,12
365,0.0,daily,weak,0.4323135372925415,-3.0389776203899785,-5.848167664716868,12,12
365,0.0,daily,weak_skew,0.40371925614877024,-3.6731884512592736,-5.848167664716868,12,12
365,0.0,two_day,alt,0.05810546875,-9.459767226657574,-5.848167664716868,12,12
365,0.0,two_day,sharp,0.21533203125,-4.819528145572373,-5.848167664716868,12,12
365,0.0,two_day,weak,0.31640625,-5.568186103388192,-5.848167664716868,12,12
365,0.0,two_day,weak_skew,0.2880859375,-4.632562289293285,-5.848167664716868,12,12
365,0.0,four_day,alt,0.09375,-6.781778552635925,-5.848167664716868,6,12
365,0.0,four_day,sharp,0.84375,0.4792210161120849,-5.848167664716868,6,12
365,0.0,four_day,weak,0.28125,-3.851259775184188,-5.848167664716868,6,12
365,0.0,four_day,weak_skew,0.4375,2.7005431331908363,-5.848167664716868,6,12
366,0.0,daily,alt,0.13797240551889622,-4.102174267845304,-4.987714401714896,12,12
366,0.0,daily,sharp,0.7200559888022395,1.57436598568028,-4.987714401714896,12,12
366,0.0,daily,weak,0.4407118576284743,3.789584166506074,-4.987714401714896,12,12
366,0.0,daily,weak_skew,0.5604879024195161,2.420446010370616,-4.987714401714896,12,12
366,0.0,two_day,alt,0.1474609375,-6.668916557888746,-4.987714401714896,12,12
366,0.0,two_day,sharp,0.21240234375,-2.4837243840256558,-4.987714401714896,12,12
366,0.0,two_day,weak,0.0419921875,-7.196869473346432,-4.987714401714896,12,12
366,0.0,two_day,weak_skew,0.0703125,-4.033087145552574,-4.987714401714896,12,12
366,0.0,four_day,alt,0.1875,-9.717964636117165,-4.987714401714896,6,12
366,0.0,four_day,sharp,0.46875,-2.390766627265306,-4.987714401714896,6,12
366,0.0,four_day,weak,0.1875,-5.037357820984447,-4.987714401714896,6,12
366,0.0,four_day,weak_skew,0.4375,-3.2804715802550013,-4.987714401714896,6,12
367,0.0,daily,alt,0.9296140771845631,0.34678725796642657,-3.4406148926280196,12,12
367,0.0,daily,sharp,0.08178364327134573,3.0189284817099704,-3.4406148926280196,12,12
367,0.0,daily,weak,0.041391721655668866,4.500779246599458,-3.4406148926280196,12,12
367,0.0,daily,weak_skew,0.40611877624475107,2.2306637750564096,-3.4406148926280196,12,12
367,0.0,two_day,alt,0.64697265625,-2.419199884984307,-3.4406148926280196,12,12
367,0.0,two_day,sharp,0.814453125,0.5224882621086824,-3.4406148926280196,12,12
367,0.0,two_day,weak,0.48388671875,-3.608233743227414,-3.4406148926280196,12,12
367,0.0,two_day,weak_skew,0.83935546875,0.6919430769071541,-3.4406148926280196,12,12
367,0.0,four_day,alt,0.875,1.1940486406838389,-3.4406148926280196,6,12
367,0.0,four_day,sharp,0.75,0.7264908513847766,-3.4406148926280196,6,12
367,0.0,four_day,weak,0.9375,-0.8590070855041295,-3.4406148926280196,6,12
367,0.0,four_day,weak_skew,0.46875,3.3349681496066843,-3.4406148926280196,6,12
368,0.0,daily,alt,0.0003999200159968006,-11.757508743902761,-9.467071456981685,12,12
368,0.0,daily,sharp,0.7054589082183563,-0.6669949902727966,-9.467071456981685,12,12
368,0.0,daily,weak,0.3799240151969606,-1.8494354878385206,-9.467071456981685,12,12
368,0.0,daily,weak_skew,0.6062787442511498,-1.3506972103408348,-9.467071456981685,12,12
368,0.0,two_day,alt,0.0009765625,-14.070266105890566,-9.467071456981685,12,12
368,0.0,two_day,sharp,0.076171875,-2.781771236409323,-9.467071456981685,12,12
368,0.0,two_day,weak,0.23583984375,-2.8789458366456824,-9.467071456981685,12,12
368,0.0,two_day,weak_skew,0.28125,-3.469133297627064,-9.467071456981685,12,12
368,0.0,four_day,alt,0.125,-4.794815608537046,-9.467071456981685,6,12
368,0.0,four_day,sharp,0.09375,3.7350830822733343,-9.467071456981685,6,12
368,0.0,four_day,weak,0.53125,1.9324593445636846,-9.467071456981685,6,12
368,0.0,four_day,weak_skew,0.5,6.612047650386497,-9.467071456981685,6,12
369,0.0,daily,alt,0.0001999600079984003,-20.351492651125657,-14.82008608959817,12,12
369,0.0,daily,sharp,0.1879624075184963,-2.2198235040555097,-14.82008608959817,12,12
369,0.0,daily,weak,0.752249550089982,-0.6215134136651498,-14.82008608959817,12,12
369,0.0,daily,weak_skew,0.7776444711057788,0.8645728283043113,-14.82008608959817,12,12
369,0.0,two_day,alt,0.13623046875,-7.434133969683274,-14.82008608959817,12,12
369,0.0,two_day,sharp,0.44091796875,1.5103077820932491,-14.82008608959817,12,12
369,0.0,two_day,weak,0.087890625,4.015872479786052,-14.82008608959817,12,12
369,0.0,two_day,weak_skew,0.55322265625,2.1648756003667486,-14.82008608959817,12,12
369,0.0,four_day,alt,0.03125,-13.520851891148068,-14.82008608959817,6,12
369,0.0,four_day,sharp,1.0,0.007420162154746872,-14.82008608959817,6,12
369,0.0,four_day,weak,0.46875,-2.655954554169888,-14.82008608959817,6,12
369,0.0,four_day,weak_skew,0.25,5.6522734479555155,-14.82008608959817,6,12
370,0.0,daily,alt,0.006798640271945611,-7.554791320733567,-7.503062039613241,12,12
370,0.0,daily,sharp,0.33473305338932213,2.037574083993654,-7.503062039613241,12,12
370,0.0,daily,weak,0.8240351929614077,-0.5891955918957041,-7.503062039613241,12,12
370,0.0,daily,weak_skew,0.3323335332933413,2.97445325062666,-7.503062039613241,12,12
370,0.0,two_day,alt,0.0576171875,-6.016979734651959,-7.503062039613241,12,12
370,0.0,two_day,sharp,0.19384765625,3.923211280996591,-7.503062039613241,12,12
370,0.0,two_day,weak,0.181640625,4.26157352044831,-7.503062039613241,12,12
370,0.0,two_day,weak_skew,0.3134765625,5.252857985272783,-7.503062039613241,12,12
370,0.0,four_day,alt,0.375,-5.6918051687736195,-7.503062039613241,6,12
370,0.0,four_day,sharp,0.96875,-0.07975180474076637,-7.503062039613241,6,12
370,0.0,four_day,weak,0.78125,1.3732489542732982,-7.503062039613241,6,12
370,0.0,four_day,weak_skew,0.875,2.4675571728620986,-7.503062039613241,6,12
371,0.0,daily,alt,0.009598080383923215,-9.705219156931864,-6.033625892086718,12,12
371,0.0,daily,sharp,0.08498300339932013,-3.9649302858813686,-6.033625892086718,12,12
371,0.0,daily,weak,0.04599080183963208,-5.364842566248654,-6.033625892086718,12,12
371,0.0,daily,weak_skew,0.356128774245151,-3.001896973125074,-6.033625892086718,12,12
371,0.0,two_day,alt,0.03173828125,-17.876801436241504,-6.033625892086718,12,12
371,0.0,two_day,sharp,0.51318359375,-6.883554928941074,-6.033625892086718,12,12
371,0.0,two_day,weak,0.779296875,-3.0042510622652263,-6.033625892086718,12,12
371,0.0,two_day,weak_skew,0.47265625,-7.1309548507377025,-6.033625892086718,12,12
371,0.0,four_day,alt,1.0,0.4999924896233037,-6.033625892086718,6,12
371,0.0,four_day,sharp,0.5,8.430451915383392,-6.033625892086718,6,12
371,0.0,four_day,weak,0.71875,6.49310682401061,-6.033625892086718,6,12
371,0.0,four_day,weak_skew,0.3125,15.672428879527294,-6.033625892086718,6,12
372,0.0,daily,alt,0.08178364327134573,-9.417432978530988,-7.464919107894573,12,12
372,0.0,daily,sharp,0.7028594281143771,-2.225055405676338,-7.464919107894573,12,12
372,0.0,daily,weak,0.713257348530294,-2.062230327298241,-7.464919107894573,12,12
372,0.0,daily,weak_skew,0.5500899820035993,-3.20461125743239,-7.464919107894573,12,12
372,0.0,two_day,alt,0.05810546875,-15.536995824137229,-7.464919107894573,12,12
372,0.0,two_day,sharp,0.4375,-7.0162786988533625,-7.464919107894573,12,12
372,0.0,two_day,weak,0.61767578125,-5.3983455136573975,-7.464919107894573,12,12
372,0.0,two_day,weak_skew,0.16162109375,-10.347672885084947,-7.464919107894573,12,12
372,0.0,four_day,alt,0.15625,-8.975296160992531,-7.464919107894573,6,12
372,0.0,four_day,sharp,0.875,-2.782054282815301,-7.464919107894573,6,12
372,0.0,four_day,weak,0.59375,-5.10293904383218,-7.464919107894573,6,12
372,0.0,four_day,weak_skew,0.59375,-5.538763217108156,-7.464919107894573,6,12
373,0.0,daily,alt,0.09178164367126575,-5.367584412429136,-8.54375593512956,12,12
373,0.0,daily,sharp,0.2903419316136773,1.9872534279945444,-8.54375593512956,12,12
373,0.0,daily,weak,0.6614677064587082,0.861065249294357,-8.54375593512956,12,12
373,0.0,daily,weak_skew,0.7936412717456509,-0.5418387977805583,-8.54375593512956,12,12
373,0.0,two_day,alt,0.0537109375,-6.913699110698329,-8.54375593512956,12,12
373,0.0,two_day,sharp,0.83984375,-0.4152509143302729,-8.54375593512956,12,12
373,0.0,two_day,weak,0.13720703125,4.864886810109167,-8.54375593512956,12,12
373,0.0,two_day,weak_skew,0.85107421875,1.0856024024187967,-8.54375593512956,12,12
373,0.0,four_day,alt,0.09375,-7.382044902097236,-8.54375593512956,6,12
373,0.0,four_day,sharp,0.96875,-0.1926037955256561,-8.54375593512956,6,12
373,0.0,four_day,weak,0.28125,-8.823013269237949,-8.54375593512956,6,12
373,0.0,four_day,weak_skew,1.0,0.35187406049329556,-8.54375593512956,6,12
374,0.0,daily,alt,0.0027994401119776045,-9.840275683460058,-10.751285589706974,12,12
374,0.0,daily,sharp,0.23475304939012198,2.096989587064433,-10.751285589706974,12,12
374,0.0,daily,weak,0.4253149370125975,-1.9885161889541791,-10.751285589706974,12,12
374,0.0,daily,weak_skew,0.3007398520295941,2.3571172861452854,-10.751285589706974,12,12
374,0.0,two_day,alt,0.00146484375,-10.74837011466291,-10.751285589706974,12,12
374,0.0,two_day,sharp,0.77734375,0.779313408508191,-10.751285589706974,12,12
374,0.0,two_day,weak,0.50439453125,-3.277860725543205,-10.751285589706974,12,12
374,0.0,two_day,weak_skew,0.68994140625,-1.2991533271732496,-10.751285589706974,12,12
374,0.0,four_day,alt,0.03125,-10.287734462750509,-10.751285589706974,6,12
374,0.0,four_day,sharp,0.59375,-1.007738005042312,-10.751285589706974,6,12
374,0.0,four_day,weak,0.75,1.741914659473237,-10.751285589706974,6,12
374,0.0,four_day,weak_skew,0.71875,-1.2155750814548512,-10.751285589706974,6,12
375,0.0,daily,alt,0.010197960407918417,-9.18166499651461,-8.010704990056887,12,12
375,0.0,daily,sharp,0.5570885822835433,-1.6712663068444005,-8.010704990056887,12,12
375,0.0,daily,weak,0.3607278544291142,-3.7514712490540187,-8.010704990056887,12,12
375,0.0,daily,weak_skew,0.43691261747650467,-2.866165559856445,-8.010704990056887,12,12
375,0.0,two_day,alt,0.00146484375,-11.46913812895967,-8.010704990056887,12,12
375,0.0,two_day,sharp,0.1572265625,-3.870954358277672,-8.010704990056887,12,12
375,0.0,two_day,weak,0.30810546875,-3.573736319821703,-8.010704990056887,12,12
375,0.0,two_day,weak_skew,0.01904296875,-6.877956372819493,-8.010704990056887,12,12
375,0.0,four_day,alt,0.0625,-12.148969305239861,-8.010704990056887,6,12
375,0.0,four_day,sharp,0.46875,-3.7689633552273896,-8.010704990056887,6,12
375,0.0,four_day,weak,0.59375,-3.3256534958121264,-8.010704990056887,6,12
375,0.0,four_day,weak_skew,0.96875,1.6770613313611034,-8.010704990056887,6,12
376,0.0,daily,alt,0.04899020195960808,-8.289694332055936,-7.328018679924725,12,12
376,0.0,daily,sharp,0.7344531093781244,0.5962267867392276,-7.328018679924725,12,12
376,0.0,daily,weak,0.790241951609678,0.9287538593373933,-7.328018679924725,12,12
376,0.0,daily,weak_skew,0.7762447510497901,-0.7387034460228529,-7.328018679924725,12,12
376,0.0,two_day,alt,0.927734375,0.6251908258170177,-7.328018679924725,12,12
376,0.0,two_day,sharp,0.3310546875,4.333380835602866,-7.328018679924725,12,12
376,0.0,two_day,weak,0.595703125,2.7937490463462553,-7.328018679924725,12,12
376,0.0,two_day,weak_skew,0.74267578125,1.920366899615478,-7.328018679924725,12,12
376,0.0,four_day,alt,0.125,-12.927355462748793,-7.328018679924725,6,12
376,0.0,four_day,sharp,0.59375,-2.1711325232608267,-7.328018679924725,6,12
376,0.0,four_day,weak,0.9375,-0.7706533652040548,-7.328018679924725,6,12
376,0.0,four_day,weak_skew,0.40625,-4.667654571236702,-7.328018679924725,6,12
377,0.0,daily,alt,0.0001999600079984003,-14.487306984289722,-11.287551684037602,12,12
377,0.0,daily,sharp,0.6046790641871626,-0.9203805967082666,-11.287551684037602,12,12
377,0.0,daily,weak,0.3017396520695861,-3.4607628809011506,-11.287551684037602,12,12
377,0.0,daily,weak_skew,0.1975604879024195,-3.418157235746104,-11.287551684037602,12,12
377,0.0,two_day,alt,0.00244140625,-12.938441549587244,-11.287551684037602,12,12
377,0.0,two_day,sharp,0.21630859375,-2.830099368939076,-11.287551684037602,12,12
377,0.0,two_day,weak,0.56494140625,1.513247731266662,-11.287551684037602,12,12
377,0.0,two_day,weak_skew,0.01611328125,-5.303499510661357,-11.287551684037602,12,12
377,0.0,four_day,alt,0.03125,-18.945893216847264,-11.287551684037602,6,12
377,0.0,four_day,sharp,0.3125,-5.153126512176098,-11.287551684037602,6,12
377,0.0,four_day,weak,0.6875,-4.204764397575141,-11.287551684037602,6,12
377,0.0,four_day,weak_skew,0.71875,-3.336180024621433,-11.287551684037602,6,12
378,0.0,daily,alt,0.010397920415916816,-6.718157016255692,-9.18792164179559,12,12
378,0.0,daily,sharp,0.34813037392521495,1.9446932801539933,-9.18792164179559,12,12
378,0.0,daily,weak,0.46170765846830636,1.7842004860972682,-9.18792164179559,12,12
378,0.0,daily,weak_skew,0.6470705858828234,-1.0792303529346217,-9.18792164179559,12,12
378,0.0,two_day,alt,0.0126953125,-14.754570269179034,-9.18792164179559,12,12
378,0.0,two_day,sharp,0.212890625,-4.7445280133286865,-9.18792164179559,12,12
378,0.0,two_day,weak,0.1015625,-5.977249034946124,-9.18792164179559,12,12
378,0.0,two_day,weak_skew,0.18798828125,-5.970213772909194,-9.18792164179559,12,12
378,0.0,four_day,alt,0.96875,0.2711751328923621,-9.18792164179559,6,12
378,0.0,four_day,sharp,0.0625,9.87365427431481,-9.18792164179559,6,12
378,0.0,four_day,weak,0.09375,12.965677702410327,-9.18792164179559,6,12
378,0.0,four_day,weak_skew,0.28125,5.5429899650891805,-9.18792164179559,6,12
379,0.0,daily,alt,0.047390521895620874,-7.865798460664471,-10.814122121545878,12,12
379,0.0,daily,sharp,0.5152969406118776,1.2867987038699464,-10.814122121545878,12,12
379,0.0,daily,weak,0.8880223955208958,-0.45335477371663774,-10.814122121545878,12,12
379,0.0,daily,weak_skew,0.647870425914817,0.8629994975783131,-10.814122121545878,12,12
379,0.0,two_day,alt,0.03857421875,-9.985287461821699,-10.814122121545878,12,12
379,0.0,two_day,sharp,0.77392578125,-0.6270635347628097,-10.814122121545878,12,12
379,0.0,two_day,weak,0.3056640625,2.967060898526153,-10.814122121545878,12,12
379,0.0,two_day,weak_skew,0.48583984375,-1.7527724826109423,-10.814122121545878,12,12
379,0.0,four_day,alt,0.46875,-4.949834181562493,-10.814122121545878,6,12
379,0.0,four_day,sharp,0.65625,1.454504306707502,-10.814122121545878,6,12
379,0.0,four_day,weak,0.125,9.120561341285683,-10.814122121545878,6,12
379,0.0,four_day,weak_skew,0.40625,-3.3241393730191966,-10.814122121545878,6,12
380,0.0,daily,alt,0.009798040391921616,-6.7597177903360555,-6.918579543031562,12,12
380,0.0,daily,sharp,0.9432113577284543,0.14874322359456826,-6.918579543031562,12,12
380,0.0,daily,weak,0.17876424715056988,3.125914733762388,-6.918579543031562,12,12
380,0.0,daily,weak_skew,0.7386522695460908,-0.6873624807180393,-6.918579543031562,12,12
380,0.0,two_day,alt,0.12451171875,-5.420050005156011,-6.918579543031562,12,12
380,0.0,two_day,sharp,0.4287109375,1.4631069589901078,-6.918579543031562,12,12
380,0.0,two_day,weak,0.96923828125,-0.13203882884413135,-6.918579543031562,12,12
380,0.0,two_day,weak_skew,0.5380859375,-1.5926821486712257,-6.918579543031562,12,12
380,0.0,four_day,alt,0.03125,-12.414793714050674,-6.918579543031562,6,12
380,0.0,four_day,sharp,0.15625,-3.874300318823426,-6.918579543031562,6,12
380,0.0,four_day,weak,0.34375,-4.380227427843173,-6.918579543031562,6,12
380,0.0,four_day,weak_skew,0.53125,3.7527934849806144,-6.918579543031562,6,12
381,0.0,daily,alt,0.0001999600079984003,-11.353530304014782,-7.653980749603974,12,12
381,0.0,daily,sharp,0.23955208958208357,-1.5966173263399839,-7.653980749603974,12,12
381,0.0,daily,weak,0.7168566286742651,-0.8781334845996772,-7.653980749603974,12,12
381,0.0,daily,weak_skew,0.7842431513697261,0.8797627090035866,-7.653980749603974,12,12
381,0.0,two_day,alt,0.20068359375,-3.9619079664707666,-7.653980749603974,12,12
381,0.0,two_day,sharp,0.46923828125,0.9644508902061594,-7.653980749603974,12,12
381,0.0,two_day,weak,0.59716796875,1.2673481667332431,-7.653980749603974,12,12
381,0.0,two_day,weak_skew,0.9736328125,-0.09953679278461595,-7.653980749603974,12,12
381,0.0,four_day,alt,0.1875,-6.4414478054403945,-7.653980749603974,6,12
381,0.0,four_day,sharp,1.0,-0.10286183765582398,-7.653980749603974,6,12
381,0.0,four_day,weak,1.0,0.014247671793590655,-7.653980749603974,6,12
381,0.0,four_day,weak_skew,0.46875,6.190820576092172,-7.653980749603974,6,12
382,0.0,daily,alt,0.001999600079984003,-13.845883444505644,-11.698107724232187,12,12
382,0.0,daily,sharp,0.5020995800839833,-2.4022303746194993,-11.698107724232187,12,12
382,0.0,daily,weak,0.20815836832633472,-3.8535369398650783,-11.698107724232187,12,12
382,0.0,daily,weak_skew,0.38912217556488704,-3.6306272035076064,-11.698107724232187,12,12
382,0.0,two_day,alt,0.00537109375,-11.751871546284889,-11.698107724232187,12,12
382,0.0,two_day,sharp,0.681640625,-1.3847000299972247,-11.698107724232187,12,12
382,0.0,two_day,weak,0.93603515625,0.31994614888337897,-11.698107724232187,12,12
382,0.0,two_day,weak_skew,0.548828125,-2.6658279006413212,-11.698107724232187,12,12
382,0.0,four_day,alt,0.125,-14.801407418942722,-11.698107724232187,6,12
382,0.0,four_day,sharp,0.71875,-2.8105298340728986,-11.698107724232187,6,12
382,0.0,four_day,weak,0.96875,-0.20565882204453936,-11.698107724232187,6,12
382,0.0,four_day,weak_skew,0.5625,7.875292897484627,-11.698107724232187,6,12
383,0.0,daily,alt,0.0001999600079984003,-12.331922358329178,-7.583121316211546,12,12
383,0.0,daily,sharp,0.40531893621275744,-1.5540449273636696,-7.583121316211546,12,12
383,0.0,daily,weak,0.10677864427114576,-3.7563527688924467,-7.583121316211546,12,12
383,0.0,daily,weak_skew,0.3789242151569686,-2.0341674228047655,-7.583121316211546,12,12
383,0.0,two_day,alt,0.00732421875,-11.177929934695277,-7.583121316211546,12,12
383,0.0,two_day,sharp,0.8212890625,-0.4146447519923502,-7.583121316211546,12,12
383,0.0,two_day,weak,0.66650390625,2.1414558633043748,-7.583121316211546,12,12
383,0.0,two_day,weak_skew,0.224609375,3.161554109281001,-7.583121316211546,12,12
383,0.0,four_day,alt,0.53125,-2.6907089608684616,-7.583121316211546,6,12
383,0.0,four_day,sharp,0.28125,2.0703866738762486,-7.583121316211546,6,12
383,0.0,four_day,weak,0.0625,5.685898065508149,-7.583121316211546,6,12
383,0.0,four_day,weak_skew,0.6875,-1.7239604983602135,-7.583121316211546,6,12
384,0.0,daily,alt,0.0001999600079984003,-14.359987549429311,-12.31671160180477,12,12
384,0.0,daily,sharp,0.2391521695660868,-2.387033122375376,-12.31671160180477,12,12
384,0.0,daily,weak,0.5642871425714857,-2.1835698813678874,-12.31671160180477,12,12
384,0.0,daily,weak_skew,0.22755448910217957,-3.1380524163194603,-12.31671160180477,12,12
384,0.0,two_day,alt,0.00146484375,-14.994286895613342,-12.31671160180477,12,12
384,0.0,two_day,sharp,0.75,-0.7705921914640067,-12.31671160180477,12,12
384,0.0,two_day,weak,0.708984375,-1.0534356101098237,-12.31671160180477,12,12
384,0.0,two_day,weak_skew,0.1630859375,-3.430819329902411,-12.31671160180477,12,12
384,0.0,four_day,alt,0.03125,-13.286481064465185,-12.31671160180477,6,12
384,0.0,four_day,sharp,0.75,-1.4219574679186202,-12.31671160180477,6,12
384,0.0,four_day,weak,0.71875,-2.1172090138357014,-12.31671160180477,6,12
384,0.0,four_day,weak_skew,0.96875,-0.298061302917052,-12.31671160180477,6,12
385,0.0,daily,alt,0.03659268146370726,-9.14290883683485,-9.151644859118626,12,12
385,0.0,daily,sharp,0.9326134773045391,-0.23157461725248454,-9.151644859118626,12,12
385,0.0,daily,weak,0.5086982603479304,-2.125621494128007,-9.151644859118626,12,12
385,0.0,daily,weak_skew,0.5650869826034793,-1.7915914708629856,-9.151644859118626,12,12
385,0.0,two_day,alt,0.1494140625,-9.103846909422964,-9.151644859118626,12,12
385,0.0,two_day,sharp,0.6943359375,-1.653494643954435,-9.151644859118626,12,12
385,0.0,two_day,weak,0.8349609375,-0.9243078154807977,-9.151644859118626,12,12
385,0.0,two_day,weak_skew,0.4541015625,-3.789843412055852,-9.151644859118626,12,12
385,0.0,four_day,alt,0.1875,-8.639940744861214,-9.151644859118626,6,12
385,0.0,four_day,sharp,0.875,1.3217389289038206,-9.151644859118626,6,12
385,0.0,four_day,weak,0.6875,2.86018179126879,-9.151644859118626,6,12
385,0.0,four_day,weak_skew,0.78125,1.7340428637547827,-9.151644859118626,6,12
386,0.0,daily,alt,0.012997400519896021,-10.585289748720328,-7.756598206544368,12,12
386,0.0,daily,sharp,0.4217156568686263,-3.4304845107658273,-7.756598206544368,12,12
386,0.0,daily,weak,0.5644871025794841,-2.9629994452646566,-7.756598206544368,12,12
386,0.0,daily,weak_skew,0.3163367326534693,-3.935593128625135,-7.756598206544368,12,12
386,0.0,two_day,alt,0.05126953125,-10.563560785028764,-7.756598206544368,12,12
386,0.0,two_day,sharp,0.7529296875,-2.760454682198844,-7.756598206544368,12,12
386,0.0,two_day,weak,0.84033203125,-1.9396490971773417,-7.756598206544368,12,12
386,0.0,two_day,weak_skew,0.7890625,2.711203375935591,-7.756598206544368,12,12
386,0.0,four_day,alt,0.25,-11.561956779977557,-7.756598206544368,6,12
386,0.0,four_day,sharp,0.71875,-3.5823582219943204,-7.756598206544368,6,12
386,0.0,four_day,weak,0.84375,-1.6401553063258258,-7.756598206544368,6,12
386,0.0,four_day,weak_skew,0.9375,-0.739448524012649,-7.756598206544368,6,12
387,0.0,daily,alt,0.0003999200159968006,-9.605732018566114,-11.040659172615605,12,12
387,0.0,daily,sharp,0.22595480903819237,1.997436069159626,-11.040659172615605,12,12
387,0.0,daily,weak,0.7154569086182764,1.1174909560642028,-11.040659172615605,12,12
387,0.0,daily,weak_skew,0.908618276344731,-0.18940495447355885,-11.040659172615605,12,12
387,0.0,two_day,alt,0.01611328125,-12.550657198098753,-11.040659172615605,12,12
387,0.0,two_day,sharp,0.71533203125,-1.3079278963309637,-11.040659172615605,12,12
387,0.0,two_day,weak,0.57568359375,-2.286300784789942,-11.040659172615605,12,12
387,0.0,two_day,weak_skew,0.94677734375,0.3267062695441035,-11.040659172615605,12,12
387,0.0,four_day,alt,0.03125,-13.823829880645023,-11.040659172615605,6,12
387,0.0,four_day,sharp,0.53125,-2.8683896695544355,-11.040659172615605,6,12
387,0.0,four_day,weak,0.53125,-5.01710365272163,-11.040659172615605,6,12
387,0.0,four_day,weak_skew,0.15625,-5.414810637739394,-11.040659172615605,6,12
388,0.0,daily,alt,0.02499500099980004,-8.371449972838002,-6.639804658848831,12,12
388,0.0,daily,sharp,0.9774045190961808,0.09562215037585513,-6.639804658848831,12,12
388,0.0,daily,weak,0.5916816636672666,-2.5237732471413152,-6.639804658848831,12,12
388,0.0,daily,weak_skew,0.23455308938212358,-4.039978257952048,-6.639804658848831,12,12
388,0.0,two_day,alt,0.17626953125,-5.676808824552848,-6.639804658848831,12,12
388,0.0,two_day,sharp,0.45556640625,2.1363200521553867,-6.639804658848831,12,12
388,0.0,two_day,weak,0.14501953125,3.8441253081704345,-6.639804658848831,12,12
388,0.0,two_day,weak_skew,0.99169921875,0.03414368757520355,-6.639804658848831,12,12
388,0.0,four_day,alt,0.15625,-7.633315649397333,-6.639804658848831,6,12
388,0.0,four_day,sharp,0.75,0.8022669872528354,-6.639804658848831,6,12
388,0.0,four_day,weak,0.8125,0.803849804491513,-6.639804658848831,6,12
388,0.0,four_day,weak_skew,0.375,6.580817925204191,-6.639804658848831,6,12
389,0.0,daily,alt,0.23975204959008198,-3.712505237791378,-5.196641116483406,12,12
389,0.0,daily,sharp,0.6000799840031994,1.4372474425856325,-5.196641116483406,12,12
389,0.0,daily,weak,0.8402319536092782,0.4939091011992562,-5.196641116483406,12,12
389,0.0,daily,weak_skew,0.7244551089782043,0.9753317719971465,-5.196641116483406,12,12
389,0.0,two_day,alt,0.4580078125,-4.778914902115121,-5.196641116483406,12,12
389,0.0,two_day,sharp,0.9140625,-0.46444527841551597,-5.196641116483406,12,12
389,0.0,two_day,weak,0.482421875,3.989614960870116,-5.196641116483406,12,12
389,0.0,two_day,weak_skew,0.76171875,1.4187493636934974,-5.196641116483406,12,12
389,0.0,four_day,alt,0.1875,5.478168440252255,-5.196641116483406,6,12
389,0.0,four_day,sharp,0.0625,7.183945645615567,-5.196641116483406,6,12
389,0.0,four_day,weak,0.03125,12.011320197162744,-5.196641116483406,6,12
389,0.0,four_day,weak_skew,0.3125,8.104308730157502,-5.196641116483406,6,12
390,0.0,daily,alt,0.0011997600479904018,-4.210817522558176,-6.450241417993645,12,12
390,0.0,daily,sharp,0.1967606478704259,1.5706946531262787,-6.450241417993645,12,12
390,0.0,daily,weak,0.4875024995001,-1.3620576687236092,-6.450241417993645,12,12
390,0.0,daily,weak_skew,0.9458108378324335,-0.13685111365566685,-6.450241417993645,12,12
390,0.0,two_day,alt,0.322265625,-2.971053923385355,-6.450241417993645,12,12
390,0.0,two_day,sharp,0.05859375,4.666633404445474,-6.450241417993645,12,12
390,0.0,two_day,weak,0.0302734375,8.55193578624741,-6.450241417993645,12,12
390,0.0,two_day,weak_skew,0.21875,4.001554180762181,-6.450241417993645,12,12
390,0.0,four_day,alt,0.21875,-7.953674625945848,-6.450241417993645,6,12
390,0.0,four_day,sharp,0.84375,-1.1430103691617575,-6.450241417993645,6,12
390,0.0,four_day,weak,1.0,-0.1530768142396776,-6.450241417993645,6,12
390,0.0,four_day,weak_skew,0.875,1.0341157164328305,-6.450241417993645,6,12
391,0.0,daily,alt,0.0001999600079984003,-14.761407080363364,-8.440265938418733,12,12
391,0.0,daily,sharp,0.07298540291941612,-5.8580420277139345,-8.440265938418733,12,12
391,0.0,daily,weak,0.03419316136772645,-9.933971660602404,-8.440265938418733,12,12
391,0.0,daily,weak_skew,0.057588482303539294,-7.324277122149877,-8.440265938418733,12,12
391,0.0,two_day,alt,0.01025390625,-9.236836801510963,-8.440265938418733,12,12
391,0.0,two_day,sharp,0.85791015625,-0.5560822864781478,-8.440265938418733,12,12
391,0.0,two_day,weak,0.3046875,-4.072515315085705,-8.440265938418733,12,12
391,0.0,two_day,weak_skew,0.4921875,-3.130653438858546,-8.440265938418733,12,12
391,0.0,four_day,alt,0.3125,-3.964477504996536,-8.440265938418733,6,12
391,0.0,four_day,sharp,0.46875,3.0378997676463526,-8.440265938418733,6,12
391,0.0,four_day,weak,0.90625,1.0798717143458691,-8.440265938418733,6,12
391,0.0,four_day,weak_skew,0.625,6.339490865176397,-8.440265938418733,6,12
392,0.0,daily,alt,0.0687862427514497,-8.172533656591447,-8.170668172453645,12,12
392,0.0,daily,sharp,0.9420115976804639,0.17469675807362486,-8.170668172453645,12,12
392,0.0,daily,weak,0.9954009198160368,-0.015358983124663439,-8.170668172453645,12,12
392,0.0,daily,weak_skew,0.6934613077384523,-0.8761832353574578,-8.170668172453645,12,12
392,0.0,two_day,alt,0.00439453125,-11.356142727117154,-8.170668172453645,12,12
392,0.0,two_day,sharp,0.45263671875,-1.698227324249693,-8.170668172453645,12,12
392,0.0,two_day,weak,0.59619140625,-1.7696485952912646,-8.170668172453645,12,12
392,0.0,two_day,weak_skew,0.91748046875,0.3444708758240053,-8.170668172453645,12,12
392,0.0,four_day,alt,0.125,-6.669011645746834,-8.170668172453645,6,12
392,0.0,four_day,sharp,0.34375,2.7876054221312736,-8.170668172453645,6,12
392,0.0,four_day,weak,0.53125,2.9338016107969374,-8.170668172453645,6,12
392,0.0,four_day,weak_skew,0.3125,5.2343670189421205,-8.170668172453645,6,12
393,0.0,daily,alt,0.0003999200159968006,-11.111576498106082,-11.101922141923886,12,12
393,0.0,daily,sharp,0.07898420315936813,3.560847184869338,-11.101922141923886,12,12
393,0.0,daily,weak,0.6962607478504299,0.9571741648099152,-11.101922141923886,12,12
393,0.0,daily,weak_skew,0.1261747650469906,3.61632097190647,-11.101922141923886,12,12
393,0.0,two_day,alt,0.00830078125,-14.067808659366143,-11.101922141923886,12,12
393,0.0,two_day,sharp,0.240234375,-2.809413638803789,-11.101922141923886,12,12
393,0.0,two_day,weak,0.14208984375,-5.690210841290477,-11.101922141923886,12,12
393,0.0,two_day,weak_skew,0.078125,-6.114942514808327,-11.101922141923886,12,12
393,0.0,four_day,alt,0.09375,-16.68948789203377,-11.101922141923886,6,12
393,0.0,four_day,sharp,0.46875,-4.714572813002732,-11.101922141923886,6,12
393,0.0,four_day,weak,0.5625,-6.4640582006241685,-11.101922141923886,6,12
393,0.0,four_day,weak_skew,0.28125,-5.139795241985138,-11.101922141923886,6,12
394,0.0,daily,alt,0.7990401919616077,-0.8599338897977358,-5.592010828356365,12,12
394,0.0,daily,sharp,0.16656668666266747,3.0388772425824992,-5.592010828356365,12,12
394,0.0,daily,weak,0.09958008398320337,4.209600645035287,-5.592010828356365,12,12
394,0.0,daily,weak_skew,0.8508298340331933,0.3534403611375995,-5.592010828356365,12,12
394,0.0,two_day,alt,0.7763671875,-1.1227667086766602,-5.592010828356365,12,12
394,0.0,two_day,sharp,0.1162109375,6.16909708241953,-5.592010828356365,12,12
394,0.0,two_day,weak,0.10009765625,8.465621430225587,-5.592010828356365,12,12
394,0.0,two_day,weak_skew,0.42431640625,3.1253975239501393,-5.592010828356365,12,12
394,0.0,four_day,alt,0.09375,-10.616993764601522,-5.592010828356365,6,12
394,0.0,four_day,sharp,0.5625,-2.9551033049679654,-5.592010828356365,6,12
394,0.0,four_day,weak,1.0,0.06487342218745577,-5.592010828356365,6,12
394,0.0,four_day,weak_skew,0.34375,-5.347010878642597,-5.592010828356365,6,12
395,0.0,daily,alt,0.07178564287142572,-6.233310441934293,-9.09245419994258,12,12
395,0.0,daily,sharp,0.9834033193361328,-0.022631692766130012,-9.09245419994258,12,12
395,0.0,daily,weak,0.501499700059988,-1.7231865347585067,-9.09245419994258,12,12
395,0.0,daily,weak_skew,0.9570085982803439,-0.13251460092751208,-9.09245419994258,12,12
395,0.0,two_day,alt,0.91748046875,-0.7024775062775213,-9.09245419994258,12,12
395,0.0,two_day,sharp,0.126953125,3.0313259423804233,-9.09245419994258,12,12
395,0.0,two_day,weak,0.1552734375,4.620061202828497,-9.09245419994258,12,12
395,0.0,two_day,weak_skew,0.109375,4.117305792664454,-9.09245419994258,12,12
395,0.0,four_day,alt,0.09375,-12.063891624613555,-9.09245419994258,6,12
395,0.0,four_day,sharp,0.03125,-5.933376327028348,-9.09245419994258,6,12
395,0.0,four_day,weak,0.21875,-7.9130437191187895,-9.09245419994258,6,12
395,0.0,four_day,weak_skew,0.09375,-6.711216985191115,-9.09245419994258,6,12
396,0.0,daily,alt,0.0001999600079984003,-14.016667269429377,-10.376890803830484,12,12
396,0.0,daily,sharp,0.16136772645470907,-3.046673865742587,-10.376890803830484,12,12
396,0.0,daily,weak,0.1315736852629474,-4.20978896549802,-10.376890803830484,12,12
396,0.0,daily,weak_skew,0.03079384123175365,-4.375564811239825,-10.376890803830484,12,12
396,0.0,two_day,alt,0.00244140625,-12.428723581620142,-10.376890803830484,12,12
396,0.0,two_day,sharp,0.55078125,-1.3594577802701746,-10.376890803830484,12,12
396,0.0,two_day,weak,0.99658203125,-0.017224214202927968,-10.376890803830484,12,12
396,0.0,two_day,weak_skew,0.94921875,-0.3007566369035087,-10.376890803830484,12,12
396,0.0,four_day,alt,0.40625,-5.060745348643547,-10.376890803830484,6,12
396,0.0,four_day,sharp,0.1875,5.611851373081204,-10.376890803830484,6,12
396,0.0,four_day,weak,0.375,5.694594688925882,-10.376890803830484,6,12
396,0.0,four_day,weak_skew,0.25,6.655469454953294,-10.376890803830484,6,12
397,0.0,daily,alt,0.06938612277544491,-4.530587570614459,-6.696899861059862,12,12
397,0.0,daily,sharp,0.6076784643071386,1.0359503699609132,-6.696899861059862,12,12
397,0.0,daily,weak,0.6470705858828234,1.4384541667330566,-6.696899861059862,12,12
397,0.0,daily,weak_skew,0.4297140571885623,1.8274354946208622,-6.696899861059862,12,12
397,0.0,two_day,alt,0.1865234375,-4.579358967197425,-6.696899861059862,12,12
397,0.0,two_day,sharp,0.3203125,3.223231268266541,-6.696899861059862,12,12
397,0.0,two_day,weak,0.716796875,-1.6077233160389035,-6.696899861059862,12,12
397,0.0,two_day,weak_skew,0.7939453125,1.1480182130928422,-6.696899861059862,12,12
397,0.0,four_day,alt,0.15625,-7.6440755393892905,-6.696899861059862,6,12
397,0.0,four_day,sharp,0.96875,-0.21732423028627915,-6.696899861059862,6,12
397,0.0,four_day,weak,0.34375,-4.760446342165374,-6.696899861059862,6,12
397,0.0,four_day,weak_skew,0.75,-2.0325039094567017,-6.696899861059862,6,12
398,0.0,daily,alt,0.014397120575884824,-7.965126261956772,-8.695352208843943,12,12
398,0.0,daily,sharp,0.4233153369326135,0.9574694988907346,-8.695352208843943,12,12
398,0.0,daily,weak,0.9348130373925215,0.2329787981641195,-8.695352208843943,12,12
398,0.0,daily,weak_skew,0.8436312737452509,0.5443379653970754,-8.695352208843943,12,12
398,0.0,two_day,alt,0.001953125,-13.403367543817744,-8.695352208843943,12,12
398,0.0,two_day,sharp,0.1845703125,-3.057216167386023,-8.695352208843943,12,12
398,0.0,two_day,weak,0.0791015625,-6.197872351862835,-8.695352208843943,12,12
398,0.0,two_day,weak_skew,0.58642578125,-1.9901364986944614,-8.695352208843943,12,12
398,0.0,four_day,alt,0.09375,-11.234973480646062,-8.695352208843943,6,12
398,0.0,four_day,sharp,0.96875,0.33603227374703576,-8.695352208843943,6,12
398,0.0,four_day,weak,0.90625,0.8478357411411537,-8.695352208843943,6,12
398,0.0,four_day,weak_skew,0.34375,4.542258802763674,-8.695352208843943,6,12
399,0.0,daily,alt,0.2011597680463907,-6.173258610300387,-8.896740288732254,12,12
399,0.0,daily,sharp,0.9994001199760048,0.000845309525812965,-8.896740288732254,12,12
399,0.0,daily,weak,0.8510297940411917,-0.3130497745674881,-8.896740288732254,12,12
399,0.0,daily,weak_skew,0.7004599080183963,1.5273625068083387,-8.896740288732254,12,12
399,0.0,two_day,alt,0.00146484375,-11.565933669678328,-8.896740288732254,12,12
399,0.0,two_day,sharp,0.54833984375,-0.77397979976987,-8.896740288732254,12,12
399,0.0,two_day,weak,0.4873046875,-1.9249289464544816,-8.896740288732254,12,12
399,0.0,two_day,weak_skew,0.35205078125,-2.2966729961889922,-8.896740288732254,12,12
399,0.0,four_day,alt,0.0625,-10.69486119847606,-8.896740288732254,6,12
399,0.0,four_day,sharp,0.90625,0.24587976787143143,-8.896740288732254,6,12
399,0.0,four_day,weak,0.28125,2.557686691690401,-8.896740288732254,6,12
399,0.0,four_day,weak_skew,0.5625,4.484403096739858,-8.896740288732254,6,12
400,0.0,daily,alt,0.027994401119776045,-10.052890533339891,-10.083724523828693,12,12
400,0.0,daily,sharp,0.3131373725254949,-3.1049593963575064,-10.083724523828693,12,12
400,0.0,daily,weak,0.07518496300739852,-6.027486420165263,-10.083724523828693,12,12
400,0.0,daily,weak_skew,0.2741451709658068,-3.5067404284856996,-10.083724523828693,12,12
400,0.0,two_day,alt,0.0615234375,-8.144211436283149,-10.083724523828693,12,12
400,0.0,two_day,sharp,0.28466796875,3.1560488029229448,-10.083724523828693,12,12
400,0.0,two_day,weak,0.78173828125,1.0490108233944575,-10.083724523828693,12,12
400,0.0,two_day,weak_skew,0.3916015625,4.407485908494748,-10.083724523828693,12,12
400,0.0,four_day,alt,0.25,-7.026932969946992,-10.083724523828693,6,12
400,0.0,four_day,sharp,0.53125,2.8814236179022075,-10.083724523828693,6,12
400,0.0,four_day,weak,0.6875,1.5612916657386602,-10.083724523828693,6,12
400,0.0,four_day,weak_skew,0.78125,1.2148782944980094,-10.083724523828693,6,12
401,0.0,daily,alt,0.004199160167966407,-12.699405857436313,-11.188619706622141,12,12
401,0.0,daily,sharp,0.6572685462907418,-1.8123937144474354,-11.188619706622141,12,12
401,0.0,daily,weak,0.9870025994801039,0.07312854405987206,-11.188619706622141,12,12
401,0.0,daily,weak_skew,0.744251149770046,-0.9289646795697403,-11.188619706622141,12,12
401,0.0,two_day,alt,0.00244140625,-12.091572443534856,-11.188619706622141,12,12
401,0.0,two_day,sharp,0.7333984375,-0.9431857091837704,-11.188619706622141,12,12
401,0.0,two_day,weak,0.73583984375,1.9045978936800723,-11.188619706622141,12,12
401,0.0,two_day,weak_skew,0.21044921875,-4.28361311764988,-11.188619706622141,12,12
401,0.0,four_day,alt,0.03125,-14.370265082503318,-11.188619706622141,6,12
401,0.0,four_day,sharp,0.15625,-2.163486389164498,-11.188619706622141,6,12
401,0.0,four_day,weak,0.5,3.22625542201216,-11.188619706622141,6,12
401,0.0,four_day,weak_skew,1.0,-0.057147357986133095,-11.188619706622141,6,12
402,0.0,daily,alt,0.0007998400319936012,-8.208429815942202,-7.920953777046613,12,12
402,0.0,daily,sharp,0.4559088182363527,-0.7483027442175766,-7.920953777046613,12,12
402,0.0,daily,weak,0.8324335132973405,0.33051098316817,-7.920953777046613,12,12
402,0.0,daily,weak_skew,0.525494901019796,-1.0915931194459052,-7.920953777046613,12,12
402,0.0,two_day,alt,0.0029296875,-10.649674089368105,-7.920953777046613,12,12
402,0.0,two_day,sharp,0.2412109375,-1.5934481802636078,-7.920953777046613,12,12
402,0.0,two_day,weak,0.64501953125,-1.5363752231753107,-7.920953777046613,12,12
402,0.0,two_day,weak_skew,0.08740234375,-4.194949475620502,-7.920953777046613,12,12
402,0.0,four_day,alt,0.15625,-4.173340534800264,-7.920953777046613,6,12
402,0.0,four_day,sharp,0.15625,3.2428686353238967,-7.920953777046613,6,12
402,0.0,four_day,weak,0.4375,1.9861840072116006,-7.920953777046613,6,12
402,0.0,four_day,weak_skew,0.25,8.798470274240838,-7.920953777046613,6,12
403,0.0,daily,alt,0.04979004199160168,-4.7694622336239565,-7.187773837398581,12,12
403,0.0,daily,sharp,0.34833033393321333,2.3905351903367915,-7.187773837398581,12,12
403,0.0,daily,weak,0.46330733853229356,3.0060898047071807,-7.187773837398581,12,12
403,0.0,daily,weak_skew,0.15016996600679863,4.3714764878665475,-7.187773837398581,12,12
403,0.0,two_day,alt,0.15771484375,-6.995284383210979,-7.187773837398581,12,12
403,0.0,two_day,sharp,0.5732421875,-3.0974702049974927,-7.187773837398581,12,12
403,0.0,two_day,weak,0.6904296875,-1.965165886875876,-7.187773837398581,12,12
403,0.0,two_day,weak_skew,0.60791015625,-3.1437408237586304,-7.187773837398581,12,12
403,0.0,four_day,alt,0.25,-5.888820523305541,-7.187773837398581,6,12
403,0.0,four_day,sharp,0.28125,5.94041212186607,-7.187773837398581,6,12
403,0.0,four_day,weak,0.90625,0.3679034984169256,-7.187773837398581,6,12
403,0.0,four_day,weak_skew,0.84375,1.2505662922445104,-7.187773837398581,6,12
404,0.0,daily,alt,0.5096980603879224,-2.1154971858868437,-7.298011765751298,12,12
404,0.0,daily,sharp,0.33993201359728054,1.1510767093842074,-7.298011765751298,12,12
404,0.0,daily,weak,0.11337732453509299,4.235737115643095,-7.298011765751298,12,12
404,0.0,daily,weak_skew,0.7668466306738653,-0.43010781287932076,-7.298011765751298,12,12
404,0.0,two_day,alt,0.00048828125,-18.669073954907528,-7.298011765751298,12,12
404,0.0,two_day,sharp,0.00390625,-6.965206419332976,-7.298011765751298,12,12
404,0.0,two_day,weak,0.1298828125,-4.604057069988213,-7.298011765751298,12,12
404,0.0,two_day,weak_skew,0.06201171875,-7.39910992941104,-7.298011765751298,12,12
404,0.0,four_day,alt,0.25,-10.755667096399767,-7.298011765751298,6,12
404,0.0,four_day,sharp,0.6875,-2.9072043751428644,-7.298011765751298,6,12
404,0.0,four_day,weak,0.5,-5.85080419523909,-7.298011765751298,6,12
404,0.0,four_day,weak_skew,0.71875,1.6752100465334887,-7.298011765751298,6,12
405,0.0,daily,alt,0.0003999200159968006,-11.32813081659628,-10.42511503133165,12,12
405,0.0,daily,sharp,0.5096980603879224,-1.0404084157068574,-10.42511503133165,12,12
405,0.0,daily,weak,0.5082983403319337,-2.1755627353950207,-10.42511503133165,12,12
405,0.0,daily,weak_skew,0.6894621075784843,0.6842503841179362,-10.42511503133165,12,12
405,0.0,two_day,alt,0.0009765625,-10.206285947730704,-10.42511503133165,12,12
405,0.0,two_day,sharp,0.93994140625,0.10552507618173775,-10.42511503133165,12,12
405,0.0,two_day,weak,0.009765625,-7.447641804592048,-10.42511503133165,12,12
405,0.0,two_day,weak_skew,0.5361328125,-1.9793507079698227,-10.42511503133165,12,12
405,0.0,four_day,alt,0.03125,-15.484098976784978,-10.42511503133165,6,12
405,0.0,four_day,sharp,0.3125,-2.420186751297005,-10.42511503133165,6,12
405,0.0,four_day,weak,0.65625,-2.5176815814133455,-10.42511503133165,6,12
405,0.0,four_day,weak_skew,0.0625,-6.925380020067142,-10.42511503133165,6,12
406,0.0,daily,alt,0.0061987602479504095,-5.69212834979313,-7.388866640815898,12,12
406,0.0,daily,sharp,0.5522895420915817,0.989331314189025,-7.388866640815898,12,12
406,0.0,daily,weak,0.21775644871025795,1.710122858250104,-7.388866640815898,12,12
406,0.0,daily,weak_skew,0.5674865026994601,2.320395928151419,-7.388866640815898,12,12
406,0.0,two_day,alt,0.0400390625,-7.697279569412764,-7.388866640815898,12,12
406,0.0,two_day,sharp,0.8271484375,-0.6753147233647526,-7.388866640815898,12,12
406,0.0,two_day,weak,0.90966796875,0.5519453427802627,-7.388866640815898,12,12
406,0.0,two_day,weak_skew,0.19482421875,6.196549445944089,-7.388866640815898,12,12
406,0.0,four_day,alt,0.1875,-6.657943997052446,-7.388866640815898,6,12
406,0.0,four_day,sharp,0.875,-0.7245787768496671,-7.388866640815898,6,12
406,0.0,four_day,weak,0.34375,4.250557809422102,-7.388866640815898,6,12
406,0.0,four_day,weak_skew,0.25,9.62638304245905,-7.388866640815898,6,12
407,0.0,daily,alt,0.7856428714257149,-1.4576838063726683,-5.504541750773512,12,12
407,0.0,daily,sharp,0.2411517696460708,3.1522362615478534,-5.504541750773512,12,12
407,0.0,daily,weak,0.026194761047790442,5.547852645538691,-5.504541750773512,12,12
407,0.0,daily,weak_skew,0.18316336732653468,3.1951041338130572,-5.504541750773512,12,12
407,0.0,two_day,alt,0.98974609375,-0.14051261494411924,-5.504541750773512,12,12
407,0.0,two_day,sharp,0.69287109375,-1.8946163490066545,-5.504541750773512,12,12
407,0.0,two_day,weak,0.4306640625,-4.4081583913991045,-5.504541750773512,12,12
407,0.0,two_day,weak_skew,0.3203125,-5.049846375750544,-5.504541750773512,12,12
407,0.0,four_day,alt,0.8125,-1.7363972703295214,-5.504541750773512,6,12
407,0.0,four_day,sharp,0.71875,1.5259204958732369,-5.504541750773512,6,12
407,0.0,four_day,weak,0.875,0.8989937983476833,-5.504541750773512,6,12
407,0.0,four_day,weak_skew,0.34375,-4.522766095633234,-5.504541750773512,6,12
408,0.0,daily,alt,0.008998200359928014,-7.231434989063421,-10.817511198438893,12,12
408,0.0,daily,sharp,0.09998000399920016,3.5245682563770946,-10.817511198438893,12,12
408,0.0,daily,weak,0.03099380123975205,6.690936682982238,-10.817511198438893,12,12
408,0.0,daily,weak_skew,0.01259748050389922,4.949421551039187,-10.817511198438893,12,12
408,0.0,two_day,alt,0.0048828125,-11.834690305450684,-10.817511198438893,12,12
408,0.0,two_day,sharp,0.873046875,-0.5028781599263746,-10.817511198438893,12,12
408,0.0,two_day,weak,0.70654296875,-1.0869751182925942,-10.817511198438893,12,12
408,0.0,two_day,weak_skew,0.384765625,-3.5487114147494516,-10.817511198438893,12,12
408,0.0,four_day,alt,0.34375,-5.578401642423354,-10.817511198438893,6,12
408,0.0,four_day,sharp,0.4375,3.9067515521579743,-10.817511198438893,6,12
408,0.0,four_day,weak,0.8125,1.6655284946298217,-10.817511198438893,6,12
408,0.0,four_day,weak_skew,0.28125,5.253246998683867,-10.817511198438893,6,12
409,0.0,daily,alt,0.0003999200159968006,-13.550728249364147,-10.962145238035653,12,12
409,0.0,daily,sharp,0.1845630873825235,-2.751231796069122,-10.962145238035653,12,12
409,0.0,daily,weak,0.9688062387522496,-0.1430721644165486,-10.962145238035653,12,12
409,0.0,daily,weak_skew,0.11417716456708658,-3.9518154579745572,-10.962145238035653,12,12
409,0.0,two_day,alt,0.0009765625,-16.53312592692716,-10.962145238035653,12,12
409,0.0,two_day,sharp,0.21044921875,-2.86285921180145,-10.962145238035653,12,12
409,0.0,two_day,weak,0.41552734375,2.7941969640786315,-10.962145238035653,12,12
409,0.0,two_day,weak_skew,0.01708984375,-6.805672460131004,-10.962145238035653,12,12
409,0.0,four_day,alt,0.0625,-8.009853468582278,-10.962145238035653,6,12
409,0.0,four_day,sharp,0.4375,2.515953669605608,-10.962145238035653,6,12
409,0.0,four_day,weak,0.53125,-2.7529570805778065,-10.962145238035653,6,12
409,0.0,four_day,weak_skew,0.40625,3.5825548811780337,-10.962145238035653,6,12
410,0.0,daily,alt,0.23135372925414918,-4.832275828813301,-2.9924796696718516,12,12
410,0.0,daily,sharp,0.948010397920416,0.19886128922464627,-2.9924796696718516,12,12
410,0.0,daily,weak,0.3339332133573285,-2.585906903309042,-2.9924796696718516,12,12
410,0.0,daily,weak_skew,0.9580083983203359,-0.1776767199146422,-2.9924796696718516,12,12
410,0.0,two_day,alt,0.84375,1.3602630536835107,-2.9924796696718516,12,12
410,0.0,two_day,sharp,0.33154296875,2.2057069156092837,-2.9924796696718516,12,12
410,0.0,two_day,weak,0.79638671875,0.6875775638660002,-2.9924796696718516,12,12
410,0.0,two_day,weak_skew,0.41259765625,2.974935114852814,-2.9924796696718516,12,12
410,0.0,four_day,alt,0.15625,-11.722083443282143,-2.9924796696718516,6,12
410,0.0,four_day,sharp,0.15625,-6.701388681795263,-2.9924796696718516,6,12
410,0.0,four_day,weak,0.375,-3.8157445172355935,-2.9924796696718516,6,12
410,0.0,four_day,weak_skew,0.21875,-8.599581228150074,-2.9924796696718516,6,12
411,0.0,daily,alt,0.0011997600479904018,-12.361377790003194,-8.381901059731042,12,12
411,0.0,daily,sharp,0.03199360127974405,-4.443014546949689,-8.381901059731042,12,12
411,0.0,daily,weak,0.29994001199760045,-3.0782908256097596,-8.381901059731042,12,12
411,0.0,daily,weak_skew,0.0007998400319936012,-6.867563816977602,-8.381901059731042,12,12
411,0.0,two_day,alt,0.31005859375,-4.775148191008523,-8.381901059731042,12,12
411,0.0,two_day,sharp,0.55126953125,1.7529998137775493,-8.381901059731042,12,12
411,0.0,two_day,weak,0.79296875,-1.1973429100420276,-8.381901059731042,12,12
411,0.0,two_day,weak_skew,0.49267578125,2.914117097054884,-8.381901059731042,12,12
411,0.0,four_day,alt,0.75,-2.4795093904624133,-8.381901059731042,6,12
411,0.0,four_day,sharp,0.28125,4.661249529429733,-8.381901059731042,6,12
411,0.0,four_day,weak,0.46875,5.588270691513604,-8.381901059731042,6,12
411,0.0,four_day,weak_skew,0.46875,7.167198555030947,-8.381901059731042,6,12
412,0.0,daily,alt,0.013197360527894421,-8.881444027443768,-9.181894047482857,12,12
412,0.0,daily,sharp,0.20435912817436513,-2.0133122470889746,-9.181894047482857,12,12
412,0.0,daily,weak,0.45650869826034796,-1.6288943248164738,-9.181894047482857,12,12
412,0.0,daily,weak_skew,0.7792441511697661,-0.810134481556353,-9.181894047482857,12,12
412,0.0,two_day,alt,0.0068359375,-11.496180818816043,-9.181894047482857,12,12
412,0.0,two_day,sharp,0.94091796875,0.1898428566948045,-9.181894047482857,12,12
412,0.0,two_day,weak,0.79541015625,0.7935479798343016,-9.181894047482857,12,12
412,0.0,two_day,weak_skew,0.66015625,-0.8579352255524805,-9.181894047482857,12,12
412,0.0,four_day,alt,0.1875,-8.470097918282157,-9.181894047482857,6,12
412,0.0,four_day,sharp,0.8125,-0.8330871548763442,-9.181894047482857,6,12
412,0.0,four_day,weak,0.75,-2.091963572880592,-9.181894047482857,6,12
412,0.0,four_day,weak_skew,0.03125,-8.307983135436551,-9.181894047482857,6,12
413,0.0,daily,alt,0.15796840631873627,-5.595780040320541,-6.375544984638722,12,12
413,0.0,daily,sharp,0.9692061587682463,0.07432041028274305,-6.375544984638722,12,12
413,0.0,daily,weak,0.2819436112777445,-3.025324322341295,-6.375544984638722,12,12
413,0.0,daily,weak_skew,0.42491501699660067,-1.6440440904661564,-6.375544984638722,12,12
413,0.0,two_day,alt,0.08984375,-9.486114671626416,-6.375544984638722,12,12
413,0.0,two_day,sharp,0.55224609375,-1.7265804429179756,-6.375544984638722,12,12
413,0.0,two_day,weak,0.6806640625,-1.7048204508563256,-6.375544984638722,12,12
413,0.0,two_day,weak_skew,0.24267578125,-3.829846047922261,-6.375544984638722,12,12
413,0.0,four_day,alt,0.03125,-19.8403866344751,-6.375544984638722,6,12
413,0.0,four_day,sharp,0.0625,-8.9443703275729,-6.375544984638722,6,12
413,0.0,four_day,weak,0.125,-8.429815671453685,-6.375544984638722,6,12
413,0.0,four_day,weak_skew,0.09375,-11.190002390240123,-6.375544984638722,6,12
414,0.0,daily,alt,0.0001999600079984003,-14.592687227585131,-9.22900746024466,12,12
414,0.0,daily,sharp,0.17176564687062587,-2.264003445200016,-9.22900746024466,12,12
414,0.0,daily,weak,0.27814437112577484,-2.385758681293494,-9.22900746024466,12,12
414,0.0,daily,weak_skew,0.3317336532693461,-1.3905791895146453,-9.22900746024466,12,12
414,0.0,two_day,alt,0.1767578125,-7.840849888413928,-9.22900746024466,12,12
414,0.0,two_day,sharp,0.95458984375,-0.09049574052654741,-9.22900746024466,12,12
414,0.0,two_day,weak,0.97119140625,0.07083481322043876,-9.22900746024466,12,12
414,0.0,two_day,weak_skew,0.353515625,3.9499260818676887,-9.22900746024466,12,12
414,0.0,four_day,alt,0.25,-6.556199648526467,-9.22900746024466,6,12
414,0.0,four_day,sharp,0.84375,0.5731820900393553,-9.22900746024466,6,12
414,0.0,four_day,weak,0.875,-1.0560005430649444,-9.22900746024466,6,12
414,0.0,four_day,weak_skew,0.90625,0.43122321781755346,-9.22900746024466,6,12
415,0.0,daily,alt,0.1943611277744451,-6.7746254010794535,-10.278998633160576,12,12
415,0.0,daily,sharp,0.8784243151369726,0.3463998380090043,-10.278998633160576,12,12
415,0.0,daily,weak,0.7370525894821036,-1.1243448314844393,-10.278998633160576,12,12
415,0.0,daily,weak_skew,0.5078984203159368,-1.3442413849743324,-10.278998633160576,12,12
415,0.0,two_day,alt,0.03515625,-9.678241116919553,-10.278998633160576,12,12
415,0.0,two_day,sharp,0.8662109375,-0.24280025920503925,-10.278998633160576,12,12
415,0.0,two_day,weak,0.27685546875,-2.2417033941717954,-10.278998633160576,12,12
415,0.0,two_day,weak_skew,0.09033203125,-3.531142880108782,-10.278998633160576,12,12
415,0.0,four_day,alt,0.125,-6.582133828519949,-10.278998633160576,6,12
415,0.0,four_day,sharp,0.1875,4.579359301979134,-10.278998633160576,6,12
415,0.0,four_day,weak,0.59375,-2.691777091488228,-10.278998633160576,6,12
415,0.0,four_day,weak_skew,0.125,4.677683007369796,-10.278998633160576,6,12
416,0.0,daily,alt,0.0001999600079984003,-12.642399156408024,-10.074358532132152,12,12
416,0.0,daily,sharp,0.2531493701259748,-1.4030456583041275,-10.074358532132152,12,12
416,0.0,daily,weak,0.03679264147170566,-4.415139658599502,-10.074358532132152,12,12
416,0.0,daily,weak_skew,0.9338132373525295,-0.1680353254838458,-10.074358532132152,12,12
416,0.0,two_day,alt,0.00048828125,-13.292863352812214,-10.074358532132152,12,12
416,0.0,two_day,sharp,0.1240234375,-3.046419655542652,-10.074358532132152,12,12
416,0.0,two_day,weak,0.626953125,-1.3619647303629172,-10.074358532132152,12,12
416,0.0,two_day,weak_skew,0.02587890625,-7.436029900814332,-10.074358532132152,12,12
416,0.0,four_day,alt,0.0625,-10.973089281357778,-10.074358532132152,6,12
416,0.0,four_day,sharp,0.53125,-1.4267261223746495,-10.074358532132152,6,12
416,0.0,four_day,weak,0.375,-4.701224172105969,-10.074358532132152,6,12
416,0.0,four_day,weak_skew,1.0,-0.08681167949644693,-10.074358532132152,6,12
417,0.0,daily,alt,0.0003999200159968006,-10.44699698102241,-10.001552620621304,12,12
417,0.0,daily,sharp,0.48250349930013997,-1.3678012376848219,-10.001552620621304,12,12
417,0.0,daily,weak,0.4243151369726055,-1.687509907130357,-10.001552620621304,12,12
417,0.0,daily,weak_skew,0.47290541891621674,2.3086508263873573,-10.001552620621304,12,12
417,0.0,two_day,alt,0.05712890625,-6.387914834860884,-10.001552620621304,12,12
417,0.0,two_day,sharp,0.18896484375,2.6290041773753425,-10.001552620621304,12,12
417,0.0,two_day,weak,0.59765625,1.2744079455858994,-10.001552620621304,12,12
417,0.0,two_day,weak_skew,0.90283203125,0.31192778180049413,-10.001552620621304,12,12
417,0.0,four_day,alt,0.03125,-10.110729982703205,-10.001552620621304,6,12
417,0.0,four_day,sharp,0.84375,0.5264634512854643,-10.001552620621304,6,12
417,0.0,four_day,weak,0.5,-2.4882637339981266,-10.001552620621304,6,12
417,0.0,four_day,weak_skew,0.28125,6.275534380259287,-10.001552620621304,6,12
418,0.0,daily,alt,0.026794641071785644,-6.274814688208284,-6.773855073673886,12,12
418,0.0,daily,sharp,0.45310937812437513,-1.5734403482912722,-6.773855073673886,12,12
418,0.0,daily,weak,0.5886822635472906,-1.7462686084939598,-6.773855073673886,12,12
418,0.0,daily,weak_skew,0.5452909418116376,-1.6369171645484453,-6.773855073673886,12,12
418,0.0,two_day,alt,0.06689453125,-9.412529095906729,-6.773855073673886,12,12
418,0.0,two_day,sharp,0.67822265625,-1.50864869720039,-6.773855073673886,12,12
418,0.0,two_day,weak,0.2939453125,4.1839657996201804,-6.773855073673886,12,12
418,0.0,two_day,weak_skew,0.8056640625,-0.9430123957498159,-6.773855073673886,12,12
418,0.0,four_day,alt,0.0625,-5.95768008649794,-6.773855073673886,6,12
418,0.0,four_day,sharp,0.375,2.1043427871991667,-6.773855073673886,6,12
418,0.0,four_day,weak,0.4375,3.6914364242455044,-6.773855073673886,6,12
418,0.0,four_day,weak_skew,0.84375,0.5026236760383421,-6.773855073673886,6,12
419,0.0,daily,alt,0.1943611277744451,-4.709514739079388,-8.029765361489638,12,12
419,0.0,daily,sharp,0.8612277544491101,0.3550413236120142,-8.029765361489638,12,12
419,0.0,daily,weak,0.7906418716256749,0.8513702661534962,-8.029765361489638,12,12
419,0.0,daily,weak_skew,0.6386722655468906,1.5173300926153896,-8.029765361489638,12,12
419,0.0,two_day,alt,0.0146484375,-9.62348991266232,-8.029765361489638,12,12
419,0.0,two_day,sharp,0.32275390625,-1.794803964712474,-8.029765361489638,12,12
419,0.0,two_day,weak,0.82763671875,0.7298575782878043,-8.029765361489638,12,12
419,0.0,two_day,weak_skew,0.4013671875,-2.196454757604995,-8.029765361489638,12,12
419,0.0,four_day,alt,0.8125,-1.5096762135932593,-8.029765361489638,6,12
419,0.0,four_day,sharp,0.21875,4.128727072405556,-8.029765361489638,6,12
419,0.0,four_day,weak,0.3125,4.1797231820092575,-8.029765361489638,6,12
419,0.0,four_day,weak_skew,0.0625,25.77402634810353,-8.029765361489638,6,12
420,0.0,daily,alt,0.013397320535892822,-9.873316499829121,-8.312130597153939,12,12
420,0.0,daily,sharp,0.5088982203559288,-1.9621099664533297,-8.312130597153939,12,12
420,0.0,daily,weak,0.8728254349130175,0.5054432468388796,-8.312130597153939,12,12
420,0.0,daily,weak_skew,0.5526894621075785,-2.17352591568984,-8.312130597153939,12,12
420,0.0,two_day,alt,0.0263671875,-7.569408412808214,-8.312130597153939,12,12
420,0.0,two_day,sharp,0.7265625,0.774469323947903,-8.312130597153939,12,12
420,0.0,two_day,weak,0.93701171875,-0.2822714208565659,-8.312130597153939,12,12
420,0.0,two_day,weak_skew,0.9248046875,0.29074395654307733,-8.312130597153939,12,12
420,0.0,four_day,alt,0.03125,-14.778534936284233,-8.312130597153939,6,12
420,0.0,four_day,sharp,0.03125,-3.594457654739692,-8.312130597153939,6,12
420,0.0,four_day,weak,0.96875,-0.19553535685792767,-8.312130597153939,6,12
420,0.0,four_day,weak_skew,0.0625,-6.068273012172426,-8.312130597153939,6,12
421,0.0,daily,alt,0.0007998400319936012,-11.269144072356859,-7.5778716292209936,12,12
421,0.0,daily,sharp,0.16256748650269945,-3.2928259466432332,-7.5778716292209936,12,12
421,0.0,daily,weak,0.15216956608678264,-4.877703459249726,-7.5778716292209936,12,12
421,0.0,daily,weak_skew,0.18496300739852028,-3.4934616509017715,-7.5778716292209936,12,12
421,0.0,two_day,alt,0.56689453125,-2.3812388801695477,-7.5778716292209936,12,12
421,0.0,two_day,sharp,0.13916015625,4.541707181688733,-7.5778716292209936,12,12
421,0.0,two_day,weak,0.23974609375,4.5507451300285355,-7.5778716292209936,12,12
421,0.0,two_day,weak_skew,0.212890625,3.23766991953587,-7.5778716292209936,12,12
421,0.0,four_day,alt,0.0625,-14.649234940226691,-7.5778716292209936,6,12
421,0.0,four_day,sharp,0.125,-5.838525691004932,-7.5778716292209936,6,12
421,0.0,four_day,weak,0.78125,2.8106336363192597,-7.5778716292209936,6,12
421,0.0,four_day,weak_skew,0.78125,-1.2396112768395575,-7.5778716292209936,6,12
422,0.0,daily,alt,0.0005998800239952009,-11.019648856588502,-9.782536161725702,12,12
422,0.0,daily,sharp,0.8658268346330734,0.3884473195086476,-9.782536161725702,12,12
422,0.0,daily,weak,0.8082383523295341,-0.4107176419169285,-9.782536161725702,12,12
422,0.0,daily,weak_skew,0.6444711057788443,-1.1494147698040507,-9.782536161725702,12,12
422,0.0,two_day,alt,0.001953125,-12.216222863205969,-9.782536161725702,12,12
422,0.0,two_day,sharp,0.87646484375,-0.5128053661099911,-9.782536161725702,12,12
422,0.0,two_day,weak,0.87548828125,-0.6343027669514955,-9.782536161725702,12,12
422,0.0,two_day,weak_skew,0.640625,3.9503135263364975,-9.782536161725702,12,12
422,0.0,four_day,alt,0.53125,-4.64147381634726,-9.782536161725702,6,12
422,0.0,four_day,sharp,0.375,3.9299836662374545,-9.782536161725702,6,12
422,0.0,four_day,weak,0.46875,4.666652516719974,-9.782536161725702,6,12
422,0.0,four_day,weak_skew,0.25,4.421094400200747,-9.782536161725702,6,12
423,0.0,daily,alt,0.057788442311537694,-8.139045416941284,-7.835681561024153,12,12
423,0.0,daily,sharp,0.47450509898020393,-1.9227324539390842,-7.835681561024153,12,12
423,0.0,daily,weak,0.14117176564687062,-2.8068007809812063,-7.835681561024153,12,12
423,0.0,daily,weak_skew,0.47170565886822635,-2.1077319411805053,-7.835681561024153,12,12
423,0.0,two_day,alt,0.28759765625,-5.887320284864775,-7.835681561024153,12,12
423,0.0,two_day,sharp,0.212890625,3.8563502327930226,-7.835681561024153,12,12
423,0.0,two_day,weak,0.0087890625,9.601377172742438,-7.835681561024153,12,12
423,0.0,two_day,weak_skew,0.390625,3.2811160704596314,-7.835681561024153,12,12
423,0.0,four_day,alt,0.71875,-2.1069160363534487,-7.835681561024153,6,12
423,0.0,four_day,sharp,0.46875,3.2494543623550647,-7.835681561024153,6,12
423,0.0,four_day,weak,0.59375,3.685326666787566,-7.835681561024153,6,12
423,0.0,four_day,weak_skew,0.75,2.3659415371708348,-7.835681561024153,6,12
424,0.0,daily,alt,0.007998400319936013,-8.22665400009119,-5.017993662218032,12,12
424,0.0,daily,sharp,0.07618476304739052,-2.008220576361024,-5.017993662218032,12,12
424,0.0,daily,weak,0.8140371925614877,-0.5499867904872667,-5.017993662218032,12,12
424,0.0,daily,weak_skew,0.4325134973005399,-2.637932085621269,-5.017993662218032,12,12
424,0.0,two_day,alt,0.00341796875,-9.302047074128499,-5.017993662218032,12,12
424,0.0,two_day,sharp,0.58203125,-1.1115829857117905,-5.017993662218032,12,12
424,0.0,two_day,weak,0.21533203125,-4.536806975180293,-5.017993662218032,12,12
424,0.0,two_day,weak_skew,0.8720703125,-0.4924142337890742,-5.017993662218032,12,12
424,0.0,four_day,alt,0.125,-8.45454764896965,-5.017993662218032,6,12
424,0.0,four_day,sharp,0.5,-1.787282413723138,-5.017993662218032,6,12
424,0.0,four_day,weak,0.125,-8.257579886567376,-5.017993662218032,6,12
424,0.0,four_day,weak_skew,0.21875,-4.918832058684017,-5.017993662218032,6,12
425,0.0,daily,alt,0.04079184163167367,-6.6709284821588755,-6.996314557647871,12,12
425,0.0,daily,sharp,0.7578484303139372,-0.655044122514114,-6.996314557647871,12,12
425,0.0,daily,weak,0.638872225554889,-1.280925986785207,-6.996314557647871,12,12
425,0.0,daily,weak_skew,0.3703259348130374,-2.1532544243181153,-6.996314557647871,12,12
425,0.0,two_day,alt,0.93505859375,0.4102758914592825,-6.996314557647871,12,12
425,0.0,two_day,sharp,0.07421875,3.24072718765932,-6.996314557647871,12,12
425,0.0,two_day,weak,0.74609375,-1.3344582803465734,-6.996314557647871,12,12
425,0.0,two_day,weak_skew,0.06884765625,9.067118321338947,-6.996314557647871,12,12
425,0.0,four_day,alt,0.96875,0.4342914696338826,-6.996314557647871,6,12
425,0.0,four_day,sharp,0.1875,3.9310288076057773,-6.996314557647871,6,12
425,0.0,four_day,weak,0.21875,5.686486474493879,-6.996314557647871,6,12
425,0.0,four_day,weak_skew,0.46875,2.433097905448072,-6.996314557647871,6,12
426,0.0,daily,alt,0.04019196160767846,-7.905405726673177,-9.143383496322464,12,12
426,0.0,daily,sharp,0.8748250349930013,-0.6182706467934237,-9.143383496322464,12,12
426,0.0,daily,weak,0.6282743451309738,-1.8448861708709636,-9.143383496322464,12,12
426,0.0,daily,weak_skew,0.8684263147370526,-0.830365074283066,-9.143383496322464,12,12
426,0.0,two_day,alt,0.35888671875,-3.7418365839463683,-9.143383496322464,12,12
426,0.0,two_day,sharp,0.35302734375,3.243219897073381,-9.143383496322464,12,12
426,0.0,two_day,weak,0.91162109375,0.522368768031472,-9.143383496322464,12,12
426,0.0,two_day,weak_skew,0.18798828125,7.324077145081643,-9.143383496322464,12,12
426,0.0,four_day,alt,0.03125,-8.816118581160728,-9.143383496322464,6,12
426,0.0,four_day,sharp,0.8125,-0.5511262744645459,-9.143383496322464,6,12
426,0.0,four_day,weak,1.0,0.06272636824720479,-9.143383496322464,6,12
426,0.0,four_day,weak_skew,0.34375,4.466998241518333,-9.143383496322464,6,12
427,0.0,daily,alt,0.001799640071985603,-13.689882969471256,-9.570264031244868,12,12
427,0.0,daily,sharp,0.30193961207758446,-3.4812909079367524,-9.570264031244868,12,12
427,0.0,daily,weak,0.2855428914217157,-2.97172083620351,-9.570264031244868,12,12
427,0.0,daily,weak_skew,0.06598680263947211,-6.254311586715194,-9.570264031244868,12,12
427,0.0,two_day,alt,0.00341796875,-12.333260442210518,-9.570264031244868,12,12
427,0.0,two_day,sharp,0.5283203125,-1.9441205039878515,-9.570264031244868,12,12
427,0.0,two_day,weak,0.2802734375,-4.216261662863243,-9.570264031244868,12,12
427,0.0,two_day,weak_skew,0.20166015625,-3.7407332538668303,-9.570264031244868,12,12
427,0.0,four_day,alt,0.09375,-5.842173865769077,-9.570264031244868,6,12
427,0.0,four_day,sharp,0.03125,4.154855127195822,-9.570264031244868,6,12
427,0.0,four_day,weak,0.28125,6.740241233158764,-9.570264031244868,6,12
427,0.0,four_day,weak_skew,0.0625,10.559556718539312,-9.570264031244868,6,12
428,0.0,daily,alt,0.05538892221555689,-10.184172681736593,-13.620701217140592,12,12
428,0.0,daily,sharp,0.7700459908018397,2.181561010361428,-13.620701217140592,12,12
428,0.0,daily,weak,0.13957208558288342,8.70360501605779,-13.620701217140592,12,12
428,0.0,daily,weak_skew,0.27534493101379726,5.597889775121992,-13.620701217140592,12,12
428,0.0,two_day,alt,0.00341796875,-18.49943367434462,-13.620701217140592,12,12
428,0.0,two_day,sharp,0.58544921875,-4.434656413877625,-13.620701217140592,12,12
428,0.0,two_day,weak,0.77783203125,-3.4276456459471927,-13.620701217140592,12,12
428,0.0,two_day,weak_skew,0.8876953125,1.0485974330752217,-13.620701217140592,12,12
428,0.0,four_day,alt,0.5,-4.4089144044106225,-13.620701217140592,6,12
428,0.0,four_day,sharp,0.03125,7.678142622771222,-13.620701217140592,6,12
428,0.0,four_day,weak,0.0625,11.785591185117582,-13.620701217140592,6,12
428,0.0,four_day,weak_skew,0.03125,4.300959158166777,-13.620701217140592,6,12
429,0.0,daily,alt,0.0597880423915217,-9.046541861261824,-9.0797007066041,12,12
429,0.0,daily,sharp,0.28774245150969807,-2.3091332581337163,-9.0797007066041,12,12
429,0.0,daily,weak,0.9150169966006798,0.3563319077515376,-9.0797007066041,12,12
429,0.0,daily,weak_skew,0.054789042191561686,-4.057746748073616,-9.0797007066041,12,12
429,0.0,two_day,alt,0.1015625,-8.698167345784373,-9.0797007066041,12,12
429,0.0,two_day,sharp,0.431640625,-2.3702515024632587,-9.0797007066041,12,12
429,0.0,two_day,weak,0.64208984375,-2.0043219920917625,-9.0797007066041,12,12
429,0.0,two_day,weak_skew,0.25830078125,-3.1305014091803383,-9.0797007066041,12,12
429,0.0,four_day,alt,0.125,-5.774189479884305,-9.0797007066041,6,12
429,0.0,four_day,sharp,0.09375,4.068179712879633,-9.0797007066041,6,12
429,0.0,four_day,weak,0.0625,6.98243654158982,-9.0797007066041,6,12
429,0.0,four_day,weak_skew,0.5,1.5284980825528554,-9.0797007066041,6,12
430,0.0,daily,alt,0.14677064587082583,-7.2971176407940925,-7.724581074198561,12,12
430,0.0,daily,sharp,0.8598280343931214,-0.395561566639224,-7.724581074198561,12,12
430,0.0,daily,weak,0.47330533893221355,-2.563561468681703,-7.724581074198561,12,12
430,0.0,daily,weak_skew,0.13737252549490103,-3.8024027551343775,-7.724581074198561,12,12
430,0.0,two_day,alt,0.0107421875,-7.023171342400521,-7.724581074198561,12,12
430,0.0,two_day,sharp,0.41455078125,1.7752345978726403,-7.724581074198561,12,12
430,0.0,two_day,weak,0.72314453125,1.2414184212222075,-7.724581074198561,12,12
430,0.0,two_day,weak_skew,0.11474609375,3.771759371267599,-7.724581074198561,12,12
430,0.0,four_day,alt,0.09375,-8.807460717216523,-7.724581074198561,6,12
430,0.0,four_day,sharp,0.90625,-0.9667763777425596,-7.724581074198561,6,12
430,0.0,four_day,weak,0.46875,-3.1150997679697974,-7.724581074198561,6,12
430,0.0,four_day,weak_skew,0.4375,3.0813039830717437,-7.724581074198561,6,12
431,0.0,daily,alt,0.006998600279944011,-12.176903065680298,-9.250729706593319,12,12
431,0.0,daily,sharp,0.4465106978604279,-2.1260328308956544,-9.250729706593319,12,12
431,0.0,daily,weak,0.2989402119576085,-3.2614180908571195,-9.250729706593319,12,12
431,0.0,daily,weak_skew,0.9184163167366527,-0.43066651738409395,-9.250729706593319,12,12
431,0.0,two_day,alt,0.01025390625,-12.867621986859964,-9.250729706593319,12,12
431,0.0,two_day,sharp,0.36474609375,-2.99615981699399,-9.250729706593319,12,12
431,0.0,two_day,weak,0.18603515625,-4.481176869060932,-9.250729706593319,12,12
431,0.0,two_day,weak_skew,0.1748046875,-4.5221411819832795,-9.250729706593319,12,12
431,0.0,four_day,alt,0.03125,-12.898617386504027,-9.250729706593319,6,12
431,0.0,four_day,sharp,0.625,-2.6512348085432627,-9.250729706593319,6,12
431,0.0,four_day,weak,0.59375,3.084744072293786,-9.250729706593319,6,12
431,0.0,four_day,weak_skew,0.0625,-6.6567600621686465,-9.250729706593319,6,12
432,0.0,daily,alt,0.0691861627674465,-6.6567510098815985,-9.739940271107443,12,12
432,0.0,daily,sharp,0.35812837432513495,2.789727890549692,-9.739940271107443,12,12
432,0.0,daily,weak,0.2599480103979204,4.082481861931015,-9.739940271107443,12,12
432,0.0,daily,weak_skew,0.6380723855228955,1.4656826759611004,-9.739940271107443,12,12
432,0.0,two_day,alt,0.130859375,-5.755855302127998,-9.739940271107443,12,12
432,0.0,two_day,sharp,0.1640625,5.101568028436763,-9.739940271107443,12,12
432,0.0,two_day,weak,0.03857421875,8.855844349883327,-9.739940271107443,12,12
432,0.0,two_day,weak_skew,0.22509765625,4.656897220594799,-9.739940271107443,12,12
432,0.0,four_day,alt,0.0625,-11.500604225690024,-9.739940271107443,6,12
432,0.0,four_day,sharp,0.5625,-3.051917012127879,-9.739940271107443,6,12
432,0.0,four_day,weak,0.46875,-5.286732262161018,-9.739940271107443,6,12
432,0.0,four_day,weak_skew,0.84375,-1.6668141175946485,-9.739940271107443,6,12
433,0.0,daily,alt,0.0001999600079984003,-11.131082362082076,-7.9472210906575,12,12
433,0.0,daily,sharp,0.7810437912417516,-0.31662650430268674,-7.9472210906575,12,12
433,0.0,daily,weak,0.8254349130173965,-0.5553332079683772,-7.9472210906575,12,12
433,0.0,daily,weak_skew,0.6764647070585883,-0.5616072414588231,-7.9472210906575,12,12
433,0.0,two_day,alt,0.029296875,-9.942125624106238,-7.9472210906575,12,12
433,0.0,two_day,sharp,0.69921875,0.7408222429564221,-7.9472210906575,12,12
433,0.0,two_day,weak,0.447265625,-1.4722290948891945,-7.9472210906575,12,12
433,0.0,two_day,weak_skew,0.72314453125,-0.696922218825008,-7.9472210906575,12,12
433,0.0,four_day,alt,0.34375,-6.745342906068559,-7.9472210906575,6,12
433,0.0,four_day,sharp,0.40625,2.1655878811782885,-7.9472210906575,6,12
433,0.0,four_day,weak,0.9375,-0.34627501768348523,-7.9472210906575,6,12
433,0.0,four_day,weak_skew,0.8125,3.050894742129497,-7.9472210906575,6,12
434,0.0,daily,alt,0.0009998000399920016,-6.252072491285863,-5.2253258532948195,12,12
434,0.0,daily,sharp,0.38652269546090784,0.96991282091131,-5.2253258532948195,12,12
434,0.0,daily,weak,0.3129374125174965,2.4130004929226767,-5.2253258532948195,12,12
434,0.0,daily,weak_skew,0.03699260147970406,-3.480717356825572,-5.2253258532948195,12,12
434,0.0,two_day,alt,0.14453125,-6.610767611256688,-5.2253258532948195,12,12
434,0.0,two_day,sharp,0.84765625,-0.6081692965832044,-5.2253258532948195,12,12
434,0.0,two_day,weak,0.48779296875,-3.4244468680316023,-5.2253258532948195,12,12
434,0.0,two_day,weak_skew,0.78173828125,-0.8977431137779135,-5.2253258532948195,12,12
434,0.0,four_day,alt,0.125,-7.585753521695897,-5.2253258532948195,6,12
434,0.0,four_day,sharp,0.84375,-0.8092854674483144,-5.2253258532948195,6,12
434,0.0,four_day,weak,0.1875,4.511086252306708,-5.2253258532948195,6,12
434,0.0,four_day,weak_skew,0.125,-6.51863745602058,-5.2253258532948195,6,12
435,0.0,daily,alt,0.009198160367926415,-11.502359512818018,-9.880230608261208,12,12
435,0.0,daily,sharp,0.6362727454509098,-1.6027778391164424,-9.880230608261208,12,12
435,0.0,daily,weak,0.7994401119776045,-1.0110303430002177,-9.880230608261208,12,12
435,0.0,daily,weak_skew,0.889622075584883,-0.7573566439830088,-9.880230608261208,12,12
435,0.0,two_day,alt,0.013671875,-14.533658702833923,-9.880230608261208,12,12
435,0.0,two_day,sharp,0.14013671875,-6.893194523679899,-9.880230608261208,12,12
435,0.0,two_day,weak,0.083984375,-7.373397193573282,-9.880230608261208,12,12
435,0.0,two_day,weak_skew,0.916015625,-1.0050021054214646,-9.880230608261208,12,12
435,0.0,four_day,alt,0.09375,-13.009281796778696,-9.880230608261208,6,12
435,0.0,four_day,sharp,0.375,-4.583858906572861,-9.880230608261208,6,12
435,0.0,four_day,weak,0.28125,-6.135386388485828,-9.880230608261208,6,12
435,0.0,four_day,weak_skew,0.90625,0.8082765760487192,-9.880230608261208,6,12
436,0.0,daily,alt,0.02519496100779844,-7.567598207550702,-7.201711626330123,12,12
436,0.0,daily,sharp,0.4959008198360328,-1.0931892500951648,-7.201711626330123,12,12
436,0.0,daily,weak,0.9526094781043791,-0.17006997870632054,-7.201711626330123,12,12
436,0.0,daily,weak_skew,0.8588282343531294,-0.41549803808277613,-7.201711626330123,12,12
436,0.0,two_day,alt,0.00390625,-10.38856394406482,-7.201711626330123,12,12
436,0.0,two_day,sharp,0.94384765625,0.1318878741532039,-7.201711626330123,12,12
436,0.0,two_day,weak,0.78759765625,-1.0070537529896704,-7.201711626330123,12,12
436,0.0,two_day,weak_skew,0.89404296875,0.5782705548409878,-7.201711626330123,12,12
436,0.0,four_day,alt,0.25,-6.46139051880759,-7.201711626330123,6,12
436,0.0,four_day,sharp,0.84375,0.26974019546276534,-7.201711626330123,6,12
436,0.0,four_day,weak,0.96875,-0.06756706982674743,-7.201711626330123,6,12
436,0.0,four_day,weak_skew,0.03125,-4.837028825943544,-7.201711626330123,6,12
437,0.0,daily,alt,0.0003999200159968006,-12.654095609213243,-13.207808043793442,12,12
437,0.0,daily,sharp,0.9926014797040592,-0.016152843238435466,-13.207808043793442,12,12
437,0.0,daily,weak,0.8588282343531294,-0.6626798124426779,-13.207808043793442,12,12
437,0.0,daily,weak_skew,0.6092781443711258,-1.0671375629035704,-13.207808043793442,12,12
437,0.0,two_day,alt,0.00390625,-15.48500594965828,-13.207808043793442,12,12
437,0.0,two_day,sharp,0.5791015625,-2.6011182938878386,-13.207808043793442,12,12
437,0.0,two_day,weak,0.841796875,-0.8535261584043147,-13.207808043793442,12,12
437,0.0,two_day,weak_skew,0.5283203125,-3.0026525867376086,-13.207808043793442,12,12
437,0.0,four_day,alt,0.03125,-13.860654530668745,-13.207808043793442,6,12
437,0.0,four_day,sharp,0.59375,-1.3175385713183327,-13.207808043793442,6,12
437,0.0,four_day,weak,0.375,1.608455351590796,-13.207808043793442,6,12
437,0.0,four_day,weak_skew,0.78125,-1.1108665098411343,-13.207808043793442,6,12
438,0.0,daily,alt,0.017196560687862426,-9.054030890542837,-9.874848325750293,12,12
438,0.0,daily,sharp,0.7874425114977005,0.482837384386837,-9.874848325750293,12,12
438,0.0,daily,weak,0.851629674065187,-0.698389180208706,-9.874848325750293,12,12
438,0.0,daily,weak_skew,0.7258548290341932,-0.7499577632608995,-9.874848325750293,12,12
438,0.0,two_day,alt,0.00048828125,-12.871009843653459,-9.874848325750293,12,12
438,0.0,two_day,sharp,0.5908203125,-1.2877725001381393,-9.874848325750293,12,12
438,0.0,two_day,weak,0.40380859375,-2.261881733778758,-9.874848325750293,12,12
438,0.0,two_day,weak_skew,0.265625,-3.2316746380632186,-9.874848325750293,12,12
438,0.0,four_day,alt,0.46875,-4.979379101957214,-9.874848325750293,6,12
438,0.0,four_day,sharp,0.40625,3.042604011024254,-9.874848325750293,6,12
438,0.0,four_day,weak,1.0,-0.34652617750534037,-9.874848325750293,6,12
438,0.0,four_day,weak_skew,1.0,-0.021459412816785317,-9.874848325750293,6,12
439,0.0,daily,alt,0.0007998400319936012,-8.241646960210865,-7.423857364020968,12,12
439,0.0,daily,sharp,0.9442111577684463,0.11761878051967993,-7.423857364020968,12,12
439,0.0,daily,weak,0.7994401119776045,-0.6847870739919237,-7.423857364020968,12,12
439,0.0,daily,weak_skew,0.715256948610278,1.689907076075422,-7.423857364020968,12,12
439,0.0,two_day,alt,0.318359375,-5.663842696398125,-7.423857364020968,12,12
439,0.0,two_day,sharp,0.70361328125,0.9202882397919563,-7.423857364020968,12,12
439,0.0,two_day,weak,0.75048828125,0.9295307956028823,-7.423857364020968,12,12
439,0.0,two_day,weak_skew,0.0673828125,5.817325472077482,-7.423857364020968,12,12
439,0.0,four_day,alt,0.09375,-10.472729220746585,-7.423857364020968,6,12
439,0.0,four_day,sharp,0.5,-2.874206712346377,-7.423857364020968,6,12
439,0.0,four_day,weak,0.71875,2.8244053558831346,-7.423857364020968,6,12
439,0.0,four_day,weak_skew,0.34375,-5.067932623272328,-7.423857364020968,6,12
440,0.0,daily,alt,0.0003999200159968006,-12.168197871446871,-10.203263230397127,12,12
440,0.0,daily,sharp,0.5472905418916216,-2.037697609932033,-10.203263230397127,12,12
440,0.0,daily,weak,0.48890221955608876,-3.295791325829434,-10.203263230397127,12,12
440,0.0,daily,weak_skew,0.6914617076584683,1.7425693143735856,-10.203263230397127,12,12
440,0.0,two_day,alt,0.0068359375,-11.61925042295987,-10.203263230397127,12,12
440,0.0,two_day,sharp,0.63134765625,-1.9739377124197084,-10.203263230397127,12,12
440,0.0,two_day,weak,0.9443359375,0.28597767720112266,-10.203263230397127,12,12
440,0.0,two_day,weak_skew,0.7431640625,-1.7694989959521845,-10.203263230397127,12,12
440,0.0,four_day,alt,0.09375,-9.234690769314765,-10.203263230397127,6,12
440,0.0,four_day,sharp,0.71875,1.3876619105913133,-10.203263230397127,6,12
440,0.0,four_day,weak,0.40625,-5.4559091998412255,-10.203263230397127,6,12
440,0.0,four_day,weak_skew,0.46875,6.092816506838289,-10.203263230397127,6,12
441,0.0,daily,alt,0.0001999600079984003,-14.50892205993764,-9.262433277022659,12,12
441,0.0,daily,sharp,0.028994201159768047,-2.8348617474002378,-9.262433277022659,12,12
441,0.0,daily,weak,0.05158968206358728,-4.1178307713744395,-9.262433277022659,12,12
441,0.0,daily,weak_skew,0.014997000599880024,-4.113835540070046,-9.262433277022659,12,12
441,0.0,two_day,alt,0.0009765625,-14.97674584050855,-9.262433277022659,12,12
441,0.0,two_day,sharp,0.01220703125,-4.973291962074963,-9.262433277022659,12,12
441,0.0,two_day,weak,0.14453125,-3.1646795815642315,-9.262433277022659,12,12
441,0.0,two_day,weak_skew,0.02587890625,-6.174284687679676,-9.262433277022659,12,12
441,0.0,four_day,alt,0.03125,-10.977993015063149,-9.262433277022659,6,12
441,0.0,four_day,sharp,0.3125,-1.9050822831682421,-9.262433277022659,6,12
441,0.0,four_day,weak,0.40625,-4.06958480137098,-9.262433277022659,6,12
441,0.0,four_day,weak_skew,0.0625,-5.704510053992785,-9.262433277022659,6,12
442,0.0,daily,alt,0.033393321335732855,-7.628992084493053,-7.682587621992553,12,12
442,0.0,daily,sharp,0.6462707458508299,1.0452847721584988,-7.682587621992553,12,12
442,0.0,daily,weak,0.4273145370925815,-2.486921093195687,-7.682587621992553,12,12
442,0.0,daily,weak_skew,0.6988602279544092,-1.1483085940574498,-7.682587621992553,12,12
442,0.0,two_day,alt,0.0107421875,-10.221549496561538,-7.682587621992553,12,12
442,0.0,two_day,sharp,0.4814453125,-1.5953260164730079,-7.682587621992553,12,12
442,0.0,two_day,weak,0.84765625,0.720817360497985,-7.682587621992553,12,12
442,0.0,two_day,weak_skew,0.8740234375,0.6320519721022452,-7.682587621992553,12,12
442,0.0,four_day,alt,0.03125,-21.820590799254585,-7.682587621992553,6,12
442,0.0,four_day,sharp,0.0625,-10.487468812774209,-7.682587621992553,6,12
442,0.0,four_day,weak,0.34375,-6.920387285645448,-7.682587621992553,6,12
442,0.0,four_day,weak_skew,0.0625,-11.83873195709036,-7.682587621992553,6,12
443,0.0,daily,alt,0.0003999200159968006,-23.16969812691975,-13.805149865354473,12,12
443,0.0,daily,sharp,0.03099380123975205,-9.935773325716614,-13.805149865354473,12,12
443,0.0,daily,weak,0.04559088182363527,-11.265375632658582,-13.805149865354473,12,12
443,0.0,daily,weak_skew,0.01839632073585283,-12.3089114975023,-13.805149865354473,12,12
443,0.0,two_day,alt,0.01904296875,-14.98293744352577,-13.805149865354473,12,12
443,0.0,two_day,sharp,0.97412109375,-0.21894252212932366,-13.805149865354473,12,12
443,0.0,two_day,weak,0.55126953125,4.267640344231288,-13.805149865354473,12,12
443,0.0,two_day,weak_skew,0.58935546875,-3.8682953505589643,-13.805149865354473,12,12
443,0.0,four_day,alt,0.65625,-4.000459057661922,-13.805149865354473,6,12
443,0.0,four_day,sharp,0.25,12.843222430824857,-13.805149865354473,6,12
443,0.0,four_day,weak,0.40625,10.262923724088088,-13.805149865354473,6,12
443,0.0,four_day,weak_skew,0.28125,11.397109203937854,-13.805149865354473,6,12
444,0.0,daily,alt,0.0001999600079984003,-15.387146134062077,-10.894580383556708,12,12
444,0.0,daily,sharp,0.15176964607078583,-2.412363518868356,-10.894580383556708,12,12
444,0.0,daily,weak,0.45570885822835433,-1.605921133530116,-10.894580383556708,12,12
444,0.0,daily,weak_skew,0.10277944411117776,-3.6298679708922195,-10.894580383556708,12,12
444,0.0,two_day,alt,0.00830078125,-10.536995312892477,-10.894580383556708,12,12
444,0.0,two_day,sharp,0.78173828125,-0.604647863273342,-10.894580383556708,12,12
444,0.0,two_day,weak,0.0390625,6.76619954221335,-10.894580383556708,12,12
444,0.0,two_day,weak_skew,0.89404296875,-0.5375016652927952,-10.894580383556708,12,12
444,0.0,four_day,alt,0.03125,-11.68005395970855,-10.894580383556708,6,12
444,0.0,four_day,sharp,0.8125,0.5278320283047897,-10.894580383556708,6,12
444,0.0,four_day,weak,0.46875,-3.2411715595227846,-10.894580383556708,6,12
444,0.0,four_day,weak_skew,0.78125,1.7508859228495706,-10.894580383556708,6,12
445,0.0,daily,alt,0.0023995200959808036,-9.08694364073886,-9.564266304061405,12,12
445,0.0,daily,sharp,0.8768246350729854,0.22730241831863238,-9.564266304061405,12,12
445,0.0,daily,weak,0.6384723055388922,-1.3907821067373458,-9.564266304061405,12,12
445,0.0,daily,weak_skew,0.9354129174165167,0.20887557115732078,-9.564266304061405,12,12
445,0.0,two_day,alt,0.0185546875,-10.253393161787931,-9.564266304061405,12,12
445,0.0,two_day,sharp,0.78759765625,-0.470704282043427,-9.564266304061405,12,12
445,0.0,two_day,weak,0.859375,0.8225234061284864,-9.564266304061405,12,12
445,0.0,two_day,weak_skew,0.8115234375,0.7580105726252592,-9.564266304061405,12,12
445,0.0,four_day,alt,0.09375,-6.689073535092839,-9.564266304061405,6,12
445,0.0,four_day,sharp,0.375,2.351682613199163,-9.564266304061405,6,12
445,0.0,four_day,weak,0.84375,1.4049792080572203,-9.564266304061405,6,12
445,0.0,four_day,weak_skew,0.25,3.405255897655065,-9.564266304061405,6,12
446,0.0,daily,alt,0.04899020195960808,-6.102434506925744,-7.479569771413416,12,12
446,0.0,daily,sharp,0.5150969806038792,1.5704789780893496,-7.479569771413416,12,12
446,0.0,daily,weak,0.3203359328134373,2.500724664253536,-7.479569771413416,12,12
446,0.0,daily,weak_skew,0.7204559088182364,1.3307803154385105,-7.479569771413416,12,12
446,0.0,two_day,alt,0.00537109375,-14.583390793971432,-7.479569771413416,12,12
446,0.0,two_day,sharp,0.0859375,-5.166323624425416,-7.479569771413416,12,12
446,0.0,two_day,weak,0.28564453125,-3.8592375230805995,-7.479569771413416,12,12
446,0.0,two_day,weak_skew,0.50537109375,-3.308704758705441,-7.479569771413416,12,12
446,0.0,four_day,alt,0.0625,-12.493787557386066,-7.479569771413416,6,12
446,0.0,four_day,sharp,0.28125,-4.452193177920335,-7.479569771413416,6,12
446,0.0,four_day,weak,0.125,-13.290600250590032,-7.479569771413416,6,12
446,0.0,four_day,weak_skew,0.6875,-2.928695398212477,-7.479569771413416,6,12
447,0.0,daily,alt,0.250749850029994,-3.9929917294472292,-8.046262043769318,12,12
447,0.0,daily,sharp,0.3887222555488902,1.7083310844048398,-8.046262043769318,12,12
447,0.0,daily,weak,0.6240751849630074,1.6458220071765293,-8.046262043769318,12,12
447,0.0,daily,weak_skew,0.1365726854629074,3.2989740502742664,-8.046262043769318,12,12
447,0.0,two_day,alt,0.07958984375,-7.380401740916667,-8.046262043769318,12,12
447,0.0,two_day,sharp,0.99072265625,0.032686467817930165,-8.046262043769318,12,12
447,0.0,two_day,weak,0.70263671875,-1.701496863266814,-8.046262043769318,12,12
447,0.0,two_day,weak_skew,0.75634765625,1.2904758366500715,-8.046262043769318,12,12
447,0.0,four_day,alt,0.21875,-6.9312957134589865,-8.046262043769318,6,12
447,0.0,four_day,sharp,0.5625,1.6473093996374633,-8.046262043769318,6,12
447,0.0,four_day,weak,0.5625,1.7119118272177236,-8.046262043769318,6,12
447,0.0,four_day,weak_skew,0.84375,-0.5839840829514209,-8.046262043769318,6,12
448,0.0,daily,alt,0.03999200159968006,-9.313553062798812,-5.572087513606846,12,12
448,0.0,daily,sharp,0.39212157568486306,-2.9945442458722256,-5.572087513606846,12,12
448,0.0,daily,weak,0.4615076984603079,-2.628893334665555,-5.572087513606846,12,12
448,0.0,daily,weak_skew,0.4511097780443911,-3.2957170698475213,-5.572087513606846,12,12
448,0.0,two_day,alt,0.22412109375,-6.4127063275830976,-5.572087513606846,12,12
448,0.0,two_day,sharp,0.99169921875,-0.037184892830493275,-5.572087513606846,12,12
448,0.0,two_day,weak,0.94287109375,-0.23227077376728644,-5.572087513606846,12,12
448,0.0,two_day,weak_skew,0.8203125,0.7825442240877756,-5.572087513606846,12,12
448,0.0,four_day,alt,0.125,-9.493275207124322,-5.572087513606846,6,12
448,0.0,four_day,sharp,0.40625,-2.758817190674326,-5.572087513606846,6,12
448,0.0,four_day,weak,0.34375,2.81072137141035,-5.572087513606846,6,12
448,0.0,four_day,weak_skew,0.8125,-1.3844872639122758,-5.572087513606846,6,12
449,0.0,daily,alt,0.05378924215156969,-7.932681403305168,-9.523823412074911,12,12
449,0.0,daily,sharp,0.5790841831633673,1.3474976812109734,-9.523823412074911,12,12
449,0.0,daily,weak,0.5896820635872826,1.0952437983343508,-9.523823412074911,12,12
449,0.0,daily,weak_skew,0.33153369326134774,3.4717492932552845,-9.523823412074911,12,12
449,0.0,two_day,alt,0.1689453125,-5.797384089950704,-9.523823412074911,12,12
449,0.0,two_day,sharp,0.16357421875,4.18186673672236,-9.523823412074911,12,12
449,0.0,two_day,weak,0.72998046875,1.288570246277142,-9.523823412074911,12,12
449,0.0,two_day,weak_skew,0.1455078125,5.280356451486951,-9.523823412074911,12,12
449,0.0,four_day,alt,0.4375,-4.112196841119709,-9.523823412074911,6,12
449,0.0,four_day,sharp,0.34375,4.500473681657482,-9.523823412074911,6,12
449,0.0,four_day,weak,0.125,11.096151199523112,-9.523823412074911,6,12
449,0.0,four_day,weak_skew,0.8125,1.3821368090851027,-9.523823412074911,6,12
450,0.0,daily,alt,0.07498500299940011,-8.846432038970738,-9.582160477778835,12,12
450,0.0,daily,sharp,0.9224155168966207,-0.6149121087843122,-9.582160477778835,12,12
450,0.0,daily,weak,0.7706458708258348,-1.6891115463764972,-9.582160477778835,12,12
450,0.0,daily,weak_skew,0.7644471105778844,-1.7208696002950106,-9.582160477778835,12,12
450,0.0,two_day,alt,0.0029296875,-15.668212431679473,-9.582160477778835,12,12
450,0.0,two_day,sharp,0.044921875,-7.478445070678273,-9.582160477778835,12,12
450,0.0,two_day,weak,0.03173828125,-9.572304829724297,-9.582160477778835,12,12
450,0.0,two_day,weak_skew,0.015625,-9.81749868296067,-9.582160477778835,12,12
450,0.0,four_day,alt,0.09375,-16.889648498534658,-9.582160477778835,6,12
450,0.0,four_day,sharp,0.28125,-7.655738573279902,-9.582160477778835,6,12
450,0.0,four_day,weak,0.6875,-2.5999146520637915,-9.582160477778835,6,12
450,0.0,four_day,weak_skew,0.1875,-10.797556391375716,-9.582160477778835,6,12
451,0.0,daily,alt,0.003999200159968006,-6.896928553976648,-8.578622586418817,12,12
451,0.0,daily,sharp,0.2443511297740452,1.7859597444722617,-8.578622586418817,12,12
451,0.0,daily,weak,0.13257348530293941,4.273733857698576,-8.578622586418817,12,12
451,0.0,daily,weak_skew,0.5666866626674665,1.466704124183342,-8.578622586418817,12,12
451,0.0,two_day,alt,0.0087890625,-11.976817514661017,-8.578622586418817,12,12
451,0.0,two_day,sharp,0.810546875,-0.6043299669690972,-8.578622586418817,12,12
451,0.0,two_day,weak,0.7041015625,-1.412875317358031,-8.578622586418817,12,12
451,0.0,two_day,weak_skew,0.55126953125,2.6611251124474244,-8.578622586418817,12,12
451,0.0,four_day,alt,0.125,-11.618184633915439,-8.578622586418817,6,12
451,0.0,four_day,sharp,0.84375,-0.9551775921361868,-8.578622586418817,6,12
451,0.0,four_day,weak,0.5625,-3.6930190059813697,-8.578622586418817,6,12
451,0.0,four_day,weak_skew,0.34375,-4.5448162638218745,-8.578622586418817,6,12
452,0.0,daily,alt,0.01259748050389922,-9.84010469281109,-7.322388403920563,12,12
452,0.0,daily,sharp,0.8142371525694861,0.7136465186622013,-7.322388403920563,12,12
452,0.0,daily,weak,0.47110577884423116,2.6542734930939518,-7.322388403920563,12,12
452,0.0,daily,weak_skew,0.47250549890022,-2.0993391116710893,-7.322388403920563,12,12
452,0.0,two_day,alt,0.2080078125,-7.622824825089805,-7.322388403920563,12,12
452,0.0,two_day,sharp,0.892578125,0.3491955874757012,-7.322388403920563,12,12
452,0.0,two_day,weak,0.2392578125,-3.0004511267640623,-7.322388403920563,12,12
452,0.0,two_day,weak_skew,0.6064453125,1.848393460786647,-7.322388403920563,12,12
452,0.0,four_day,alt,0.25,-6.242552600059537,-7.322388403920563,6,12
452,0.0,four_day,sharp,0.8125,0.926720910213542,-7.322388403920563,6,12
452,0.0,four_day,weak,0.5625,-3.2830848598025746,-7.322388403920563,6,12
452,0.0,four_day,weak_skew,0.40625,3.9980010626521576,-7.322388403920563,6,12
453,0.0,daily,alt,0.00639872025594881,-6.144774125578419,-8.497590398877392,12,12
453,0.0,daily,sharp,0.3629274145170966,1.2441290052002987,-8.497590398877392,12,12
453,0.0,daily,weak,0.9054189162167566,-0.2958732737858423,-8.497590398877392,12,12
453,0.0,daily,weak_skew,0.8348330333933214,0.40643259897895057,-8.497590398877392,12,12
453,0.0,two_day,alt,0.11181640625,-5.505704065438919,-8.497590398877392,12,12
453,0.0,two_day,sharp,0.78173828125,0.47755354632907715,-8.497590398877392,12,12
453,0.0,two_day,weak,0.32373046875,-3.1332217495232695,-8.497590398877392,12,12
453,0.0,two_day,weak_skew,0.4228515625,4.2195657801993205,-8.497590398877392,12,12
453,0.0,four_day,alt,0.03125,-9.275459891358857,-8.497590398877392,6,12
453,0.0,four_day,sharp,0.1875,-2.3277529850600396,-8.497590398877392,6,12
453,0.0,four_day,weak,0.34375,-3.2731308289101073,-8.497590398877392,6,12
453,0.0,four_day,weak_skew,0.46875,-2.1288774448166663,-8.497590398877392,6,12
454,0.0,daily,alt,0.021595680863827234,-7.13809940706692,-5.9909417279169475,12,12
454,0.0,daily,sharp,0.7068586282743451,0.9481175382382739,-5.9909417279169475,12,12
454,0.0,daily,weak,0.8166366726654669,0.6838017232287138,-5.9909417279169475,12,12
454,0.0,daily,weak_skew,0.858628274345131,-0.49891083637178113,-5.9909417279169475,12,12
454,0.0,two_day,alt,0.259765625,-4.877676775021931,-5.9909417279169475,12,12
454,0.0,two_day,sharp,0.97509765625,-0.1263300210019942,-5.9909417279169475,12,12
454,0.0,two_day,weak,0.6591796875,-1.9678147459696547,-5.9909417279169475,12,12
454,0.0,two_day,weak_skew,0.57958984375,2.774734974030118,-5.9909417279169475,12,12
454,0.0,four_day,alt,0.65625,-2.925556549583886,-5.9909417279169475,6,12
454,0.0,four_day,sharp,0.40625,4.260682916161031,-5.9909417279169475,6,12
454,0.0,four_day,weak,0.75,2.097466288561107,-5.9909417279169475,6,12
454,0.0,four_day,weak_skew,0.5625,3.503808373573134,-5.9909417279169475,6,12
455,0.0,daily,alt,0.5640871825634873,-2.1846552140012214,-9.749913023937353,12,12
455,0.0,daily,sharp,0.06678664267146571,8.6048970136876,-9.749913023937353,12,12
455,0.0,daily,weak,0.1297740451909618,7.9831400550487075,-9.749913023937353,12,12
455,0.0,daily,weak_skew,0.15856828634273146,7.556445650296549,-9.749913023937353,12,12
455,0.0,two_day,alt,0.173828125,-4.845954702182642,-9.749913023937353,12,12
455,0.0,two_day,sharp,0.39697265625,3.7786842745858897,-9.749913023937353,12,12
455,0.0,two_day,weak,0.72900390625,1.682599808678681,-9.749913023937353,12,12
455,0.0,two_day,weak_skew,0.4794921875,3.0132585267752767,-9.749913023937353,12,12
455,0.0,four_day,alt,0.0625,-11.842235272401732,-9.749913023937353,6,12
455,0.0,four_day,sharp,0.6875,-2.6798573796634373,-9.749913023937353,6,12
455,0.0,four_day,weak,0.625,2.371583065101311,-9.749913023937353,6,12
455,0.0,four_day,weak_skew,0.09375,-4.727046597585196,-9.749913023937353,6,12
456,0.0,daily,alt,0.5550889822035593,-2.4087354546589155,-7.736291882074312,12,12
456,0.0,daily,sharp,0.21195760847830433,3.029742512308422,-7.736291882074312,12,12
456,0.0,daily,weak,0.15256948610277946,4.744236160830005,-7.736291882074312,12,12
456,0.0,daily,weak_skew,0.5644871025794841,1.770244274673092,-7.736291882074312,12,12
456,0.0,two_day,alt,0.08642578125,-7.245910758520439,-7.736291882074312,12,12
456,0.0,two_day,sharp,0.9716796875,0.11713058368712599,-7.736291882074312,12,12
456,0.0,two_day,weak,0.890625,-0.5683735456661901,-7.736291882074312,12,12
456,0.0,two_day,weak_skew,0.94482421875,-0.3526953369545052,-7.736291882074312,12,12
456,0.0,four_day,alt,0.46875,-3.4143808796840864,-7.736291882074312,6,12
456,0.0,four_day,sharp,0.34375,3.915066463193449,-7.736291882074312,6,12
456,0.0,four_day,weak,0.59375,5.120354553564959,-7.736291882074312,6,12
456,0.0,four_day,weak_skew,0.75,1.369588988415168,-7.736291882074312,6,12
457,0.0,daily,alt,0.0007998400319936012,-12.302704033315615,-11.424666700808714,12,12
457,0.0,daily,sharp,0.4809038192361528,-2.4522791976631027,-11.424666700808714,12,12
457,0.0,daily,weak,0.6816636672665467,-1.4304844784577935,-11.424666700808714,12,12
457,0.0,daily,weak_skew,0.7484503099380124,-1.2955865639224509,-11.424666700808714,12,12
457,0.0,two_day,alt,0.0166015625,-12.98302252260285,-11.424666700808714,12,12
457,0.0,two_day,sharp,0.59228515625,-2.322812927536797,-11.424666700808714,12,12
457,0.0,two_day,weak,0.7626953125,1.7314885974722418,-11.424666700808714,12,12
457,0.0,two_day,weak_skew,0.32373046875,-4.1921190678219205,-11.424666700808714,12,12
457,0.0,four_day,alt,0.375,-4.900960168105732,-11.424666700808714,6,12
457,0.0,four_day,sharp,0.34375,5.036378009824426,-11.424666700808714,6,12
457,0.0,four_day,weak,0.8125,-1.5484907596004394,-11.424666700808714,6,12
457,0.0,four_day,weak_skew,0.40625,7.257616304479954,-11.424666700808714,6,12
458,0.0,daily,alt,0.31593681263747253,-4.649842376810267,-10.021604912778166,12,12
458,0.0,daily,sharp,0.006998600279944011,3.5425468233896957,-10.021604912778166,12,12
458,0.0,daily,weak,0.1793641271745651,2.3209112202492044,-10.021604912778166,12,12
458,0.0,daily,weak_skew,0.26134773045390924,2.267982021477003,-10.021604912778166,12,12
458,0.0,two_day,alt,0.0009765625,-13.833156567692972,-10.021604912778166,12,12
458,0.0,two_day,sharp,0.0458984375,-3.634018718998155,-10.021604912778166,12,12
458,0.0,two_day,weak,0.15576171875,-4.600684116468982,-10.021604912778166,12,12
458,0.0,two_day,weak_skew,0.33251953125,-2.3850576929649816,-10.021604912778166,12,12
458,0.0,four_day,alt,0.09375,-9.547998890300152,-10.021604912778166,6,12
458,0.0,four_day,sharp,0.875,0.5715824083976718,-10.021604912778166,6,12
458,0.0,four_day,weak,0.1875,6.138616065220968,-10.021604912778166,6,12
458,0.0,four_day,weak_skew,0.3125,4.454616929379384,-10.021604912778166,6,12
459,0.0,daily,alt,0.03179364127174565,-7.307566452761047,-9.381406029767419,12,12
459,0.0,daily,sharp,0.22215556888622276,2.6441635098788807,-9.381406029767419,12,12
459,0.0,daily,weak,0.48830233953209357,2.081307200390334,-9.381406029767419,12,12
459,0.0,daily,weak_skew,0.6050789842031594,1.3126811274066388,-9.381406029767419,12,12
459,0.0,two_day,alt,0.00146484375,-9.850316303764599,-9.381406029767419,12,12
459,0.0,two_day,sharp,0.51611328125,2.9118932527034342,-9.381406029767419,12,12
459,0.0,two_day,weak,0.8349609375,1.2245194083769462,-9.381406029767419,12,12
459,0.0,two_day,weak_skew,0.38720703125,5.0074731587882075,-9.381406029767419,12,12
459,0.0,four_day,alt,0.03125,-9.488183669002032,-9.381406029767419,6,12
459,0.0,four_day,sharp,0.53125,2.226336381244215,-9.381406029767419,6,12
459,0.0,four_day,weak,0.625,1.9364669757561366,-9.381406029767419,6,12
459,0.0,four_day,weak_skew,0.25,6.513368818410104,-9.381406029767419,6,12
460,0.0,daily,alt,0.0001999600079984003,-13.874743694543964,-9.406640340655613,12,12
460,0.0,daily,sharp,0.0621875624875025,-2.6124829100798266,-9.406640340655613,12,12
460,0.0,daily,weak,0.8902219556088782,0.36990551040456826,-9.406640340655613,12,12
460,0.0,daily,weak_skew,0.09538092381523695,-3.202239077475804,-9.406640340655613,12,12
460,0.0,two_day,alt,0.00927734375,-9.371363119023385,-9.406640340655613,12,12
460,0.0,two_day,sharp,0.94482421875,-0.10538187970930461,-9.406640340655613,12,12
460,0.0,two_day,weak,0.6533203125,1.6873660773999617,-9.406640340655613,12,12
460,0.0,two_day,weak_skew,0.7822265625,0.7552112782243695,-9.406640340655613,12,12
460,0.0,four_day,alt,0.03125,-11.775313849924373,-9.406640340655613,6,12
460,0.0,four_day,sharp,0.40625,-1.2401014999651114,-9.406640340655613,6,12
460,0.0,four_day,weak,0.8125,-1.8838267996118034,-9.406640340655613,6,12
460,0.0,four_day,weak_skew,0.03125,-3.7408627390479645,-9.406640340655613,6,12
461,0.0,daily,alt,0.0005998800239952009,-12.73738537916491,-9.406286826678162,12,12
461,0.0,daily,sharp,0.5088982203559288,-1.6418530247327443,-9.406286826678162,12,12
461,0.0,daily,weak,0.757248550289942,-0.942461656910135,-9.406286826678162,12,12
461,0.0,daily,weak_skew,0.6342731453709258,-1.6860452478424477,-9.406286826678162,12,12
461,0.0,two_day,alt,0.7861328125,-1.166009322060665,-9.406286826678162,12,12
461,0.0,two_day,sharp,0.0361328125,6.544177456035167,-9.406286826678162,12,12
461,0.0,two_day,weak,0.0361328125,10.328448224265635,-9.406286826678162,12,12
461,0.0,two_day,weak_skew,0.1376953125,4.68959967232147,-9.406286826678162,12,12
461,0.0,four_day,alt,0.03125,-15.0486173671975,-9.406286826678162,6,12
461,0.0,four_day,sharp,0.28125,-3.3506306357626,-9.406286826678162,6,12
461,0.0,four_day,weak,0.1875,-6.388585551982175,-9.406286826678162,6,12
461,0.0,four_day,weak_skew,1.0,0.13465771192032014,-9.406286826678162,6,12
462,0.0,daily,alt,0.0001999600079984003,-12.499089232882774,-10.390386976846209,12,12
462,0.0,daily,sharp,0.371125774845031,-1.2731624920579627,-10.390386976846209,12,12
462,0.0,daily,weak,0.6854629074185163,-0.9841222150916314,-10.390386976846209,12,12
462,0.0,daily,weak_skew,0.003599280143971206,-4.24250036418458,-10.390386976846209,12,12
462,0.0,two_day,alt,0.076171875,-8.32470663325046,-10.390386976846209,12,12
462,0.0,two_day,sharp,0.78466796875,1.0015371762328111,-10.390386976846209,12,12
462,0.0,two_day,weak,0.36376953125,2.9425536137528745,-10.390386976846209,12,12
462,0.0,two_day,weak_skew,0.89306640625,-0.5108995898112715,-10.390386976846209,12,12
462,0.0,four_day,alt,0.1875,-5.273890371909729,-10.390386976846209,6,12
462,0.0,four_day,sharp,0.0625,4.200799147447007,-10.390386976846209,6,12
462,0.0,four_day,weak,0.5,4.595507038140243,-10.390386976846209,6,12
462,0.0,four_day,weak_skew,0.34375,4.660916121537949,-10.390386976846209,6,12
463,0.0,daily,alt,0.03499300139972006,-7.596482091179488,-6.663792232798784,12,12
463,0.0,daily,sharp,0.7194561087782444,0.9239927105166945,-6.663792232798784,12,12
463,0.0,daily,weak,0.6180763847230554,-1.5023658986039425,-6.663792232798784,12,12
463,0.0,daily,weak_skew,0.9616076784643072,-0.1618192831551261,-6.663792232798784,12,12
463,0.0,two_day,alt,0.091796875,-6.005917160096792,-6.663792232798784,12,12
463,0.0,two_day,sharp,0.60302734375,1.1897775503114538,-6.663792232798784,12,12
463,0.0,two_day,weak,0.2998046875,4.118304138462791,-6.663792232798784,12,12
463,0.0,two_day,weak_skew,0.974609375,0.08600429054663768,-6.663792232798784,12,12
463,0.0,four_day,alt,0.09375,-11.704665420425224,-6.663792232798784,6,12
463,0.0,four_day,sharp,0.65625,-2.147307502628582,-6.663792232798784,6,12
463,0.0,four_day,weak,0.96875,-0.07585532830140806,-6.663792232798784,6,12
463,0.0,four_day,weak_skew,1.0,-0.5502255704506768,-6.663792232798784,6,12
464,0.0,daily,alt,0.0001999600079984003,-14.384758436332918,-14.32951786942111,12,12
464,0.0,daily,sharp,0.4285142971405719,-1.5772594094812973,-14.32951786942111,12,12
464,0.0,daily,weak,0.1967606478704259,-2.114072531150514,-14.32951786942111,12,12
464,0.0,daily,weak_skew,0.3245350929814037,-2.2697992243184424,-14.32951786942111,12,12
464,0.0,two_day,alt,0.08251953125,-12.838655471634121,-14.32951786942111,12,12
464,0.0,two_day,sharp,0.52978515625,1.761422700691572,-14.32951786942111,12,12
464,0.0,two_day,weak,0.94384765625,-0.2707857390236228,-14.32951786942111,12,12
464,0.0,two_day,weak_skew,0.95166015625,-0.20850139732104722,-14.32951786942111,12,12
464,0.0,four_day,alt,0.03125,-18.582488853532087,-14.32951786942111,6,12
464,0.0,four_day,sharp,0.15625,-3.2269057060996644,-14.32951786942111,6,12
464,0.0,four_day,weak,0.78125,-1.9330421574076837,-14.32951786942111,6,12
464,0.0,four_day,weak_skew,0.375,-3.9633472748649616,-14.32951786942111,6,12
465,0.0,daily,alt,0.6028794241151769,-1.2755531562611697,-2.7478947924881965,12,12
465,0.0,daily,sharp,0.6252749450109978,-0.8700236603049477,-2.7478947924881965,12,12
465,0.0,daily,weak,0.4881023795240952,-2.2596255433079304,-2.7478947924881965,12,12
465,0.0,daily,weak_skew,0.3167366526694661,-2.4473316946917847,-2.7478947924881965,12,12
465,0.0,two_day,alt,0.05029296875,-8.433029720763722,-2.7478947924881965,12,12
465,0.0,two_day,sharp,0.951171875,0.1649518102341195,-2.7478947924881965,12,12
465,0.0,two_day,weak,0.8916015625,0.41617215804692737,-2.7478947924881965,12,12
465,0.0,two_day,weak_skew,0.662109375,-1.5866931318593125,-2.7478947924881965,12,12
465,0.0,four_day,alt,0.75,-1.4244130519032805,-2.7478947924881965,6,12
465,0.0,four_day,sharp,0.9375,0.26305831492422743,-2.7478947924881965,6,12
465,0.0,four_day,weak,0.125,7.266921897136737,-2.7478947924881965,6,12
465,0.0,four_day,weak_skew,0.375,-3.0470245928149815,-2.7478947924881965,6,12
466,0.0,daily,alt,0.003599280143971206,-12.16096757030767,-8.997708885542785,12,12
466,0.0,daily,sharp,0.38552289542091583,-3.186835080223434,-8.997708885542785,12,12
466,0.0,daily,weak,0.4673065386922616,-2.7947185828375516,-8.997708885542785,12,12
466,0.0,daily,weak_skew,0.17076584683063387,-5.341747136978522,-8.997708885542785,12,12
466,0.0,two_day,alt,0.0009765625,-14.300248942110352,-8.997708885542785,12,12
466,0.0,two_day,sharp,0.0712890625,-4.6193959057636915,-8.997708885542785,12,12
466,0.0,two_day,weak,0.337890625,-3.7958917332121707,-8.997708885542785,12,12
466,0.0,two_day,weak_skew,0.10400390625,-5.658576638763709,-8.997708885542785,12,12
466,0.0,four_day,alt,0.3125,-5.971096339386051,-8.997708885542785,6,12
466,0.0,four_day,sharp,0.90625,0.5377154858690835,-8.997708885542785,6,12
466,0.0,four_day,weak,0.75,-2.4445058673173192,-8.997708885542785,6,12
466,0.0,four_day,weak_skew,1.0,0.0920444083933359,-8.997708885542785,6,12
467,0.0,daily,alt,0.04919016196760648,-8.281617932755625,-8.979009164186756,12,12
467,0.0,daily,sharp,0.5808838232353529,1.1422513185269079,-8.979009164186756,12,12
467,0.0,daily,weak,0.5050989802039592,-2.1083685025203036,-8.979009164186756,12,12
467,0.0,daily,weak_skew,0.46250749850029993,2.08723963610232,-8.979009164186756,12,12
467,0.0,two_day,alt,0.01123046875,-16.496959344613828,-8.979009164186756,12,12
467,0.0,two_day,sharp,0.2509765625,-4.374279834254879,-8.979009164186756,12,12
467,0.0,two_day,weak,0.33642578125,-4.403188915574815,-8.979009164186756,12,12
467,0.0,two_day,weak_skew,0.3388671875,-4.1672476848887126,-8.979009164186756,12,12
467,0.0,four_day,alt,0.03125,-11.19315634663416,-8.979009164186756,6,12
467,0.0,four_day,sharp,0.84375,0.7203048122775435,-8.979009164186756,6,12
467,0.0,four_day,weak,0.0625,-4.809669552654916,-8.979009164186756,6,12
467,0.0,four_day,weak_skew,0.53125,-2.56183827961535,-8.979009164186756,6,12
468,0.0,daily,alt,0.08678264347130574,-7.17149038157909,-4.031975864725993,12,12
468,0.0,daily,sharp,0.26874625074985004,-3.3113888546914243,-4.031975864725993,12,12
468,0.0,daily,weak,0.5286942611477704,-2.4718753946139103,-4.031975864725993,12,12
468,0.0,daily,weak_skew,0.011597680463907219,-7.0356051759101925,-4.031975864725993,12,12
468,0.0,two_day,alt,0.02294921875,-11.529568894300796,-4.031975864725993,12,12
468,0.0,two_day,sharp,0.01123046875,-6.143755295459371,-4.031975864725993,12,12
468,0.0,two_day,weak,0.46240234375,-3.074312290436442,-4.031975864725993,12,12
468,0.0,two_day,weak_skew,0.02734375,-5.976989711866032,-4.031975864725993,12,12
468,0.0,four_day,alt,0.03125,-12.20732826702933,-4.031975864725993,6,12
468,0.0,four_day,sharp,0.0625,-3.984652937091996,-4.031975864725993,6,12
468,0.0,four_day,weak,0.4375,-4.984018064530748,-4.031975864725993,6,12
468,0.0,four_day,weak_skew,0.875,-0.3682665874014184,-4.031975864725993,6,12
469,0.0,daily,alt,0.0611877624475105,-7.191945134876445,-7.62789776145037,12,12
469,0.0,daily,sharp,0.8848230353929214,0.3137329427360112,-7.62789776145037,12,12
469,0.0,daily,weak,0.22275544891021795,2.2984658791592447,-7.62789776145037,12,12
469,0.0,daily,weak_skew,0.6472705458908218,-1.3306700776257994,-7.62789776145037,12,12
469,0.0,two_day,alt,0.00146484375,-11.760841443589939,-7.62789776145037,12,12
469,0.0,two_day,sharp,0.0439453125,-3.708799743808273,-7.62789776145037,12,12
469,0.0,two_day,weak,0.24853515625,-4.328150902568001,-7.62789776145037,12,12
469,0.0,two_day,weak_skew,0.33544921875,4.694214835054875,-7.62789776145037,12,12
469,0.0,four_day,alt,0.1875,-6.02202167967999,-7.62789776145037,6,12
469,0.0,four_day,sharp,0.6875,1.2349527852853963,-7.62789776145037,6,12
469,0.0,four_day,weak,0.59375,4.751635743708733,-7.62789776145037,6,12
469,0.0,four_day,weak_skew,0.5625,2.6789032340091077,-7.62789776145037,6,12
470,0.0,daily,alt,0.05718856228754249,-7.175740114977509,-8.152713892252393,12,12
470,0.0,daily,sharp,0.7298540291941612,-0.9070071349096741,-8.152713892252393,12,12
470,0.0,daily,weak,0.705258948210358,-1.4082887343107509,-8.152713892252393,12,12
470,0.0,daily,weak_skew,0.968006398720256,-0.12474695458956712,-8.152713892252393,12,12
470,0.0,two_day,alt,0.10693359375,-7.790948386598011,-8.152713892252393,12,12
470,0.0,two_day,sharp,0.8515625,1.5517040043074264,-8.152713892252393,12,12
470,0.0,two_day,weak,0.8623046875,1.0702615225021155,-8.152713892252393,12,12
470,0.0,two_day,weak_skew,0.80322265625,-0.8756876247787986,-8.152713892252393,12,12
470,0.0,four_day,alt,0.1875,-8.31016049626781,-8.152713892252393,6,12
470,0.0,four_day,sharp,0.53125,-2.9594707706375787,-8.152713892252393,6,12
470,0.0,four_day,weak,0.25,-6.775943378166624,-8.152713892252393,6,12
470,0.0,four_day,weak_skew,0.1875,-5.609450034226033,-8.152713892252393,6,12
471,0.0,daily,alt,0.003599280143971206,-7.4622171201724,-8.430621960114529,12,12
471,0.0,daily,sharp,0.5162967406518696,1.029929807040266,-8.430621960114529,12,12
471,0.0,daily,weak,0.8738252349530093,0.4463815970753687,-8.430621960114529,12,12
471,0.0,daily,weak_skew,0.6546690661867627,1.2707832284025884,-8.430621960114529,12,12
471,0.0,two_day,alt,0.064453125,-4.365473891532212,-8.430621960114529,12,12
471,0.0,two_day,sharp,0.09033203125,3.260291495811655,-8.430621960114529,12,12
471,0.0,two_day,weak,0.18603515625,5.23487567174547,-8.430621960114529,12,12
471,0.0,two_day,weak_skew,0.29052734375,2.6648503897276345,-8.430621960114529,12,12
471,0.0,four_day,alt,0.03125,-6.610794141439417,-8.430621960114529,6,12
471,0.0,four_day,sharp,0.21875,2.2456562347808813,-8.430621960114529,6,12
471,0.0,four_day,weak,0.375,3.58590086985256,-8.430621960114529,6,12
471,0.0,four_day,weak_skew,0.28125,4.68057195241957,-8.430621960114529,6,12
472,0.0,daily,alt,0.009998000399920015,-7.042829627263008,-10.185066664115553,12,12
472,0.0,daily,sharp,0.3149370125974805,3.288714949881672,-10.185066664115553,12,12
472,0.0,daily,weak,0.15356928614277143,6.25339923828706,-10.185066664115553,12,12
472,0.0,daily,weak_skew,0.1739652069586083,5.633681099937803,-10.185066664115553,12,12
472,0.0,two_day,alt,0.0048828125,-11.47578833384592,-10.185066664115553,12,12
472,0.0,two_day,sharp,0.77587890625,1.0174029035020549,-10.185066664115553,12,12
472,0.0,two_day,weak,0.8193359375,1.1198706825326077,-10.185066664115553,12,12
472,0.0,two_day,weak_skew,0.50537109375,-2.4929613821071546,-10.185066664115553,12,12
472,0.0,four_day,alt,0.28125,-4.522728773701313,-10.185066664115553,6,12
472,0.0,four_day,sharp,0.3125,3.8840608995864017,-10.185066664115553,6,12
472,0.0,four_day,weak,0.375,3.0676631533633647,-10.185066664115553,6,12
472,0.0,four_day,weak_skew,0.84375,0.9719595160791054,-10.185066664115553,6,12
473,0.0,daily,alt,0.05338932213557288,-6.479264785917903,-7.476943904302388,12,12
473,0.0,daily,sharp,0.5518896220755849,1.2152684839052867,-7.476943904302388,12,12
473,0.0,daily,weak,0.1851629674065187,3.325215509661955,-7.476943904302388,12,12
473,0.0,daily,weak_skew,0.8522295540891822,0.4762683028280937,-7.476943904302388,12,12
473,0.0,two_day,alt,0.04638671875,-8.617202864954427,-7.476943904302388,12,12
473,0.0,two_day,sharp,0.78564453125,-0.9382279374702721,-7.476943904302388,12,12
473,0.0,two_day,weak,0.7109375,-1.6962761763544016,-7.476943904302388,12,12
473,0.0,two_day,weak_skew,0.48876953125,-2.342781461511416,-7.476943904302388,12,12
473,0.0,four_day,alt,0.03125,-16.056894753390768,-7.476943904302388,6,12
473,0.0,four_day,sharp,0.46875,-5.21463524581814,-7.476943904302388,6,12
473,0.0,four_day,weak,0.46875,-6.576315658414898,-7.476943904302388,6,12
473,0.0,four_day,weak_skew,0.21875,-10.645387707925535,-7.476943904302388,6,12
474,0.0,daily,alt,0.0001999600079984003,-14.91211923699926,-9.55990936625156,12,12
474,0.0,daily,sharp,0.003999200159968006,-4.972892962347244,-9.55990936625156,12,12
474,0.0,daily,weak,0.0001999600079984003,-8.604384910494273,-9.55990936625156,12,12
474,0.0,daily,weak_skew,0.0007998400319936012,-6.815768936498537,-9.55990936625156,12,12
474,0.0,two_day,alt,0.00390625,-10.854237044989027,-9.55990936625156,12,12
474,0.0,two_day,sharp,0.8544921875,-0.6674442254515617,-9.55990936625156,12,12
474,0.0,two_day,weak,0.5986328125,-2.2884755541277646,-9.55990936625156,12,12
474,0.0,two_day,weak_skew,0.44384765625,-3.2344093773376614,-9.55990936625156,12,12
474,0.0,four_day,alt,0.46875,-3.1966116295476112,-9.55990936625156,6,12
474,0.0,four_day,sharp,0.0625,6.524298740920461,-9.55990936625156,6,12
474,0.0,four_day,weak,0.34375,4.8543171463707315,-9.55990936625156,6,12
474,0.0,four_day,weak_skew,0.125,6.318501308510612,-9.55990936625156,6,12
475,0.0,daily,alt,0.4261147770445911,-3.671988291041156,-5.946392628849864,12,12
475,0.0,daily,sharp,0.5298940211957609,1.3750338298101188,-5.946392628849864,12,12
475,0.0,daily,weak,0.6934613077384523,0.9178849909927287,-5.946392628849864,12,12
475,0.0,daily,weak_skew,0.6836632673465307,1.4916518063997852,-5.946392628849864,12,12
475,0.0,two_day,alt,0.16455078125,-7.389886202952212,-5.946392628849864,12,12
475,0.0,two_day,sharp,0.85302734375,-0.6844405952608502,-5.946392628849864,12,12
475,0.0,two_day,weak,0.861328125,0.8510271250222257,-5.946392628849864,12,12
475,0.0,two_day,weak_skew,0.31884765625,-4.561239484865381,-5.946392628849864,12,12
475,0.0,four_day,alt,0.15625,-9.39281914901483,-5.946392628849864,6,12
475,0.0,four_day,sharp,0.0625,-4.0519712095400555,-5.946392628849864,6,12
475,0.0,four_day,weak,0.78125,-1.9143469995498563,-5.946392628849864,6,12
475,0.0,four_day,weak_skew,0.03125,-10.117249209186435,-5.946392628849864,6,12
476,0.0,daily,alt,0.0003999200159968006,-9.53724246704771,-10.293989332880294,12,12
476,0.0,daily,sharp,0.5686862627474505,0.7229106661436546,-10.293989332880294,12,12
476,0.0,daily,weak,0.6392721455708859,1.3134107345441144,-10.293989332880294,12,12
476,0.0,daily,weak_skew,0.8640271945610878,-0.258603419280148,-10.293989332880294,12,12
476,0.0,two_day,alt,0.00341796875,-10.368419192086069,-10.293989332880294,12,12
476,0.0,two_day,sharp,0.93505859375,-0.11153443306039594,-10.293989332880294,12,12
476,0.0,two_day,weak,0.06494140625,-4.136441350364305,-10.293989332880294,12,12
476,0.0,two_day,weak_skew,0.38330078125,4.875714738180078,-10.293989332880294,12,12
476,0.0,four_day,alt,0.03125,-12.780574725723389,-10.293989332880294,6,12
476,0.0,four_day,sharp,0.40625,-2.2226174797186977,-10.293989332880294,6,12
476,0.0,four_day,weak,0.71875,-1.3967998759455114,-10.293989332880294,6,12
476,0.0,four_day,weak_skew,0.0625,-5.87350591082292,-10.293989332880294,6,12
477,0.0,daily,alt,0.010597880423915218,-10.061399234375747,-9.00137879346996,12,12
477,0.0,daily,sharp,0.7144571085782844,0.6919585597949981,-9.00137879346996,12,12
477,0.0,daily,weak,0.9344131173765247,0.19296952904926812,-9.00137879346996,12,12
477,0.0,daily,weak_skew,0.6552689462107578,2.1029072208217783,-9.00137879346996,12,12
477,0.0,two_day,alt,0.03515625,-8.402308930120283,-9.00137879346996,12,12
477,0.0,two_day,sharp,0.3232421875,1.5647600150634275,-9.00137879346996,12,12
477,0.0,two_day,weak,0.4208984375,2.1933445774908784,-9.00137879346996,12,12
477,0.0,two_day,weak_skew,0.76806640625,-0.7104228374178128,-9.00137879346996,12,12
477,0.0,four_day,alt,0.03125,-14.509237845218522,-9.00137879346996,6,12
477,0.0,four_day,sharp,0.21875,-3.581316188891691,-9.00137879346996,6,12
477,0.0,four_day,weak,0.1875,-3.5253130036779985,-9.00137879346996,6,12
477,0.0,four_day,weak_skew,0.125,-5.2659080446467295,-9.00137879346996,6,12
478,0.0,daily,alt,0.16256748650269945,-6.456028490829514,-7.963788535150947,12,12
478,0.0,daily,sharp,0.5270945810837833,1.4692425380624048,-7.963788535150947,12,12
478,0.0,daily,weak,0.73625274945011,0.7759402990621483,-7.963788535150947,12,12
478,0.0,daily,weak_skew,0.1879624075184963,4.060685866010991,-7.963788535150947,12,12
478,0.0,two_day,alt,0.1015625,-8.966740592879088,-7.963788535150947,12,12
478,0.0,two_day,sharp,0.75634765625,0.8091763304241741,-7.963788535150947,12,12
478,0.0,two_day,weak,0.20849609375,-5.068335817262974,-7.963788535150947,12,12
478,0.0,two_day,weak_skew,0.91015625,0.4197096718811781,-7.963788535150947,12,12
478,0.0,four_day,alt,0.03125,-15.605802296089484,-7.963788535150947,6,12
478,0.0,four_day,sharp,0.03125,-4.949157131813693,-7.963788535150947,6,12
478,0.0,four_day,weak,0.46875,2.0877881203688156,-7.963788535150947,6,12
478,0.0,four_day,weak_skew,0.375,-4.419677210768683,-7.963788535150947,6,12
479,0.0,daily,alt,0.03199360127974405,-9.337175529619849,-10.942575245730389,12,12
479,0.0,daily,sharp,0.6960607878424315,1.2352424506400979,-10.942575245730389,12,12
479,0.0,daily,weak,0.4355128974205159,3.12162968650416,-10.942575245730389,12,12
479,0.0,daily,weak_skew,0.9702059588082383,-0.1625421831546253,-10.942575245730389,12,12
479,0.0,two_day,alt,0.005859375,-12.218102205169236,-10.942575245730389,12,12
479,0.0,two_day,sharp,0.8896484375,-0.4838848682132806,-10.942575245730389,12,12
479,0.0,two_day,weak,0.86669921875,-0.6337854692945317,-10.942575245730389,12,12
479,0.0,two_day,weak_skew,0.1494140625,-5.682339716082364,-10.942575245730389,12,12
479,0.0,four_day,alt,0.03125,-20.10880345565056,-10.942575245730389,6,12
479,0.0,four_day,sharp,0.09375,-8.337036640863287,-10.942575245730389,6,12
479,0.0,four_day,weak,0.0625,-6.109876317991013,-10.942575245730389,6,12
479,0.0,four_day,weak_skew,0.09375,-9.769648178091044,-10.942575245730389,6,12
480,0.0,daily,alt,0.03799240151969606,-8.049923695513845,-10.100480281591828,12,12
480,0.0,daily,sharp,0.22775444911017798,2.4872749972295316,-10.100480281591828,12,12
480,0.0,daily,weak,0.242751449710058,2.5247126050058633,-10.100480281591828,12,12
480,0.0,daily,weak_skew,0.4261147770445911,1.9352280954763341,-10.100480281591828,12,12
480,0.0,two_day,alt,0.15673828125,-5.567441098322782,-10.100480281591828,12,12
480,0.0,two_day,sharp,0.34033203125,3.55637608298124,-10.100480281591828,12,12
480,0.0,two_day,weak,0.091796875,7.456844104444586,-10.100480281591828,12,12
480,0.0,two_day,weak_skew,0.36181640625,2.8081438876241998,-10.100480281591828,12,12
480,0.0,four_day,alt,0.96875,0.08657384745968717,-10.100480281591828,6,12
480,0.0,four_day,sharp,0.09375,8.409965108155179,-10.100480281591828,6,12
480,0.0,four_day,weak,0.15625,5.69256352118438,-10.100480281591828,6,12
480,0.0,four_day,weak_skew,0.0625,13.011116368596396,-10.100480281591828,6,12
481,0.0,daily,alt,0.013797240551889621,-6.981064227864077,-8.801428850154316,12,12
481,0.0,daily,sharp,0.6280743851229754,0.7777725935862954,-8.801428850154316,12,12
481,0.0,daily,weak,0.6226754649070186,1.4485096633393546,-8.801428850154316,12,12
481,0.0,daily,weak_skew,0.8326334733053389,-0.5554440003843357,-8.801428850154316,12,12
481,0.0,two_day,alt,0.00244140625,-9.009829949080169,-8.801428850154316,12,12
481,0.0,two_day,sharp,0.8349609375,-0.48302633479814777,-8.801428850154316,12,12
481,0.0,two_day,weak,0.658203125,1.8081029762683396,-8.801428850154316,12,12
481,0.0,two_day,weak_skew,0.94580078125,-0.22408092178952485,-8.801428850154316,12,12
481,0.0,four_day,alt,0.125,-9.70092480425488,-8.801428850154316,6,12
481,0.0,four_day,sharp,0.5625,-2.4319703047979737,-8.801428850154316,6,12
481,0.0,four_day,weak,0.9375,0.1589009190303443,-8.801428850154316,6,12
481,0.0,four_day,weak_skew,0.25,-5.436068564888957,-8.801428850154316,6,12
482,0.0,daily,alt,0.009598080383923215,-8.458865467422436,-8.975724526341068,12,12
482,0.0,daily,sharp,0.7908418316336733,0.7265072024115943,-8.975724526341068,12,12
482,0.0,daily,weak,0.7044591081783643,1.1358128201110353,-8.975724526341068,12,12
482,0.0,daily,weak_skew,0.8978204359128175,-0.36201799022573883,-8.975724526341068,12,12
482,0.0,two_day,alt,0.03369140625,-11.831005908605029,-8.975724526341068,12,12
482,0.0,two_day,sharp,0.58544921875,-2.3461194361008118,-8.975724526341068,12,12
482,0.0,two_day,weak,0.68359375,-1.7026701943621319,-8.975724526341068,12,12
482,0.0,two_day,weak_skew,0.34521484375,-5.359596466629747,-8.975724526341068,12,12
482,0.0,four_day,alt,0.125,-8.483946576474162,-8.975724526341068,6,12
482,0.0,four_day,sharp,0.78125,1.233663529390937,-8.975724526341068,6,12
482,0.0,four_day,weak,0.78125,-1.2187294856938244,-8.975724526341068,6,12
482,0.0,four_day,weak_skew,0.625,6.619150360532916,-8.975724526341068,6,12
483,0.0,daily,alt,0.0005998800239952009,-9.754287105327162,-5.8303105192905775,12,12
483,0.0,daily,sharp,0.4997000599880024,-2.831079258471616,-5.8303105192905775,12,12
483,0.0,daily,weak,0.8604279144171165,-1.1512862013162628,-5.8303105192905775,12,12
483,0.0,daily,weak_skew,0.8912217556488702,0.8322945091163637,-5.8303105192905775,12,12
483,0.0,two_day,alt,0.32958984375,-3.6083020534146044,-5.8303105192905775,12,12
483,0.0,two_day,sharp,0.802734375,3.6248846150030527,-5.8303105192905775,12,12
483,0.0,two_day,weak,0.81396484375,1.8564723126078448,-5.8303105192905775,12,12
483,0.0,two_day,weak_skew,0.8154296875,2.6357967479862072,-5.8303105192905775,12,12
483,0.0,four_day,alt,0.34375,-7.231490380567608,-5.8303105192905775,6,12
483,0.0,four_day,sharp,0.8125,-3.246538587314275,-5.8303105192905775,6,12
483,0.0,four_day,weak,0.59375,-3.5685103920528882,-5.8303105192905775,6,12
483,0.0,four_day,weak_skew,0.75,6.532610610681707,-5.8303105192905775,6,12
484,0.0,daily,alt,0.03659268146370726,-7.067913003925551,-8.757764437861681,12,12
484,0.0,daily,sharp,0.46350729854029193,2.7068643344826593,-8.757764437861681,12,12
484,0.0,daily,weak,0.3115376924615077,4.369995082244607,-8.757764437861681,12,12
484,0.0,daily,weak_skew,0.10157968406318736,3.9190540736351047,-8.757764437861681,12,12
484,0.0,two_day,alt,0.419921875,-7.095124908587084,-8.757764437861681,12,12
484,0.0,two_day,sharp,0.58154296875,3.876235958691152,-8.757764437861681,12,12
484,0.0,two_day,weak,0.53564453125,5.4505721578715525,-8.757764437861681,12,12
484,0.0,two_day,weak_skew,0.6943359375,3.450853880337174,-8.757764437861681,12,12
484,0.0,four_day,alt,0.5,-5.838976938076233,-8.757764437861681,6,12
484,0.0,four_day,sharp,0.46875,3.9477687166339686,-8.757764437861681,6,12
484,0.0,four_day,weak,0.875,1.4044724651118823,-8.757764437861681,6,12
484,0.0,four_day,weak_skew,0.34375,9.691750772198091,-8.757764437861681,6,12
485,0.0,daily,alt,0.0001999600079984003,-13.066284441593927,-8.568019781764477,12,12
485,0.0,daily,sharp,0.03139372125574885,-3.3871925391794755,-8.568019781764477,12,12
485,0.0,daily,weak,0.594881023795241,-1.3814159016442897,-8.568019781764477,12,12
485,0.0,daily,weak_skew,0.17376524695060988,-3.8324152212479135,-8.568019781764477,12,12
485,0.0,two_day,alt,0.00341796875,-12.09070069846773,-8.568019781764477,12,12
485,0.0,two_day,sharp,0.61474609375,-1.1776956457321148,-8.568019781764477,12,12
485,0.0,two_day,weak,0.09814453125,-6.015632995125157,-8.568019781764477,12,12
485,0.0,two_day,weak_skew,0.61669921875,2.6572626486807227,-8.568019781764477,12,12
485,0.0,four_day,alt,0.03125,-12.24204396618992,-8.568019781764477,6,12
485,0.0,four_day,sharp,0.34375,-2.3940190527134946,-8.568019781764477,6,12
485,0.0,four_day,weak,0.3125,-6.725840677194065,-8.568019781764477,6,12
485,0.0,four_day,weak_skew,0.46875,-3.1734699807705646,-8.568019781764477,6,12
486,0.0,daily,alt,0.0009998000399920016,-12.6732703831723,-11.111415828015787,12,12
486,0.0,daily,sharp,0.8312337532493501,-0.5437472151049411,-11.111415828015787,12,12
486,0.0,daily,weak,0.14997000599880023,-3.933042744957632,-11.111415828015787,12,12
486,0.0,daily,weak_skew,0.20315936812637472,-2.907750254587486,-11.111415828015787,12,12
486,0.0,two_day,alt,0.00048828125,-18.561369720648575,-11.111415828015787,12,12
486,0.0,two_day,sharp,0.0263671875,-6.0774883096004375,-11.111415828015787,12,12
486,0.0,two_day,weak,0.4296875,-3.1813308257778785,-11.111415828015787,12,12
486,0.0,two_day,weak_skew,0.3662109375,-2.1090215625936914,-11.111415828015787,12,12
486,0.0,four_day,alt,0.03125,-16.530415718586184,-11.111415828015787,6,12
486,0.0,four_day,sharp,0.03125,-5.627320096324442,-11.111415828015787,6,12
486,0.0,four_day,weak,0.625,2.0167080202234047,-11.111415828015787,6,12
486,0.0,four_day,weak_skew,0.71875,-1.4887190110724948,-11.111415828015787,6,12
487,0.0,daily,alt,0.0001999600079984003,-11.350464148027891,-10.206599621435366,12,12
487,0.0,daily,sharp,0.8936212757448511,-0.26720320727947094,-10.206599621435366,12,12
487,0.0,daily,weak,0.9024195160967806,-0.37151823527362754,-10.206599621435366,12,12
487,0.0,daily,weak_skew,0.49190161967606477,-1.952919102881913,-10.206599621435366,12,12
487,0.0,two_day,alt,0.2470703125,-6.77585969113111,-10.206599621435366,12,12
487,0.0,two_day,sharp,0.830078125,0.870602041785995,-10.206599621435366,12,12
487,0.0,two_day,weak,0.8603515625,0.852276212825925,-10.206599621435366,12,12
487,0.0,two_day,weak_skew,0.47607421875,5.187761206351713,-10.206599621435366,12,12
487,0.0,four_day,alt,0.0625,-12.171100794726835,-10.206599621435366,6,12
487,0.0,four_day,sharp,0.4375,-2.152379119509694,-10.206599621435366,6,12
487,0.0,four_day,weak,0.25,-4.398088424075265,-10.206599621435366,6,12
487,0.0,four_day,weak_skew,0.3125,7.735679668148869,-10.206599621435366,6,12
488,0.0,daily,alt,0.0003999200159968006,-8.627602413109184,-9.210933698314292,12,12
488,0.0,daily,sharp,0.9588082383523295,-0.14144324352457716,-9.210933698314292,12,12
488,0.0,daily,weak,0.7038592281543691,-1.1597959156417719,-9.210933698314292,12,12
488,0.0,daily,weak_skew,0.973005398920216,-0.08400852727912245,-9.210933698314292,12,12
488,0.0,two_day,alt,0.00048828125,-10.569651618717357,-9.210933698314292,12,12
488,0.0,two_day,sharp,0.92333984375,-0.18981467260433446,-9.210933698314292,12,12
488,0.0,two_day,weak,0.19580078125,-4.251858541028106,-9.210933698314292,12,12
488,0.0,two_day,weak_skew,0.61962890625,-1.8522936208327436,-9.210933698314292,12,12
488,0.0,four_day,alt,0.03125,-11.112900449606428,-9.210933698314292,6,12
488,0.0,four_day,sharp,0.625,-1.1174915723963974,-9.210933698314292,6,12
488,0.0,four_day,weak,0.9375,0.5139931315355378,-9.210933698314292,6,12
488,0.0,four_day,weak_skew,0.8125,-0.9542464586149985,-9.210933698314292,6,12
489,0.0,daily,alt,0.0005998800239952009,-13.605702597990932,-9.220870862836058,12,12
489,0.0,daily,sharp,0.20095980803839233,-1.614818519389677,-9.220870862836058,12,12
489,0.0,daily,weak,0.09678064387122576,-3.967830821164394,-9.220870862836058,12,12
489,0.0,daily,weak_skew,0.9216156768646271,-0.22984754647729902,-9.220870862836058,12,12
489,0.0,two_day,alt,0.07080078125,-8.149439381321935,-9.220870862836058,12,12
489,0.0,two_day,sharp,0.7568359375,0.8969501405448081,-9.220870862836058,12,12
489,0.0,two_day,weak,0.7431640625,-1.4833181396772204,-9.220870862836058,12,12
489,0.0,two_day,weak_skew,0.7705078125,1.1376000446404309,-9.220870862836058,12,12
489,0.0,four_day,alt,0.09375,-8.998442085461706,-9.220870862836058,6,12
489,0.0,four_day,sharp,1.0,-0.03887493211105664,-9.220870862836058,6,12
489,0.0,four_day,weak,1.0,0.27392050331664447,-9.220870862836058,6,12
489,0.0,four_day,weak_skew,0.09375,-6.067591844576327,-9.220870862836058,6,12
490,0.0,daily,alt,0.020195960807838434,-6.638951165180984,-9.001606074963917,12,12
490,0.0,daily,sharp,0.42131573685262946,1.1057528869882554,-9.001606074963917,12,12
490,0.0,daily,weak,0.7876424715056989,0.662110549140302,-9.001606074963917,12,12
490,0.0,daily,weak_skew,0.9834033193361328,0.0269233947350583,-9.001606074963917,12,12
490,0.0,two_day,alt,0.06298828125,-8.173036517804489,-9.001606074963917,12,12
490,0.0,two_day,sharp,0.97509765625,-0.07050384912421492,-9.001606074963917,12,12
490,0.0,two_day,weak,0.1748046875,4.882975282533976,-9.001606074963917,12,12
490,0.0,two_day,weak_skew,0.8876953125,-0.516229834330512,-9.001606074963917,12,12
490,0.0,four_day,alt,0.09375,-8.930398449029644,-9.001606074963917,6,12
490,0.0,four_day,sharp,0.875,-0.33347649544352836,-9.001606074963917,6,12
490,0.0,four_day,weak,0.28125,-7.505508752726161,-9.001606074963917,6,12
490,0.0,four_day,weak_skew,0.75,-0.6989062024815098,-9.001606074963917,6,12
491,0.0,daily,alt,0.06858628274345131,-7.871148597333234,-7.192766324383548,12,12
491,0.0,daily,sharp,0.6848630273945211,0.8695060215764231,-7.192766324383548,12,12
491,0.0,daily,weak,0.7694461107778444,-1.032629897193835,-7.192766324383548,12,12
491,0.0,daily,weak_skew,0.46450709858028394,-1.1690344725812214,-7.192766324383548,12,12
491,0.0,two_day,alt,0.912109375,-0.7349128995535423,-7.192766324383548,12,12
491,0.0,two_day,sharp,0.6669921875,0.8355834446428568,-7.192766324383548,12,12
491,0.0,two_day,weak,0.24755859375,-4.793128256895025,-7.192766324383548,12,12
491,0.0,two_day,weak_skew,0.62548828125,1.6447218789631837,-7.192766324383548,12,12
491,0.0,four_day,alt,0.4375,-7.406690771226788,-7.192766324383548,6,12
491,0.0,four_day,sharp,0.875,1.5129023868907072,-7.192766324383548,6,12
491,0.0,four_day,weak,0.65625,3.265124904234856,-7.192766324383548,6,12
491,0.0,four_day,weak_skew,0.78125,-1.5053163875866211,-7.192766324383548,6,12
492,0.0,daily,alt,0.09678064387122576,-4.411743670280706,-9.597139099964522,12,12
492,0.0,daily,sharp,0.0609878024395121,3.3839857136095817,-9.597139099964522,12,12
492,0.0,daily,weak,0.5612877424515097,1.8707311424287212,-9.597139099964522,12,12
492,0.0,daily,weak_skew,0.14917016596680663,2.7940191993927344,-9.597139099964522,12,12
492,0.0,two_day,alt,0.19580078125,-6.704473663018078,-9.597139099964522,12,12
492,0.0,two_day,sharp,0.69091796875,1.3365557099711385,-9.597139099964522,12,12
492,0.0,two_day,weak,0.80126953125,1.020803963916918,-9.597139099964522,12,12
492,0.0,two_day,weak_skew,0.64892578125,1.7220697899394366,-9.597139099964522,12,12
492,0.0,four_day,alt,0.09375,-6.988627460830272,-9.597139099964522,6,12
492,0.0,four_day,sharp,0.3125,3.179092616502551,-9.597139099964522,6,12
492,0.0,four_day,weak,0.9375,0.6577928313978146,-9.597139099964522,6,12
492,0.0,four_day,weak_skew,0.53125,2.8816522680427994,-9.597139099964522,6,12
493,0.0,daily,alt,0.0027994401119776045,-9.195653379656337,-6.537603678160629,12,12
493,0.0,daily,sharp,0.7000599880023995,0.7293599818137947,-6.537603678160629,12,12
493,0.0,daily,weak,0.8336332733453309,0.3862081150321431,-6.537603678160629,12,12
493,0.0,daily,weak_skew,0.8666266746650669,-0.43273113786058265,-6.537603678160629,12,12
493,0.0,two_day,alt,0.28564453125,-5.868610471628315,-6.537603678160629,12,12
493,0.0,two_day,sharp,0.30419921875,-1.6576932209494284,-6.537603678160629,12,12
493,0.0,two_day,weak,0.42919921875,2.185200825618382,-6.537603678160629,12,12
493,0.0,two_day,weak_skew,0.70361328125,1.5764354341882996,-6.537603678160629,12,12
493,0.0,four_day,alt,0.6875,-2.6293675813402793,-6.537603678160629,6,12
493,0.0,four_day,sharp,0.0625,2.9098142221155343,-6.537603678160629,6,12
493,0.0,four_day,weak,0.8125,2.404219770018693,-6.537603678160629,6,12
493,0.0,four_day,weak_skew,0.09375,9.287914854179208,-6.537603678160629,6,12
494,0.0,daily,alt,0.0021995600879824036,-8.46062424106237,-6.56841405075064,12,12
494,0.0,daily,sharp,0.5830833833233353,-0.6834241971797752,-6.56841405075064,12,12
494,0.0,daily,weak,0.40991801639672065,-2.540912773040216,-6.56841405075064,12,12
494,0.0,daily,weak_skew,0.2605478904219156,4.359886781604722,-6.56841405075064,12,12
494,0.0,two_day,alt,0.00146484375,-10.816562406592586,-6.56841405075064,12,12
494,0.0,two_day,sharp,0.125,-3.0970626909366525,-6.56841405075064,12,12
494,0.0,two_day,weak,0.171875,-4.751200603261848,-6.56841405075064,12,12
494,0.0,two_day,weak_skew,0.00146484375,-6.474834296063551,-6.56841405075064,12,12
494,0.0,four_day,alt,0.0625,-7.55297785697291,-6.56841405075064,6,12
494,0.0,four_day,sharp,0.9375,-0.0775945940658455,-6.56841405075064,6,12
494,0.0,four_day,weak,0.75,-2.290236075732827,-6.56841405075064,6,12
494,0.0,four_day,weak_skew,0.28125,7.850171735116863,-6.56841405075064,6,12
495,0.0,daily,alt,0.004799040191961607,-12.020343279769456,-11.21777616890489,12,12
495,0.0,daily,sharp,0.8548290341931614,-0.6115739748338971,-11.21777616890489,12,12
495,0.0,daily,weak,0.6666666666666666,1.7718123621493873,-11.21777616890489,12,12
495,0.0,daily,weak_skew,0.8260347930413917,0.8470218653438556,-11.21777616890489,12,12
495,0.0,two_day,alt,0.041015625,-13.300985405125502,-11.21777616890489,12,12
495,0.0,two_day,sharp,0.31689453125,-5.305253434477534,-11.21777616890489,12,12
495,0.0,two_day,weak,0.390625,-4.955610925706526,-11.21777616890489,12,12
495,0.0,two_day,weak_skew,0.17529296875,-7.417720521226031,-11.21777616890489,12,12
495,0.0,four_day,alt,0.15625,-12.059676093330024,-11.21777616890489,6,12
495,0.0,four_day,sharp,0.8125,-1.429267381734384,-11.21777616890489,6,12
495,0.0,four_day,weak,0.5625,-6.128127216197676,-11.21777616890489,6,12
495,0.0,four_day,weak_skew,1.0,-0.026279558010118127,-11.21777616890489,6,12
496,0.0,daily,alt,0.021795640871825634,-5.236166182417141,-8.760201115680367,12,12
496,0.0,daily,sharp,0.08678264347130574,4.736201294825385,-8.760201115680367,12,12
496,0.0,daily,weak,0.19536092781443712,4.165185140625554,-8.760201115680367,12,12
496,0.0,daily,weak_skew,0.15156968606278745,4.3247799906726465,-8.760201115680367,12,12
496,0.0,two_day,alt,0.01708984375,-8.747188869400139,-8.760201115680367,12,12
496,0.0,two_day,sharp,0.63037109375,-1.546199432798837,-8.760201115680367,12,12
496,0.0,two_day,weak,0.16943359375,-5.591648754164566,-8.760201115680367,12,12
496,0.0,two_day,weak_skew,0.9130859375,0.635950848239346,-8.760201115680367,12,12
496,0.0,four_day,alt,0.0625,-9.309404672865607,-8.760201115680367,6,12
496,0.0,four_day,sharp,1.0,0.05380692387125189,-8.760201115680367,6,12
496,0.0,four_day,weak,0.78125,1.815819508892903,-8.760201115680367,6,12
496,0.0,four_day,weak_skew,0.59375,-2.9883350152506694,-8.760201115680367,6,12
497,0.0,daily,alt,0.0007998400319936012,-11.671669122973976,-8.888734256511604,12,12
497,0.0,daily,sharp,0.1357728454309138,-2.9405227051133753,-8.888734256511604,12,12
497,0.0,daily,weak,0.505498900219956,-1.7036545574136592,-8.888734256511604,12,12
497,0.0,daily,weak_skew,0.3327334533093381,-2.587768284226795,-8.888734256511604,12,12
497,0.0,two_day,alt,0.00439453125,-10.112220461456403,-8.888734256511604,12,12
497,0.0,two_day,sharp,0.6103515625,-1.1409792241087828,-8.888734256511604,12,12
497,0.0,two_day,weak,0.5498046875,-2.1580098254635467,-8.888734256511604,12,12
497,0.0,two_day,weak_skew,0.470703125,3.041619928684074,-8.888734256511604,12,12
497,0.0,four_day,alt,0.03125,-16.690156599702032,-8.888734256511604,6,12
497,0.0,four_day,sharp,0.1875,-6.424423113548319,-8.888734256511604,6,12
497,0.0,four_day,weak,0.15625,-9.731981214537507,-8.888734256511604,6,12
497,0.0,four_day,weak_skew,0.75,-2.913783370081424,-8.888734256511604,6,12
498,0.0,daily,alt,0.009198160367926415,-5.932109529335886,-7.479741792216998,12,12
498,0.0,daily,sharp,0.15796840631873627,1.8001106269261846,-7.479741792216998,12,12
498,0.0,daily,weak,0.8244351129774046,0.38941651561941626,-7.479741792216998,12,12
498,0.0,daily,weak_skew,0.3765246950609878,2.433373379528891,-7.479741792216998,12,12
498,0.0,two_day,alt,0.24560546875,-4.312974761495279,-7.479741792216998,12,12
498,0.0,two_day,sharp,0.59814453125,1.1623713394059922,-7.479741792216998,12,12
498,0.0,two_day,weak,0.90966796875,0.3591969039017607,-7.479741792216998,12,12
498,0.0,two_day,weak_skew,0.90234375,-0.35805033509321227,-7.479741792216998,12,12
498,0.0,four_day,alt,0.28125,-3.34579757416463,-7.479741792216998,6,12
498,0.0,four_day,sharp,0.4375,2.4042264203648096,-7.479741792216998,6,12
498,0.0,four_day,weak,0.375,5.840199353674624,-7.479741792216998,6,12
498,0.0,four_day,weak_skew,0.59375,2.4772113086148786,-7.479741792216998,6,12
499,0.0,daily,alt,0.002599480103979204,-9.555021986906278,-9.075454085810577,12,12
499,0.0,daily,sharp,0.6638672265546891,1.0390804859348186,-9.075454085810577,12,12
499,0.0,daily,weak,0.9536092781443711,0.1661063275727089,-9.075454085810577,12,12
499,0.0,daily,weak_skew,0.6982603479304139,1.344778845741488,-9.075454085810577,12,12
499,0.0,two_day,alt,0.037109375,-8.241675357502537,-9.075454085810577,12,12
499,0.0,two_day,sharp,0.859375,0.3918706036590643,-9.075454085810577,12,12
499,0.0,two_day,weak,0.4912109375,2.057762648165154,-9.075454085810577,12,12
499,0.0,two_day,weak_skew,0.3203125,-3.3337841778782784,-9.075454085810577,12,12
499,0.0,four_day,alt,0.0625,-14.288855924058964,-9.075454085810577,6,12
499,0.0,four_day,sharp,0.15625,-5.462888709232424,-9.075454085810577,6,12
499,0.0,four_day,weak,0.09375,-10.413548642229548,-9.075454085810577,6,12
499,0.0,four_day,weak_skew,0.125,-7.669353955322841,-9.075454085810577,6,12
