design,variant,rep,p,weeks,c
daily,"('sym', None, 9.0)",0,0.5582208895552224,12,0.0
daily,"('sym', None, 9.0)",0,0.7326336831584208,12,0.0
daily,"('sym', None, 9.0)",0,0.9435282358820589,12,0.0
daily,"('sym', None, 9.0)",0,0.5582208895552224,12,0.0
daily,"('sym', None, 9.0)",0,0.6931534232883558,12,0.0
daily,"('sym', None, 9.0)",0,0.24687656171914044,12,0.0
daily,"('sym', None, 9.0)",0,0.31384307846076964,12,0.0
daily,"('sym', None, 9.0)",0,0.9385307346326837,12,0.0
daily,"('sym', None, 9.0)",0,0.2518740629685157,12,0.0
daily,"('sym', None, 9.0)",0,0.5537231384307846,12,0.0
daily,"('sym', None, 9.0)",0,0.4577711144427786,12,0.0
daily,"('sym', None, 9.0)",0,0.17841079460269865,12,0.0
daily,"('sym', None, 9.0)",0,0.8195902048975512,12,0.0
daily,"('sym', None, 9.0)",0,0.8775612193903048,12,0.0
daily,"('sym', None, 9.0)",0,0.018490754622688656,12,0.0
daily,"('sym', None, 9.0)",0,0.7236381809095452,12,0.0
daily,"('sym', None, 9.0)",0,0.5102448775612194,12,0.0
daily,"('sym', None, 9.0)",0,0.9900049975012494,12,0.0
daily,"('sym', None, 9.0)",0,0.7501249375312344,12,0.0
daily,"('sym', None, 9.0)",0,0.6611694152923538,12,0.0
daily,"('sym', None, 9.0)",0,0.6931534232883558,12,0.0
daily,"('sym', None, 9.0)",0,0.8190904547726137,12,0.0
daily,"('sym', None, 9.0)",0,0.2588705647176412,12,0.0
daily,"('sym', None, 9.0)",0,0.5122438780609695,12,0.0
daily,"('sym', None, 9.0)",0,0.20939530234882558,12,0.0
daily,"('sym', None, 9.0)",0,0.9920039980009995,12,0.0
daily,"('sym', None, 9.0)",0,0.5972013993003499,12,0.0
daily,"('sym', None, 9.0)",0,0.4077961019490255,12,0.0
daily,"('sym', None, 9.0)",0,0.17091454272863568,12,0.0
daily,"('sym', None, 9.0)",0,0.9890054972513743,12,0.0
daily,"('sym', None, 9.0)",0,0.881559220389805,12,0.0
daily,"('sym', None, 9.0)",0,0.8745627186406797,12,0.0
daily,"('sym', None, 9.0)",0,0.19490254872563717,12,0.0
daily,"('sym', None, 9.0)",0,0.0024987506246876563,12,0.0
daily,"('sym', None, 9.0)",0,0.8780609695152424,12,0.0
daily,"('sym', None, 9.0)",0,0.19540229885057472,12,0.0
daily,"('sym', None, 9.0)",0,0.37681159420289856,12,0.0
daily,"('sym', None, 9.0)",0,0.9405297351324338,12,0.0
daily,"('sym', None, 9.0)",0,0.42528735632183906,12,0.0
daily,"('sym', None, 9.0)",0,0.9470264867566217,12,0.0
daily,"('sym', None, 9.0)",0,0.08045977011494253,12,0.0
daily,"('sym', None, 9.0)",0,0.07296351824087956,12,0.0
daily,"('sym', None, 9.0)",0,0.2688655672163918,12,0.0
daily,"('sym', None, 9.0)",0,0.7866066966516742,12,0.0
daily,"('sym', None, 9.0)",0,0.5642178910544727,12,0.0
daily,"('sym', None, 9.0)",0,0.6681659170414792,12,0.0
daily,"('sym', None, 9.0)",0,0.568215892053973,12,0.0
daily,"('sym', None, 9.0)",0,0.3458270864567716,12,0.0
daily,"('sym', None, 9.0)",0,0.48225887056471767,12,0.0
daily,"('sym', None, 9.0)",0,0.9665167416291854,12,0.0
daily,"('sym', None, 9.0)",0,0.8045977011494253,12,0.0
daily,"('sym', None, 9.0)",0,0.9280359820089955,12,0.0
daily,"('sym', None, 9.0)",0,0.4447776111944028,12,0.0
daily,"('sym', None, 9.0)",0,0.8975512243878061,12,0.0
daily,"('sym', None, 9.0)",0,0.7716141929035483,12,0.0
daily,"('sym', None, 9.0)",0,0.553223388305847,12,0.0
daily,"('sym', None, 9.0)",0,0.3638180909545227,12,0.0
daily,"('sym', None, 9.0)",0,0.49825087456271866,12,0.0
daily,"('sym', None, 9.0)",0,0.14442778610694654,12,0.0
daily,"('sym', None, 9.0)",0,0.8850574712643678,12,0.0
daily,"('sym', None, 9.0)",0,0.8920539730134932,12,0.0
daily,"('sym', None, 9.0)",0,0.6636681659170415,12,0.0
daily,"('sym', None, 9.0)",0,0.005997001499250375,12,0.0
daily,"('sym', None, 9.0)",0,0.6346826586706646,12,0.0
daily,"('sym', None, 9.0)",0,0.017491254372813594,12,0.0
daily,"('sym', None, 9.0)",0,0.3103448275862069,12,0.0
daily,"('sym', None, 9.0)",0,0.5992003998001,12,0.0
daily,"('sym', None, 9.0)",0,0.5727136431784108,12,0.0
daily,"('sym', None, 9.0)",0,0.9940029985007496,12,0.0
daily,"('sym', None, 9.0)",0,0.07546226886556721,12,0.0
daily,"('sym', None, 9.0)",0,0.14992503748125938,12,0.0
daily,"('sym', None, 9.0)",0,0.7886056971514243,12,0.0
daily,"('sym', None, 9.0)",0,0.44877561219390305,12,0.0
daily,"('sym', None, 9.0)",0,0.17041479260369816,12,0.0
daily,"('sym', None, 9.0)",0,0.6031984007996002,12,0.0
daily,"('sym', None, 9.0)",0,0.39730134932533734,12,0.0
daily,"('sym', None, 9.0)",0,0.7856071964017991,12,0.0
daily,"('sym', None, 9.0)",0,0.9885057471264368,12,0.0
daily,"('sym', None, 9.0)",0,0.16691654172913542,12,0.0
daily,"('sym', None, 9.0)",0,0.1984007996001999,12,0.0
daily,"('sym', None, 9.0)",0,0.28785607196401797,12,0.0
daily,"('sym', None, 9.0)",0,0.21239380309845077,12,0.0
daily,"('sym', None, 9.0)",0,0.7216391804097951,12,0.0
daily,"('sym', None, 9.0)",0,0.41529235382308843,12,0.0
daily,"('sym', None, 9.0)",0,0.38330834582708645,12,0.0
daily,"('sym', None, 9.0)",0,0.8310844577711144,12,0.0
daily,"('sym', None, 9.0)",0,0.7691154422788605,12,0.0
daily,"('sym', None, 9.0)",0,0.6406796601699151,12,0.0
daily,"('sym', None, 9.0)",0,0.5172413793103449,12,0.0
daily,"('sym', None, 9.0)",0,0.974512743628186,12,0.0
daily,"('sym', None, 9.0)",0,0.7321339330334833,12,0.0
daily,"('sym', None, 9.0)",0,0.15742128935532235,12,0.0
daily,"('sym', None, 9.0)",0,0.8540729635182409,12,0.0
daily,"('sym', None, 9.0)",0,0.55872063968016,12,0.0
daily,"('sym', None, 9.0)",0,0.42778610694652675,12,0.0
daily,"('sym', None, 9.0)",0,0.4927536231884058,12,0.0
daily,"('sym', None, 9.0)",0,0.13543228385807096,12,0.0
daily,"('sym', None, 9.0)",0,0.9150424787606197,12,0.0
daily,"('sym', None, 9.0)",0,0.9590204897551224,12,0.0
daily,"('sym', None, 9.0)",0,0.5807096451774113,12,0.0
daily,"('sym', None, 9.0)",1,0.3523238380809595,12,0.0
daily,"('sym', None, 9.0)",1,0.06446776611694154,12,0.0
daily,"('sym', None, 9.0)",1,0.9600199900049975,12,0.0
daily,"('sym', None, 9.0)",1,0.728135932033983,12,0.0
daily,"('sym', None, 9.0)",1,0.022488755622188907,12,0.0
daily,"('sym', None, 9.0)",1,0.4027986006996502,12,0.0
daily,"('sym', None, 9.0)",1,0.8695652173913043,12,0.0
daily,"('sym', None, 9.0)",1,0.5422288855572214,12,0.0
daily,"('sym', None, 9.0)",1,0.8375812093953023,12,0.0
daily,"('sym', None, 9.0)",1,0.8685657171414293,12,0.0
daily,"('sym', None, 9.0)",1,0.31284357821089454,12,0.0
daily,"('sym', None, 9.0)",1,0.5432283858070964,12,0.0
daily,"('sym', None, 9.0)",1,0.5482258870564718,12,0.0
daily,"('sym', None, 9.0)",1,0.8690654672663668,12,0.0
daily,"('sym', None, 9.0)",1,0.47276361819090457,12,0.0
daily,"('sym', None, 9.0)",1,0.22538730634682658,12,0.0
daily,"('sym', None, 9.0)",1,0.272863568215892,12,0.0
daily,"('sym', None, 9.0)",1,0.8650674662668666,12,0.0
daily,"('sym', None, 9.0)",1,0.9585207396301849,12,0.0
daily,"('sym', None, 9.0)",1,0.04697651174412794,12,0.0
daily,"('sym', None, 9.0)",1,0.7381309345327336,12,0.0
daily,"('sym', None, 9.0)",1,0.463768115942029,12,0.0
daily,"('sym', None, 9.0)",1,0.775112443778111,12,0.0
daily,"('sym', None, 9.0)",1,0.3728135932033983,12,0.0
daily,"('sym', None, 9.0)",1,0.22588705647176413,12,0.0
daily,"('sym', None, 9.0)",1,0.6116941529235382,12,0.0
daily,"('sym', None, 9.0)",1,0.38980509745127434,12,0.0
daily,"('sym', None, 9.0)",1,0.23138430784607697,12,0.0
daily,"('sym', None, 9.0)",1,0.2958520739630185,12,0.0
daily,"('sym', None, 9.0)",1,0.8895552223888056,12,0.0
daily,"('sym', None, 9.0)",1,0.5187406296851574,12,0.0
daily,"('sym', None, 9.0)",1,0.8675662168915542,12,0.0
daily,"('sym', None, 9.0)",1,0.12693653173413294,12,0.0
daily,"('sym', None, 9.0)",1,0.004497751124437781,12,0.0
daily,"('sym', None, 9.0)",1,0.25287356321839083,12,0.0
daily,"('sym', None, 9.0)",1,0.04547726136931534,12,0.0
daily,"('sym', None, 9.0)",1,0.9425287356321839,12,0.0
daily,"('sym', None, 9.0)",1,0.23238380809595202,12,0.0
daily,"('sym', None, 9.0)",1,0.42028985507246375,12,0.0
daily,"('sym', None, 9.0)",1,0.783608195902049,12,0.0
daily,"('sym', None, 9.0)",1,0.21639180409795103,12,0.0
daily,"('sym', None, 9.0)",1,0.2128935532233883,12,0.0
daily,"('sym', None, 9.0)",1,0.5357321339330335,12,0.0
daily,"('sym', None, 9.0)",1,0.37831084457771114,12,0.0
daily,"('sym', None, 9.0)",1,0.6951524237881059,12,0.0
daily,"('sym', None, 9.0)",1,0.022988505747126436,12,0.0
daily,"('sym', None, 9.0)",1,0.17341329335332334,12,0.0
daily,"('sym', None, 9.0)",1,0.2028985507246377,12,0.0
daily,"('sym', None, 9.0)",1,0.5547226386806596,12,0.0
daily,"('sym', None, 9.0)",1,0.8175912043978011,12,0.0
daily,"('sym', None, 9.0)",1,0.44677661169415295,12,0.0
daily,"('sym', None, 9.0)",1,0.2288855572213893,12,0.0
daily,"('sym', None, 9.0)",1,0.30884557721139433,12,0.0
daily,"('sym', None, 9.0)",1,0.127936031984008,12,0.0
daily,"('sym', None, 9.0)",1,0.43928035982008995,12,0.0
daily,"('sym', None, 9.0)",1,0.2943528235882059,12,0.0
daily,"('sym', None, 9.0)",1,0.559720139930035,12,0.0
daily,"('sym', None, 9.0)",1,0.4732633683158421,12,0.0
daily,"('sym', None, 9.0)",1,0.9735132433783108,12,0.0
daily,"('sym', None, 9.0)",1,0.09645177411294353,12,0.0
daily,"('sym', None, 9.0)",1,0.4942528735632184,12,0.0
daily,"('sym', None, 9.0)",1,0.020989505247376312,12,0.0
daily,"('sym', None, 9.0)",1,0.782608695652174,12,0.0
daily,"('sym', None, 9.0)",1,0.5052473763118441,12,0.0
daily,"('sym', None, 9.0)",1,0.6281859070464768,12,0.0
daily,"('sym', None, 9.0)",1,0.5687156421789106,12,0.0
daily,"('sym', None, 9.0)",1,0.9385307346326837,12,0.0
daily,"('sym', None, 9.0)",1,0.9230384807596201,12,0.0
daily,"('sym', None, 9.0)",1,0.39280359820089955,12,0.0
daily,"('sym', None, 9.0)",1,0.6156921539230384,12,0.0
daily,"('sym', None, 9.0)",1,0.7916041979010495,12,0.0
daily,"('sym', None, 9.0)",1,0.8355822088955522,12,0.0
daily,"('sym', None, 9.0)",1,0.2773613193403298,12,0.0
daily,"('sym', None, 9.0)",1,0.744127936031984,12,0.0
daily,"('sym', None, 9.0)",1,0.5577211394302849,12,0.0
daily,"('sym', None, 9.0)",1,0.0734632683658171,12,0.0
daily,"('sym', None, 9.0)",1,0.7721139430284858,12,0.0
daily,"('sym', None, 9.0)",1,0.5822088955522239,12,0.0
daily,"('sym', None, 9.0)",1,0.09495252373813093,12,0.0
daily,"('sym', None, 9.0)",1,0.27636181909045476,12,0.0
daily,"('sym', None, 9.0)",1,0.5622188905547226,12,0.0
daily,"('sym', None, 9.0)",1,0.5297351324337831,12,0.0
daily,"('sym', None, 9.0)",1,0.6376811594202898,12,0.0
daily,"('sym', None, 9.0)",1,0.5402298850574713,12,0.0
daily,"('sym', None, 9.0)",1,0.7216391804097951,12,0.0
daily,"('sym', None, 9.0)",1,0.3818090954522739,12,0.0
daily,"('sym', None, 9.0)",1,0.2843578210894553,12,0.0
daily,"('sym', None, 9.0)",1,0.8050974512743628,12,0.0
daily,"('sym', None, 9.0)",1,0.12243878060969515,12,0.0
daily,"('sym', None, 9.0)",1,0.999000499750125,12,0.0
daily,"('sym', None, 9.0)",1,0.005497251374312844,12,0.0
daily,"('sym', None, 9.0)",1,0.5052473763118441,12,0.0
daily,"('sym', None, 9.0)",1,0.7491254372813593,12,0.0
daily,"('sym', None, 9.0)",1,0.4512743628185907,12,0.0
daily,"('sym', None, 9.0)",1,0.29535232383808097,12,0.0
daily,"('sym', None, 9.0)",1,0.2098950524737631,12,0.0
daily,"('sym', None, 9.0)",1,0.92103948025987,12,0.0
daily,"('sym', None, 9.0)",1,0.31284357821089454,12,0.0
daily,"('sym', None, 9.0)",1,0.6686656671664168,12,0.0
daily,"('sym', None, 9.0)",1,0.10944527736131934,12,0.0
daily,"('sym', None, 9.0)",2,0.5382308845577212,12,0.0
daily,"('sym', None, 9.0)",2,0.23638180909545228,12,0.0
daily,"('sym', None, 9.0)",2,0.9715142428785607,12,0.0
daily,"('sym', None, 9.0)",2,0.6661669165417291,12,0.0
daily,"('sym', None, 9.0)",2,0.49325337331334335,12,0.0
daily,"('sym', None, 9.0)",2,0.5012493753123438,12,0.0
daily,"('sym', None, 9.0)",2,0.3118440779610195,12,0.0
daily,"('sym', None, 9.0)",2,0.8020989505247377,12,0.0
daily,"('sym', None, 9.0)",2,0.4852573713143428,12,0.0
daily,"('sym', None, 9.0)",2,0.27936031984008,12,0.0
daily,"('sym', None, 9.0)",2,0.06796601699150424,12,0.0
daily,"('sym', None, 9.0)",2,0.68015992003998,12,0.0
daily,"('sym', None, 9.0)",2,0.31084457771114443,12,0.0
daily,"('sym', None, 9.0)",2,0.7801099450274862,12,0.0
daily,"('sym', None, 9.0)",2,0.06946526736631684,12,0.0
daily,"('sym', None, 9.0)",2,0.06446776611694154,12,0.0
daily,"('sym', None, 9.0)",2,0.7671164417791104,12,0.0
daily,"('sym', None, 9.0)",2,0.47476261869065467,12,0.0
daily,"('sym', None, 9.0)",2,0.5467266366816592,12,0.0
daily,"('sym', None, 9.0)",2,0.43928035982008995,12,0.0
daily,"('sym', None, 9.0)",2,0.9255372313843079,12,0.0
daily,"('sym', None, 9.0)",2,0.7881059470264867,12,0.0
daily,"('sym', None, 9.0)",2,0.5592203898050975,12,0.0
daily,"('sym', None, 9.0)",2,0.8495752123938031,12,0.0
daily,"('sym', None, 9.0)",2,0.6901549225387307,12,0.0
daily,"('sym', None, 9.0)",2,0.6551724137931034,12,0.0
daily,"('sym', None, 9.0)",2,0.7086456771614192,12,0.0
daily,"('sym', None, 9.0)",2,0.23388305847076463,12,0.0
daily,"('sym', None, 9.0)",2,0.6256871564217891,12,0.0
daily,"('sym', None, 9.0)",2,0.39780109945027486,12,0.0
daily,"('sym', None, 9.0)",2,0.2988505747126437,12,0.0
daily,"('sym', None, 9.0)",2,0.1584207896051974,12,0.0
daily,"('sym', None, 9.0)",2,0.46476761619190404,12,0.0
daily,"('sym', None, 9.0)",2,0.84007996001999,12,0.0
daily,"('sym', None, 9.0)",2,0.06596701649175413,12,0.0
daily,"('sym', None, 9.0)",2,0.27886056971514245,12,0.0
daily,"('sym', None, 9.0)",2,0.2863568215892054,12,0.0
daily,"('sym', None, 9.0)",2,0.7806096951524237,12,0.0
daily,"('sym', None, 9.0)",2,0.06646676661669165,12,0.0
daily,"('sym', None, 9.0)",2,0.2413793103448276,12,0.0
daily,"('sym', None, 9.0)",2,0.044977511244377814,12,0.0
daily,"('sym', None, 9.0)",2,0.6091954022988506,12,0.0
daily,"('sym', None, 9.0)",2,0.12193903048475763,12,0.0
daily,"('sym', None, 9.0)",2,0.6671664167916042,12,0.0
daily,"('sym', None, 9.0)",2,0.5887056471764118,12,0.0
daily,"('sym', None, 9.0)",2,0.29735132433783107,12,0.0
daily,"('sym', None, 9.0)",2,0.35132433783108447,12,0.0
daily,"('sym', None, 9.0)",2,0.2933533233383308,12,0.0
daily,"('sym', None, 9.0)",2,0.5252373813093453,12,0.0
daily,"('sym', None, 9.0)",2,0.3823088455772114,12,0.0
daily,"('sym', None, 9.0)",2,0.33483258370814595,12,0.0
daily,"('sym', None, 9.0)",2,0.8180909545227386,12,0.0
daily,"('sym', None, 9.0)",2,0.7891054472763618,12,0.0
daily,"('sym', None, 9.0)",2,0.32733633183408295,12,0.0
daily,"('sym', None, 9.0)",2,0.7136431784107946,12,0.0
daily,"('sym', None, 9.0)",2,0.21539230384807595,12,0.0
daily,"('sym', None, 9.0)",2,0.5047476261869065,12,0.0
daily,"('sym', None, 9.0)",2,0.20339830084957522,12,0.0
daily,"('sym', None, 9.0)",2,0.7821089455272364,12,0.0
daily,"('sym', None, 9.0)",2,0.5272363818090955,12,0.0
daily,"('sym', None, 9.0)",2,0.13193403298350825,12,0.0
daily,"('sym', None, 9.0)",2,0.5997001499250375,12,0.0
daily,"('sym', None, 9.0)",2,0.14792603698150925,12,0.0
daily,"('sym', None, 9.0)",2,0.3488255872063968,12,0.0
daily,"('sym', None, 9.0)",2,0.07096451774112944,12,0.0
daily,"('sym', None, 9.0)",2,0.5002498750624688,12,0.0
daily,"('sym', None, 9.0)",2,0.16941529235382308,12,0.0
daily,"('sym', None, 9.0)",2,0.5147426286856571,12,0.0
daily,"('sym', None, 9.0)",2,0.14942528735632185,12,0.0
daily,"('sym', None, 9.0)",2,0.4307846076961519,12,0.0
daily,"('sym', None, 9.0)",2,0.9000499750124937,12,0.0
daily,"('sym', None, 9.0)",2,0.7336331834082959,12,0.0
daily,"('sym', None, 9.0)",2,0.46326836581709147,12,0.0
daily,"('sym', None, 9.0)",2,0.037481259370314844,12,0.0
daily,"('sym', None, 9.0)",2,0.2913543228385807,12,0.0
daily,"('sym', None, 9.0)",2,0.3853073463268366,12,0.0
daily,"('sym', None, 9.0)",2,0.6526736631684158,12,0.0
daily,"('sym', None, 9.0)",2,0.623688155922039,12,0.0
daily,"('sym', None, 9.0)",2,0.27136431784107945,12,0.0
daily,"('sym', None, 9.0)",2,0.10444777611194403,12,0.0
daily,"('sym', None, 9.0)",2,0.9085457271364318,12,0.0
daily,"('sym', None, 9.0)",2,0.5047476261869065,12,0.0
daily,"('sym', None, 9.0)",2,0.2353823088455772,12,0.0
daily,"('sym', None, 9.0)",2,0.9215392303848076,12,0.0
daily,"('sym', None, 9.0)",2,0.48875562218890556,12,0.0
daily,"('sym', None, 9.0)",2,0.6831584207896052,12,0.0
daily,"('sym', None, 9.0)",2,0.39930034982508744,12,0.0
daily,"('sym', None, 9.0)",2,0.10694652673663169,12,0.0
daily,"('sym', None, 9.0)",2,0.36931534232883556,12,0.0
daily,"('sym', None, 9.0)",2,0.15892053973013492,12,0.0
daily,"('sym', None, 9.0)",2,0.02448775612193903,12,0.0
daily,"('sym', None, 9.0)",2,0.17191404297851073,12,0.0
daily,"('sym', None, 9.0)",2,0.280359820089955,12,0.0
daily,"('sym', None, 9.0)",2,0.5702148925537232,12,0.0
daily,"('sym', None, 9.0)",2,0.6896551724137931,12,0.0
daily,"('sym', None, 9.0)",2,0.8450774612693653,12,0.0
daily,"('sym', None, 9.0)",2,0.42778610694652675,12,0.0
daily,"('sym', None, 9.0)",2,0.7606196901549226,12,0.0
daily,"('sym', None, 9.0)",2,0.2013993003498251,12,0.0
daily,"('sym', None, 9.0)",2,0.8465767116441779,12,0.0
daily,"('sym', None, 9.0)",3,0.6406796601699151,12,0.0
daily,"('sym', None, 9.0)",3,0.8015992003998001,12,0.0
daily,"('sym', None, 9.0)",3,0.6126936531734133,12,0.0
daily,"('sym', None, 9.0)",3,0.3183408295852074,12,0.0
daily,"('sym', None, 9.0)",3,0.5142428785607196,12,0.0
daily,"('sym', None, 9.0)",3,0.8345827086456772,12,0.0
daily,"('sym', None, 9.0)",3,0.8450774612693653,12,0.0
daily,"('sym', None, 9.0)",3,0.37681159420289856,12,0.0
daily,"('sym', None, 9.0)",3,0.728135932033983,12,0.0
daily,"('sym', None, 9.0)",3,0.9875062468765617,12,0.0
daily,"('sym', None, 9.0)",3,0.9820089955022488,12,0.0
daily,"('sym', None, 9.0)",3,0.1664167916041979,12,0.0
daily,"('sym', None, 9.0)",3,0.38130934532733635,12,0.0
daily,"('sym', None, 9.0)",3,0.48125937031484256,12,0.0
daily,"('sym', None, 9.0)",3,0.8140929535232384,12,0.0
daily,"('sym', None, 9.0)",3,0.063968015992004,12,0.0
daily,"('sym', None, 9.0)",3,0.44377811094452774,12,0.0
daily,"('sym', None, 9.0)",3,0.808095952023988,12,0.0
daily,"('sym', None, 9.0)",3,0.9095452273863068,12,0.0
daily,"('sym', None, 9.0)",3,0.09145427286356822,12,0.0
daily,"('sym', None, 9.0)",3,0.4237881059470265,12,0.0
daily,"('sym', None, 9.0)",3,0.4707646176911544,12,0.0
daily,"('sym', None, 9.0)",3,0.5387306346826587,12,0.0
daily,"('sym', None, 9.0)",3,0.3448275862068966,12,0.0
daily,"('sym', None, 9.0)",3,0.4387806096951524,12,0.0
daily,"('sym', None, 9.0)",3,0.344327836081959,12,0.0
daily,"('sym', None, 9.0)",3,0.09895052473763119,12,0.0
daily,"('sym', None, 9.0)",3,0.88055972013993,12,0.0
daily,"('sym', None, 9.0)",3,0.5957021489255372,12,0.0
daily,"('sym', None, 9.0)",3,0.4192903548225887,12,0.0
daily,"('sym', None, 9.0)",3,0.43228385807096453,12,0.0
daily,"('sym', None, 9.0)",3,0.46776611694152925,12,0.0
daily,"('sym', None, 9.0)",3,0.18590704647676162,12,0.0
daily,"('sym', None, 9.0)",3,0.45977011494252873,12,0.0
daily,"('sym', None, 9.0)",3,0.670664667666167,12,0.0
daily,"('sym', None, 9.0)",3,0.25537231384307846,12,0.0
daily,"('sym', None, 9.0)",3,0.04997501249375312,12,0.0
daily,"('sym', None, 9.0)",3,0.5647176411794103,12,0.0
daily,"('sym', None, 9.0)",3,0.6916541729135433,12,0.0
daily,"('sym', None, 9.0)",3,0.018490754622688656,12,0.0
daily,"('sym', None, 9.0)",3,0.37881059470264866,12,0.0
daily,"('sym', None, 9.0)",3,0.6916541729135433,12,0.0
daily,"('sym', None, 9.0)",3,0.46326836581709147,12,0.0
daily,"('sym', None, 9.0)",3,0.920039980009995,12,0.0
daily,"('sym', None, 9.0)",3,0.6431784107946027,12,0.0
daily,"('sym', None, 9.0)",3,0.11344327836081959,12,0.0
daily,"('sym', None, 9.0)",3,0.84007996001999,12,0.0
daily,"('sym', None, 9.0)",3,0.03798100949525238,12,0.0
daily,"('sym', None, 9.0)",3,0.22038980509745126,12,0.0
daily,"('sym', None, 9.0)",3,0.6136931534232883,12,0.0
daily,"('sym', None, 9.0)",3,0.27386306846576713,12,0.0
daily,"('sym', None, 9.0)",3,0.24537731134432783,12,0.0
daily,"('sym', None, 9.0)",3,0.8580709645177411,12,0.0
daily,"('sym', None, 9.0)",3,0.013493253373313344,12,0.0
daily,"('sym', None, 9.0)",3,0.6296851574212894,12,0.0
daily,"('sym', None, 9.0)",3,0.19740129935032483,12,0.0
daily,"('sym', None, 9.0)",3,0.22588705647176413,12,0.0
daily,"('sym', None, 9.0)",3,0.08195902048975512,12,0.0
daily,"('sym', None, 9.0)",3,0.25687156421789104,12,0.0
daily,"('sym', None, 9.0)",3,0.19140429785107446,12,0.0
daily,"('sym', None, 9.0)",3,0.3983008495752124,12,0.0
daily,"('sym', None, 9.0)",3,0.5997001499250375,12,0.0
daily,"('sym', None, 9.0)",3,0.08095952023988005,12,0.0
daily,"('sym', None, 9.0)",3,0.015992003998001,12,0.0
daily,"('sym', None, 9.0)",3,0.22538730634682658,12,0.0
daily,"('sym', None, 9.0)",3,0.9740129935032483,12,0.0
daily,"('sym', None, 9.0)",3,0.6481759120439781,12,0.0
daily,"('sym', None, 9.0)",3,0.776111944027986,12,0.0
daily,"('sym', None, 9.0)",3,0.5427286356821589,12,0.0
daily,"('sym', None, 9.0)",3,0.3278360819590205,12,0.0
daily,"('sym', None, 9.0)",3,0.21239380309845077,12,0.0
daily,"('sym', None, 9.0)",3,0.7641179410294853,12,0.0
daily,"('sym', None, 9.0)",3,0.9020489755122438,12,0.0
daily,"('sym', None, 9.0)",3,0.32083958020989506,12,0.0
daily,"('sym', None, 9.0)",3,0.239880059970015,12,0.0
daily,"('sym', None, 9.0)",3,0.7386306846576711,12,0.0
daily,"('sym', None, 9.0)",3,0.08245877061469266,12,0.0
daily,"('sym', None, 9.0)",3,0.5502248875562219,12,0.0
daily,"('sym', None, 9.0)",3,0.952023988005997,12,0.0
daily,"('sym', None, 9.0)",3,0.40429785107446276,12,0.0
daily,"('sym', None, 9.0)",3,0.6561719140429785,12,0.0
daily,"('sym', None, 9.0)",3,0.9415292353823088,12,0.0
daily,"('sym', None, 9.0)",3,0.8490754622688655,12,0.0
daily,"('sym', None, 9.0)",3,0.6066966516741629,12,0.0
daily,"('sym', None, 9.0)",3,0.3453273363318341,12,0.0
daily,"('sym', None, 9.0)",3,0.28785607196401797,12,0.0
daily,"('sym', None, 9.0)",3,0.6986506746626686,12,0.0
daily,"('sym', None, 9.0)",3,0.9145427286356822,12,0.0
daily,"('sym', None, 9.0)",3,0.2383808095952024,12,0.0
daily,"('sym', None, 9.0)",3,0.7226386806596702,12,0.0
daily,"('sym', None, 9.0)",3,0.11144427786106946,12,0.0
daily,"('sym', None, 9.0)",3,0.46526736631684157,12,0.0
daily,"('sym', None, 9.0)",3,0.46276861569215394,12,0.0
daily,"('sym', None, 9.0)",3,0.7471264367816092,12,0.0
daily,"('sym', None, 9.0)",3,0.05347326336831584,12,0.0
daily,"('sym', None, 9.0)",3,0.9890054972513743,12,0.0
daily,"('sym', None, 9.0)",3,0.4927536231884058,12,0.0
daily,"('sym', None, 9.0)",3,0.2178910544727636,12,0.0
daily,"('sym', None, 9.0)",3,0.848575712143928,12,0.0
daily,"('sym', None, 9.0)",3,0.5792103948025987,12,0.0
daily,"('sym', None, 9.0)",4,0.8545727136431784,12,0.0
daily,"('sym', None, 9.0)",4,0.09845077461269365,12,0.0
daily,"('sym', None, 9.0)",4,0.14292853573213393,12,0.0
daily,"('sym', None, 9.0)",4,0.49775112443778113,12,0.0
daily,"('sym', None, 9.0)",4,0.22138930534732634,12,0.0
daily,"('sym', None, 9.0)",4,0.14192903548225888,12,0.0
daily,"('sym', None, 9.0)",4,0.034482758620689655,12,0.0
daily,"('sym', None, 9.0)",4,0.15442278860569716,12,0.0
daily,"('sym', None, 9.0)",4,0.18790604697651175,12,0.0
daily,"('sym', None, 9.0)",4,0.8115942028985508,12,0.0
daily,"('sym', None, 9.0)",4,0.17391304347826086,12,0.0
daily,"('sym', None, 9.0)",4,0.719640179910045,12,0.0
daily,"('sym', None, 9.0)",4,0.888055972013993,12,0.0
daily,"('sym', None, 9.0)",4,0.3498250874562719,12,0.0
daily,"('sym', None, 9.0)",4,0.7896051974012993,12,0.0
daily,"('sym', None, 9.0)",4,0.4057971014492754,12,0.0
daily,"('sym', None, 9.0)",4,0.47876061969015493,12,0.0
daily,"('sym', None, 9.0)",4,0.9085457271364318,12,0.0
daily,"('sym', None, 9.0)",4,0.5992003998001,12,0.0
daily,"('sym', None, 9.0)",4,0.5902048975512244,12,0.0
daily,"('sym', None, 9.0)",4,0.7161419290354822,12,0.0
daily,"('sym', None, 9.0)",4,0.12043978010994502,12,0.0
daily,"('sym', None, 9.0)",4,0.06996501749125437,12,0.0
daily,"('sym', None, 9.0)",4,0.8140929535232384,12,0.0
daily,"('sym', None, 9.0)",4,0.3288355822088955,12,0.0
daily,"('sym', None, 9.0)",4,0.2978510744627686,12,0.0
daily,"('sym', None, 9.0)",4,0.18840579710144928,12,0.0
daily,"('sym', None, 9.0)",4,0.06296851574212893,12,0.0
daily,"('sym', None, 9.0)",4,0.8590704647676162,12,0.0
daily,"('sym', None, 9.0)",4,0.1854072963518241,12,0.0
daily,"('sym', None, 9.0)",4,0.8915542228885557,12,0.0
daily,"('sym', None, 9.0)",4,0.029985007496251874,12,0.0
daily,"('sym', None, 9.0)",4,0.7306346826586707,12,0.0
daily,"('sym', None, 9.0)",4,0.9195402298850575,12,0.0
daily,"('sym', None, 9.0)",4,0.5477261369315343,12,0.0
daily,"('sym', None, 9.0)",4,0.6036981509245377,12,0.0
daily,"('sym', None, 9.0)",4,0.5972013993003499,12,0.0
daily,"('sym', None, 9.0)",4,0.01199400299850075,12,0.0
daily,"('sym', None, 9.0)",4,0.3733133433283358,12,0.0
daily,"('sym', None, 9.0)",4,0.4172913543228386,12,0.0
daily,"('sym', None, 9.0)",4,0.5822088955522239,12,0.0
daily,"('sym', None, 9.0)",4,0.8900549725137431,12,0.0
daily,"('sym', None, 9.0)",4,0.5017491254372813,12,0.0
daily,"('sym', None, 9.0)",4,0.4307846076961519,12,0.0
daily,"('sym', None, 9.0)",4,0.4097951024487756,12,0.0
daily,"('sym', None, 9.0)",4,0.0944527736131934,12,0.0
daily,"('sym', None, 9.0)",4,0.711144427786107,12,0.0
daily,"('sym', None, 9.0)",4,0.9930034982508745,12,0.0
daily,"('sym', None, 9.0)",4,0.48225887056471767,12,0.0
daily,"('sym', None, 9.0)",4,0.36081959020489757,12,0.0
daily,"('sym', None, 9.0)",4,0.2988505747126437,12,0.0
daily,"('sym', None, 9.0)",4,0.7501249375312344,12,0.0
daily,"('sym', None, 9.0)",4,0.1424287856071964,12,0.0
daily,"('sym', None, 9.0)",4,0.4142928535732134,12,0.0
daily,"('sym', None, 9.0)",4,0.17541229385307347,12,0.0
daily,"('sym', None, 9.0)",4,0.3458270864567716,12,0.0
daily,"('sym', None, 9.0)",4,0.4052973513243378,12,0.0
daily,"('sym', None, 9.0)",4,0.40729635182408797,12,0.0
daily,"('sym', None, 9.0)",4,0.6226886556721639,12,0.0
daily,"('sym', None, 9.0)",4,0.10944527736131934,12,0.0
daily,"('sym', None, 9.0)",4,0.303848075962019,12,0.0
daily,"('sym', None, 9.0)",4,0.49225387306346824,12,0.0
daily,"('sym', None, 9.0)",4,0.44227886056971516,12,0.0
daily,"('sym', None, 9.0)",4,0.6381809095452274,12,0.0
daily,"('sym', None, 9.0)",4,0.6831584207896052,12,0.0
daily,"('sym', None, 9.0)",4,0.21139430284857572,12,0.0
daily,"('sym', None, 9.0)",4,0.15942028985507245,12,0.0
daily,"('sym', None, 9.0)",4,0.6051974012993503,12,0.0
daily,"('sym', None, 9.0)",4,0.6681659170414792,12,0.0
daily,"('sym', None, 9.0)",4,0.35782108945527236,12,0.0
daily,"('sym', None, 9.0)",4,0.8375812093953023,12,0.0
daily,"('sym', None, 9.0)",4,0.3488255872063968,12,0.0
daily,"('sym', None, 9.0)",4,0.19290354822588707,12,0.0
daily,"('sym', None, 9.0)",4,0.9830084957521239,12,0.0
daily,"('sym', None, 9.0)",4,0.8265867066466767,12,0.0
daily,"('sym', None, 9.0)",4,0.5482258870564718,12,0.0
daily,"('sym', None, 9.0)",4,0.1664167916041979,12,0.0
daily,"('sym', None, 9.0)",4,0.9265367316341829,12,0.0
daily,"('sym', None, 9.0)",4,0.49975012493753124,12,0.0
daily,"('sym', None, 9.0)",4,0.42028985507246375,12,0.0
daily,"('sym', None, 9.0)",4,0.6411794102948526,12,0.0
daily,"('sym', None, 9.0)",4,0.19940029985007496,12,0.0
daily,"('sym', None, 9.0)",4,0.8830584707646177,12,0.0
daily,"('sym', None, 9.0)",4,0.638680659670165,12,0.0
daily,"('sym', None, 9.0)",4,0.9905047476261869,12,0.0
daily,"('sym', None, 9.0)",4,0.4007996001999001,12,0.0
daily,"('sym', None, 9.0)",4,0.4682658670664668,12,0.0
daily,"('sym', None, 9.0)",4,0.5617191404297851,12,0.0
daily,"('sym', None, 9.0)",4,0.39430284857571213,12,0.0
daily,"('sym', None, 9.0)",4,0.1374312843578211,12,0.0
daily,"('sym', None, 9.0)",4,0.9695152423788106,12,0.0
daily,"('sym', None, 9.0)",4,0.9070464767616192,12,0.0
daily,"('sym', None, 9.0)",4,0.5812093953023488,12,0.0
daily,"('sym', None, 9.0)",4,0.984007996001999,12,0.0
daily,"('sym', None, 9.0)",4,0.2288855572213893,12,0.0
daily,"('sym', None, 9.0)",4,0.8370814592703648,12,0.0
daily,"('sym', None, 9.0)",4,0.009995002498750625,12,0.0
daily,"('sym', None, 9.0)",4,0.712143928035982,12,0.0
daily,"('sym', None, 9.0)",4,0.5702148925537232,12,0.0
daily,"('sym', None, 9.0)",4,0.9365317341329336,12,0.0
daily,"('sym', None, 9.0)",5,0.5707146426786607,12,0.0
daily,"('sym', None, 9.0)",5,0.46926536731634183,12,0.0
daily,"('sym', None, 9.0)",5,0.06946526736631684,12,0.0
daily,"('sym', None, 9.0)",5,0.1054472763618191,12,0.0
daily,"('sym', None, 9.0)",5,0.42828585707146427,12,0.0
daily,"('sym', None, 9.0)",5,0.19390304847576212,12,0.0
daily,"('sym', None, 9.0)",5,0.42978510744627685,12,0.0
daily,"('sym', None, 9.0)",5,0.8615692153923038,12,0.0
daily,"('sym', None, 9.0)",5,0.2543728135932034,12,0.0
daily,"('sym', None, 9.0)",5,0.2353823088455772,12,0.0
daily,"('sym', None, 9.0)",5,0.36231884057971014,12,0.0
daily,"('sym', None, 9.0)",5,0.8615692153923038,12,0.0
daily,"('sym', None, 9.0)",5,0.1634182908545727,12,0.0
daily,"('sym', None, 9.0)",5,0.25537231384307846,12,0.0
daily,"('sym', None, 9.0)",5,0.32033983008495753,12,0.0
daily,"('sym', None, 9.0)",5,0.9980009995002499,12,0.0
daily,"('sym', None, 9.0)",5,0.4127936031984008,12,0.0
daily,"('sym', None, 9.0)",5,0.776111944027986,12,0.0
daily,"('sym', None, 9.0)",5,0.3458270864567716,12,0.0
daily,"('sym', None, 9.0)",5,0.5662168915542228,12,0.0
daily,"('sym', None, 9.0)",5,0.7961019490254873,12,0.0
daily,"('sym', None, 9.0)",5,0.46326836581709147,12,0.0
daily,"('sym', None, 9.0)",5,0.29685157421289354,12,0.0
daily,"('sym', None, 9.0)",5,0.8355822088955522,12,0.0
daily,"('sym', None, 9.0)",5,0.063968015992004,12,0.0
daily,"('sym', None, 9.0)",5,0.8360819590204898,12,0.0
daily,"('sym', None, 9.0)",5,0.9865067466266867,12,0.0
daily,"('sym', None, 9.0)",5,0.8900549725137431,12,0.0
daily,"('sym', None, 9.0)",5,0.6141929035482259,12,0.0
daily,"('sym', None, 9.0)",5,0.004997501249375313,12,0.0
daily,"('sym', None, 9.0)",5,0.8210894552723638,12,0.0
daily,"('sym', None, 9.0)",5,0.9325337331334332,12,0.0
daily,"('sym', None, 9.0)",5,0.30184907546226886,12,0.0
daily,"('sym', None, 9.0)",5,0.7101449275362319,12,0.0
daily,"('sym', None, 9.0)",5,0.09245377311344327,12,0.0
daily,"('sym', None, 9.0)",5,0.31634182908545727,12,0.0
daily,"('sym', None, 9.0)",5,0.05847076461769116,12,0.0
daily,"('sym', None, 9.0)",5,0.18490754622688654,12,0.0
daily,"('sym', None, 9.0)",5,0.504247876061969,12,0.0
daily,"('sym', None, 9.0)",5,0.9170414792603698,12,0.0
daily,"('sym', None, 9.0)",5,0.15342328835582209,12,0.0
daily,"('sym', None, 9.0)",5,0.704647676161919,12,0.0
daily,"('sym', None, 9.0)",5,0.8780609695152424,12,0.0
daily,"('sym', None, 9.0)",5,0.2158920539730135,12,0.0
daily,"('sym', None, 9.0)",5,0.49825087456271866,12,0.0
daily,"('sym', None, 9.0)",5,0.12093953023488256,12,0.0
daily,"('sym', None, 9.0)",5,0.7406296851574213,12,0.0
daily,"('sym', None, 9.0)",5,0.5482258870564718,12,0.0
daily,"('sym', None, 9.0)",5,0.7251374312843578,12,0.0
daily,"('sym', None, 9.0)",5,0.7886056971514243,12,0.0
daily,"('sym', None, 9.0)",5,0.3448275862068966,12,0.0
daily,"('sym', None, 9.0)",5,0.559720139930035,12,0.0
daily,"('sym', None, 9.0)",5,0.8830584707646177,12,0.0
daily,"('sym', None, 9.0)",5,0.46026986506746626,12,0.0
daily,"('sym', None, 9.0)",5,0.9345327336331835,12,0.0
daily,"('sym', None, 9.0)",5,0.015492253873063468,12,0.0
daily,"('sym', None, 9.0)",5,0.7946026986506747,12,0.0
daily,"('sym', None, 9.0)",5,0.9895052473763118,12,0.0
daily,"('sym', None, 9.0)",5,0.5507246376811594,12,0.0
daily,"('sym', None, 9.0)",5,0.5172413793103449,12,0.0
daily,"('sym', None, 9.0)",5,0.3238380809595202,12,0.0
daily,"('sym', None, 9.0)",5,0.06346826586706647,12,0.0
daily,"('sym', None, 9.0)",5,0.3058470764617691,12,0.0
daily,"('sym', None, 9.0)",5,0.696151924037981,12,0.0
daily,"('sym', None, 9.0)",5,0.48875562218890556,12,0.0
daily,"('sym', None, 9.0)",5,0.7206396801599201,12,0.0
daily,"('sym', None, 9.0)",5,0.7626186906546727,12,0.0
daily,"('sym', None, 9.0)",5,0.004497751124437781,12,0.0
daily,"('sym', None, 9.0)",5,0.8355822088955522,12,0.0
daily,"('sym', None, 9.0)",5,0.7126436781609196,12,0.0
daily,"('sym', None, 9.0)",5,0.20739630184907545,12,0.0
daily,"('sym', None, 9.0)",5,0.6406796601699151,12,0.0
daily,"('sym', None, 9.0)",5,0.9960019990004998,12,0.0
daily,"('sym', None, 9.0)",5,0.551224387806097,12,0.0
daily,"('sym', None, 9.0)",5,0.4917541229385307,12,0.0
daily,"('sym', None, 9.0)",5,0.3638180909545227,12,0.0
daily,"('sym', None, 9.0)",5,0.7471264367816092,12,0.0
daily,"('sym', None, 9.0)",5,0.031484257871064465,12,0.0
daily,"('sym', None, 9.0)",5,0.1024487756121939,12,0.0
daily,"('sym', None, 9.0)",5,0.2108945527236382,12,0.0
daily,"('sym', None, 9.0)",5,0.46926536731634183,12,0.0
daily,"('sym', None, 9.0)",5,0.5372313843078461,12,0.0
daily,"('sym', None, 9.0)",5,0.40879560219890054,12,0.0
daily,"('sym', None, 9.0)",5,0.3333333333333333,12,0.0
daily,"('sym', None, 9.0)",5,0.4062968515742129,12,0.0
daily,"('sym', None, 9.0)",5,0.367816091954023,12,0.0
daily,"('sym', None, 9.0)",5,0.40729635182408797,12,0.0
daily,"('sym', None, 9.0)",5,0.993503248375812,12,0.0
daily,"('sym', None, 9.0)",5,0.55872063968016,12,0.0
daily,"('sym', None, 9.0)",5,0.6271864067966016,12,0.0
daily,"('sym', None, 9.0)",5,0.1889055472263868,12,0.0
daily,"('sym', None, 9.0)",5,0.8345827086456772,12,0.0
daily,"('sym', None, 9.0)",5,0.3343328335832084,12,0.0
daily,"('sym', None, 9.0)",5,0.8280859570214892,12,0.0
daily,"('sym', None, 9.0)",5,0.6111944027986007,12,0.0
daily,"('sym', None, 9.0)",5,0.7931034482758621,12,0.0
daily,"('sym', None, 9.0)",5,0.775112443778111,12,0.0
daily,"('sym', None, 9.0)",5,0.19590204897551225,12,0.0
daily,"('sym', None, 9.0)",5,0.28585707146426786,12,0.0
daily,"('sym', None, 9.0)",5,0.8160919540229885,12,0.0
daily,"('sym', None, 9.0)",6,0.5217391304347826,12,0.0
daily,"('sym', None, 9.0)",6,0.25037481259370314,12,0.0
daily,"('sym', None, 9.0)",6,0.2493753123438281,12,0.0
daily,"('sym', None, 9.0)",6,0.9240379810094953,12,0.0
daily,"('sym', None, 9.0)",6,0.9090454772613693,12,0.0
daily,"('sym', None, 9.0)",6,0.6861569215392304,12,0.0
daily,"('sym', None, 9.0)",6,0.17341329335332334,12,0.0
daily,"('sym', None, 9.0)",6,0.5022488755622189,12,0.0
daily,"('sym', None, 9.0)",6,0.9810094952523738,12,0.0
daily,"('sym', None, 9.0)",6,0.1469265367316342,12,0.0
daily,"('sym', None, 9.0)",6,0.5467266366816592,12,0.0
daily,"('sym', None, 9.0)",6,0.4492753623188406,12,0.0
daily,"('sym', None, 9.0)",6,0.5047476261869065,12,0.0
daily,"('sym', None, 9.0)",6,0.5937031484257871,12,0.0
daily,"('sym', None, 9.0)",6,0.01649175412293853,12,0.0
daily,"('sym', None, 9.0)",6,0.9340329835082459,12,0.0
daily,"('sym', None, 9.0)",6,0.6231884057971014,12,0.0
daily,"('sym', None, 9.0)",6,0.8460769615192404,12,0.0
daily,"('sym', None, 9.0)",6,0.9185407296351824,12,0.0
daily,"('sym', None, 9.0)",6,0.8470764617691154,12,0.0
daily,"('sym', None, 9.0)",6,0.24887556221889057,12,0.0
daily,"('sym', None, 9.0)",6,0.31984007996002,12,0.0
daily,"('sym', None, 9.0)",6,0.40229885057471265,12,0.0
daily,"('sym', None, 9.0)",6,0.7446276861569215,12,0.0
daily,"('sym', None, 9.0)",6,0.9045477261369316,12,0.0
daily,"('sym', None, 9.0)",6,0.26186906546726635,12,0.0
daily,"('sym', None, 9.0)",6,0.23788105947026486,12,0.0
daily,"('sym', None, 9.0)",6,0.823088455772114,12,0.0
daily,"('sym', None, 9.0)",6,0.3953023488255872,12,0.0
daily,"('sym', None, 9.0)",6,0.9980009995002499,12,0.0
daily,"('sym', None, 9.0)",6,0.8390804597701149,12,0.0
daily,"('sym', None, 9.0)",6,0.6081959020489756,12,0.0
daily,"('sym', None, 9.0)",6,0.8655672163918041,12,0.0
daily,"('sym', None, 9.0)",6,0.5657171414292853,12,0.0
daily,"('sym', None, 9.0)",6,0.37881059470264866,12,0.0
daily,"('sym', None, 9.0)",6,0.3188405797101449,12,0.0
daily,"('sym', None, 9.0)",6,0.984007996001999,12,0.0
daily,"('sym', None, 9.0)",6,0.42128935532233885,12,0.0
daily,"('sym', None, 9.0)",6,0.9665167416291854,12,0.0
daily,"('sym', None, 9.0)",6,0.17541229385307347,12,0.0
daily,"('sym', None, 9.0)",6,0.8740629685157422,12,0.0
daily,"('sym', None, 9.0)",6,0.383808095952024,12,0.0
daily,"('sym', None, 9.0)",6,0.47426286856571714,12,0.0
daily,"('sym', None, 9.0)",6,0.46776611694152925,12,0.0
daily,"('sym', None, 9.0)",6,0.767616191904048,12,0.0
daily,"('sym', None, 9.0)",6,0.7386306846576711,12,0.0
daily,"('sym', None, 9.0)",6,0.8105947026486756,12,0.0
daily,"('sym', None, 9.0)",6,0.4017991004497751,12,0.0
daily,"('sym', None, 9.0)",6,0.8700649675162418,12,0.0
daily,"('sym', None, 9.0)",6,0.7496251874062968,12,0.0
daily,"('sym', None, 9.0)",6,0.5912043978010995,12,0.0
daily,"('sym', None, 9.0)",6,0.07296351824087956,12,0.0
daily,"('sym', None, 9.0)",6,0.3098450774612694,12,0.0
daily,"('sym', None, 9.0)",6,0.6901549225387307,12,0.0
daily,"('sym', None, 9.0)",6,0.8030984507746127,12,0.0
daily,"('sym', None, 9.0)",6,0.872063968015992,12,0.0
daily,"('sym', None, 9.0)",6,0.5762118940529735,12,0.0
daily,"('sym', None, 9.0)",6,0.04247876061969016,12,0.0
daily,"('sym', None, 9.0)",6,0.5482258870564718,12,0.0
daily,"('sym', None, 9.0)",6,0.6391804097951025,12,0.0
daily,"('sym', None, 9.0)",6,0.4612693653173413,12,0.0
daily,"('sym', None, 9.0)",6,0.23938030984507747,12,0.0
daily,"('sym', None, 9.0)",6,0.05647176411794103,12,0.0
daily,"('sym', None, 9.0)",6,0.4757621189405297,12,0.0
daily,"('sym', None, 9.0)",6,0.8950524737631185,12,0.0
daily,"('sym', None, 9.0)",6,0.6951524237881059,12,0.0
daily,"('sym', None, 9.0)",6,0.8530734632683659,12,0.0
daily,"('sym', None, 9.0)",6,0.8960519740129935,12,0.0
daily,"('sym', None, 9.0)",6,0.3428285857071464,12,0.0
daily,"('sym', None, 9.0)",6,0.999000499750125,12,0.0
daily,"('sym', None, 9.0)",6,0.7736131934032984,12,0.0
daily,"('sym', None, 9.0)",6,0.8375812093953023,12,0.0
daily,"('sym', None, 9.0)",6,0.5897051474262869,12,0.0
daily,"('sym', None, 9.0)",6,0.4862568715642179,12,0.0
daily,"('sym', None, 9.0)",6,0.8495752123938031,12,0.0
daily,"('sym', None, 9.0)",6,0.5857071464267866,12,0.0
daily,"('sym', None, 9.0)",6,0.8470764617691154,12,0.0
daily,"('sym', None, 9.0)",6,0.8725637181409296,12,0.0
daily,"('sym', None, 9.0)",6,0.889055472263868,12,0.0
daily,"('sym', None, 9.0)",6,0.8335832083958021,12,0.0
daily,"('sym', None, 9.0)",6,0.8380809595202399,12,0.0
daily,"('sym', None, 9.0)",6,0.7646176911544228,12,0.0
daily,"('sym', None, 9.0)",6,0.09845077461269365,12,0.0
daily,"('sym', None, 9.0)",6,0.3918040979510245,12,0.0
daily,"('sym', None, 9.0)",6,0.7041479260369815,12,0.0
daily,"('sym', None, 9.0)",6,0.0704647676161919,12,0.0
daily,"('sym', None, 9.0)",6,0.239880059970015,12,0.0
daily,"('sym', None, 9.0)",6,0.7416291854072964,12,0.0
daily,"('sym', None, 9.0)",6,0.013493253373313344,12,0.0
daily,"('sym', None, 9.0)",6,0.14642678660669664,12,0.0
daily,"('sym', None, 9.0)",6,0.31984007996002,12,0.0
daily,"('sym', None, 9.0)",6,0.2928535732133933,12,0.0
daily,"('sym', None, 9.0)",6,0.9885057471264368,12,0.0
daily,"('sym', None, 9.0)",6,0.8370814592703648,12,0.0
daily,"('sym', None, 9.0)",6,0.600199900049975,12,0.0
daily,"('sym', None, 9.0)",6,0.27586206896551724,12,0.0
daily,"('sym', None, 9.0)",6,0.4612693653173413,12,0.0
daily,"('sym', None, 9.0)",6,0.935032483758121,12,0.0
daily,"('sym', None, 9.0)",6,0.38580709645177413,12,0.0
daily,"('sym', None, 9.0)",6,0.010494752623688156,12,0.0
daily,"('sym', None, 9.0)",7,0.9735132433783108,12,0.0
daily,"('sym', None, 9.0)",7,0.44227886056971516,12,0.0
daily,"('sym', None, 9.0)",7,0.7321339330334833,12,0.0
daily,"('sym', None, 9.0)",7,0.9495252373813093,12,0.0
daily,"('sym', None, 9.0)",7,0.23388305847076463,12,0.0
daily,"('sym', None, 9.0)",7,0.16391804097951024,12,0.0
daily,"('sym', None, 9.0)",7,0.7936031984007996,12,0.0
daily,"('sym', None, 9.0)",7,0.22688655672163918,12,0.0
daily,"('sym', None, 9.0)",7,0.4497751124437781,12,0.0
daily,"('sym', None, 9.0)",7,0.5912043978010995,12,0.0
daily,"('sym', None, 9.0)",7,0.008995502248875561,12,0.0
daily,"('sym', None, 9.0)",7,0.4012993503248376,12,0.0
daily,"('sym', None, 9.0)",7,0.19990004997501248,12,0.0
daily,"('sym', None, 9.0)",7,0.29185407296351823,12,0.0
daily,"('sym', None, 9.0)",7,0.0074962518740629685,12,0.0
daily,"('sym', None, 9.0)",7,0.5052473763118441,12,0.0
daily,"('sym', None, 9.0)",7,0.8275862068965517,12,0.0
daily,"('sym', None, 9.0)",7,0.9145427286356822,12,0.0
daily,"('sym', None, 9.0)",7,0.38580709645177413,12,0.0
daily,"('sym', None, 9.0)",7,0.0704647676161919,12,0.0
daily,"('sym', None, 9.0)",7,0.21639180409795103,12,0.0
daily,"('sym', None, 9.0)",7,0.15542228885557222,12,0.0
daily,"('sym', None, 9.0)",7,0.4737631184407796,12,0.0
daily,"('sym', None, 9.0)",7,0.5072463768115942,12,0.0
daily,"('sym', None, 9.0)",7,0.4127936031984008,12,0.0
daily,"('sym', None, 9.0)",7,0.384807596201899,12,0.0
daily,"('sym', None, 9.0)",7,0.9160419790104948,12,0.0
daily,"('sym', None, 9.0)",7,0.03398300849575212,12,0.0
daily,"('sym', None, 9.0)",7,0.21189405297351324,12,0.0
daily,"('sym', None, 9.0)",7,0.2638680659670165,12,0.0
daily,"('sym', None, 9.0)",7,0.7016491754122939,12,0.0
daily,"('sym', None, 9.0)",7,0.9640179910044977,12,0.0
daily,"('sym', None, 9.0)",7,0.22688655672163918,12,0.0
daily,"('sym', None, 9.0)",7,0.9625187406296851,12,0.0
daily,"('sym', None, 9.0)",7,0.6361819090454772,12,0.0
daily,"('sym', None, 9.0)",7,0.887056471764118,12,0.0
daily,"('sym', None, 9.0)",7,0.8345827086456772,12,0.0
daily,"('sym', None, 9.0)",7,0.12393803098450774,12,0.0
daily,"('sym', None, 9.0)",7,0.5507246376811594,12,0.0
daily,"('sym', None, 9.0)",7,0.8745627186406797,12,0.0
daily,"('sym', None, 9.0)",7,0.5792103948025987,12,0.0
daily,"('sym', None, 9.0)",7,0.9155422288855573,12,0.0
daily,"('sym', None, 9.0)",7,0.04447776111944028,12,0.0
daily,"('sym', None, 9.0)",7,0.5752123938030984,12,0.0
daily,"('sym', None, 9.0)",7,0.7916041979010495,12,0.0
daily,"('sym', None, 9.0)",7,0.21339330334832585,12,0.0
daily,"('sym', None, 9.0)",7,0.6071964017991005,12,0.0
daily,"('sym', None, 9.0)",7,0.5397301349325337,12,0.0
daily,"('sym', None, 9.0)",7,0.6026986506746627,12,0.0
daily,"('sym', None, 9.0)",7,0.7331334332833583,12,0.0
daily,"('sym', None, 9.0)",7,0.4122938530734633,12,0.0
daily,"('sym', None, 9.0)",7,0.04897551224387806,12,0.0
daily,"('sym', None, 9.0)",7,0.31634182908545727,12,0.0
daily,"('sym', None, 9.0)",7,0.23588205897051473,12,0.0
daily,"('sym', None, 9.0)",7,0.47126436781609193,12,0.0
daily,"('sym', None, 9.0)",7,0.7021489255372314,12,0.0
daily,"('sym', None, 9.0)",7,0.5812093953023488,12,0.0
daily,"('sym', None, 9.0)",7,0.4877561219390305,12,0.0
daily,"('sym', None, 9.0)",7,0.17541229385307347,12,0.0
daily,"('sym', None, 9.0)",7,0.0944527736131934,12,0.0
daily,"('sym', None, 9.0)",7,0.14392803598200898,12,0.0
daily,"('sym', None, 9.0)",7,0.5002498750624688,12,0.0
daily,"('sym', None, 9.0)",7,0.4852573713143428,12,0.0
daily,"('sym', None, 9.0)",7,0.3103448275862069,12,0.0
daily,"('sym', None, 9.0)",7,0.4817591204397801,12,0.0
daily,"('sym', None, 9.0)",7,0.39980009995002497,12,0.0
daily,"('sym', None, 9.0)",7,0.4587706146926537,12,0.0
daily,"('sym', None, 9.0)",7,0.6031984007996002,12,0.0
daily,"('sym', None, 9.0)",7,0.19090454772613694,12,0.0
daily,"('sym', None, 9.0)",7,0.06046976511744128,12,0.0
daily,"('sym', None, 9.0)",7,0.6306846576711644,12,0.0
daily,"('sym', None, 9.0)",7,0.7076461769115442,12,0.0
daily,"('sym', None, 9.0)",7,0.30484757621189407,12,0.0
daily,"('sym', None, 9.0)",7,0.5752123938030984,12,0.0
daily,"('sym', None, 9.0)",7,0.38980509745127434,12,0.0
daily,"('sym', None, 9.0)",7,0.7186406796601699,12,0.0
daily,"('sym', None, 9.0)",7,0.16841579210394803,12,0.0
daily,"('sym', None, 9.0)",7,0.16391804097951024,12,0.0
daily,"('sym', None, 9.0)",7,0.11594202898550725,12,0.0
daily,"('sym', None, 9.0)",7,0.23738130934532733,12,0.0
daily,"('sym', None, 9.0)",7,0.5582208895552224,12,0.0
daily,"('sym', None, 9.0)",7,0.06696651674162919,12,0.0
daily,"('sym', None, 9.0)",7,0.6446776611694153,12,0.0
daily,"('sym', None, 9.0)",7,0.4547726136931534,12,0.0
daily,"('sym', None, 9.0)",7,0.1539230384807596,12,0.0
daily,"('sym', None, 9.0)",7,0.13843078460769614,12,0.0
daily,"('sym', None, 9.0)",7,0.4877561219390305,12,0.0
daily,"('sym', None, 9.0)",7,0.9660169915042479,12,0.0
daily,"('sym', None, 9.0)",7,0.5242378810594702,12,0.0
daily,"('sym', None, 9.0)",7,0.5462268865567217,12,0.0
daily,"('sym', None, 9.0)",7,0.16391804097951024,12,0.0
daily,"('sym', None, 9.0)",7,0.3663168415792104,12,0.0
daily,"('sym', None, 9.0)",7,0.8875562218890555,12,0.0
daily,"('sym', None, 9.0)",7,0.9190404797601199,12,0.0
daily,"('sym', None, 9.0)",7,0.2688655672163918,12,0.0
daily,"('sym', None, 9.0)",7,0.11744127936031984,12,0.0
daily,"('sym', None, 9.0)",7,0.09845077461269365,12,0.0
daily,"('sym', None, 9.0)",7,0.5782108945527237,12,0.0
daily,"('sym', None, 9.0)",7,0.8345827086456772,12,0.0
daily,"('sym', None, 9.0)",7,0.3363318340829585,12,0.0
daily,"('sym', None, 9.0)",8,0.5707146426786607,12,0.0
daily,"('sym', None, 9.0)",8,0.12993503248375812,12,0.0
daily,"('sym', None, 9.0)",8,0.3003498250874563,12,0.0
daily,"('sym', None, 9.0)",8,0.5102448775612194,12,0.0
daily,"('sym', None, 9.0)",8,0.5872063968015993,12,0.0
daily,"('sym', None, 9.0)",8,0.9995002498750625,12,0.0
daily,"('sym', None, 9.0)",8,0.4367816091954023,12,0.0
daily,"('sym', None, 9.0)",8,0.027486256871564217,12,0.0
daily,"('sym', None, 9.0)",8,0.4962518740629685,12,0.0
daily,"('sym', None, 9.0)",8,0.8360819590204898,12,0.0
daily,"('sym', None, 9.0)",8,0.5017491254372813,12,0.0
daily,"('sym', None, 9.0)",8,0.33933033483258374,12,0.0
daily,"('sym', None, 9.0)",8,0.5047476261869065,12,0.0
daily,"('sym', None, 9.0)",8,0.47276361819090457,12,0.0
daily,"('sym', None, 9.0)",8,0.14392803598200898,12,0.0
daily,"('sym', None, 9.0)",8,0.7901049475262368,12,0.0
daily,"('sym', None, 9.0)",8,0.8255872063968016,12,0.0
daily,"('sym', None, 9.0)",8,0.6106946526736632,12,0.0
daily,"('sym', None, 9.0)",8,0.255872063968016,12,0.0
daily,"('sym', None, 9.0)",8,0.42828585707146427,12,0.0
daily,"('sym', None, 9.0)",8,0.20439780109945027,12,0.0
daily,"('sym', None, 9.0)",8,0.6051974012993503,12,0.0
daily,"('sym', None, 9.0)",8,0.8255872063968016,12,0.0
daily,"('sym', None, 9.0)",8,0.9400299850074962,12,0.0
daily,"('sym', None, 9.0)",8,0.527736131934033,12,0.0
daily,"('sym', None, 9.0)",8,0.08295852073963018,12,0.0
daily,"('sym', None, 9.0)",8,0.44227886056971516,12,0.0
daily,"('sym', None, 9.0)",8,0.5492253873063468,12,0.0
daily,"('sym', None, 9.0)",8,0.3598200899550225,12,0.0
daily,"('sym', None, 9.0)",8,0.5322338830584707,12,0.0
daily,"('sym', None, 9.0)",8,0.9620189905047476,12,0.0
daily,"('sym', None, 9.0)",8,0.5857071464267866,12,0.0
daily,"('sym', None, 9.0)",8,0.6561719140429785,12,0.0
daily,"('sym', None, 9.0)",8,0.6411794102948526,12,0.0
daily,"('sym', None, 9.0)",8,0.9810094952523738,12,0.0
daily,"('sym', None, 9.0)",8,0.8905547226386806,12,0.0
daily,"('sym', None, 9.0)",8,0.07196401799100449,12,0.0
daily,"('sym', None, 9.0)",8,0.3543228385807096,12,0.0
daily,"('sym', None, 9.0)",8,0.7101449275362319,12,0.0
daily,"('sym', None, 9.0)",8,0.296351824087956,12,0.0
daily,"('sym', None, 9.0)",8,0.7296351824087957,12,0.0
daily,"('sym', None, 9.0)",8,0.6841579210394803,12,0.0
daily,"('sym', None, 9.0)",8,0.10794602698650675,12,0.0
daily,"('sym', None, 9.0)",8,0.4847576211894053,12,0.0
daily,"('sym', None, 9.0)",8,0.5182408795602199,12,0.0
daily,"('sym', None, 9.0)",8,0.19640179910044978,12,0.0
daily,"('sym', None, 9.0)",8,0.6191904047976012,12,0.0
daily,"('sym', None, 9.0)",8,0.5702148925537232,12,0.0
daily,"('sym', None, 9.0)",8,0.136431784107946,12,0.0
daily,"('sym', None, 9.0)",8,0.8930534732633684,12,0.0
daily,"('sym', None, 9.0)",8,0.7201399300349826,12,0.0
daily,"('sym', None, 9.0)",8,0.4272863568215892,12,0.0
daily,"('sym', None, 9.0)",8,0.7726136931534233,12,0.0
daily,"('sym', None, 9.0)",8,0.4387806096951524,12,0.0
daily,"('sym', None, 9.0)",8,0.3938030984507746,12,0.0
daily,"('sym', None, 9.0)",8,0.6336831584207896,12,0.0
daily,"('sym', None, 9.0)",8,0.9515242378810594,12,0.0
daily,"('sym', None, 9.0)",8,0.7956021989005497,12,0.0
daily,"('sym', None, 9.0)",8,0.9380309845077461,12,0.0
daily,"('sym', None, 9.0)",8,0.9135432283858071,12,0.0
daily,"('sym', None, 9.0)",8,0.9705147426286856,12,0.0
daily,"('sym', None, 9.0)",8,0.9685157421289355,12,0.0
daily,"('sym', None, 9.0)",8,0.7671164417791104,12,0.0
daily,"('sym', None, 9.0)",8,0.424287856071964,12,0.0
daily,"('sym', None, 9.0)",8,0.22538730634682658,12,0.0
daily,"('sym', None, 9.0)",8,0.013493253373313344,12,0.0
daily,"('sym', None, 9.0)",8,0.5377311344327836,12,0.0
daily,"('sym', None, 9.0)",8,0.18240879560219891,12,0.0
daily,"('sym', None, 9.0)",8,0.6381809095452274,12,0.0
daily,"('sym', None, 9.0)",8,0.48425787106446777,12,0.0
daily,"('sym', None, 9.0)",8,0.5257371314342829,12,0.0
daily,"('sym', None, 9.0)",8,0.11494252873563218,12,0.0
daily,"('sym', None, 9.0)",8,0.29685157421289354,12,0.0
daily,"('sym', None, 9.0)",8,0.551224387806097,12,0.0
daily,"('sym', None, 9.0)",8,0.45027486256871563,12,0.0
daily,"('sym', None, 9.0)",8,0.25787106446776614,12,0.0
daily,"('sym', None, 9.0)",8,0.28335832083958024,12,0.0
daily,"('sym', None, 9.0)",8,0.4112943528235882,12,0.0
daily,"('sym', None, 9.0)",8,0.5197401299350325,12,0.0
daily,"('sym', None, 9.0)",8,0.974512743628186,12,0.0
daily,"('sym', None, 9.0)",8,0.9270364817591205,12,0.0
daily,"('sym', None, 9.0)",8,0.9080459770114943,12,0.0
daily,"('sym', None, 9.0)",8,0.5527236381809095,12,0.0
daily,"('sym', None, 9.0)",8,0.18840579710144928,12,0.0
daily,"('sym', None, 9.0)",8,0.2733633183408296,12,0.0
daily,"('sym', None, 9.0)",8,0.5227386306846576,12,0.0
daily,"('sym', None, 9.0)",8,0.6296851574212894,12,0.0
daily,"('sym', None, 9.0)",8,0.9495252373813093,12,0.0
daily,"('sym', None, 9.0)",8,0.7711144427786107,12,0.0
daily,"('sym', None, 9.0)",8,0.9570214892553723,12,0.0
daily,"('sym', None, 9.0)",8,0.632183908045977,12,0.0
daily,"('sym', None, 9.0)",8,0.5807096451774113,12,0.0
daily,"('sym', None, 9.0)",8,0.5812093953023488,12,0.0
daily,"('sym', None, 9.0)",8,0.848575712143928,12,0.0
daily,"('sym', None, 9.0)",8,0.3003498250874563,12,0.0
daily,"('sym', None, 9.0)",8,0.2698650674662669,12,0.0
daily,"('sym', None, 9.0)",8,0.9140429785107447,12,0.0
daily,"('sym', None, 9.0)",8,0.041979010494752625,12,0.0
daily,"('sym', None, 9.0)",8,0.4642678660669665,12,0.0
daily,"('sym', None, 9.0)",8,0.8740629685157422,12,0.0
daily,"('sym', None, 9.0)",9,0.7376311844077961,12,0.0
daily,"('sym', None, 9.0)",9,0.9890054972513743,12,0.0
daily,"('sym', None, 9.0)",9,0.663168415792104,12,0.0
daily,"('sym', None, 9.0)",9,0.22038980509745126,12,0.0
daily,"('sym', None, 9.0)",9,0.1969015492253873,12,0.0
daily,"('sym', None, 9.0)",9,0.7191404297851074,12,0.0
daily,"('sym', None, 9.0)",9,0.4757621189405297,12,0.0
daily,"('sym', None, 9.0)",9,0.4357821089455272,12,0.0
daily,"('sym', None, 9.0)",9,0.5537231384307846,12,0.0
daily,"('sym', None, 9.0)",9,0.8935532233883059,12,0.0
daily,"('sym', None, 9.0)",9,0.3733133433283358,12,0.0
daily,"('sym', None, 9.0)",9,0.6011994002998501,12,0.0
daily,"('sym', None, 9.0)",9,0.8855572213893054,12,0.0
daily,"('sym', None, 9.0)",9,0.6616691654172914,12,0.0
daily,"('sym', None, 9.0)",9,0.5977011494252874,12,0.0
daily,"('sym', None, 9.0)",9,0.5197401299350325,12,0.0
daily,"('sym', None, 9.0)",9,0.5877061469265368,12,0.0
daily,"('sym', None, 9.0)",9,0.8685657171414293,12,0.0
daily,"('sym', None, 9.0)",9,0.7461269365317341,12,0.0
daily,"('sym', None, 9.0)",9,0.5077461269365318,12,0.0
daily,"('sym', None, 9.0)",9,0.09795102448775612,12,0.0
daily,"('sym', None, 9.0)",9,0.9730134932533733,12,0.0
daily,"('sym', None, 9.0)",9,0.927536231884058,12,0.0
daily,"('sym', None, 9.0)",9,0.059470264867566215,12,0.0
daily,"('sym', None, 9.0)",9,0.4287856071964018,12,0.0
daily,"('sym', None, 9.0)",9,0.4447776111944028,12,0.0
daily,"('sym', None, 9.0)",9,0.32983508245877063,12,0.0
daily,"('sym', None, 9.0)",9,0.4832583708145927,12,0.0
daily,"('sym', None, 9.0)",9,0.7906046976511744,12,0.0
daily,"('sym', None, 9.0)",9,0.8735632183908046,12,0.0
daily,"('sym', None, 9.0)",9,0.001999000499750125,12,0.0
daily,"('sym', None, 9.0)",9,0.5817091454272864,12,0.0
daily,"('sym', None, 9.0)",9,0.45577211394302847,12,0.0
daily,"('sym', None, 9.0)",9,0.8125937031484258,12,0.0
daily,"('sym', None, 9.0)",9,0.01699150424787606,12,0.0
daily,"('sym', None, 9.0)",9,0.11044477761119441,12,0.0
daily,"('sym', None, 9.0)",9,0.8455772113943029,12,0.0
daily,"('sym', None, 9.0)",9,0.005497251374312844,12,0.0
daily,"('sym', None, 9.0)",9,0.2768615692153923,12,0.0
daily,"('sym', None, 9.0)",9,0.504247876061969,12,0.0
daily,"('sym', None, 9.0)",9,0.6371814092953523,12,0.0
daily,"('sym', None, 9.0)",9,0.7466266866566716,12,0.0
daily,"('sym', None, 9.0)",9,0.33983008495752126,12,0.0
daily,"('sym', None, 9.0)",9,0.48225887056471767,12,0.0
daily,"('sym', None, 9.0)",9,0.12843578210894552,12,0.0
daily,"('sym', None, 9.0)",9,0.32033983008495753,12,0.0
daily,"('sym', None, 9.0)",9,0.6421789105447276,12,0.0
daily,"('sym', None, 9.0)",9,0.8265867066466767,12,0.0
daily,"('sym', None, 9.0)",9,0.05547226386806597,12,0.0
daily,"('sym', None, 9.0)",9,0.14442778610694654,12,0.0
daily,"('sym', None, 9.0)",9,0.3243378310844578,12,0.0
daily,"('sym', None, 9.0)",9,0.6951524237881059,12,0.0
daily,"('sym', None, 9.0)",9,0.8470764617691154,12,0.0
daily,"('sym', None, 9.0)",9,0.26636681659170414,12,0.0
daily,"('sym', None, 9.0)",9,0.8850574712643678,12,0.0
daily,"('sym', None, 9.0)",9,0.7631184407796102,12,0.0
daily,"('sym', None, 9.0)",9,0.5792103948025987,12,0.0
daily,"('sym', None, 9.0)",9,0.16391804097951024,12,0.0
daily,"('sym', None, 9.0)",9,0.15642178910544727,12,0.0
daily,"('sym', None, 9.0)",9,0.8975512243878061,12,0.0
daily,"('sym', None, 9.0)",9,0.3568215892053973,12,0.0
daily,"('sym', None, 9.0)",9,0.7096451774112944,12,0.0
daily,"('sym', None, 9.0)",9,0.8020989505247377,12,0.0
daily,"('sym', None, 9.0)",9,0.2983508245877061,12,0.0
daily,"('sym', None, 9.0)",9,0.45377311344327836,12,0.0
daily,"('sym', None, 9.0)",9,0.2733633183408296,12,0.0
daily,"('sym', None, 9.0)",9,0.6291854072963519,12,0.0
daily,"('sym', None, 9.0)",9,0.5867066466766616,12,0.0
daily,"('sym', None, 9.0)",9,0.5062468765617192,12,0.0
daily,"('sym', None, 9.0)",9,0.4707646176911544,12,0.0
daily,"('sym', None, 9.0)",9,0.42478760619690153,12,0.0
daily,"('sym', None, 9.0)",9,0.8600699650174912,12,0.0
daily,"('sym', None, 9.0)",9,0.953023488255872,12,0.0
daily,"('sym', None, 9.0)",9,0.5752123938030984,12,0.0
daily,"('sym', None, 9.0)",9,0.9630184907546226,12,0.0
daily,"('sym', None, 9.0)",9,0.7186406796601699,12,0.0
daily,"('sym', None, 9.0)",9,0.5707146426786607,12,0.0
daily,"('sym', None, 9.0)",9,0.6701649175412294,12,0.0
daily,"('sym', None, 9.0)",9,0.9790104947526237,12,0.0
daily,"('sym', None, 9.0)",9,0.9195402298850575,12,0.0
daily,"('sym', None, 9.0)",9,0.191904047976012,12,0.0
daily,"('sym', None, 9.0)",9,0.2613693153423288,12,0.0
daily,"('sym', None, 9.0)",9,0.631184407796102,12,0.0
daily,"('sym', None, 9.0)",9,0.4012993503248376,12,0.0
daily,"('sym', None, 9.0)",9,0.3523238380809595,12,0.0
daily,"('sym', None, 9.0)",9,0.014492753623188406,12,0.0
daily,"('sym', None, 9.0)",9,0.8680659670164917,12,0.0
daily,"('sym', None, 9.0)",9,0.29985007496251875,12,0.0
daily,"('sym', None, 9.0)",9,0.847576211894053,12,0.0
daily,"('sym', None, 9.0)",9,0.017991004497751123,12,0.0
daily,"('sym', None, 9.0)",9,0.5742128935532234,12,0.0
daily,"('sym', None, 9.0)",9,0.9535232383808095,12,0.0
daily,"('sym', None, 9.0)",9,0.6831584207896052,12,0.0
daily,"('sym', None, 9.0)",9,0.8835582208895553,12,0.0
daily,"('sym', None, 9.0)",9,0.21489255372313842,12,0.0
daily,"('sym', None, 9.0)",9,0.07596201899050475,12,0.0
daily,"('sym', None, 9.0)",9,0.20439780109945027,12,0.0
daily,"('sym', None, 9.0)",9,0.3148425787106447,12,0.0
daily,"('sym', None, 9.0)",9,0.22638680659670166,12,0.0
daily,"('sym', None, 9.0)",9,0.784607696151924,12,0.0
daily,"('sym', None, 9.0)",10,0.671664167916042,12,0.0
daily,"('sym', None, 9.0)",10,0.32083958020989506,12,0.0
daily,"('sym', None, 9.0)",10,0.1794102948525737,12,0.0
daily,"('sym', None, 9.0)",10,0.40379810094952523,12,0.0
daily,"('sym', None, 9.0)",10,0.9785107446276862,12,0.0
daily,"('sym', None, 9.0)",10,0.7746126936531734,12,0.0
daily,"('sym', None, 9.0)",10,0.6306846576711644,12,0.0
daily,"('sym', None, 9.0)",10,0.10294852573713144,12,0.0
daily,"('sym', None, 9.0)",10,0.40379810094952523,12,0.0
daily,"('sym', None, 9.0)",10,0.2623688155922039,12,0.0
daily,"('sym', None, 9.0)",10,0.011494252873563218,12,0.0
daily,"('sym', None, 9.0)",10,0.28285857071464265,12,0.0
daily,"('sym', None, 9.0)",10,0.3118440779610195,12,0.0
daily,"('sym', None, 9.0)",10,0.4687656171914043,12,0.0
daily,"('sym', None, 9.0)",10,0.8460769615192404,12,0.0
daily,"('sym', None, 9.0)",10,0.06146926536731634,12,0.0
daily,"('sym', None, 9.0)",10,0.08945527236381809,12,0.0
daily,"('sym', None, 9.0)",10,0.46026986506746626,12,0.0
daily,"('sym', None, 9.0)",10,0.09095452273863068,12,0.0
daily,"('sym', None, 9.0)",10,0.1724137931034483,12,0.0
daily,"('sym', None, 9.0)",10,0.33933033483258374,12,0.0
daily,"('sym', None, 9.0)",10,0.1904047976011994,12,0.0
daily,"('sym', None, 9.0)",10,0.7311344327836082,12,0.0
daily,"('sym', None, 9.0)",10,0.043478260869565216,12,0.0
daily,"('sym', None, 9.0)",10,0.43228385807096453,12,0.0
daily,"('sym', None, 9.0)",10,0.1724137931034483,12,0.0
daily,"('sym', None, 9.0)",10,0.9450274862568716,12,0.0
daily,"('sym', None, 9.0)",10,0.952023988005997,12,0.0
daily,"('sym', None, 9.0)",10,0.7166416791604198,12,0.0
daily,"('sym', None, 9.0)",10,0.7226386806596702,12,0.0
daily,"('sym', None, 9.0)",10,0.14992503748125938,12,0.0
daily,"('sym', None, 9.0)",10,0.3638180909545227,12,0.0
daily,"('sym', None, 9.0)",10,0.10794602698650675,12,0.0
daily,"('sym', None, 9.0)",10,0.8675662168915542,12,0.0
daily,"('sym', None, 9.0)",10,0.7006496751624188,12,0.0
daily,"('sym', None, 9.0)",10,0.5542228885557221,12,0.0
daily,"('sym', None, 9.0)",10,0.711144427786107,12,0.0
daily,"('sym', None, 9.0)",10,0.8995502248875562,12,0.0
daily,"('sym', None, 9.0)",10,0.2673663168415792,12,0.0
daily,"('sym', None, 9.0)",10,0.6561719140429785,12,0.0
daily,"('sym', None, 9.0)",10,0.29735132433783107,12,0.0
daily,"('sym', None, 9.0)",10,0.750624687656172,12,0.0
daily,"('sym', None, 9.0)",10,0.776111944027986,12,0.0
daily,"('sym', None, 9.0)",10,0.5912043978010995,12,0.0
daily,"('sym', None, 9.0)",10,0.13143428285857073,12,0.0
daily,"('sym', None, 9.0)",10,0.20439780109945027,12,0.0
daily,"('sym', None, 9.0)",10,0.6756621689155422,12,0.0
daily,"('sym', None, 9.0)",10,0.8810594702648675,12,0.0
daily,"('sym', None, 9.0)",10,0.07546226886556721,12,0.0
daily,"('sym', None, 9.0)",10,0.7051474262868566,12,0.0
daily,"('sym', None, 9.0)",10,0.6036981509245377,12,0.0
daily,"('sym', None, 9.0)",10,0.20539730134932535,12,0.0
daily,"('sym', None, 9.0)",10,0.7421289355322339,12,0.0
daily,"('sym', None, 9.0)",10,0.3468265867066467,12,0.0
daily,"('sym', None, 9.0)",10,0.07296351824087956,12,0.0
daily,"('sym', None, 9.0)",10,0.0864567716141929,12,0.0
daily,"('sym', None, 9.0)",10,0.8530734632683659,12,0.0
daily,"('sym', None, 9.0)",10,0.046476761619190406,12,0.0
daily,"('sym', None, 9.0)",10,0.07546226886556721,12,0.0
daily,"('sym', None, 9.0)",10,0.5142428785607196,12,0.0
daily,"('sym', None, 9.0)",10,0.11694152923538231,12,0.0
daily,"('sym', None, 9.0)",10,0.9245377311344328,12,0.0
daily,"('sym', None, 9.0)",10,0.49075462268865566,12,0.0
daily,"('sym', None, 9.0)",10,0.9650174912543729,12,0.0
daily,"('sym', None, 9.0)",10,0.6966516741629185,12,0.0
daily,"('sym', None, 9.0)",10,0.431784107946027,12,0.0
daily,"('sym', None, 9.0)",10,0.9320339830084957,12,0.0
daily,"('sym', None, 9.0)",10,0.6876561719140429,12,0.0
daily,"('sym', None, 9.0)",10,0.16841579210394803,12,0.0
daily,"('sym', None, 9.0)",10,0.40379810094952523,12,0.0
daily,"('sym', None, 9.0)",10,0.4387806096951524,12,0.0
daily,"('sym', None, 9.0)",10,0.12443778110944528,12,0.0
daily,"('sym', None, 9.0)",10,0.05897051474262868,12,0.0
daily,"('sym', None, 9.0)",10,0.1724137931034483,12,0.0
daily,"('sym', None, 9.0)",10,0.06696651674162919,12,0.0
daily,"('sym', None, 9.0)",10,0.020989505247376312,12,0.0
daily,"('sym', None, 9.0)",10,0.9115442278860569,12,0.0
daily,"('sym', None, 9.0)",10,0.5362318840579711,12,0.0
daily,"('sym', None, 9.0)",10,0.5327336331834083,12,0.0
daily,"('sym', None, 9.0)",10,0.6166916541729135,12,0.0
daily,"('sym', None, 9.0)",10,0.5012493753123438,12,0.0
daily,"('sym', None, 9.0)",10,0.9170414792603698,12,0.0
daily,"('sym', None, 9.0)",10,0.7141429285357321,12,0.0
daily,"('sym', None, 9.0)",10,0.5167416291854073,12,0.0
daily,"('sym', None, 9.0)",10,0.32033983008495753,12,0.0
daily,"('sym', None, 9.0)",10,0.8145927036481759,12,0.0
daily,"('sym', None, 9.0)",10,0.6421789105447276,12,0.0
daily,"('sym', None, 9.0)",10,0.8940529735132434,12,0.0
daily,"('sym', None, 9.0)",10,0.08545727136431784,12,0.0
daily,"('sym', None, 9.0)",10,0.8335832083958021,12,0.0
daily,"('sym', None, 9.0)",10,0.7926036981509246,12,0.0
daily,"('sym', None, 9.0)",10,0.7306346826586707,12,0.0
daily,"('sym', None, 9.0)",10,0.2383808095952024,12,0.0
daily,"('sym', None, 9.0)",10,0.7791104447776112,12,0.0
daily,"('sym', None, 9.0)",10,0.3353323338330835,12,0.0
daily,"('sym', None, 9.0)",10,0.3238380809595202,12,0.0
daily,"('sym', None, 9.0)",10,0.7731134432783608,12,0.0
daily,"('sym', None, 9.0)",10,0.21689155422288856,12,0.0
daily,"('sym', None, 9.0)",10,0.4567716141929036,12,0.0
daily,"('sym', None, 9.0)",10,0.6086956521739131,12,0.0
daily,"('sym', None, 9.0)",11,0.24237881059470265,12,0.0
daily,"('sym', None, 9.0)",11,0.8540729635182409,12,0.0
daily,"('sym', None, 9.0)",11,0.7706146926536732,12,0.0
daily,"('sym', None, 9.0)",11,0.7936031984007996,12,0.0
daily,"('sym', None, 9.0)",11,0.07846076961519241,12,0.0
daily,"('sym', None, 9.0)",11,0.496751624187906,12,0.0
daily,"('sym', None, 9.0)",11,0.49225387306346824,12,0.0
daily,"('sym', None, 9.0)",11,0.9700149925037481,12,0.0
daily,"('sym', None, 9.0)",11,0.10744627686156921,12,0.0
daily,"('sym', None, 9.0)",11,0.6266866566716641,12,0.0
daily,"('sym', None, 9.0)",11,0.9385307346326837,12,0.0
daily,"('sym', None, 9.0)",11,0.044977511244377814,12,0.0
daily,"('sym', None, 9.0)",11,0.255872063968016,12,0.0
daily,"('sym', None, 9.0)",11,0.991504247876062,12,0.0
daily,"('sym', None, 9.0)",11,0.4912543728135932,12,0.0
daily,"('sym', None, 9.0)",11,0.06146926536731634,12,0.0
daily,"('sym', None, 9.0)",11,0.6941529235382309,12,0.0
daily,"('sym', None, 9.0)",11,0.28085957021489255,12,0.0
daily,"('sym', None, 9.0)",11,0.744127936031984,12,0.0
daily,"('sym', None, 9.0)",11,0.25837081459270367,12,0.0
daily,"('sym', None, 9.0)",11,0.9610194902548725,12,0.0
daily,"('sym', None, 9.0)",11,0.8990504747626187,12,0.0
daily,"('sym', None, 9.0)",11,0.7486256871564217,12,0.0
daily,"('sym', None, 9.0)",11,0.6881559220389805,12,0.0
daily,"('sym', None, 9.0)",11,0.7386306846576711,12,0.0
daily,"('sym', None, 9.0)",11,0.3893053473263368,12,0.0
daily,"('sym', None, 9.0)",11,0.7941029485257372,12,0.0
daily,"('sym', None, 9.0)",11,0.7626186906546727,12,0.0
daily,"('sym', None, 9.0)",11,0.9685157421289355,12,0.0
daily,"('sym', None, 9.0)",11,0.6811594202898551,12,0.0
daily,"('sym', None, 9.0)",11,0.6406796601699151,12,0.0
daily,"('sym', None, 9.0)",11,0.8920539730134932,12,0.0
daily,"('sym', None, 9.0)",11,0.447776111944028,12,0.0
daily,"('sym', None, 9.0)",11,0.12593703148425786,12,0.0
daily,"('sym', None, 9.0)",11,0.8575712143928036,12,0.0
daily,"('sym', None, 9.0)",11,0.03548225887056472,12,0.0
daily,"('sym', None, 9.0)",11,0.8465767116441779,12,0.0
daily,"('sym', None, 9.0)",11,0.08395802098950525,12,0.0
daily,"('sym', None, 9.0)",11,0.4877561219390305,12,0.0
daily,"('sym', None, 9.0)",11,0.6526736631684158,12,0.0
daily,"('sym', None, 9.0)",11,0.47226386806596704,12,0.0
daily,"('sym', None, 9.0)",11,0.49375312343828087,12,0.0
daily,"('sym', None, 9.0)",11,0.6491754122938531,12,0.0
daily,"('sym', None, 9.0)",11,0.8260869565217391,12,0.0
daily,"('sym', None, 9.0)",11,0.8425787106446777,12,0.0
daily,"('sym', None, 9.0)",11,0.3153423288355822,12,0.0
daily,"('sym', None, 9.0)",11,0.4292853573213393,12,0.0
daily,"('sym', None, 9.0)",11,0.8030984507746127,12,0.0
daily,"('sym', None, 9.0)",11,0.7466266866566716,12,0.0
daily,"('sym', None, 9.0)",11,0.4057971014492754,12,0.0
daily,"('sym', None, 9.0)",11,0.3188405797101449,12,0.0
daily,"('sym', None, 9.0)",11,0.6606696651674163,12,0.0
daily,"('sym', None, 9.0)",11,0.4427786106946527,12,0.0
daily,"('sym', None, 9.0)",11,0.7316341829085458,12,0.0
daily,"('sym', None, 9.0)",11,0.47176411794102946,12,0.0
daily,"('sym', None, 9.0)",11,0.7886056971514243,12,0.0
daily,"('sym', None, 9.0)",11,0.2978510744627686,12,0.0
daily,"('sym', None, 9.0)",11,0.6126936531734133,12,0.0
daily,"('sym', None, 9.0)",11,0.41629185407296354,12,0.0
daily,"('sym', None, 9.0)",11,0.47276361819090457,12,0.0
daily,"('sym', None, 9.0)",11,0.6541729135432284,12,0.0
daily,"('sym', None, 9.0)",11,0.45377311344327836,12,0.0
daily,"('sym', None, 9.0)",11,0.8250874562718641,12,0.0
daily,"('sym', None, 9.0)",11,0.2938530734632684,12,0.0
daily,"('sym', None, 9.0)",11,0.4607696151924038,12,0.0
daily,"('sym', None, 9.0)",11,0.7086456771614192,12,0.0
daily,"('sym', None, 9.0)",11,0.2318840579710145,12,0.0
daily,"('sym', None, 9.0)",11,0.9225387306346826,12,0.0
daily,"('sym', None, 9.0)",11,0.6501749125437282,12,0.0
daily,"('sym', None, 9.0)",11,0.9940029985007496,12,0.0
daily,"('sym', None, 9.0)",11,0.392303848075962,12,0.0
daily,"('sym', None, 9.0)",11,0.2588705647176412,12,0.0
daily,"('sym', None, 9.0)",11,0.2698650674662669,12,0.0
daily,"('sym', None, 9.0)",11,0.33483258370814595,12,0.0
daily,"('sym', None, 9.0)",11,0.20789605197401298,12,0.0
daily,"('sym', None, 9.0)",11,0.7561219390304847,12,0.0
daily,"('sym', None, 9.0)",11,0.18490754622688654,12,0.0
daily,"('sym', None, 9.0)",11,0.5017491254372813,12,0.0
daily,"('sym', None, 9.0)",11,0.5297351324337831,12,0.0
daily,"('sym', None, 9.0)",11,0.37381309345327335,12,0.0
daily,"('sym', None, 9.0)",11,0.6561719140429785,12,0.0
daily,"('sym', None, 9.0)",11,0.12143928035982009,12,0.0
daily,"('sym', None, 9.0)",11,0.5982008995502249,12,0.0
daily,"('sym', None, 9.0)",11,0.552223888055972,12,0.0
daily,"('sym', None, 9.0)",11,0.7256371814092953,12,0.0
daily,"('sym', None, 9.0)",11,0.7856071964017991,12,0.0
daily,"('sym', None, 9.0)",11,0.7621189405297352,12,0.0
daily,"('sym', None, 9.0)",11,0.5252373813093453,12,0.0
daily,"('sym', None, 9.0)",11,0.8980509745127436,12,0.0
daily,"('sym', None, 9.0)",11,0.7521239380309845,12,0.0
daily,"('sym', None, 9.0)",11,0.4847576211894053,12,0.0
daily,"('sym', None, 9.0)",11,0.062468765617191405,12,0.0
daily,"('sym', None, 9.0)",11,0.9160419790104948,12,0.0
daily,"('sym', None, 9.0)",11,0.3658170914542729,12,0.0
daily,"('sym', None, 9.0)",11,0.4892553723138431,12,0.0
daily,"('sym', None, 9.0)",11,0.05347326336831584,12,0.0
daily,"('sym', None, 9.0)",11,0.8940529735132434,12,0.0
daily,"('sym', None, 9.0)",11,0.32233883058470764,12,0.0
daily,"('sym', None, 9.0)",11,0.7231384307846077,12,0.0
daily,"('sym', None, 9.0)",11,0.7086456771614192,12,0.0
daily,"('sym', None, 9.0)",12,0.30934532733633185,12,0.0
daily,"('sym', None, 9.0)",12,0.41829085457271364,12,0.0
daily,"('sym', None, 9.0)",12,0.8520739630184908,12,0.0
daily,"('sym', None, 9.0)",12,0.5382308845577212,12,0.0
daily,"('sym', None, 9.0)",12,0.1714142928535732,12,0.0
daily,"('sym', None, 9.0)",12,0.17191404297851073,12,0.0
daily,"('sym', None, 9.0)",12,0.16541729135432284,12,0.0
daily,"('sym', None, 9.0)",12,0.16591704147926037,12,0.0
daily,"('sym', None, 9.0)",12,0.5357321339330335,12,0.0
daily,"('sym', None, 9.0)",12,0.3988005997001499,12,0.0
daily,"('sym', None, 9.0)",12,0.010494752623688156,12,0.0
daily,"('sym', None, 9.0)",12,0.9100449775112444,12,0.0
daily,"('sym', None, 9.0)",12,0.062468765617191405,12,0.0
daily,"('sym', None, 9.0)",12,0.47976011994003,12,0.0
daily,"('sym', None, 9.0)",12,0.4387806096951524,12,0.0
daily,"('sym', None, 9.0)",12,0.31084457771114443,12,0.0
daily,"('sym', None, 9.0)",12,0.9555222388805598,12,0.0
daily,"('sym', None, 9.0)",12,0.15992003998001,12,0.0
daily,"('sym', None, 9.0)",12,0.1854072963518241,12,0.0
daily,"('sym', None, 9.0)",12,0.7061469265367316,12,0.0
daily,"('sym', None, 9.0)",12,0.28285857071464265,12,0.0
daily,"('sym', None, 9.0)",12,0.5602198900549725,12,0.0
daily,"('sym', None, 9.0)",12,0.735632183908046,12,0.0
daily,"('sym', None, 9.0)",12,0.6551724137931034,12,0.0
daily,"('sym', None, 9.0)",12,0.9355322338830585,12,0.0
daily,"('sym', None, 9.0)",12,0.8705647176411794,12,0.0
daily,"('sym', None, 9.0)",12,0.8670664667666167,12,0.0
daily,"('sym', None, 9.0)",12,0.29685157421289354,12,0.0
daily,"('sym', None, 9.0)",12,0.9370314842578711,12,0.0
daily,"('sym', None, 9.0)",12,0.2478760619690155,12,0.0
daily,"('sym', None, 9.0)",12,0.496751624187906,12,0.0
daily,"('sym', None, 9.0)",12,0.551224387806097,12,0.0
daily,"('sym', None, 9.0)",12,0.9370314842578711,12,0.0
daily,"('sym', None, 9.0)",12,0.24437781109445278,12,0.0
daily,"('sym', None, 9.0)",12,0.9655172413793104,12,0.0
daily,"('sym', None, 9.0)",12,0.6456771614192903,12,0.0
daily,"('sym', None, 9.0)",12,0.4757621189405297,12,0.0
daily,"('sym', None, 9.0)",12,0.4352823588205897,12,0.0
daily,"('sym', None, 9.0)",12,0.3023488255872064,12,0.0
daily,"('sym', None, 9.0)",12,0.34632683658170915,12,0.0
daily,"('sym', None, 9.0)",12,0.8845577211394303,12,0.0
daily,"('sym', None, 9.0)",12,0.6046976511744128,12,0.0
daily,"('sym', None, 9.0)",12,0.2028985507246377,12,0.0
daily,"('sym', None, 9.0)",12,0.3823088455772114,12,0.0
daily,"('sym', None, 9.0)",12,0.3893053473263368,12,0.0
daily,"('sym', None, 9.0)",12,0.7866066966516742,12,0.0
daily,"('sym', None, 9.0)",12,0.095952023988006,12,0.0
daily,"('sym', None, 9.0)",12,0.6226886556721639,12,0.0
daily,"('sym', None, 9.0)",12,0.6381809095452274,12,0.0
daily,"('sym', None, 9.0)",12,0.296351824087956,12,0.0
daily,"('sym', None, 9.0)",12,0.223888055972014,12,0.0
daily,"('sym', None, 9.0)",12,0.7451274362818591,12,0.0
daily,"('sym', None, 9.0)",12,0.17891054472763618,12,0.0
daily,"('sym', None, 9.0)",12,0.5347326336831584,12,0.0
daily,"('sym', None, 9.0)",12,0.6256871564217891,12,0.0
daily,"('sym', None, 9.0)",12,0.12843578210894552,12,0.0
daily,"('sym', None, 9.0)",12,0.6271864067966016,12,0.0
daily,"('sym', None, 9.0)",12,0.22588705647176413,12,0.0
daily,"('sym', None, 9.0)",12,0.303848075962019,12,0.0
daily,"('sym', None, 9.0)",12,0.7906046976511744,12,0.0
daily,"('sym', None, 9.0)",12,0.3843078460769615,12,0.0
daily,"('sym', None, 9.0)",12,0.6741629185407296,12,0.0
daily,"('sym', None, 9.0)",12,0.5557221389305347,12,0.0
daily,"('sym', None, 9.0)",12,0.2868565717141429,12,0.0
daily,"('sym', None, 9.0)",12,0.21189405297351324,12,0.0
daily,"('sym', None, 9.0)",12,0.5962018990504747,12,0.0
daily,"('sym', None, 9.0)",12,0.8180909545227386,12,0.0
daily,"('sym', None, 9.0)",12,0.09895052473763119,12,0.0
daily,"('sym', None, 9.0)",12,0.14992503748125938,12,0.0
daily,"('sym', None, 9.0)",12,0.47426286856571714,12,0.0
daily,"('sym', None, 9.0)",12,0.8595702148925537,12,0.0
daily,"('sym', None, 9.0)",12,0.4127936031984008,12,0.0
daily,"('sym', None, 9.0)",12,0.16391804097951024,12,0.0
daily,"('sym', None, 9.0)",12,0.2698650674662669,12,0.0
daily,"('sym', None, 9.0)",12,0.5737131434282858,12,0.0
daily,"('sym', None, 9.0)",12,0.6036981509245377,12,0.0
daily,"('sym', None, 9.0)",12,0.2673663168415792,12,0.0
daily,"('sym', None, 9.0)",12,0.19640179910044978,12,0.0
daily,"('sym', None, 9.0)",12,0.46976511744127936,12,0.0
daily,"('sym', None, 9.0)",12,0.40729635182408797,12,0.0
daily,"('sym', None, 9.0)",12,0.09945027486256872,12,0.0
daily,"('sym', None, 9.0)",12,0.012993503248375811,12,0.0
daily,"('sym', None, 9.0)",12,0.8715642178910544,12,0.0
daily,"('sym', None, 9.0)",12,0.16441779110444776,12,0.0
daily,"('sym', None, 9.0)",12,0.664167916041979,12,0.0
daily,"('sym', None, 9.0)",12,0.1809095452273863,12,0.0
daily,"('sym', None, 9.0)",12,0.13193403298350825,12,0.0
daily,"('sym', None, 9.0)",12,0.3233383308345827,12,0.0
daily,"('sym', None, 9.0)",12,0.09145427286356822,12,0.0
daily,"('sym', None, 9.0)",12,0.487256371814093,12,0.0
daily,"('sym', None, 9.0)",12,0.16591704147926037,12,0.0
daily,"('sym', None, 9.0)",12,0.9920039980009995,12,0.0
daily,"('sym', None, 9.0)",12,0.8320839580209896,12,0.0
daily,"('sym', None, 9.0)",12,0.5382308845577212,12,0.0
daily,"('sym', None, 9.0)",12,0.15342328835582209,12,0.0
daily,"('sym', None, 9.0)",12,0.26286856571714146,12,0.0
daily,"('sym', None, 9.0)",12,0.12743628185907047,12,0.0
daily,"('sym', None, 9.0)",12,0.6296851574212894,12,0.0
daily,"('sym', None, 9.0)",12,0.8450774612693653,12,0.0
daily,"('sym', None, 9.0)",12,0.6781609195402298,12,0.0
daily,"('sym', None, 9.0)",13,0.43228385807096453,12,0.0
daily,"('sym', None, 9.0)",13,0.6096951524237881,12,0.0
daily,"('sym', None, 9.0)",13,0.051974012993503245,12,0.0
daily,"('sym', None, 9.0)",13,0.6756621689155422,12,0.0
daily,"('sym', None, 9.0)",13,0.13193403298350825,12,0.0
daily,"('sym', None, 9.0)",13,0.9725137431284357,12,0.0
daily,"('sym', None, 9.0)",13,0.9855072463768116,12,0.0
daily,"('sym', None, 9.0)",13,0.4112943528235882,12,0.0
daily,"('sym', None, 9.0)",13,0.0239880059970015,12,0.0
daily,"('sym', None, 9.0)",13,0.5707146426786607,12,0.0
daily,"('sym', None, 9.0)",13,0.6031984007996002,12,0.0
daily,"('sym', None, 9.0)",13,0.4482758620689655,12,0.0
daily,"('sym', None, 9.0)",13,0.823088455772114,12,0.0
daily,"('sym', None, 9.0)",13,0.4867566216891554,12,0.0
daily,"('sym', None, 9.0)",13,0.2178910544727636,12,0.0
daily,"('sym', None, 9.0)",13,0.800599700149925,12,0.0
daily,"('sym', None, 9.0)",13,0.6766616691654173,12,0.0
daily,"('sym', None, 9.0)",13,0.19740129935032483,12,0.0
daily,"('sym', None, 9.0)",13,0.5057471264367817,12,0.0
daily,"('sym', None, 9.0)",13,0.7536231884057971,12,0.0
daily,"('sym', None, 9.0)",13,0.36881559220389803,12,0.0
daily,"('sym', None, 9.0)",13,0.7031484257871065,12,0.0
daily,"('sym', None, 9.0)",13,0.3543228385807096,12,0.0
daily,"('sym', None, 9.0)",13,0.6881559220389805,12,0.0
daily,"('sym', None, 9.0)",13,0.616191904047976,12,0.0
daily,"('sym', None, 9.0)",13,0.5177411294352824,12,0.0
daily,"('sym', None, 9.0)",13,0.13493253373313344,12,0.0
daily,"('sym', None, 9.0)",13,0.3073463268365817,12,0.0
daily,"('sym', None, 9.0)",13,0.49375312343828087,12,0.0
daily,"('sym', None, 9.0)",13,0.5347326336831584,12,0.0
daily,"('sym', None, 9.0)",13,0.3728135932033983,12,0.0
daily,"('sym', None, 9.0)",13,0.9385307346326837,12,0.0
daily,"('sym', None, 9.0)",13,0.968015992003998,12,0.0
daily,"('sym', None, 9.0)",13,0.7381309345327336,12,0.0
daily,"('sym', None, 9.0)",13,0.8035982008995503,12,0.0
daily,"('sym', None, 9.0)",13,0.06796601699150424,12,0.0
daily,"('sym', None, 9.0)",13,0.9655172413793104,12,0.0
daily,"('sym', None, 9.0)",13,0.3493253373313343,12,0.0
daily,"('sym', None, 9.0)",13,0.5082458770614693,12,0.0
daily,"('sym', None, 9.0)",13,0.10844577711144428,12,0.0
daily,"('sym', None, 9.0)",13,0.5142428785607196,12,0.0
daily,"('sym', None, 9.0)",13,0.4622688655672164,12,0.0
daily,"('sym', None, 9.0)",13,0.7286356821589205,12,0.0
daily,"('sym', None, 9.0)",13,0.8535732133933034,12,0.0
daily,"('sym', None, 9.0)",13,0.3333333333333333,12,0.0
daily,"('sym', None, 9.0)",13,0.6136931534232883,12,0.0
daily,"('sym', None, 9.0)",13,0.4407796101949025,12,0.0
daily,"('sym', None, 9.0)",13,0.9060469765117442,12,0.0
daily,"('sym', None, 9.0)",13,0.34132933533233384,12,0.0
daily,"('sym', None, 9.0)",13,0.0004997501249375312,12,0.0
daily,"('sym', None, 9.0)",13,0.6036981509245377,12,0.0
daily,"('sym', None, 9.0)",13,0.49225387306346824,12,0.0
daily,"('sym', None, 9.0)",13,0.1924037981009495,12,0.0
daily,"('sym', None, 9.0)",13,0.52023988005997,12,0.0
daily,"('sym', None, 9.0)",13,0.8745627186406797,12,0.0
daily,"('sym', None, 9.0)",13,0.9465267366316842,12,0.0
daily,"('sym', None, 9.0)",13,0.6871564217891054,12,0.0
daily,"('sym', None, 9.0)",13,0.3563218390804598,12,0.0
daily,"('sym', None, 9.0)",13,0.5652173913043478,12,0.0
daily,"('sym', None, 9.0)",13,0.19540229885057472,12,0.0
daily,"('sym', None, 9.0)",13,0.10594702648675662,12,0.0
daily,"('sym', None, 9.0)",13,0.6596701649175413,12,0.0
daily,"('sym', None, 9.0)",13,0.4852573713143428,12,0.0
daily,"('sym', None, 9.0)",13,0.7081459270364817,12,0.0
daily,"('sym', None, 9.0)",13,0.9325337331334332,12,0.0
daily,"('sym', None, 9.0)",13,0.24687656171914044,12,0.0
daily,"('sym', None, 9.0)",13,0.34132933533233384,12,0.0
daily,"('sym', None, 9.0)",13,0.49325337331334335,12,0.0
daily,"('sym', None, 9.0)",13,0.3218390804597701,12,0.0
daily,"('sym', None, 9.0)",13,0.7001499250374813,12,0.0
daily,"('sym', None, 9.0)",13,0.0704647676161919,12,0.0
daily,"('sym', None, 9.0)",13,0.11344327836081959,12,0.0
daily,"('sym', None, 9.0)",13,0.34632683658170915,12,0.0
daily,"('sym', None, 9.0)",13,0.6841579210394803,12,0.0
daily,"('sym', None, 9.0)",13,0.9365317341329336,12,0.0
daily,"('sym', None, 9.0)",13,0.4642678660669665,12,0.0
daily,"('sym', None, 9.0)",13,0.39930034982508744,12,0.0
daily,"('sym', None, 9.0)",13,0.3103448275862069,12,0.0
daily,"('sym', None, 9.0)",13,0.2723638180909545,12,0.0
daily,"('sym', None, 9.0)",13,0.3268365817091454,12,0.0
daily,"('sym', None, 9.0)",13,0.952023988005997,12,0.0
daily,"('sym', None, 9.0)",13,0.9345327336331835,12,0.0
daily,"('sym', None, 9.0)",13,0.7926036981509246,12,0.0
daily,"('sym', None, 9.0)",13,0.04897551224387806,12,0.0
daily,"('sym', None, 9.0)",13,0.8595702148925537,12,0.0
daily,"('sym', None, 9.0)",13,0.5257371314342829,12,0.0
daily,"('sym', None, 9.0)",13,0.5752123938030984,12,0.0
daily,"('sym', None, 9.0)",13,0.16941529235382308,12,0.0
daily,"('sym', None, 9.0)",13,0.5347326336831584,12,0.0
daily,"('sym', None, 9.0)",13,0.3293353323338331,12,0.0
daily,"('sym', None, 9.0)",13,0.3468265867066467,12,0.0
daily,"('sym', None, 9.0)",13,0.9860069965017492,12,0.0
daily,"('sym', None, 9.0)",13,0.04397801099450275,12,0.0
daily,"('sym', None, 9.0)",13,0.8760619690154923,12,0.0
daily,"('sym', None, 9.0)",13,0.7206396801599201,12,0.0
daily,"('sym', None, 9.0)",13,0.9110444777611194,12,0.0
daily,"('sym', None, 9.0)",13,0.5577211394302849,12,0.0
daily,"('sym', None, 9.0)",13,0.6976511744127936,12,0.0
daily,"('sym', None, 9.0)",13,0.9155422288855573,12,0.0
daily,"('sym', None, 9.0)",13,0.6571714142928535,12,0.0
daily,"('sym', None, 9.0)",14,0.3183408295852074,12,0.0
daily,"('sym', None, 9.0)",14,0.20789605197401298,12,0.0
daily,"('sym', None, 9.0)",14,0.17491254372813594,12,0.0
daily,"('sym', None, 9.0)",14,0.8875562218890555,12,0.0
daily,"('sym', None, 9.0)",14,0.4447776111944028,12,0.0
daily,"('sym', None, 9.0)",14,0.4947526236881559,12,0.0
daily,"('sym', None, 9.0)",14,0.01249375312343828,12,0.0
daily,"('sym', None, 9.0)",14,0.5072463768115942,12,0.0
daily,"('sym', None, 9.0)",14,0.856071964017991,12,0.0
daily,"('sym', None, 9.0)",14,0.10744627686156921,12,0.0
daily,"('sym', None, 9.0)",14,0.3663168415792104,12,0.0
daily,"('sym', None, 9.0)",14,0.07846076961519241,12,0.0
daily,"('sym', None, 9.0)",14,0.776111944027986,12,0.0
daily,"('sym', None, 9.0)",14,0.20339830084957522,12,0.0
daily,"('sym', None, 9.0)",14,0.40429785107446276,12,0.0
daily,"('sym', None, 9.0)",14,0.28735632183908044,12,0.0
daily,"('sym', None, 9.0)",14,0.191904047976012,12,0.0
daily,"('sym', None, 9.0)",14,0.47976011994003,12,0.0
daily,"('sym', None, 9.0)",14,0.1539230384807596,12,0.0
daily,"('sym', None, 9.0)",14,0.6346826586706646,12,0.0
daily,"('sym', None, 9.0)",14,0.26436781609195403,12,0.0
daily,"('sym', None, 9.0)",14,0.9105447276361819,12,0.0
daily,"('sym', None, 9.0)",14,0.20539730134932535,12,0.0
daily,"('sym', None, 9.0)",14,0.45827086456771615,12,0.0
daily,"('sym', None, 9.0)",14,0.12243878060969515,12,0.0
daily,"('sym', None, 9.0)",14,0.14992503748125938,12,0.0
daily,"('sym', None, 9.0)",14,0.6926536731634183,12,0.0
daily,"('sym', None, 9.0)",14,0.23588205897051473,12,0.0
daily,"('sym', None, 9.0)",14,0.5432283858070964,12,0.0
daily,"('sym', None, 9.0)",14,0.8740629685157422,12,0.0
daily,"('sym', None, 9.0)",14,0.974512743628186,12,0.0
daily,"('sym', None, 9.0)",14,0.030484757621189407,12,0.0
daily,"('sym', None, 9.0)",14,0.3613193403298351,12,0.0
daily,"('sym', None, 9.0)",14,0.6081959020489756,12,0.0
daily,"('sym', None, 9.0)",14,0.9330334832583708,12,0.0
daily,"('sym', None, 9.0)",14,0.8120939530234883,12,0.0
daily,"('sym', None, 9.0)",14,0.38330834582708645,12,0.0
daily,"('sym', None, 9.0)",14,0.823088455772114,12,0.0
daily,"('sym', None, 9.0)",14,0.004997501249375313,12,0.0
daily,"('sym', None, 9.0)",14,0.5847076461769115,12,0.0
daily,"('sym', None, 9.0)",14,0.7266366816591704,12,0.0
daily,"('sym', None, 9.0)",14,0.7091454272863568,12,0.0
daily,"('sym', None, 9.0)",14,0.6516741629185407,12,0.0
daily,"('sym', None, 9.0)",14,0.0399800099950025,12,0.0
daily,"('sym', None, 9.0)",14,0.4292853573213393,12,0.0
daily,"('sym', None, 9.0)",14,0.7591204397801099,12,0.0
daily,"('sym', None, 9.0)",14,0.14642678660669664,12,0.0
daily,"('sym', None, 9.0)",14,0.6341829085457271,12,0.0
daily,"('sym', None, 9.0)",14,0.9960019990004998,12,0.0
daily,"('sym', None, 9.0)",14,0.7221389305347327,12,0.0
daily,"('sym', None, 9.0)",14,0.1874062968515742,12,0.0
daily,"('sym', None, 9.0)",14,0.9395302348825587,12,0.0
daily,"('sym', None, 9.0)",14,0.3983008495752124,12,0.0
daily,"('sym', None, 9.0)",14,0.5692153923038481,12,0.0
daily,"('sym', None, 9.0)",14,0.2733633183408296,12,0.0
daily,"('sym', None, 9.0)",14,0.8140929535232384,12,0.0
daily,"('sym', None, 9.0)",14,0.7591204397801099,12,0.0
daily,"('sym', None, 9.0)",14,0.6026986506746627,12,0.0
daily,"('sym', None, 9.0)",14,0.7811094452773614,12,0.0
daily,"('sym', None, 9.0)",14,0.3373313343328336,12,0.0
daily,"('sym', None, 9.0)",14,0.6776611694152923,12,0.0
daily,"('sym', None, 9.0)",14,0.32033983008495753,12,0.0
daily,"('sym', None, 9.0)",14,0.8255872063968016,12,0.0
daily,"('sym', None, 9.0)",14,0.7341329335332334,12,0.0
daily,"('sym', None, 9.0)",14,0.9330334832583708,12,0.0
daily,"('sym', None, 9.0)",14,0.021989005497251374,12,0.0
daily,"('sym', None, 9.0)",14,0.3233383308345827,12,0.0
daily,"('sym', None, 9.0)",14,0.9035482258870565,12,0.0
daily,"('sym', None, 9.0)",14,0.8425787106446777,12,0.0
daily,"('sym', None, 9.0)",14,0.4817591204397801,12,0.0
daily,"('sym', None, 9.0)",14,0.9330334832583708,12,0.0
daily,"('sym', None, 9.0)",14,0.1469265367316342,12,0.0
daily,"('sym', None, 9.0)",14,0.9020489755122438,12,0.0
daily,"('sym', None, 9.0)",14,0.41679160419790107,12,0.0
daily,"('sym', None, 9.0)",14,0.03548225887056472,12,0.0
daily,"('sym', None, 9.0)",14,0.8045977011494253,12,0.0
daily,"('sym', None, 9.0)",14,0.3453273363318341,12,0.0
daily,"('sym', None, 9.0)",14,0.663168415792104,12,0.0
daily,"('sym', None, 9.0)",14,0.271864067966017,12,0.0
daily,"('sym', None, 9.0)",14,0.7436281859070465,12,0.0
daily,"('sym', None, 9.0)",14,0.11944027986006997,12,0.0
daily,"('sym', None, 9.0)",14,0.7106446776611695,12,0.0
daily,"('sym', None, 9.0)",14,0.18290854572713644,12,0.0
daily,"('sym', None, 9.0)",14,0.33483258370814595,12,0.0
daily,"('sym', None, 9.0)",14,0.18940529735132433,12,0.0
daily,"('sym', None, 9.0)",14,0.054972513743128434,12,0.0
daily,"('sym', None, 9.0)",14,0.30834582708645675,12,0.0
daily,"('sym', None, 9.0)",14,0.8620689655172413,12,0.0
daily,"('sym', None, 9.0)",14,0.6906546726636682,12,0.0
daily,"('sym', None, 9.0)",14,0.48075962018990503,12,0.0
daily,"('sym', None, 9.0)",14,0.14792603698150925,12,0.0
daily,"('sym', None, 9.0)",14,0.9685157421289355,12,0.0
daily,"('sym', None, 9.0)",14,0.9730134932533733,12,0.0
daily,"('sym', None, 9.0)",14,0.40929535232383807,12,0.0
daily,"('sym', None, 9.0)",14,0.9050474762618691,12,0.0
daily,"('sym', None, 9.0)",14,0.735632183908046,12,0.0
daily,"('sym', None, 9.0)",14,0.44377811094452774,12,0.0
daily,"('sym', None, 9.0)",14,0.8450774612693653,12,0.0
daily,"('sym', None, 9.0)",14,0.9985007496251874,12,0.0
daily,"('sym', None, 9.0)",14,0.5242378810594702,12,0.0
daily,"('sym', None, 9.0)",15,0.4447776111944028,12,0.0
daily,"('sym', None, 9.0)",15,0.52023988005997,12,0.0
daily,"('sym', None, 9.0)",15,0.68015992003998,12,0.0
daily,"('sym', None, 9.0)",15,0.7896051974012993,12,0.0
daily,"('sym', None, 9.0)",15,0.816591704147926,12,0.0
daily,"('sym', None, 9.0)",15,0.5732133933033483,12,0.0
daily,"('sym', None, 9.0)",15,0.744127936031984,12,0.0
daily,"('sym', None, 9.0)",15,0.047976011994003,12,0.0
daily,"('sym', None, 9.0)",15,0.5087456271864068,12,0.0
daily,"('sym', None, 9.0)",15,0.9890054972513743,12,0.0
daily,"('sym', None, 9.0)",15,0.8445777111444278,12,0.0
daily,"('sym', None, 9.0)",15,0.791104447776112,12,0.0
daily,"('sym', None, 9.0)",15,0.9110444777611194,12,0.0
daily,"('sym', None, 9.0)",15,0.035982008995502246,12,0.0
daily,"('sym', None, 9.0)",15,0.8135932033983009,12,0.0
daily,"('sym', None, 9.0)",15,0.9795102448775612,12,0.0
daily,"('sym', None, 9.0)",15,0.9850074962518741,12,0.0
daily,"('sym', None, 9.0)",15,0.11394302848575712,12,0.0
daily,"('sym', None, 9.0)",15,0.48875562218890556,12,0.0
daily,"('sym', None, 9.0)",15,0.030984507746126936,12,0.0
daily,"('sym', None, 9.0)",15,0.5082458770614693,12,0.0
daily,"('sym', None, 9.0)",15,0.7296351824087957,12,0.0
daily,"('sym', None, 9.0)",15,0.2513743128435782,12,0.0
daily,"('sym', None, 9.0)",15,0.7581209395302348,12,0.0
daily,"('sym', None, 9.0)",15,0.9155422288855573,12,0.0
daily,"('sym', None, 9.0)",15,0.16691654172913542,12,0.0
daily,"('sym', None, 9.0)",15,0.6486756621689156,12,0.0
daily,"('sym', None, 9.0)",15,0.7811094452773614,12,0.0
daily,"('sym', None, 9.0)",15,0.48375812093953025,12,0.0
daily,"('sym', None, 9.0)",15,0.22338830584707647,12,0.0
daily,"('sym', None, 9.0)",15,0.26686656671664166,12,0.0
daily,"('sym', None, 9.0)",15,0.5982008995502249,12,0.0
daily,"('sym', None, 9.0)",15,0.2638680659670165,12,0.0
daily,"('sym', None, 9.0)",15,0.7256371814092953,12,0.0
daily,"('sym', None, 9.0)",15,0.9885057471264368,12,0.0
daily,"('sym', None, 9.0)",15,0.46526736631684157,12,0.0
daily,"('sym', None, 9.0)",15,0.14392803598200898,12,0.0
daily,"('sym', None, 9.0)",15,0.1729135432283858,12,0.0
daily,"('sym', None, 9.0)",15,0.4512743628185907,12,0.0
daily,"('sym', None, 9.0)",15,0.6316841579210395,12,0.0
daily,"('sym', None, 9.0)",15,0.1629185407296352,12,0.0
daily,"('sym', None, 9.0)",15,0.6881559220389805,12,0.0
daily,"('sym', None, 9.0)",15,0.248375812093953,12,0.0
daily,"('sym', None, 9.0)",15,0.6821589205397302,12,0.0
daily,"('sym', None, 9.0)",15,0.7616191904047976,12,0.0
daily,"('sym', None, 9.0)",15,0.7811094452773614,12,0.0
daily,"('sym', None, 9.0)",15,0.9230384807596201,12,0.0
daily,"('sym', None, 9.0)",15,0.4657671164417791,12,0.0
daily,"('sym', None, 9.0)",15,0.04447776111944028,12,0.0
daily,"('sym', None, 9.0)",15,0.10694652673663169,12,0.0
daily,"('sym', None, 9.0)",15,0.511744127936032,12,0.0
daily,"('sym', None, 9.0)",15,0.55872063968016,12,0.0
daily,"('sym', None, 9.0)",15,0.09795102448775612,12,0.0
daily,"('sym', None, 9.0)",15,0.37681159420289856,12,0.0
daily,"('sym', None, 9.0)",15,0.23338330834582707,12,0.0
daily,"('sym', None, 9.0)",15,0.24287856071964017,12,0.0
daily,"('sym', None, 9.0)",15,0.8150924537731135,12,0.0
daily,"('sym', None, 9.0)",15,0.2888555722138931,12,0.0
daily,"('sym', None, 9.0)",15,0.09345327336331834,12,0.0
daily,"('sym', None, 9.0)",15,0.004497751124437781,12,0.0
daily,"('sym', None, 9.0)",15,0.6986506746626686,12,0.0
daily,"('sym', None, 9.0)",15,0.6516741629185407,12,0.0
daily,"('sym', None, 9.0)",15,0.42278860569715143,12,0.0
daily,"('sym', None, 9.0)",15,0.384807596201899,12,0.0
daily,"('sym', None, 9.0)",15,0.632183908045977,12,0.0
daily,"('sym', None, 9.0)",15,0.44227886056971516,12,0.0
daily,"('sym', None, 9.0)",15,0.463768115942029,12,0.0
daily,"('sym', None, 9.0)",15,0.27786106946526734,12,0.0
daily,"('sym', None, 9.0)",15,0.8630684657671165,12,0.0
daily,"('sym', None, 9.0)",15,0.8460769615192404,12,0.0
daily,"('sym', None, 9.0)",15,0.8310844577711144,12,0.0
daily,"('sym', None, 9.0)",15,0.6511744127936032,12,0.0
daily,"('sym', None, 9.0)",15,0.3233383308345827,12,0.0
daily,"('sym', None, 9.0)",15,0.0029985007496251873,12,0.0
daily,"('sym', None, 9.0)",15,0.351824087956022,12,0.0
daily,"('sym', None, 9.0)",15,0.7976011994002998,12,0.0
daily,"('sym', None, 9.0)",15,0.8555722138930535,12,0.0
daily,"('sym', None, 9.0)",15,0.592703648175912,12,0.0
daily,"('sym', None, 9.0)",15,0.8180909545227386,12,0.0
daily,"('sym', None, 9.0)",15,0.26436781609195403,12,0.0
daily,"('sym', None, 9.0)",15,0.16441779110444776,12,0.0
daily,"('sym', None, 9.0)",15,0.8700649675162418,12,0.0
daily,"('sym', None, 9.0)",15,0.1549225387306347,12,0.0
daily,"('sym', None, 9.0)",15,0.7306346826586707,12,0.0
daily,"('sym', None, 9.0)",15,0.9985007496251874,12,0.0
daily,"('sym', None, 9.0)",15,0.18590704647676162,12,0.0
daily,"('sym', None, 9.0)",15,0.8180909545227386,12,0.0
daily,"('sym', None, 9.0)",15,0.9630184907546226,12,0.0
daily,"('sym', None, 9.0)",15,0.8390804597701149,12,0.0
daily,"('sym', None, 9.0)",15,0.9590204897551224,12,0.0
daily,"('sym', None, 9.0)",15,0.4702648675662169,12,0.0
daily,"('sym', None, 9.0)",15,0.2723638180909545,12,0.0
daily,"('sym', None, 9.0)",15,0.6591704147926037,12,0.0
daily,"('sym', None, 9.0)",15,0.4292853573213393,12,0.0
daily,"('sym', None, 9.0)",15,0.8915542228885557,12,0.0
daily,"('sym', None, 9.0)",15,0.6231884057971014,12,0.0
daily,"('sym', None, 9.0)",15,0.6221889055472264,12,0.0
daily,"('sym', None, 9.0)",15,0.6881559220389805,12,0.0
daily,"('sym', None, 9.0)",15,0.09545227386306847,12,0.0
daily,"('sym', None, 9.0)",15,0.9220389805097451,12,0.0
daily,"('sym', None, 9.0)",16,0.9690154922538731,12,0.0
daily,"('sym', None, 9.0)",16,0.19390304847576212,12,0.0
daily,"('sym', None, 9.0)",16,0.16491754122938532,12,0.0
daily,"('sym', None, 9.0)",16,0.6061969015492253,12,0.0
daily,"('sym', None, 9.0)",16,0.3823088455772114,12,0.0
daily,"('sym', None, 9.0)",16,0.3103448275862069,12,0.0
daily,"('sym', None, 9.0)",16,0.9790104947526237,12,0.0
daily,"('sym', None, 9.0)",16,0.8660669665167416,12,0.0
daily,"('sym', None, 9.0)",16,0.4307846076961519,12,0.0
daily,"('sym', None, 9.0)",16,0.22038980509745126,12,0.0
daily,"('sym', None, 9.0)",16,0.6546726636681659,12,0.0
daily,"('sym', None, 9.0)",16,0.5387306346826587,12,0.0
daily,"('sym', None, 9.0)",16,0.335832083958021,12,0.0
daily,"('sym', None, 9.0)",16,0.2653673163418291,12,0.0
daily,"('sym', None, 9.0)",16,0.7336331834082959,12,0.0
daily,"('sym', None, 9.0)",16,0.888055972013993,12,0.0
daily,"('sym', None, 9.0)",16,0.23388305847076463,12,0.0
daily,"('sym', None, 9.0)",16,0.663168415792104,12,0.0
daily,"('sym', None, 9.0)",16,0.8555722138930535,12,0.0
daily,"('sym', None, 9.0)",16,0.1984007996001999,12,0.0
daily,"('sym', None, 9.0)",16,0.40429785107446276,12,0.0
daily,"('sym', None, 9.0)",16,0.9110444777611194,12,0.0
daily,"('sym', None, 9.0)",16,0.8285857071464268,12,0.0
daily,"('sym', None, 9.0)",16,0.16941529235382308,12,0.0
daily,"('sym', None, 9.0)",16,0.23438280859570215,12,0.0
daily,"('sym', None, 9.0)",16,0.2983508245877061,12,0.0
daily,"('sym', None, 9.0)",16,0.38630684657671166,12,0.0
daily,"('sym', None, 9.0)",16,0.17541229385307347,12,0.0
daily,"('sym', None, 9.0)",16,0.5062468765617192,12,0.0
daily,"('sym', None, 9.0)",16,0.2863568215892054,12,0.0
daily,"('sym', None, 9.0)",16,0.23888055972013994,12,0.0
daily,"('sym', None, 9.0)",16,0.5792103948025987,12,0.0
daily,"('sym', None, 9.0)",16,0.44127936031984005,12,0.0
daily,"('sym', None, 9.0)",16,0.1984007996001999,12,0.0
daily,"('sym', None, 9.0)",16,0.15342328835582209,12,0.0
daily,"('sym', None, 9.0)",16,0.44877561219390305,12,0.0
daily,"('sym', None, 9.0)",16,0.8345827086456772,12,0.0
daily,"('sym', None, 9.0)",16,0.022988505747126436,12,0.0
daily,"('sym', None, 9.0)",16,0.3663168415792104,12,0.0
daily,"('sym', None, 9.0)",16,0.55872063968016,12,0.0
daily,"('sym', None, 9.0)",16,0.5322338830584707,12,0.0
daily,"('sym', None, 9.0)",16,0.671664167916042,12,0.0
daily,"('sym', None, 9.0)",16,0.9270364817591205,12,0.0
daily,"('sym', None, 9.0)",16,0.8595702148925537,12,0.0
daily,"('sym', None, 9.0)",16,0.9765117441279361,12,0.0
daily,"('sym', None, 9.0)",16,0.34382808595702147,12,0.0
daily,"('sym', None, 9.0)",16,0.09045477261369315,12,0.0
daily,"('sym', None, 9.0)",16,0.6231884057971014,12,0.0
daily,"('sym', None, 9.0)",16,0.01649175412293853,12,0.0
daily,"('sym', None, 9.0)",16,0.9665167416291854,12,0.0
daily,"('sym', None, 9.0)",16,0.050474762618690654,12,0.0
daily,"('sym', None, 9.0)",16,0.4572713643178411,12,0.0
daily,"('sym', None, 9.0)",16,0.6656671664167916,12,0.0
daily,"('sym', None, 9.0)",16,0.32083958020989506,12,0.0
daily,"('sym', None, 9.0)",16,0.847576211894053,12,0.0
daily,"('sym', None, 9.0)",16,0.8425787106446777,12,0.0
daily,"('sym', None, 9.0)",16,0.6751624187906047,12,0.0
daily,"('sym', None, 9.0)",16,0.887056471764118,12,0.0
daily,"('sym', None, 9.0)",16,0.20539730134932535,12,0.0
daily,"('sym', None, 9.0)",16,0.16491754122938532,12,0.0
daily,"('sym', None, 9.0)",16,0.9145427286356822,12,0.0
daily,"('sym', None, 9.0)",16,0.6061969015492253,12,0.0
daily,"('sym', None, 9.0)",16,0.21339330334832585,12,0.0
daily,"('sym', None, 9.0)",16,0.5152423788105946,12,0.0
daily,"('sym', None, 9.0)",16,0.5462268865567217,12,0.0
daily,"('sym', None, 9.0)",16,0.6861569215392304,12,0.0
daily,"('sym', None, 9.0)",16,0.13893053473263367,12,0.0
daily,"('sym', None, 9.0)",16,0.392303848075962,12,0.0
daily,"('sym', None, 9.0)",16,0.703648175912044,12,0.0
daily,"('sym', None, 9.0)",16,0.05147426286856572,12,0.0
daily,"('sym', None, 9.0)",16,0.3233383308345827,12,0.0
daily,"('sym', None, 9.0)",16,0.29535232383808097,12,0.0
daily,"('sym', None, 9.0)",16,0.4987506246876562,12,0.0
daily,"('sym', None, 9.0)",16,0.5552223888055972,12,0.0
daily,"('sym', None, 9.0)",16,0.0004997501249375312,12,0.0
daily,"('sym', None, 9.0)",16,0.5052473763118441,12,0.0
daily,"('sym', None, 9.0)",16,0.6086956521739131,12,0.0
daily,"('sym', None, 9.0)",16,0.7461269365317341,12,0.0
daily,"('sym', None, 9.0)",16,0.0879560219890055,12,0.0
daily,"('sym', None, 9.0)",16,0.43478260869565216,12,0.0
daily,"('sym', None, 9.0)",16,0.8210894552723638,12,0.0
daily,"('sym', None, 9.0)",16,0.34382808595702147,12,0.0
daily,"('sym', None, 9.0)",16,0.4492753623188406,12,0.0
daily,"('sym', None, 9.0)",16,0.5652173913043478,12,0.0
daily,"('sym', None, 9.0)",16,0.1469265367316342,12,0.0
daily,"('sym', None, 9.0)",16,0.7586206896551724,12,0.0
daily,"('sym', None, 9.0)",16,0.2318840579710145,12,0.0
daily,"('sym', None, 9.0)",16,0.8085957021489255,12,0.0
daily,"('sym', None, 9.0)",16,0.9340329835082459,12,0.0
daily,"('sym', None, 9.0)",16,0.4352823588205897,12,0.0
daily,"('sym', None, 9.0)",16,0.7006496751624188,12,0.0
daily,"('sym', None, 9.0)",16,0.3743128435782109,12,0.0
daily,"('sym', None, 9.0)",16,0.2698650674662669,12,0.0
daily,"('sym', None, 9.0)",16,0.6186906546726637,12,0.0
daily,"('sym', None, 9.0)",16,0.7511244377811095,12,0.0
daily,"('sym', None, 9.0)",16,0.21739130434782608,12,0.0
daily,"('sym', None, 9.0)",16,0.009495252373813094,12,0.0
daily,"('sym', None, 9.0)",16,0.5302348825587206,12,0.0
daily,"('sym', None, 9.0)",16,0.7221389305347327,12,0.0
daily,"('sym', None, 9.0)",16,0.2353823088455772,12,0.0
daily,"('sym', None, 9.0)",17,0.5932033983008496,12,0.0
daily,"('sym', None, 9.0)",17,0.35582208895552225,12,0.0
daily,"('sym', None, 9.0)",17,0.3713143428285857,12,0.0
daily,"('sym', None, 9.0)",17,0.8055972013993004,12,0.0
daily,"('sym', None, 9.0)",17,0.4942528735632184,12,0.0
daily,"('sym', None, 9.0)",17,0.5157421289355323,12,0.0
daily,"('sym', None, 9.0)",17,0.5707146426786607,12,0.0
daily,"('sym', None, 9.0)",17,0.45827086456771615,12,0.0
daily,"('sym', None, 9.0)",17,0.3868065967016492,12,0.0
daily,"('sym', None, 9.0)",17,0.2448775612193903,12,0.0
daily,"('sym', None, 9.0)",17,0.9550224887556222,12,0.0
daily,"('sym', None, 9.0)",17,0.06046976511744128,12,0.0
daily,"('sym', None, 9.0)",17,0.09345327336331834,12,0.0
daily,"('sym', None, 9.0)",17,0.10644677661169415,12,0.0
daily,"('sym', None, 9.0)",17,0.7266366816591704,12,0.0
daily,"('sym', None, 9.0)",17,0.912543728135932,12,0.0
daily,"('sym', None, 9.0)",17,0.8110944527736131,12,0.0
daily,"('sym', None, 9.0)",17,0.5477261369315343,12,0.0
daily,"('sym', None, 9.0)",17,0.6016991504247876,12,0.0
daily,"('sym', None, 9.0)",17,0.6986506746626686,12,0.0
daily,"('sym', None, 9.0)",17,0.44177911044477763,12,0.0
daily,"('sym', None, 9.0)",17,0.19140429785107446,12,0.0
daily,"('sym', None, 9.0)",17,0.00849575212393803,12,0.0
daily,"('sym', None, 9.0)",17,0.8085957021489255,12,0.0
daily,"('sym', None, 9.0)",17,0.791104447776112,12,0.0
daily,"('sym', None, 9.0)",17,0.4492753623188406,12,0.0
daily,"('sym', None, 9.0)",17,0.9760119940029985,12,0.0
daily,"('sym', None, 9.0)",17,0.5132433783108445,12,0.0
daily,"('sym', None, 9.0)",17,0.84007996001999,12,0.0
daily,"('sym', None, 9.0)",17,0.7941029485257372,12,0.0
daily,"('sym', None, 9.0)",17,0.41179410294852575,12,0.0
daily,"('sym', None, 9.0)",17,0.9855072463768116,12,0.0
daily,"('sym', None, 9.0)",17,0.6006996501749126,12,0.0
daily,"('sym', None, 9.0)",17,0.9430284857571214,12,0.0
daily,"('sym', None, 9.0)",17,0.013993003498250875,12,0.0
daily,"('sym', None, 9.0)",17,0.49075462268865566,12,0.0
daily,"('sym', None, 9.0)",17,0.23088455772113944,12,0.0
daily,"('sym', None, 9.0)",17,0.7781109445277361,12,0.0
daily,"('sym', None, 9.0)",17,0.8055972013993004,12,0.0
daily,"('sym', None, 9.0)",17,0.08245877061469266,12,0.0
daily,"('sym', None, 9.0)",17,0.5347326336831584,12,0.0
daily,"('sym', None, 9.0)",17,0.32733633183408295,12,0.0
daily,"('sym', None, 9.0)",17,0.5507246376811594,12,0.0
daily,"('sym', None, 9.0)",17,0.855072463768116,12,0.0
daily,"('sym', None, 9.0)",17,0.14592703648175911,12,0.0
daily,"('sym', None, 9.0)",17,0.7416291854072964,12,0.0
daily,"('sym', None, 9.0)",17,0.5987006496751625,12,0.0
daily,"('sym', None, 9.0)",17,0.8570714642678661,12,0.0
daily,"('sym', None, 9.0)",17,0.5352323838080959,12,0.0
daily,"('sym', None, 9.0)",17,0.8350824587706147,12,0.0
daily,"('sym', None, 9.0)",17,0.2318840579710145,12,0.0
daily,"('sym', None, 9.0)",17,0.9630184907546226,12,0.0
daily,"('sym', None, 9.0)",17,0.5262368815592204,12,0.0
daily,"('sym', None, 9.0)",17,0.9790104947526237,12,0.0
daily,"('sym', None, 9.0)",17,0.7286356821589205,12,0.0
daily,"('sym', None, 9.0)",17,0.2813593203398301,12,0.0
daily,"('sym', None, 9.0)",17,0.5567216391804098,12,0.0
daily,"('sym', None, 9.0)",17,0.6486756621689156,12,0.0
daily,"('sym', None, 9.0)",17,0.9695152423788106,12,0.0
daily,"('sym', None, 9.0)",17,0.7361319340329835,12,0.0
daily,"('sym', None, 9.0)",17,0.49825087456271866,12,0.0
daily,"('sym', None, 9.0)",17,0.18290854572713644,12,0.0
daily,"('sym', None, 9.0)",17,0.928535732133933,12,0.0
daily,"('sym', None, 9.0)",17,0.2943528235882059,12,0.0
daily,"('sym', None, 9.0)",17,0.29985007496251875,12,0.0
daily,"('sym', None, 9.0)",17,0.10944527736131934,12,0.0
daily,"('sym', None, 9.0)",17,0.551224387806097,12,0.0
daily,"('sym', None, 9.0)",17,0.6661669165417291,12,0.0
daily,"('sym', None, 9.0)",17,0.63968015992004,12,0.0
daily,"('sym', None, 9.0)",17,0.6196901549225388,12,0.0
daily,"('sym', None, 9.0)",17,0.28785607196401797,12,0.0
daily,"('sym', None, 9.0)",17,0.8095952023988006,12,0.0
daily,"('sym', None, 9.0)",17,0.45977011494252873,12,0.0
daily,"('sym', None, 9.0)",17,0.8860569715142429,12,0.0
daily,"('sym', None, 9.0)",17,0.47626186906546725,12,0.0
daily,"('sym', None, 9.0)",17,0.43228385807096453,12,0.0
daily,"('sym', None, 9.0)",17,0.06146926536731634,12,0.0
daily,"('sym', None, 9.0)",17,0.657671164417791,12,0.0
daily,"('sym', None, 9.0)",17,0.7736131934032984,12,0.0
daily,"('sym', None, 9.0)",17,0.6366816591704147,12,0.0
daily,"('sym', None, 9.0)",17,0.5177411294352824,12,0.0
daily,"('sym', None, 9.0)",17,0.9020489755122438,12,0.0
daily,"('sym', None, 9.0)",17,0.4002998500749625,12,0.0
daily,"('sym', None, 9.0)",17,0.7336331834082959,12,0.0
daily,"('sym', None, 9.0)",17,0.23488255872063968,12,0.0
daily,"('sym', None, 9.0)",17,0.9245377311344328,12,0.0
daily,"('sym', None, 9.0)",17,0.655672163918041,12,0.0
daily,"('sym', None, 9.0)",17,0.2543728135932034,12,0.0
daily,"('sym', None, 9.0)",17,0.6821589205397302,12,0.0
daily,"('sym', None, 9.0)",17,0.8565717141429285,12,0.0
daily,"('sym', None, 9.0)",17,0.4312843578210895,12,0.0
daily,"('sym', None, 9.0)",17,0.2688655672163918,12,0.0
daily,"('sym', None, 9.0)",17,0.8180909545227386,12,0.0
daily,"('sym', None, 9.0)",17,0.03248375812093953,12,0.0
daily,"('sym', None, 9.0)",17,0.7056471764117941,12,0.0
daily,"('sym', None, 9.0)",17,0.1794102948525737,12,0.0
daily,"('sym', None, 9.0)",17,0.8460769615192404,12,0.0
daily,"('sym', None, 9.0)",17,0.7456271864067966,12,0.0
daily,"('sym', None, 9.0)",17,0.34132933533233384,12,0.0
daily,"('sym', None, 9.0)",17,0.06546726636681659,12,0.0
daily,"('sym', None, 9.0)",18,0.12643678160919541,12,0.0
daily,"('sym', None, 9.0)",18,0.4237881059470265,12,0.0
daily,"('sym', None, 9.0)",18,0.26936531734132935,12,0.0
daily,"('sym', None, 9.0)",18,0.3168415792103948,12,0.0
daily,"('sym', None, 9.0)",18,0.4707646176911544,12,0.0
daily,"('sym', None, 9.0)",18,0.44627686156921537,12,0.0
daily,"('sym', None, 9.0)",18,0.5677161419290355,12,0.0
daily,"('sym', None, 9.0)",18,0.5562218890554723,12,0.0
daily,"('sym', None, 9.0)",18,0.010494752623688156,12,0.0
daily,"('sym', None, 9.0)",18,0.384807596201899,12,0.0
daily,"('sym', None, 9.0)",18,0.5487256371814093,12,0.0
daily,"('sym', None, 9.0)",18,0.12843578210894552,12,0.0
daily,"('sym', None, 9.0)",18,0.9705147426286856,12,0.0
daily,"('sym', None, 9.0)",18,0.5662168915542228,12,0.0
daily,"('sym', None, 9.0)",18,0.6286856571714143,12,0.0
daily,"('sym', None, 9.0)",18,0.3588205897051474,12,0.0
daily,"('sym', None, 9.0)",18,0.600199900049975,12,0.0
daily,"('sym', None, 9.0)",18,0.8395802098950524,12,0.0
daily,"('sym', None, 9.0)",18,0.8180909545227386,12,0.0
daily,"('sym', None, 9.0)",18,0.7866066966516742,12,0.0
daily,"('sym', None, 9.0)",18,0.7221389305347327,12,0.0
daily,"('sym', None, 9.0)",18,0.8575712143928036,12,0.0
daily,"('sym', None, 9.0)",18,0.9160419790104948,12,0.0
daily,"('sym', None, 9.0)",18,0.8370814592703648,12,0.0
daily,"('sym', None, 9.0)",18,0.29485257371314344,12,0.0
daily,"('sym', None, 9.0)",18,0.5237381309345327,12,0.0
daily,"('sym', None, 9.0)",18,0.6981509245377311,12,0.0
daily,"('sym', None, 9.0)",18,0.6526736631684158,12,0.0
daily,"('sym', None, 9.0)",18,0.47126436781609193,12,0.0
daily,"('sym', None, 9.0)",18,0.7866066966516742,12,0.0
daily,"('sym', None, 9.0)",18,0.7071464267866067,12,0.0
daily,"('sym', None, 9.0)",18,0.29685157421289354,12,0.0
daily,"('sym', None, 9.0)",18,0.5442278860569715,12,0.0
daily,"('sym', None, 9.0)",18,0.8425787106446777,12,0.0
daily,"('sym', None, 9.0)",18,0.5342328835582209,12,0.0
daily,"('sym', None, 9.0)",18,0.00399800099950025,12,0.0
daily,"('sym', None, 9.0)",18,0.26486756621689156,12,0.0
daily,"('sym', None, 9.0)",18,0.6351824087956022,12,0.0
daily,"('sym', None, 9.0)",18,0.44877561219390305,12,0.0
daily,"('sym', None, 9.0)",18,0.3008495752123938,12,0.0
daily,"('sym', None, 9.0)",18,0.3423288355822089,12,0.0
daily,"('sym', None, 9.0)",18,0.3423288355822089,12,0.0
daily,"('sym', None, 9.0)",18,0.3308345827086457,12,0.0
daily,"('sym', None, 9.0)",18,0.09345327336331834,12,0.0
daily,"('sym', None, 9.0)",18,0.8455772113943029,12,0.0
daily,"('sym', None, 9.0)",18,0.704647676161919,12,0.0
daily,"('sym', None, 9.0)",18,0.06296851574212893,12,0.0
daily,"('sym', None, 9.0)",18,0.5862068965517241,12,0.0
daily,"('sym', None, 9.0)",18,0.855072463768116,12,0.0
daily,"('sym', None, 9.0)",18,0.43928035982008995,12,0.0
daily,"('sym', None, 9.0)",18,0.08195902048975512,12,0.0
daily,"('sym', None, 9.0)",18,0.31784107946026985,12,0.0
daily,"('sym', None, 9.0)",18,0.2848575712143928,12,0.0
daily,"('sym', None, 9.0)",18,0.7611194402798601,12,0.0
daily,"('sym', None, 9.0)",18,0.36931534232883556,12,0.0
daily,"('sym', None, 9.0)",18,0.5822088955522239,12,0.0
daily,"('sym', None, 9.0)",18,0.6136931534232883,12,0.0
daily,"('sym', None, 9.0)",18,0.08045977011494253,12,0.0
daily,"('sym', None, 9.0)",18,0.2623688155922039,12,0.0
daily,"('sym', None, 9.0)",18,0.7916041979010495,12,0.0
daily,"('sym', None, 9.0)",18,0.4357821089455272,12,0.0
daily,"('sym', None, 9.0)",18,0.19590204897551225,12,0.0
daily,"('sym', None, 9.0)",18,0.8360819590204898,12,0.0
daily,"('sym', None, 9.0)",18,0.9515242378810594,12,0.0
daily,"('sym', None, 9.0)",18,0.7421289355322339,12,0.0
daily,"('sym', None, 9.0)",18,0.7651174412793603,12,0.0
daily,"('sym', None, 9.0)",18,0.7286356821589205,12,0.0
daily,"('sym', None, 9.0)",18,0.33683158420789605,12,0.0
daily,"('sym', None, 9.0)",18,0.6916541729135433,12,0.0
daily,"('sym', None, 9.0)",18,0.7031484257871065,12,0.0
daily,"('sym', None, 9.0)",18,0.10394802598700649,12,0.0
daily,"('sym', None, 9.0)",18,0.7456271864067966,12,0.0
daily,"('sym', None, 9.0)",18,0.14492753623188406,12,0.0
daily,"('sym', None, 9.0)",18,0.07946026986506746,12,0.0
daily,"('sym', None, 9.0)",18,0.6296851574212894,12,0.0
daily,"('sym', None, 9.0)",18,0.7406296851574213,12,0.0
daily,"('sym', None, 9.0)",18,0.9480259870064968,12,0.0
daily,"('sym', None, 9.0)",18,0.6361819090454772,12,0.0
daily,"('sym', None, 9.0)",18,0.7931034482758621,12,0.0
daily,"('sym', None, 9.0)",18,0.8310844577711144,12,0.0
daily,"('sym', None, 9.0)",18,0.4427786106946527,12,0.0
daily,"('sym', None, 9.0)",18,0.9725137431284357,12,0.0
daily,"('sym', None, 9.0)",18,0.02498750624687656,12,0.0
daily,"('sym', None, 9.0)",18,0.4177911044477761,12,0.0
daily,"('sym', None, 9.0)",18,0.5072463768115942,12,0.0
daily,"('sym', None, 9.0)",18,0.07946026986506746,12,0.0
daily,"('sym', None, 9.0)",18,0.5822088955522239,12,0.0
daily,"('sym', None, 9.0)",18,0.10144927536231885,12,0.0
daily,"('sym', None, 9.0)",18,0.6406796601699151,12,0.0
daily,"('sym', None, 9.0)",18,0.7031484257871065,12,0.0
daily,"('sym', None, 9.0)",18,0.7066466766616691,12,0.0
daily,"('sym', None, 9.0)",18,0.13043478260869565,12,0.0
daily,"('sym', None, 9.0)",18,0.3793103448275862,12,0.0
daily,"('sym', None, 9.0)",18,0.39430284857571213,12,0.0
daily,"('sym', None, 9.0)",18,0.631184407796102,12,0.0
daily,"('sym', None, 9.0)",18,0.2753623188405797,12,0.0
daily,"('sym', None, 9.0)",18,0.49775112443778113,12,0.0
daily,"('sym', None, 9.0)",18,0.6346826586706646,12,0.0
daily,"('sym', None, 9.0)",18,0.10194902548725637,12,0.0
daily,"('sym', None, 9.0)",18,0.5947026486756621,12,0.0
daily,"('sym', None, 9.0)",19,0.3308345827086457,12,0.0
daily,"('sym', None, 9.0)",19,0.1519240379810095,12,0.0
daily,"('sym', None, 9.0)",19,0.20539730134932535,12,0.0
daily,"('sym', None, 9.0)",19,0.07746126936531735,12,0.0
daily,"('sym', None, 9.0)",19,0.9220389805097451,12,0.0
daily,"('sym', None, 9.0)",19,0.5717141429285357,12,0.0
daily,"('sym', None, 9.0)",19,0.1969015492253873,12,0.0
daily,"('sym', None, 9.0)",19,0.23238380809595202,12,0.0
daily,"('sym', None, 9.0)",19,0.028985507246376812,12,0.0
daily,"('sym', None, 9.0)",19,0.9170414792603698,12,0.0
daily,"('sym', None, 9.0)",19,0.2193903048475762,12,0.0
daily,"('sym', None, 9.0)",19,0.14642678660669664,12,0.0
daily,"('sym', None, 9.0)",19,0.2223888055972014,12,0.0
daily,"('sym', None, 9.0)",19,0.2813593203398301,12,0.0
daily,"('sym', None, 9.0)",19,0.03648175912043978,12,0.0
daily,"('sym', None, 9.0)",19,0.9450274862568716,12,0.0
daily,"('sym', None, 9.0)",19,0.6201899050474763,12,0.0
daily,"('sym', None, 9.0)",19,0.12743628185907047,12,0.0
daily,"('sym', None, 9.0)",19,0.7866066966516742,12,0.0
daily,"('sym', None, 9.0)",19,0.21989005497251374,12,0.0
daily,"('sym', None, 9.0)",19,0.18140929535232383,12,0.0
daily,"('sym', None, 9.0)",19,0.31584207896051975,12,0.0
daily,"('sym', None, 9.0)",19,0.19390304847576212,12,0.0
daily,"('sym', None, 9.0)",19,0.3468265867066467,12,0.0
daily,"('sym', None, 9.0)",19,0.3288355822088955,12,0.0
daily,"('sym', None, 9.0)",19,0.028985507246376812,12,0.0
daily,"('sym', None, 9.0)",19,0.2288855572213893,12,0.0
daily,"('sym', None, 9.0)",19,0.7146426786606697,12,0.0
daily,"('sym', None, 9.0)",19,0.8235882058970515,12,0.0
daily,"('sym', None, 9.0)",19,0.3638180909545227,12,0.0
daily,"('sym', None, 9.0)",19,0.09795102448775612,12,0.0
daily,"('sym', None, 9.0)",19,0.5312343828085957,12,0.0
daily,"('sym', None, 9.0)",19,0.31334332833583206,12,0.0
daily,"('sym', None, 9.0)",19,0.005497251374312844,12,0.0
daily,"('sym', None, 9.0)",19,0.030484757621189407,12,0.0
daily,"('sym', None, 9.0)",19,0.585207396301849,12,0.0
daily,"('sym', None, 9.0)",19,0.808095952023988,12,0.0
daily,"('sym', None, 9.0)",19,0.6456771614192903,12,0.0
daily,"('sym', None, 9.0)",19,0.5647176411794103,12,0.0
daily,"('sym', None, 9.0)",19,0.7796101949025487,12,0.0
daily,"('sym', None, 9.0)",19,0.5732133933033483,12,0.0
daily,"('sym', None, 9.0)",19,0.5967016491754122,12,0.0
daily,"('sym', None, 9.0)",19,0.655672163918041,12,0.0
daily,"('sym', None, 9.0)",19,0.7946026986506747,12,0.0
daily,"('sym', None, 9.0)",19,0.7876061969015492,12,0.0
daily,"('sym', None, 9.0)",19,0.8320839580209896,12,0.0
daily,"('sym', None, 9.0)",19,0.8345827086456772,12,0.0
daily,"('sym', None, 9.0)",19,0.3523238380809595,12,0.0
daily,"('sym', None, 9.0)",19,0.063968015992004,12,0.0
daily,"('sym', None, 9.0)",19,0.23388305847076463,12,0.0
daily,"('sym', None, 9.0)",19,0.6976511744127936,12,0.0
daily,"('sym', None, 9.0)",19,0.7061469265367316,12,0.0
daily,"('sym', None, 9.0)",19,0.6551724137931034,12,0.0
daily,"('sym', None, 9.0)",19,0.5047476261869065,12,0.0
daily,"('sym', None, 9.0)",19,0.08745627186406797,12,0.0
daily,"('sym', None, 9.0)",19,0.24737631184407796,12,0.0
daily,"('sym', None, 9.0)",19,0.6661669165417291,12,0.0
daily,"('sym', None, 9.0)",19,0.9665167416291854,12,0.0
daily,"('sym', None, 9.0)",19,0.6646676661669165,12,0.0
daily,"('sym', None, 9.0)",19,0.7486256871564217,12,0.0
daily,"('sym', None, 9.0)",19,0.703648175912044,12,0.0
daily,"('sym', None, 9.0)",19,0.8345827086456772,12,0.0
daily,"('sym', None, 9.0)",19,0.8665667166416792,12,0.0
daily,"('sym', None, 9.0)",19,0.991504247876062,12,0.0
daily,"('sym', None, 9.0)",19,0.35732133933033483,12,0.0
daily,"('sym', None, 9.0)",19,0.9655172413793104,12,0.0
daily,"('sym', None, 9.0)",19,0.3568215892053973,12,0.0
daily,"('sym', None, 9.0)",19,0.07546226886556721,12,0.0
daily,"('sym', None, 9.0)",19,0.20439780109945027,12,0.0
daily,"('sym', None, 9.0)",19,0.8250874562718641,12,0.0
daily,"('sym', None, 9.0)",19,0.3238380809595202,12,0.0
daily,"('sym', None, 9.0)",19,0.9065467266366817,12,0.0
daily,"('sym', None, 9.0)",19,0.17091454272863568,12,0.0
daily,"('sym', None, 9.0)",19,0.6336831584207896,12,0.0
daily,"('sym', None, 9.0)",19,0.09795102448775612,12,0.0
daily,"('sym', None, 9.0)",19,0.37631184407796103,12,0.0
daily,"('sym', None, 9.0)",19,0.33883058470764615,12,0.0
daily,"('sym', None, 9.0)",19,0.4707646176911544,12,0.0
daily,"('sym', None, 9.0)",19,0.2748625687156422,12,0.0
daily,"('sym', None, 9.0)",19,0.15242378810594703,12,0.0
daily,"('sym', None, 9.0)",19,0.06346826586706647,12,0.0
daily,"('sym', None, 9.0)",19,0.6816591704147926,12,0.0
daily,"('sym', None, 9.0)",19,0.18990504747626186,12,0.0
daily,"('sym', None, 9.0)",19,0.9095452273863068,12,0.0
daily,"('sym', None, 9.0)",19,0.4192903548225887,12,0.0
daily,"('sym', None, 9.0)",19,0.1729135432283858,12,0.0
daily,"('sym', None, 9.0)",19,0.19740129935032483,12,0.0
daily,"('sym', None, 9.0)",19,0.3008495752123938,12,0.0
daily,"('sym', None, 9.0)",19,0.7811094452773614,12,0.0
daily,"('sym', None, 9.0)",19,0.42828585707146427,12,0.0
daily,"('sym', None, 9.0)",19,0.9190404797601199,12,0.0
daily,"('sym', None, 9.0)",19,0.8915542228885557,12,0.0
daily,"('sym', None, 9.0)",19,0.7536231884057971,12,0.0
daily,"('sym', None, 9.0)",19,0.6441779110444777,12,0.0
daily,"('sym', None, 9.0)",19,0.17091454272863568,12,0.0
daily,"('sym', None, 9.0)",19,0.8330834582708646,12,0.0
daily,"('sym', None, 9.0)",19,0.10994502748625687,12,0.0
daily,"('sym', None, 9.0)",19,0.3613193403298351,12,0.0
daily,"('sym', None, 9.0)",19,0.5502248875562219,12,0.0
daily,"('sym', None, 9.0)",19,0.3268365817091454,12,0.0
daily,"('sym', None, 9.0)",20,0.9835082458770614,12,0.0
daily,"('sym', None, 9.0)",20,0.3008495752123938,12,0.0
daily,"('sym', None, 9.0)",20,0.6976511744127936,12,0.0
daily,"('sym', None, 9.0)",20,0.7081459270364817,12,0.0
daily,"('sym', None, 9.0)",20,0.03548225887056472,12,0.0
daily,"('sym', None, 9.0)",20,0.4867566216891554,12,0.0
daily,"('sym', None, 9.0)",20,0.8375812093953023,12,0.0
daily,"('sym', None, 9.0)",20,0.19390304847576212,12,0.0
daily,"('sym', None, 9.0)",20,0.26786606696651677,12,0.0
daily,"('sym', None, 9.0)",20,0.7996001999000499,12,0.0
daily,"('sym', None, 9.0)",20,0.6866566716641679,12,0.0
daily,"('sym', None, 9.0)",20,0.11244377811094453,12,0.0
daily,"('sym', None, 9.0)",20,0.7361319340329835,12,0.0
daily,"('sym', None, 9.0)",20,0.17641179410294852,12,0.0
daily,"('sym', None, 9.0)",20,0.7371314342828585,12,0.0
daily,"('sym', None, 9.0)",20,0.11144427786106946,12,0.0
daily,"('sym', None, 9.0)",20,0.28785607196401797,12,0.0
daily,"('sym', None, 9.0)",20,0.9475262368815592,12,0.0
daily,"('sym', None, 9.0)",20,0.6101949025487257,12,0.0
daily,"('sym', None, 9.0)",20,0.6901549225387307,12,0.0
daily,"('sym', None, 9.0)",20,0.19140429785107446,12,0.0
daily,"('sym', None, 9.0)",20,0.6531734132933533,12,0.0
daily,"('sym', None, 9.0)",20,0.00849575212393803,12,0.0
daily,"('sym', None, 9.0)",20,0.6456771614192903,12,0.0
daily,"('sym', None, 9.0)",20,0.43928035982008995,12,0.0
daily,"('sym', None, 9.0)",20,0.6436781609195402,12,0.0
daily,"('sym', None, 9.0)",20,0.5142428785607196,12,0.0
daily,"('sym', None, 9.0)",20,0.9375312343828086,12,0.0
daily,"('sym', None, 9.0)",20,0.3403298350824588,12,0.0
daily,"('sym', None, 9.0)",20,0.6091954022988506,12,0.0
daily,"('sym', None, 9.0)",20,0.009495252373813094,12,0.0
daily,"('sym', None, 9.0)",20,0.3468265867066467,12,0.0
daily,"('sym', None, 9.0)",20,0.12593703148425786,12,0.0
daily,"('sym', None, 9.0)",20,0.7316341829085458,12,0.0
daily,"('sym', None, 9.0)",20,0.5547226386806596,12,0.0
daily,"('sym', None, 9.0)",20,0.28835582208895555,12,0.0
daily,"('sym', None, 9.0)",20,0.8425787106446777,12,0.0
daily,"('sym', None, 9.0)",20,0.6151924037981009,12,0.0
daily,"('sym', None, 9.0)",20,0.018490754622688656,12,0.0
daily,"('sym', None, 9.0)",20,0.7781109445277361,12,0.0
daily,"('sym', None, 9.0)",20,0.3853073463268366,12,0.0
daily,"('sym', None, 9.0)",20,0.617191404297851,12,0.0
daily,"('sym', None, 9.0)",20,0.1854072963518241,12,0.0
daily,"('sym', None, 9.0)",20,0.6136931534232883,12,0.0
daily,"('sym', None, 9.0)",20,0.13893053473263367,12,0.0
daily,"('sym', None, 9.0)",20,0.1794102948525737,12,0.0
daily,"('sym', None, 9.0)",20,0.38130934532733635,12,0.0
daily,"('sym', None, 9.0)",20,0.0029985007496251873,12,0.0
daily,"('sym', None, 9.0)",20,0.5497251374312844,12,0.0
daily,"('sym', None, 9.0)",20,0.9435282358820589,12,0.0
daily,"('sym', None, 9.0)",20,0.6996501749125438,12,0.0
daily,"('sym', None, 9.0)",20,0.2773613193403298,12,0.0
daily,"('sym', None, 9.0)",20,0.05347326336831584,12,0.0
daily,"('sym', None, 9.0)",20,0.3843078460769615,12,0.0
daily,"('sym', None, 9.0)",20,0.9105447276361819,12,0.0
daily,"('sym', None, 9.0)",20,0.6136931534232883,12,0.0
daily,"('sym', None, 9.0)",20,0.6486756621689156,12,0.0
daily,"('sym', None, 9.0)",20,0.3233383308345827,12,0.0
daily,"('sym', None, 9.0)",20,0.7731134432783608,12,0.0
daily,"('sym', None, 9.0)",20,0.9035482258870565,12,0.0
daily,"('sym', None, 9.0)",20,0.175912043978011,12,0.0
daily,"('sym', None, 9.0)",20,0.1619190404797601,12,0.0
daily,"('sym', None, 9.0)",20,0.1904047976011994,12,0.0
daily,"('sym', None, 9.0)",20,0.5357321339330335,12,0.0
daily,"('sym', None, 9.0)",20,0.5867066466766616,12,0.0
daily,"('sym', None, 9.0)",20,0.7726136931534233,12,0.0
daily,"('sym', None, 9.0)",20,0.8910544727636182,12,0.0
daily,"('sym', None, 9.0)",20,0.800599700149925,12,0.0
daily,"('sym', None, 9.0)",20,0.40729635182408797,12,0.0
daily,"('sym', None, 9.0)",20,0.8385807096451774,12,0.0
daily,"('sym', None, 9.0)",20,0.30634682658670664,12,0.0
daily,"('sym', None, 9.0)",20,0.33183408295852074,12,0.0
daily,"('sym', None, 9.0)",20,0.17341329335332334,12,0.0
daily,"('sym', None, 9.0)",20,0.3743128435782109,12,0.0
daily,"('sym', None, 9.0)",20,0.2538730634682659,12,0.0
daily,"('sym', None, 9.0)",20,0.22988505747126436,12,0.0
daily,"('sym', None, 9.0)",20,0.2733633183408296,12,0.0
daily,"('sym', None, 9.0)",20,0.7376311844077961,12,0.0
daily,"('sym', None, 9.0)",20,0.9160419790104948,12,0.0
daily,"('sym', None, 9.0)",20,0.3683158420789605,12,0.0
daily,"('sym', None, 9.0)",20,0.6761619190404797,12,0.0
daily,"('sym', None, 9.0)",20,0.3548225887056472,12,0.0
daily,"('sym', None, 9.0)",20,0.18940529735132433,12,0.0
daily,"('sym', None, 9.0)",20,0.6116941529235382,12,0.0
daily,"('sym', None, 9.0)",20,0.5422288855572214,12,0.0
daily,"('sym', None, 9.0)",20,0.19540229885057472,12,0.0
daily,"('sym', None, 9.0)",20,0.11344327836081959,12,0.0
daily,"('sym', None, 9.0)",20,0.671664167916042,12,0.0
daily,"('sym', None, 9.0)",20,0.5902048975512244,12,0.0
daily,"('sym', None, 9.0)",20,0.5832083958020989,12,0.0
daily,"('sym', None, 9.0)",20,0.7206396801599201,12,0.0
daily,"('sym', None, 9.0)",20,0.21239380309845077,12,0.0
daily,"('sym', None, 9.0)",20,0.29985007496251875,12,0.0
daily,"('sym', None, 9.0)",20,0.7801099450274862,12,0.0
daily,"('sym', None, 9.0)",20,0.6471764117941029,12,0.0
daily,"('sym', None, 9.0)",20,0.06896551724137931,12,0.0
daily,"('sym', None, 9.0)",20,0.9750124937531235,12,0.0
daily,"('sym', None, 9.0)",20,0.6191904047976012,12,0.0
daily,"('sym', None, 9.0)",20,0.8650674662668666,12,0.0
daily,"('sym', None, 9.0)",20,0.848575712143928,12,0.0
daily,"('sym', None, 9.0)",21,0.4027986006996502,12,0.0
daily,"('sym', None, 9.0)",21,0.9470264867566217,12,0.0
daily,"('sym', None, 9.0)",21,0.054972513743128434,12,0.0
daily,"('sym', None, 9.0)",21,0.2653673163418291,12,0.0
daily,"('sym', None, 9.0)",21,0.24537731134432783,12,0.0
daily,"('sym', None, 9.0)",21,0.015992003998001,12,0.0
daily,"('sym', None, 9.0)",21,0.030984507746126936,12,0.0
daily,"('sym', None, 9.0)",21,0.25037481259370314,12,0.0
daily,"('sym', None, 9.0)",21,0.712143928035982,12,0.0
daily,"('sym', None, 9.0)",21,0.15242378810594703,12,0.0
daily,"('sym', None, 9.0)",21,0.9615192403798101,12,0.0
daily,"('sym', None, 9.0)",21,0.1329335332333833,12,0.0
daily,"('sym', None, 9.0)",21,0.9570214892553723,12,0.0
daily,"('sym', None, 9.0)",21,0.9445277361319341,12,0.0
daily,"('sym', None, 9.0)",21,0.8735632183908046,12,0.0
daily,"('sym', None, 9.0)",21,0.495752123938031,12,0.0
daily,"('sym', None, 9.0)",21,0.2723638180909545,12,0.0
daily,"('sym', None, 9.0)",21,0.5622188905547226,12,0.0
daily,"('sym', None, 9.0)",21,0.960519740129935,12,0.0
daily,"('sym', None, 9.0)",21,0.5257371314342829,12,0.0
daily,"('sym', None, 9.0)",21,0.10694652673663169,12,0.0
daily,"('sym', None, 9.0)",21,0.6211894052973513,12,0.0
daily,"('sym', None, 9.0)",21,0.28085957021489255,12,0.0
daily,"('sym', None, 9.0)",21,0.7381309345327336,12,0.0
daily,"('sym', None, 9.0)",21,0.20589705147426288,12,0.0
daily,"('sym', None, 9.0)",21,0.9940029985007496,12,0.0
daily,"('sym', None, 9.0)",21,0.5112443778110944,12,0.0
daily,"('sym', None, 9.0)",21,0.8415792103948025,12,0.0
daily,"('sym', None, 9.0)",21,0.8585707146426786,12,0.0
daily,"('sym', None, 9.0)",21,0.624687656171914,12,0.0
daily,"('sym', None, 9.0)",21,0.3268365817091454,12,0.0
daily,"('sym', None, 9.0)",21,0.48875562218890556,12,0.0
daily,"('sym', None, 9.0)",21,0.6921539230384808,12,0.0
daily,"('sym', None, 9.0)",21,0.4217891054472764,12,0.0
daily,"('sym', None, 9.0)",21,0.7486256871564217,12,0.0
daily,"('sym', None, 9.0)",21,0.20239880059970014,12,0.0
daily,"('sym', None, 9.0)",21,0.22288855572213892,12,0.0
daily,"('sym', None, 9.0)",21,0.5162418790604698,12,0.0
daily,"('sym', None, 9.0)",21,0.1424287856071964,12,0.0
daily,"('sym', None, 9.0)",21,0.5757121439280359,12,0.0
daily,"('sym', None, 9.0)",21,0.0069965017491254375,12,0.0
daily,"('sym', None, 9.0)",21,0.34382808595702147,12,0.0
daily,"('sym', None, 9.0)",21,0.585207396301849,12,0.0
daily,"('sym', None, 9.0)",21,0.9975012493753124,12,0.0
daily,"('sym', None, 9.0)",21,0.9455272363818091,12,0.0
daily,"('sym', None, 9.0)",21,0.3523238380809595,12,0.0
daily,"('sym', None, 9.0)",21,0.5547226386806596,12,0.0
daily,"('sym', None, 9.0)",21,0.711144427786107,12,0.0
daily,"('sym', None, 9.0)",21,0.383808095952024,12,0.0
daily,"('sym', None, 9.0)",21,0.43728135932033985,12,0.0
daily,"('sym', None, 9.0)",21,0.6081959020489756,12,0.0
daily,"('sym', None, 9.0)",21,0.5947026486756621,12,0.0
daily,"('sym', None, 9.0)",21,0.8555722138930535,12,0.0
daily,"('sym', None, 9.0)",21,0.8280859570214892,12,0.0
daily,"('sym', None, 9.0)",21,0.8665667166416792,12,0.0
daily,"('sym', None, 9.0)",21,0.9570214892553723,12,0.0
daily,"('sym', None, 9.0)",21,0.6166916541729135,12,0.0
daily,"('sym', None, 9.0)",21,0.9425287356321839,12,0.0
daily,"('sym', None, 9.0)",21,0.06446776611694154,12,0.0
daily,"('sym', None, 9.0)",21,0.7321339330334833,12,0.0
daily,"('sym', None, 9.0)",21,0.5092453773113443,12,0.0
daily,"('sym', None, 9.0)",21,0.6036981509245377,12,0.0
daily,"('sym', None, 9.0)",21,0.9475262368815592,12,0.0
daily,"('sym', None, 9.0)",21,0.6136931534232883,12,0.0
daily,"('sym', None, 9.0)",21,0.9805097451274363,12,0.0
daily,"('sym', None, 9.0)",21,0.06346826586706647,12,0.0
daily,"('sym', None, 9.0)",21,0.696151924037981,12,0.0
daily,"('sym', None, 9.0)",21,0.2888555722138931,12,0.0
daily,"('sym', None, 9.0)",21,0.9115442278860569,12,0.0
daily,"('sym', None, 9.0)",21,0.7521239380309845,12,0.0
daily,"('sym', None, 9.0)",21,0.7996001999000499,12,0.0
daily,"('sym', None, 9.0)",21,0.12693653173413294,12,0.0
daily,"('sym', None, 9.0)",21,0.9980009995002499,12,0.0
daily,"('sym', None, 9.0)",21,0.9940029985007496,12,0.0
daily,"('sym', None, 9.0)",21,0.06046976511744128,12,0.0
daily,"('sym', None, 9.0)",21,0.2283858070964518,12,0.0
daily,"('sym', None, 9.0)",21,0.3333333333333333,12,0.0
daily,"('sym', None, 9.0)",21,0.7781109445277361,12,0.0
daily,"('sym', None, 9.0)",21,0.3933033483258371,12,0.0
daily,"('sym', None, 9.0)",21,0.2978510744627686,12,0.0
daily,"('sym', None, 9.0)",21,0.4757621189405297,12,0.0
daily,"('sym', None, 9.0)",21,0.7376311844077961,12,0.0
daily,"('sym', None, 9.0)",21,0.6411794102948526,12,0.0
daily,"('sym', None, 9.0)",21,0.456271864067966,12,0.0
daily,"('sym', None, 9.0)",21,0.4052973513243378,12,0.0
daily,"('sym', None, 9.0)",21,0.38330834582708645,12,0.0
daily,"('sym', None, 9.0)",21,0.47626186906546725,12,0.0
daily,"('sym', None, 9.0)",21,0.46276861569215394,12,0.0
daily,"('sym', None, 9.0)",21,0.6906546726636682,12,0.0
daily,"('sym', None, 9.0)",21,0.4662668665667166,12,0.0
daily,"('sym', None, 9.0)",21,0.6831584207896052,12,0.0
daily,"('sym', None, 9.0)",21,0.12143928035982009,12,0.0
daily,"('sym', None, 9.0)",21,0.6861569215392304,12,0.0
daily,"('sym', None, 9.0)",21,0.8000999500249875,12,0.0
daily,"('sym', None, 9.0)",21,0.26636681659170414,12,0.0
daily,"('sym', None, 9.0)",21,0.7126436781609196,12,0.0
daily,"('sym', None, 9.0)",21,0.175912043978011,12,0.0
daily,"('sym', None, 9.0)",21,0.9515242378810594,12,0.0
daily,"('sym', None, 9.0)",21,0.52023988005997,12,0.0
daily,"('sym', None, 9.0)",21,0.4237881059470265,12,0.0
daily,"('sym', None, 9.0)",22,0.026986506746626688,12,0.0
daily,"('sym', None, 9.0)",22,0.8495752123938031,12,0.0
daily,"('sym', None, 9.0)",22,0.6656671664167916,12,0.0
daily,"('sym', None, 9.0)",22,0.5197401299350325,12,0.0
daily,"('sym', None, 9.0)",22,0.952023988005997,12,0.0
daily,"('sym', None, 9.0)",22,0.776111944027986,12,0.0
daily,"('sym', None, 9.0)",22,0.6881559220389805,12,0.0
daily,"('sym', None, 9.0)",22,0.9515242378810594,12,0.0
daily,"('sym', None, 9.0)",22,0.5222388805597201,12,0.0
daily,"('sym', None, 9.0)",22,0.45577211394302847,12,0.0
daily,"('sym', None, 9.0)",22,0.5912043978010995,12,0.0
daily,"('sym', None, 9.0)",22,0.4387806096951524,12,0.0
daily,"('sym', None, 9.0)",22,0.447776111944028,12,0.0
daily,"('sym', None, 9.0)",22,0.5072463768115942,12,0.0
daily,"('sym', None, 9.0)",22,0.9070464767616192,12,0.0
daily,"('sym', None, 9.0)",22,0.8120939530234883,12,0.0
daily,"('sym', None, 9.0)",22,0.7626186906546727,12,0.0
daily,"('sym', None, 9.0)",22,0.1839080459770115,12,0.0
daily,"('sym', None, 9.0)",22,0.09045477261369315,12,0.0
daily,"('sym', None, 9.0)",22,0.9980009995002499,12,0.0
daily,"('sym', None, 9.0)",22,0.12993503248375812,12,0.0
daily,"('sym', None, 9.0)",22,0.551224387806097,12,0.0
daily,"('sym', None, 9.0)",22,0.5142428785607196,12,0.0
daily,"('sym', None, 9.0)",22,0.7581209395302348,12,0.0
daily,"('sym', None, 9.0)",22,0.01899050474762619,12,0.0
daily,"('sym', None, 9.0)",22,0.4387806096951524,12,0.0
daily,"('sym', None, 9.0)",22,0.12493753123438281,12,0.0
daily,"('sym', None, 9.0)",22,0.5142428785607196,12,0.0
daily,"('sym', None, 9.0)",22,0.43228385807096453,12,0.0
daily,"('sym', None, 9.0)",22,0.6936531734132934,12,0.0
daily,"('sym', None, 9.0)",22,0.7211394302848576,12,0.0
daily,"('sym', None, 9.0)",22,0.592703648175912,12,0.0
daily,"('sym', None, 9.0)",22,0.06596701649175413,12,0.0
daily,"('sym', None, 9.0)",22,0.6086956521739131,12,0.0
daily,"('sym', None, 9.0)",22,0.8595702148925537,12,0.0
daily,"('sym', None, 9.0)",22,0.9420289855072463,12,0.0
daily,"('sym', None, 9.0)",22,0.9995002498750625,12,0.0
daily,"('sym', None, 9.0)",22,0.09495252373813093,12,0.0
daily,"('sym', None, 9.0)",22,0.9750124937531235,12,0.0
daily,"('sym', None, 9.0)",22,0.5177411294352824,12,0.0
daily,"('sym', None, 9.0)",22,0.8790604697651174,12,0.0
daily,"('sym', None, 9.0)",22,0.39780109945027486,12,0.0
daily,"('sym', None, 9.0)",22,0.5762118940529735,12,0.0
daily,"('sym', None, 9.0)",22,0.3818090954522739,12,0.0
daily,"('sym', None, 9.0)",22,0.5302348825587206,12,0.0
daily,"('sym', None, 9.0)",22,0.29985007496251875,12,0.0
daily,"('sym', None, 9.0)",22,0.7236381809095452,12,0.0
daily,"('sym', None, 9.0)",22,0.6626686656671664,12,0.0
daily,"('sym', None, 9.0)",22,0.7571214392803598,12,0.0
daily,"('sym', None, 9.0)",22,0.12243878060969515,12,0.0
daily,"('sym', None, 9.0)",22,0.6676661669165417,12,0.0
daily,"('sym', None, 9.0)",22,0.07146426786606697,12,0.0
daily,"('sym', None, 9.0)",22,0.7741129435282359,12,0.0
daily,"('sym', None, 9.0)",22,0.5892053973013494,12,0.0
daily,"('sym', None, 9.0)",22,0.7471264367816092,12,0.0
daily,"('sym', None, 9.0)",22,0.8015992003998001,12,0.0
daily,"('sym', None, 9.0)",22,0.17191404297851073,12,0.0
daily,"('sym', None, 9.0)",22,0.28785607196401797,12,0.0
daily,"('sym', None, 9.0)",22,0.7916041979010495,12,0.0
daily,"('sym', None, 9.0)",22,0.3278360819590205,12,0.0
daily,"('sym', None, 9.0)",22,0.48575712143928035,12,0.0
daily,"('sym', None, 9.0)",22,0.19740129935032483,12,0.0
daily,"('sym', None, 9.0)",22,0.9400299850074962,12,0.0
daily,"('sym', None, 9.0)",22,0.6426786606696652,12,0.0
daily,"('sym', None, 9.0)",22,0.9720139930034982,12,0.0
daily,"('sym', None, 9.0)",22,0.29735132433783107,12,0.0
daily,"('sym', None, 9.0)",22,0.48125937031484256,12,0.0
daily,"('sym', None, 9.0)",22,0.07646176911544228,12,0.0
daily,"('sym', None, 9.0)",22,0.9320339830084957,12,0.0
daily,"('sym', None, 9.0)",22,0.6021989005497251,12,0.0
daily,"('sym', None, 9.0)",22,0.09195402298850575,12,0.0
daily,"('sym', None, 9.0)",22,0.5832083958020989,12,0.0
daily,"('sym', None, 9.0)",22,0.1934032983508246,12,0.0
daily,"('sym', None, 9.0)",22,0.44377811094452774,12,0.0
daily,"('sym', None, 9.0)",22,0.6191904047976012,12,0.0
daily,"('sym', None, 9.0)",22,0.005497251374312844,12,0.0
daily,"('sym', None, 9.0)",22,0.7301349325337332,12,0.0
daily,"('sym', None, 9.0)",22,0.5107446276861569,12,0.0
daily,"('sym', None, 9.0)",22,0.8130934532733634,12,0.0
daily,"('sym', None, 9.0)",22,0.8775612193903048,12,0.0
daily,"('sym', None, 9.0)",22,0.24187906046976512,12,0.0
daily,"('sym', None, 9.0)",22,0.519240379810095,12,0.0
daily,"('sym', None, 9.0)",22,0.7191404297851074,12,0.0
daily,"('sym', None, 9.0)",22,0.22688655672163918,12,0.0
daily,"('sym', None, 9.0)",22,0.7286356821589205,12,0.0
daily,"('sym', None, 9.0)",22,0.42328835582208896,12,0.0
daily,"('sym', None, 9.0)",22,0.8255872063968016,12,0.0
daily,"('sym', None, 9.0)",22,0.26786606696651677,12,0.0
daily,"('sym', None, 9.0)",22,0.2303848075962019,12,0.0
daily,"('sym', None, 9.0)",22,0.2893553223388306,12,0.0
daily,"('sym', None, 9.0)",22,0.3468265867066467,12,0.0
daily,"('sym', None, 9.0)",22,0.8655672163918041,12,0.0
daily,"('sym', None, 9.0)",22,0.6916541729135433,12,0.0
daily,"('sym', None, 9.0)",22,0.7596201899050474,12,0.0
daily,"('sym', None, 9.0)",22,0.1934032983508246,12,0.0
daily,"('sym', None, 9.0)",22,0.04897551224387806,12,0.0
daily,"('sym', None, 9.0)",22,0.5007496251874063,12,0.0
daily,"('sym', None, 9.0)",22,0.08895552223888056,12,0.0
daily,"('sym', None, 9.0)",22,0.6461769115442278,12,0.0
daily,"('sym', None, 9.0)",22,0.9555222388805598,12,0.0
daily,"('sym', None, 9.0)",23,0.19540229885057472,12,0.0
daily,"('sym', None, 9.0)",23,0.1549225387306347,12,0.0
daily,"('sym', None, 9.0)",23,0.0544727636181909,12,0.0
daily,"('sym', None, 9.0)",23,0.5077461269365318,12,0.0
daily,"('sym', None, 9.0)",23,0.08395802098950525,12,0.0
daily,"('sym', None, 9.0)",23,0.7066466766616691,12,0.0
daily,"('sym', None, 9.0)",23,0.9725137431284357,12,0.0
daily,"('sym', None, 9.0)",23,0.2673663168415792,12,0.0
daily,"('sym', None, 9.0)",23,0.751624187906047,12,0.0
daily,"('sym', None, 9.0)",23,0.28235882058970513,12,0.0
daily,"('sym', None, 9.0)",23,0.02348825587206397,12,0.0
daily,"('sym', None, 9.0)",23,0.9870064967516242,12,0.0
daily,"('sym', None, 9.0)",23,0.7886056971514243,12,0.0
daily,"('sym', None, 9.0)",23,0.9140429785107447,12,0.0
daily,"('sym', None, 9.0)",23,0.9505247376311844,12,0.0
daily,"('sym', None, 9.0)",23,0.02348825587206397,12,0.0
daily,"('sym', None, 9.0)",23,0.7931034482758621,12,0.0
daily,"('sym', None, 9.0)",23,0.6891554222888556,12,0.0
daily,"('sym', None, 9.0)",23,0.5807096451774113,12,0.0
daily,"('sym', None, 9.0)",23,0.035982008995502246,12,0.0
daily,"('sym', None, 9.0)",23,0.2653673163418291,12,0.0
daily,"('sym', None, 9.0)",23,0.22988505747126436,12,0.0
daily,"('sym', None, 9.0)",23,0.4947526236881559,12,0.0
daily,"('sym', None, 9.0)",23,0.665167416291854,12,0.0
daily,"('sym', None, 9.0)",23,0.7086456771614192,12,0.0
daily,"('sym', None, 9.0)",23,0.847576211894053,12,0.0
daily,"('sym', None, 9.0)",23,0.6276861569215393,12,0.0
daily,"('sym', None, 9.0)",23,0.34332833583208394,12,0.0
daily,"('sym', None, 9.0)",23,0.1519240379810095,12,0.0
daily,"('sym', None, 9.0)",23,0.9590204897551224,12,0.0
daily,"('sym', None, 9.0)",23,0.008995502248875561,12,0.0
daily,"('sym', None, 9.0)",23,0.4127936031984008,12,0.0
daily,"('sym', None, 9.0)",23,0.5962018990504747,12,0.0
daily,"('sym', None, 9.0)",23,0.41179410294852575,12,0.0
daily,"('sym', None, 9.0)",23,0.6086956521739131,12,0.0
daily,"('sym', None, 9.0)",23,0.8055972013993004,12,0.0
daily,"('sym', None, 9.0)",23,0.25087456271864067,12,0.0
daily,"('sym', None, 9.0)",23,0.10844577711144428,12,0.0
daily,"('sym', None, 9.0)",23,0.7451274362818591,12,0.0
daily,"('sym', None, 9.0)",23,0.46776611694152925,12,0.0
daily,"('sym', None, 9.0)",23,0.9625187406296851,12,0.0
daily,"('sym', None, 9.0)",23,0.6966516741629185,12,0.0
daily,"('sym', None, 9.0)",23,0.12043978010994502,12,0.0
daily,"('sym', None, 9.0)",23,0.13343328335832083,12,0.0
daily,"('sym', None, 9.0)",23,0.8405797101449275,12,0.0
daily,"('sym', None, 9.0)",23,0.5052473763118441,12,0.0
daily,"('sym', None, 9.0)",23,0.31584207896051975,12,0.0
daily,"('sym', None, 9.0)",23,0.6581709145427287,12,0.0
daily,"('sym', None, 9.0)",23,0.4897551224387806,12,0.0
daily,"('sym', None, 9.0)",23,0.9730134932533733,12,0.0
daily,"('sym', None, 9.0)",23,0.750624687656172,12,0.0
daily,"('sym', None, 9.0)",23,0.29535232383808097,12,0.0
daily,"('sym', None, 9.0)",23,0.2703648175912044,12,0.0
daily,"('sym', None, 9.0)",23,0.022488755622188907,12,0.0
daily,"('sym', None, 9.0)",23,0.3263368315842079,12,0.0
daily,"('sym', None, 9.0)",23,0.6101949025487257,12,0.0
daily,"('sym', None, 9.0)",23,0.496751624187906,12,0.0
daily,"('sym', None, 9.0)",23,0.2658670664667666,12,0.0
daily,"('sym', None, 9.0)",23,0.5432283858070964,12,0.0
daily,"('sym', None, 9.0)",23,0.5172413793103449,12,0.0
daily,"('sym', None, 9.0)",23,0.5507246376811594,12,0.0
daily,"('sym', None, 9.0)",23,0.14042978510744628,12,0.0
daily,"('sym', None, 9.0)",23,0.6286856571714143,12,0.0
daily,"('sym', None, 9.0)",23,0.7476261869065467,12,0.0
daily,"('sym', None, 9.0)",23,0.04697651174412794,12,0.0
daily,"('sym', None, 9.0)",23,0.768615692153923,12,0.0
daily,"('sym', None, 9.0)",23,0.2888555722138931,12,0.0
daily,"('sym', None, 9.0)",23,0.2988505747126437,12,0.0
daily,"('sym', None, 9.0)",23,0.9965017491254373,12,0.0
daily,"('sym', None, 9.0)",23,0.5412293853073463,12,0.0
daily,"('sym', None, 9.0)",23,0.24237881059470265,12,0.0
daily,"('sym', None, 9.0)",23,0.08745627186406797,12,0.0
daily,"('sym', None, 9.0)",23,0.3893053473263368,12,0.0
daily,"('sym', None, 9.0)",23,0.9510244877561219,12,0.0
daily,"('sym', None, 9.0)",23,0.7016491754122939,12,0.0
daily,"('sym', None, 9.0)",23,0.7956021989005497,12,0.0
daily,"('sym', None, 9.0)",23,0.592703648175912,12,0.0
daily,"('sym', None, 9.0)",23,0.7446276861569215,12,0.0
daily,"('sym', None, 9.0)",23,0.33683158420789605,12,0.0
daily,"('sym', None, 9.0)",23,0.5297351324337831,12,0.0
daily,"('sym', None, 9.0)",23,0.585207396301849,12,0.0
daily,"('sym', None, 9.0)",23,0.0399800099950025,12,0.0
daily,"('sym', None, 9.0)",23,0.19290354822588707,12,0.0
daily,"('sym', None, 9.0)",23,0.9575212393803099,12,0.0
daily,"('sym', None, 9.0)",23,0.7136431784107946,12,0.0
daily,"('sym', None, 9.0)",23,0.2353823088455772,12,0.0
daily,"('sym', None, 9.0)",23,0.17491254372813594,12,0.0
daily,"('sym', None, 9.0)",23,0.3098450774612694,12,0.0
daily,"('sym', None, 9.0)",23,0.7071464267866067,12,0.0
daily,"('sym', None, 9.0)",23,0.9410294852573713,12,0.0
daily,"('sym', None, 9.0)",23,0.6646676661669165,12,0.0
daily,"('sym', None, 9.0)",23,0.34332833583208394,12,0.0
daily,"('sym', None, 9.0)",23,0.5282358820589705,12,0.0
daily,"('sym', None, 9.0)",23,0.16891554222888555,12,0.0
daily,"('sym', None, 9.0)",23,0.9305347326336831,12,0.0
daily,"('sym', None, 9.0)",23,0.6891554222888556,12,0.0
daily,"('sym', None, 9.0)",23,0.56071964017991,12,0.0
daily,"('sym', None, 9.0)",23,0.10094952523738131,12,0.0
daily,"('sym', None, 9.0)",23,0.895552223888056,12,0.0
daily,"('sym', None, 9.0)",23,0.2848575712143928,12,0.0
daily,"('sym', None, 9.0)",24,0.079960019990005,12,0.0
daily,"('sym', None, 9.0)",24,0.975512243878061,12,0.0
daily,"('sym', None, 9.0)",24,0.4737631184407796,12,0.0
daily,"('sym', None, 9.0)",24,0.697151424287856,12,0.0
daily,"('sym', None, 9.0)",24,0.043478260869565216,12,0.0
daily,"('sym', None, 9.0)",24,0.11744127936031984,12,0.0
daily,"('sym', None, 9.0)",24,0.6996501749125438,12,0.0
daily,"('sym', None, 9.0)",24,0.062468765617191405,12,0.0
daily,"('sym', None, 9.0)",24,0.4027986006996502,12,0.0
daily,"('sym', None, 9.0)",24,0.5052473763118441,12,0.0
daily,"('sym', None, 9.0)",24,0.5617191404297851,12,0.0
daily,"('sym', None, 9.0)",24,0.5792103948025987,12,0.0
daily,"('sym', None, 9.0)",24,0.9330334832583708,12,0.0
daily,"('sym', None, 9.0)",24,0.5327336331834083,12,0.0
daily,"('sym', None, 9.0)",24,0.38780609695152424,12,0.0
daily,"('sym', None, 9.0)",24,0.5417291354322838,12,0.0
daily,"('sym', None, 9.0)",24,0.6476761619190404,12,0.0
daily,"('sym', None, 9.0)",24,0.14642678660669664,12,0.0
daily,"('sym', None, 9.0)",24,0.09345327336331834,12,0.0
daily,"('sym', None, 9.0)",24,0.11944027986006997,12,0.0
daily,"('sym', None, 9.0)",24,0.10644677661169415,12,0.0
daily,"('sym', None, 9.0)",24,0.703648175912044,12,0.0
daily,"('sym', None, 9.0)",24,0.3503248375812094,12,0.0
daily,"('sym', None, 9.0)",24,0.24987506246876562,12,0.0
daily,"('sym', None, 9.0)",24,0.05897051474262868,12,0.0
daily,"('sym', None, 9.0)",24,0.7711144427786107,12,0.0
daily,"('sym', None, 9.0)",24,0.12143928035982009,12,0.0
daily,"('sym', None, 9.0)",24,0.7496251874062968,12,0.0
daily,"('sym', None, 9.0)",24,0.712143928035982,12,0.0
daily,"('sym', None, 9.0)",24,0.38780609695152424,12,0.0
daily,"('sym', None, 9.0)",24,0.6081959020489756,12,0.0
daily,"('sym', None, 9.0)",24,0.6731634182908546,12,0.0
daily,"('sym', None, 9.0)",24,0.9835082458770614,12,0.0
daily,"('sym', None, 9.0)",24,0.8900549725137431,12,0.0
daily,"('sym', None, 9.0)",24,0.4197901049475262,12,0.0
daily,"('sym', None, 9.0)",24,0.4867566216891554,12,0.0
daily,"('sym', None, 9.0)",24,0.26636681659170414,12,0.0
daily,"('sym', None, 9.0)",24,0.8495752123938031,12,0.0
daily,"('sym', None, 9.0)",24,0.21989005497251374,12,0.0
daily,"('sym', None, 9.0)",24,0.7106446776611695,12,0.0
daily,"('sym', None, 9.0)",24,0.9250374812593704,12,0.0
daily,"('sym', None, 9.0)",24,0.1839080459770115,12,0.0
daily,"('sym', None, 9.0)",24,0.4782608695652174,12,0.0
daily,"('sym', None, 9.0)",24,0.7851074462768616,12,0.0
daily,"('sym', None, 9.0)",24,0.6541729135432284,12,0.0
daily,"('sym', None, 9.0)",24,0.4097951024487756,12,0.0
daily,"('sym', None, 9.0)",24,0.4642678660669665,12,0.0
daily,"('sym', None, 9.0)",24,0.711144427786107,12,0.0
daily,"('sym', None, 9.0)",24,0.4892553723138431,12,0.0
daily,"('sym', None, 9.0)",24,0.33033483258370816,12,0.0
daily,"('sym', None, 9.0)",24,0.4657671164417791,12,0.0
daily,"('sym', None, 9.0)",24,0.7091454272863568,12,0.0
daily,"('sym', None, 9.0)",24,0.14992503748125938,12,0.0
daily,"('sym', None, 9.0)",24,0.014992503748125937,12,0.0
daily,"('sym', None, 9.0)",24,0.9005497251374313,12,0.0
daily,"('sym', None, 9.0)",24,0.28735632183908044,12,0.0
daily,"('sym', None, 9.0)",24,0.17691154422788605,12,0.0
daily,"('sym', None, 9.0)",24,0.712143928035982,12,0.0
daily,"('sym', None, 9.0)",24,0.44627686156921537,12,0.0
daily,"('sym', None, 9.0)",24,0.3983008495752124,12,0.0
daily,"('sym', None, 9.0)",24,0.6191904047976012,12,0.0
daily,"('sym', None, 9.0)",24,0.03398300849575212,12,0.0
daily,"('sym', None, 9.0)",24,0.6051974012993503,12,0.0
daily,"('sym', None, 9.0)",24,0.792103948025987,12,0.0
daily,"('sym', None, 9.0)",24,0.34632683658170915,12,0.0
daily,"('sym', None, 9.0)",24,0.28535732133933034,12,0.0
daily,"('sym', None, 9.0)",24,0.5577211394302849,12,0.0
daily,"('sym', None, 9.0)",24,0.7001499250374813,12,0.0
daily,"('sym', None, 9.0)",24,0.968015992003998,12,0.0
daily,"('sym', None, 9.0)",24,0.809095452273863,12,0.0
daily,"('sym', None, 9.0)",24,0.9550224887556222,12,0.0
daily,"('sym', None, 9.0)",24,0.4077961019490255,12,0.0
daily,"('sym', None, 9.0)",24,0.975512243878061,12,0.0
daily,"('sym', None, 9.0)",24,0.11594202898550725,12,0.0
daily,"('sym', None, 9.0)",24,0.19390304847576212,12,0.0
daily,"('sym', None, 9.0)",24,0.37881059470264866,12,0.0
daily,"('sym', None, 9.0)",24,0.7996001999000499,12,0.0
daily,"('sym', None, 9.0)",24,0.5702148925537232,12,0.0
daily,"('sym', None, 9.0)",24,0.8940529735132434,12,0.0
daily,"('sym', None, 9.0)",24,0.7926036981509246,12,0.0
daily,"('sym', None, 9.0)",24,0.9625187406296851,12,0.0
daily,"('sym', None, 9.0)",24,0.4307846076961519,12,0.0
daily,"('sym', None, 9.0)",24,0.26286856571714146,12,0.0
daily,"('sym', None, 9.0)",24,0.4017991004497751,12,0.0
daily,"('sym', None, 9.0)",24,0.7421289355322339,12,0.0
daily,"('sym', None, 9.0)",24,0.5537231384307846,12,0.0
daily,"('sym', None, 9.0)",24,0.7971014492753623,12,0.0
daily,"('sym', None, 9.0)",24,0.49975012493753124,12,0.0
daily,"('sym', None, 9.0)",24,0.2028985507246377,12,0.0
daily,"('sym', None, 9.0)",24,0.21989005497251374,12,0.0
daily,"('sym', None, 9.0)",24,0.9085457271364318,12,0.0
daily,"('sym', None, 9.0)",24,0.4047976011994003,12,0.0
daily,"('sym', None, 9.0)",24,0.26186906546726635,12,0.0
daily,"('sym', None, 9.0)",24,0.6761619190404797,12,0.0
daily,"('sym', None, 9.0)",24,0.4827586206896552,12,0.0
daily,"('sym', None, 9.0)",24,0.32033983008495753,12,0.0
daily,"('sym', None, 9.0)",24,0.7006496751624188,12,0.0
daily,"('sym', None, 9.0)",24,0.06796601699150424,12,0.0
daily,"('sym', None, 9.0)",24,0.6766616691654173,12,0.0
daily,"('sym', None, 9.0)",24,0.5872063968015993,12,0.0
daily,"('sym', None, 9.0)",25,0.16041979010494753,12,0.0
daily,"('sym', None, 9.0)",25,0.8665667166416792,12,0.0
daily,"('sym', None, 9.0)",25,0.5217391304347826,12,0.0
daily,"('sym', None, 9.0)",25,0.6926536731634183,12,0.0
daily,"('sym', None, 9.0)",25,0.5317341329335332,12,0.0
daily,"('sym', None, 9.0)",25,0.512743628185907,12,0.0
daily,"('sym', None, 9.0)",25,0.7821089455272364,12,0.0
daily,"('sym', None, 9.0)",25,0.7571214392803598,12,0.0
daily,"('sym', None, 9.0)",25,0.8540729635182409,12,0.0
daily,"('sym', None, 9.0)",25,0.551224387806097,12,0.0
daily,"('sym', None, 9.0)",25,0.3058470764617691,12,0.0
daily,"('sym', None, 9.0)",25,0.8450774612693653,12,0.0
daily,"('sym', None, 9.0)",25,0.38330834582708645,12,0.0
daily,"('sym', None, 9.0)",25,0.6901549225387307,12,0.0
daily,"('sym', None, 9.0)",25,0.8930534732633684,12,0.0
daily,"('sym', None, 9.0)",25,0.23388305847076463,12,0.0
daily,"('sym', None, 9.0)",25,0.6901549225387307,12,0.0
daily,"('sym', None, 9.0)",25,0.02498750624687656,12,0.0
daily,"('sym', None, 9.0)",25,0.7091454272863568,12,0.0
daily,"('sym', None, 9.0)",25,0.07946026986506746,12,0.0
daily,"('sym', None, 9.0)",25,0.6551724137931034,12,0.0
daily,"('sym', None, 9.0)",25,0.0704647676161919,12,0.0
daily,"('sym', None, 9.0)",25,0.8350824587706147,12,0.0
daily,"('sym', None, 9.0)",25,0.13393303348325838,12,0.0
daily,"('sym', None, 9.0)",25,0.4047976011994003,12,0.0
daily,"('sym', None, 9.0)",25,0.46776611694152925,12,0.0
daily,"('sym', None, 9.0)",25,0.08495752123938032,12,0.0
daily,"('sym', None, 9.0)",25,0.5057471264367817,12,0.0
daily,"('sym', None, 9.0)",25,0.7876061969015492,12,0.0
daily,"('sym', None, 9.0)",25,0.22088955522238882,12,0.0
daily,"('sym', None, 9.0)",25,0.2658670664667666,12,0.0
daily,"('sym', None, 9.0)",25,0.6341829085457271,12,0.0
daily,"('sym', None, 9.0)",25,0.16241879060469766,12,0.0
daily,"('sym', None, 9.0)",25,0.8520739630184908,12,0.0
daily,"('sym', None, 9.0)",25,0.04597701149425287,12,0.0
daily,"('sym', None, 9.0)",25,0.2563718140929535,12,0.0
daily,"('sym', None, 9.0)",25,0.22688655672163918,12,0.0
daily,"('sym', None, 9.0)",25,0.13893053473263367,12,0.0
daily,"('sym', None, 9.0)",25,0.19490254872563717,12,0.0
daily,"('sym', None, 9.0)",25,0.6806596701649176,12,0.0
daily,"('sym', None, 9.0)",25,0.16541729135432284,12,0.0
daily,"('sym', None, 9.0)",25,0.823088455772114,12,0.0
daily,"('sym', None, 9.0)",25,0.01999000499750125,12,0.0
daily,"('sym', None, 9.0)",25,0.8415792103948025,12,0.0
daily,"('sym', None, 9.0)",25,0.9955022488755623,12,0.0
daily,"('sym', None, 9.0)",25,0.5327336331834083,12,0.0
daily,"('sym', None, 9.0)",25,0.4622688655672164,12,0.0
daily,"('sym', None, 9.0)",25,0.8500749625187406,12,0.0
daily,"('sym', None, 9.0)",25,0.7301349325337332,12,0.0
daily,"('sym', None, 9.0)",25,0.5792103948025987,12,0.0
daily,"('sym', None, 9.0)",25,0.29235382308845576,12,0.0
daily,"('sym', None, 9.0)",25,0.05697151424287856,12,0.0
daily,"('sym', None, 9.0)",25,0.31334332833583206,12,0.0
daily,"('sym', None, 9.0)",25,0.30684657671164417,12,0.0
daily,"('sym', None, 9.0)",25,0.8705647176411794,12,0.0
daily,"('sym', None, 9.0)",25,0.9750124937531235,12,0.0
daily,"('sym', None, 9.0)",25,0.5882058970514743,12,0.0
daily,"('sym', None, 9.0)",25,0.19790104947526238,12,0.0
daily,"('sym', None, 9.0)",25,0.6966516741629185,12,0.0
daily,"('sym', None, 9.0)",25,0.8085957021489255,12,0.0
daily,"('sym', None, 9.0)",25,0.8035982008995503,12,0.0
daily,"('sym', None, 9.0)",25,0.42628685657171417,12,0.0
daily,"('sym', None, 9.0)",25,0.280359820089955,12,0.0
daily,"('sym', None, 9.0)",25,0.665167416291854,12,0.0
daily,"('sym', None, 9.0)",25,0.5162418790604698,12,0.0
daily,"('sym', None, 9.0)",25,0.7626186906546727,12,0.0
daily,"('sym', None, 9.0)",25,0.0079960019990005,12,0.0
daily,"('sym', None, 9.0)",25,0.39080459770114945,12,0.0
daily,"('sym', None, 9.0)",25,0.4307846076961519,12,0.0
daily,"('sym', None, 9.0)",25,0.27586206896551724,12,0.0
daily,"('sym', None, 9.0)",25,0.9250374812593704,12,0.0
daily,"('sym', None, 9.0)",25,0.24287856071964017,12,0.0
daily,"('sym', None, 9.0)",25,0.5302348825587206,12,0.0
daily,"('sym', None, 9.0)",25,0.46926536731634183,12,0.0
daily,"('sym', None, 9.0)",25,0.9055472263868066,12,0.0
daily,"('sym', None, 9.0)",25,0.03948025987006497,12,0.0
daily,"('sym', None, 9.0)",25,0.5987006496751625,12,0.0
daily,"('sym', None, 9.0)",25,0.9345327336331835,12,0.0
daily,"('sym', None, 9.0)",25,0.09995002498750624,12,0.0
daily,"('sym', None, 9.0)",25,0.6766616691654173,12,0.0
daily,"('sym', None, 9.0)",25,0.6431784107946027,12,0.0
daily,"('sym', None, 9.0)",25,0.617191404297851,12,0.0
daily,"('sym', None, 9.0)",25,0.2048975512243878,12,0.0
daily,"('sym', None, 9.0)",25,0.6381809095452274,12,0.0
daily,"('sym', None, 9.0)",25,0.800599700149925,12,0.0
daily,"('sym', None, 9.0)",25,0.17541229385307347,12,0.0
daily,"('sym', None, 9.0)",25,0.16941529235382308,12,0.0
daily,"('sym', None, 9.0)",25,0.9660169915042479,12,0.0
daily,"('sym', None, 9.0)",25,0.8260869565217391,12,0.0
daily,"('sym', None, 9.0)",25,0.38980509745127434,12,0.0
daily,"('sym', None, 9.0)",25,0.5592203898050975,12,0.0
daily,"('sym', None, 9.0)",25,0.3853073463268366,12,0.0
daily,"('sym', None, 9.0)",25,0.591704147926037,12,0.0
daily,"('sym', None, 9.0)",25,0.9345327336331835,12,0.0
daily,"('sym', None, 9.0)",25,0.10394802598700649,12,0.0
daily,"('sym', None, 9.0)",25,0.5962018990504747,12,0.0
daily,"('sym', None, 9.0)",25,0.8075962018990505,12,0.0
daily,"('sym', None, 9.0)",25,0.20239880059970014,12,0.0
daily,"('sym', None, 9.0)",25,0.37681159420289856,12,0.0
daily,"('sym', None, 9.0)",25,0.7501249375312344,12,0.0
daily,"('sym', None, 9.0)",26,0.9235382308845578,12,0.0
daily,"('sym', None, 9.0)",26,0.9405297351324338,12,0.0
daily,"('sym', None, 9.0)",26,0.744127936031984,12,0.0
daily,"('sym', None, 9.0)",26,0.24037981009495252,12,0.0
daily,"('sym', None, 9.0)",26,0.1874062968515742,12,0.0
daily,"('sym', None, 9.0)",26,0.5072463768115942,12,0.0
daily,"('sym', None, 9.0)",26,0.6376811594202898,12,0.0
daily,"('sym', None, 9.0)",26,0.8660669665167416,12,0.0
daily,"('sym', None, 9.0)",26,0.1809095452273863,12,0.0
daily,"('sym', None, 9.0)",26,0.35782108945527236,12,0.0
daily,"('sym', None, 9.0)",26,0.06346826586706647,12,0.0
daily,"('sym', None, 9.0)",26,0.9065467266366817,12,0.0
daily,"('sym', None, 9.0)",26,0.7851074462768616,12,0.0
daily,"('sym', None, 9.0)",26,0.9455272363818091,12,0.0
daily,"('sym', None, 9.0)",26,0.968015992003998,12,0.0
daily,"('sym', None, 9.0)",26,0.2703648175912044,12,0.0
daily,"('sym', None, 9.0)",26,0.7936031984007996,12,0.0
daily,"('sym', None, 9.0)",26,0.3543228385807096,12,0.0
daily,"('sym', None, 9.0)",26,0.33233383308345826,12,0.0
daily,"('sym', None, 9.0)",26,0.0239880059970015,12,0.0
daily,"('sym', None, 9.0)",26,0.14992503748125938,12,0.0
daily,"('sym', None, 9.0)",26,0.9760119940029985,12,0.0
daily,"('sym', None, 9.0)",26,0.6021989005497251,12,0.0
daily,"('sym', None, 9.0)",26,0.7436281859070465,12,0.0
daily,"('sym', None, 9.0)",26,0.9195402298850575,12,0.0
daily,"('sym', None, 9.0)",26,0.18140929535232383,12,0.0
daily,"('sym', None, 9.0)",26,0.5742128935532234,12,0.0
daily,"('sym', None, 9.0)",26,0.6861569215392304,12,0.0
daily,"('sym', None, 9.0)",26,0.3293353323338331,12,0.0
daily,"('sym', None, 9.0)",26,0.42778610694652675,12,0.0
daily,"('sym', None, 9.0)",26,0.5412293853073463,12,0.0
daily,"('sym', None, 9.0)",26,0.5167416291854073,12,0.0
daily,"('sym', None, 9.0)",26,0.9280359820089955,12,0.0
daily,"('sym', None, 9.0)",26,0.585207396301849,12,0.0
daily,"('sym', None, 9.0)",26,0.9145427286356822,12,0.0
daily,"('sym', None, 9.0)",26,0.3808095952023988,12,0.0
daily,"('sym', None, 9.0)",26,0.7611194402798601,12,0.0
daily,"('sym', None, 9.0)",26,0.5142428785607196,12,0.0
daily,"('sym', None, 9.0)",26,0.46276861569215394,12,0.0
daily,"('sym', None, 9.0)",26,0.6426786606696652,12,0.0
daily,"('sym', None, 9.0)",26,0.4497751124437781,12,0.0
daily,"('sym', None, 9.0)",26,0.9890054972513743,12,0.0
daily,"('sym', None, 9.0)",26,0.6461769115442278,12,0.0
daily,"('sym', None, 9.0)",26,0.8180909545227386,12,0.0
daily,"('sym', None, 9.0)",26,0.7081459270364817,12,0.0
daily,"('sym', None, 9.0)",26,0.1184407796101949,12,0.0
daily,"('sym', None, 9.0)",26,0.42278860569715143,12,0.0
daily,"('sym', None, 9.0)",26,0.927536231884058,12,0.0
daily,"('sym', None, 9.0)",26,0.9535232383808095,12,0.0
daily,"('sym', None, 9.0)",26,0.07396301849075462,12,0.0
daily,"('sym', None, 9.0)",26,0.4357821089455272,12,0.0
daily,"('sym', None, 9.0)",26,0.18190904547726136,12,0.0
daily,"('sym', None, 9.0)",26,0.9495252373813093,12,0.0
daily,"('sym', None, 9.0)",26,0.5977011494252874,12,0.0
daily,"('sym', None, 9.0)",26,0.3543228385807096,12,0.0
daily,"('sym', None, 9.0)",26,0.7871064467766117,12,0.0
daily,"('sym', None, 9.0)",26,0.6401799100449775,12,0.0
daily,"('sym', None, 9.0)",26,0.15592203898050974,12,0.0
daily,"('sym', None, 9.0)",26,0.8305847076461769,12,0.0
daily,"('sym', None, 9.0)",26,0.9700149925037481,12,0.0
daily,"('sym', None, 9.0)",26,0.6301849075462269,12,0.0
daily,"('sym', None, 9.0)",26,0.28785607196401797,12,0.0
daily,"('sym', None, 9.0)",26,0.9965017491254373,12,0.0
daily,"('sym', None, 9.0)",26,0.0944527736131934,12,0.0
daily,"('sym', None, 9.0)",26,0.02948525737131434,12,0.0
daily,"('sym', None, 9.0)",26,0.44377811094452774,12,0.0
daily,"('sym', None, 9.0)",26,0.8620689655172413,12,0.0
daily,"('sym', None, 9.0)",26,0.8220889555222389,12,0.0
daily,"('sym', None, 9.0)",26,0.9815092453773113,12,0.0
daily,"('sym', None, 9.0)",26,0.41379310344827586,12,0.0
daily,"('sym', None, 9.0)",26,0.8335832083958021,12,0.0
daily,"('sym', None, 9.0)",26,0.9245377311344328,12,0.0
daily,"('sym', None, 9.0)",26,0.1374312843578211,12,0.0
daily,"('sym', None, 9.0)",26,0.9995002498750625,12,0.0
daily,"('sym', None, 9.0)",26,0.991504247876062,12,0.0
daily,"('sym', None, 9.0)",26,0.2708645677161419,12,0.0
daily,"('sym', None, 9.0)",26,0.8530734632683659,12,0.0
daily,"('sym', None, 9.0)",26,0.22788605697151423,12,0.0
daily,"('sym', None, 9.0)",26,0.4737631184407796,12,0.0
daily,"('sym', None, 9.0)",26,0.9515242378810594,12,0.0
daily,"('sym', None, 9.0)",26,0.19490254872563717,12,0.0
daily,"('sym', None, 9.0)",26,0.5322338830584707,12,0.0
daily,"('sym', None, 9.0)",26,0.9220389805097451,12,0.0
daily,"('sym', None, 9.0)",26,0.8285857071464268,12,0.0
daily,"('sym', None, 9.0)",26,0.4482758620689655,12,0.0
daily,"('sym', None, 9.0)",26,0.9940029985007496,12,0.0
daily,"('sym', None, 9.0)",26,0.3983008495752124,12,0.0
daily,"('sym', None, 9.0)",26,0.8150924537731135,12,0.0
daily,"('sym', None, 9.0)",26,0.9515242378810594,12,0.0
daily,"('sym', None, 9.0)",26,0.7276361819090454,12,0.0
daily,"('sym', None, 9.0)",26,0.7226386806596702,12,0.0
daily,"('sym', None, 9.0)",26,0.14342828585707146,12,0.0
daily,"('sym', None, 9.0)",26,0.49525237381309345,12,0.0
daily,"('sym', None, 9.0)",26,0.7551224387806097,12,0.0
daily,"('sym', None, 9.0)",26,0.4197901049475262,12,0.0
daily,"('sym', None, 9.0)",26,0.5397301349325337,12,0.0
daily,"('sym', None, 9.0)",26,0.37231384307846077,12,0.0
daily,"('sym', None, 9.0)",26,0.35582208895552225,12,0.0
daily,"('sym', None, 9.0)",26,0.7616191904047976,12,0.0
daily,"('sym', None, 9.0)",26,0.3218390804597701,12,0.0
daily,"('sym', None, 9.0)",27,0.3983008495752124,12,0.0
daily,"('sym', None, 9.0)",27,0.9785107446276862,12,0.0
daily,"('sym', None, 9.0)",27,0.8285857071464268,12,0.0
daily,"('sym', None, 9.0)",27,0.05747126436781609,12,0.0
daily,"('sym', None, 9.0)",27,0.20239880059970014,12,0.0
daily,"('sym', None, 9.0)",27,0.7201399300349826,12,0.0
daily,"('sym', None, 9.0)",27,0.3423288355822089,12,0.0
daily,"('sym', None, 9.0)",27,0.04997501249375312,12,0.0
daily,"('sym', None, 9.0)",27,0.8050974512743628,12,0.0
daily,"('sym', None, 9.0)",27,0.32233883058470764,12,0.0
daily,"('sym', None, 9.0)",27,0.591704147926037,12,0.0
daily,"('sym', None, 9.0)",27,0.7211394302848576,12,0.0
daily,"('sym', None, 9.0)",27,0.7896051974012993,12,0.0
daily,"('sym', None, 9.0)",27,0.5707146426786607,12,0.0
daily,"('sym', None, 9.0)",27,0.11544227886056972,12,0.0
daily,"('sym', None, 9.0)",27,0.559720139930035,12,0.0
daily,"('sym', None, 9.0)",27,0.3873063468265867,12,0.0
daily,"('sym', None, 9.0)",27,0.8415792103948025,12,0.0
daily,"('sym', None, 9.0)",27,0.25037481259370314,12,0.0
daily,"('sym', None, 9.0)",27,0.7631184407796102,12,0.0
daily,"('sym', None, 9.0)",27,0.32983508245877063,12,0.0
daily,"('sym', None, 9.0)",27,0.7791104447776112,12,0.0
daily,"('sym', None, 9.0)",27,0.8930534732633684,12,0.0
daily,"('sym', None, 9.0)",27,0.30484757621189407,12,0.0
daily,"('sym', None, 9.0)",27,0.2098950524737631,12,0.0
daily,"('sym', None, 9.0)",27,0.8125937031484258,12,0.0
daily,"('sym', None, 9.0)",27,0.8490754622688655,12,0.0
daily,"('sym', None, 9.0)",27,0.12893553223388307,12,0.0
daily,"('sym', None, 9.0)",27,0.431784107946027,12,0.0
daily,"('sym', None, 9.0)",27,0.7996001999000499,12,0.0
daily,"('sym', None, 9.0)",27,0.255872063968016,12,0.0
daily,"('sym', None, 9.0)",27,0.7011494252873564,12,0.0
daily,"('sym', None, 9.0)",27,0.6826586706646677,12,0.0
daily,"('sym', None, 9.0)",27,0.2818590704647676,12,0.0
daily,"('sym', None, 9.0)",27,0.9720139930034982,12,0.0
daily,"('sym', None, 9.0)",27,0.84007996001999,12,0.0
daily,"('sym', None, 9.0)",27,0.9635182408795602,12,0.0
daily,"('sym', None, 9.0)",27,0.6536731634182908,12,0.0
daily,"('sym', None, 9.0)",27,0.68015992003998,12,0.0
daily,"('sym', None, 9.0)",27,0.9430284857571214,12,0.0
daily,"('sym', None, 9.0)",27,0.17641179410294852,12,0.0
daily,"('sym', None, 9.0)",27,0.2613693153423288,12,0.0
daily,"('sym', None, 9.0)",27,0.034482758620689655,12,0.0
daily,"('sym', None, 9.0)",27,0.6681659170414792,12,0.0
daily,"('sym', None, 9.0)",27,0.28335832083958024,12,0.0
daily,"('sym', None, 9.0)",27,0.8685657171414293,12,0.0
daily,"('sym', None, 9.0)",27,0.04047976011994003,12,0.0
daily,"('sym', None, 9.0)",27,0.904047976011994,12,0.0
daily,"('sym', None, 9.0)",27,0.6816591704147926,12,0.0
daily,"('sym', None, 9.0)",27,0.7101449275362319,12,0.0
daily,"('sym', None, 9.0)",27,0.6616691654172914,12,0.0
daily,"('sym', None, 9.0)",27,0.20039980009995004,12,0.0
daily,"('sym', None, 9.0)",27,0.5802098950524738,12,0.0
daily,"('sym', None, 9.0)",27,0.24437781109445278,12,0.0
daily,"('sym', None, 9.0)",27,0.8060969515242379,12,0.0
daily,"('sym', None, 9.0)",27,0.28835582208895555,12,0.0
daily,"('sym', None, 9.0)",27,0.7321339330334833,12,0.0
daily,"('sym', None, 9.0)",27,0.8195902048975512,12,0.0
daily,"('sym', None, 9.0)",27,0.1934032983508246,12,0.0
daily,"('sym', None, 9.0)",27,0.719640179910045,12,0.0
daily,"('sym', None, 9.0)",27,0.9465267366316842,12,0.0
daily,"('sym', None, 9.0)",27,0.4367816091954023,12,0.0
daily,"('sym', None, 9.0)",27,0.19890054972513743,12,0.0
daily,"('sym', None, 9.0)",27,0.31084457771114443,12,0.0
daily,"('sym', None, 9.0)",27,0.46526736631684157,12,0.0
daily,"('sym', None, 9.0)",27,0.1664167916041979,12,0.0
daily,"('sym', None, 9.0)",27,0.7306346826586707,12,0.0
daily,"('sym', None, 9.0)",27,0.14992503748125938,12,0.0
daily,"('sym', None, 9.0)",27,0.9280359820089955,12,0.0
daily,"('sym', None, 9.0)",27,0.006496751624187906,12,0.0
daily,"('sym', None, 9.0)",27,0.7871064467766117,12,0.0
daily,"('sym', None, 9.0)",27,0.6976511744127936,12,0.0
daily,"('sym', None, 9.0)",27,0.7026486756621689,12,0.0
daily,"('sym', None, 9.0)",27,0.0029985007496251873,12,0.0
daily,"('sym', None, 9.0)",27,0.17391304347826086,12,0.0
daily,"('sym', None, 9.0)",27,0.013993003498250875,12,0.0
daily,"('sym', None, 9.0)",27,0.34832583708145926,12,0.0
daily,"('sym', None, 9.0)",27,0.8145927036481759,12,0.0
daily,"('sym', None, 9.0)",27,0.0879560219890055,12,0.0
daily,"('sym', None, 9.0)",27,0.4732633683158421,12,0.0
daily,"('sym', None, 9.0)",27,0.33233383308345826,12,0.0
daily,"('sym', None, 9.0)",27,0.9630184907546226,12,0.0
daily,"('sym', None, 9.0)",27,0.21139430284857572,12,0.0
daily,"('sym', None, 9.0)",27,0.5582208895552224,12,0.0
daily,"('sym', None, 9.0)",27,0.5307346326836582,12,0.0
daily,"('sym', None, 9.0)",27,0.9940029985007496,12,0.0
daily,"('sym', None, 9.0)",27,0.9305347326336831,12,0.0
daily,"('sym', None, 9.0)",27,0.04247876061969016,12,0.0
daily,"('sym', None, 9.0)",27,0.7706146926536732,12,0.0
daily,"('sym', None, 9.0)",27,0.08545727136431784,12,0.0
daily,"('sym', None, 9.0)",27,0.6341829085457271,12,0.0
daily,"('sym', None, 9.0)",27,0.8350824587706147,12,0.0
daily,"('sym', None, 9.0)",27,0.04547726136931534,12,0.0
daily,"('sym', None, 9.0)",27,0.2063968015992004,12,0.0
daily,"('sym', None, 9.0)",27,0.136431784107946,12,0.0
daily,"('sym', None, 9.0)",27,0.01649175412293853,12,0.0
daily,"('sym', None, 9.0)",27,0.5297351324337831,12,0.0
daily,"('sym', None, 9.0)",27,0.7981009495252374,12,0.0
daily,"('sym', None, 9.0)",27,0.14942528735632185,12,0.0
daily,"('sym', None, 9.0)",27,0.4767616191904048,12,0.0
daily,"('sym', None, 9.0)",28,0.5497251374312844,12,0.0
daily,"('sym', None, 9.0)",28,0.7461269365317341,12,0.0
daily,"('sym', None, 9.0)",28,0.5747126436781609,12,0.0
daily,"('sym', None, 9.0)",28,0.030484757621189407,12,0.0
daily,"('sym', None, 9.0)",28,0.9750124937531235,12,0.0
daily,"('sym', None, 9.0)",28,0.12293853073463268,12,0.0
daily,"('sym', None, 9.0)",28,0.6516741629185407,12,0.0
daily,"('sym', None, 9.0)",28,0.2413793103448276,12,0.0
daily,"('sym', None, 9.0)",28,0.24587706146926536,12,0.0
daily,"('sym', None, 9.0)",28,0.7466266866566716,12,0.0
daily,"('sym', None, 9.0)",28,0.009495252373813094,12,0.0
daily,"('sym', None, 9.0)",28,0.09545227386306847,12,0.0
daily,"('sym', None, 9.0)",28,0.9335332333833083,12,0.0
daily,"('sym', None, 9.0)",28,0.5962018990504747,12,0.0
daily,"('sym', None, 9.0)",28,0.0029985007496251873,12,0.0
daily,"('sym', None, 9.0)",28,0.36031984007996004,12,0.0
daily,"('sym', None, 9.0)",28,0.11644177911044477,12,0.0
daily,"('sym', None, 9.0)",28,0.7336331834082959,12,0.0
daily,"('sym', None, 9.0)",28,0.24887556221889057,12,0.0
daily,"('sym', None, 9.0)",28,0.20239880059970014,12,0.0
daily,"('sym', None, 9.0)",28,0.3378310844577711,12,0.0
daily,"('sym', None, 9.0)",28,0.4312843578210895,12,0.0
daily,"('sym', None, 9.0)",28,0.5252373813093453,12,0.0
daily,"('sym', None, 9.0)",28,0.8085957021489255,12,0.0
daily,"('sym', None, 9.0)",28,0.6906546726636682,12,0.0
daily,"('sym', None, 9.0)",28,0.15942028985507245,12,0.0
daily,"('sym', None, 9.0)",28,0.4107946026986507,12,0.0
daily,"('sym', None, 9.0)",28,0.9510244877561219,12,0.0
daily,"('sym', None, 9.0)",28,0.9760119940029985,12,0.0
daily,"('sym', None, 9.0)",28,0.23888055972013994,12,0.0
daily,"('sym', None, 9.0)",28,0.36531734132933535,12,0.0
daily,"('sym', None, 9.0)",28,0.13893053473263367,12,0.0
daily,"('sym', None, 9.0)",28,0.9185407296351824,12,0.0
daily,"('sym', None, 9.0)",28,0.22988505747126436,12,0.0
daily,"('sym', None, 9.0)",28,0.6761619190404797,12,0.0
daily,"('sym', None, 9.0)",28,0.6711644177911045,12,0.0
daily,"('sym', None, 9.0)",28,0.1184407796101949,12,0.0
daily,"('sym', None, 9.0)",28,0.9420289855072463,12,0.0
daily,"('sym', None, 9.0)",28,0.7086456771614192,12,0.0
daily,"('sym', None, 9.0)",28,0.9535232383808095,12,0.0
daily,"('sym', None, 9.0)",28,0.7221389305347327,12,0.0
daily,"('sym', None, 9.0)",28,0.2733633183408296,12,0.0
daily,"('sym', None, 9.0)",28,0.8065967016491754,12,0.0
daily,"('sym', None, 9.0)",28,0.4057971014492754,12,0.0
daily,"('sym', None, 9.0)",28,0.7326336831584208,12,0.0
daily,"('sym', None, 9.0)",28,0.4007996001999001,12,0.0
daily,"('sym', None, 9.0)",28,0.3023488255872064,12,0.0
daily,"('sym', None, 9.0)",28,0.5472263868065967,12,0.0
daily,"('sym', None, 9.0)",28,0.6736631684157921,12,0.0
daily,"('sym', None, 9.0)",28,0.8590704647676162,12,0.0
daily,"('sym', None, 9.0)",28,0.7471264367816092,12,0.0
daily,"('sym', None, 9.0)",28,0.4847576211894053,12,0.0
daily,"('sym', None, 9.0)",28,0.6596701649175413,12,0.0
daily,"('sym', None, 9.0)",28,0.841079460269865,12,0.0
daily,"('sym', None, 9.0)",28,0.4912543728135932,12,0.0
daily,"('sym', None, 9.0)",28,0.5982008995502249,12,0.0
daily,"('sym', None, 9.0)",28,0.2588705647176412,12,0.0
daily,"('sym', None, 9.0)",28,0.7026486756621689,12,0.0
daily,"('sym', None, 9.0)",28,0.47876061969015493,12,0.0
daily,"('sym', None, 9.0)",28,0.47976011994003,12,0.0
daily,"('sym', None, 9.0)",28,0.5312343828085957,12,0.0
daily,"('sym', None, 9.0)",28,0.7001499250374813,12,0.0
daily,"('sym', None, 9.0)",28,0.8935532233883059,12,0.0
daily,"('sym', None, 9.0)",28,0.5817091454272864,12,0.0
daily,"('sym', None, 9.0)",28,0.6186906546726637,12,0.0
daily,"('sym', None, 9.0)",28,0.9445277361319341,12,0.0
daily,"('sym', None, 9.0)",28,0.5047476261869065,12,0.0
daily,"('sym', None, 9.0)",28,0.3523238380809595,12,0.0
daily,"('sym', None, 9.0)",28,0.45577211394302847,12,0.0
daily,"('sym', None, 9.0)",28,0.01199400299850075,12,0.0
daily,"('sym', None, 9.0)",28,0.004997501249375313,12,0.0
daily,"('sym', None, 9.0)",28,0.6671664167916042,12,0.0
daily,"('sym', None, 9.0)",28,0.31384307846076964,12,0.0
daily,"('sym', None, 9.0)",28,0.8570714642678661,12,0.0
daily,"('sym', None, 9.0)",28,0.8770614692653673,12,0.0
daily,"('sym', None, 9.0)",28,0.5632183908045977,12,0.0
daily,"('sym', None, 9.0)",28,0.6371814092953523,12,0.0
daily,"('sym', None, 9.0)",28,0.992503748125937,12,0.0
daily,"('sym', None, 9.0)",28,0.23738130934532733,12,0.0
daily,"('sym', None, 9.0)",28,0.5727136431784108,12,0.0
daily,"('sym', None, 9.0)",28,0.05297351324337831,12,0.0
daily,"('sym', None, 9.0)",28,0.712143928035982,12,0.0
daily,"('sym', None, 9.0)",28,0.9390304847576212,12,0.0
daily,"('sym', None, 9.0)",28,0.679160419790105,12,0.0
daily,"('sym', None, 9.0)",28,0.8735632183908046,12,0.0
daily,"('sym', None, 9.0)",28,0.11494252873563218,12,0.0
daily,"('sym', None, 9.0)",28,0.12193903048475763,12,0.0
daily,"('sym', None, 9.0)",28,0.7166416791604198,12,0.0
daily,"('sym', None, 9.0)",28,0.9000499750124937,12,0.0
daily,"('sym', None, 9.0)",28,0.9785107446276862,12,0.0
daily,"('sym', None, 9.0)",28,0.4362818590704648,12,0.0
daily,"('sym', None, 9.0)",28,0.3748125937031484,12,0.0
daily,"('sym', None, 9.0)",28,0.23488255872063968,12,0.0
daily,"('sym', None, 9.0)",28,0.3598200899550225,12,0.0
daily,"('sym', None, 9.0)",28,0.15942028985507245,12,0.0
daily,"('sym', None, 9.0)",28,0.2593703148425787,12,0.0
daily,"('sym', None, 9.0)",28,0.6921539230384808,12,0.0
daily,"('sym', None, 9.0)",28,0.06796601699150424,12,0.0
daily,"('sym', None, 9.0)",28,0.3268365817091454,12,0.0
daily,"('sym', None, 9.0)",28,0.28385807096451776,12,0.0
daily,"('sym', None, 9.0)",29,0.0009995002498750624,12,0.0
daily,"('sym', None, 9.0)",29,0.09095452273863068,12,0.0
daily,"('sym', None, 9.0)",29,0.40679660169915044,12,0.0
daily,"('sym', None, 9.0)",29,0.4007996001999001,12,0.0
daily,"('sym', None, 9.0)",29,0.4802598700649675,12,0.0
daily,"('sym', None, 9.0)",29,0.034482758620689655,12,0.0
daily,"('sym', None, 9.0)",29,0.13693153423288357,12,0.0
daily,"('sym', None, 9.0)",29,0.21739130434782608,12,0.0
daily,"('sym', None, 9.0)",29,0.3458270864567716,12,0.0
daily,"('sym', None, 9.0)",29,0.11344327836081959,12,0.0
daily,"('sym', None, 9.0)",29,0.9960019990004998,12,0.0
daily,"('sym', None, 9.0)",29,0.6926536731634183,12,0.0
daily,"('sym', None, 9.0)",29,0.9805097451274363,12,0.0
daily,"('sym', None, 9.0)",29,0.4107946026986507,12,0.0
daily,"('sym', None, 9.0)",29,0.5462268865567217,12,0.0
daily,"('sym', None, 9.0)",29,0.2413793103448276,12,0.0
daily,"('sym', None, 9.0)",29,0.912543728135932,12,0.0
daily,"('sym', None, 9.0)",29,0.6291854072963519,12,0.0
daily,"('sym', None, 9.0)",29,0.3238380809595202,12,0.0
daily,"('sym', None, 9.0)",29,0.6606696651674163,12,0.0
daily,"('sym', None, 9.0)",29,0.9565217391304348,12,0.0
daily,"('sym', None, 9.0)",29,0.42628685657171417,12,0.0
daily,"('sym', None, 9.0)",29,0.0024987506246876563,12,0.0
daily,"('sym', None, 9.0)",29,0.4107946026986507,12,0.0
daily,"('sym', None, 9.0)",29,0.47626186906546725,12,0.0
daily,"('sym', None, 9.0)",29,0.24587706146926536,12,0.0
daily,"('sym', None, 9.0)",29,0.30684657671164417,12,0.0
daily,"('sym', None, 9.0)",29,0.5962018990504747,12,0.0
daily,"('sym', None, 9.0)",29,0.8655672163918041,12,0.0
daily,"('sym', None, 9.0)",29,0.7126436781609196,12,0.0
daily,"('sym', None, 9.0)",29,0.7916041979010495,12,0.0
daily,"('sym', None, 9.0)",29,0.5967016491754122,12,0.0
daily,"('sym', None, 9.0)",29,0.56071964017991,12,0.0
daily,"('sym', None, 9.0)",29,0.22688655672163918,12,0.0
daily,"('sym', None, 9.0)",29,0.6781609195402298,12,0.0
daily,"('sym', None, 9.0)",29,0.7021489255372314,12,0.0
daily,"('sym', None, 9.0)",29,0.2478760619690155,12,0.0
daily,"('sym', None, 9.0)",29,0.6326836581709145,12,0.0
daily,"('sym', None, 9.0)",29,0.049475262368815595,12,0.0
daily,"('sym', None, 9.0)",29,0.24187906046976512,12,0.0
daily,"('sym', None, 9.0)",29,0.8390804597701149,12,0.0
daily,"('sym', None, 9.0)",29,0.4382808595702149,12,0.0
daily,"('sym', None, 9.0)",29,0.44227886056971516,12,0.0
daily,"('sym', None, 9.0)",29,0.8270864567716142,12,0.0
daily,"('sym', None, 9.0)",29,0.13843078460769614,12,0.0
daily,"('sym', None, 9.0)",29,0.5352323838080959,12,0.0
daily,"('sym', None, 9.0)",29,0.07146426786606697,12,0.0
daily,"('sym', None, 9.0)",29,0.9880059970014993,12,0.0
daily,"('sym', None, 9.0)",29,0.5657171414292853,12,0.0
daily,"('sym', None, 9.0)",29,0.09745127436281859,12,0.0
daily,"('sym', None, 9.0)",29,0.5957021489255372,12,0.0
daily,"('sym', None, 9.0)",29,0.8065967016491754,12,0.0
daily,"('sym', None, 9.0)",29,0.935032483758121,12,0.0
daily,"('sym', None, 9.0)",29,0.22438780609695153,12,0.0
daily,"('sym', None, 9.0)",29,0.5227386306846576,12,0.0
daily,"('sym', None, 9.0)",29,0.12243878060969515,12,0.0
daily,"('sym', None, 9.0)",29,0.5142428785607196,12,0.0
daily,"('sym', None, 9.0)",29,0.9910044977511244,12,0.0
daily,"('sym', None, 9.0)",29,0.5362318840579711,12,0.0
daily,"('sym', None, 9.0)",29,0.711144427786107,12,0.0
daily,"('sym', None, 9.0)",29,0.7596201899050474,12,0.0
daily,"('sym', None, 9.0)",29,0.704647676161919,12,0.0
daily,"('sym', None, 9.0)",29,0.2908545727136432,12,0.0
daily,"('sym', None, 9.0)",29,0.7731134432783608,12,0.0
daily,"('sym', None, 9.0)",29,0.553223388305847,12,0.0
daily,"('sym', None, 9.0)",29,0.7176411794102948,12,0.0
daily,"('sym', None, 9.0)",29,0.017991004497751123,12,0.0
daily,"('sym', None, 9.0)",29,0.42478760619690153,12,0.0
daily,"('sym', None, 9.0)",29,0.9720139930034982,12,0.0
daily,"('sym', None, 9.0)",29,0.05147426286856572,12,0.0
daily,"('sym', None, 9.0)",29,0.9795102448775612,12,0.0
daily,"('sym', None, 9.0)",29,0.0384807596201899,12,0.0
daily,"('sym', None, 9.0)",29,0.56071964017991,12,0.0
daily,"('sym', None, 9.0)",29,0.7731134432783608,12,0.0
daily,"('sym', None, 9.0)",29,0.8310844577711144,12,0.0
daily,"('sym', None, 9.0)",29,0.6131934032983508,12,0.0
daily,"('sym', None, 9.0)",29,0.3168415792103948,12,0.0
daily,"('sym', None, 9.0)",29,0.23788105947026486,12,0.0
daily,"('sym', None, 9.0)",29,0.2773613193403298,12,0.0
daily,"('sym', None, 9.0)",29,0.7361319340329835,12,0.0
daily,"('sym', None, 9.0)",29,0.9750124937531235,12,0.0
daily,"('sym', None, 9.0)",29,0.9875062468765617,12,0.0
daily,"('sym', None, 9.0)",29,0.495752123938031,12,0.0
daily,"('sym', None, 9.0)",29,0.8700649675162418,12,0.0
daily,"('sym', None, 9.0)",29,0.7386306846576711,12,0.0
daily,"('sym', None, 9.0)",29,0.7231384307846077,12,0.0
daily,"('sym', None, 9.0)",29,0.5082458770614693,12,0.0
daily,"('sym', None, 9.0)",29,0.8655672163918041,12,0.0
daily,"('sym', None, 9.0)",29,0.999000499750125,12,0.0
daily,"('sym', None, 9.0)",29,0.4332833583208396,12,0.0
daily,"('sym', None, 9.0)",29,0.895552223888056,12,0.0
daily,"('sym', None, 9.0)",29,0.4767616191904048,12,0.0
daily,"('sym', None, 9.0)",29,0.824087956021989,12,0.0
daily,"('sym', None, 9.0)",29,0.6456771614192903,12,0.0
daily,"('sym', None, 9.0)",29,0.10594702648675662,12,0.0
daily,"('sym', None, 9.0)",29,0.6281859070464768,12,0.0
daily,"('sym', None, 9.0)",29,0.7261369315342329,12,0.0
daily,"('sym', None, 9.0)",29,0.7231384307846077,12,0.0
daily,"('sym', None, 9.0)",29,0.4947526236881559,12,0.0
daily,"('sym', None, 9.0)",29,0.4027986006996502,12,0.0
