design,c,rep,p_sym,p_skew
two_day,0.5,0,0.5227386306846576,0.09845077461269365
two_day,0.5,0,0.3873063468265867,0.0879560219890055
two_day,0.5,0,0.05347326336831584,0.3008495752123938
two_day,0.5,0,0.8360819590204898,0.21139430284857572
two_day,0.5,0,0.6746626686656672,0.776111944027986
two_day,0.5,0,0.0024987506246876563,0.9295352323838081
two_day,0.5,0,0.6101949025487257,0.7091454272863568
two_day,0.5,0,0.4407796101949025,0.34132933533233384
two_day,0.5,0,0.6646676661669165,0.30334832583708143
two_day,0.5,0,0.8270864567716142,0.392303848075962
two_day,0.5,0,0.004497751124437781,0.011494252873563218
two_day,0.5,0,0.34782608695652173,0.7386306846576711
two_day,0.5,0,0.5837081459270365,0.4257871064467766
two_day,0.5,0,0.37031484257871067,0.7501249375312344
two_day,0.5,0,0.38630684657671166,0.712143928035982
two_day,0.5,0,0.9740129935032483,0.1794102948525737
two_day,0.5,0,0.4927536231884058,0.49725137431284355
two_day,0.5,0,0.6746626686656672,0.49075462268865566
two_day,0.5,0,0.44877561219390305,0.9345327336331835
two_day,0.5,0,0.9020489755122438,0.14842578710644677
two_day,0.5,0,0.8360819590204898,0.17341329335332334
two_day,0.5,0,0.04097951024487756,0.047976011994003
two_day,0.5,0,0.6481759120439781,0.9015492253873063
two_day,0.5,0,0.6141929035482259,0.6956521739130435
two_day,0.5,0,0.6351824087956022,0.6516741629185407
two_day,0.5,0,0.9000499750124937,0.16241879060469766
two_day,0.5,0,0.07146426786606697,0.6351824087956022
two_day,0.5,0,0.14292853573213393,0.3938030984507746
two_day,0.5,0,0.7261369315342329,0.3663168415792104
two_day,0.5,0,0.44227886056971516,0.25037481259370314
two_day,0.5,0,0.08545727136431784,0.19640179910044978
two_day,0.5,0,0.2128935532233883,1.0
two_day,0.5,0,0.7526236881559221,0.06196901549225387
two_day,0.5,0,0.9155422288855573,0.021989005497251374
two_day,0.5,0,0.43928035982008995,0.12443778110944528
two_day,0.5,0,0.863568215892054,0.4782608695652174
two_day,0.5,0,0.05347326336831584,0.5877061469265368
two_day,0.5,0,0.14492753623188406,0.3238380809595202
two_day,0.5,0,0.2783608195902049,0.21639180409795103
two_day,0.5,0,0.29035482258870565,0.9400299850074962
two_day,0.5,0,0.8980509745127436,0.5582208895552224
two_day,0.5,0,0.6541729135432284,0.8075962018990505
two_day,0.5,0,0.8220889555222389,0.9940029985007496
two_day,0.5,0,0.6476761619190404,0.3213393303348326
two_day,0.5,0,0.14292853573213393,0.08695652173913043
two_day,0.5,0,0.15542228885557222,0.7481259370314842
two_day,0.5,0,0.23388305847076463,0.7131434282858571
two_day,0.5,0,0.4662668665667166,0.526736631684158
two_day,0.5,0,0.3403298350824588,0.42128935532233885
two_day,0.5,0,0.36031984007996004,0.823088455772114
two_day,0.5,0,0.015492253873063468,0.4942528735632184
two_day,0.5,0,0.991504247876062,0.5527236381809095
two_day,0.5,0,0.5797101449275363,0.5767116441779111
two_day,0.5,0,0.351824087956022,0.09045477261369315
two_day,0.5,0,0.328335832083958,0.3278360819590205
two_day,0.5,0,0.46776611694152925,0.014992503748125937
two_day,0.5,0,0.5217391304347826,0.2098950524737631
two_day,0.5,0,0.07496251874062969,0.04047976011994003
two_day,0.5,0,0.5662168915542228,0.3008495752123938
two_day,0.5,0,0.4622688655672164,0.8515742128935532
two_day,0.5,0,0.46926536731634183,0.32033983008495753
two_day,0.5,0,0.4827586206896552,0.9975012493753124
two_day,0.5,0,0.12743628185907047,0.6551724137931034
two_day,0.5,0,0.10994502748625687,0.47426286856571714
two_day,0.5,0,0.6496751624187906,0.6261869065467266
two_day,0.5,0,0.9660169915042479,0.6751624187906047
two_day,0.5,0,0.27386306846576713,0.7581209395302348
two_day,0.5,0,0.16841579210394803,0.8245877061469266
two_day,0.5,0,0.6476761619190404,0.017491254372813594
two_day,0.5,0,0.5592203898050975,0.18290854572713644
two_day,0.5,0,0.7596201899050474,0.5102448775612194
two_day,0.5,0,0.9660169915042479,0.7711144427786107
two_day,0.5,0,0.2013993003498251,0.05547226386806597
two_day,0.5,0,0.8605697151424287,0.095952023988006
two_day,0.5,0,0.952023988005997,0.9265367316341829
two_day,0.5,0,0.9525237381309345,0.7266366816591704
two_day,0.5,0,0.5657171414292853,0.8555722138930535
two_day,0.5,0,0.5592203898050975,0.6181909045477262
two_day,0.5,0,0.11394302848575712,0.9630184907546226
two_day,0.5,0,0.06296851574212893,0.0014992503748125937
two_day,0.5,0,0.5542228885557221,0.22438780609695153
two_day,0.5,0,0.03548225887056472,0.8285857071464268
two_day,0.5,0,0.3823088455772114,0.7276361819090454
two_day,0.5,0,0.9800099950024987,0.33483258370814595
two_day,0.5,0,0.34782608695652173,0.14192903548225888
two_day,0.5,0,0.656671664167916,0.9640179910044977
two_day,0.5,0,0.568215892053973,0.07496251874062969
two_day,0.5,0,0.456271864067966,0.16891554222888555
two_day,0.5,0,0.3148425787106447,0.7766116941529235
two_day,0.5,0,0.9380309845077461,0.47126436781609193
two_day,0.5,0,0.0399800099950025,0.344327836081959
two_day,0.5,0,0.7451274362818591,0.43928035982008995
two_day,0.5,0,0.4142928535732134,0.16091954022988506
two_day,0.5,0,0.7206396801599201,0.46926536731634183
two_day,0.5,0,0.8085957021489255,0.7346326836581709
two_day,0.5,0,0.05997001499250375,0.23738130934532733
two_day,0.5,0,0.033483258370814596,0.9160419790104948
two_day,0.5,0,0.6531734132933533,0.10394802598700649
two_day,0.5,0,0.8355822088955522,0.05647176411794103
two_day,0.5,0,0.9615192403798101,0.6511744127936032
two_day,0.5,0,0.5707146426786607,0.18340829585207397
two_day,0.5,0,0.9930034982508745,0.92103948025987
two_day,0.5,0,0.08695652173913043,0.624687656171914
two_day,0.5,0,0.9235382308845578,0.42028985507246375
two_day,0.5,0,0.9130434782608695,0.335832083958021
two_day,0.5,0,0.750624687656172,0.1294352823588206
two_day,0.5,0,0.9055472263868066,0.4362818590704648
two_day,0.5,0,0.04247876061969016,0.15092453773113443
two_day,0.5,0,0.02798600699650175,0.026486756621689155
two_day,0.5,0,0.8605697151424287,0.44127936031984005
two_day,0.5,0,0.11744127936031984,0.24037981009495252
two_day,0.5,0,0.9725137431284357,0.9690154922538731
two_day,0.5,0,0.7781109445277361,0.9105447276361819
two_day,0.5,0,0.8980509745127436,0.1809095452273863
two_day,0.5,0,0.10394802598700649,0.3288355822088955
two_day,0.5,0,0.4027986006996502,0.8670664667666167
two_day,0.5,0,0.6981509245377311,0.5387306346826587
two_day,0.5,0,0.7521239380309845,0.1409295352323838
two_day,0.5,0,0.8040979510244878,0.22788605697151423
two_day,0.5,0,0.248375812093953,0.9720139930034982
two_day,0.5,1,0.9435282358820589,0.6376811594202898
two_day,0.5,1,0.33383308345827084,0.16391804097951024
two_day,0.5,1,0.9570214892553723,0.8765617191404298
two_day,0.5,1,0.2518740629685157,0.5187406296851574
two_day,0.5,1,0.8085957021489255,0.9540229885057471
two_day,0.5,1,0.3403298350824588,0.2048975512243878
two_day,0.5,1,0.638680659670165,0.544727636181909
two_day,0.5,1,0.9655172413793104,0.9440279860069966
two_day,0.5,1,0.1374312843578211,0.3888055972013993
two_day,0.5,1,0.6876561719140429,0.9100449775112444
two_day,0.5,1,0.8285857071464268,0.43928035982008995
two_day,0.5,1,0.20189905047476261,0.31984007996002
two_day,0.5,1,0.6601699150424788,0.45577211394302847
two_day,0.5,1,0.9665167416291854,0.617191404297851
two_day,0.5,1,0.19490254872563717,0.6781609195402298
two_day,0.5,1,0.8570714642678661,0.3583208395802099
two_day,0.5,1,0.63968015992004,0.5552223888055972
two_day,0.5,1,0.13543228385807096,0.6626686656671664
two_day,0.5,1,0.239880059970015,0.3638180909545227
two_day,0.5,1,0.05897051474262868,0.8820589705147426
two_day,0.5,1,0.272863568215892,0.08995502248875563
two_day,0.5,1,0.9035482258870565,0.6186906546726637
two_day,0.5,1,0.968015992003998,0.8555722138930535
two_day,0.5,1,0.3968015992003998,0.4007996001999001
two_day,0.5,1,0.09645177411294353,0.16491754122938532
two_day,0.5,1,0.41379310344827586,0.328335832083958
two_day,0.5,1,0.3888055972013993,0.6731634182908546
two_day,0.5,1,0.7606196901549226,0.26636681659170414
two_day,0.5,1,0.4912543728135932,0.7081459270364817
two_day,0.5,1,0.9390304847576212,0.8535732133933034
two_day,0.5,1,0.5112443778110944,0.17691154422788605
two_day,0.5,1,0.29685157421289354,0.3793103448275862
two_day,0.5,1,0.13793103448275862,0.3563218390804598
two_day,0.5,1,0.9940029985007496,0.5017491254372813
two_day,0.5,1,0.6856571714142928,0.3543228385807096
two_day,0.5,1,0.07946026986506746,0.04297851074462768
two_day,0.5,1,0.09195402298850575,0.4752623688155922
two_day,0.5,1,0.7416291854072964,0.4577711144427786
two_day,0.5,1,0.6141929035482259,0.1794102948525737
two_day,0.5,1,0.35282358820589704,0.23488255872063968
two_day,0.5,1,0.3748125937031484,0.7401299350324838
two_day,0.5,1,0.07646176911544228,0.0024987506246876563
two_day,0.5,1,0.8990504747626187,0.6141929035482259
two_day,0.5,1,0.9880059970014993,0.2913543228385807
two_day,0.5,1,0.13343328335832083,0.12443778110944528
two_day,0.5,1,0.24687656171914044,0.025487256371814093
two_day,0.5,1,0.18940529735132433,0.2893553223388306
two_day,0.5,1,0.8780609695152424,0.8180909545227386
two_day,0.5,1,0.9185407296351824,0.5627186406796602
two_day,0.5,1,0.22038980509745126,0.9465267366316842
two_day,0.5,1,0.5662168915542228,0.496751624187906
two_day,0.5,1,0.4572713643178411,0.5122438780609695
two_day,0.5,1,0.862568715642179,0.5632183908045977
two_day,0.5,1,0.45327336331834084,0.408295852073963
two_day,0.5,1,0.22038980509745126,0.10944527736131934
two_day,0.5,1,0.8335832083958021,0.9395302348825587
two_day,0.5,1,0.8960519740129935,0.7191404297851074
two_day,0.5,1,0.7351324337831084,0.8300849575212393
two_day,0.5,1,0.14192903548225888,0.2368815592203898
two_day,0.5,1,0.9070464767616192,0.49325337331334335
two_day,0.5,1,0.2178910544727636,0.6151924037981009
two_day,0.5,1,0.4222888555722139,0.9620189905047476
two_day,0.5,1,0.3233383308345827,0.3823088455772114
two_day,0.5,1,0.5077461269365318,0.7031484257871065
two_day,0.5,1,0.40929535232383807,0.12743628185907047
two_day,0.5,1,0.5847076461769115,0.7791104447776112
two_day,0.5,1,0.6606696651674163,0.4577711144427786
two_day,0.5,1,0.9390304847576212,0.6796601699150425
two_day,0.5,1,0.13843078460769614,0.3733133433283358
two_day,0.5,1,0.044977511244377814,0.25487256371814093
two_day,0.5,1,0.00849575212393803,0.029985007496251874
two_day,0.5,1,0.9090454772613693,0.9055472263868066
two_day,0.5,1,0.3778110944527736,0.5827086456771614
two_day,0.5,1,0.08895552223888056,0.07296351824087956
two_day,0.5,1,0.009495252373813094,0.019490254872563718
two_day,0.5,1,0.8780609695152424,0.5632183908045977
two_day,0.5,1,0.6936531734132934,0.7861069465267366
two_day,0.5,1,0.34332833583208394,0.92103948025987
two_day,0.5,1,0.391304347826087,0.39280359820089955
two_day,0.5,1,0.22638680659670166,0.5572213893053474
two_day,0.5,1,0.4592703648175912,0.8305847076461769
two_day,0.5,1,0.9015492253873063,0.08095952023988005
two_day,0.5,1,0.21739130434782608,0.3023488255872064
two_day,0.5,1,0.9090454772613693,0.8730634682658671
two_day,0.5,1,0.23738130934532733,0.712143928035982
two_day,0.5,1,0.35132433783108447,0.5922038980509745
two_day,0.5,1,0.3523238380809595,0.21689155422288856
two_day,0.5,1,0.8435782108945528,0.4862568715642179
two_day,0.5,1,0.3488255872063968,0.5387306346826587
two_day,0.5,1,0.736631684157921,0.9395302348825587
two_day,0.5,1,0.8030984507746127,0.8740629685157422
two_day,0.5,1,0.4207896051974013,0.5622188905547226
two_day,0.5,1,0.21389305347326337,0.2048975512243878
two_day,0.5,1,0.13543228385807096,0.3003498250874563
two_day,0.5,1,0.6826586706646677,0.894552723638181
two_day,0.5,1,0.8590704647676162,0.9785107446276862
two_day,0.5,1,0.3888055972013993,0.1664167916041979
two_day,0.5,1,0.9165417291354323,0.4542728635682159
two_day,0.5,1,0.03548225887056472,0.09745127436281859
two_day,0.5,1,0.9565217391304348,0.6141929035482259
two_day,0.5,1,0.3938030984507746,0.23738130934532733
two_day,0.5,1,0.5677161419290355,0.8055972013993004
two_day,0.5,1,0.68015992003998,0.9330334832583708
two_day,0.5,1,0.5097451274362819,0.568215892053973
two_day,0.5,1,0.463768115942029,0.21189405297351324
two_day,0.5,1,0.09395302348825588,0.1199400299850075
two_day,0.5,1,0.696151924037981,0.5322338830584707
two_day,0.5,1,0.07096451774112944,0.15942028985507245
two_day,0.5,1,0.7536231884057971,0.8435782108945528
two_day,0.5,1,0.824087956021989,0.36681659170414793
two_day,0.5,1,0.5132433783108445,0.6546726636681659
two_day,0.5,1,0.9395302348825587,0.6301849075462269
two_day,0.5,1,0.800599700149925,0.9465267366316842
two_day,0.5,1,0.5287356321839081,0.4567716141929036
two_day,0.5,1,0.9170414792603698,0.567216391804098
two_day,0.5,1,0.1469265367316342,0.18790604697651175
two_day,0.5,1,0.6521739130434783,0.8735632183908046
two_day,0.5,1,0.20839580209895053,0.9080459770114943
two_day,0.5,1,0.616191904047976,0.328335832083958
two_day,0.5,1,0.3698150924537731,0.11894052973513243
two_day,0.5,2,0.8415792103948025,0.9410294852573713
two_day,0.5,2,0.019490254872563718,0.41379310344827586
two_day,0.5,2,0.2098950524737631,0.17991004497751126
two_day,0.5,2,0.4397801099450275,0.9105447276361819
two_day,0.5,2,0.6006996501749126,0.34382808595702147
two_day,0.5,2,0.8830584707646177,0.6736631684157921
two_day,0.5,2,0.8920539730134932,0.5742128935532234
two_day,0.5,2,0.0029985007496251873,0.14192903548225888
two_day,0.5,2,0.6061969015492253,0.5537231384307846
two_day,0.5,2,0.34632683658170915,0.2818590704647676
two_day,0.5,2,0.01999000499750125,0.15892053973013492
two_day,0.5,2,0.8450774612693653,0.872063968015992
two_day,0.5,2,0.31584207896051975,0.8060969515242379
two_day,0.5,2,0.5082458770614693,0.4492753623188406
two_day,0.5,2,0.9070464767616192,0.6816591704147926
two_day,0.5,2,0.24387806096951525,0.5757121439280359
two_day,0.5,2,0.4567716141929036,0.43228385807096453
two_day,0.5,2,0.3853073463268366,0.03648175912043978
two_day,0.5,2,0.044977511244377814,0.5242378810594702
two_day,0.5,2,0.49225387306346824,0.3733133433283358
two_day,0.5,2,0.8360819590204898,0.728135932033983
two_day,0.5,2,0.6251874062968515,0.11544227886056972
two_day,0.5,2,0.3423288355822089,0.5692153923038481
two_day,0.5,2,0.14592703648175911,0.09495252373813093
two_day,0.5,2,0.6736631684157921,0.9465267366316842
two_day,0.5,2,0.6666666666666666,0.4337831084457771
two_day,0.5,2,0.6006996501749126,0.823088455772114
two_day,0.5,2,0.6741629185407296,0.8180909545227386
two_day,0.5,2,0.2748625687156422,0.6191904047976012
two_day,0.5,2,0.12343828085957022,0.136431784107946
two_day,0.5,2,0.5027486256871564,0.27386306846576713
two_day,0.5,2,0.2683658170914543,0.11094452773613193
two_day,0.5,2,0.2383808095952024,0.56071964017991
two_day,0.5,2,0.16691654172913542,0.4427786106946527
two_day,0.5,2,0.8505747126436781,0.9590204897551224
two_day,0.5,2,0.22188905547226387,0.12643678160919541
two_day,0.5,2,0.7096451774112944,0.5097451274362819
two_day,0.5,2,0.3278360819590205,0.38830584707646176
two_day,0.5,2,0.2818590704647676,0.4622688655672164
two_day,0.5,2,0.10844577711144428,0.6426786606696652
two_day,0.5,2,0.02848575712143928,0.263368315842079
two_day,0.5,2,0.25787106446776614,0.7001499250374813
two_day,0.5,2,0.05247376311844078,0.511744127936032
two_day,0.5,2,0.46776611694152925,0.9295352323838081
two_day,0.5,2,0.6461769115442278,0.7981009495252374
two_day,0.5,2,0.31584207896051975,0.15442278860569716
two_day,0.5,2,0.3308345827086457,0.3458270864567716
two_day,0.5,2,0.2863568215892054,0.18190904547726136
two_day,0.5,2,0.9975012493753124,0.3638180909545227
two_day,0.5,2,0.487256371814093,0.041979010494752625
two_day,0.5,2,0.4802598700649675,0.8215892053973014
two_day,0.5,2,0.7061469265367316,0.9690154922538731
two_day,0.5,2,0.20389805097451275,0.8835582208895553
two_day,0.5,2,0.6951524237881059,0.848575712143928
two_day,0.5,2,0.02348825587206397,0.1634182908545727
two_day,0.5,2,0.14342828585707146,0.9620189905047476
two_day,0.5,2,0.22538730634682658,0.3523238380809595
two_day,0.5,2,0.7866066966516742,0.5997001499250375
two_day,0.5,2,0.8920539730134932,0.4147926036981509
two_day,0.5,2,0.4942528735632184,0.8295852073963018
two_day,0.5,2,0.392303848075962,0.8450774612693653
two_day,0.5,2,0.08545727136431784,0.06196901549225387
two_day,0.5,2,0.08995502248875563,0.5487256371814093
two_day,0.5,2,0.5462268865567217,0.440279860069965
two_day,0.5,2,0.6731634182908546,0.9400299850074962
two_day,0.5,2,0.8345827086456772,0.7781109445277361
two_day,0.5,2,0.9910044977511244,0.18490754622688654
two_day,0.5,2,0.6656671664167916,0.11744127936031984
two_day,0.5,2,0.7146426786606697,0.5122438780609695
two_day,0.5,2,0.8075962018990505,0.2893553223388306
two_day,0.5,2,0.7596201899050474,0.32233883058470764
two_day,0.5,2,0.847576211894053,0.4662668665667166
two_day,0.5,2,0.8085957021489255,0.9300349825087456
two_day,0.5,2,0.5072463768115942,0.4542728635682159
two_day,0.5,2,0.043478260869565216,0.12293853073463268
two_day,0.5,2,0.9140429785107447,0.775112443778111
two_day,0.5,2,0.8530734632683659,0.9065467266366817
two_day,0.5,2,0.13493253373313344,0.5832083958020989
two_day,0.5,2,0.06846576711644178,0.15442278860569716
two_day,0.5,2,0.848575712143928,0.5087456271864068
two_day,0.5,2,0.792103948025987,0.967016491754123
two_day,0.5,2,0.046476761619190406,0.9270364817591205
two_day,0.5,2,0.025487256371814093,0.3053473263368316
two_day,0.5,2,0.8110944527736131,0.4512743628185907
two_day,0.5,2,0.3793103448275862,0.03498250874562719
two_day,0.5,2,0.8190904547726137,0.9800099950024987
two_day,0.5,2,0.12893553223388307,0.08945527236381809
two_day,0.5,2,0.92103948025987,0.8495752123938031
two_day,0.5,2,0.35932033983008493,0.8685657171414293
two_day,0.5,2,0.191904047976012,0.07146426786606697
two_day,0.5,2,0.496751624187906,0.12493753123438281
two_day,0.5,2,0.006496751624187906,0.255872063968016
two_day,0.5,2,0.9080459770114943,0.09145427286356822
two_day,0.5,2,0.5232383808095952,0.5897051474262869
two_day,0.5,2,0.08895552223888056,0.017991004497751123
two_day,0.5,2,0.10094952523738131,0.3373313343328336
two_day,0.5,2,0.3733133433283358,0.8205897051474262
two_day,0.5,2,0.7061469265367316,0.33883058470764615
two_day,0.5,2,0.5472263868065967,0.2978510744627686
two_day,0.5,2,0.8060969515242379,0.8040979510244878
two_day,0.5,2,0.018490754622688656,0.05247376311844078
two_day,0.5,2,0.792103948025987,0.40379810094952523
two_day,0.5,2,0.9760119940029985,0.3613193403298351
two_day,0.5,2,0.887056471764118,0.39730134932533734
two_day,0.5,2,0.42478760619690153,0.8885557221389305
two_day,0.5,2,0.3823088455772114,0.21639180409795103
two_day,0.5,2,0.33833083458270863,0.4032983508245877
two_day,0.5,2,0.20539730134932535,0.391304347826087
two_day,0.5,2,0.9610194902548725,0.815592203898051
two_day,0.5,2,0.719640179910045,0.15142428785607195
two_day,0.5,2,0.2868565717141429,0.5212393803098451
two_day,0.5,2,0.8035982008995503,0.49025487256371814
two_day,0.5,2,0.42528735632183906,0.6051974012993503
two_day,0.5,2,0.7991004497751124,0.9860069965017492
two_day,0.5,2,0.856071964017991,0.552223888055972
two_day,0.5,2,0.2588705647176412,0.2303848075962019
two_day,0.5,2,0.9445277361319341,0.664167916041979
two_day,0.5,2,0.6051974012993503,0.4047976011994003
two_day,0.5,2,0.41829085457271364,0.0704647676161919
two_day,0.5,2,0.11894052973513243,0.26286856571714146
two_day,0.5,3,0.06446776611694154,0.5337331334332833
two_day,0.5,3,0.7026486756621689,0.7211394302848576
two_day,0.5,3,0.39080459770114945,0.050474762618690654
two_day,0.5,3,0.3888055972013993,0.8735632183908046
two_day,0.5,3,0.8525737131434283,0.5867066466766616
two_day,0.5,3,0.5262368815592204,0.967016491754123
two_day,0.5,3,0.6441779110444777,0.5357321339330335
two_day,0.5,3,0.8195902048975512,0.22438780609695153
two_day,0.5,3,0.4177911044477761,0.7406296851574213
two_day,0.5,3,0.5477261369315343,0.7871064467766117
two_day,0.5,3,0.9550224887556222,0.5207396301849075
two_day,0.5,3,0.6621689155422289,0.9045477261369316
two_day,0.5,3,0.7266366816591704,0.4832583708145927
two_day,0.5,3,0.34632683658170915,0.4267866066966517
two_day,0.5,3,0.7256371814092953,0.7426286856571714
two_day,0.5,3,0.9485257371314343,0.8035982008995503
two_day,0.5,3,0.34832583708145926,0.1724137931034483
two_day,0.5,3,0.744127936031984,0.23488255872063968
two_day,0.5,3,0.1199400299850075,0.015992003998001
two_day,0.5,3,0.45527236381809094,0.894552723638181
two_day,0.5,3,0.136431784107946,0.6991504247876063
two_day,0.5,3,0.06646676661669165,0.06096951524237881
two_day,0.5,3,0.5172413793103449,0.9105447276361819
two_day,0.5,3,0.92103948025987,0.7001499250374813
two_day,0.5,3,0.10444777611194403,0.3873063468265867
two_day,0.5,3,0.5562218890554723,0.4367816091954023
two_day,0.5,3,0.23438280859570215,0.1054472763618191
two_day,0.5,3,0.6736631684157921,0.9920039980009995
two_day,0.5,3,0.04697651174412794,0.03298350824587706
two_day,0.5,3,0.37831084457771114,0.5272363818090955
two_day,0.5,3,0.21039480259870064,0.11544227886056972
two_day,0.5,3,0.7591204397801099,0.7401299350324838
two_day,0.5,3,0.7641179410294853,0.9635182408795602
two_day,0.5,3,0.18690654672663667,0.47276361819090457
two_day,0.5,3,0.06746626686656672,0.044977511244377814
two_day,0.5,3,0.5937031484257871,0.8910544727636182
two_day,0.5,3,0.1839080459770115,0.5077461269365318
two_day,0.5,3,0.5207396301849075,0.3538230884557721
two_day,0.5,3,0.1199400299850075,0.2943528235882059
two_day,0.5,3,0.35782108945527236,0.06646676661669165
two_day,0.5,3,0.22288855572213892,0.08595702148925537
two_day,0.5,3,0.9540229885057471,0.051974012993503245
two_day,0.5,3,0.7776111944027986,0.6921539230384808
two_day,0.5,3,0.9700149925037481,0.9485257371314343
two_day,0.5,3,0.35332333833083457,0.5027486256871564
two_day,0.5,3,0.11794102948525736,0.4017991004497751
two_day,0.5,3,0.8060969515242379,0.5372313843078461
two_day,0.5,3,0.45077461269365315,0.9800099950024987
two_day,0.5,3,0.8670664667666167,0.856071964017991
two_day,0.5,3,0.8900549725137431,0.4492753623188406
two_day,0.5,3,0.6421789105447276,0.6856571714142928
two_day,0.5,3,0.912543728135932,0.16441779110444776
two_day,0.5,3,0.8690654672663668,0.4547726136931534
two_day,0.5,3,0.862568715642179,0.6306846576711644
two_day,0.5,3,0.7721139430284858,0.9090454772613693
two_day,0.5,3,0.09395302348825588,0.6771614192903548
two_day,0.5,3,0.0024987506246876563,0.04097951024487756
two_day,0.5,3,0.8850574712643678,0.44227886056971516
two_day,0.5,3,0.5897051474262869,0.44177911044477763
two_day,0.5,3,0.504247876061969,0.9025487256371814
two_day,0.5,3,0.2223888055972014,0.07496251874062969
two_day,0.5,3,0.6301849075462269,0.37231384307846077
two_day,0.5,3,0.7881059470264867,0.7231384307846077
two_day,0.5,3,0.23138430784607697,0.11494252873563218
two_day,0.5,3,0.12693653173413294,0.2748625687156422
two_day,0.5,3,0.33483258370814595,0.5907046476761619
two_day,0.5,3,0.8935532233883059,0.23588205897051473
two_day,0.5,3,0.6896551724137931,0.9555222388805598
two_day,0.5,3,0.02498750624687656,0.08295852073963018
two_day,0.5,3,0.5647176411794103,0.5257371314342829
two_day,0.5,3,0.887056471764118,0.6416791604197901
two_day,0.5,3,0.4617691154422789,0.7021489255372314
two_day,0.5,3,0.17841079460269865,0.025987006496751622
two_day,0.5,3,0.1519240379810095,0.5582208895552224
two_day,0.5,3,0.5407296351824088,0.5542228885557221
two_day,0.5,3,0.21989005497251374,0.3553223388305847
two_day,0.5,3,0.12593703148425786,0.013493253373313344
two_day,0.5,3,0.9490254872563718,0.9620189905047476
two_day,0.5,3,0.2928535732133933,0.7476261869065467
two_day,0.5,3,0.3963018490754623,0.26186906546726635
two_day,0.5,3,0.847576211894053,0.43728135932033985
two_day,0.5,3,0.7576211894052973,0.7656171914042978
two_day,0.5,3,0.4527736131934033,0.8015992003998001
two_day,0.5,3,0.39430284857571213,0.9235382308845578
two_day,0.5,3,0.18140929535232383,0.41629185407296354
two_day,0.5,3,0.12693653173413294,0.1409295352323838
two_day,0.5,3,0.16491754122938532,0.7321339330334833
two_day,0.5,3,0.8570714642678661,0.7906046976511744
two_day,0.5,3,0.30434782608695654,0.1424287856071964
two_day,0.5,3,0.17641179410294852,0.3473263368315842
two_day,0.5,3,0.012993503248375811,0.13243378310844578
two_day,0.5,3,0.9105447276361819,0.8310844577711144
two_day,0.5,3,0.7951024487756122,0.8865567216391804
two_day,0.5,3,0.8775612193903048,0.5862068965517241
two_day,0.5,3,0.5282358820589705,0.7671164417791104
two_day,0.5,3,0.13043478260869565,0.11144427786106946
two_day,0.5,3,0.06046976511744128,0.047976011994003
two_day,0.5,3,0.45577211394302847,0.6921539230384808
two_day,0.5,3,0.8770614692653673,0.664167916041979
two_day,0.5,3,0.7061469265367316,0.9010494752623688
two_day,0.5,3,0.5032483758120939,0.9930034982508745
two_day,0.5,3,0.9395302348825587,0.8390804597701149
two_day,0.5,3,0.022988505747126436,0.029985007496251874
two_day,0.5,3,0.20439780109945027,0.303848075962019
two_day,0.5,3,0.4362818590704648,0.42528735632183906
two_day,0.5,3,0.312343828085957,0.5397301349325337
two_day,0.5,3,0.6731634182908546,0.5957021489255372
two_day,0.5,3,0.49375312343828087,0.8425787106446777
two_day,0.5,3,0.8015992003998001,0.10094952523738131
two_day,0.5,3,0.8595702148925537,0.9710144927536232
two_day,0.5,3,0.35282358820589704,0.7011494252873564
two_day,0.5,3,0.7166416791604198,0.7511244377811095
two_day,0.5,3,0.4642678660669665,0.9965017491254373
two_day,0.5,3,0.5552223888055972,0.3488255872063968
two_day,0.5,3,0.21039480259870064,0.7401299350324838
two_day,0.5,3,0.9070464767616192,0.6021989005497251
two_day,0.5,3,0.6731634182908546,0.6826586706646677
two_day,0.5,3,0.37031484257871067,0.07246376811594203
two_day,0.5,3,0.9055472263868066,0.7391304347826086
two_day,0.5,3,0.928535732133933,0.2933533233383308
two_day,0.5,4,0.9550224887556222,0.38830584707646176
two_day,0.5,4,0.9705147426286856,0.7591204397801099
two_day,0.5,4,0.5562218890554723,0.6736631684157921
two_day,0.5,4,0.8925537231384307,0.42328835582208896
two_day,0.5,4,0.28785607196401797,0.43928035982008995
two_day,0.5,4,0.10144927536231885,0.7001499250374813
two_day,0.5,4,0.20689655172413793,0.30134932533733133
two_day,0.5,4,0.8565717141429285,0.31984007996002
two_day,0.5,4,0.5737131434282858,0.6051974012993503
two_day,0.5,4,0.4267866066966517,0.5867066466766616
two_day,0.5,4,0.5252373813093453,0.18240879560219891
two_day,0.5,4,0.06946526736631684,0.5252373813093453
two_day,0.5,4,0.6041979010494752,0.9740129935032483
two_day,0.5,4,0.703648175912044,0.30884557721139433
two_day,0.5,4,0.6471764117941029,0.9155422288855573
two_day,0.5,4,0.9695152423788106,0.5972013993003499
two_day,0.5,4,0.8360819590204898,0.9060469765117442
two_day,0.5,4,0.095952023988006,0.6296851574212894
two_day,0.5,4,0.37631184407796103,0.9795102448775612
two_day,0.5,4,0.0734632683658171,0.45827086456771615
two_day,0.5,4,0.5687156421789106,0.760119940029985
two_day,0.5,4,0.3363318340829585,0.5792103948025987
two_day,0.5,4,0.23238380809595202,0.9910044977511244
two_day,0.5,4,0.9090454772613693,0.6856571714142928
two_day,0.5,4,0.43928035982008995,0.10294852573713144
two_day,0.5,4,0.7511244377811095,0.8740629685157422
two_day,0.5,4,0.688655672163918,0.3618190904547726
two_day,0.5,4,0.04097951024487756,0.7706146926536732
two_day,0.5,4,0.5862068965517241,0.16541729135432284
two_day,0.5,4,0.20189905047476261,0.7586206896551724
two_day,0.5,4,0.6731634182908546,0.031484257871064465
two_day,0.5,4,0.5327336331834083,0.3548225887056472
two_day,0.5,4,0.2048975512243878,0.12293853073463268
two_day,0.5,4,0.18340829585207397,0.5012493753123438
two_day,0.5,4,0.09245377311344327,0.37881059470264866
two_day,0.5,4,0.25787106446776614,0.4032983508245877
two_day,0.5,4,0.44427786106946526,0.5157421289355323
two_day,0.5,4,0.06096951524237881,0.05247376311844078
two_day,0.5,4,0.9860069965017492,0.6531734132933533
two_day,0.5,4,0.4177911044477761,0.7856071964017991
two_day,0.5,4,0.8185907046476761,0.5142428785607196
two_day,0.5,4,0.07096451774112944,0.004497751124437781
two_day,0.5,4,0.9845077461269365,0.31384307846076964
two_day,0.5,4,0.993503248375812,0.05147426286856572
two_day,0.5,4,0.22588705647176413,0.028985507246376812
two_day,0.5,4,0.7306346826586707,0.6276861569215393
two_day,0.5,4,0.6421789105447276,0.8095952023988006
two_day,0.5,4,0.1809095452273863,0.12993503248375812
two_day,0.5,4,0.6336831584207896,0.2493753123438281
two_day,0.5,4,0.08545727136431784,0.3028485757121439
two_day,0.5,4,0.20389805097451275,0.18590704647676162
two_day,0.5,4,0.4947526236881559,0.4142928535732134
two_day,0.5,4,0.4657671164417791,0.5622188905547226
two_day,0.5,4,0.7321339330334833,0.8220889555222389
two_day,0.5,4,0.7941029485257372,0.7721139430284858
two_day,0.5,4,0.1729135432283858,0.6596701649175413
two_day,0.5,4,0.12593703148425786,0.7891054472763618
two_day,0.5,4,0.7681159420289855,0.6956521739130435
two_day,0.5,4,0.8110944527736131,0.791104447776112
two_day,0.5,4,0.05697151424287856,0.6226886556721639
two_day,0.5,4,0.19590204897551225,0.5757121439280359
two_day,0.5,4,0.20789605197401298,0.5867066466766616
two_day,0.5,4,0.5412293853073463,0.7886056971514243
two_day,0.5,4,0.7481259370314842,0.4672663668165917
two_day,0.5,4,0.15942028985507245,0.8730634682658671
two_day,0.5,4,0.49525237381309345,0.769615192403798
two_day,0.5,4,0.9955022488755623,0.23088455772113944
two_day,0.5,4,0.1634182908545727,0.16391804097951024
two_day,0.5,4,0.7611194402798601,0.3263368315842079
two_day,0.5,4,0.41329335332333833,0.7986006996501749
two_day,0.5,4,0.3803098450774613,0.16391804097951024
two_day,0.5,4,0.9860069965017492,0.36731634182908546
two_day,0.5,4,0.7481259370314842,0.3193403298350825
two_day,0.5,4,0.8990504747626187,0.8515742128935532
two_day,0.5,4,0.7421289355322339,0.5742128935532234
two_day,0.5,4,0.35082458770614694,0.36931534232883556
two_day,0.5,4,0.3698150924537731,0.2928535732133933
two_day,0.5,4,0.7691154422788605,0.6946526736631684
two_day,0.5,4,0.5897051474262869,0.6626686656671664
two_day,0.5,4,0.8470764617691154,0.6256871564217891
two_day,0.5,4,0.2193903048475762,0.033483258370814596
two_day,0.5,4,0.391304347826087,0.14992503748125938
two_day,0.5,4,0.6521739130434783,0.8150924537731135
two_day,0.5,4,0.4312843578210895,0.8725637181409296
two_day,0.5,4,0.24987506246876562,0.8385807096451774
two_day,0.5,4,0.25487256371814093,0.487256371814093
two_day,0.5,4,0.5222388805597201,0.46476761619190404
two_day,0.5,4,0.7261369315342329,0.296351824087956
two_day,0.5,4,0.5122438780609695,0.40729635182408797
two_day,0.5,4,0.7526236881559221,0.4867566216891554
two_day,0.5,4,0.5087456271864068,0.5962018990504747
two_day,0.5,4,0.11294352823588207,0.6456771614192903
two_day,0.5,4,0.8370814592703648,0.7021489255372314
two_day,0.5,4,0.28585707146426786,0.7801099450274862
two_day,0.5,4,0.0079960019990005,0.1454272863568216
two_day,0.5,4,0.013993003498250875,0.1889055472263868
two_day,0.5,4,0.2193903048475762,0.7586206896551724
two_day,0.5,4,0.3633183408295852,0.22288855572213892
two_day,0.5,4,0.7381309345327336,0.5142428785607196
two_day,0.5,4,0.9340329835082459,0.6116941529235382
two_day,0.5,4,0.3343328335832084,0.13193403298350825
two_day,0.5,4,0.15942028985507245,0.8350824587706147
two_day,0.5,4,0.9540229885057471,0.6736631684157921
two_day,0.5,4,0.9310344827586207,0.3498250874562719
two_day,0.5,4,0.3058470764617691,0.7581209395302348
two_day,0.5,4,0.9390304847576212,0.8395802098950524
two_day,0.5,4,0.13893053473263367,0.39030484757621187
two_day,0.5,4,0.09495252373813093,0.657671164417791
two_day,0.5,4,0.9135432283858071,0.4687656171914043
two_day,0.5,4,0.3258370814592704,0.8280859570214892
two_day,0.5,4,0.6501749125437282,0.5317341329335332
two_day,0.5,4,0.02048975512243878,0.3823088455772114
two_day,0.5,4,0.9375312343828086,0.6066966516741629
two_day,0.5,4,0.45527236381809094,0.17641179410294852
two_day,0.5,4,0.6931534232883558,0.3553223388305847
two_day,0.5,4,0.9185407296351824,0.8265867066466767
two_day,0.5,4,0.7961019490254873,0.5897051474262869
two_day,0.5,4,0.624687656171914,0.4607696151924038
two_day,0.5,4,0.6046976511744128,0.9695152423788106
two_day,0.5,4,0.4062968515742129,0.8120939530234883
two_day,0.5,5,0.7006496751624188,0.0004997501249375312
two_day,0.5,5,0.8150924537731135,0.8555722138930535
two_day,0.5,5,0.7201399300349826,0.15942028985507245
two_day,0.5,5,0.7276361819090454,0.6766616691654173
two_day,0.5,5,0.13143428285857073,0.5282358820589705
two_day,0.5,5,0.9015492253873063,0.25787106446776614
two_day,0.5,5,0.6521739130434783,0.7731134432783608
two_day,0.5,5,0.3663168415792104,0.3818090954522739
two_day,0.5,5,0.9540229885057471,0.7461269365317341
two_day,0.5,5,0.07296351824087956,0.19290354822588707
two_day,0.5,5,0.5142428785607196,0.25737131434282856
two_day,0.5,5,0.7376311844077961,0.5467266366816592
two_day,0.5,5,0.9560219890054973,0.07946026986506746
two_day,0.5,5,0.9355322338830585,0.6291854072963519
two_day,0.5,5,0.23588205897051473,0.6156921539230384
two_day,0.5,5,0.5462268865567217,0.7471264367816092
two_day,0.5,5,0.37831084457771114,0.6551724137931034
two_day,0.5,5,0.34182908545727136,0.8835582208895553
two_day,0.5,5,0.5397301349325337,0.8800599700149925
two_day,0.5,5,0.35132433783108447,0.9290354822588706
two_day,0.5,5,0.06496751624187906,0.08045977011494253
two_day,0.5,5,0.2588705647176412,0.21689155422288856
two_day,0.5,5,0.48425787106446777,0.3523238380809595
two_day,0.5,5,0.8235882058970515,0.7966016991504248
two_day,0.5,5,0.09145427286356822,0.750624687656172
two_day,0.5,5,0.45027486256871563,0.1549225387306347
two_day,0.5,5,0.5902048975512244,0.31434282858570717
two_day,0.5,5,0.8105947026486756,0.8710644677661169
two_day,0.5,5,0.28785607196401797,0.9985007496251874
two_day,0.5,5,0.9330334832583708,0.3193403298350825
two_day,0.5,5,0.079960019990005,0.48425787106446777
two_day,0.5,5,0.42778610694652675,0.8590704647676162
two_day,0.5,5,0.703648175912044,0.8350824587706147
two_day,0.5,5,0.743128435782109,0.808095952023988
two_day,0.5,5,0.3893053473263368,0.06646676661669165
two_day,0.5,5,0.3423288355822089,0.3103448275862069
two_day,0.5,5,0.39580209895052476,0.00849575212393803
two_day,0.5,5,0.5222388805597201,0.8265867066466767
two_day,0.5,5,0.6891554222888556,0.591704147926037
two_day,0.5,5,0.19290354822588707,0.4767616191904048
two_day,0.5,5,0.8330834582708646,0.19740129935032483
two_day,0.5,5,0.9960019990004998,0.8110944527736131
two_day,0.5,5,0.6101949025487257,0.2518740629685157
two_day,0.5,5,0.8700649675162418,0.46476761619190404
two_day,0.5,5,0.9810094952523738,0.39080459770114945
two_day,0.5,5,0.3218390804597701,0.25987006496751625
two_day,0.5,5,0.10194902548725637,0.15142428785607195
two_day,0.5,5,0.6016991504247876,0.8425787106446777
two_day,0.5,5,0.584207896051974,0.809095452273863
two_day,0.5,5,0.8405797101449275,0.3403298350824588
two_day,0.5,5,0.15742128935532235,0.1424287856071964
two_day,0.5,5,0.5752123938030984,0.8570714642678661
two_day,0.5,5,0.12843578210894552,0.09495252373813093
two_day,0.5,5,0.8015992003998001,0.6811594202898551
two_day,0.5,5,0.6491754122938531,0.2318840579710145
two_day,0.5,5,0.2928535732133933,0.7811094452773614
two_day,0.5,5,0.6336831584207896,0.6136931534232883
two_day,0.5,5,0.14292853573213393,0.7006496751624188
two_day,0.5,5,0.3963018490754623,0.8130934532733634
two_day,0.5,5,0.3353323338330835,0.967016491754123
two_day,0.5,5,0.47226386806596704,0.7361319340329835
two_day,0.5,5,0.08995502248875563,0.703648175912044
two_day,0.5,5,0.6251874062968515,0.928535732133933
two_day,0.5,5,0.9380309845077461,0.2433783108445777
two_day,0.5,5,0.21689155422288856,0.1454272863568216
two_day,0.5,5,0.5542228885557221,0.19590204897551225
two_day,0.5,5,0.5877061469265368,0.7756121939030485
two_day,0.5,5,0.5497251374312844,0.5992003998001
two_day,0.5,5,0.7396301849075462,0.4542728635682159
two_day,0.5,5,0.975512243878061,0.6471764117941029
two_day,0.5,5,0.543728135932034,0.9145427286356822
two_day,0.5,5,0.7386306846576711,0.020989505247376312
two_day,0.5,5,0.2478760619690155,0.04997501249375312
two_day,0.5,5,0.7081459270364817,0.8350824587706147
two_day,0.5,5,0.9955022488755623,0.4052973513243378
two_day,0.5,5,0.49075462268865566,0.4352823588205897
two_day,0.5,5,0.504247876061969,0.33033483258370816
two_day,0.5,5,0.13043478260869565,0.5197401299350325
two_day,0.5,5,0.5227386306846576,0.4682658670664668
two_day,0.5,5,0.735632183908046,0.9585207396301849
two_day,0.5,5,0.42028985507246375,0.15542228885557222
two_day,0.5,5,0.9240379810094953,0.2143928035982009
two_day,0.5,5,0.5392303848075962,0.8910544727636182
two_day,0.5,5,0.11544227886056972,0.013493253373313344
two_day,0.5,5,0.5402298850574713,0.8075962018990505
two_day,0.5,5,0.5017491254372813,0.9455272363818091
two_day,0.5,5,0.07796101949025487,0.855072463768116
two_day,0.5,5,0.47426286856571714,0.8210894552723638
two_day,0.5,5,0.5352323838080959,0.02948525737131434
two_day,0.5,5,0.4407796101949025,0.13893053473263367
two_day,0.5,5,0.9485257371314343,0.8835582208895553
two_day,0.5,5,0.9070464767616192,0.6401799100449775
two_day,0.5,5,0.7096451774112944,0.07746126936531735
two_day,0.5,5,0.4142928535732134,0.809095452273863
two_day,0.5,5,0.9060469765117442,0.04147926036981509
two_day,0.5,5,0.1054472763618191,0.0009995002498750624
two_day,0.5,5,0.7526236881559221,0.6756621689155422
two_day,0.5,5,0.7446276861569215,0.06346826586706647
two_day,0.5,5,0.18440779610194902,0.5362318840579711
two_day,0.5,5,0.06196901549225387,0.6231884057971014
two_day,0.5,5,0.6646676661669165,0.15242378810594703
two_day,0.5,5,0.06746626686656672,0.19440279860069964
two_day,0.5,5,0.809095452273863,0.5227386306846576
two_day,0.5,5,0.48375812093953025,0.7656171914042978
two_day,0.5,5,0.28385807096451776,0.7721139430284858
two_day,0.5,5,0.4397801099450275,0.8175912043978011
two_day,0.5,5,0.9370314842578711,0.30684657671164417
two_day,0.5,5,0.367816091954023,0.7061469265367316
two_day,0.5,5,0.31984007996002,0.3583208395802099
two_day,0.5,5,0.5307346326836582,0.8755622188905547
two_day,0.5,5,0.9860069965017492,0.5377311344327836
two_day,0.5,5,0.10044977511244378,0.11444277861069466
two_day,0.5,5,0.19490254872563717,0.16041979010494753
two_day,0.5,5,0.9770114942528736,0.2098950524737631
two_day,0.5,5,0.3468265867066467,0.6701649175412294
two_day,0.5,5,0.40429785107446276,0.664167916041979
two_day,0.5,5,0.3793103448275862,0.9795102448775612
two_day,0.5,5,0.4062968515742129,0.09795102448775612
two_day,0.5,5,0.7526236881559221,0.08295852073963018
two_day,0.5,5,0.39980009995002497,0.5492253873063468
two_day,0.5,6,0.24387806096951525,0.01649175412293853
two_day,0.5,6,0.46276861569215394,0.3473263368315842
two_day,0.5,6,0.5647176411794103,0.20839580209895053
two_day,0.5,6,0.9435282358820589,0.8665667166416792
two_day,0.5,6,0.8150924537731135,0.6156921539230384
two_day,0.5,6,0.3698150924537731,0.5827086456771614
two_day,0.5,6,0.5972013993003499,0.743128435782109
two_day,0.5,6,0.4687656171914043,0.5172413793103449
two_day,0.5,6,0.9835082458770614,0.2223888055972014
two_day,0.5,6,0.9225387306346826,0.5417291354322838
two_day,0.5,6,0.5027486256871564,0.8135932033983009
two_day,0.5,6,0.8470764617691154,0.6096951524237881
two_day,0.5,6,0.6231884057971014,0.8445777111444278
two_day,0.5,6,0.7831084457771115,0.19140429785107446
two_day,0.5,6,0.6356821589205397,0.16591704147926037
two_day,0.5,6,0.9555222388805598,0.8355822088955522
two_day,0.5,6,0.09645177411294353,0.24987506246876562
two_day,0.5,6,0.6506746626686657,0.38780609695152424
two_day,0.5,6,0.8455772113943029,0.1489255372313843
two_day,0.5,6,0.9295352323838081,0.8490754622688655
two_day,0.5,6,0.3988005997001499,0.12193903048475763
two_day,0.5,6,0.05547226386806597,0.15242378810594703
two_day,0.5,6,0.2848575712143928,0.4482758620689655
two_day,0.5,6,0.11394302848575712,0.5047476261869065
two_day,0.5,6,0.12443778110944528,0.7586206896551724
two_day,0.5,6,0.057971014492753624,0.1359320339830085
two_day,0.5,6,0.4707646176911544,0.14292853573213393
two_day,0.5,6,0.855072463768116,0.5482258870564718
two_day,0.5,6,0.4767616191904048,0.4927536231884058
two_day,0.5,6,0.7016491754122939,0.7091454272863568
two_day,0.5,6,0.7251374312843578,0.9895052473763118
two_day,0.5,6,0.7146426786606697,0.2513743128435782
two_day,0.5,6,0.92103948025987,0.47426286856571714
two_day,0.5,6,0.9070464767616192,0.32033983008495753
two_day,0.5,6,0.8585707146426786,0.5692153923038481
two_day,0.5,6,0.3258370814592704,0.07846076961519241
two_day,0.5,6,0.3613193403298351,0.4407796101949025
two_day,0.5,6,0.8295852073963018,0.38630684657671166
two_day,0.5,6,0.9585207396301849,0.5382308845577212
two_day,0.5,6,0.45027486256871563,0.6441779110444777
two_day,0.5,6,0.7641179410294853,0.046476761619190406
two_day,0.5,6,0.8290854572713643,0.927536231884058
two_day,0.5,6,0.5777111444277861,0.9590204897551224
two_day,0.5,6,0.38830584707646176,0.6996501749125438
two_day,0.5,6,0.4397801099450275,0.3918040979510245
two_day,0.5,6,0.35782108945527236,0.42978510744627685
two_day,0.5,6,0.8445777111444278,0.7981009495252374
two_day,0.5,6,0.13193403298350825,0.005497251374312844
two_day,0.5,6,0.13693153423288357,0.7626186906546727
two_day,0.5,6,0.043478260869565216,0.03298350824587706
two_day,0.5,6,0.809095452273863,0.02798600699650175
two_day,0.5,6,0.9725137431284357,0.8435782108945528
two_day,0.5,6,0.8440779610194903,0.6991504247876063
two_day,0.5,6,0.5317341329335332,0.9405297351324338
two_day,0.5,6,0.8825587206396801,0.5967016491754122
two_day,0.5,6,0.13543228385807096,0.04447776111944028
two_day,0.5,6,0.29485257371314344,0.9870064967516242
two_day,0.5,6,0.5642178910544727,0.512743628185907
two_day,0.5,6,0.6701649175412294,0.7216391804097951
two_day,0.5,6,0.12843578210894552,0.3713143428285857
two_day,0.5,6,0.19890054972513743,0.5132433783108445
two_day,0.5,6,0.49025487256371814,0.35732133933033483
two_day,0.5,6,0.6011994002998501,0.38830584707646176
two_day,0.5,6,0.4207896051974013,0.16491754122938532
two_day,0.5,6,0.7396301849075462,0.035982008995502246
two_day,0.5,6,0.7166416791604198,0.29735132433783107
two_day,0.5,6,0.9170414792603698,0.47226386806596704
two_day,0.5,6,0.4892553723138431,0.272863568215892
two_day,0.5,6,0.7546226886556722,0.8275862068965517
two_day,0.5,6,0.5792103948025987,0.6676661669165417
two_day,0.5,6,0.2623688155922039,0.6216891554222889
two_day,0.5,6,0.5002498750624688,0.30634682658670664
two_day,0.5,6,0.3658170914542729,0.22088955522238882
two_day,0.5,6,0.9585207396301849,0.3843078460769615
two_day,0.5,6,0.3933033483258371,0.777111444277861
two_day,0.5,6,0.7586206896551724,0.36881559220389803
two_day,0.5,6,0.8000999500249875,0.2888555722138931
two_day,0.5,6,0.8670664667666167,0.9370314842578711
two_day,0.5,6,0.5212393803098451,0.47976011994003
two_day,0.5,6,0.6256871564217891,0.8970514742628686
two_day,0.5,6,0.49075462268865566,0.5362318840579711
two_day,0.5,6,0.6211894052973513,0.4357821089455272
two_day,0.5,6,0.8190904547726137,0.2843578210894553
two_day,0.5,6,0.351824087956022,0.6466766616691654
two_day,0.5,6,0.7301349325337332,0.36281859070464767
two_day,0.5,6,0.8700649675162418,0.8840579710144928
two_day,0.5,6,0.30434782608695654,0.19390304847576212
two_day,0.5,6,0.7221389305347327,0.17541229385307347
two_day,0.5,6,0.4142928535732134,0.7561219390304847
two_day,0.5,6,0.2888555722138931,0.9940029985007496
two_day,0.5,6,0.991504247876062,0.5637181409295352
two_day,0.5,6,0.6656671664167916,0.6981509245377311
two_day,0.5,6,0.10594702648675662,0.1549225387306347
two_day,0.5,6,0.8440779610194903,0.0769615192403798
two_day,0.5,6,0.8405797101449275,0.8370814592703648
two_day,0.5,6,0.23588205897051473,0.3073463268365817
two_day,0.5,6,0.4382808595702149,0.09495252373813093
two_day,0.5,6,0.0559720139930035,0.5432283858070964
two_day,0.5,6,0.11744127936031984,0.06596701649175413
two_day,0.5,6,0.5867066466766616,0.3823088455772114
two_day,0.5,6,0.17641179410294852,0.136431784107946
two_day,0.5,6,0.25537231384307846,0.27936031984008
two_day,0.5,6,0.35332333833083457,0.4567716141929036
two_day,0.5,6,0.4207896051974013,0.5942028985507246
two_day,0.5,6,0.3378310844577711,0.5582208895552224
two_day,0.5,6,0.06896551724137931,0.2028985507246377
two_day,0.5,6,0.5777111444277861,0.9765117441279361
two_day,0.5,6,0.3098450774612694,0.20389805097451275
two_day,0.5,6,0.431784107946027,0.21989005497251374
two_day,0.5,6,0.5227386306846576,0.5087456271864068
two_day,0.5,6,0.6166916541729135,0.8125937031484258
two_day,0.5,6,0.9465267366316842,0.3873063468265867
two_day,0.5,6,0.7926036981509246,0.3983008495752124
two_day,0.5,6,0.46026986506746626,0.8820589705147426
two_day,0.5,6,0.7276361819090454,0.06596701649175413
two_day,0.5,6,0.4817591204397801,0.4992503748125937
two_day,0.5,6,0.3428285857071464,0.6046976511744128
two_day,0.5,6,0.19390304847576212,0.8925537231384307
two_day,0.5,6,0.047476261869065464,0.12043978010994502
two_day,0.5,6,0.9305347326336831,0.17341329335332334
two_day,0.5,7,0.39280359820089955,0.9120439780109945
two_day,0.5,7,0.8580709645177411,0.9225387306346826
two_day,0.5,7,0.6136931534232883,0.47426286856571714
two_day,0.5,7,0.2898550724637681,0.6296851574212894
two_day,0.5,7,0.5527236381809095,0.16841579210394803
two_day,0.5,7,0.6256871564217891,0.24187906046976512
two_day,0.5,7,0.21689155422288856,0.8190904547726137
two_day,0.5,7,0.9635182408795602,0.37831084457771114
two_day,0.5,7,0.2448775612193903,0.09345327336331834
two_day,0.5,7,0.2413793103448276,0.784607696151924
two_day,0.5,7,0.3683158420789605,0.27636181909045476
two_day,0.5,7,0.7311344327836082,0.41829085457271364
two_day,0.5,7,0.638680659670165,0.9335332333833083
two_day,0.5,7,0.07646176911544228,0.26636681659170414
two_day,0.5,7,0.38330834582708645,0.9365317341329336
two_day,0.5,7,0.10994502748625687,0.12843578210894552
two_day,0.5,7,0.7436281859070465,0.9715142428785607
two_day,0.5,7,0.7571214392803598,0.4267866066966517
two_day,0.5,7,0.03398300849575212,0.19390304847576212
two_day,0.5,7,0.456271864067966,0.383808095952024
two_day,0.5,7,0.8375812093953023,0.2158920539730135
two_day,0.5,7,0.7211394302848576,0.27586206896551724
two_day,0.5,7,0.7316341829085458,0.04597701149425287
two_day,0.5,7,0.5897051474262869,0.3548225887056472
two_day,0.5,7,0.7651174412793603,0.3548225887056472
two_day,0.5,7,0.5327336331834083,0.03498250874562719
two_day,0.5,7,0.22138930534732634,0.7841079460269865
two_day,0.5,7,0.328335832083958,0.6781609195402298
two_day,0.5,7,0.39980009995002497,0.136431784107946
two_day,0.5,7,0.13543228385807096,0.9600199900049975
two_day,0.5,7,0.1409295352323838,0.3053473263368316
two_day,0.5,7,0.8830584707646177,0.9225387306346826
two_day,0.5,7,0.05297351324337831,0.3308345827086457
two_day,0.5,7,0.5712143928035982,0.8420789605197402
two_day,0.5,7,0.9800099950024987,0.5177411294352824
two_day,0.5,7,0.4352823588205897,0.29535232383808097
two_day,0.5,7,0.9300349825087456,0.5417291354322838
two_day,0.5,7,0.2993503248375812,0.36531734132933535
two_day,0.5,7,0.5747126436781609,0.6761619190404797
two_day,0.5,7,0.3683158420789605,0.2898550724637681
two_day,0.5,7,0.5297351324337831,0.9145427286356822
two_day,0.5,7,0.5242378810594702,0.44377811094452774
two_day,0.5,7,0.7971014492753623,0.856071964017991
two_day,0.5,7,0.19090454772613694,0.5882058970514743
two_day,0.5,7,0.712143928035982,0.22538730634682658
two_day,0.5,7,0.46276861569215394,0.5767116441779111
two_day,0.5,7,0.7726136931534233,0.5072463768115942
two_day,0.5,7,0.671664167916042,0.35332333833083457
two_day,0.5,7,0.7746126936531734,0.8015992003998001
two_day,0.5,7,0.8120939530234883,0.391304347826087
two_day,0.5,7,0.017491254372813594,0.3408295852073963
two_day,0.5,7,0.56071964017991,0.8710644677661169
two_day,0.5,7,0.01899050474762619,0.6081959020489756
two_day,0.5,7,0.14342828585707146,0.5877061469265368
two_day,0.5,7,0.7231384307846077,0.5397301349325337
two_day,0.5,7,0.07296351824087956,0.4002998500749625
two_day,0.5,7,0.5872063968015993,0.7856071964017991
two_day,0.5,7,0.3288355822088955,0.5867066466766616
two_day,0.5,7,0.8680659670164917,0.27636181909045476
two_day,0.5,7,0.624687656171914,0.28085957021489255
two_day,0.5,7,0.3168415792103948,0.3868065967016492
two_day,0.5,7,0.7301349325337332,0.4547726136931534
two_day,0.5,7,0.49325337331334335,0.2608695652173913
two_day,0.5,7,0.9770114942528736,0.18040979510244878
two_day,0.5,7,0.9345327336331835,0.2908545727136432
two_day,0.5,7,0.47276361819090457,0.7566216891554223
two_day,0.5,7,0.6341829085457271,0.31134432783608196
two_day,0.5,7,0.31634182908545727,0.591704147926037
two_day,0.5,7,0.7736131934032984,0.7286356821589205
two_day,0.5,7,0.29235382308845576,0.7881059470264867
two_day,0.5,7,0.22288855572213892,0.23638180909545228
two_day,0.5,7,0.5982008995502249,0.1889055472263868
two_day,0.5,7,0.22688655672163918,0.5562218890554723
two_day,0.5,7,0.41579210394802596,0.7806096951524237
two_day,0.5,7,0.191904047976012,0.8715642178910544
two_day,0.5,7,0.3238380809595202,0.4622688655672164
two_day,0.5,7,0.9470264867566217,0.8670664667666167
two_day,0.5,7,0.6846576711644178,0.7626186906546727
two_day,0.5,7,0.8245877061469266,0.4382808595702149
two_day,0.5,7,0.3548225887056472,0.30334832583708143
two_day,0.5,7,0.06096951524237881,0.35732133933033483
two_day,0.5,7,0.004497751124437781,0.8875562218890555
two_day,0.5,7,0.3148425787106447,0.7326336831584208
two_day,0.5,7,0.7876061969015492,0.3523238380809595
two_day,0.5,7,0.5332333833083458,0.5937031484257871
two_day,0.5,7,0.895552223888056,0.8420789605197402
two_day,0.5,7,0.6026986506746627,0.7891054472763618
two_day,0.5,7,0.2908545727136432,0.4947526236881559
two_day,0.5,7,0.39030484757621187,0.18640679660169915
two_day,0.5,7,0.49725137431284355,0.40229885057471265
two_day,0.5,7,0.7901049475262368,0.21839080459770116
two_day,0.5,7,0.19140429785107446,0.19140429785107446
two_day,0.5,7,0.5907046476761619,0.17841079460269865
two_day,0.5,7,0.9065467266366817,0.09345327336331834
two_day,0.5,7,0.6946526736631684,0.7616191904047976
two_day,0.5,7,0.7706146926536732,0.4382808595702149
two_day,0.5,7,0.33383308345827084,0.672663668165917
two_day,0.5,7,0.4642678660669665,0.07646176911544228
two_day,0.5,7,0.28585707146426786,0.13843078460769614
two_day,0.5,7,0.8590704647676162,0.7206396801599201
two_day,0.5,7,0.033483258370814596,0.16941529235382308
two_day,0.5,7,0.6811594202898551,0.4682658670664668
two_day,0.5,7,0.3568215892053973,0.06296851574212893
two_day,0.5,7,0.25287356321839083,0.19640179910044978
two_day,0.5,7,0.9615192403798101,0.5847076461769115
two_day,0.5,7,0.3333333333333333,0.6496751624187906
two_day,0.5,7,0.3828085957021489,0.23338330834582707
two_day,0.5,7,0.9170414792603698,0.7876061969015492
two_day,0.5,7,0.7801099450274862,0.271864067966017
two_day,0.5,7,0.18040979510244878,0.16491754122938532
two_day,0.5,7,0.02048975512243878,0.8280859570214892
two_day,0.5,7,0.2128935532233883,0.39280359820089955
two_day,0.5,7,0.5347326336831584,0.9195402298850575
two_day,0.5,7,0.21839080459770116,0.3458270864567716
two_day,0.5,7,0.3843078460769615,0.4017991004497751
two_day,0.5,7,0.7301349325337332,0.12093953023488256
two_day,0.5,7,0.027486256871564217,0.09945027486256872
two_day,0.5,7,0.4127936031984008,0.3658170914542729
two_day,0.5,7,0.5152423788105946,0.40729635182408797
two_day,0.5,7,0.704647676161919,0.6096951524237881
two_day,0.5,8,0.679160419790105,0.9700149925037481
two_day,0.5,8,0.9000499750124937,0.6081959020489756
two_day,0.5,8,0.7436281859070465,0.8375812093953023
two_day,0.5,8,0.15942028985507245,0.5812093953023488
two_day,0.5,8,0.55872063968016,0.9185407296351824
two_day,0.5,8,0.672663668165917,0.8325837081459271
two_day,0.5,8,0.4027986006996502,0.48425787106446777
two_day,0.5,8,0.6601699150424788,0.012993503248375811
two_day,0.5,8,0.4567716141929036,0.8085957021489255
two_day,0.5,8,0.8640679660169915,0.3918040979510245
two_day,0.5,8,0.42128935532233885,0.13093453273363317
two_day,0.5,8,0.8145927036481759,0.028985507246376812
two_day,0.5,8,0.8780609695152424,0.495752123938031
two_day,0.5,8,0.768615692153923,0.9295352323838081
two_day,0.5,8,0.20539730134932535,0.27136431784107945
two_day,0.5,8,0.9660169915042479,0.456271864067966
two_day,0.5,8,0.15642178910544727,0.6071964017991005
two_day,0.5,8,0.3028485757121439,0.4587706146926537
two_day,0.5,8,0.7321339330334833,0.7481259370314842
two_day,0.5,8,0.7801099450274862,0.16441779110444776
two_day,0.5,8,0.5062468765617192,0.041979010494752625
two_day,0.5,8,0.5177411294352824,0.30884557721139433
two_day,0.5,8,0.46926536731634183,0.36281859070464767
two_day,0.5,8,0.4827586206896552,0.09045477261369315
two_day,0.5,8,0.6446776611694153,0.47926036981509246
two_day,0.5,8,0.018490754622688656,0.8440779610194903
two_day,0.5,8,0.17341329335332334,0.6616691654172914
two_day,0.5,8,0.9105447276361819,0.8060969515242379
two_day,0.5,8,0.10794602698650675,0.9880059970014993
two_day,0.5,8,0.6436781609195402,0.9695152423788106
two_day,0.5,8,0.6341829085457271,0.47926036981509246
two_day,0.5,8,0.033483258370814596,0.08445777111444278
two_day,0.5,8,0.8860569715142429,0.7971014492753623
two_day,0.5,8,0.02498750624687656,0.8640679660169915
two_day,0.5,8,0.5577211394302849,0.20789605197401298
two_day,0.5,8,0.1329335332333833,0.7106446776611695
two_day,0.5,8,0.992503748125937,0.8030984507746127
two_day,0.5,8,0.7401299350324838,0.7071464267866067
two_day,0.5,8,0.5152423788105946,0.32983508245877063
two_day,0.5,8,0.7611194402798601,0.7191404297851074
two_day,0.5,8,0.2888555722138931,0.9345327336331835
two_day,0.5,8,0.4987506246876562,0.24037981009495252
two_day,0.5,8,0.6081959020489756,0.7711144427786107
two_day,0.5,8,0.2908545727136432,0.4542728635682159
two_day,0.5,8,0.6581709145427287,0.9730134932533733
two_day,0.5,8,0.7576211894052973,0.41529235382308843
two_day,0.5,8,0.09045477261369315,0.16241879060469766
two_day,0.5,8,0.9600199900049975,0.21389305347326337
two_day,0.5,8,0.9920039980009995,0.5982008995502249
two_day,0.5,8,0.585207396301849,0.35082458770614694
two_day,0.5,8,0.3148425787106447,0.111944027986007
two_day,0.5,8,0.9500249875062469,0.3353323338330835
two_day,0.5,8,0.3148425787106447,0.8395802098950524
two_day,0.5,8,0.8185907046476761,0.7186406796601699
two_day,0.5,8,0.5552223888055972,0.9600199900049975
two_day,0.5,8,0.6226886556721639,0.08345827086456771
two_day,0.5,8,0.28785607196401797,0.9030484757621189
two_day,0.5,8,0.935032483758121,0.26186906546726635
two_day,0.5,8,0.23238380809595202,0.28585707146426786
two_day,0.5,8,0.9335332333833083,0.9750124937531235
two_day,0.5,8,0.6581709145427287,0.463768115942029
two_day,0.5,8,0.5482258870564718,0.6081959020489756
two_day,0.5,8,0.6936531734132934,0.16991504247876063
two_day,0.5,8,0.0074962518740629685,0.03948025987006497
two_day,0.5,8,0.736631684157921,0.5162418790604698
two_day,0.5,8,0.6746626686656672,0.48575712143928035
two_day,0.5,8,0.6936531734132934,0.8640679660169915
two_day,0.5,8,0.9525237381309345,0.4567716141929036
two_day,0.5,8,0.9425287356321839,0.7636181909045477
two_day,0.5,8,0.7971014492753623,0.9700149925037481
two_day,0.5,8,0.4472763618190905,0.8185907046476761
two_day,0.5,8,0.9075462268865567,0.4382808595702149
two_day,0.5,8,0.4362818590704648,0.5652173913043478
two_day,0.5,8,0.8570714642678661,0.7891054472763618
two_day,0.5,8,0.6731634182908546,0.736631684157921
two_day,0.5,8,0.47926036981509246,0.009995002498750625
two_day,0.5,8,0.5987006496751625,0.6371814092953523
two_day,0.5,8,0.3658170914542729,0.6451774112943528
two_day,0.5,8,0.03948025987006497,0.06046976511744128
two_day,0.5,8,0.4122938530734633,0.25287356321839083
two_day,0.5,8,0.4407796101949025,0.679160419790105
two_day,0.5,8,0.2318840579710145,0.9900049975012494
two_day,0.5,8,0.3353323338330835,0.14342828585707146
two_day,0.5,8,0.3773113443278361,0.9195402298850575
two_day,0.5,8,0.984007996001999,0.9395302348825587
two_day,0.5,8,0.585207396301849,0.912543728135932
two_day,0.5,8,0.9850074962518741,0.3258370814592704
two_day,0.5,8,0.7716141929035483,0.40729635182408797
two_day,0.5,8,0.9380309845077461,0.3473263368315842
two_day,0.5,8,0.05547226386806597,0.18690654672663667
two_day,0.5,8,0.9490254872563718,0.8210894552723638
two_day,0.5,8,0.31284357821089454,0.9515242378810594
two_day,0.5,8,0.3023488255872064,0.9170414792603698
two_day,0.5,8,0.08095952023988005,0.456271864067966
two_day,0.5,8,0.2943528235882059,0.7371314342828585
two_day,0.5,8,0.175912043978011,0.20739630184907545
two_day,0.5,8,0.6191904047976012,0.7311344327836082
two_day,0.5,8,0.6021989005497251,0.3078460769615192
two_day,0.5,8,0.7671164417791104,0.47426286856571714
two_day,0.5,8,0.40379810094952523,0.5182408795602199
two_day,0.5,8,0.4172913543228386,0.44127936031984005
two_day,0.5,8,0.3663168415792104,0.9355322338830585
two_day,0.5,8,0.041979010494752625,0.28835582208895555
two_day,0.5,8,0.585207396301849,0.19790104947526238
two_day,0.5,8,0.33983008495752126,0.6231884057971014
two_day,0.5,8,0.33033483258370816,0.8075962018990505
two_day,0.5,8,0.012993503248375811,0.10694652673663169
two_day,0.5,8,0.895552223888056,0.9330334832583708
two_day,0.5,8,0.4312843578210895,0.6876561719140429
two_day,0.5,8,0.9305347326336831,0.7436281859070465
two_day,0.5,8,0.0864567716141929,0.15542228885557222
two_day,0.5,8,0.1454272863568216,0.027486256871564217
two_day,0.5,8,0.8505747126436781,0.6346826586706646
two_day,0.5,8,0.7101449275362319,0.7396301849075462
two_day,0.5,8,0.022988505747126436,0.06896551724137931
two_day,0.5,8,0.6796601699150425,0.9575212393803099
two_day,0.5,8,0.3343328335832084,0.7016491754122939
two_day,0.5,8,0.7086456771614192,0.1679160419790105
two_day,0.5,8,0.7146426786606697,0.4272863568215892
two_day,0.5,8,0.2688655672163918,0.8425787106446777
two_day,0.5,9,0.33233383308345826,0.6536731634182908
two_day,0.5,9,0.3538230884557721,0.5317341329335332
two_day,0.5,9,0.9470264867566217,0.9725137431284357
two_day,0.5,9,0.735632183908046,0.912543728135932
two_day,0.5,9,0.6581709145427287,0.2958520739630185
two_day,0.5,9,0.9880059970014993,0.7866066966516742
two_day,0.5,9,0.8030984507746127,0.36031984007996004
two_day,0.5,9,0.6186906546726637,0.5412293853073463
two_day,0.5,9,0.9120439780109945,0.6941529235382309
two_day,0.5,9,0.47976011994003,0.993503248375812
two_day,0.5,9,0.3193403298350825,0.5777111444277861
two_day,0.5,9,0.5132433783108445,0.5167416291854073
two_day,0.5,9,0.0769615192403798,0.18590704647676162
two_day,0.5,9,0.5302348825587206,0.7146426786606697
two_day,0.5,9,0.38980509745127434,0.7581209395302348
two_day,0.5,9,0.19590204897551225,0.8615692153923038
two_day,0.5,9,0.5547226386806596,0.05647176411794103
two_day,0.5,9,0.07796101949025487,0.2518740629685157
two_day,0.5,9,0.553223388305847,0.3553223388305847
two_day,0.5,9,0.08895552223888056,0.6401799100449775
two_day,0.5,9,0.14642678660669664,0.544727636181909
two_day,0.5,9,0.4017991004497751,0.7296351824087957
two_day,0.5,9,0.5222388805597201,0.1874062968515742
two_day,0.5,9,0.9450274862568716,0.44127936031984005
two_day,0.5,9,0.4032983508245877,0.6621689155422289
two_day,0.5,9,0.19540229885057472,0.43278360819590206
two_day,0.5,9,0.09745127436281859,0.018490754622688656
two_day,0.5,9,0.4052973513243378,0.3313343328335832
two_day,0.5,9,0.5652173913043478,0.11244377811094453
two_day,0.5,9,0.4707646176911544,0.16741629185407297
two_day,0.5,9,0.9005497251374313,0.32983508245877063
two_day,0.5,9,0.24437781109445278,0.32033983008495753
two_day,0.5,9,0.9465267366316842,0.6341829085457271
two_day,0.5,9,0.8630684657671165,0.8920539730134932
two_day,0.5,9,0.7086456771614192,0.32083958020989506
two_day,0.5,9,0.3058470764617691,0.05897051474262868
two_day,0.5,9,0.5307346326836582,0.011494252873563218
two_day,0.5,9,0.5377311344327836,0.7976011994002998
two_day,0.5,9,0.9020489755122438,0.7031484257871065
two_day,0.5,9,0.09245377311344327,0.2513743128435782
two_day,0.5,9,0.2223888055972014,0.03798100949525238
two_day,0.5,9,0.2843578210894553,0.079960019990005
two_day,0.5,9,0.0734632683658171,0.2983508245877061
two_day,0.5,9,0.559720139930035,0.7586206896551724
two_day,0.5,9,0.3328335832083958,0.13893053473263367
two_day,0.5,9,0.8250874562718641,0.8415792103948025
two_day,0.5,9,0.4237881059470265,0.1924037981009495
two_day,0.5,9,0.5197401299350325,0.9660169915042479
two_day,0.5,9,0.3023488255872064,0.21489255372313842
two_day,0.5,9,0.21889055472263869,0.856071964017991
two_day,0.5,9,0.5462268865567217,0.52023988005997
two_day,0.5,9,0.8055972013993004,0.062468765617191405
two_day,0.5,9,0.8145927036481759,0.5357321339330335
two_day,0.5,9,0.9325337331334332,0.8010994502748626
two_day,0.5,9,0.2638680659670165,0.5342328835582209
two_day,0.5,9,0.841079460269865,0.39980009995002497
two_day,0.5,9,0.5022488755622189,0.24987506246876562
two_day,0.5,9,0.14042978510744628,0.10144927536231885
two_day,0.5,9,0.9600199900049975,0.28735632183908044
two_day,0.5,9,0.8725637181409296,0.30334832583708143
two_day,0.5,9,0.9095452273863068,0.08745627186406797
two_day,0.5,9,0.935032483758121,0.9950024987506247
two_day,0.5,9,0.7481259370314842,0.5572213893053474
two_day,0.5,9,0.6331834082958521,0.8440779610194903
two_day,0.5,9,0.29535232383808097,0.9850074962518741
two_day,0.5,9,0.2703648175912044,0.4352823588205897
two_day,0.5,9,0.06046976511744128,0.14292853573213393
two_day,0.5,9,0.3868065967016492,0.7326336831584208
two_day,0.5,9,0.31784107946026985,0.10944527736131934
two_day,0.5,9,0.40379810094952523,0.20889555222388806
two_day,0.5,9,0.6826586706646677,0.8685657171414293
two_day,0.5,9,0.5937031484257871,0.3028485757121439
two_day,0.5,9,0.8840579710144928,0.4002998500749625
two_day,0.5,9,0.4947526236881559,0.25037481259370314
two_day,0.5,9,0.18340829585207397,0.9035482258870565
two_day,0.5,9,0.4572713643178411,0.447776111944028
two_day,0.5,9,0.029985007496251874,0.9315342328835582
two_day,0.5,9,0.22138930534732634,0.2723638180909545
two_day,0.5,9,0.7886056971514243,0.7536231884057971
two_day,0.5,9,0.5502248875562219,0.9335332333833083
two_day,0.5,9,0.08395802098950525,0.17491254372813594
two_day,0.5,9,0.7886056971514243,0.04597701149425287
two_day,0.5,9,0.5417291354322838,0.7176411794102948
two_day,0.5,9,0.8665667166416792,0.27586206896551724
two_day,0.5,9,0.0014992503748125937,0.0704647676161919
two_day,0.5,9,0.5892053973013494,0.6951524237881059
two_day,0.5,9,0.3818090954522739,0.4767616191904048
two_day,0.5,9,0.5072463768115942,0.697151424287856
two_day,0.5,9,0.9820089955022488,0.6541729135432284
two_day,0.5,9,0.6181909045477262,0.4257871064467766
two_day,0.5,9,0.6851574212893553,0.38580709645177413
two_day,0.5,9,0.047976011994003,0.5537231384307846
two_day,0.5,9,0.9365317341329336,0.663168415792104
two_day,0.5,9,0.3023488255872064,0.5692153923038481
two_day,0.5,9,0.4817591204397801,0.1489255372313843
two_day,0.5,9,0.019490254872563718,0.09045477261369315
two_day,0.5,9,0.9635182408795602,0.2748625687156422
two_day,0.5,9,0.7891054472763618,0.7411294352823589
two_day,0.5,9,0.16741629185407297,0.8875562218890555
two_day,0.5,9,0.4397801099450275,0.9930034982508745
two_day,0.5,9,0.3488255872063968,0.4767616191904048
two_day,0.5,9,0.49975012493753124,0.9800099950024987
two_day,0.5,9,0.07196401799100449,0.3683158420789605
two_day,0.5,9,0.12593703148425786,0.9400299850074962
two_day,0.5,9,0.49525237381309345,0.6671664167916042
two_day,0.5,9,0.6101949025487257,0.9910044977511244
two_day,0.5,9,0.8715642178910544,0.11294352823588207
two_day,0.5,9,0.5782108945527237,0.6151924037981009
two_day,0.5,9,0.6406796601699151,0.993503248375812
two_day,0.5,9,0.7571214392803598,0.7791104447776112
two_day,0.5,9,0.18190904547726136,0.9780109945027486
two_day,0.5,9,0.11044477761119441,0.863568215892054
two_day,0.5,9,0.06896551724137931,0.04447776111944028
two_day,0.5,9,0.41879060469765117,0.28535732133933034
two_day,0.5,9,0.48125937031484256,0.8260869565217391
two_day,0.5,9,0.9090454772613693,0.05547226386806597
two_day,0.5,9,0.5657171414292853,0.9400299850074962
two_day,0.5,9,0.26686656671664166,0.1089455272363818
two_day,0.5,9,0.24537731134432783,0.5147426286856571
two_day,0.5,9,0.2798600699650175,0.33983008495752126
two_day,0.5,10,0.8585707146426786,0.017491254372813594
two_day,0.5,10,0.8810594702648675,0.5302348825587206
two_day,0.5,10,0.5937031484257871,0.4447776111944028
two_day,0.5,10,0.8735632183908046,0.2898550724637681
two_day,0.5,10,0.02948525737131434,0.760119940029985
two_day,0.5,10,0.2773613193403298,0.6156921539230384
two_day,0.5,10,0.09895052473763119,0.17191404297851073
two_day,0.5,10,0.3218390804597701,0.729135432283858
two_day,0.5,10,0.2613693153423288,0.6861569215392304
two_day,0.5,10,0.8110944527736131,0.5762118940529735
two_day,0.5,10,0.6936531734132934,0.5412293853073463
two_day,0.5,10,0.5882058970514743,0.8865567216391804
two_day,0.5,10,0.5432283858070964,0.8160919540229885
two_day,0.5,10,0.6936531734132934,0.12893553223388307
two_day,0.5,10,0.40229885057471265,0.3028485757121439
two_day,0.5,10,0.9035482258870565,0.63968015992004
two_day,0.5,10,0.7106446776611695,0.375312343828086
two_day,0.5,10,0.0559720139930035,0.14392803598200898
two_day,0.5,10,0.8030984507746127,0.8780609695152424
two_day,0.5,10,0.9780109945027486,0.5132433783108445
two_day,0.5,10,0.7871064467766117,0.5177411294352824
two_day,0.5,10,0.8265867066466767,0.824087956021989
two_day,0.5,10,0.8015992003998001,0.47976011994003
two_day,0.5,10,0.054972513743128434,0.0239880059970015
two_day,0.5,10,0.9885057471264368,0.9640179910044977
two_day,0.5,10,0.45027486256871563,0.050474762618690654
two_day,0.5,10,0.6826586706646677,0.3588205897051474
two_day,0.5,10,0.8060969515242379,0.1359320339830085
two_day,0.5,10,0.9760119940029985,0.9085457271364318
two_day,0.5,10,0.14942528735632185,0.9780109945027486
two_day,0.5,10,0.7841079460269865,0.2928535732133933
two_day,0.5,10,0.8420789605197402,0.6696651674162919
two_day,0.5,10,0.25537231384307846,0.4302848575712144
two_day,0.5,10,0.07146426786606697,0.12643678160919541
two_day,0.5,10,0.47876061969015493,0.4272863568215892
two_day,0.5,10,0.6896551724137931,0.8195902048975512
two_day,0.5,10,0.7636181909045477,0.36081959020489757
two_day,0.5,10,0.8145927036481759,0.9340329835082459
two_day,0.5,10,0.3428285857071464,0.9560219890054973
two_day,0.5,10,0.9780109945027486,0.5362318840579711
two_day,0.5,10,0.848575712143928,0.9655172413793104
two_day,0.5,10,0.239880059970015,0.22788605697151423
two_day,0.5,10,0.42828585707146427,0.41179410294852575
two_day,0.5,10,0.4217891054472764,0.657671164417791
two_day,0.5,10,0.09845077461269365,0.26636681659170414
two_day,0.5,10,0.7801099450274862,0.5352323838080959
two_day,0.5,10,0.13393303348325838,0.1794102948525737
two_day,0.5,10,0.6471764117941029,0.1184407796101949
two_day,0.5,10,0.5302348825587206,0.6936531734132934
two_day,0.5,10,0.26636681659170414,0.7031484257871065
two_day,0.5,10,0.10094952523738131,0.20839580209895053
two_day,0.5,10,0.10694652673663169,0.07746126936531735
two_day,0.5,10,0.10594702648675662,0.696151924037981
two_day,0.5,10,0.10794602698650675,0.13143428285857073
two_day,0.5,10,0.8745627186406797,0.014992503748125937
two_day,0.5,10,0.280359820089955,0.17641179410294852
two_day,0.5,10,0.8100949525237381,0.5287356321839081
two_day,0.5,10,0.9245377311344328,0.19540229885057472
two_day,0.5,10,0.08595702148925537,0.2383808095952024
two_day,0.5,10,0.8480759620189905,0.4222888555722139
two_day,0.5,10,0.7731134432783608,0.8700649675162418
two_day,0.5,10,0.8775612193903048,0.5287356321839081
two_day,0.5,10,0.49525237381309345,0.1329335332333833
two_day,0.5,10,0.02798600699650175,0.9180409795102449
two_day,0.5,10,0.3808095952023988,0.23488255872063968
two_day,0.5,10,0.8555722138930535,0.32533733133433285
two_day,0.5,10,0.1934032983508246,0.6691654172913544
two_day,0.5,10,0.07846076961519241,0.43278360819590206
two_day,0.5,10,0.7161419290354822,0.7926036981509246
two_day,0.5,10,0.4332833583208396,0.6511744127936032
two_day,0.5,10,0.26786606696651677,0.5082458770614693
two_day,0.5,10,0.6361819090454772,0.44127936031984005
two_day,0.5,10,0.2478760619690155,0.7916041979010495
two_day,0.5,10,0.6941529235382309,0.12243878060969515
two_day,0.5,10,0.6991504247876063,0.5037481259370314
two_day,0.5,10,0.4257871064467766,0.9780109945027486
two_day,0.5,10,0.02948525737131434,0.005497251374312844
two_day,0.5,10,0.8480759620189905,0.42778610694652675
two_day,0.5,10,0.47876061969015493,0.8450774612693653
two_day,0.5,10,0.8440779610194903,0.5542228885557221
two_day,0.5,10,0.0069965017491254375,0.025987006496751622
two_day,0.5,10,0.6196901549225388,0.4912543728135932
two_day,0.5,10,0.07946026986506746,0.6471764117941029
two_day,0.5,10,0.2768615692153923,0.23088455772113944
two_day,0.5,10,0.22288855572213892,0.4607696151924038
two_day,0.5,10,0.4512743628185907,0.11794102948525736
two_day,0.5,10,0.47226386806596704,0.3888055972013993
two_day,0.5,10,0.729135432283858,0.08995502248875563
two_day,0.5,10,0.5262368815592204,1.0
two_day,0.5,10,0.9660169915042479,0.7126436781609196
two_day,0.5,10,0.6581709145427287,0.26786606696651677
two_day,0.5,10,0.13393303348325838,0.5797101449275363
two_day,0.5,10,0.6186906546726637,0.7746126936531734
two_day,0.5,10,0.4127936031984008,0.848575712143928
two_day,0.5,10,0.05347326336831584,0.5292353823088456
two_day,0.5,10,0.41879060469765117,0.7076461769115442
two_day,0.5,10,0.7811094452773614,0.7671164417791104
two_day,0.5,10,0.7416291854072964,0.657671164417791
two_day,0.5,10,0.5097451274362819,0.30934532733633185
two_day,0.5,10,0.782608695652174,0.7371314342828585
two_day,0.5,10,0.7741129435282359,0.5072463768115942
two_day,0.5,10,0.7446276861569215,0.46676661669165415
two_day,0.5,10,0.43428285857071464,0.4892553723138431
two_day,0.5,10,0.5582208895552224,0.7256371814092953
two_day,0.5,10,0.7076461769115442,0.11294352823588207
two_day,0.5,10,0.5867066466766616,0.5072463768115942
two_day,0.5,10,0.5722138930534733,0.9080459770114943
two_day,0.5,10,0.27386306846576713,0.4052973513243378
two_day,0.5,10,0.8835582208895553,0.5097451274362819
two_day,0.5,10,0.3758120939530235,0.2048975512243878
two_day,0.5,10,0.15342328835582209,0.3613193403298351
two_day,0.5,10,0.6116941529235382,0.7096451774112944
two_day,0.5,10,0.02048975512243878,0.15742128935532235
two_day,0.5,10,0.42478760619690153,0.7306346826586707
two_day,0.5,10,0.3828085957021489,0.760119940029985
two_day,0.5,10,0.5012493753123438,0.44377811094452774
two_day,0.5,10,0.7326336831584208,0.6351824087956022
two_day,0.5,10,0.7451274362818591,0.0014992503748125937
two_day,0.5,10,0.01899050474762619,0.8040979510244878
two_day,0.5,10,0.5072463768115942,0.4862568715642179
two_day,0.5,11,0.41329335332333833,0.36931534232883556
two_day,0.5,11,0.2908545727136432,0.06546726636681659
two_day,0.5,11,0.9865067466266867,0.6176911544227887
two_day,0.5,11,0.18640679660169915,0.5207396301849075
two_day,0.5,11,0.5567216391804098,0.1489255372313843
two_day,0.5,11,0.344327836081959,0.8355822088955522
two_day,0.5,11,0.6761619190404797,0.5957021489255372
two_day,0.5,11,0.6496751624187906,0.20039980009995004
two_day,0.5,11,0.6981509245377311,0.5822088955522239
two_day,0.5,11,0.7236381809095452,0.06796601699150424
two_day,0.5,11,0.13543228385807096,0.6926536731634183
two_day,0.5,11,0.8490754622688655,0.46926536731634183
two_day,0.5,11,0.43728135932033985,0.9795102448775612
two_day,0.5,11,0.9860069965017492,0.6401799100449775
two_day,0.5,11,0.9215392303848076,0.8660669665167416
two_day,0.5,11,0.3793103448275862,0.9090454772613693
two_day,0.5,11,0.431784107946027,0.23388305847076463
two_day,0.5,11,0.31384307846076964,0.29535232383808097
two_day,0.5,11,0.7561219390304847,0.8020989505247377
two_day,0.5,11,0.5827086456771614,0.3503248375812094
two_day,0.5,11,0.920039980009995,0.19290354822588707
two_day,0.5,11,0.24687656171914044,0.04697651174412794
two_day,0.5,11,0.2798600699650175,0.6746626686656672
two_day,0.5,11,0.15692153923038482,0.3453273363318341
two_day,0.5,11,0.9835082458770614,0.06846576711644178
two_day,0.5,11,0.13693153423288357,0.5007496251874063
two_day,0.5,11,0.4497751124437781,0.7326336831584208
two_day,0.5,11,0.9090454772613693,0.9140429785107447
two_day,0.5,11,0.44177911044477763,0.3243378310844578
two_day,0.5,11,0.2433783108445777,0.824087956021989
two_day,0.5,11,0.19540229885057472,0.8840579710144928
two_day,0.5,11,0.3968015992003998,0.9020489755122438
two_day,0.5,11,0.44677661169415295,0.5422288855572214
two_day,0.5,11,0.2683658170914543,0.5717141429285357
two_day,0.5,11,0.23588205897051473,0.34832583708145926
two_day,0.5,11,0.30634682658670664,0.8290854572713643
two_day,0.5,11,0.1729135432283858,0.3493253373313343
two_day,0.5,11,0.9610194902548725,0.8285857071464268
two_day,0.5,11,0.7176411794102948,0.3988005997001499
two_day,0.5,11,0.9880059970014993,0.8220889555222389
two_day,0.5,11,0.15592203898050974,0.800599700149925
two_day,0.5,11,0.5887056471764118,0.8250874562718641
two_day,0.5,11,0.24987506246876562,0.6976511744127936
two_day,0.5,11,0.48425787106446777,0.5537231384307846
two_day,0.5,11,0.38630684657671166,0.9235382308845578
two_day,0.5,11,0.17841079460269865,0.5972013993003499
two_day,0.5,11,0.5817091454272864,0.9180409795102449
two_day,0.5,11,0.30634682658670664,0.9665167416291854
two_day,0.5,11,0.4362818590704648,0.17541229385307347
two_day,0.5,11,0.3698150924537731,0.4767616191904048
two_day,0.5,11,0.5012493753123438,0.0559720139930035
two_day,0.5,11,0.5977011494252874,0.5422288855572214
two_day,0.5,11,0.18190904547726136,0.7386306846576711
two_day,0.5,11,0.29735132433783107,0.8180909545227386
two_day,0.5,11,0.5497251374312844,0.6496751624187906
two_day,0.5,11,0.0239880059970015,0.19490254872563717
two_day,0.5,11,0.46776611694152925,0.11494252873563218
two_day,0.5,11,0.711144427786107,0.7906046976511744
two_day,0.5,11,0.2993503248375812,0.39280359820089955
two_day,0.5,11,0.5507246376811594,0.29235382308845576
two_day,0.5,11,0.28085957021489255,0.8105947026486756
two_day,0.5,11,0.5677161419290355,0.10794602698650675
two_day,0.5,11,0.4662668665667166,0.4002998500749625
two_day,0.5,11,0.40929535232383807,0.08695652173913043
two_day,0.5,11,0.4862568715642179,0.9870064967516242
two_day,0.5,11,0.05647176411794103,0.711144427786107
two_day,0.5,11,0.2353823088455772,0.7231384307846077
two_day,0.5,11,0.9170414792603698,0.8085957021489255
two_day,0.5,11,0.44227886056971516,0.3153423288355822
two_day,0.5,11,0.9165417291354323,0.8420789605197402
two_day,0.5,11,0.7956021989005497,0.1634182908545727
two_day,0.5,11,0.16541729135432284,0.2723638180909545
two_day,0.5,11,0.1809095452273863,1.0
two_day,0.5,11,0.1839080459770115,0.3378310844577711
two_day,0.5,11,0.42278860569715143,0.5857071464267866
two_day,0.5,11,0.223888055972014,0.17391304347826086
two_day,0.5,11,0.769615192403798,0.9815092453773113
two_day,0.5,11,0.993503248375812,0.21139430284857572
two_day,0.5,11,0.7176411794102948,0.6166916541729135
two_day,0.5,11,0.41629185407296354,0.927536231884058
two_day,0.5,11,0.2613693153423288,0.712143928035982
two_day,0.5,11,0.4147926036981509,0.9030484757621189
two_day,0.5,11,0.9835082458770614,0.00399800099950025
two_day,0.5,11,0.07746126936531735,0.8120939530234883
two_day,0.5,11,0.6786606696651675,0.8830584707646177
two_day,0.5,11,0.21889055472263869,0.9850074962518741
two_day,0.5,11,0.9600199900049975,0.19290354822588707
two_day,0.5,11,0.7271364317841079,0.9710144927536232
two_day,0.5,11,0.4017991004497751,0.059470264867566215
two_day,0.5,11,0.45027486256871563,0.3548225887056472
two_day,0.5,11,0.8035982008995503,0.5077461269365318
two_day,0.5,11,0.1854072963518241,0.1454272863568216
two_day,0.5,11,0.4077961019490255,0.4107946026986507
two_day,0.5,11,0.36681659170414793,0.8345827086456772
two_day,0.5,11,0.127936031984008,0.6916541729135433
two_day,0.5,11,0.7041479260369815,0.28835582208895555
two_day,0.5,11,0.9725137431284357,0.16491754122938532
two_day,0.5,11,0.551224387806097,0.3553223388305847
two_day,0.5,11,0.6686656671664168,0.8780609695152424
two_day,0.5,11,0.8775612193903048,0.9260369815092454
two_day,0.5,11,0.01649175412293853,0.28235882058970513
two_day,0.5,11,0.9080459770114943,0.2048975512243878
two_day,0.5,11,0.025487256371814093,0.047976011994003
two_day,0.5,11,0.13343328335832083,0.7066466766616691
two_day,0.5,11,0.18940529735132433,0.8565717141429285
two_day,0.5,11,0.984007996001999,0.36231884057971014
two_day,0.5,11,0.44677661169415295,0.711144427786107
two_day,0.5,11,0.31134432783608196,0.9325337331334332
two_day,0.5,11,0.2383808095952024,0.09295352323838081
two_day,0.5,11,0.6626686656671664,0.7076461769115442
two_day,0.5,11,0.37231384307846077,0.6131934032983508
two_day,0.5,11,0.5357321339330335,0.9760119940029985
two_day,0.5,11,0.8700649675162418,0.760119940029985
two_day,0.5,11,0.5017491254372813,0.07646176911544228
two_day,0.5,11,0.9395302348825587,1.0
two_day,0.5,11,0.5327336331834083,0.10644677661169415
two_day,0.5,11,0.4622688655672164,0.9645177411294353
two_day,0.5,11,0.9460269865067467,0.7526236881559221
two_day,0.5,11,0.0944527736131934,0.8750624687656172
two_day,0.5,11,0.08995502248875563,0.03798100949525238
two_day,0.5,12,0.6361819090454772,0.3868065967016492
two_day,0.5,12,0.4217891054472764,0.4142928535732134
two_day,0.5,12,0.37881059470264866,0.6191904047976012
two_day,0.5,12,0.8845577211394303,0.975512243878061
two_day,0.5,12,0.06646676661669165,0.9730134932533733
two_day,0.5,12,0.019490254872563718,0.2158920539730135
two_day,0.5,12,0.7541229385307346,0.16091954022988506
two_day,0.5,12,0.027486256871564217,0.8970514742628686
two_day,0.5,12,0.21339330334832585,0.656671664167916
two_day,0.5,12,0.9335332333833083,0.8860569715142429
two_day,0.5,12,0.3953023488255872,0.7876061969015492
two_day,0.5,12,0.7051474262868566,0.8570714642678661
two_day,0.5,12,0.4382808595702149,0.5172413793103449
two_day,0.5,12,0.936031984007996,0.15892053973013492
two_day,0.5,12,0.7991004497751124,0.03298350824587706
two_day,0.5,12,0.12443778110944528,0.8525737131434283
two_day,0.5,12,0.735632183908046,0.8570714642678661
two_day,0.5,12,0.6281859070464768,0.09745127436281859
two_day,0.5,12,0.4737631184407796,0.22188905547226387
two_day,0.5,12,0.9895052473763118,0.5972013993003499
two_day,0.5,12,0.39480259870064965,0.006496751624187906
two_day,0.5,12,0.8415792103948025,0.5807096451774113
two_day,0.5,12,0.9570214892553723,0.8190904547726137
two_day,0.5,12,0.30684657671164417,0.6061969015492253
two_day,0.5,12,0.9785107446276862,0.559720139930035
two_day,0.5,12,0.3378310844577711,0.012993503248375811
two_day,0.5,12,0.3683158420789605,0.5962018990504747
two_day,0.5,12,0.09345327336331834,0.001999000499750125
two_day,0.5,12,0.3188405797101449,0.8710644677661169
two_day,0.5,12,0.8555722138930535,0.9685157421289355
two_day,0.5,12,0.8510744627686156,0.28385807096451776
two_day,0.5,12,0.8490754622688655,0.3073463268365817
two_day,0.5,12,0.6596701649175413,0.2988505747126437
two_day,0.5,12,0.3968015992003998,0.9190404797601199
two_day,0.5,12,0.2223888055972014,0.06746626686656672
two_day,0.5,12,0.13343328335832083,0.049475262368815595
two_day,0.5,12,0.5027486256871564,0.27786106946526734
two_day,0.5,12,0.45377311344327836,0.7321339330334833
two_day,0.5,12,0.6041979010494752,0.888055972013993
two_day,0.5,12,0.889055472263868,0.7541229385307346
two_day,0.5,12,0.8780609695152424,0.49975012493753124
two_day,0.5,12,0.20089955022488756,0.4917541229385307
two_day,0.5,12,0.10144927536231885,0.48375812093953025
two_day,0.5,12,0.7221389305347327,0.9540229885057471
two_day,0.5,12,0.7386306846576711,0.7161419290354822
two_day,0.5,12,0.26286856571714146,0.6561719140429785
two_day,0.5,12,0.8725637181409296,0.8785607196401799
two_day,0.5,12,0.40379810094952523,0.2848575712143928
two_day,0.5,12,0.3403298350824588,0.4122938530734633
two_day,0.5,12,0.8855572213893054,0.36531734132933535
two_day,0.5,12,0.015492253873063468,0.7316341829085458
two_day,0.5,12,0.1629185407296352,0.592703648175912
two_day,0.5,12,0.2898550724637681,0.1024487756121939
two_day,0.5,12,0.9610194902548725,0.29235382308845576
two_day,0.5,12,0.1774112943528236,0.6541729135432284
two_day,0.5,12,0.5082458770614693,0.13243378310844578
two_day,0.5,12,0.424287856071964,0.9270364817591205
two_day,0.5,12,0.7221389305347327,0.6571714142928535
two_day,0.5,12,0.037481259370314844,0.45177411294352826
two_day,0.5,12,0.800599700149925,0.8650674662668666
two_day,0.5,12,0.6691654172913544,0.24687656171914044
two_day,0.5,12,0.6146926536731634,0.9260369815092454
two_day,0.5,12,0.4387806096951524,0.6066966516741629
two_day,0.5,12,0.592703648175912,0.14642678660669664
two_day,0.5,12,0.5187406296851574,0.23938030984507747
two_day,0.5,12,0.08495752123938032,0.11094452773613193
two_day,0.5,12,0.21639180409795103,0.42478760619690153
two_day,0.5,12,0.33233383308345826,0.09795102448775612
two_day,0.5,12,0.49025487256371814,0.49775112443778113
two_day,0.5,12,0.7606196901549226,0.5902048975512244
two_day,0.5,12,0.935032483758121,0.2908545727136432
two_day,0.5,12,0.7436281859070465,0.10594702648675662
two_day,0.5,12,0.3328335832083958,0.3453273363318341
two_day,0.5,12,0.5662168915542228,0.927536231884058
two_day,0.5,12,0.5157421289355323,0.664167916041979
two_day,0.5,12,0.06996501749125437,0.6896551724137931
two_day,0.5,12,0.5072463768115942,0.5167416291854073
two_day,0.5,12,0.07246376811594203,0.06796601699150424
two_day,0.5,12,0.5932033983008496,0.7636181909045477
two_day,0.5,12,0.2988505747126437,0.7986006996501749
two_day,0.5,12,0.5022488755622189,0.25087456271864067
two_day,0.5,12,0.6191904047976012,0.25287356321839083
two_day,0.5,12,0.40929535232383807,0.32533733133433285
two_day,0.5,12,0.43228385807096453,0.4947526236881559
two_day,0.5,12,0.3238380809595202,0.8745627186406797
two_day,0.5,12,0.13193403298350825,0.6701649175412294
two_day,0.5,12,0.4062968515742129,0.5492253873063468
two_day,0.5,12,0.511744127936032,0.9535232383808095
two_day,0.5,12,0.8340829585207397,0.07146426786606697
two_day,0.5,12,0.862568715642179,0.8160919540229885
two_day,0.5,12,0.6941529235382309,0.623688155922039
two_day,0.5,12,0.6261869065467266,0.6496751624187906
two_day,0.5,12,0.4687656171914043,0.7211394302848576
two_day,0.5,12,0.6141929035482259,0.2063968015992004
two_day,0.5,12,0.8140929535232384,0.9065467266366817
two_day,0.5,12,0.7831084457771115,0.5572213893053474
two_day,0.5,12,0.48075962018990503,0.9665167416291854
two_day,0.5,12,0.8825587206396801,0.47626186906546725
two_day,0.5,12,0.7811094452773614,0.967016491754123
two_day,0.5,12,0.050474762618690654,0.9060469765117442
two_day,0.5,12,0.43478260869565216,0.2273863068465767
two_day,0.5,12,0.7766116941529235,0.39480259870064965
two_day,0.5,12,0.4732633683158421,0.011494252873563218
two_day,0.5,12,0.2708645677161419,0.11444277861069466
two_day,0.5,12,0.18940529735132433,0.9660169915042479
two_day,0.5,12,0.063968015992004,0.760119940029985
two_day,0.5,12,0.11344327836081959,0.9345327336331835
two_day,0.5,12,0.48125937031484256,0.7041479260369815
two_day,0.5,12,0.7346326836581709,0.2563718140929535
two_day,0.5,12,0.936031984007996,0.8910544727636182
two_day,0.5,12,0.3548225887056472,0.6461769115442278
two_day,0.5,12,0.8875562218890555,0.750624687656172
two_day,0.5,12,0.19940029985007496,0.7216391804097951
two_day,0.5,12,0.48875562218890556,0.928535732133933
two_day,0.5,12,0.008995502248875561,0.037481259370314844
two_day,0.5,12,0.37381309345327335,0.020989505247376312
two_day,0.5,12,0.7576211894052973,0.5772113943028486
two_day,0.5,12,0.4542728635682159,0.5712143928035982
two_day,0.5,12,0.14342828585707146,0.9395302348825587
two_day,0.5,12,0.21239380309845077,0.16841579210394803
two_day,0.5,13,0.991504247876062,0.7166416791604198
two_day,0.5,13,0.7721139430284858,0.904047976011994
two_day,0.5,13,0.9950024987506247,0.7791104447776112
two_day,0.5,13,0.5897051474262869,0.95952023988006
two_day,0.5,13,0.7491254372813593,0.31584207896051975
two_day,0.5,13,0.12643678160919541,0.3103448275862069
two_day,0.5,13,0.3638180909545227,0.6816591704147926
two_day,0.5,13,0.3823088455772114,0.5892053973013494
two_day,0.5,13,0.3523238380809595,0.9105447276361819
two_day,0.5,13,0.784607696151924,0.9560219890054973
two_day,0.5,13,0.6416791604197901,0.3293353323338331
two_day,0.5,13,0.5302348825587206,0.6756621689155422
two_day,0.5,13,0.9955022488755623,0.08545727136431784
two_day,0.5,13,0.8070964517741129,0.42328835582208896
two_day,0.5,13,0.8265867066466767,0.07646176911544228
two_day,0.5,13,0.6761619190404797,0.1854072963518241
two_day,0.5,13,0.7491254372813593,0.6876561719140429
two_day,0.5,13,0.14642678660669664,0.5557221389305347
two_day,0.5,13,0.7886056971514243,0.32983508245877063
two_day,0.5,13,0.5857071464267866,0.16491754122938532
two_day,0.5,13,0.6881559220389805,0.25837081459270367
two_day,0.5,13,0.15242378810594703,0.4617691154422789
two_day,0.5,13,0.5807096451774113,0.9115442278860569
two_day,0.5,13,0.5372313843078461,0.6476761619190404
two_day,0.5,13,0.6326836581709145,0.7711144427786107
two_day,0.5,13,0.9410294852573713,0.25787106446776614
two_day,0.5,13,0.15342328835582209,0.36281859070464767
two_day,0.5,13,0.7646176911544228,0.34332833583208394
two_day,0.5,13,0.08095952023988005,0.44177911044477763
two_day,0.5,13,0.9760119940029985,0.6881559220389805
two_day,0.5,13,0.33883058470764615,0.0014992503748125937
two_day,0.5,13,0.3403298350824588,0.8640679660169915
two_day,0.5,13,0.4917541229385307,0.2783608195902049
two_day,0.5,13,0.5307346326836582,0.6251874062968515
two_day,0.5,13,0.6271864067966016,0.638680659670165
two_day,0.5,13,0.6841579210394803,0.26286856571714146
two_day,0.5,13,0.8255872063968016,0.9820089955022488
two_day,0.5,13,0.33683158420789605,0.5812093953023488
two_day,0.5,13,0.7031484257871065,0.13943028485757122
two_day,0.5,13,0.5242378810594702,0.45377311344327836
two_day,0.5,13,0.10844577711144428,0.3448275862068966
two_day,0.5,13,0.13793103448275862,0.001999000499750125
two_day,0.5,13,0.5687156421789106,0.42328835582208896
two_day,0.5,13,0.8525737131434283,0.816591704147926
two_day,0.5,13,0.08945527236381809,0.09095452273863068
two_day,0.5,13,0.7141429285357321,0.7296351824087957
two_day,0.5,13,0.5072463768115942,0.5757121439280359
two_day,0.5,13,0.01249375312343828,0.7811094452773614
two_day,0.5,13,0.9880059970014993,0.4052973513243378
two_day,0.5,13,0.4337831084457771,0.8420789605197402
two_day,0.5,13,0.2318840579710145,0.0944527736131934
two_day,0.5,13,0.05897051474262868,0.1679160419790105
two_day,0.5,13,0.8545727136431784,0.2988505747126437
two_day,0.5,13,0.16141929035482258,0.6446776611694153
two_day,0.5,13,0.6906546726636682,0.8360819590204898
two_day,0.5,13,0.06096951524237881,0.26286856571714146
two_day,0.5,13,0.08195902048975512,0.15442278860569716
two_day,0.5,13,0.7741129435282359,0.5272363818090955
two_day,0.5,13,0.6996501749125438,0.9135432283858071
two_day,0.5,13,0.9395302348825587,0.9380309845077461
two_day,0.5,13,0.5562218890554723,0.3408295852073963
two_day,0.5,13,0.5962018990504747,0.9305347326336831
two_day,0.5,13,0.9265367316341829,0.8085957021489255
two_day,0.5,13,0.6501749125437282,0.13143428285857073
two_day,0.5,13,0.6966516741629185,0.5207396301849075
two_day,0.5,13,0.7986006996501749,0.2928535732133933
two_day,0.5,13,0.2143928035982009,0.05897051474262868
two_day,0.5,13,0.8495752123938031,0.02798600699650175
two_day,0.5,13,0.7246376811594203,0.9535232383808095
two_day,0.5,13,0.5632183908045977,0.4097951024487756
two_day,0.5,13,0.017991004497751123,0.21139430284857572
two_day,0.5,13,0.4572713643178411,0.11094452773613193
two_day,0.5,13,0.2538730634682659,0.0004997501249375312
two_day,0.5,13,0.5302348825587206,0.9290354822588706
two_day,0.5,13,0.48575712143928035,0.3293353323338331
two_day,0.5,13,0.028985507246376812,0.2768615692153923
two_day,0.5,13,0.6531734132933533,0.8725637181409296
two_day,0.5,13,0.36481759120439783,0.0079960019990005
two_day,0.5,13,0.768615692153923,0.8055972013993004
two_day,0.5,13,0.7311344327836082,0.447776111944028
two_day,0.5,13,0.6091954022988506,0.30434782608695654
two_day,0.5,13,0.2368815592203898,0.6041979010494752
two_day,0.5,13,0.2368815592203898,0.31084457771114443
two_day,0.5,13,0.8255872063968016,0.8595702148925537
two_day,0.5,13,0.7741129435282359,0.18640679660169915
two_day,0.5,13,0.769615192403798,0.5012493753123438
two_day,0.5,13,0.5957021489255372,0.13343328335832083
two_day,0.5,13,0.8770614692653673,0.12993503248375812
two_day,0.5,13,0.6406796601699151,0.6781609195402298
two_day,0.5,13,0.2938530734632684,0.631184407796102
two_day,0.5,13,0.5827086456771614,0.383808095952024
two_day,0.5,13,0.8115942028985508,0.11044477761119441
two_day,0.5,13,0.3853073463268366,0.1969015492253873
two_day,0.5,13,0.6941529235382309,0.17891054472763618
two_day,0.5,13,0.6471764117941029,0.5362318840579711
two_day,0.5,13,0.04397801099450275,0.3103448275862069
two_day,0.5,13,0.8510744627686156,0.9830084957521239
two_day,0.5,13,0.4407796101949025,0.5922038980509745
two_day,0.5,13,0.9195402298850575,0.6591704147926037
two_day,0.5,13,0.5162418790604698,0.7796101949025487
two_day,0.5,13,0.8580709645177411,0.9760119940029985
two_day,0.5,13,0.7106446776611695,0.5847076461769115
two_day,0.5,13,0.27936031984008,0.38980509745127434
two_day,0.5,13,0.6041979010494752,0.5967016491754122
two_day,0.5,13,0.12143928035982009,0.8130934532733634
two_day,0.5,13,0.9225387306346826,0.3333333333333333
two_day,0.5,13,0.4817591204397801,0.9250374812593704
two_day,0.5,13,0.5677161419290355,0.3963018490754623
two_day,0.5,13,0.4672663668165917,0.47976011994003
two_day,0.5,13,0.9760119940029985,0.935032483758121
two_day,0.5,13,0.39430284857571213,0.26786606696651677
two_day,0.5,13,0.3333333333333333,0.5212393803098451
two_day,0.5,13,0.6096951524237881,0.00399800099950025
two_day,0.5,13,0.2178910544727636,0.9005497251374313
two_day,0.5,13,0.23738130934532733,0.19790104947526238
two_day,0.5,13,0.8670664667666167,0.8275862068965517
two_day,0.5,13,0.7361319340329835,0.936031984007996
two_day,0.5,13,0.10444777611194403,0.13143428285857073
two_day,0.5,13,0.39780109945027486,0.7576211894052973
two_day,0.5,13,0.07896051974012994,0.7466266866566716
two_day,0.5,14,0.4827586206896552,0.39280359820089955
two_day,0.5,14,0.7976011994002998,0.5227386306846576
two_day,0.5,14,0.1294352823588206,0.17341329335332334
two_day,0.5,14,0.9765117441279361,0.5217391304347826
two_day,0.5,14,0.8450774612693653,0.856071964017991
two_day,0.5,14,0.440279860069965,0.5262368815592204
two_day,0.5,14,0.033483258370814596,0.7306346826586707
two_day,0.5,14,0.1054472763618191,0.063968015992004
two_day,0.5,14,0.18840579710144928,0.5407296351824088
two_day,0.5,14,0.03698150924537731,0.38830584707646176
two_day,0.5,14,0.17041479260369816,0.031484257871064465
two_day,0.5,14,0.8215892053973014,0.23938030984507747
two_day,0.5,14,0.16991504247876063,0.1629185407296352
two_day,0.5,14,0.7456271864067966,0.5477261369315343
two_day,0.5,14,0.5472263868065967,0.3868065967016492
two_day,0.5,14,0.9015492253873063,0.3793103448275862
two_day,0.5,14,0.872063968015992,0.30184907546226886
two_day,0.5,14,0.4687656171914043,0.5377311344327836
two_day,0.5,14,0.6421789105447276,0.447776111944028
two_day,0.5,14,0.9495252373813093,0.6406796601699151
two_day,0.5,14,0.624687656171914,0.4817591204397801
two_day,0.5,14,0.5357321339330335,0.8575712143928036
two_day,0.5,14,0.28535732133933034,0.5372313843078461
two_day,0.5,14,0.8300849575212393,0.4817591204397801
two_day,0.5,14,0.7476261869065467,0.7166416791604198
two_day,0.5,14,0.8585707146426786,0.8205897051474262
two_day,0.5,14,0.4782608695652174,0.4617691154422789
two_day,0.5,14,0.9055472263868066,0.31084457771114443
two_day,0.5,14,0.5222388805597201,0.5287356321839081
two_day,0.5,14,0.6696651674162919,0.7781109445277361
two_day,0.5,14,0.11094452773613193,0.16441779110444776
two_day,0.5,14,0.6066966516741629,0.5062468765617192
two_day,0.5,14,0.7991004497751124,0.6426786606696652
two_day,0.5,14,0.6636681659170415,0.9025487256371814
two_day,0.5,14,0.6561719140429785,0.7966016991504248
two_day,0.5,14,0.8145927036481759,0.31784107946026985
two_day,0.5,14,0.5837081459270365,0.5467266366816592
two_day,0.5,14,0.9460269865067467,0.6946526736631684
two_day,0.5,14,0.3588205897051474,0.920039980009995
two_day,0.5,14,0.9735132433783108,0.953023488255872
two_day,0.5,14,0.1854072963518241,0.5572213893053474
two_day,0.5,14,0.33033483258370816,0.015492253873063468
two_day,0.5,14,0.17791104447776113,0.383808095952024
two_day,0.5,14,0.7716141929035483,0.6796601699150425
two_day,0.5,14,0.07096451774112944,0.14392803598200898
two_day,0.5,14,0.9005497251374313,0.8160919540229885
two_day,0.5,14,0.2848575712143928,0.23388305847076463
two_day,0.5,14,0.9720139930034982,0.8830584707646177
two_day,0.5,14,0.8160919540229885,0.9705147426286856
two_day,0.5,14,0.272863568215892,0.22938530734632684
two_day,0.5,14,0.31084457771114443,0.24437781109445278
two_day,0.5,14,0.32033983008495753,0.9415292353823088
two_day,0.5,14,0.29685157421289354,0.18240879560219891
two_day,0.5,14,0.7896051974012993,0.9850074962518741
two_day,0.5,14,0.6141929035482259,0.7316341829085458
two_day,0.5,14,0.9165417291354323,0.7566216891554223
two_day,0.5,14,0.1504247876061969,0.10294852573713144
two_day,0.5,14,0.21239380309845077,0.038980509745127435
two_day,0.5,14,0.05997001499250375,0.6231884057971014
two_day,0.5,14,0.4702648675662169,0.0074962518740629685
two_day,0.5,14,0.12393803098450774,0.4947526236881559
two_day,0.5,14,0.5732133933033483,0.4767616191904048
two_day,0.5,14,0.7591204397801099,0.816591704147926
two_day,0.5,14,0.6426786606696652,0.6011994002998501
two_day,0.5,14,0.5717141429285357,0.303848075962019
two_day,0.5,14,0.6561719140429785,0.993503248375812
two_day,0.5,14,0.8695652173913043,0.5722138930534733
two_day,0.5,14,0.8040979510244878,0.7711144427786107
two_day,0.5,14,0.895552223888056,0.760119940029985
two_day,0.5,14,0.5262368815592204,0.7481259370314842
two_day,0.5,14,0.057971014492753624,0.1729135432283858
two_day,0.5,14,0.9320339830084957,0.49775112443778113
two_day,0.5,14,0.5147426286856571,0.6866566716641679
two_day,0.5,14,0.9875062468765617,0.7646176911544228
two_day,0.5,14,0.8535732133933034,0.2783608195902049
two_day,0.5,14,0.7661169415292354,0.4702648675662169
two_day,0.5,14,0.5382308845577212,0.552223888055972
two_day,0.5,14,0.8460769615192404,0.28535732133933034
two_day,0.5,14,0.384807596201899,0.9265367316341829
two_day,0.5,14,0.8135932033983009,0.26436781609195403
two_day,0.5,14,0.4682658670664668,0.703648175912044
two_day,0.5,14,0.7886056971514243,0.9600199900049975
two_day,0.5,14,0.6746626686656672,0.375312343828086
two_day,0.5,14,0.848575712143928,0.9775112443778111
two_day,0.5,14,0.22538730634682658,0.553223388305847
two_day,0.5,14,0.6891554222888556,0.5162418790604698
two_day,0.5,14,0.5687156421789106,0.335832083958021
two_day,0.5,14,0.5947026486756621,0.855072463768116
two_day,0.5,14,0.9090454772613693,0.5307346326836582
two_day,0.5,14,0.49375312343828087,0.8040979510244878
two_day,0.5,14,0.08245877061469266,0.9385307346326837
two_day,0.5,14,0.8325837081459271,0.5257371314342829
two_day,0.5,14,0.7501249375312344,0.6376811594202898
two_day,0.5,14,0.7006496751624188,0.4757621189405297
two_day,0.5,14,0.2818590704647676,0.20039980009995004
two_day,0.5,14,0.6551724137931034,0.2288855572213893
two_day,0.5,14,0.8595702148925537,0.8320839580209896
two_day,0.5,14,0.5132433783108445,0.743128435782109
two_day,0.5,14,0.3288355822088955,0.5692153923038481
two_day,0.5,14,0.04147926036981509,0.13243378310844578
two_day,0.5,14,0.2143928035982009,0.44677661169415295
two_day,0.5,14,0.7001499250374813,0.8180909545227386
two_day,0.5,14,0.744127936031984,0.3153423288355822
two_day,0.5,14,0.19590204897551225,0.4942528735632184
two_day,0.5,14,0.6546726636681659,0.7241379310344828
two_day,0.5,14,0.4767616191904048,0.41829085457271364
two_day,0.5,14,0.6656671664167916,0.4307846076961519
two_day,0.5,14,0.30934532733633185,0.11894052973513243
two_day,0.5,14,0.9375312343828086,0.9780109945027486
two_day,0.5,14,0.7971014492753623,0.5637181409295352
two_day,0.5,14,0.3818090954522739,0.6056971514242878
two_day,0.5,14,0.7361319340329835,0.2048975512243878
two_day,0.5,14,0.16841579210394803,0.5167416291854073
two_day,0.5,14,0.9075462268865567,0.4177911044477761
two_day,0.5,14,0.9385307346326837,0.4782608695652174
two_day,0.5,14,0.5487256371814093,0.4912543728135932
two_day,0.5,14,0.6206896551724138,0.8305847076461769
two_day,0.5,14,0.37831084457771114,0.47176411794102946
two_day,0.5,14,0.8765617191404298,0.4027986006996502
two_day,0.5,14,0.52023988005997,0.8415792103948025
two_day,0.5,15,0.9790104947526237,0.8545727136431784
two_day,0.5,15,0.5382308845577212,0.22288855572213892
two_day,0.5,15,0.6391804097951025,0.5727136431784108
two_day,0.5,15,0.28835582208895555,0.5857071464267866
two_day,0.5,15,0.11944027986006997,0.7451274362818591
two_day,0.5,15,0.10844577711144428,0.4662668665667166
two_day,0.5,15,0.02048975512243878,0.0004997501249375312
two_day,0.5,15,0.8495752123938031,0.5252373813093453
two_day,0.5,15,0.013493253373313344,0.01199400299850075
two_day,0.5,15,0.9310344827586207,0.07446276861569215
two_day,0.5,15,0.4877561219390305,0.40929535232383807
two_day,0.5,15,0.6276861569215393,0.32533733133433285
two_day,0.5,15,0.27386306846576713,0.2848575712143928
two_day,0.5,15,0.6701649175412294,0.5122438780609695
two_day,0.5,15,0.56071964017991,0.8540729635182409
two_day,0.5,15,0.4827586206896552,0.8150924537731135
two_day,0.5,15,0.657671164417791,0.4382808595702149
two_day,0.5,15,0.9260369815092454,0.095952023988006
two_day,0.5,15,0.8100949525237381,0.8495752123938031
two_day,0.5,15,0.9155422288855573,0.912543728135932
two_day,0.5,15,0.20689655172413793,0.6141929035482259
two_day,0.5,15,0.9420289855072463,0.344327836081959
two_day,0.5,15,0.1874062968515742,0.7361319340329835
two_day,0.5,15,0.4397801099450275,0.1024487756121939
two_day,0.5,15,0.8390804597701149,0.3988005997001499
two_day,0.5,15,0.8680659670164917,0.11044477761119441
two_day,0.5,15,0.7731134432783608,0.8790604697651174
two_day,0.5,15,0.03398300849575212,0.7126436781609196
two_day,0.5,15,0.1889055472263868,0.18790604697651175
two_day,0.5,15,0.44127936031984005,0.7401299350324838
two_day,0.5,15,0.3758120939530235,0.5387306346826587
two_day,0.5,15,0.8415792103948025,0.47926036981509246
two_day,0.5,15,0.5152423788105946,0.10044977511244378
two_day,0.5,15,0.9550224887556222,0.09495252373813093
two_day,0.5,15,0.11294352823588207,0.8790604697651174
two_day,0.5,15,0.18990504747626186,0.01249375312343828
two_day,0.5,15,0.5612193903048476,0.06046976511744128
two_day,0.5,15,0.7746126936531734,0.1809095452273863
two_day,0.5,15,0.04997501249375312,0.9165417291354323
two_day,0.5,15,0.4497751124437781,0.46776611694152925
two_day,0.5,15,0.41179410294852575,0.9790104947526237
two_day,0.5,15,0.00849575212393803,0.49975012493753124
two_day,0.5,15,0.05647176411794103,0.23288355822088955
two_day,0.5,15,0.9455272363818091,0.847576211894053
two_day,0.5,15,0.6621689155422289,0.026986506746626688
two_day,0.5,15,0.8570714642678661,0.06996501749125437
two_day,0.5,15,0.5372313843078461,0.10494752623688156
two_day,0.5,15,0.9150424787606197,0.8375812093953023
two_day,0.5,15,0.5262368815592204,0.6221889055472264
two_day,0.5,15,0.8345827086456772,0.022988505747126436
two_day,0.5,15,0.44227886056971516,0.3308345827086457
two_day,0.5,15,0.3373313343328336,0.28335832083958024
two_day,0.5,15,0.09245377311344327,0.5332333833083458
two_day,0.5,15,0.6851574212893553,0.1889055472263868
two_day,0.5,15,0.7216391804097951,0.7336331834082959
two_day,0.5,15,0.20689655172413793,0.6561719140429785
two_day,0.5,15,0.21339330334832585,0.22338830584707647
two_day,0.5,15,0.8845577211394303,0.519240379810095
two_day,0.5,15,0.3168415792103948,0.05847076461769116
two_day,0.5,15,0.32533733133433285,0.8500749625187406
two_day,0.5,15,0.7206396801599201,0.24387806096951525
two_day,0.5,15,0.9455272363818091,0.6956521739130435
two_day,0.5,15,0.4927536231884058,0.8325837081459271
two_day,0.5,15,0.7331334332833583,0.5987006496751625
two_day,0.5,15,0.4867566216891554,0.5407296351824088
two_day,0.5,15,0.09645177411294353,0.6456771614192903
two_day,0.5,15,0.6551724137931034,0.6511744127936032
two_day,0.5,15,0.5822088955522239,0.9740129935032483
two_day,0.5,15,0.5032483758120939,0.6606696651674163
two_day,0.5,15,0.7261369315342329,0.45377311344327836
two_day,0.5,15,0.928535732133933,0.17191404297851073
two_day,0.5,15,0.431784107946027,0.6206896551724138
two_day,0.5,15,0.9340329835082459,0.6481759120439781
two_day,0.5,15,0.7091454272863568,0.9135432283858071
two_day,0.5,15,0.25487256371814093,0.7086456771614192
two_day,0.5,15,0.8910544727636182,0.967016491754123
two_day,0.5,15,0.3663168415792104,0.9405297351324338
two_day,0.5,15,0.24887556221889057,0.23288355822088955
two_day,0.5,15,0.775112443778111,0.8570714642678661
two_day,0.5,15,0.5552223888055972,0.06996501749125437
two_day,0.5,15,0.04447776111944028,0.5787106446776612
two_day,0.5,15,0.5252373813093453,0.9015492253873063
two_day,0.5,15,0.6676661669165417,0.32233883058470764
two_day,0.5,15,0.03398300849575212,0.5527236381809095
two_day,0.5,15,0.8895552223888056,0.14292853573213393
two_day,0.5,15,0.7041479260369815,0.8445777111444278
two_day,0.5,15,0.42978510744627685,0.38580709645177413
two_day,0.5,15,0.7906046976511744,0.2513743128435782
two_day,0.5,15,0.8770614692653673,0.3808095952023988
two_day,0.5,15,0.7101449275362319,0.4587706146926537
two_day,0.5,15,0.8435782108945528,0.3638180909545227
two_day,0.5,15,0.47876061969015493,0.1904047976011994
two_day,0.5,15,0.010494752623688156,0.2993503248375812
two_day,0.5,15,0.7571214392803598,0.9525237381309345
two_day,0.5,15,0.18840579710144928,0.7526236881559221
two_day,0.5,15,0.9880059970014993,0.6621689155422289
two_day,0.5,15,0.4737631184407796,0.02798600699650175
two_day,0.5,15,0.816591704147926,0.45027486256871563
two_day,0.5,15,0.2893553223388306,0.4757621189405297
two_day,0.5,15,0.28835582208895555,0.01649175412293853
two_day,0.5,15,0.5102448775612194,0.4007996001999001
two_day,0.5,15,0.728135932033983,0.9710144927536232
two_day,0.5,15,0.5262368815592204,0.3073463268365817
two_day,0.5,15,0.8685657171414293,0.1549225387306347
two_day,0.5,15,0.12593703148425786,0.8630684657671165
two_day,0.5,15,0.7216391804097951,0.1199400299850075
two_day,0.5,15,0.7136431784107946,0.9185407296351824
two_day,0.5,15,0.3493253373313343,0.8135932033983009
two_day,0.5,15,0.9910044977511244,0.4757621189405297
two_day,0.5,15,0.38830584707646176,0.5337331334332833
two_day,0.5,15,0.5577211394302849,0.9955022488755623
two_day,0.5,15,0.776111944027986,0.23738130934532733
two_day,0.5,15,0.35582208895552225,0.8200899550224887
two_day,0.5,15,0.9450274862568716,0.06846576711644178
two_day,0.5,15,0.13893053473263367,0.456271864067966
two_day,0.5,15,0.41529235382308843,0.992503748125937
two_day,0.5,15,0.1454272863568216,0.8600699650174912
two_day,0.5,15,0.8570714642678661,0.9080459770114943
two_day,0.5,15,0.5717141429285357,0.6851574212893553
two_day,0.5,15,0.3968015992003998,0.6731634182908546
two_day,0.5,16,0.09845077461269365,0.6036981509245377
two_day,0.5,16,0.8405797101449275,0.4387806096951524
two_day,0.5,16,0.08945527236381809,0.9740129935032483
two_day,0.5,16,0.6496751624187906,0.191904047976012
two_day,0.5,16,0.9765117441279361,0.5092453773113443
two_day,0.5,16,0.8200899550224887,0.56071964017991
two_day,0.5,16,0.3403298350824588,0.19590204897551225
two_day,0.5,16,0.6751624187906047,0.6426786606696652
two_day,0.5,16,0.504247876061969,0.5052473763118441
two_day,0.5,16,0.11944027986006997,0.012993503248375811
two_day,0.5,16,0.2703648175912044,0.18690654672663667
two_day,0.5,16,0.3028485757121439,0.27786106946526734
two_day,0.5,16,0.43228385807096453,0.1489255372313843
two_day,0.5,16,0.4662668665667166,0.9450274862568716
two_day,0.5,16,0.9505247376311844,0.5557221389305347
two_day,0.5,16,0.5767116441779111,0.6666666666666666
two_day,0.5,16,0.767616191904048,0.8660669665167416
two_day,0.5,16,0.5122438780609695,0.42778610694652675
two_day,0.5,16,0.23088455772113944,0.34182908545727136
two_day,0.5,16,0.6261869065467266,0.767616191904048
two_day,0.5,16,0.7666166916541729,0.9685157421289355
two_day,0.5,16,0.2433783108445777,0.5877061469265368
two_day,0.5,16,0.6026986506746627,0.3428285857071464
two_day,0.5,16,0.5727136431784108,0.744127936031984
two_day,0.5,16,0.8100949525237381,0.585207396301849
two_day,0.5,16,0.16941529235382308,0.42128935532233885
two_day,0.5,16,0.735632183908046,0.017991004497751123
two_day,0.5,16,0.92103948025987,0.8430784607696152
two_day,0.5,16,0.1984007996001999,0.5627186406796602
two_day,0.5,16,0.06746626686656672,0.3568215892053973
two_day,0.5,16,0.39980009995002497,0.8785607196401799
two_day,0.5,16,0.8160919540229885,0.8555722138930535
two_day,0.5,16,0.2688655672163918,0.7711144427786107
two_day,0.5,16,0.6506746626686657,0.8380809595202399
two_day,0.5,16,0.896551724137931,0.5197401299350325
two_day,0.5,16,0.6676661669165417,0.1489255372313843
two_day,0.5,16,0.52023988005997,0.43778110944527737
two_day,0.5,16,0.5002498750624688,0.855072463768116
two_day,0.5,16,0.3293353323338331,0.4802598700649675
two_day,0.5,16,0.7681159420289855,0.88055972013993
two_day,0.5,16,0.20389805097451275,0.5612193903048476
two_day,0.5,16,0.46776611694152925,0.5822088955522239
two_day,0.5,16,0.9760119940029985,0.27386306846576713
two_day,0.5,16,0.48825587206396803,0.5817091454272864
two_day,0.5,16,0.9400299850074962,0.5217391304347826
two_day,0.5,16,0.12493753123438281,0.0769615192403798
two_day,0.5,16,0.11044477761119441,0.5577211394302849
two_day,0.5,16,0.4567716141929036,0.9370314842578711
two_day,0.5,16,0.8710644677661169,0.17641179410294852
two_day,0.5,16,0.4122938530734633,0.9005497251374313
two_day,0.5,16,0.41379310344827586,0.111944027986007
two_day,0.5,16,0.5072463768115942,0.3543228385807096
two_day,0.5,16,0.5517241379310345,0.248375812093953
two_day,0.5,16,0.312343828085957,0.15442278860569716
two_day,0.5,16,0.9415292353823088,0.9025487256371814
two_day,0.5,16,0.9550224887556222,0.4257871064467766
two_day,0.5,16,0.0814592703648176,0.9770114942528736
two_day,0.5,16,0.744127936031984,0.952023988005997
two_day,0.5,16,0.02148925537231384,0.1549225387306347
two_day,0.5,16,0.6796601699150425,0.6211894052973513
two_day,0.5,16,0.6806596701649176,0.6126936531734133
two_day,0.5,16,0.5102448775612194,0.6986506746626686
two_day,0.5,16,0.3403298350824588,0.02148925537231384
two_day,0.5,16,0.6966516741629185,0.40729635182408797
two_day,0.5,16,0.6046976511744128,0.384807596201899
two_day,0.5,16,0.054972513743128434,0.10694652673663169
two_day,0.5,16,0.5832083958020989,0.7806096951524237
two_day,0.5,16,0.38830584707646176,0.1924037981009495
two_day,0.5,16,0.9430284857571214,0.6166916541729135
two_day,0.5,16,0.04597701149425287,0.776111944027986
two_day,0.5,16,0.01699150424787606,0.8320839580209896
two_day,0.5,16,0.1329335332333833,0.6186906546726637
two_day,0.5,16,0.5657171414292853,0.2863568215892054
two_day,0.5,16,0.9180409795102449,0.8495752123938031
two_day,0.5,16,0.3103448275862069,0.9000499750124937
two_day,0.5,16,0.26436781609195403,0.7151424287856072
two_day,0.5,16,0.7236381809095452,0.7491254372813593
two_day,0.5,16,0.39930034982508744,0.9445277361319341
two_day,0.5,16,0.2673663168415792,0.11044477761119441
two_day,0.5,16,0.7896051974012993,0.6781609195402298
two_day,0.5,16,0.06746626686656672,0.06346826586706647
two_day,0.5,16,0.13093453273363317,0.3583208395802099
two_day,0.5,16,0.8095952023988006,0.7651174412793603
two_day,0.5,16,0.4802598700649675,0.7701149425287356
two_day,0.5,16,0.4522738630684658,0.5997001499250375
two_day,0.5,16,0.777111444277861,0.28285857071464265
two_day,0.5,16,0.8575712143928036,0.6451774112943528
two_day,0.5,16,0.6446776611694153,0.4032983508245877
two_day,0.5,16,0.8960519740129935,0.0704647676161919
two_day,0.5,16,0.7691154422788605,0.511744127936032
two_day,0.5,16,0.6711644177911045,0.001999000499750125
two_day,0.5,16,0.4102948525737131,0.671664167916042
two_day,0.5,16,0.3683158420789605,0.8260869565217391
two_day,0.5,16,0.5022488755622189,0.2623688155922039
two_day,0.5,16,0.511744127936032,0.7051474262868566
two_day,0.5,16,0.9030484757621189,0.7881059470264867
two_day,0.5,16,0.44627686156921537,0.5292353823088456
two_day,0.5,16,0.12043978010994502,0.10694652673663169
two_day,0.5,16,0.7831084457771115,0.1744127936031984
two_day,0.5,16,0.10144927536231885,0.022488755622188907
two_day,0.5,16,0.6911544227886057,0.9330334832583708
two_day,0.5,16,0.5337331334332833,0.6661669165417291
two_day,0.5,16,0.12893553223388307,0.6456771614192903
two_day,0.5,16,0.7371314342828585,0.526736631684158
two_day,0.5,16,0.729135432283858,0.553223388305847
two_day,0.5,16,0.8185907046476761,0.735632183908046
two_day,0.5,16,0.004497751124437781,0.24437781109445278
two_day,0.5,16,0.5462268865567217,0.46476761619190404
two_day,0.5,16,0.3548225887056472,0.017491254372813594
two_day,0.5,16,0.6956521739130435,0.5027486256871564
two_day,0.5,16,0.15792103948025987,0.8910544727636182
two_day,0.5,16,0.04447776111944028,0.2413793103448276
two_day,0.5,16,0.33983008495752126,0.408295852073963
two_day,0.5,16,0.4737631184407796,0.567216391804098
two_day,0.5,16,0.4867566216891554,0.28735632183908044
two_day,0.5,16,0.6966516741629185,0.9560219890054973
two_day,0.5,16,0.08345827086456771,0.4302848575712144
two_day,0.5,16,0.6926536731634183,0.9920039980009995
two_day,0.5,16,0.8310844577711144,0.7581209395302348
two_day,0.5,16,0.383808095952024,0.06296851574212893
two_day,0.5,17,0.7421289355322339,0.47976011994003
two_day,0.5,17,0.004497751124437781,0.88055972013993
two_day,0.5,17,0.5877061469265368,0.13793103448275862
two_day,0.5,17,0.2723638180909545,0.4847576211894053
two_day,0.5,17,0.6391804097951025,0.45327336331834084
two_day,0.5,17,0.23388305847076463,0.10794602698650675
two_day,0.5,17,0.5497251374312844,0.3888055972013993
two_day,0.5,17,0.6356821589205397,0.4222888555722139
two_day,0.5,17,0.30684657671164417,0.24887556221889057
two_day,0.5,17,0.22638680659670166,0.8025987006496752
two_day,0.5,17,0.8925537231384307,0.2703648175912044
two_day,0.5,17,0.06696651674162919,0.04697651174412794
two_day,0.5,17,0.30634682658670664,0.5747126436781609
two_day,0.5,17,0.11244377811094453,0.03548225887056472
two_day,0.5,17,0.21389305347326337,0.36531734132933535
two_day,0.5,17,0.6521739130434783,0.23288355822088955
two_day,0.5,17,0.15292353823088456,0.20089955022488756
two_day,0.5,17,0.7151424287856072,0.6486756621689156
two_day,0.5,17,0.06146926536731634,0.24987506246876562
two_day,0.5,17,0.8200899550224887,0.6241879060469765
two_day,0.5,17,0.9335332333833083,0.7476261869065467
two_day,0.5,17,0.29185407296351823,0.37231384307846077
two_day,0.5,17,0.6136931534232883,0.2028985507246377
two_day,0.5,17,0.6911544227886057,0.9155422288855573
two_day,0.5,17,0.4802598700649675,0.24987506246876562
two_day,0.5,17,0.6316841579210395,0.4682658670664668
two_day,0.5,17,0.041979010494752625,0.5337331334332833
two_day,0.5,17,0.10644677661169415,0.5557221389305347
two_day,0.5,17,0.13993003498250875,0.005997001499250375
two_day,0.5,17,0.8680659670164917,0.384807596201899
two_day,0.5,17,0.8370814592703648,0.3743128435782109
two_day,0.5,17,0.8335832083958021,0.5622188905547226
two_day,0.5,17,0.3563218390804598,0.4852573713143428
two_day,0.5,17,0.6436781609195402,0.13043478260869565
two_day,0.5,17,0.31784107946026985,0.5947026486756621
two_day,0.5,17,0.3758120939530235,0.49375312343828087
two_day,0.5,17,0.8420789605197402,0.33183408295852074
two_day,0.5,17,0.6176911544227887,0.6291854072963519
two_day,0.5,17,0.863568215892054,0.3023488255872064
two_day,0.5,17,0.7126436781609196,0.9780109945027486
two_day,0.5,17,0.06096951524237881,0.2613693153423288
two_day,0.5,17,0.5212393803098451,0.16491754122938532
two_day,0.5,17,0.15442278860569716,0.8345827086456772
two_day,0.5,17,0.7661169415292354,0.050974512743628186
two_day,0.5,17,0.04847576211894053,0.48075962018990503
two_day,0.5,17,0.1089455272363818,0.22688655672163918
two_day,0.5,17,0.8050974512743628,0.029985007496251874
two_day,0.5,17,0.4112943528235882,0.6411794102948526
two_day,0.5,17,0.1619190404797601,0.16741629185407297
two_day,0.5,17,0.6661669165417291,0.041979010494752625
two_day,0.5,17,0.27886056971514245,0.24887556221889057
two_day,0.5,17,0.600199900049975,0.3003498250874563
two_day,0.5,17,0.9025487256371814,0.8895552223888056
two_day,0.5,17,0.4032983508245877,0.07646176911544228
two_day,0.5,17,0.02448775612193903,0.8030984507746127
two_day,0.5,17,0.6266866566716641,0.3853073463268366
two_day,0.5,17,0.9495252373813093,0.4767616191904048
two_day,0.5,17,0.6681659170414792,0.3218390804597701
two_day,0.5,17,0.7026486756621689,0.8420789605197402
two_day,0.5,17,0.6301849075462269,0.7646176911544228
two_day,0.5,17,0.2383808095952024,0.3498250874562719
two_day,0.5,17,0.4737631184407796,0.7981009495252374
two_day,0.5,17,0.0014992503748125937,0.029985007496251874
two_day,0.5,17,0.9310344827586207,0.034482758620689655
two_day,0.5,17,0.13093453273363317,0.623688155922039
two_day,0.5,17,0.7656171914042978,0.3373313343328336
two_day,0.5,17,0.12643678160919541,0.9865067466266867
two_day,0.5,17,0.7816091954022989,0.0864567716141929
two_day,0.5,17,0.9440279860069966,0.2658670664667666
two_day,0.5,17,0.607696151924038,0.7001499250374813
two_day,0.5,17,0.1539230384807596,0.18190904547726136
two_day,0.5,17,0.41529235382308843,0.7361319340329835
two_day,0.5,17,0.9705147426286856,0.25987006496751625
two_day,0.5,17,0.39580209895052476,0.4927536231884058
two_day,0.5,17,0.920039980009995,0.6926536731634183
two_day,0.5,17,0.28085957021489255,0.6331834082958521
two_day,0.5,17,0.9230384807596201,0.5617191404297851
two_day,0.5,17,0.14992503748125938,0.6216891554222889
two_day,0.5,17,0.44227886056971516,0.4542728635682159
two_day,0.5,17,0.07146426786606697,0.8700649675162418
two_day,0.5,17,0.6426786606696652,0.617191404297851
two_day,0.5,17,0.9135432283858071,0.3968015992003998
two_day,0.5,17,0.5142428785607196,0.04997501249375312
two_day,0.5,17,0.408295852073963,0.24187906046976512
two_day,0.5,17,0.09695152423788106,0.17991004497751126
two_day,0.5,17,0.88055972013993,0.7986006996501749
two_day,0.5,17,0.8020989505247377,0.2383808095952024
two_day,0.5,17,0.8565717141429285,0.02498750624687656
two_day,0.5,17,0.5952023988005997,0.37381309345327335
two_day,0.5,17,0.5357321339330335,0.33033483258370816
two_day,0.5,17,0.19290354822588707,0.879560219890055
two_day,0.5,17,0.8480759620189905,0.15892053973013492
two_day,0.5,17,0.8415792103948025,0.296351824087956
two_day,0.5,17,0.4732633683158421,0.06346826586706647
two_day,0.5,17,0.8390804597701149,0.35082458770614694
two_day,0.5,17,0.22038980509745126,0.0544727636181909
two_day,0.5,17,0.4387806096951524,0.7661169415292354
two_day,0.5,17,0.08695652173913043,0.4767616191904048
two_day,0.5,17,0.4407796101949025,0.5222388805597201
two_day,0.5,17,0.37881059470264866,0.7166416791604198
two_day,0.5,17,0.9325337331334332,0.1184407796101949
two_day,0.5,17,0.010994502748625687,0.5317341329335332
two_day,0.5,17,0.4237881059470265,0.4407796101949025
two_day,0.5,17,0.8270864567716142,0.3888055972013993
two_day,0.5,17,0.12693653173413294,0.025987006496751622
two_day,0.5,17,0.7276361819090454,0.06196901549225387
two_day,0.5,17,0.8785607196401799,0.4782608695652174
two_day,0.5,17,0.8715642178910544,0.767616191904048
two_day,0.5,17,0.9630184907546226,0.12343828085957022
two_day,0.5,17,0.02348825587206397,0.014492753623188406
two_day,0.5,17,0.20039980009995004,0.5547226386806596
two_day,0.5,17,0.4707646176911544,0.592703648175912
two_day,0.5,17,0.7311344327836082,0.47626186906546725
two_day,0.5,17,0.19640179910044978,0.6271864067966016
two_day,0.5,17,0.974512743628186,0.5792103948025987
two_day,0.5,17,0.7391304347826086,0.9205397301349325
two_day,0.5,17,0.5497251374312844,0.13393303348325838
two_day,0.5,17,0.6146926536731634,0.5777111444277861
two_day,0.5,17,0.22538730634682658,0.08495752123938032
two_day,0.5,17,0.4337831084457771,0.4992503748125937
two_day,0.5,18,0.6831584207896052,0.7776111944027986
two_day,0.5,18,0.21189405297351324,0.5052473763118441
two_day,0.5,18,0.9115442278860569,0.45977011494252873
two_day,0.5,18,0.223888055972014,0.16941529235382308
two_day,0.5,18,0.19290354822588707,0.027486256871564217
two_day,0.5,18,0.7136431784107946,0.8170914542728636
two_day,0.5,18,0.13993003498250875,0.0239880059970015
two_day,0.5,18,0.8595702148925537,0.9070464767616192
two_day,0.5,18,0.7661169415292354,0.10944527736131934
two_day,0.5,18,0.5727136431784108,0.2943528235882059
two_day,0.5,18,0.6841579210394803,0.4237881059470265
two_day,0.5,18,0.3963018490754623,0.782608695652174
two_day,0.5,18,0.4752623688155922,0.5337331334332833
two_day,0.5,18,0.021989005497251374,0.0864567716141929
two_day,0.5,18,0.43228385807096453,0.8265867066466767
two_day,0.5,18,0.25687156421789104,0.10144927536231885
two_day,0.5,18,0.7946026986506747,0.4662668665667166
two_day,0.5,18,0.7341329335332334,0.8345827086456772
two_day,0.5,18,0.18140929535232383,0.32033983008495753
two_day,0.5,18,0.6501749125437282,0.23788105947026486
two_day,0.5,18,0.47126436781609193,0.5452273863068465
two_day,0.5,18,0.7001499250374813,0.7971014492753623
two_day,0.5,18,0.033483258370814596,0.3293353323338331
two_day,0.5,18,0.7376311844077961,0.7891054472763618
two_day,0.5,18,0.047976011994003,0.8350824587706147
two_day,0.5,18,0.44877561219390305,0.4897551224387806
two_day,0.5,18,0.3313343328335832,0.23288355822088955
two_day,0.5,18,0.49975012493753124,0.13893053473263367
two_day,0.5,18,0.030484757621189407,0.3453273363318341
two_day,0.5,18,0.14842578710644677,0.42528735632183906
two_day,0.5,18,0.5187406296851574,0.255872063968016
two_day,0.5,18,0.7411294352823589,0.8715642178910544
two_day,0.5,18,0.07646176911544228,0.08045977011494253
two_day,0.5,18,0.4237881059470265,0.038980509745127435
two_day,0.5,18,0.111944027986007,0.6736631684157921
two_day,0.5,18,0.8365817091454273,0.7181409295352323
two_day,0.5,18,0.13193403298350825,0.272863568215892
two_day,0.5,18,0.3828085957021489,0.697151424287856
two_day,0.5,18,0.6756621689155422,0.45827086456771615
two_day,0.5,18,0.03798100949525238,0.47426286856571714
two_day,0.5,18,0.38130934532733635,0.9525237381309345
two_day,0.5,18,0.19440279860069964,0.17541229385307347
two_day,0.5,18,0.9620189905047476,0.6986506746626686
two_day,0.5,18,0.5177411294352824,0.8630684657671165
two_day,0.5,18,0.38330834582708645,0.8580709645177411
two_day,0.5,18,0.2958520739630185,0.4587706146926537
two_day,0.5,18,0.711144427786107,0.4512743628185907
two_day,0.5,18,0.4607696151924038,0.19490254872563717
two_day,0.5,18,0.9140429785107447,0.592703648175912
two_day,0.5,18,0.07946026986506746,0.8215892053973014
two_day,0.5,18,0.4547726136931534,0.1344327836081959
two_day,0.5,18,0.9715142428785607,0.6241879060469765
two_day,0.5,18,0.14142928535732133,0.15692153923038482
two_day,0.5,18,0.23738130934532733,0.11944027986006997
two_day,0.5,18,0.008995502248875561,0.030484757621189407
two_day,0.5,18,0.6551724137931034,0.526736631684158
two_day,0.5,18,0.7641179410294853,0.8000999500249875
two_day,0.5,18,0.7606196901549226,0.33383308345827084
two_day,0.5,18,0.4672663668165917,0.40879560219890054
two_day,0.5,18,0.5972013993003499,0.44627686156921537
two_day,0.5,18,0.17041479260369816,0.1344327836081959
two_day,0.5,18,0.16041979010494753,0.6811594202898551
two_day,0.5,18,0.3538230884557721,0.6266866566716641
two_day,0.5,18,0.40379810094952523,0.33983008495752126
two_day,0.5,18,0.3308345827086457,0.760119940029985
two_day,0.5,18,0.768615692153923,0.4592703648175912
two_day,0.5,18,0.20939530234882558,0.0004997501249375312
two_day,0.5,18,0.3373313343328336,0.48425787106446777
two_day,0.5,18,0.9070464767616192,0.974512743628186
two_day,0.5,18,0.8525737131434283,0.8315842078960519
two_day,0.5,18,0.23588205897051473,0.07796101949025487
two_day,0.5,18,0.11694152923538231,0.8330834582708646
two_day,0.5,18,0.7651174412793603,0.7571214392803598
two_day,0.5,18,0.02498750624687656,0.6896551724137931
two_day,0.5,18,0.5867066466766616,0.22288855572213892
two_day,0.5,18,0.4002998500749625,0.8020989505247377
two_day,0.5,18,0.16741629185407297,0.19740129935032483
two_day,0.5,18,0.11094452773613193,0.06946526736631684
two_day,0.5,18,0.12143928035982009,0.776111944027986
two_day,0.5,18,0.2988505747126437,0.5102448775612194
two_day,0.5,18,0.6041979010494752,0.8000999500249875
two_day,0.5,18,0.47626186906546725,0.12093953023488256
two_day,0.5,18,0.11944027986006997,0.08095952023988005
two_day,0.5,18,0.029985007496251874,0.7486256871564217
two_day,0.5,18,0.095952023988006,0.23638180909545228
two_day,0.5,18,0.4017991004497751,0.021989005497251374
two_day,0.5,18,0.22338830584707647,0.5087456271864068
two_day,0.5,18,0.9890054972513743,0.7566216891554223
two_day,0.5,18,0.44427786106946526,0.4237881059470265
two_day,0.5,18,0.5967016491754122,0.7841079460269865
two_day,0.5,18,0.9565217391304348,0.4107946026986507
two_day,0.5,18,0.5472263868065967,0.17491254372813594
two_day,0.5,18,0.12043978010994502,0.08745627186406797
two_day,0.5,18,0.7456271864067966,0.031984007996002
two_day,0.5,18,0.29735132433783107,0.20189905047476261
two_day,0.5,18,0.32033983008495753,0.46976511744127936
two_day,0.5,18,0.26686656671664166,0.8315842078960519
two_day,0.5,18,0.17841079460269865,0.12243878060969515
two_day,0.5,18,0.22988505747126436,0.5342328835582209
two_day,0.5,18,0.7536231884057971,0.559720139930035
two_day,0.5,18,0.9570214892553723,0.9315342328835582
two_day,0.5,18,0.6951524237881059,0.05247376311844078
two_day,0.5,18,0.053973013493253376,0.047476261869065464
two_day,0.5,18,0.3378310844577711,0.5352323838080959
two_day,0.5,18,0.09495252373813093,0.5687156421789106
two_day,0.5,18,0.16091954022988506,0.04897551224387806
two_day,0.5,18,0.16041979010494753,0.46976511744127936
two_day,0.5,18,0.22988505747126436,0.9265367316341829
two_day,0.5,18,0.6446776611694153,0.9805097451274363
two_day,0.5,18,0.8350824587706147,0.7941029485257372
two_day,0.5,18,0.6131934032983508,0.38780609695152424
two_day,0.5,18,0.6491754122938531,0.5947026486756621
two_day,0.5,18,0.08595702148925537,0.28735632183908044
two_day,0.5,18,0.03948025987006497,0.2698650674662669
two_day,0.5,18,0.7191404297851074,0.6111944027986007
two_day,0.5,18,0.13893053473263367,0.45377311344327836
two_day,0.5,18,0.7076461769115442,0.8855572213893054
two_day,0.5,18,0.8500749625187406,0.952023988005997
two_day,0.5,18,0.8365817091454273,0.84007996001999
two_day,0.5,18,0.12293853073463268,0.9590204897551224
two_day,0.5,19,0.5147426286856571,0.18490754622688654
two_day,0.5,19,0.3778110944527736,0.335832083958021
two_day,0.5,19,0.0944527736131934,0.29685157421289354
two_day,0.5,19,0.35582208895552225,0.5812093953023488
two_day,0.5,19,0.9905047476261869,0.7956021989005497
two_day,0.5,19,0.026486756621689155,0.07896051974012994
two_day,0.5,19,0.856071964017991,0.9875062468765617
two_day,0.5,19,0.9800099950024987,0.3568215892053973
two_day,0.5,19,0.4657671164417791,0.5332333833083458
two_day,0.5,19,0.21989005497251374,0.6361819090454772
two_day,0.5,19,0.6196901549225388,0.07646176911544228
two_day,0.5,19,0.4272863568215892,0.3828085957021489
two_day,0.5,19,0.12893553223388307,0.38830584707646176
two_day,0.5,19,0.5817091454272864,0.21539230384807595
two_day,0.5,19,0.9860069965017492,0.92103948025987
two_day,0.5,19,0.33683158420789605,0.9575212393803099
two_day,0.5,19,0.42628685657171417,0.35332333833083457
two_day,0.5,19,0.32533733133433285,0.9710144927536232
two_day,0.5,19,0.5757121439280359,0.4867566216891554
two_day,0.5,19,0.34632683658170915,0.04397801099450275
two_day,0.5,19,0.3103448275862069,0.062468765617191405
two_day,0.5,19,0.5622188905547226,0.030984507746126936
two_day,0.5,19,0.18040979510244878,0.09945027486256872
two_day,0.5,19,0.28785607196401797,0.04597701149425287
two_day,0.5,19,0.3868065967016492,0.0079960019990005
two_day,0.5,19,0.33033483258370816,0.7986006996501749
two_day,0.5,19,0.631184407796102,0.4407796101949025
two_day,0.5,19,0.6736631684157921,0.08195902048975512
two_day,0.5,19,0.8250874562718641,0.17541229385307347
two_day,0.5,19,0.6226886556721639,0.8800599700149925
two_day,0.5,19,0.375312343828086,0.9345327336331835
two_day,0.5,19,0.20439780109945027,0.4057971014492754
two_day,0.5,19,0.9905047476261869,0.9205397301349325
two_day,0.5,19,0.3633183408295852,0.9625187406296851
two_day,0.5,19,0.26186906546726635,0.5367316341829086
two_day,0.5,19,0.6206896551724138,0.5932033983008496
two_day,0.5,19,0.17491254372813594,0.5722138930534733
two_day,0.5,19,0.4782608695652174,0.22438780609695153
two_day,0.5,19,0.4367816091954023,0.20089955022488756
two_day,0.5,19,0.43428285857071464,0.92103948025987
two_day,0.5,19,0.9385307346326837,0.4542728635682159
two_day,0.5,19,0.9035482258870565,0.6446776611694153
two_day,0.5,19,0.7651174412793603,0.3733133433283358
two_day,0.5,19,0.6471764117941029,0.4817591204397801
two_day,0.5,19,0.375312343828086,0.775112443778111
two_day,0.5,19,0.5197401299350325,0.42778610694652675
two_day,0.5,19,0.4752623688155922,0.7101449275362319
two_day,0.5,19,0.5822088955522239,0.312343828085957
two_day,0.5,19,0.9430284857571214,0.7411294352823589
two_day,0.5,19,0.719640179910045,0.4867566216891554
two_day,0.5,19,0.28535732133933034,0.4217891054472764
two_day,0.5,19,0.1424287856071964,0.3233383308345827
two_day,0.5,19,0.4052973513243378,0.5687156421789106
two_day,0.5,19,0.06196901549225387,0.8510744627686156
two_day,0.5,19,0.6231884057971014,0.10794602698650675
two_day,0.5,19,0.7276361819090454,0.9260369815092454
two_day,0.5,19,0.855072463768116,0.4607696151924038
two_day,0.5,19,0.8105947026486756,0.8275862068965517
two_day,0.5,19,0.27786106946526734,0.36681659170414793
two_day,0.5,19,0.14592703648175911,0.0769615192403798
two_day,0.5,19,0.632183908045977,0.25087456271864067
two_day,0.5,19,0.5087456271864068,0.9440279860069966
two_day,0.5,19,0.2353823088455772,0.4452773613193403
two_day,0.5,19,0.2588705647176412,0.5902048975512244
two_day,0.5,19,0.38830584707646176,0.7386306846576711
two_day,0.5,19,0.7026486756621689,0.7611194402798601
two_day,0.5,19,0.6906546726636682,0.9820089955022488
two_day,0.5,19,0.7151424287856072,0.7546226886556722
two_day,0.5,19,0.12743628185907047,0.7986006996501749
two_day,0.5,19,0.7106446776611695,0.5517241379310345
two_day,0.5,19,0.035982008995502246,0.06046976511744128
two_day,0.5,19,0.127936031984008,0.88055972013993
two_day,0.5,19,0.26286856571714146,0.4472763618190905
two_day,0.5,19,0.08945527236381809,0.9170414792603698
two_day,0.5,19,0.29235382308845576,0.9055472263868066
two_day,0.5,19,0.6006996501749126,0.9760119940029985
two_day,0.5,19,0.026486756621689155,0.033483258370814596
two_day,0.5,19,0.4107946026986507,0.8690654672663668
two_day,0.5,19,0.41329335332333833,0.4177911044477761
two_day,0.5,19,0.8435782108945528,0.6231884057971014
two_day,0.5,19,0.584207896051974,0.6231884057971014
two_day,0.5,19,0.38630684657671166,0.12393803098450774
two_day,0.5,19,0.0029985007496251873,0.4357821089455272
two_day,0.5,19,0.01649175412293853,0.15992003998001
two_day,0.5,19,0.6696651674162919,0.8335832083958021
two_day,0.5,19,0.28285857071464265,0.4847576211894053
two_day,0.5,19,0.47976011994003,0.47926036981509246
two_day,0.5,19,0.05697151424287856,0.031984007996002
two_day,0.5,19,0.05247376311844078,0.23638180909545228
two_day,0.5,19,0.670664667666167,0.6106946526736632
two_day,0.5,19,0.5302348825587206,0.767616191904048
two_day,0.5,19,0.2048975512243878,0.5562218890554723
two_day,0.5,19,0.585207396301849,0.7201399300349826
two_day,0.5,19,0.7001499250374813,0.40429785107446276
two_day,0.5,19,0.095952023988006,0.0814592703648176
two_day,0.5,19,0.5327336331834083,0.20039980009995004
two_day,0.5,19,0.6616691654172914,0.38830584707646176
two_day,0.5,19,0.21839080459770116,0.07396301849075462
two_day,0.5,19,0.7301349325337332,0.584207896051974
two_day,0.5,19,0.9050474762618691,0.862568715642179
two_day,0.5,19,0.057971014492753624,0.06846576711644178
two_day,0.5,19,0.3058470764617691,0.07246376811594203
two_day,0.5,19,0.783608195902049,0.45377311344327836
two_day,0.5,19,0.07246376811594203,0.05747126436781609
two_day,0.5,19,0.1344327836081959,0.5732133933033483
two_day,0.5,19,0.6741629185407296,0.750624687656172
two_day,0.5,19,0.8065967016491754,0.4332833583208396
two_day,0.5,19,0.7886056971514243,0.18990504747626186
two_day,0.5,19,0.7631184407796102,0.9250374812593704
two_day,0.5,19,0.6611694152923538,0.7406296851574213
two_day,0.5,19,0.42778610694652675,0.4707646176911544
two_day,0.5,19,0.7236381809095452,0.29985007496251875
two_day,0.5,19,0.7746126936531734,0.2983508245877061
two_day,0.5,19,0.8295852073963018,0.8335832083958021
two_day,0.5,19,0.8645677161419291,0.6216891554222889
two_day,0.5,19,0.18240879560219891,0.7666166916541729
two_day,0.5,19,0.8150924537731135,0.49825087456271866
two_day,0.5,19,0.9675162418790605,0.32083958020989506
two_day,0.5,19,0.3213393303348326,0.05147426286856572
two_day,0.5,19,0.4357821089455272,0.7016491754122939
two_day,0.5,20,0.24387806096951525,0.9515242378810594
two_day,0.5,20,0.9900049975012494,0.6166916541729135
two_day,0.5,20,0.1924037981009495,0.17041479260369816
two_day,0.5,20,0.8905547226386806,0.34782608695652173
two_day,0.5,20,0.952023988005997,0.5857071464267866
two_day,0.5,20,0.4267866066966517,0.9705147426286856
two_day,0.5,20,0.5837081459270365,0.5167416291854073
two_day,0.5,20,0.5272363818090955,0.303848075962019
two_day,0.5,20,0.5727136431784108,0.42978510744627685
two_day,0.5,20,0.616191904047976,0.6666666666666666
two_day,0.5,20,0.7171414292853573,0.43928035982008995
two_day,0.5,20,0.10944527736131934,0.8335832083958021
two_day,0.5,20,0.6316841579210395,0.632183908045977
two_day,0.5,20,0.8630684657671165,0.6986506746626686
two_day,0.5,20,0.6091954022988506,0.18190904547726136
two_day,0.5,20,0.5692153923038481,0.23738130934532733
two_day,0.5,20,0.8100949525237381,0.5552223888055972
two_day,0.5,20,0.7456271864067966,0.7606196901549226
two_day,0.5,20,0.8790604697651174,0.5697151424287856
two_day,0.5,20,0.9895052473763118,0.7031484257871065
two_day,0.5,20,0.033483258370814596,0.22138930534732634
two_day,0.5,20,0.25737131434282856,0.9055472263868066
two_day,0.5,20,0.39030484757621187,0.4847576211894053
two_day,0.5,20,0.9010494752623688,0.9660169915042479
two_day,0.5,20,0.0559720139930035,0.3238380809595202
two_day,0.5,20,0.6536731634182908,0.7011494252873564
two_day,0.5,20,0.5167416291854073,0.31334332833583206
two_day,0.5,20,0.39980009995002497,0.6836581709145427
two_day,0.5,20,0.5232383808095952,0.6586706646676662
two_day,0.5,20,0.3118440779610195,0.862568715642179
two_day,0.5,20,0.9810094952523738,0.8125937031484258
two_day,0.5,20,0.9625187406296851,0.21389305347326337
two_day,0.5,20,0.6996501749125438,0.03798100949525238
two_day,0.5,20,0.05697151424287856,0.5422288855572214
two_day,0.5,20,0.7611194402798601,0.20189905047476261
two_day,0.5,20,0.809095452273863,0.5562218890554723
two_day,0.5,20,0.5197401299350325,0.750624687656172
two_day,0.5,20,0.45377311344327836,0.5022488755622189
two_day,0.5,20,0.4527736131934033,0.9450274862568716
two_day,0.5,20,0.6301849075462269,0.2933533233383308
two_day,0.5,20,0.7996001999000499,0.35082458770614694
two_day,0.5,20,0.3373313343328336,0.24187906046976512
two_day,0.5,20,0.2673663168415792,0.2913543228385807
two_day,0.5,20,0.1809095452273863,0.36431784107946025
two_day,0.5,20,0.9180409795102449,0.4002998500749625
two_day,0.5,20,0.8480759620189905,0.004997501249375313
two_day,0.5,20,0.5272363818090955,0.4497751124437781
two_day,0.5,20,0.4862568715642179,0.21539230384807595
two_day,0.5,20,0.5952023988005997,0.47626186906546725
two_day,0.5,20,0.5357321339330335,0.4142928535732134
two_day,0.5,20,0.30334832583708143,0.936031984007996
two_day,0.5,20,0.5087456271864068,0.7841079460269865
two_day,0.5,20,0.12093953023488256,0.16941529235382308
two_day,0.5,20,0.9920039980009995,0.9185407296351824
two_day,0.5,20,0.42478760619690153,0.7501249375312344
two_day,0.5,20,0.09095452273863068,0.8760619690154923
two_day,0.5,20,0.45527236381809094,0.29685157421289354
two_day,0.5,20,0.7741129435282359,0.8300849575212393
two_day,0.5,20,0.11044477761119441,0.7186406796601699
two_day,0.5,20,0.12193903048475763,0.03548225887056472
two_day,0.5,20,0.05247376311844078,0.8595702148925537
two_day,0.5,20,0.9945027486256871,0.7061469265367316
two_day,0.5,20,0.053973013493253376,0.15942028985507245
two_day,0.5,20,0.4577711144427786,0.4387806096951524
two_day,0.5,20,0.29485257371314344,0.6466766616691654
two_day,0.5,20,0.08095952023988005,0.9975012493753124
two_day,0.5,20,0.9495252373813093,0.14842578710644677
two_day,0.5,20,0.4867566216891554,0.9165417291354323
two_day,0.5,20,0.9870064967516242,0.24387806096951525
two_day,0.5,20,0.22438780609695153,0.88055972013993
two_day,0.5,20,0.9250374812593704,0.9610194902548725
two_day,0.5,20,0.26486756621689156,0.09195402298850575
two_day,0.5,20,0.9615192403798101,0.054972513743128434
two_day,0.5,20,0.026486756621689155,0.05147426286856572
two_day,0.5,20,0.4702648675662169,0.7066466766616691
two_day,0.5,20,0.6966516741629185,0.2683658170914543
two_day,0.5,20,0.07146426786606697,0.600199900049975
two_day,0.5,20,0.0029985007496251873,0.04547726136931534
two_day,0.5,20,0.3613193403298351,0.9950024987506247
two_day,0.5,20,0.9225387306346826,0.21989005497251374
two_day,0.5,20,0.9310344827586207,0.42978510744627685
two_day,0.5,20,0.6701649175412294,0.7831084457771115
two_day,0.5,20,0.5467266366816592,0.33933033483258374
two_day,0.5,20,0.11644177911044477,0.020989505247376312
two_day,0.5,20,0.19540229885057472,0.7151424287856072
two_day,0.5,20,0.17391304347826086,0.19740129935032483
two_day,0.5,20,0.8000999500249875,0.1729135432283858
two_day,0.5,20,0.35282358820589704,0.22338830584707647
two_day,0.5,20,0.5237381309345327,0.27936031984008
two_day,0.5,20,0.17991004497751126,0.0559720139930035
two_day,0.5,20,0.41379310344827586,0.19940029985007496
two_day,0.5,20,0.456271864067966,0.24687656171914044
two_day,0.5,20,0.7446276861569215,0.712143928035982
two_day,0.5,20,0.49725137431284355,0.3218390804597701
two_day,0.5,20,0.4032983508245877,0.9065467266366817
two_day,0.5,20,0.31384307846076964,0.02148925537231384
two_day,0.5,20,0.24387806096951525,0.2703648175912044
two_day,0.5,20,0.9540229885057471,0.2303848075962019
two_day,0.5,20,0.3058470764617691,0.9085457271364318
two_day,0.5,20,0.4687656171914043,0.8810594702648675
two_day,0.5,20,0.019490254872563718,0.24187906046976512
two_day,0.5,20,0.09845077461269365,0.13793103448275862
two_day,0.5,20,0.9010494752623688,0.2928535732133933
two_day,0.5,20,0.4307846076961519,0.9280359820089955
two_day,0.5,20,0.8270864567716142,0.46976511744127936
two_day,0.5,20,0.27136431784107945,0.8525737131434283
two_day,0.5,20,0.21389305347326337,0.0079960019990005
two_day,0.5,20,0.9785107446276862,0.5572213893053474
two_day,0.5,20,0.8545727136431784,0.7211394302848576
two_day,0.5,20,0.2703648175912044,0.5032483758120939
two_day,0.5,20,0.16591704147926037,0.49775112443778113
two_day,0.5,20,0.8340829585207397,0.568215892053973
two_day,0.5,20,0.2463768115942029,0.4802598700649675
two_day,0.5,20,0.34382808595702147,0.9020489755122438
two_day,0.5,20,0.49225387306346824,0.11094452773613193
two_day,0.5,20,0.6411794102948526,0.25837081459270367
two_day,0.5,20,0.42828585707146427,0.3793103448275862
two_day,0.5,20,0.8285857071464268,0.9130434782608695
two_day,0.5,20,0.35782108945527236,0.4587706146926537
two_day,0.5,20,0.6461769115442278,0.7411294352823589
two_day,0.5,21,0.23738130934532733,0.43928035982008995
two_day,0.5,21,0.8580709645177411,0.5837081459270365
two_day,0.5,21,0.8750624687656172,0.9090454772613693
two_day,0.5,21,0.9890054972513743,0.6846576711644178
two_day,0.5,21,0.7316341829085458,0.7006496751624188
two_day,0.5,21,0.08245877061469266,0.45577211394302847
two_day,0.5,21,0.9495252373813093,0.9505247376311844
two_day,0.5,21,0.7091454272863568,0.5547226386806596
two_day,0.5,21,0.36031984007996004,0.009995002498750625
two_day,0.5,21,0.24587706146926536,0.009995002498750625
two_day,0.5,21,0.495752123938031,0.01649175412293853
two_day,0.5,21,0.7061469265367316,0.7006496751624188
two_day,0.5,21,0.18590704647676162,0.9220389805097451
two_day,0.5,21,0.5312343828085957,0.888055972013993
two_day,0.5,21,0.5412293853073463,0.808095952023988
two_day,0.5,21,0.49375312343828087,0.9585207396301849
two_day,0.5,21,0.26036981509245377,0.7571214392803598
two_day,0.5,21,0.6901549225387307,0.9750124937531235
two_day,0.5,21,0.5782108945527237,0.5747126436781609
two_day,0.5,21,0.9150424787606197,0.2638680659670165
two_day,0.5,21,0.6946526736631684,0.2273863068465767
two_day,0.5,21,0.52023988005997,0.8380809595202399
two_day,0.5,21,0.6391804097951025,0.5092453773113443
two_day,0.5,21,0.248375812093953,0.328335832083958
two_day,0.5,21,0.88055972013993,0.6221889055472264
two_day,0.5,21,0.5902048975512244,0.5577211394302849
two_day,0.5,21,0.39030484757621187,0.8270864567716142
two_day,0.5,21,0.4622688655672164,0.9870064967516242
two_day,0.5,21,0.006496751624187906,0.6656671664167916
two_day,0.5,21,0.7551224387806097,0.9805097451274363
two_day,0.5,21,0.010494752623688156,0.6216891554222889
two_day,0.5,21,0.6831584207896052,0.026986506746626688
two_day,0.5,21,0.736631684157921,0.6091954022988506
two_day,0.5,21,0.7731134432783608,0.5877061469265368
two_day,0.5,21,0.6941529235382309,0.2623688155922039
two_day,0.5,21,0.7671164417791104,0.8515742128935532
two_day,0.5,21,0.17041479260369816,0.8710644677661169
two_day,0.5,21,0.9545227386306847,0.8700649675162418
two_day,0.5,21,0.1024487756121939,0.6036981509245377
two_day,0.5,21,0.7251374312843578,0.7721139430284858
two_day,0.5,21,0.2773613193403298,0.6146926536731634
two_day,0.5,21,0.12643678160919541,0.8910544727636182
two_day,0.5,21,0.14442778610694654,0.005997001499250375
two_day,0.5,21,0.09945027486256872,0.053973013493253376
two_day,0.5,21,0.0239880059970015,0.6266866566716641
two_day,0.5,21,0.7181409295352323,0.9075462268865567
two_day,0.5,21,0.9265367316341829,0.703648175912044
two_day,0.5,21,0.5022488755622189,0.3363318340829585
two_day,0.5,21,0.17491254372813594,0.5787106446776612
two_day,0.5,21,0.44627686156921537,0.4427786106946527
two_day,0.5,21,0.5717141429285357,0.4757621189405297
two_day,0.5,21,0.41329335332333833,0.4622688655672164
two_day,0.5,21,0.5952023988005997,0.8925537231384307
two_day,0.5,21,0.3258370814592704,0.33883058470764615
two_day,0.5,21,0.7131434282858571,0.5272363818090955
two_day,0.5,21,0.5007496251874063,0.11394302848575712
two_day,0.5,21,0.20689655172413793,0.777111444277861
two_day,0.5,21,0.30834582708645675,0.8200899550224887
two_day,0.5,21,0.8050974512743628,0.8235882058970515
two_day,0.5,21,0.7731134432783608,0.10294852573713144
two_day,0.5,21,0.6081959020489756,0.5792103948025987
two_day,0.5,21,0.6406796601699151,0.5557221389305347
two_day,0.5,21,0.7606196901549226,0.2773613193403298
two_day,0.5,21,0.9715142428785607,0.39730134932533734
two_day,0.5,21,0.5802098950524738,0.4257871064467766
two_day,0.5,21,0.5702148925537232,0.1634182908545727
two_day,0.5,21,0.9770114942528736,0.7156421789105447
two_day,0.5,21,0.552223888055972,0.30634682658670664
two_day,0.5,21,0.30484757621189407,0.3888055972013993
two_day,0.5,21,0.2063968015992004,0.049475262368815595
two_day,0.5,21,0.5297351324337831,0.711144427786107
two_day,0.5,21,0.5502248875562219,0.5977011494252874
two_day,0.5,21,0.42128935532233885,0.6381809095452274
two_day,0.5,21,0.4542728635682159,0.9015492253873063
two_day,0.5,21,0.5252373813093453,0.10344827586206896
two_day,0.5,21,0.16091954022988506,0.6786606696651675
two_day,0.5,21,0.18240879560219891,0.9440279860069966
two_day,0.5,21,0.3313343328335832,0.7581209395302348
two_day,0.5,21,0.9510244877561219,0.8650674662668666
two_day,0.5,21,0.6936531734132934,0.9065467266366817
two_day,0.5,21,0.5702148925537232,0.47976011994003
two_day,0.5,21,0.08495752123938032,0.5467266366816592
two_day,0.5,21,0.841079460269865,0.02498750624687656
two_day,0.5,21,0.7191404297851074,0.1199400299850075
two_day,0.5,21,0.12843578210894552,0.14592703648175911
two_day,0.5,21,0.8370814592703648,0.7906046976511744
two_day,0.5,21,0.3328335832083958,0.6346826586706646
two_day,0.5,21,0.6021989005497251,0.7101449275362319
two_day,0.5,21,0.431784107946027,0.9810094952523738
two_day,0.5,21,0.8580709645177411,0.2943528235882059
two_day,0.5,21,0.08395802098950525,0.3683158420789605
two_day,0.5,21,0.4332833583208396,0.495752123938031
two_day,0.5,21,0.7136431784107946,0.27636181909045476
two_day,0.5,21,0.9870064967516242,0.526736631684158
two_day,0.5,21,0.20339830084957522,0.7641179410294853
two_day,0.5,21,0.5497251374312844,0.3023488255872064
two_day,0.5,21,0.17341329335332334,0.063968015992004
two_day,0.5,21,0.5742128935532234,0.33833083458270863
two_day,0.5,21,0.6816591704147926,0.9870064967516242
two_day,0.5,21,0.6531734132933533,0.09645177411294353
two_day,0.5,21,0.84007996001999,0.6526736631684158
two_day,0.5,21,0.13693153423288357,0.0009995002498750624
two_day,0.5,21,0.06996501749125437,0.27136431784107945
two_day,0.5,21,0.23288355822088955,0.20039980009995004
two_day,0.5,21,0.9250374812593704,0.7966016991504248
two_day,0.5,21,0.06896551724137931,0.7061469265367316
two_day,0.5,21,0.8725637181409296,0.026986506746626688
two_day,0.5,21,0.8110944527736131,0.8170914542728636
two_day,0.5,21,0.8030984507746127,0.7416291854072964
two_day,0.5,21,0.6151924037981009,0.31434282858570717
two_day,0.5,21,0.04297851074462768,0.4927536231884058
two_day,0.5,21,0.046476761619190406,0.8020989505247377
two_day,0.5,21,0.9395302348825587,0.33883058470764615
two_day,0.5,21,0.2658670664667666,0.8900549725137431
two_day,0.5,21,0.13393303348325838,0.36481759120439783
two_day,0.5,21,0.6216891554222889,0.7206396801599201
two_day,0.5,21,0.5652173913043478,0.44227886056971516
two_day,0.5,21,0.04097951024487756,0.02348825587206397
two_day,0.5,21,0.020989505247376312,0.001999000499750125
two_day,0.5,21,0.1024487756121939,0.7706146926536732
two_day,0.5,22,0.01649175412293853,0.0559720139930035
two_day,0.5,22,0.6181909045477262,0.6781609195402298
two_day,0.5,22,0.6811594202898551,0.5147426286856571
two_day,0.5,22,0.014992503748125937,0.11894052973513243
two_day,0.5,22,0.09045477261369315,0.4877561219390305
two_day,0.5,22,0.9205397301349325,0.8320839580209896
two_day,0.5,22,0.7886056971514243,0.9465267366316842
two_day,0.5,22,0.8505747126436781,0.1424287856071964
two_day,0.5,22,0.9020489755122438,0.44177911044477763
two_day,0.5,22,0.6861569215392304,0.6136931534232883
two_day,0.5,22,0.6786606696651675,0.21989005497251374
two_day,0.5,22,0.7666166916541729,0.7646176911544228
two_day,0.5,22,0.7456271864067966,0.6091954022988506
two_day,0.5,22,0.053973013493253376,0.3353323338330835
two_day,0.5,22,0.47726136931534235,0.29185407296351823
two_day,0.5,22,0.4657671164417791,0.5747126436781609
two_day,0.5,22,0.6831584207896052,0.2063968015992004
two_day,0.5,22,0.8640679660169915,0.8850574712643678
two_day,0.5,22,0.07546226886556721,0.095952023988006
two_day,0.5,22,0.5977011494252874,0.16041979010494753
two_day,0.5,22,0.10144927536231885,0.026986506746626688
two_day,0.5,22,0.5912043978010995,0.5897051474262869
two_day,0.5,22,0.3503248375812094,0.7701149425287356
two_day,0.5,22,0.9485257371314343,0.912543728135932
two_day,0.5,22,0.15792103948025987,0.05547226386806597
two_day,0.5,22,0.4737631184407796,0.5442278860569715
two_day,0.5,22,0.7301349325337332,0.18290854572713644
two_day,0.5,22,0.16391804097951024,0.001999000499750125
two_day,0.5,22,0.13243378310844578,0.5772113943028486
two_day,0.5,22,0.41529235382308843,0.912543728135932
two_day,0.5,22,0.24387806096951525,0.13093453273363317
two_day,0.5,22,0.046476761619190406,0.776111944027986
two_day,0.5,22,0.8995502248875562,0.7081459270364817
two_day,0.5,22,0.9845077461269365,0.8675662168915542
two_day,0.5,22,0.5867066466766616,0.84007996001999
two_day,0.5,22,0.14392803598200898,0.8430784607696152
two_day,0.5,22,0.40929535232383807,0.623688155922039
two_day,0.5,22,0.7081459270364817,0.8315842078960519
two_day,0.5,22,0.5737131434282858,0.2318840579710145
two_day,0.5,22,0.6781609195402298,0.6721639180409795
two_day,0.5,22,0.3288355822088955,0.7866066966516742
two_day,0.5,22,0.28335832083958024,0.079960019990005
two_day,0.5,22,0.48125937031484256,0.7321339330334833
two_day,0.5,22,0.5887056471764118,0.767616191904048
two_day,0.5,22,0.1489255372313843,0.8295852073963018
two_day,0.5,22,0.8345827086456772,0.3218390804597701
two_day,0.5,22,0.3868065967016492,0.29985007496251875
two_day,0.5,22,0.29035482258870565,0.0769615192403798
two_day,0.5,22,0.8770614692653673,0.5087456271864068
two_day,0.5,22,0.8000999500249875,0.2368815592203898
two_day,0.5,22,0.4992503748125937,0.7711144427786107
two_day,0.5,22,0.5377311344327836,0.7331334332833583
two_day,0.5,22,0.49075462268865566,0.42028985507246375
two_day,0.5,22,0.8660669665167416,0.862568715642179
two_day,0.5,22,0.9195402298850575,0.9560219890054973
two_day,0.5,22,0.005497251374312844,0.004997501249375313
two_day,0.5,22,0.36731634182908546,0.4892553723138431
two_day,0.5,22,0.2748625687156422,0.9510244877561219
two_day,0.5,22,0.7961019490254873,0.6571714142928535
two_day,0.5,22,0.03798100949525238,0.20839580209895053
two_day,0.5,22,0.544727636181909,0.7226386806596702
two_day,0.5,22,0.9485257371314343,0.7661169415292354
two_day,0.5,22,0.2818590704647676,0.4687656171914043
two_day,0.5,22,0.06196901549225387,0.2698650674662669
two_day,0.5,22,0.3893053473263368,0.9195402298850575
two_day,0.5,22,0.6956521739130435,0.5967016491754122
two_day,0.5,22,0.49075462268865566,0.9020489755122438
two_day,0.5,22,0.13543228385807096,0.0034982508745627187
two_day,0.5,22,0.23638180909545228,0.2383808095952024
two_day,0.5,22,0.08295852073963018,0.017491254372813594
two_day,0.5,22,0.005997001499250375,0.05697151424287856
two_day,0.5,22,0.7821089455272364,0.95952023988006
two_day,0.5,22,0.6126936531734133,0.46276861569215394
two_day,0.5,22,0.40379810094952523,0.6426786606696652
two_day,0.5,22,0.11094452773613193,0.25987006496751625
two_day,0.5,22,0.3698150924537731,0.6881559220389805
two_day,0.5,22,0.6991504247876063,0.6731634182908546
two_day,0.5,22,0.8330834582708646,0.46326836581709147
two_day,0.5,22,0.42328835582208896,0.2723638180909545
two_day,0.5,22,0.7181409295352323,0.8600699650174912
two_day,0.5,22,0.23438280859570215,0.2868565717141429
two_day,0.5,22,0.7221389305347327,0.12343828085957022
two_day,0.5,22,0.6071964017991005,0.9290354822588706
two_day,0.5,22,0.927536231884058,0.5527236381809095
two_day,0.5,22,0.005997001499250375,0.0069965017491254375
two_day,0.5,22,0.8865567216391804,0.6761619190404797
two_day,0.5,22,0.43728135932033985,0.777111444277861
two_day,0.5,22,0.18190904547726136,0.4427786106946527
two_day,0.5,22,0.1374312843578211,0.15442278860569716
two_day,0.5,22,0.800599700149925,0.968015992003998
two_day,0.5,22,0.2868565717141429,0.14742628685657172
two_day,0.5,22,0.6141929035482259,0.7966016991504248
two_day,0.5,22,0.6351824087956022,0.42828585707146427
two_day,0.5,22,0.20389805097451275,0.9060469765117442
two_day,0.5,22,0.5087456271864068,0.9495252373813093
two_day,0.5,22,0.7736131934032984,0.22038980509745126
two_day,0.5,22,0.17641179410294852,0.10794602698650675
two_day,0.5,22,0.5122438780609695,0.2893553223388306
two_day,0.5,22,0.6741629185407296,0.7956021989005497
two_day,0.5,22,0.6816591704147926,0.6671664167916042
two_day,0.5,22,0.9495252373813093,0.8505747126436781
two_day,0.5,22,0.10844577711144428,0.22138930534732634
two_day,0.5,22,0.6341829085457271,0.6291854072963519
two_day,0.5,22,0.33483258370814595,0.21889055472263869
two_day,0.5,22,0.3238380809595202,0.6581709145427287
two_day,0.5,22,0.36031984007996004,0.9825087456271864
two_day,0.5,22,0.18290854572713644,0.16491754122938532
two_day,0.5,22,0.7206396801599201,0.5462268865567217
two_day,0.5,22,0.02148925537231384,0.0704647676161919
two_day,0.5,22,0.33933033483258374,0.4387806096951524
two_day,0.5,22,0.09345327336331834,0.03398300849575212
two_day,0.5,22,0.6451774112943528,0.9085457271364318
two_day,0.5,22,0.4752623688155922,0.8590704647676162
two_day,0.5,22,0.41379310344827586,0.271864067966017
two_day,0.5,22,0.5537231384307846,0.9370314842578711
two_day,0.5,22,0.47726136931534235,0.9500249875062469
two_day,0.5,22,0.5797101449275363,0.8605697151424287
two_day,0.5,22,0.2798600699650175,0.35732133933033483
two_day,0.5,22,0.07796101949025487,0.01249375312343828
two_day,0.5,22,0.6796601699150425,0.20839580209895053
two_day,0.5,23,0.7271364317841079,0.4002998500749625
two_day,0.5,23,0.9050474762618691,0.6776611694152923
two_day,0.5,23,0.904047976011994,0.22538730634682658
two_day,0.5,23,0.25987006496751625,0.5372313843078461
two_day,0.5,23,0.29735132433783107,0.6271864067966016
two_day,0.5,23,0.84007996001999,0.7086456771614192
two_day,0.5,23,0.38580709645177413,0.703648175912044
two_day,0.5,23,0.8570714642678661,0.544727636181909
two_day,0.5,23,0.1774112943528236,0.728135932033983
two_day,0.5,23,0.11294352823588207,0.30484757621189407
two_day,0.5,23,0.17541229385307347,0.2588705647176412
two_day,0.5,23,0.31984007996002,0.21189405297351324
two_day,0.5,23,0.6976511744127936,0.4257871064467766
two_day,0.5,23,0.14792603698150925,0.11944027986006997
two_day,0.5,23,0.4897551224387806,0.7831084457771115
two_day,0.5,23,0.3243378310844578,0.32283858070964516
two_day,0.5,23,0.8770614692653673,0.6306846576711644
two_day,0.5,23,0.04097951024487756,0.02798600699650175
two_day,0.5,23,0.8350824587706147,0.4867566216891554
two_day,0.5,23,0.29535232383808097,0.15942028985507245
two_day,0.5,23,0.88055972013993,0.7726136931534233
two_day,0.5,23,0.8025987006496752,0.9620189905047476
two_day,0.5,23,0.31984007996002,0.44627686156921537
two_day,0.5,23,0.8275862068965517,0.5722138930534733
two_day,0.5,23,0.1344327836081959,0.35132433783108447
two_day,0.5,23,0.7031484257871065,0.7976011994002998
two_day,0.5,23,0.4432783608195902,0.7396301849075462
two_day,0.5,23,0.23788105947026486,0.7956021989005497
two_day,0.5,23,0.5747126436781609,0.7261369315342329
two_day,0.5,23,0.2888555722138931,0.9810094952523738
two_day,0.5,23,0.5032483758120939,0.775112443778111
two_day,0.5,23,0.3243378310844578,0.11294352823588207
two_day,0.5,23,0.9985007496251874,0.889055472263868
two_day,0.5,23,0.3183408295852074,0.6531734132933533
two_day,0.5,23,0.08895552223888056,0.3453273363318341
two_day,0.5,23,0.7976011994002998,0.4577711144427786
two_day,0.5,23,0.5787106446776612,0.05997001499250375
two_day,0.5,23,0.6101949025487257,0.5932033983008496
two_day,0.5,23,0.894552723638181,0.8970514742628686
two_day,0.5,23,0.21889055472263869,0.03948025987006497
two_day,0.5,23,0.2773613193403298,0.48575712143928035
two_day,0.5,23,0.7336331834082959,0.2608695652173913
two_day,0.5,23,0.32733633183408295,0.45177411294352826
two_day,0.5,23,0.04547726136931534,0.035982008995502246
two_day,0.5,23,0.40379810094952523,0.6106946526736632
two_day,0.5,23,0.17391304347826086,0.5367316341829086
two_day,0.5,23,0.3553223388305847,0.11444277861069466
two_day,0.5,23,0.7396301849075462,0.2193903048475762
two_day,0.5,23,0.711144427786107,0.5232383808095952
two_day,0.5,23,0.02798600699650175,0.02948525737131434
two_day,0.5,23,0.4382808595702149,0.9700149925037481
two_day,0.5,23,0.7466266866566716,0.46476761619190404
two_day,0.5,23,0.6951524237881059,0.9410294852573713
two_day,0.5,23,0.46526736631684157,0.8355822088955522
two_day,0.5,23,0.5637181409295352,0.9260369815092454
two_day,0.5,23,0.7721139430284858,0.3893053473263368
two_day,0.5,23,0.743128435782109,0.4947526236881559
two_day,0.5,23,0.8125937031484258,0.6686656671664168
two_day,0.5,23,0.22138930534732634,0.38630684657671166
two_day,0.5,23,0.4867566216891554,0.36031984007996004
two_day,0.5,23,0.33233383308345826,0.25237381309345325
two_day,0.5,23,0.41379310344827586,0.127936031984008
two_day,0.5,23,0.8685657171414293,0.42628685657171417
two_day,0.5,23,0.28835582208895555,0.4832583708145927
two_day,0.5,23,0.45827086456771615,0.4012993503248376
two_day,0.5,23,0.8810594702648675,0.5977011494252874
two_day,0.5,23,0.24737631184407796,0.8555722138930535
two_day,0.5,23,0.7041479260369815,0.5227386306846576
two_day,0.5,23,0.5972013993003499,0.9515242378810594
two_day,0.5,23,0.12543728135932034,0.49375312343828087
two_day,0.5,23,0.1924037981009495,0.2888555722138931
two_day,0.5,23,0.1424287856071964,0.4107946026986507
two_day,0.5,23,0.13343328335832083,0.49375312343828087
two_day,0.5,23,0.23238380809595202,0.14192903548225888
two_day,0.5,23,0.1794102948525737,0.657671164417791
two_day,0.5,23,0.47626186906546725,0.11544227886056972
two_day,0.5,23,0.24187906046976512,0.665167416291854
two_day,0.5,23,0.3423288355822089,0.8360819590204898
two_day,0.5,23,0.35732133933033483,0.47926036981509246
two_day,0.5,23,0.6571714142928535,0.2683658170914543
two_day,0.5,23,0.08895552223888056,0.0014992503748125937
two_day,0.5,23,0.8180909545227386,0.4397801099450275
two_day,0.5,23,0.26786606696651677,0.4407796101949025
two_day,0.5,23,0.30884557721139433,0.5537231384307846
two_day,0.5,23,0.28385807096451776,0.022488755622188907
two_day,0.5,23,0.9920039980009995,0.8490754622688655
two_day,0.5,23,0.21989005497251374,0.7386306846576711
two_day,0.5,23,0.14942528735632185,0.8505747126436781
two_day,0.5,23,0.8470764617691154,0.1024487756121939
two_day,0.5,23,0.8470764617691154,0.4987506246876562
two_day,0.5,23,0.7451274362818591,0.5432283858070964
two_day,0.5,23,0.7176411794102948,0.41879060469765117
two_day,0.5,23,0.6201899050474763,0.9625187406296851
two_day,0.5,23,0.3663168415792104,0.32283858070964516
two_day,0.5,23,0.3313343328335832,0.4642678660669665
two_day,0.5,23,0.2288855572213893,0.8255872063968016
two_day,0.5,23,0.17641179410294852,0.2653673163418291
two_day,0.5,23,0.9625187406296851,0.26936531734132935
two_day,0.5,23,0.09545227386306847,0.10994502748625687
two_day,0.5,23,0.4897551224387806,0.09945027486256872
two_day,0.5,23,0.8865567216391804,0.15592203898050974
two_day,0.5,23,0.6921539230384808,0.303848075962019
two_day,0.5,23,0.408295852073963,0.22488755622188905
two_day,0.5,23,0.0074962518740629685,0.06096951524237881
two_day,0.5,23,0.7841079460269865,0.1724137931034483
two_day,0.5,23,0.37381309345327335,0.7041479260369815
two_day,0.5,23,0.9535232383808095,0.9340329835082459
two_day,0.5,23,0.19790104947526238,0.600199900049975
two_day,0.5,23,0.5172413793103449,0.5552223888055972
two_day,0.5,23,0.8515742128935532,0.6111944027986007
two_day,0.5,23,0.4367816091954023,0.07396301849075462
two_day,0.5,23,0.63968015992004,0.8085957021489255
two_day,0.5,23,0.43228385807096453,0.20439780109945027
two_day,0.5,23,0.551224387806097,0.5517241379310345
two_day,0.5,23,0.5037481259370314,0.7221389305347327
two_day,0.5,23,0.7321339330334833,0.29485257371314344
two_day,0.5,23,0.46026986506746626,0.9720139930034982
two_day,0.5,23,0.5357321339330335,0.9630184907546226
two_day,0.5,23,0.3173413293353323,0.7946026986506747
two_day,0.5,23,0.48075962018990503,0.4752623688155922
two_day,0.5,24,0.5617191404297851,0.38780609695152424
two_day,0.5,24,0.7526236881559221,0.545727136431784
two_day,0.5,24,0.9825087456271864,0.1969015492253873
two_day,0.5,24,0.9340329835082459,0.5967016491754122
two_day,0.5,24,0.9430284857571214,0.2048975512243878
two_day,0.5,24,0.42128935532233885,0.7386306846576711
two_day,0.5,24,0.2588705647176412,0.6211894052973513
two_day,0.5,24,0.9820089955022488,0.8655672163918041
two_day,0.5,24,0.33233383308345826,0.43928035982008995
two_day,0.5,24,0.23138430784607697,0.28235882058970513
two_day,0.5,24,0.06896551724137931,0.23488255872063968
two_day,0.5,24,0.6851574212893553,0.6696651674162919
two_day,0.5,24,0.31284357821089454,0.6036981509245377
two_day,0.5,24,0.30634682658670664,0.4447776111944028
two_day,0.5,24,0.0029985007496251873,0.07296351824087956
two_day,0.5,24,0.8555722138930535,0.7076461769115442
two_day,0.5,24,0.12493753123438281,0.45027486256871563
two_day,0.5,24,0.9730134932533733,0.5112443778110944
two_day,0.5,24,0.728135932033983,0.8885557221389305
two_day,0.5,24,0.9835082458770614,0.14142928535732133
two_day,0.5,24,0.4572713643178411,0.38580709645177413
two_day,0.5,24,0.14842578710644677,0.037481259370314844
two_day,0.5,24,0.1054472763618191,0.3153423288355822
two_day,0.5,24,0.38980509745127434,0.034482758620689655
two_day,0.5,24,0.6541729135432284,0.8440779610194903
two_day,0.5,24,0.4767616191904048,0.8685657171414293
two_day,0.5,24,0.01999000499750125,0.15542228885557222
two_day,0.5,24,0.46526736631684157,0.39580209895052476
two_day,0.5,24,0.6956521739130435,0.6441779110444777
two_day,0.5,24,0.496751624187906,0.18640679660169915
two_day,0.5,24,0.2863568215892054,0.13943028485757122
two_day,0.5,24,0.40229885057471265,0.23238380809595202
two_day,0.5,24,0.43478260869565216,0.34782608695652173
two_day,0.5,24,0.2413793103448276,0.32733633183408295
two_day,0.5,24,0.7031484257871065,0.63968015992004
two_day,0.5,24,0.543728135932034,0.84007996001999
two_day,0.5,24,0.9030484757621189,0.7306346826586707
two_day,0.5,24,0.1874062968515742,0.03498250874562719
two_day,0.5,24,0.511744127936032,0.16691654172913542
two_day,0.5,24,0.9550224887556222,0.3218390804597701
two_day,0.5,24,0.617191404297851,0.7401299350324838
two_day,0.5,24,0.5017491254372813,0.11394302848575712
two_day,0.5,24,0.7061469265367316,0.504247876061969
two_day,0.5,24,0.36281859070464767,0.8735632183908046
two_day,0.5,24,0.6671664167916042,0.6446776611694153
two_day,0.5,24,0.8755622188905547,0.7016491754122939
two_day,0.5,24,0.6201899050474763,0.7986006996501749
two_day,0.5,24,0.48425787106446777,0.16891554222888555
two_day,0.5,24,0.9435282358820589,0.5187406296851574
two_day,0.5,24,0.6231884057971014,0.9195402298850575
two_day,0.5,24,0.8220889555222389,0.7386306846576711
two_day,0.5,24,0.9455272363818091,0.8760619690154923
two_day,0.5,24,0.46276861569215394,0.8820589705147426
two_day,0.5,24,0.10944527736131934,0.06996501749125437
two_day,0.5,24,0.7481259370314842,0.6441779110444777
two_day,0.5,24,0.624687656171914,0.7211394302848576
two_day,0.5,24,0.02348825587206397,0.03798100949525238
two_day,0.5,24,0.7341329335332334,0.9190404797601199
two_day,0.5,24,0.8895552223888056,0.3748125937031484
two_day,0.5,24,0.25287356321839083,0.6201899050474763
two_day,0.5,24,0.5382308845577212,0.456271864067966
two_day,0.5,24,0.6156921539230384,0.6736631684157921
two_day,0.5,24,0.12643678160919541,0.5032483758120939
two_day,0.5,24,0.5537231384307846,0.9785107446276862
two_day,0.5,24,0.041979010494752625,0.05847076461769116
two_day,0.5,24,0.4847576211894053,0.35932033983008493
two_day,0.5,24,0.5737131434282858,0.775112443778111
two_day,0.5,24,0.08245877061469266,0.025487256371814093
two_day,0.5,24,0.7956021989005497,0.6916541729135433
two_day,0.5,24,0.9375312343828086,0.6796601699150425
two_day,0.5,24,0.8490754622688655,0.9895052473763118
two_day,0.5,24,0.08595702148925537,0.136431784107946
two_day,0.5,24,0.6336831584207896,0.03798100949525238
two_day,0.5,24,0.5642178910544727,0.4337831084457771
two_day,0.5,24,0.8325837081459271,0.8885557221389305
two_day,0.5,24,0.960519740129935,0.8580709645177411
two_day,0.5,24,0.06296851574212893,0.005497251374312844
two_day,0.5,24,0.9310344827586207,0.9110444777611194
two_day,0.5,24,0.312343828085957,0.02448775612193903
two_day,0.5,24,0.8160919540229885,0.7401299350324838
two_day,0.5,24,0.2063968015992004,0.5947026486756621
two_day,0.5,24,0.36481759120439783,0.7816091954022989
two_day,0.5,24,0.8290854572713643,0.456271864067966
two_day,0.5,24,0.41329335332333833,0.15742128935532235
two_day,0.5,24,0.7421289355322339,0.9045477261369316
two_day,0.5,24,0.9195402298850575,0.5232383808095952
two_day,0.5,24,0.07796101949025487,0.07896051974012994
two_day,0.5,24,0.4612693653173413,0.47726136931534235
two_day,0.5,24,0.8835582208895553,0.5727136431784108
two_day,0.5,24,0.21489255372313842,0.26436781609195403
two_day,0.5,24,0.2938530734632684,0.6111944027986007
two_day,0.5,24,0.9505247376311844,0.35732133933033483
two_day,0.5,24,0.3733133433283358,0.47876061969015493
two_day,0.5,24,1.0,0.9685157421289355
two_day,0.5,24,0.3773113443278361,0.8520739630184908
two_day,0.5,24,0.6376811594202898,0.6121939030484758
two_day,0.5,24,0.6116941529235382,0.8765617191404298
two_day,0.5,24,0.6031984007996002,0.13493253373313344
two_day,0.5,24,0.7941029485257372,0.6546726636681659
two_day,0.5,24,0.8035982008995503,0.6266866566716641
two_day,0.5,24,0.21889055472263869,0.30884557721139433
two_day,0.5,24,0.37181409295352325,0.31334332833583206
two_day,0.5,24,0.10794602698650675,0.9560219890054973
two_day,0.5,24,0.9880059970014993,0.9625187406296851
two_day,0.5,24,0.39980009995002497,0.6741629185407296
two_day,0.5,24,0.7346326836581709,0.4547726136931534
two_day,0.5,24,0.5172413793103449,0.9375312343828086
two_day,0.5,24,0.5307346326836582,0.4757621189405297
two_day,0.5,24,0.4097951024487756,0.15742128935532235
two_day,0.5,24,0.001999000499750125,0.0074962518740629685
two_day,0.5,24,0.21889055472263869,0.36031984007996004
two_day,0.5,24,0.6166916541729135,0.7091454272863568
two_day,0.5,24,0.617191404297851,0.927536231884058
two_day,0.5,24,0.2653673163418291,0.6786606696651675
two_day,0.5,24,0.8405797101449275,0.5227386306846576
two_day,0.5,24,0.2013993003498251,0.09895052473763119
two_day,0.5,24,0.5147426286856571,0.42978510744627685
two_day,0.5,24,0.21189405297351324,0.4097951024487756
two_day,0.5,24,0.34132933533233384,0.8225887056471765
two_day,0.5,24,0.7321339330334833,0.312343828085957
two_day,0.5,25,0.5807096451774113,0.8525737131434283
two_day,0.5,25,0.6981509245377311,0.3743128435782109
two_day,0.5,25,0.13093453273363317,0.32283858070964516
two_day,0.5,25,0.4612693653173413,0.08395802098950525
two_day,0.5,25,0.05847076461769116,0.4217891054472764
two_day,0.5,25,0.39780109945027486,0.894552723638181
two_day,0.5,25,0.7141429285357321,0.631184407796102
two_day,0.5,25,0.5657171414292853,0.44127936031984005
two_day,0.5,25,0.3983008495752124,0.3613193403298351
two_day,0.5,25,0.04097951024487756,0.9490254872563718
two_day,0.5,25,0.6656671664167916,0.7856071964017991
two_day,0.5,25,0.8535732133933034,0.6691654172913544
two_day,0.5,25,0.3173413293353323,0.5537231384307846
two_day,0.5,25,0.4397801099450275,0.9245377311344328
two_day,0.5,25,0.15342328835582209,0.6731634182908546
two_day,0.5,25,0.8515742128935532,0.21139430284857572
two_day,0.5,25,0.8380809595202399,0.4127936031984008
two_day,0.5,25,0.6526736631684158,0.9460269865067467
two_day,0.5,25,0.28385807096451776,0.9170414792603698
two_day,0.5,25,0.20539730134932535,0.14292853573213393
two_day,0.5,25,0.9590204897551224,0.29185407296351823
two_day,0.5,25,0.7731134432783608,0.26436781609195403
two_day,0.5,25,0.4482758620689655,0.6701649175412294
two_day,0.5,25,0.7206396801599201,0.10644677661169415
two_day,0.5,25,0.5507246376811594,0.5287356321839081
two_day,0.5,25,0.7811094452773614,0.8670664667666167
two_day,0.5,25,0.3103448275862069,0.2493753123438281
two_day,0.5,25,0.03548225887056472,0.431784107946027
two_day,0.5,25,0.02048975512243878,0.5507246376811594
two_day,0.5,25,0.18240879560219891,0.9785107446276862
two_day,0.5,25,0.711144427786107,0.5017491254372813
two_day,0.5,25,0.7051474262868566,0.7621189405297352
two_day,0.5,25,0.08045977011494253,0.004997501249375313
two_day,0.5,25,0.9910044977511244,0.10294852573713144
two_day,0.5,25,0.5442278860569715,0.5302348825587206
two_day,0.5,25,0.4912543728135932,0.9355322338830585
two_day,0.5,25,0.7416291854072964,0.8210894552723638
two_day,0.5,25,0.7636181909045477,0.7101449275362319
two_day,0.5,25,0.8730634682658671,0.679160419790105
two_day,0.5,25,0.0074962518740629685,0.392303848075962
two_day,0.5,25,0.6621689155422289,0.1539230384807596
two_day,0.5,25,0.9180409795102449,0.13143428285857073
two_day,0.5,25,0.14392803598200898,0.456271864067966
two_day,0.5,25,0.26636681659170414,0.7076461769115442
two_day,0.5,25,0.5407296351824088,0.9195402298850575
two_day,0.5,25,0.16841579210394803,0.2463768115942029
two_day,0.5,25,0.9865067466266867,0.5177411294352824
two_day,0.5,25,0.8170914542728636,0.41379310344827586
two_day,0.5,25,0.5997001499250375,0.051974012993503245
two_day,0.5,25,0.42778610694652675,0.24537731134432783
two_day,0.5,25,0.3618190904547726,0.6926536731634183
two_day,0.5,25,0.01899050474762619,0.5172413793103449
two_day,0.5,25,0.2783608195902049,0.09045477261369315
two_day,0.5,25,0.3598200899550225,0.6226886556721639
two_day,0.5,25,0.16041979010494753,0.20589705147426288
two_day,0.5,25,0.6516741629185407,0.8395802098950524
two_day,0.5,25,0.027486256871564217,0.5392303848075962
two_day,0.5,25,0.09195402298850575,0.13193403298350825
two_day,0.5,25,0.664167916041979,0.16391804097951024
two_day,0.5,25,0.6476761619190404,0.84007996001999
two_day,0.5,25,0.6541729135432284,0.9185407296351824
two_day,0.5,25,0.8715642178910544,0.7446276861569215
two_day,0.5,25,0.9675162418790605,0.88055972013993
two_day,0.5,25,0.6561719140429785,0.8300849575212393
two_day,0.5,25,0.09895052473763119,0.3473263368315842
two_day,0.5,25,0.06546726636681659,0.4737631184407796
two_day,0.5,25,0.7741129435282359,0.8980509745127436
two_day,0.5,25,0.7256371814092953,0.11894052973513243
two_day,0.5,25,0.6491754122938531,0.7451274362818591
two_day,0.5,25,0.21139430284857572,0.12543728135932034
two_day,0.5,25,0.19490254872563717,0.9860069965017492
two_day,0.5,25,0.9545227386306847,0.8735632183908046
two_day,0.5,25,0.19590204897551225,0.1549225387306347
two_day,0.5,25,0.8305847076461769,0.6461769115442278
two_day,0.5,25,0.059470264867566215,0.3238380809595202
two_day,0.5,25,0.019490254872563718,0.2013993003498251
two_day,0.5,25,0.5297351324337831,0.6491754122938531
two_day,0.5,25,0.9720139930034982,0.8215892053973014
two_day,0.5,25,0.8875562218890555,0.7701149425287356
two_day,0.5,25,0.5817091454272864,0.3933033483258371
two_day,0.5,25,0.3308345827086457,0.9720139930034982
two_day,0.5,25,0.8770614692653673,0.4682658670664668
two_day,0.5,25,0.19590204897551225,0.8755622188905547
two_day,0.5,25,0.6096951524237881,0.3238380809595202
two_day,0.5,25,0.3743128435782109,0.9790104947526237
two_day,0.5,25,0.7716141929035483,0.9260369815092454
two_day,0.5,25,0.280359820089955,0.06096951524237881
two_day,0.5,25,0.7341329335332334,0.975512243878061
two_day,0.5,25,0.08995502248875563,0.26036981509245377
two_day,0.5,25,0.41529235382308843,0.6146926536731634
two_day,0.5,25,0.16591704147926037,0.2623688155922039
two_day,0.5,25,0.8615692153923038,0.3118440779610195
two_day,0.5,25,0.23588205897051473,0.47476261869065467
two_day,0.5,25,0.26686656671664166,0.04897551224387806
two_day,0.5,25,0.8670664667666167,0.8810594702648675
two_day,0.5,25,0.4452773613193403,0.5317341329335332
two_day,0.5,25,0.6956521739130435,0.894552723638181
two_day,0.5,25,0.05147426286856572,0.01699150424787606
two_day,0.5,25,0.4612693653173413,0.296351824087956
two_day,0.5,25,0.9395302348825587,0.21889055472263869
two_day,0.5,25,0.9240379810094953,0.40429785107446276
two_day,0.5,25,0.2673663168415792,0.14592703648175911
two_day,0.5,25,0.07146426786606697,0.12493753123438281
two_day,0.5,25,0.5007496251874063,0.3823088455772114
two_day,0.5,25,0.8670664667666167,0.9490254872563718
two_day,0.5,25,0.21239380309845077,0.0069965017491254375
two_day,0.5,25,0.03948025987006497,0.10844577711144428
two_day,0.5,25,0.32083958020989506,0.7066466766616691
two_day,0.5,25,0.9300349825087456,0.9695152423788106
two_day,0.5,25,0.8095952023988006,0.45977011494252873
two_day,0.5,25,0.33983008495752126,0.17041479260369816
two_day,0.5,25,0.33983008495752126,0.38580709645177413
two_day,0.5,25,0.568215892053973,0.7386306846576711
two_day,0.5,25,0.41629185407296354,0.21989005497251374
two_day,0.5,25,0.4032983508245877,0.15292353823088456
two_day,0.5,25,0.07596201899050475,0.272863568215892
two_day,0.5,25,0.7776111944027986,0.04697651174412794
two_day,0.5,25,0.1469265367316342,0.41179410294852575
two_day,0.5,25,0.14292853573213393,0.33233383308345826
two_day,0.5,25,0.8130934532733634,0.711144427786107
two_day,0.5,26,0.5632183908045977,0.5077461269365318
two_day,0.5,26,0.2353823088455772,0.5287356321839081
two_day,0.5,26,0.7076461769115442,0.03398300849575212
two_day,0.5,26,0.5002498750624688,0.16141929035482258
two_day,0.5,26,0.10744627686156921,0.7886056971514243
two_day,0.5,26,0.19940029985007496,0.351824087956022
two_day,0.5,26,0.8415792103948025,0.07146426786606697
two_day,0.5,26,0.5497251374312844,0.10344827586206896
two_day,0.5,26,0.992503748125937,0.31384307846076964
two_day,0.5,26,0.7501249375312344,0.567216391804098
two_day,0.5,26,0.8365817091454273,0.791104447776112
two_day,0.5,26,0.09545227386306847,0.22588705647176413
two_day,0.5,26,0.9775112443778111,0.9395302348825587
two_day,0.5,26,0.9700149925037481,0.11344327836081959
two_day,0.5,26,0.05747126436781609,0.06896551724137931
two_day,0.5,26,0.760119940029985,0.6841579210394803
two_day,0.5,26,0.9545227386306847,0.896551724137931
two_day,0.5,26,0.3378310844577711,0.7811094452773614
two_day,0.5,26,0.34132933533233384,0.5767116441779111
two_day,0.5,26,0.23088455772113944,0.5217391304347826
two_day,0.5,26,0.6806596701649176,0.14042978510744628
two_day,0.5,26,0.7571214392803598,0.769615192403798
two_day,0.5,26,0.9760119940029985,0.5012493753123438
two_day,0.5,26,0.08745627186406797,0.1549225387306347
two_day,0.5,26,0.36681659170414793,0.351824087956022
two_day,0.5,26,0.41179410294852575,0.44577711144427784
two_day,0.5,26,0.5492253873063468,0.8695652173913043
two_day,0.5,26,0.6296851574212894,0.4452773613193403
two_day,0.5,26,0.4452773613193403,0.495752123938031
two_day,0.5,26,0.7781109445277361,0.52023988005997
two_day,0.5,26,0.17891054472763618,0.03498250874562719
two_day,0.5,26,0.5097451274362819,0.09995002498750624
two_day,0.5,26,0.568215892053973,0.33033483258370816
two_day,0.5,26,0.11094452773613193,0.17991004497751126
two_day,0.5,26,0.6066966516741629,0.5602198900549725
two_day,0.5,26,0.7436281859070465,0.6241879060469765
two_day,0.5,26,0.18490754622688654,0.46676661669165415
two_day,0.5,26,0.7821089455272364,0.808095952023988
two_day,0.5,26,0.7176411794102948,0.5897051474262869
two_day,0.5,26,0.4892553723138431,0.1729135432283858
two_day,0.5,26,0.05647176411794103,0.3818090954522739
two_day,0.5,26,0.3473263368315842,0.4032983508245877
two_day,0.5,26,0.8650674662668666,0.19540229885057472
two_day,0.5,26,0.6526736631684158,0.03398300849575212
two_day,0.5,26,0.4447776111944028,0.7161419290354822
two_day,0.5,26,0.5612193903048476,0.08295852073963018
two_day,0.5,26,0.7076461769115442,0.42328835582208896
two_day,0.5,26,0.9850074962518741,0.3588205897051474
two_day,0.5,26,0.5762118940529735,0.6771614192903548
two_day,0.5,26,0.20589705147426288,0.6376811594202898
two_day,0.5,26,0.02948525737131434,0.3633183408295852
two_day,0.5,26,0.95952023988006,0.7661169415292354
two_day,0.5,26,0.7716141929035483,0.9555222388805598
two_day,0.5,26,0.888055972013993,0.8390804597701149
two_day,0.5,26,0.1634182908545727,0.18790604697651175
two_day,0.5,26,0.777111444277861,0.33033483258370816
two_day,0.5,26,0.9050474762618691,0.9960019990004998
two_day,0.5,26,0.050474762618690654,0.5837081459270365
two_day,0.5,26,0.30934532733633185,0.39580209895052476
two_day,0.5,26,0.7586206896551724,0.5912043978010995
two_day,0.5,26,0.408295852073963,0.9700149925037481
two_day,0.5,26,0.8445777111444278,0.3423288355822089
two_day,0.5,26,0.22588705647176413,0.1874062968515742
two_day,0.5,26,0.7501249375312344,0.5072463768115942
two_day,0.5,26,0.48875562218890556,0.9535232383808095
two_day,0.5,26,0.6366816591704147,0.6371814092953523
two_day,0.5,26,0.6276861569215393,0.4007996001999001
two_day,0.5,26,0.24687656171914044,0.9305347326336831
two_day,0.5,26,0.3118440779610195,0.2988505747126437
two_day,0.5,26,0.7371314342828585,0.41179410294852575
two_day,0.5,26,0.5957021489255372,0.10394802598700649
two_day,0.5,26,0.33683158420789605,0.15292353823088456
two_day,0.5,26,0.47226386806596704,0.19490254872563717
two_day,0.5,26,0.47176411794102946,0.8100949525237381
two_day,0.5,26,0.28585707146426786,0.5262368815592204
two_day,0.5,26,0.4147926036981509,0.8315842078960519
two_day,0.5,26,0.2593703148425787,0.8045977011494253
two_day,0.5,26,0.11594202898550725,0.5287356321839081
two_day,0.5,26,0.35782108945527236,0.36931534232883556
two_day,0.5,26,0.4547726136931534,0.5582208895552224
two_day,0.5,26,0.13093453273363317,0.05897051474262868
two_day,0.5,26,0.8640679660169915,0.001999000499750125
two_day,0.5,26,0.872063968015992,0.23638180909545228
two_day,0.5,26,0.7171414292853573,0.7811094452773614
two_day,0.5,26,0.6861569215392304,0.5677161419290355
two_day,0.5,26,0.4757621189405297,0.49225387306346824
two_day,0.5,26,0.5342328835582209,0.23788105947026486
two_day,0.5,26,0.9850074962518741,0.8980509745127436
two_day,0.5,26,0.4312843578210895,0.5837081459270365
two_day,0.5,26,0.044977511244377814,0.5537231384307846
two_day,0.5,26,0.12393803098450774,0.4617691154422789
two_day,0.5,26,0.4307846076961519,0.9000499750124937
two_day,0.5,26,0.6461769115442278,0.9655172413793104
two_day,0.5,26,0.5767116441779111,0.8065967016491754
two_day,0.5,26,0.9880059970014993,0.34632683658170915
two_day,0.5,26,0.6436781609195402,0.6066966516741629
two_day,0.5,26,0.39430284857571213,0.7316341829085458
two_day,0.5,26,0.56071964017991,0.8480759620189905
two_day,0.5,26,0.8650674662668666,0.09245377311344327
two_day,0.5,26,0.17791104447776113,0.31784107946026985
two_day,0.5,26,0.8140929535232384,0.8075962018990505
two_day,0.5,26,0.4752623688155922,0.6106946526736632
two_day,0.5,26,0.28585707146426786,0.31784107946026985
two_day,0.5,26,0.5747126436781609,0.19790104947526238
two_day,0.5,26,0.3098450774612694,0.050974512743628186
two_day,0.5,26,0.9725137431284357,0.3868065967016492
two_day,0.5,26,0.10344827586206896,0.12443778110944528
two_day,0.5,26,0.6341829085457271,0.8595702148925537
two_day,0.5,26,0.04297851074462768,0.3278360819590205
two_day,0.5,26,0.12993503248375812,0.6506746626686657
two_day,0.5,26,0.5547226386806596,0.9585207396301849
two_day,0.5,26,0.6241879060469765,0.7176411794102948
two_day,0.5,26,0.05747126436781609,0.6301849075462269
two_day,0.5,26,0.7986006996501749,0.9455272363818091
two_day,0.5,26,0.5557221389305347,0.4592703648175912
two_day,0.5,26,0.9900049975012494,0.2913543228385807
two_day,0.5,26,0.9690154922538731,0.4197901049475262
two_day,0.5,26,0.9960019990004998,0.8875562218890555
two_day,0.5,26,0.7296351824087957,0.42278860569715143
two_day,0.5,26,0.6761619190404797,0.6261869065467266
two_day,0.5,27,0.9070464767616192,0.11694152923538231
two_day,0.5,27,0.7681159420289855,0.312343828085957
two_day,0.5,27,0.7966016991504248,0.7226386806596702
two_day,0.5,27,0.6571714142928535,0.8970514742628686
two_day,0.5,27,0.3638180909545227,0.7881059470264867
two_day,0.5,27,0.4352823588205897,0.42828585707146427
two_day,0.5,27,0.2158920539730135,0.004997501249375313
two_day,0.5,27,0.7141429285357321,0.06946526736631684
two_day,0.5,27,0.04897551224387806,0.09845077461269365
two_day,0.5,27,0.4217891054472764,0.6606696651674163
two_day,0.5,27,0.5567216391804098,0.03248375812093953
two_day,0.5,27,0.08495752123938032,0.10944527736131934
two_day,0.5,27,0.28335832083958024,0.6051974012993503
two_day,0.5,27,0.8295852073963018,0.48375812093953025
two_day,0.5,27,0.8535732133933034,0.7946026986506747
two_day,0.5,27,0.3583208395802099,0.8725637181409296
two_day,0.5,27,0.8100949525237381,0.9590204897551224
two_day,0.5,27,0.4572713643178411,0.3468265867066467
two_day,0.5,27,0.009495252373813094,0.23588205897051473
two_day,0.5,27,0.8650674662668666,0.4572713643178411
two_day,0.5,27,0.3538230884557721,0.6096951524237881
two_day,0.5,27,0.8715642178910544,0.696151924037981
two_day,0.5,27,0.10694652673663169,0.8065967016491754
two_day,0.5,27,0.25487256371814093,0.3743128435782109
two_day,0.5,27,0.9390304847576212,0.9115442278860569
two_day,0.5,27,0.4237881059470265,0.3233383308345827
two_day,0.5,27,0.7256371814092953,0.7946026986506747
two_day,0.5,27,0.17991004497751126,0.5337331334332833
two_day,0.5,27,0.42628685657171417,0.6416791604197901
two_day,0.5,27,0.46476761619190404,0.31634182908545727
two_day,0.5,27,0.6826586706646677,0.6561719140429785
two_day,0.5,27,0.9585207396301849,0.992503748125937
two_day,0.5,27,0.00399800099950025,0.21889055472263869
two_day,0.5,27,0.4257871064467766,0.617191404297851
two_day,0.5,27,0.10694652673663169,0.7226386806596702
two_day,0.5,27,0.6676661669165417,0.15592203898050974
two_day,0.5,27,0.9855072463768116,0.6646676661669165
two_day,0.5,27,0.6196901549225388,0.28535732133933034
two_day,0.5,27,0.9805097451274363,0.4352823588205897
two_day,0.5,27,0.08995502248875563,0.9355322338830585
two_day,0.5,27,0.6806596701649176,0.038980509745127435
two_day,0.5,27,0.8510744627686156,0.4397801099450275
two_day,0.5,27,0.975512243878061,0.7331334332833583
two_day,0.5,27,0.4302848575712144,0.8050974512743628
two_day,0.5,27,0.26186906546726635,0.13143428285857073
two_day,0.5,27,0.8490754622688655,0.33933033483258374
two_day,0.5,27,0.7801099450274862,0.35082458770614694
two_day,0.5,27,0.7391304347826086,0.7116441779110445
two_day,0.5,27,0.02498750624687656,0.09645177411294353
two_day,0.5,27,0.5692153923038481,0.09695152423788106
two_day,0.5,27,0.04997501249375312,0.1874062968515742
two_day,0.5,27,0.527736131934033,0.1794102948525737
two_day,0.5,27,0.8845577211394303,0.9435282358820589
two_day,0.5,27,0.2518740629685157,0.8380809595202399
two_day,0.5,27,0.8215892053973014,0.5857071464267866
two_day,0.5,27,0.5762118940529735,0.8175912043978011
two_day,0.5,27,0.31384307846076964,0.08895552223888056
two_day,0.5,27,0.9650174912543729,0.6366816591704147
two_day,0.5,27,0.6351824087956022,0.743128435782109
two_day,0.5,27,0.6981509245377311,0.7961019490254873
two_day,0.5,27,0.4352823588205897,0.9445277361319341
two_day,0.5,27,0.6316841579210395,0.6281859070464768
two_day,0.5,27,0.8245877061469266,0.054972513743128434
two_day,0.5,27,0.19790104947526238,0.3968015992003998
two_day,0.5,27,0.9650174912543729,0.36881559220389803
two_day,0.5,27,0.1374312843578211,0.012993503248375811
two_day,0.5,27,0.16141929035482258,0.36031984007996004
two_day,0.5,27,0.9855072463768116,0.1619190404797601
two_day,0.5,27,0.28285857071464265,0.9630184907546226
two_day,0.5,27,0.5707146426786607,0.26186906546726635
two_day,0.5,27,0.6931534232883558,0.21989005497251374
two_day,0.5,27,0.9870064967516242,0.8460769615192404
two_day,0.5,27,0.10094952523738131,0.006496751624187906
two_day,0.5,27,0.04997501249375312,0.9290354822588706
two_day,0.5,27,0.5427286356821589,0.4962518740629685
two_day,0.5,27,0.19140429785107446,0.44677661169415295
two_day,0.5,27,0.6391804097951025,0.6206896551724138
two_day,0.5,27,0.8505747126436781,0.9395302348825587
two_day,0.5,27,0.6601699150424788,0.999000499750125
two_day,0.5,27,0.6111944027986007,0.9630184907546226
two_day,0.5,27,0.7451274362818591,0.3373313343328336
two_day,0.5,27,0.1679160419790105,0.7251374312843578
two_day,0.5,27,0.4672663668165917,0.48875562218890556
two_day,0.5,27,0.5107446276861569,0.10444777611194403
two_day,0.5,27,0.9345327336331835,0.743128435782109
two_day,0.5,27,0.31284357821089454,0.391304347826087
two_day,0.5,27,0.28835582208895555,0.7671164417791104
two_day,0.5,27,0.2413793103448276,0.8245877061469266
two_day,0.5,27,0.8220889555222389,0.42978510744627685
two_day,0.5,27,0.42028985507246375,0.49325337331334335
two_day,0.5,27,0.8520739630184908,0.6276861569215393
two_day,0.5,27,0.5162418790604698,0.7371314342828585
two_day,0.5,27,0.19940029985007496,0.1934032983508246
two_day,0.5,27,0.431784107946027,0.5482258870564718
two_day,0.5,27,0.8000999500249875,0.9645177411294353
two_day,0.5,27,0.8120939530234883,0.7146426786606697
two_day,0.5,27,0.12393803098450774,0.25787106446776614
two_day,0.5,27,0.6131934032983508,0.55872063968016
two_day,0.5,27,0.9685157421289355,0.23738130934532733
two_day,0.5,27,0.4352823588205897,0.9305347326336831
two_day,0.5,27,0.4757621189405297,0.7011494252873564
two_day,0.5,27,0.2983508245877061,0.22338830584707647
two_day,0.5,27,0.8430784607696152,0.35282358820589704
two_day,0.5,27,0.5802098950524738,0.5602198900549725
two_day,0.5,27,0.2703648175912044,0.5397301349325337
two_day,0.5,27,0.09495252373813093,0.26686656671664166
two_day,0.5,27,0.9630184907546226,0.23088455772113944
two_day,0.5,27,0.9635182408795602,0.95952023988006
two_day,0.5,27,0.1359320339830085,0.7651174412793603
two_day,0.5,27,0.6341829085457271,0.879560219890055
two_day,0.5,27,0.27586206896551724,0.7136431784107946
two_day,0.5,27,0.39030484757621187,0.25987006496751625
two_day,0.5,27,0.7051474262868566,0.2773613193403298
two_day,0.5,27,0.4642678660669665,0.5527236381809095
two_day,0.5,27,0.7141429285357321,0.39780109945027486
two_day,0.5,27,0.5072463768115942,0.19990004997501248
two_day,0.5,27,0.6691654172913544,0.08445777111444278
two_day,0.5,27,0.5847076461769115,0.6816591704147926
two_day,0.5,27,0.5022488755622189,0.16891554222888555
two_day,0.5,27,0.8540729635182409,0.9785107446276862
two_day,0.5,28,0.5247376311844077,0.5477261369315343
two_day,0.5,28,0.7646176911544228,0.8915542228885557
two_day,0.5,28,0.25337331334332835,0.8215892053973014
two_day,0.5,28,0.2938530734632684,0.21039480259870064
two_day,0.5,28,0.49325337331334335,0.2613693153423288
two_day,0.5,28,0.2893553223388306,0.6356821589205397
two_day,0.5,28,0.7296351824087957,0.7626186906546727
two_day,0.5,28,0.6131934032983508,0.9400299850074962
two_day,0.5,28,0.4542728635682159,0.2353823088455772
two_day,0.5,28,0.544727636181909,0.8735632183908046
two_day,0.5,28,0.3843078460769615,0.0029985007496251873
two_day,0.5,28,0.3458270864567716,0.21839080459770116
two_day,0.5,28,0.38630684657671166,0.19940029985007496
two_day,0.5,28,0.8190904547726137,0.8940529735132434
two_day,0.5,28,0.14742628685657172,0.6491754122938531
two_day,0.5,28,0.12543728135932034,0.8660669665167416
two_day,0.5,28,0.5112443778110944,0.7336331834082959
two_day,0.5,28,0.8690654672663668,0.6191904047976012
two_day,0.5,28,0.1549225387306347,0.3053473263368316
two_day,0.5,28,0.1409295352323838,0.48875562218890556
two_day,0.5,28,0.7501249375312344,0.656671664167916
two_day,0.5,28,0.22188905547226387,0.17891054472763618
two_day,0.5,28,0.24887556221889057,0.0704647676161919
two_day,0.5,28,0.2683658170914543,0.967016491754123
two_day,0.5,28,0.3588205897051474,0.6446776611694153
two_day,0.5,28,0.062468765617191405,0.19140429785107446
two_day,0.5,28,0.8460769615192404,0.35282358820589704
two_day,0.5,28,0.3793103448275862,0.7981009495252374
two_day,0.5,28,0.2708645677161419,0.004997501249375313
two_day,0.5,28,0.3073463268365817,0.07546226886556721
two_day,0.5,28,0.32983508245877063,0.33033483258370816
two_day,0.5,28,0.7946026986506747,0.6136931534232883
two_day,0.5,28,0.8205897051474262,0.8825587206396801
two_day,0.5,28,0.4737631184407796,0.12693653173413294
two_day,0.5,28,0.23088455772113944,0.2898550724637681
two_day,0.5,28,0.6196901549225388,0.719640179910045
two_day,0.5,28,0.29535232383808097,0.45377311344327836
two_day,0.5,28,0.8515742128935532,0.10144927536231885
two_day,0.5,28,0.8065967016491754,0.06796601699150424
two_day,0.5,28,0.6671664167916042,0.504247876061969
two_day,0.5,28,0.5382308845577212,0.40429785107446276
two_day,0.5,28,0.8175912043978011,0.13343328335832083
two_day,0.5,28,0.9165417291354323,0.25087456271864067
two_day,0.5,28,0.34782608695652173,0.8420789605197402
two_day,0.5,28,0.48825587206396803,0.28785607196401797
two_day,0.5,28,0.9005497251374313,0.33383308345827084
two_day,0.5,28,0.9370314842578711,0.5662168915542228
two_day,0.5,28,0.729135432283858,0.16041979010494753
two_day,0.5,28,0.6611694152923538,0.23638180909545228
two_day,0.5,28,0.9610194902548725,0.5327336331834083
two_day,0.5,28,0.7831084457771115,0.5172413793103449
two_day,0.5,28,0.16391804097951024,0.2658670664667666
two_day,0.5,28,0.49225387306346824,0.2478760619690155
two_day,0.5,28,0.16941529235382308,0.12343828085957022
two_day,0.5,28,0.18340829585207397,0.263368315842079
two_day,0.5,28,0.9505247376311844,0.4292853573213393
two_day,0.5,28,0.04547726136931534,0.18840579710144928
two_day,0.5,28,0.09645177411294353,0.28835582208895555
two_day,0.5,28,0.42628685657171417,0.6561719140429785
two_day,0.5,28,0.6741629185407296,0.6116941529235382
two_day,0.5,28,0.7956021989005497,0.27136431784107945
two_day,0.5,28,0.2848575712143928,0.020989505247376312
two_day,0.5,28,0.47276361819090457,0.33033483258370816
two_day,0.5,28,0.32983508245877063,0.2988505747126437
two_day,0.5,28,0.08345827086456771,0.5157421289355323
two_day,0.5,28,0.7511244377811095,0.49825087456271866
two_day,0.5,28,0.12643678160919541,0.3353323338330835
two_day,0.5,28,0.2048975512243878,0.12043978010994502
two_day,0.5,28,0.975512243878061,0.7176411794102948
two_day,0.5,28,0.3243378310844578,0.9060469765117442
two_day,0.5,28,0.559720139930035,0.9725137431284357
two_day,0.5,28,0.6786606696651675,0.4197901049475262
two_day,0.5,28,0.9735132433783108,0.5542228885557221
two_day,0.5,28,0.7536231884057971,0.4877561219390305
two_day,0.5,28,0.8395802098950524,0.7146426786606697
two_day,0.5,28,0.8040979510244878,0.4172913543228386
two_day,0.5,28,0.9440279860069966,0.6731634182908546
two_day,0.5,28,0.5412293853073463,0.08845577211394302
two_day,0.5,28,0.5787106446776612,0.9240379810094953
two_day,0.5,28,0.09195402298850575,0.022988505747126436
two_day,0.5,28,0.23338330834582707,0.35132433783108447
two_day,0.5,28,0.9585207396301849,0.4122938530734633
two_day,0.5,28,0.5547226386806596,0.3598200899550225
two_day,0.5,28,0.6546726636681659,0.37231384307846077
two_day,0.5,28,0.44377811094452774,0.552223888055972
two_day,0.5,28,0.7481259370314842,0.2993503248375812
two_day,0.5,28,0.881559220389805,0.34182908545727136
two_day,0.5,28,0.6346826586706646,0.20339830084957522
two_day,0.5,28,0.7081459270364817,0.7556221889055472
two_day,0.5,28,0.07896051974012994,0.656671664167916
two_day,0.5,28,0.017991004497751123,0.005997001499250375
two_day,0.5,28,0.19090454772613694,0.8190904547726137
two_day,0.5,28,0.33933033483258374,0.712143928035982
two_day,0.5,28,0.4097951024487756,0.9470264867566217
two_day,0.5,28,0.1359320339830085,0.841079460269865
two_day,0.5,28,0.16741629185407297,0.8570714642678661
two_day,0.5,28,0.7811094452773614,0.9090454772613693
two_day,0.5,28,0.22088955522238882,0.29735132433783107
two_day,0.5,28,0.36931534232883556,0.8220889555222389
two_day,0.5,28,0.5102448775612194,0.12993503248375812
two_day,0.5,28,0.9160419790104948,0.3618190904547726
two_day,0.5,28,0.8520739630184908,0.0814592703648176
two_day,0.5,28,0.45577211394302847,0.3708145927036482
two_day,0.5,28,0.8785607196401799,0.45077461269365315
two_day,0.5,28,0.054972513743128434,0.0004997501249375312
two_day,0.5,28,0.47926036981509246,0.23438280859570215
two_day,0.5,28,0.4272863568215892,0.38830584707646176
two_day,0.5,28,0.5077461269365318,0.22038980509745126
two_day,0.5,28,0.08845577211394302,0.8785607196401799
two_day,0.5,28,0.5947026486756621,0.8670664667666167
two_day,0.5,28,0.8785607196401799,0.881559220389805
two_day,0.5,28,0.4332833583208396,0.0079960019990005
two_day,0.5,28,0.5012493753123438,0.4382808595702149
two_day,0.5,28,0.07246376811594203,0.0074962518740629685
two_day,0.5,28,0.782608695652174,0.21039480259870064
two_day,0.5,28,0.5122438780609695,0.28235882058970513
two_day,0.5,28,0.6621689155422289,0.11744127936031984
two_day,0.5,28,0.5747126436781609,0.5612193903048476
two_day,0.5,28,0.8640679660169915,0.5807096451774113
two_day,0.5,28,0.45377311344327836,0.8380809595202399
two_day,0.5,29,0.5647176411794103,0.7976011994002998
two_day,0.5,29,0.20339830084957522,0.31984007996002
two_day,0.5,29,0.383808095952024,0.6376811594202898
two_day,0.5,29,0.42028985507246375,0.33983008495752126
two_day,0.5,29,0.21689155422288856,0.8170914542728636
two_day,0.5,29,0.2933533233383308,0.4572713643178411
two_day,0.5,29,0.6021989005497251,0.9715142428785607
two_day,0.5,29,0.004997501249375313,0.09095452273863068
two_day,0.5,29,0.6021989005497251,0.9420289855072463
two_day,0.5,29,0.37681159420289856,0.45077461269365315
two_day,0.5,29,0.21739130434782608,0.8045977011494253
two_day,0.5,29,0.30434782608695654,0.020989505247376312
two_day,0.5,29,0.7191404297851074,0.6151924037981009
two_day,0.5,29,0.6626686656671664,0.8135932033983009
two_day,0.5,29,0.8845577211394303,0.2318840579710145
two_day,0.5,29,0.7161419290354822,0.3683158420789605
two_day,0.5,29,0.15342328835582209,0.17791104447776113
two_day,0.5,29,0.18840579710144928,0.5497251374312844
two_day,0.5,29,0.7146426786606697,0.06646676661669165
two_day,0.5,29,0.2708645677161419,0.9265367316341829
two_day,0.5,29,0.5942028985507246,0.7871064467766117
two_day,0.5,29,0.12343828085957022,0.6306846576711644
two_day,0.5,29,0.9160419790104948,0.21839080459770116
two_day,0.5,29,0.7201399300349826,0.7011494252873564
two_day,0.5,29,0.2733633183408296,0.28735632183908044
two_day,0.5,29,0.07096451774112944,0.1714142928535732
two_day,0.5,29,0.6541729135432284,0.6461769115442278
two_day,0.5,29,0.5957021489255372,0.7326336831584208
two_day,0.5,29,0.5107446276861569,0.6531734132933533
two_day,0.5,29,0.6936531734132934,0.9655172413793104
two_day,0.5,29,0.4897551224387806,0.6101949025487257
two_day,0.5,29,0.4962518740629685,0.728135932033983
two_day,0.5,29,0.9385307346326837,0.9860069965017492
two_day,0.5,29,0.8140929535232384,0.16391804097951024
two_day,0.5,29,0.4927536231884058,0.45977011494252873
two_day,0.5,29,0.8985507246376812,0.8335832083958021
two_day,0.5,29,0.008995502248875561,0.4057971014492754
two_day,0.5,29,0.26936531734132935,0.7341329335332334
two_day,0.5,29,0.3683158420789605,0.1774112943528236
two_day,0.5,29,0.48225887056471767,0.567216391804098
two_day,0.5,29,0.33883058470764615,0.38980509745127434
two_day,0.5,29,0.545727136431784,0.4992503748125937
two_day,0.5,29,0.04097951024487756,0.8065967016491754
two_day,0.5,29,0.31384307846076964,0.0079960019990005
two_day,0.5,29,0.9280359820089955,0.026986506746626688
two_day,0.5,29,0.33033483258370816,0.991504247876062
two_day,0.5,29,0.28385807096451776,0.7821089455272364
two_day,0.5,29,0.6671664167916042,0.10794602698650675
two_day,0.5,29,0.519240379810095,0.06946526736631684
two_day,0.5,29,0.7256371814092953,0.8185907046476761
two_day,0.5,29,0.27436281859070466,0.68015992003998
two_day,0.5,29,0.8725637181409296,0.23288355822088955
two_day,0.5,29,0.3548225887056472,0.14042978510744628
two_day,0.5,29,0.3183408295852074,0.9930034982508745
two_day,0.5,29,0.68015992003998,0.6411794102948526
two_day,0.5,29,0.3503248375812094,0.8935532233883059
two_day,0.5,29,0.4257871064467766,0.7351324337831084
two_day,0.5,29,0.03498250874562719,0.21689155422288856
two_day,0.5,29,0.16941529235382308,0.7461269365317341
two_day,0.5,29,0.8515742128935532,0.5562218890554723
two_day,0.5,29,0.8525737131434283,0.2303848075962019
two_day,0.5,29,0.7071464267866067,0.26036981509245377
two_day,0.5,29,0.5907046476761619,0.7011494252873564
two_day,0.5,29,0.6821589205397302,0.7486256871564217
two_day,0.5,29,0.16541729135432284,0.00399800099950025
two_day,0.5,29,0.7456271864067966,0.35132433783108447
two_day,0.5,29,0.8850574712643678,0.46026986506746626
two_day,0.5,29,0.7931034482758621,0.424287856071964
two_day,0.5,29,0.6956521739130435,0.6151924037981009
two_day,0.5,29,0.665167416291854,0.30334832583708143
two_day,0.5,29,0.6446776611694153,0.41579210394802596
two_day,0.5,29,0.8790604697651174,0.22788605697151423
two_day,0.5,29,0.0014992503748125937,0.03948025987006497
two_day,0.5,29,0.6946526736631684,0.8070964517741129
two_day,0.5,29,0.8840579710144928,0.4077961019490255
two_day,0.5,29,0.9205397301349325,0.5282358820589705
two_day,0.5,29,0.35132433783108447,0.09145427286356822
two_day,0.5,29,0.16741629185407297,0.9890054972513743
two_day,0.5,29,0.0034982508745627187,0.07446276861569215
two_day,0.5,29,0.6506746626686657,0.28235882058970513
two_day,0.5,29,0.248375812093953,0.10694652673663169
two_day,0.5,29,0.5442278860569715,0.08745627186406797
two_day,0.5,29,0.6926536731634183,0.9970014992503748
two_day,0.5,29,0.8505747126436781,0.9070464767616192
two_day,0.5,29,0.1809095452273863,0.08445777111444278
two_day,0.5,29,0.19390304847576212,0.5867066466766616
two_day,0.5,29,0.36031984007996004,0.5812093953023488
two_day,0.5,29,0.0544727636181909,0.5542228885557221
two_day,0.5,29,0.45077461269365315,0.4672663668165917
two_day,0.5,29,0.3868065967016492,0.05747126436781609
two_day,0.5,29,0.09895052473763119,0.21739130434782608
two_day,0.5,29,0.9205397301349325,0.9455272363818091
two_day,0.5,29,0.00849575212393803,0.3078460769615192
two_day,0.5,29,0.6356821589205397,0.9685157421289355
two_day,0.5,29,0.06296851574212893,0.8915542228885557
two_day,0.5,29,0.8120939530234883,0.10844577711144428
two_day,0.5,29,0.4732633683158421,0.037481259370314844
two_day,0.5,29,0.03548225887056472,0.25087456271864067
two_day,0.5,29,0.8390804597701149,0.5632183908045977
two_day,0.5,29,0.49775112443778113,0.3288355822088955
two_day,0.5,29,0.48825587206396803,0.09195402298850575
two_day,0.5,29,0.5837081459270365,0.3568215892053973
two_day,0.5,29,0.5497251374312844,0.9555222388805598
two_day,0.5,29,0.9900049975012494,0.6136931534232883
two_day,0.5,29,0.447776111944028,0.9175412293853074
two_day,0.5,29,0.01899050474762619,0.2448775612193903
two_day,0.5,29,0.8790604697651174,0.020989505247376312
two_day,0.5,29,0.5787106446776612,0.20339830084957522
two_day,0.5,29,0.5932033983008496,0.05747126436781609
two_day,0.5,29,0.1724137931034483,0.031484257871064465
two_day,0.5,29,0.07096451774112944,0.046476761619190406
two_day,0.5,29,0.46276861569215394,0.5862068965517241
two_day,0.5,29,0.25087456271864067,0.8970514742628686
two_day,0.5,29,0.1199400299850075,0.6721639180409795
two_day,0.5,29,0.2898550724637681,0.27636181909045476
two_day,0.5,29,0.935032483758121,0.8110944527736131
two_day,0.5,29,0.5242378810594702,0.3698150924537731
two_day,0.5,29,0.6151924037981009,0.7591204397801099
two_day,0.5,29,0.25087456271864067,0.431784107946027
two_day,0.5,29,0.3778110944527736,0.8585707146426786
two_day,0.5,30,0.887056471764118,0.3173413293353323
two_day,0.5,30,0.6021989005497251,0.2048975512243878
two_day,0.5,30,0.43478260869565216,0.7816091954022989
two_day,0.5,30,0.16091954022988506,0.974512743628186
two_day,0.5,30,0.7146426786606697,0.44177911044477763
two_day,0.5,30,0.8535732133933034,0.29985007496251875
two_day,0.5,30,0.800599700149925,0.4827586206896552
two_day,0.5,30,0.6011994002998501,0.7891054472763618
two_day,0.5,30,0.31584207896051975,0.18240879560219891
two_day,0.5,30,0.7161419290354822,0.9740129935032483
two_day,0.5,30,0.11444277861069466,0.26436781609195403
two_day,0.5,30,0.1409295352323838,0.7996001999000499
two_day,0.5,30,0.44377811094452774,0.005997001499250375
two_day,0.5,30,0.5782108945527237,0.3968015992003998
two_day,0.5,30,0.09645177411294353,0.33983008495752126
two_day,0.5,30,0.11144427786106946,0.12693653173413294
two_day,0.5,30,0.6786606696651675,0.6481759120439781
two_day,0.5,30,0.21739130434782608,0.9100449775112444
two_day,0.5,30,0.11594202898550725,0.1889055472263868
two_day,0.5,30,0.04397801099450275,0.09545227386306847
two_day,0.5,30,0.43428285857071464,0.2563718140929535
two_day,0.5,30,0.1344327836081959,0.9030484757621189
two_day,0.5,30,0.3523238380809595,0.5817091454272864
two_day,0.5,30,0.2448775612193903,0.8480759620189905
two_day,0.5,30,0.712143928035982,0.2673663168415792
two_day,0.5,30,0.39580209895052476,0.6646676661669165
two_day,0.5,30,0.5867066466766616,0.3888055972013993
two_day,0.5,30,0.6186906546726637,0.19890054972513743
two_day,0.5,30,0.7746126936531734,0.5567216391804098
two_day,0.5,30,0.9790104947526237,0.2513743128435782
two_day,0.5,30,0.4567716141929036,0.783608195902049
two_day,0.5,30,0.0069965017491254375,0.06746626686656672
two_day,0.5,30,0.9095452273863068,0.68015992003998
two_day,0.5,30,0.7716141929035483,0.7976011994002998
two_day,0.5,30,0.28785607196401797,0.5107446276861569
two_day,0.5,30,0.6891554222888556,0.591704147926037
two_day,0.5,30,0.13343328335832083,0.004497751124437781
two_day,0.5,30,0.20039980009995004,0.9255372313843079
two_day,0.5,30,0.4942528735632184,0.6826586706646677
two_day,0.5,30,0.5497251374312844,0.0004997501249375312
two_day,0.5,30,0.8180909545227386,0.6551724137931034
two_day,0.5,30,0.20339830084957522,0.5947026486756621
two_day,0.5,30,0.10194902548725637,0.4947526236881559
two_day,0.5,30,0.8255872063968016,0.8895552223888056
two_day,0.5,30,0.17541229385307347,0.703648175912044
two_day,0.5,30,0.2028985507246377,0.2748625687156422
two_day,0.5,30,0.775112443778111,0.41379310344827586
two_day,0.5,30,0.11094452773613193,0.7561219390304847
two_day,0.5,30,0.2848575712143928,0.7296351824087957
two_day,0.5,30,0.2128935532233883,0.23938030984507747
two_day,0.5,30,0.9560219890054973,0.6681659170414792
two_day,0.5,30,0.5227386306846576,0.9900049975012494
two_day,0.5,30,0.6276861569215393,0.8895552223888056
two_day,0.5,30,0.8920539730134932,0.2518740629685157
two_day,0.5,30,0.847576211894053,0.13993003498250875
two_day,0.5,30,0.095952023988006,0.26186906546726635
two_day,0.5,30,0.657671164417791,0.8425787106446777
two_day,0.5,30,0.7531234382808596,0.6381809095452274
two_day,0.5,30,0.9940029985007496,0.6546726636681659
two_day,0.5,30,0.034482758620689655,0.784607696151924
two_day,0.5,30,0.5872063968015993,0.6371814092953523
two_day,0.5,30,0.4817591204397801,0.06546726636681659
two_day,0.5,30,0.08845577211394302,0.3808095952023988
two_day,0.5,30,0.6881559220389805,0.31634182908545727
two_day,0.5,30,0.743128435782109,0.6536731634182908
two_day,0.5,30,0.881559220389805,0.8245877061469266
two_day,0.5,30,0.037481259370314844,0.10294852573713144
two_day,0.5,30,0.4732633683158421,0.6956521739130435
two_day,0.5,30,0.44227886056971516,0.9355322338830585
two_day,0.5,30,0.8835582208895553,0.1904047976011994
two_day,0.5,30,0.19440279860069964,0.4492753623188406
two_day,0.5,30,0.8930534732633684,0.30484757621189407
two_day,0.5,30,0.777111444277861,0.5182408795602199
two_day,0.5,30,0.4307846076961519,0.5737131434282858
two_day,0.5,30,0.13093453273363317,0.6581709145427287
two_day,0.5,30,0.4527736131934033,0.02348825587206397
two_day,0.5,30,0.9945027486256871,0.02498750624687656
two_day,0.5,30,0.8680659670164917,0.7476261869065467
two_day,0.5,30,0.927536231884058,0.13193403298350825
two_day,0.5,30,0.5752123938030984,0.5217391304347826
two_day,0.5,30,0.9115442278860569,0.32033983008495753
two_day,0.5,30,0.7956021989005497,0.4397801099450275
two_day,0.5,30,0.8225887056471765,0.6536731634182908
two_day,0.5,30,0.8680659670164917,0.5797101449275363
two_day,0.5,30,0.10394802598700649,0.8040979510244878
two_day,0.5,30,0.5507246376811594,0.744127936031984
two_day,0.5,30,0.1714142928535732,0.6521739130434783
two_day,0.5,30,0.3363318340829585,0.456271864067966
two_day,0.5,30,0.5257371314342829,0.5252373813093453
two_day,0.5,30,0.8285857071464268,0.14942528735632185
two_day,0.5,30,0.49325337331334335,0.07846076961519241
two_day,0.5,30,0.11444277861069466,0.03648175912043978
two_day,0.5,30,0.6046976511744128,0.38330834582708645
two_day,0.5,30,0.11444277861069466,0.552223888055972
two_day,0.5,30,0.4827586206896552,0.5577211394302849
two_day,0.5,30,0.2733633183408296,0.30334832583708143
two_day,0.5,30,0.6746626686656672,0.3328335832083958
two_day,0.5,30,0.6701649175412294,0.6231884057971014
two_day,0.5,30,0.1934032983508246,0.010494752623688156
two_day,0.5,30,0.02498750624687656,0.21139430284857572
two_day,0.5,30,0.4197901049475262,0.34382808595702147
two_day,0.5,30,0.4912543728135932,0.15442278860569716
two_day,0.5,30,0.6611694152923538,0.7621189405297352
two_day,0.5,30,0.5362318840579711,0.6051974012993503
two_day,0.5,30,0.3343328335832084,0.5412293853073463
two_day,0.5,30,0.6986506746626686,0.6281859070464768
two_day,0.5,30,0.32233883058470764,0.3218390804597701
two_day,0.5,30,0.0384807596201899,0.9640179910044977
two_day,0.5,30,0.495752123938031,0.18240879560219891
two_day,0.5,30,0.6711644177911045,0.862568715642179
two_day,0.5,30,0.16691654172913542,0.8175912043978011
two_day,0.5,30,0.4362818590704648,0.8050974512743628
two_day,0.5,30,0.32983508245877063,0.1374312843578211
two_day,0.5,30,0.24437781109445278,0.5177411294352824
two_day,0.5,30,0.9970014992503748,0.671664167916042
two_day,0.5,30,0.6821589205397302,0.3448275862068966
two_day,0.5,30,0.13343328335832083,0.21239380309845077
two_day,0.5,30,0.22288855572213892,0.34832583708145926
two_day,0.5,30,0.9985007496251874,0.9070464767616192
two_day,0.5,30,0.8555722138930535,0.8335832083958021
two_day,0.5,31,0.079960019990005,0.5027486256871564
two_day,0.5,31,0.9665167416291854,0.8285857071464268
two_day,0.5,31,0.37831084457771114,0.7326336831584208
two_day,0.5,31,0.7341329335332334,0.263368315842079
two_day,0.5,31,0.7306346826586707,0.559720139930035
two_day,0.5,31,0.25287356321839083,0.56071964017991
two_day,0.5,31,0.5742128935532234,0.8020989505247377
two_day,0.5,31,0.31284357821089454,0.2818590704647676
two_day,0.5,31,0.3773113443278361,0.4577711144427786
two_day,0.5,31,0.24987506246876562,0.8855572213893054
two_day,0.5,31,0.3423288355822089,0.6291854072963519
two_day,0.5,31,0.01699150424787606,0.46526736631684157
two_day,0.5,31,0.6591704147926037,0.8930534732633684
two_day,0.5,31,0.456271864067966,0.6481759120439781
two_day,0.5,31,0.026486756621689155,0.8075962018990505
two_day,0.5,31,0.2673663168415792,0.4702648675662169
two_day,0.5,31,0.6456771614192903,0.7541229385307346
two_day,0.5,31,0.8825587206396801,0.7301349325337332
two_day,0.5,31,0.5942028985507246,0.8575712143928036
two_day,0.5,31,0.4572713643178411,0.013993003498250875
two_day,0.5,31,0.2013993003498251,0.553223388305847
two_day,0.5,31,0.18690654672663667,0.8975512243878061
two_day,0.5,31,0.35082458770614694,0.7386306846576711
two_day,0.5,31,0.9715142428785607,0.9215392303848076
two_day,0.5,31,0.6746626686656672,0.9965017491254373
two_day,0.5,31,0.591704147926037,0.07396301849075462
two_day,0.5,31,0.800599700149925,0.23738130934532733
two_day,0.5,31,0.43278360819590206,0.7051474262868566
two_day,0.5,31,0.46676661669165415,0.2463768115942029
two_day,0.5,31,0.2433783108445777,0.3868065967016492
two_day,0.5,31,0.09645177411294353,0.440279860069965
two_day,0.5,31,0.6181909045477262,0.4657671164417791
two_day,0.5,31,0.9695152423788106,0.9120439780109945
two_day,0.5,31,0.6551724137931034,0.9625187406296851
two_day,0.5,31,0.1744127936031984,0.09795102448775612
two_day,0.5,31,0.30334832583708143,0.6196901549225388
two_day,0.5,31,0.8740629685157422,0.3328335832083958
two_day,0.5,31,0.8730634682658671,0.3888055972013993
two_day,0.5,31,0.8505747126436781,0.20689655172413793
two_day,0.5,31,0.5822088955522239,0.2478760619690155
two_day,0.5,31,0.3498250874562719,0.9090454772613693
two_day,0.5,31,0.5022488755622189,0.021989005497251374
two_day,0.5,31,0.07946026986506746,0.2223888055972014
two_day,0.5,31,0.3183408295852074,0.6451774112943528
two_day,0.5,31,0.10044977511244378,0.4292853573213393
two_day,0.5,31,0.7786106946526736,0.21639180409795103
two_day,0.5,31,0.9785107446276862,0.10844577711144428
two_day,0.5,31,0.095952023988006,0.2908545727136432
two_day,0.5,31,0.5172413793103449,0.6361819090454772
two_day,0.5,31,0.13893053473263367,0.9665167416291854
two_day,0.5,31,0.31434282858570717,0.239880059970015
two_day,0.5,31,0.010494752623688156,0.09345327336331834
two_day,0.5,31,0.7381309345327336,0.43728135932033985
two_day,0.5,31,0.1344327836081959,0.5262368815592204
two_day,0.5,31,0.8915542228885557,0.013493253373313344
two_day,0.5,31,0.2368815592203898,0.4197901049475262
two_day,0.5,31,0.13343328335832083,0.5087456271864068
two_day,0.5,31,0.7501249375312344,0.21739130434782608
two_day,0.5,31,0.7266366816591704,0.769615192403798
two_day,0.5,31,0.9890054972513743,0.17891054472763618
two_day,0.5,31,0.5792103948025987,0.6361819090454772
two_day,0.5,31,0.42028985507246375,0.5517241379310345
two_day,0.5,31,0.25487256371814093,0.4917541229385307
two_day,0.5,31,0.45527236381809094,0.14992503748125938
two_day,0.5,31,0.9140429785107447,0.005497251374312844
two_day,0.5,31,0.9895052473763118,0.33033483258370816
two_day,0.5,31,0.15642178910544727,0.001999000499750125
two_day,0.5,31,0.10444777611194403,0.8910544727636182
two_day,0.5,31,0.7646176911544228,0.27386306846576713
two_day,0.5,31,0.3888055972013993,0.5032483758120939
two_day,0.5,31,0.12543728135932034,0.8350824587706147
two_day,0.5,31,0.4292853573213393,0.6471764117941029
two_day,0.5,31,0.7041479260369815,0.32983508245877063
two_day,0.5,31,0.6841579210394803,0.8370814592703648
two_day,0.5,31,0.4177911044477761,0.5527236381809095
two_day,0.5,31,0.4027986006996502,0.5107446276861569
two_day,0.5,31,0.39580209895052476,0.7901049475262368
two_day,0.5,31,0.22538730634682658,0.5732133933033483
two_day,0.5,31,0.5807096451774113,0.2158920539730135
two_day,0.5,31,0.7576211894052973,0.912543728135932
two_day,0.5,31,0.5557221389305347,0.2938530734632684
two_day,0.5,31,0.6776611694152923,0.014492753623188406
two_day,0.5,31,0.48425787106446777,0.4102948525737131
two_day,0.5,31,0.7631184407796102,0.8180909545227386
two_day,0.5,31,0.5967016491754122,0.7296351824087957
two_day,0.5,31,0.935032483758121,0.3818090954522739
two_day,0.5,31,0.4612693653173413,0.775112443778111
two_day,0.5,31,0.2013993003498251,0.9945027486256871
two_day,0.5,31,0.5132433783108445,0.16941529235382308
two_day,0.5,31,0.20839580209895053,0.6476761619190404
two_day,0.5,31,0.9500249875062469,0.30334832583708143
two_day,0.5,31,0.5382308845577212,0.5687156421789106
two_day,0.5,31,0.8650674662668666,0.17791104447776113
two_day,0.5,31,0.23138430784607697,0.4192903548225887
two_day,0.5,31,0.47626186906546725,0.8325837081459271
two_day,0.5,31,0.22138930534732634,0.01649175412293853
two_day,0.5,31,0.9025487256371814,0.16591704147926037
two_day,0.5,31,0.06746626686656672,0.13893053473263367
two_day,0.5,31,0.5107446276861569,0.392303848075962
two_day,0.5,31,0.13093453273363317,0.10794602698650675
two_day,0.5,31,0.31784107946026985,0.5862068965517241
two_day,0.5,31,0.22088955522238882,0.9240379810094953
two_day,0.5,31,0.4237881059470265,0.3268365817091454
two_day,0.5,31,0.09045477261369315,0.936031984007996
two_day,0.5,31,0.006496751624187906,0.31434282858570717
two_day,0.5,31,0.5242378810594702,0.8600699650174912
two_day,0.5,31,0.6071964017991005,0.5787106446776612
two_day,0.5,31,0.2028985507246377,0.7616191904047976
two_day,0.5,31,0.703648175912044,0.8105947026486756
two_day,0.5,31,0.3818090954522739,0.7486256871564217
two_day,0.5,31,0.8695652173913043,0.5232383808095952
two_day,0.5,31,0.49725137431284355,0.9425287356321839
two_day,0.5,31,0.3293353323338331,0.7561219390304847
two_day,0.5,31,0.5322338830584707,0.5007496251874063
two_day,0.5,31,0.5957021489255372,0.39980009995002497
two_day,0.5,31,0.8385807096451774,0.6491754122938531
two_day,0.5,31,0.2028985507246377,0.6996501749125438
two_day,0.5,31,0.17091454272863568,0.2543728135932034
two_day,0.5,31,0.7476261869065467,0.8375812093953023
two_day,0.5,31,0.20339830084957522,0.29685157421289354
two_day,0.5,32,0.3663168415792104,0.8310844577711144
two_day,0.5,32,0.5087456271864068,0.7556221889055472
two_day,0.5,32,0.3543228385807096,0.4272863568215892
two_day,0.5,32,0.2818590704647676,0.33833083458270863
two_day,0.5,32,0.7141429285357321,0.8070964517741129
two_day,0.5,32,0.34132933533233384,0.01899050474762619
two_day,0.5,32,0.28285857071464265,0.9020489755122438
two_day,0.5,32,0.8340829585207397,0.5312343828085957
two_day,0.5,32,0.15692153923038482,0.1584207896051974
two_day,0.5,32,0.5032483758120939,0.7456271864067966
two_day,0.5,32,0.8645677161419291,0.26686656671664166
two_day,0.5,32,0.8985507246376812,0.13043478260869565
two_day,0.5,32,0.664167916041979,1.0
two_day,0.5,32,0.7041479260369815,0.5687156421789106
two_day,0.5,32,0.06096951524237881,0.5657171414292853
two_day,0.5,32,0.2593703148425787,0.12743628185907047
two_day,0.5,32,0.7296351824087957,0.3343328335832084
two_day,0.5,32,0.09545227386306847,0.5137431284357821
two_day,0.5,32,0.31134432783608196,0.3168415792103948
two_day,0.5,32,0.6616691654172914,0.8740629685157422
two_day,0.5,32,0.815592203898051,0.6181909045477262
two_day,0.5,32,0.3988005997001499,0.0079960019990005
two_day,0.5,32,0.5242378810594702,0.9975012493753124
two_day,0.5,32,0.9060469765117442,0.920039980009995
two_day,0.5,32,0.28735632183908044,0.13343328335832083
two_day,0.5,32,0.6671664167916042,0.6391804097951025
two_day,0.5,32,0.3708145927036482,0.015492253873063468
two_day,0.5,32,0.9305347326336831,0.9420289855072463
two_day,0.5,32,0.8435782108945528,0.1629185407296352
two_day,0.5,32,0.18590704647676162,0.16041979010494753
two_day,0.5,32,0.5147426286856571,0.2773613193403298
two_day,0.5,32,0.5767116441779111,0.767616191904048
two_day,0.5,32,0.33233383308345826,0.08895552223888056
two_day,0.5,32,0.2518740629685157,0.7381309345327336
two_day,0.5,32,0.07546226886556721,0.044977511244377814
two_day,0.5,32,0.2723638180909545,0.37631184407796103
two_day,0.5,32,0.4017991004497751,0.7486256871564217
two_day,0.5,32,0.2613693153423288,0.2773613193403298
two_day,0.5,32,0.49725137431284355,0.0704647676161919
two_day,0.5,32,0.4707646176911544,0.7226386806596702
two_day,0.5,32,0.4267866066966517,0.7726136931534233
two_day,0.5,32,0.9570214892553723,0.6461769115442278
two_day,0.5,32,0.7501249375312344,0.7796101949025487
two_day,0.5,32,0.9060469765117442,0.8595702148925537
two_day,0.5,32,1.0,0.33183408295852074
two_day,0.5,32,0.1374312843578211,0.24587706146926536
two_day,0.5,32,0.48075962018990503,0.43778110944527737
two_day,0.5,32,0.47276361819090457,0.7456271864067966
two_day,0.5,32,0.3448275862068966,0.0029985007496251873
two_day,0.5,32,0.13793103448275862,0.7026486756621689
two_day,0.5,32,0.35932033983008493,0.239880059970015
two_day,0.5,32,0.6866566716641679,0.33033483258370816
two_day,0.5,32,0.9820089955022488,0.39280359820089955
two_day,0.5,32,0.9320339830084957,0.46926536731634183
two_day,0.5,32,0.888055972013993,0.18940529735132433
two_day,0.5,32,0.06146926536731634,0.6186906546726637
two_day,0.5,32,0.5407296351824088,0.7231384307846077
two_day,0.5,32,0.3733133433283358,0.20039980009995004
two_day,0.5,32,0.8930534732633684,0.20389805097451275
two_day,0.5,32,0.7776111944027986,0.6926536731634183
two_day,0.5,32,0.351824087956022,0.3328335832083958
two_day,0.5,32,0.25537231384307846,0.5132433783108445
two_day,0.5,32,0.21189405297351324,0.014492753623188406
two_day,0.5,32,0.11894052973513243,0.23288355822088955
two_day,0.5,32,0.9045477261369316,0.8035982008995503
two_day,0.5,32,0.7541229385307346,0.4332833583208396
two_day,0.5,32,0.20539730134932535,0.005997001499250375
two_day,0.5,32,0.47276361819090457,0.6031984007996002
two_day,0.5,32,0.047976011994003,0.07946026986506746
two_day,0.5,32,0.7856071964017991,0.2698650674662669
two_day,0.5,32,0.33983008495752126,0.7311344327836082
two_day,0.5,32,0.01249375312343828,0.15692153923038482
two_day,0.5,32,0.8105947026486756,0.9785107446276862
two_day,0.5,32,0.17641179410294852,0.9855072463768116
two_day,0.5,32,0.8035982008995503,0.719640179910045
two_day,0.5,32,0.02498750624687656,0.06746626686656672
two_day,0.5,32,0.0399800099950025,0.017491254372813594
two_day,0.5,32,0.3803098450774613,0.679160419790105
two_day,0.5,32,0.03398300849575212,0.3758120939530235
two_day,0.5,32,0.7446276861569215,0.39030484757621187
two_day,0.5,32,0.4662668665667166,0.16941529235382308
two_day,0.5,32,0.712143928035982,0.896551724137931
two_day,0.5,32,0.17191404297851073,0.6211894052973513
two_day,0.5,32,0.20039980009995004,0.062468765617191405
two_day,0.5,32,0.30634682658670664,0.6696651674162919
two_day,0.5,32,0.4077961019490255,0.050474762618690654
two_day,0.5,32,0.6061969015492253,0.8315842078960519
two_day,0.5,32,0.9555222388805598,0.9645177411294353
two_day,0.5,32,0.4912543728135932,0.8745627186406797
two_day,0.5,32,0.9240379810094953,0.9950024987506247
two_day,0.5,32,0.5797101449275363,0.7061469265367316
two_day,0.5,32,0.9930034982508745,0.8865567216391804
two_day,0.5,32,0.12593703148425786,0.4357821089455272
two_day,0.5,32,0.935032483758121,0.12543728135932034
two_day,0.5,32,0.3423288355822089,0.031984007996002
two_day,0.5,32,0.20789605197401298,0.8715642178910544
two_day,0.5,32,0.6781609195402298,0.28285857071464265
two_day,0.5,32,0.312343828085957,0.04547726136931534
two_day,0.5,32,0.19090454772613694,0.0079960019990005
two_day,0.5,32,0.047476261869065464,0.11544227886056972
two_day,0.5,32,0.7461269365317341,0.5307346326836582
two_day,0.5,32,0.968015992003998,0.31134432783608196
two_day,0.5,32,0.9920039980009995,0.6286856571714143
two_day,0.5,32,0.4147926036981509,0.8445777111444278
two_day,0.5,32,0.3568215892053973,0.9885057471264368
two_day,0.5,32,0.14292853573213393,0.7271364317841079
two_day,0.5,32,0.02948525737131434,0.5432283858070964
two_day,0.5,32,0.7541229385307346,0.4547726136931534
two_day,0.5,32,0.2688655672163918,0.7166416791604198
two_day,0.5,32,0.6456771614192903,0.6901549225387307
two_day,0.5,32,0.13793103448275862,0.18790604697651175
two_day,0.5,32,0.6656671664167916,0.4052973513243378
two_day,0.5,32,0.760119940029985,0.03648175912043978
two_day,0.5,32,0.9245377311344328,0.7896051974012993
two_day,0.5,32,0.3293353323338331,0.5372313843078461
two_day,0.5,32,0.2478760619690155,0.34832583708145926
two_day,0.5,32,0.24387806096951525,0.9000499750124937
two_day,0.5,32,0.5642178910544727,0.5692153923038481
two_day,0.5,32,0.3798100949525237,0.2303848075962019
two_day,0.5,32,0.1874062968515742,0.14742628685657172
two_day,0.5,33,0.7856071964017991,0.8205897051474262
two_day,0.5,33,0.5362318840579711,0.9850074962518741
two_day,0.5,33,0.6446776611694153,0.8940529735132434
two_day,0.5,33,0.5612193903048476,0.9955022488755623
two_day,0.5,33,0.14742628685657172,0.5307346326836582
two_day,0.5,33,0.4057971014492754,0.4497751124437781
two_day,0.5,33,0.4682658670664668,0.9575212393803099
two_day,0.5,33,0.927536231884058,0.9480259870064968
two_day,0.5,33,0.5252373813093453,0.2898550724637681
two_day,0.5,33,0.2653673163418291,0.4622688655672164
two_day,0.5,33,0.8395802098950524,0.9440279860069966
two_day,0.5,33,0.42328835582208896,0.8515742128935532
two_day,0.5,33,0.440279860069965,0.057971014492753624
two_day,0.5,33,0.1454272863568216,0.12543728135932034
two_day,0.5,33,0.8630684657671165,0.5022488755622189
two_day,0.5,33,0.5962018990504747,0.8255872063968016
two_day,0.5,33,0.051974012993503245,0.06346826586706647
two_day,0.5,33,0.32283858070964516,0.013493253373313344
two_day,0.5,33,0.8145927036481759,0.6866566716641679
two_day,0.5,33,0.4002998500749625,0.7251374312843578
two_day,0.5,33,0.017491254372813594,0.8450774612693653
two_day,0.5,33,0.21989005497251374,0.3708145927036482
two_day,0.5,33,0.5832083958020989,0.48425787106446777
two_day,0.5,33,0.624687656171914,0.10844577711144428
two_day,0.5,33,0.07446276861569215,0.0029985007496251873
two_day,0.5,33,0.11944027986006997,0.0014992503748125937
two_day,0.5,33,0.127936031984008,0.11894052973513243
two_day,0.5,33,0.13493253373313344,0.44227886056971516
two_day,0.5,33,0.2513743128435782,0.06946526736631684
two_day,0.5,33,0.6636681659170415,0.5242378810594702
two_day,0.5,33,0.3658170914542729,0.9980009995002499
two_day,0.5,33,0.24037981009495252,0.0544727636181909
two_day,0.5,33,0.9505247376311844,0.17491254372813594
two_day,0.5,33,0.49775112443778113,0.010494752623688156
two_day,0.5,33,0.08845577211394302,0.1584207896051974
two_day,0.5,33,0.5357321339330335,0.280359820089955
two_day,0.5,33,0.5137431284357821,0.27786106946526734
two_day,0.5,33,0.9740129935032483,0.9120439780109945
two_day,0.5,33,0.09845077461269365,0.6006996501749126
two_day,0.5,33,0.8800599700149925,0.4827586206896552
two_day,0.5,33,0.43428285857071464,0.5162418790604698
two_day,0.5,33,0.800599700149925,0.55872063968016
two_day,0.5,33,0.43928035982008995,0.14992503748125938
two_day,0.5,33,0.8200899550224887,0.8630684657671165
two_day,0.5,33,0.4617691154422789,0.6166916541729135
two_day,0.5,33,0.6056971514242878,0.928535732133933
two_day,0.5,33,0.7151424287856072,0.9800099950024987
two_day,0.5,33,0.8235882058970515,0.5742128935532234
two_day,0.5,33,0.584207896051974,0.9260369815092454
two_day,0.5,33,0.3183408295852074,0.19940029985007496
two_day,0.5,33,0.4027986006996502,0.7251374312843578
two_day,0.5,33,0.3103448275862069,0.9645177411294353
two_day,0.5,33,0.24287856071964017,0.4102948525737131
two_day,0.5,33,0.40879560219890054,0.6741629185407296
two_day,0.5,33,0.9730134932533733,0.6231884057971014
two_day,0.5,33,0.0079960019990005,0.022988505747126436
two_day,0.5,33,0.5982008995502249,0.7231384307846077
two_day,0.5,33,0.1744127936031984,0.08895552223888056
two_day,0.5,33,0.1809095452273863,0.4012993503248376
two_day,0.5,33,0.24037981009495252,0.46526736631684157
two_day,0.5,33,0.9355322338830585,0.9505247376311844
two_day,0.5,33,0.3458270864567716,0.32033983008495753
two_day,0.5,33,0.175912043978011,0.4482758620689655
two_day,0.5,33,0.031484257871064465,0.5177411294352824
two_day,0.5,33,0.8800599700149925,0.6451774112943528
two_day,0.5,33,0.5287356321839081,0.23438280859570215
two_day,0.5,33,0.7331334332833583,0.6391804097951025
two_day,0.5,33,0.744127936031984,0.2283858070964518
two_day,0.5,33,0.7251374312843578,0.11944027986006997
two_day,0.5,33,0.8575712143928036,0.8750624687656172
two_day,0.5,33,0.7336331834082959,0.5362318840579711
two_day,0.5,33,0.5747126436781609,0.6016991504247876
two_day,0.5,33,0.017491254372813594,0.5047476261869065
two_day,0.5,33,0.5467266366816592,0.2863568215892054
two_day,0.5,33,0.3218390804597701,0.08295852073963018
two_day,0.5,33,0.5957021489255372,0.2658670664667666
two_day,0.5,33,0.12043978010994502,0.8010994502748626
two_day,0.5,33,0.11044477761119441,0.20239880059970014
two_day,0.5,33,0.9155422288855573,0.328335832083958
two_day,0.5,33,0.6446776611694153,0.0384807596201899
two_day,0.5,33,0.6506746626686657,0.5052473763118441
two_day,0.5,33,0.8500749625187406,0.7181409295352323
two_day,0.5,33,0.7246376811594203,0.8205897051474262
two_day,0.5,33,0.6431784107946027,0.4732633683158421
two_day,0.5,33,0.095952023988006,0.47226386806596704
two_day,0.5,33,0.8075962018990505,0.6701649175412294
two_day,0.5,33,0.904047976011994,0.5687156421789106
two_day,0.5,33,0.6101949025487257,0.06446776611694154
two_day,0.5,33,0.584207896051974,0.4572713643178411
two_day,0.5,33,0.6261869065467266,0.3853073463268366
two_day,0.5,33,0.4267866066966517,0.1724137931034483
two_day,0.5,33,0.3918040979510245,0.6336831584207896
two_day,0.5,33,0.8855572213893054,0.6261869065467266
two_day,0.5,33,0.9380309845077461,0.9660169915042479
two_day,0.5,33,0.35732133933033483,0.21239380309845077
two_day,0.5,33,0.10844577711144428,0.6481759120439781
two_day,0.5,33,0.5067466266866567,0.7406296851574213
two_day,0.5,33,0.5227386306846576,0.1724137931034483
two_day,0.5,33,0.49025487256371814,0.8845577211394303
two_day,0.5,33,0.9580209895052474,0.04697651174412794
two_day,0.5,33,0.4362818590704648,0.9315342328835582
two_day,0.5,33,0.9065467266366817,0.8855572213893054
two_day,0.5,33,0.4102948525737131,0.5002498750624688
two_day,0.5,33,0.001999000499750125,0.769615192403798
two_day,0.5,33,0.303848075962019,0.7571214392803598
two_day,0.5,33,0.9010494752623688,0.1934032983508246
two_day,0.5,33,0.06746626686656672,0.4592703648175912
two_day,0.5,33,0.36431784107946025,0.9885057471264368
two_day,0.5,33,0.9180409795102449,0.6201899050474763
two_day,0.5,33,0.03648175912043978,0.271864067966017
two_day,0.5,33,0.8570714642678661,0.22138930534732634
two_day,0.5,33,0.6091954022988506,0.7331334332833583
two_day,0.5,33,0.6461769115442278,0.17841079460269865
two_day,0.5,33,0.5707146426786607,0.9220389805097451
two_day,0.5,33,0.5967016491754122,0.2178910544727636
two_day,0.5,33,0.6316841579210395,0.9830084957521239
two_day,0.5,33,0.39730134932533734,0.3103448275862069
two_day,0.5,33,0.6856571714142928,0.632183908045977
two_day,0.5,33,0.9370314842578711,0.7171414292853573
two_day,0.5,33,0.37031484257871067,0.1619190404797601
two_day,0.5,34,0.008995502248875561,0.34382808595702147
two_day,0.5,34,0.5362318840579711,0.037481259370314844
two_day,0.5,34,0.2513743128435782,0.2623688155922039
two_day,0.5,34,0.9580209895052474,0.5392303848075962
two_day,0.5,34,0.24437781109445278,0.05547226386806597
two_day,0.5,34,0.15442278860569716,0.4047976011994003
two_day,0.5,34,0.3988005997001499,0.5482258870564718
two_day,0.5,34,0.06896551724137931,0.1454272863568216
two_day,0.5,34,0.9025487256371814,0.4307846076961519
two_day,0.5,34,0.960519740129935,0.049475262368815595
two_day,0.5,34,0.6981509245377311,0.2928535732133933
two_day,0.5,34,0.5087456271864068,0.31434282858570717
two_day,0.5,34,0.4122938530734633,0.3378310844577711
two_day,0.5,34,0.5677161419290355,0.6056971514242878
two_day,0.5,34,0.0004997501249375312,0.5887056471764118
two_day,0.5,34,0.28835582208895555,0.5372313843078461
two_day,0.5,34,0.16691654172913542,0.25237381309345325
two_day,0.5,34,0.8975512243878061,0.11094452773613193
two_day,0.5,34,0.9720139930034982,0.8000999500249875
two_day,0.5,34,0.4577711144427786,0.4097951024487756
two_day,0.5,34,0.9590204897551224,0.42628685657171417
two_day,0.5,34,0.9870064967516242,0.9730134932533733
two_day,0.5,34,0.4527736131934033,0.855072463768116
two_day,0.5,34,0.5087456271864068,0.447776111944028
two_day,0.5,34,0.4097951024487756,0.7621189405297352
two_day,0.5,34,0.7531234382808596,0.9500249875062469
two_day,0.5,34,0.004997501249375313,0.018490754622688656
two_day,0.5,34,0.04447776111944028,0.02448775612193903
two_day,0.5,34,0.953023488255872,0.8980509745127436
two_day,0.5,34,0.5187406296851574,0.6176911544227887
two_day,0.5,34,0.5717141429285357,0.4867566216891554
two_day,0.5,34,0.15742128935532235,0.017991004497751123
two_day,0.5,34,0.5197401299350325,0.08545727136431784
two_day,0.5,34,0.16241879060469766,0.12993503248375812
two_day,0.5,34,0.1374312843578211,0.792103948025987
two_day,0.5,34,0.2563718140929535,0.34382808595702147
two_day,0.5,34,0.07646176911544228,0.7261369315342329
two_day,0.5,34,0.7206396801599201,0.9575212393803099
two_day,0.5,34,0.5787106446776612,0.48075962018990503
two_day,0.5,34,0.20039980009995004,0.13043478260869565
two_day,0.5,34,0.1184407796101949,0.6766616691654173
two_day,0.5,34,0.272863568215892,0.7001499250374813
two_day,0.5,34,0.512743628185907,0.5147426286856571
two_day,0.5,34,0.5857071464267866,0.9090454772613693
two_day,0.5,34,0.22288855572213892,0.751624187906047
two_day,0.5,34,0.02798600699650175,0.19640179910044978
two_day,0.5,34,0.31134432783608196,0.8845577211394303
two_day,0.5,34,0.9610194902548725,0.7961019490254873
two_day,0.5,34,0.5747126436781609,0.63968015992004
two_day,0.5,34,0.21189405297351324,0.08495752123938032
two_day,0.5,34,0.7811094452773614,0.3328335832083958
two_day,0.5,34,0.935032483758121,0.33833083458270863
two_day,0.5,34,0.9770114942528736,0.2818590704647676
two_day,0.5,34,0.15292353823088456,0.6231884057971014
two_day,0.5,34,0.15792103948025987,0.9245377311344328
two_day,0.5,34,0.25687156421789104,0.6941529235382309
two_day,0.5,34,0.10044977511244378,0.6196901549225388
two_day,0.5,34,0.4622688655672164,0.2303848075962019
two_day,0.5,34,0.920039980009995,0.5377311344327836
two_day,0.5,34,0.04847576211894053,0.815592203898051
two_day,0.5,34,0.24237881059470265,0.42628685657171417
two_day,0.5,34,0.5227386306846576,0.25287356321839083
two_day,0.5,34,0.9905047476261869,0.5452273863068465
two_day,0.5,34,0.18340829585207397,0.463768115942029
two_day,0.5,34,0.33833083458270863,0.863568215892054
two_day,0.5,34,0.8455772113943029,0.975512243878061
two_day,0.5,34,0.239880059970015,0.031984007996002
two_day,0.5,34,0.5342328835582209,0.1054472763618191
two_day,0.5,34,0.3658170914542729,0.6081959020489756
two_day,0.5,34,0.9095452273863068,0.1469265367316342
two_day,0.5,34,0.6686656671664168,0.5232383808095952
two_day,0.5,34,0.48825587206396803,0.584207896051974
two_day,0.5,34,0.29535232383808097,0.4707646176911544
two_day,0.5,34,0.9365317341329336,0.4002998500749625
two_day,0.5,34,0.09395302348825588,0.5492253873063468
two_day,0.5,34,0.9770114942528736,0.9075462268865567
two_day,0.5,34,0.5962018990504747,0.7301349325337332
two_day,0.5,34,0.04147926036981509,0.9215392303848076
two_day,0.5,34,0.2888555722138931,0.15992003998001
two_day,0.5,34,0.063968015992004,0.07496251874062969
two_day,0.5,34,0.0009995002498750624,0.06996501749125437
two_day,0.5,34,0.9650174912543729,0.5882058970514743
two_day,0.5,34,0.792103948025987,0.7991004497751124
two_day,0.5,34,0.769615192403798,0.8360819590204898
two_day,0.5,34,0.6051974012993503,0.3563218390804598
two_day,0.5,34,0.46676661669165415,0.751624187906047
two_day,0.5,34,0.22438780609695153,0.777111444277861
two_day,0.5,34,0.8960519740129935,0.5982008995502249
two_day,0.5,34,0.33183408295852074,0.2658670664667666
two_day,0.5,34,0.9850074962518741,0.967016491754123
two_day,0.5,34,0.4102948525737131,0.5527236381809095
two_day,0.5,34,0.551224387806097,0.08995502248875563
two_day,0.5,34,0.7636181909045477,0.10044977511244378
two_day,0.5,34,0.63968015992004,0.8540729635182409
two_day,0.5,34,0.5987006496751625,0.9655172413793104
two_day,0.5,34,0.22288855572213892,0.4102948525737131
two_day,0.5,34,0.8295852073963018,0.3618190904547726
two_day,0.5,34,0.8705647176411794,0.5972013993003499
two_day,0.5,34,0.670664667666167,0.975512243878061
two_day,0.5,34,0.975512243878061,0.46476761619190404
two_day,0.5,34,0.6381809095452274,0.9115442278860569
two_day,0.5,34,0.8200899550224887,0.07746126936531735
two_day,0.5,34,0.670664667666167,0.6136931534232883
two_day,0.5,34,0.4302848575712144,0.5067466266866567
two_day,0.5,34,0.9030484757621189,0.511744127936032
two_day,0.5,34,0.7066466766616691,0.6446776611694153
two_day,0.5,34,0.30134932533733133,0.8100949525237381
two_day,0.5,34,0.6761619190404797,0.5317341329335332
two_day,0.5,34,0.3263368315842079,0.5982008995502249
two_day,0.5,34,0.4307846076961519,0.7416291854072964
two_day,0.5,34,0.17841079460269865,0.4757621189405297
two_day,0.5,34,0.5347326336831584,0.9675162418790605
two_day,0.5,34,0.5572213893053474,0.043478260869565216
two_day,0.5,34,0.3493253373313343,0.3378310844577711
two_day,0.5,34,0.9260369815092454,0.9705147426286856
two_day,0.5,34,0.8960519740129935,0.223888055972014
two_day,0.5,34,0.6411794102948526,0.9515242378810594
two_day,0.5,34,0.4802598700649675,0.8020989505247377
two_day,0.5,34,0.6816591704147926,0.7566216891554223
two_day,0.5,34,0.08445777111444278,0.5887056471764118
two_day,0.5,35,0.9485257371314343,0.40429785107446276
two_day,0.5,35,0.1519240379810095,0.25737131434282856
two_day,0.5,35,0.6136931534232883,0.30634682658670664
two_day,0.5,35,0.9510244877561219,0.42478760619690153
two_day,0.5,35,0.9975012493753124,0.2748625687156422
two_day,0.5,35,0.3588205897051474,0.6126936531734133
two_day,0.5,35,0.18790604697651175,0.7236381809095452
two_day,0.5,35,0.6891554222888556,0.7491254372813593
two_day,0.5,35,0.017991004497751123,0.015492253873063468
two_day,0.5,35,0.02848575712143928,0.2478760619690155
two_day,0.5,35,0.08595702148925537,0.7611194402798601
two_day,0.5,35,0.3498250874562719,0.36481759120439783
two_day,0.5,35,0.1809095452273863,0.848575712143928
two_day,0.5,35,0.6241879060469765,0.24887556221889057
two_day,0.5,35,0.8315842078960519,0.05897051474262868
two_day,0.5,35,0.26436781609195403,0.13343328335832083
two_day,0.5,35,0.6421789105447276,0.9400299850074962
two_day,0.5,35,0.8570714642678661,0.9630184907546226
two_day,0.5,35,0.27136431784107945,0.5132433783108445
two_day,0.5,35,0.6286856571714143,0.7906046976511744
two_day,0.5,35,0.48375812093953025,0.046476761619190406
two_day,0.5,35,0.7636181909045477,0.6906546726636682
two_day,0.5,35,0.7321339330334833,0.8610694652673663
two_day,0.5,35,0.25837081459270367,0.6911544227886057
two_day,0.5,35,0.7421289355322339,0.16841579210394803
two_day,0.5,35,0.2748625687156422,0.7646176911544228
two_day,0.5,35,0.7271364317841079,0.06796601699150424
two_day,0.5,35,0.17391304347826086,0.2943528235882059
two_day,0.5,35,0.6421789105447276,0.8760619690154923
two_day,0.5,35,0.8950524737631185,0.9055472263868066
two_day,0.5,35,0.7701149425287356,0.01699150424787606
two_day,0.5,35,0.1424287856071964,0.025987006496751622
two_day,0.5,35,0.3633183408295852,0.020989505247376312
two_day,0.5,35,0.33183408295852074,0.3003498250874563
two_day,0.5,35,0.3243378310844578,0.967016491754123
two_day,0.5,35,0.7231384307846077,0.24237881059470265
two_day,0.5,35,0.9370314842578711,0.7401299350324838
two_day,0.5,35,0.019490254872563718,0.26486756621689156
two_day,0.5,35,0.49075462268865566,0.9820089955022488
two_day,0.5,35,0.5242378810594702,0.7781109445277361
two_day,0.5,35,0.22488755622188905,0.8525737131434283
two_day,0.5,35,0.08345827086456771,0.2673663168415792
two_day,0.5,35,0.5792103948025987,0.04847576211894053
two_day,0.5,35,0.9180409795102449,0.3188405797101449
two_day,0.5,35,0.9445277361319341,0.39080459770114945
two_day,0.5,35,0.5742128935532234,0.52023988005997
two_day,0.5,35,0.8260869565217391,0.9110444777611194
two_day,0.5,35,0.2178910544727636,0.991504247876062
two_day,0.5,35,0.6561719140429785,0.8420789605197402
two_day,0.5,35,0.7341329335332334,0.5212393803098451
two_day,0.5,35,0.4027986006996502,0.07246376811594203
two_day,0.5,35,0.544727636181909,0.1774112943528236
two_day,0.5,35,0.3733133433283358,0.0074962518740629685
two_day,0.5,35,0.6426786606696652,0.2463768115942029
two_day,0.5,35,0.750624687656172,0.9980009995002499
two_day,0.5,35,0.011494252873563218,0.39430284857571213
two_day,0.5,35,0.527736131934033,0.3373313343328336
two_day,0.5,35,0.39780109945027486,0.8210894552723638
two_day,0.5,35,0.5097451274362819,0.7746126936531734
two_day,0.5,35,0.5197401299350325,0.6506746626686657
two_day,0.5,35,0.10794602698650675,0.23738130934532733
two_day,0.5,35,0.29985007496251875,0.6771614192903548
two_day,0.5,35,0.9615192403798101,0.3098450774612694
two_day,0.5,35,0.3988005997001499,0.4237881059470265
two_day,0.5,35,0.49325337331334335,0.22688655672163918
two_day,0.5,35,0.21689155422288856,0.4587706146926537
two_day,0.5,35,0.8160919540229885,0.9490254872563718
two_day,0.5,35,0.7966016991504248,0.367816091954023
two_day,0.5,35,0.09495252373813093,0.4397801099450275
two_day,0.5,35,0.15892053973013492,0.6871564217891054
two_day,0.5,35,0.32983508245877063,0.7301349325337332
two_day,0.5,35,0.703648175912044,0.3098450774612694
two_day,0.5,35,0.22538730634682658,0.022988505747126436
two_day,0.5,35,0.32233883058470764,0.8180909545227386
two_day,0.5,35,0.38980509745127434,0.41179410294852575
two_day,0.5,35,0.2698650674662669,0.34782608695652173
two_day,0.5,35,0.20689655172413793,0.45527236381809094
two_day,0.5,35,0.02498750624687656,0.06196901549225387
two_day,0.5,35,0.027486256871564217,0.22638680659670166
two_day,0.5,35,0.16141929035482258,0.2988505747126437
two_day,0.5,35,0.7226386806596702,0.21989005497251374
two_day,0.5,35,0.552223888055972,0.7666166916541729
two_day,0.5,35,0.992503748125937,0.36031984007996004
two_day,0.5,35,0.9485257371314343,0.6111944027986007
two_day,0.5,35,0.5147426286856571,0.6721639180409795
two_day,0.5,35,0.7016491754122939,0.44127936031984005
two_day,0.5,35,0.9815092453773113,0.6156921539230384
two_day,0.5,35,0.1619190404797601,0.5422288855572214
two_day,0.5,35,0.5727136431784108,0.22588705647176413
two_day,0.5,35,0.6596701649175413,0.6491754122938531
two_day,0.5,35,0.21639180409795103,0.3193403298350825
two_day,0.5,35,0.17641179410294852,0.9270364817591205
two_day,0.5,35,0.7736131934032984,0.4207896051974013
two_day,0.5,35,0.44377811094452774,0.5982008995502249
two_day,0.5,35,0.4757621189405297,0.6106946526736632
two_day,0.5,35,0.4192903548225887,0.6166916541729135
two_day,0.5,35,0.6216891554222889,0.4512743628185907
two_day,0.5,35,0.4012993503248376,0.04247876061969016
two_day,0.5,35,0.1634182908545727,0.9700149925037481
two_day,0.5,35,0.263368315842079,0.21339330334832585
two_day,0.5,35,0.2683658170914543,0.7246376811594203
two_day,0.5,35,0.20439780109945027,0.022988505747126436
two_day,0.5,35,0.9600199900049975,0.044977511244377814
two_day,0.5,35,0.22088955522238882,0.20039980009995004
two_day,0.5,35,0.5882058970514743,0.696151924037981
two_day,0.5,35,0.9000499750124937,0.40379810094952523
two_day,0.5,35,0.7471264367816092,0.6946526736631684
two_day,0.5,35,0.9655172413793104,0.1089455272363818
two_day,0.5,35,0.30134932533733133,0.8295852073963018
two_day,0.5,35,0.631184407796102,0.4877561219390305
two_day,0.5,35,0.9710144927536232,0.8605697151424287
two_day,0.5,35,0.5167416291854073,0.6516741629185407
two_day,0.5,35,0.23288355822088955,0.32283858070964516
two_day,0.5,35,0.0024987506246876563,0.14842578710644677
two_day,0.5,35,0.9635182408795602,0.616191904047976
two_day,0.5,35,0.04047976011994003,0.7786106946526736
two_day,0.5,35,0.3663168415792104,0.5247376311844077
two_day,0.5,35,0.9370314842578711,0.7981009495252374
two_day,0.5,35,0.7561219390304847,0.1679160419790105
two_day,0.5,35,0.9065467266366817,0.6271864067966016
two_day,0.5,36,0.24187906046976512,0.881559220389805
two_day,0.5,36,0.07196401799100449,0.029985007496251874
two_day,0.5,36,0.7521239380309845,0.6016991504247876
two_day,0.5,36,0.35732133933033483,0.6436781609195402
two_day,0.5,36,0.21239380309845077,0.8530734632683659
two_day,0.5,36,0.05747126436781609,0.06896551724137931
two_day,0.5,36,0.9425287356321839,0.2613693153423288
two_day,0.5,36,0.7026486756621689,0.6816591704147926
two_day,0.5,36,0.895552223888056,0.8760619690154923
two_day,0.5,36,0.3313343328335832,0.9995002498750625
two_day,0.5,36,0.5932033983008496,0.5072463768115942
two_day,0.5,36,0.13193403298350825,0.1794102948525737
two_day,0.5,36,0.33483258370814595,0.47626186906546725
two_day,0.5,36,0.0009995002498750624,0.19540229885057472
two_day,0.5,36,0.7341329335332334,0.1679160419790105
two_day,0.5,36,0.1409295352323838,0.6766616691654173
two_day,0.5,36,0.45577211394302847,0.9705147426286856
two_day,0.5,36,0.24687656171914044,0.3613193403298351
two_day,0.5,36,0.35282358820589704,0.784607696151924
two_day,0.5,36,0.2638680659670165,0.5332333833083458
two_day,0.5,36,0.9985007496251874,0.8480759620189905
two_day,0.5,36,0.511744127936032,0.5817091454272864
two_day,0.5,36,0.2818590704647676,0.6746626686656672
two_day,0.5,36,0.8960519740129935,0.45027486256871563
two_day,0.5,36,0.6231884057971014,0.9015492253873063
two_day,0.5,36,0.3343328335832084,0.8300849575212393
two_day,0.5,36,0.3568215892053973,0.7156421789105447
two_day,0.5,36,0.041979010494752625,0.3953023488255872
two_day,0.5,36,0.2303848075962019,0.7611194402798601
two_day,0.5,36,0.9865067466266867,0.9250374812593704
two_day,0.5,36,0.7021489255372314,0.37681159420289856
two_day,0.5,36,0.8915542228885557,0.3868065967016492
two_day,0.5,36,0.9240379810094953,0.42028985507246375
two_day,0.5,36,0.9080459770114943,0.9355322338830585
two_day,0.5,36,0.8930534732633684,0.3888055972013993
two_day,0.5,36,0.8430784607696152,0.8995502248875562
two_day,0.5,36,0.7326336831584208,0.05847076461769116
two_day,0.5,36,0.5257371314342829,0.22638680659670166
two_day,0.5,36,0.7936031984007996,0.9620189905047476
two_day,0.5,36,0.6701649175412294,0.4257871064467766
two_day,0.5,36,0.6811594202898551,0.2703648175912044
two_day,0.5,36,0.21239380309845077,0.6021989005497251
two_day,0.5,36,0.35332333833083457,0.7351324337831084
two_day,0.5,36,0.09545227386306847,0.4177911044477761
two_day,0.5,36,0.1889055472263868,0.26436781609195403
two_day,0.5,36,0.30684657671164417,0.33883058470764615
two_day,0.5,36,0.8275862068965517,0.392303848075962
two_day,0.5,36,0.029985007496251874,0.05997001499250375
two_day,0.5,36,0.8175912043978011,0.7876061969015492
two_day,0.5,36,0.063968015992004,0.6401799100449775
two_day,0.5,36,0.7341329335332334,0.5652173913043478
two_day,0.5,36,0.5362318840579711,0.4767616191904048
two_day,0.5,36,0.2463768115942029,0.5837081459270365
two_day,0.5,36,0.18240879560219891,0.3713143428285857
two_day,0.5,36,0.21389305347326337,0.1344327836081959
two_day,0.5,36,0.6501749125437282,0.9850074962518741
two_day,0.5,36,0.9265367316341829,0.17041479260369816
two_day,0.5,36,0.36431784107946025,0.07296351824087956
two_day,0.5,36,0.49825087456271866,0.7166416791604198
two_day,0.5,36,0.1359320339830085,0.6621689155422289
two_day,0.5,36,0.28085957021489255,0.6821589205397302
two_day,0.5,36,0.7756121939030485,0.4172913543228386
two_day,0.5,36,0.8530734632683659,0.6306846576711644
two_day,0.5,36,0.616191904047976,0.9965017491254373
two_day,0.5,36,0.967016491754123,0.617191404297851
two_day,0.5,36,0.1854072963518241,0.7041479260369815
two_day,0.5,36,0.09845077461269365,0.18140929535232383
two_day,0.5,36,0.8495752123938031,0.7756121939030485
two_day,0.5,36,0.7426286856571714,0.992503748125937
two_day,0.5,36,0.18940529735132433,0.3448275862068966
two_day,0.5,36,0.4387806096951524,0.17541229385307347
two_day,0.5,36,0.6841579210394803,0.7146426786606697
two_day,0.5,36,0.29735132433783107,0.031984007996002
two_day,0.5,36,0.48825587206396803,0.823088455772114
two_day,0.5,36,0.25837081459270367,0.5347326336831584
two_day,0.5,36,0.18640679660169915,0.02948525737131434
two_day,0.5,36,0.0069965017491254375,0.0239880059970015
two_day,0.5,36,0.7211394302848576,0.32233883058470764
two_day,0.5,36,0.11294352823588207,0.8850574712643678
two_day,0.5,36,0.5612193903048476,0.8095952023988006
two_day,0.5,36,0.0559720139930035,0.05347326336831584
two_day,0.5,36,0.35082458770614694,0.4867566216891554
two_day,0.5,36,0.5642178910544727,0.440279860069965
two_day,0.5,36,0.392303848075962,0.9555222388805598
two_day,0.5,36,0.4032983508245877,0.5667166416791605
two_day,0.5,36,0.4607696151924038,0.14942528735632185
two_day,0.5,36,0.5877061469265368,0.9435282358820589
two_day,0.5,36,0.5062468765617192,0.06296851574212893
two_day,0.5,36,0.7381309345327336,0.12743628185907047
two_day,0.5,36,0.5477261369315343,0.8990504747626187
two_day,0.5,36,0.1969015492253873,0.9270364817591205
two_day,0.5,36,0.42978510744627685,0.7741129435282359
two_day,0.5,36,0.777111444277861,0.8725637181409296
two_day,0.5,36,0.5782108945527237,0.92103948025987
two_day,0.5,36,0.3288355822088955,0.10494752623688156
two_day,0.5,36,0.8545727136431784,0.11594202898550725
two_day,0.5,36,0.9490254872563718,0.9305347326336831
two_day,0.5,36,0.36081959020489757,0.18290854572713644
two_day,0.5,36,0.1329335332333833,0.26186906546726635
two_day,0.5,36,0.13893053473263367,0.4357821089455272
two_day,0.5,36,0.10294852573713144,0.8120939530234883
two_day,0.5,36,0.7316341829085458,0.41679160419790107
two_day,0.5,36,0.004997501249375313,0.40879560219890054
two_day,0.5,36,0.18340829585207397,0.4542728635682159
two_day,0.5,36,0.42478760619690153,0.36681659170414793
two_day,0.5,36,0.33983008495752126,0.3843078460769615
two_day,0.5,36,0.7951024487756122,0.3868065967016492
two_day,0.5,36,0.26036981509245377,0.37881059470264866
two_day,0.5,36,0.8050974512743628,0.7701149425287356
two_day,0.5,36,0.7881059470264867,0.7611194402798601
two_day,0.5,36,0.7306346826586707,0.784607696151924
two_day,0.5,36,0.5802098950524738,0.2463768115942029
two_day,0.5,36,0.043478260869565216,0.17091454272863568
two_day,0.5,36,0.5462268865567217,0.8495752123938031
two_day,0.5,36,0.7946026986506747,0.22138930534732634
two_day,0.5,36,0.7526236881559221,0.9865067466266867
two_day,0.5,36,0.3988005997001499,0.18990504747626186
two_day,0.5,36,0.6016991504247876,0.6331834082958521
two_day,0.5,36,0.15992003998001,0.9465267366316842
two_day,0.5,36,0.8760619690154923,0.6431784107946027
two_day,0.5,37,0.904047976011994,0.5372313843078461
two_day,0.5,37,0.783608195902049,0.8455772113943029
two_day,0.5,37,0.6506746626686657,0.9950024987506247
two_day,0.5,37,0.3493253373313343,0.6836581709145427
two_day,0.5,37,0.3583208395802099,0.47626186906546725
two_day,0.5,37,0.2933533233383308,0.16041979010494753
two_day,0.5,37,0.04697651174412794,0.07946026986506746
two_day,0.5,37,0.9235382308845578,0.607696151924038
two_day,0.5,37,0.08895552223888056,0.6131934032983508
two_day,0.5,37,0.09945027486256872,0.5377311344327836
two_day,0.5,37,0.8545727136431784,0.6831584207896052
two_day,0.5,37,0.26486756621689156,0.39080459770114945
two_day,0.5,37,0.28585707146426786,0.2908545727136432
two_day,0.5,37,0.00849575212393803,0.031484257871064465
two_day,0.5,37,0.5032483758120939,0.1874062968515742
two_day,0.5,37,0.25487256371814093,0.7261369315342329
two_day,0.5,37,0.6601699150424788,0.9375312343828086
two_day,0.5,37,0.4332833583208396,0.8250874562718641
two_day,0.5,37,0.2318840579710145,0.5402298850574713
two_day,0.5,37,0.03648175912043978,0.8925537231384307
two_day,0.5,37,0.13693153423288357,0.7116441779110445
two_day,0.5,37,0.7236381809095452,0.17341329335332334
two_day,0.5,37,0.06196901549225387,0.001999000499750125
two_day,0.5,37,0.21189405297351324,0.760119940029985
two_day,0.5,37,0.7786106946526736,0.7691154422788605
two_day,0.5,37,0.6211894052973513,0.9020489755122438
two_day,0.5,37,0.7851074462768616,0.9660169915042479
two_day,0.5,37,0.06196901549225387,0.19290354822588707
two_day,0.5,37,0.4827586206896552,0.02448775612193903
two_day,0.5,37,0.47226386806596704,0.13543228385807096
two_day,0.5,37,0.3938030984507746,0.26936531734132935
two_day,0.5,37,0.22338830584707647,0.063968015992004
two_day,0.5,37,0.9505247376311844,0.2013993003498251
two_day,0.5,37,0.8675662168915542,0.5197401299350325
two_day,0.5,37,0.19390304847576212,0.9590204897551224
two_day,0.5,37,0.3618190904547726,0.02948525737131434
two_day,0.5,37,0.022988505747126436,0.5332333833083458
two_day,0.5,37,0.031484257871064465,0.4112943528235882
two_day,0.5,37,0.053973013493253376,0.4827586206896552
two_day,0.5,37,0.6026986506746627,0.847576211894053
two_day,0.5,37,0.038980509745127435,0.7981009495252374
two_day,0.5,37,0.031984007996002,0.018490754622688656
two_day,0.5,37,0.5327336331834083,0.5982008995502249
two_day,0.5,37,0.18990504747626186,0.03948025987006497
two_day,0.5,37,0.5782108945527237,0.5752123938030984
two_day,0.5,37,0.665167416291854,0.4682658670664668
two_day,0.5,37,0.0399800099950025,0.30834582708645675
two_day,0.5,37,0.36481759120439783,0.012993503248375811
two_day,0.5,37,0.3503248375812094,0.36081959020489757
two_day,0.5,37,0.8665667166416792,0.11144427786106946
two_day,0.5,37,0.2413793103448276,0.3188405797101449
two_day,0.5,37,0.68015992003998,0.38580709645177413
two_day,0.5,37,0.004497751124437781,0.30184907546226886
two_day,0.5,37,0.02948525737131434,0.8690654672663668
two_day,0.5,37,0.8325837081459271,0.5077461269365318
two_day,0.5,37,0.46526736631684157,0.35582208895552225
two_day,0.5,37,0.5902048975512244,0.7796101949025487
two_day,0.5,37,0.18190904547726136,0.5772113943028486
two_day,0.5,37,0.25487256371814093,0.6986506746626686
two_day,0.5,37,0.7641179410294853,0.015992003998001
two_day,0.5,37,0.2178910544727636,0.3893053473263368
two_day,0.5,37,0.09845077461269365,0.49775112443778113
two_day,0.5,37,0.009995002498750625,0.20889555222388806
two_day,0.5,37,0.7681159420289855,0.9390304847576212
two_day,0.5,37,0.062468765617191405,0.6771614192903548
two_day,0.5,37,0.5297351324337831,0.7066466766616691
two_day,0.5,37,0.6251874062968515,0.7301349325337332
two_day,0.5,37,0.912543728135932,0.20789605197401298
two_day,0.5,37,0.5062468765617192,0.23338330834582707
two_day,0.5,37,0.367816091954023,0.3243378310844578
two_day,0.5,37,0.2623688155922039,0.5867066466766616
two_day,0.5,37,0.7161419290354822,0.5137431284357821
two_day,0.5,37,0.47976011994003,0.8725637181409296
two_day,0.5,37,0.895552223888056,0.7851074462768616
two_day,0.5,37,0.56071964017991,0.8600699650174912
two_day,0.5,37,0.21489255372313842,0.4592703648175912
two_day,0.5,37,0.9195402298850575,0.17491254372813594
two_day,0.5,37,0.8330834582708646,0.30684657671164417
two_day,0.5,37,0.6506746626686657,0.3683158420789605
two_day,0.5,37,0.7566216891554223,0.3953023488255872
two_day,0.5,37,0.9820089955022488,0.9245377311344328
two_day,0.5,37,0.9735132433783108,0.8445777111444278
two_day,0.5,37,0.9890054972513743,0.06496751624187906
two_day,0.5,37,0.272863568215892,0.0559720139930035
two_day,0.5,37,0.4127936031984008,0.9015492253873063
two_day,0.5,37,0.3583208395802099,0.2028985507246377
two_day,0.5,37,0.22088955522238882,0.49775112443778113
two_day,0.5,37,0.5252373813093453,0.24387806096951525
two_day,0.5,37,0.1424287856071964,0.13993003498250875
two_day,0.5,37,0.7556221889055472,0.4642678660669665
two_day,0.5,37,0.2983508245877061,0.12193903048475763
two_day,0.5,37,0.7581209395302348,0.4337831084457771
two_day,0.5,37,0.057971014492753624,0.12643678160919541
two_day,0.5,37,0.8900549725137431,0.21839080459770116
two_day,0.5,37,0.29985007496251875,0.06496751624187906
two_day,0.5,37,0.011494252873563218,0.4612693653173413
two_day,0.5,37,0.4572713643178411,0.543728135932034
two_day,0.5,37,0.6811594202898551,0.8780609695152424
two_day,0.5,37,0.19790104947526238,0.16391804097951024
two_day,0.5,37,0.6731634182908546,0.8115942028985508
two_day,0.5,37,0.46476761619190404,0.25037481259370314
two_day,0.5,37,0.13143428285857073,0.7021489255372314
two_day,0.5,37,0.5867066466766616,0.7656171914042978
two_day,0.5,37,0.9385307346326837,0.9560219890054973
two_day,0.5,37,0.9320339830084957,0.7731134432783608
two_day,0.5,37,0.7206396801599201,0.3893053473263368
two_day,0.5,37,0.7831084457771115,0.49525237381309345
two_day,0.5,37,0.5747126436781609,0.9940029985007496
two_day,0.5,37,0.912543728135932,0.48075962018990503
two_day,0.5,37,0.7661169415292354,0.328335832083958
two_day,0.5,37,0.7991004497751124,0.6491754122938531
two_day,0.5,37,0.49825087456271866,0.9570214892553723
two_day,0.5,37,0.6621689155422289,0.05697151424287856
two_day,0.5,37,0.22588705647176413,0.09895052473763119
two_day,0.5,37,0.6176911544227887,0.4257871064467766
two_day,0.5,37,0.8050974512743628,0.7306346826586707
two_day,0.5,37,0.8015992003998001,0.48425787106446777
two_day,0.5,37,0.46776611694152925,0.968015992003998
two_day,0.5,37,0.9240379810094953,0.736631684157921
two_day,0.5,37,0.5717141429285357,0.04097951024487756
two_day,0.5,38,0.6896551724137931,0.8545727136431784
two_day,0.5,38,0.6626686656671664,0.6271864067966016
two_day,0.5,38,0.3728135932033983,0.01199400299850075
two_day,0.5,38,0.49075462268865566,0.5657171414292853
two_day,0.5,38,0.7876061969015492,0.9975012493753124
two_day,0.5,38,0.4112943528235882,0.495752123938031
two_day,0.5,38,0.0544727636181909,0.8415792103948025
two_day,0.5,38,0.6846576711644178,0.6281859070464768
two_day,0.5,38,0.2353823088455772,0.7361319340329835
two_day,0.5,38,0.824087956021989,0.11044477761119441
two_day,0.5,38,0.9535232383808095,0.9100449775112444
two_day,0.5,38,0.0814592703648176,0.3733133433283358
two_day,0.5,38,0.5702148925537232,0.7156421789105447
two_day,0.5,38,0.6231884057971014,0.9005497251374313
two_day,0.5,38,0.050474762618690654,0.2868565717141429
two_day,0.5,38,0.6861569215392304,0.6281859070464768
two_day,0.5,38,0.8025987006496752,0.5177411294352824
two_day,0.5,38,0.623688155922039,0.8775612193903048
two_day,0.5,38,0.2623688155922039,0.5322338830584707
two_day,0.5,38,0.07296351824087956,0.21389305347326337
two_day,0.5,38,0.5592203898050975,0.6756621689155422
two_day,0.5,38,0.3538230884557721,0.13143428285857073
two_day,0.5,38,0.16091954022988506,0.15342328835582209
two_day,0.5,38,0.8980509745127436,0.3823088455772114
two_day,0.5,38,0.03248375812093953,0.46026986506746626
two_day,0.5,38,0.08695652173913043,0.7551224387806097
two_day,0.5,38,0.5107446276861569,0.8065967016491754
two_day,0.5,38,0.5142428785607196,0.5067466266866567
two_day,0.5,38,0.009995002498750625,0.11644177911044477
two_day,0.5,38,0.7426286856571714,0.2773613193403298
two_day,0.5,38,0.9255372313843079,0.8820589705147426
two_day,0.5,38,0.543728135932034,0.35932033983008493
two_day,0.5,38,0.45027486256871563,0.5952023988005997
two_day,0.5,38,0.4332833583208396,0.9030484757621189
two_day,0.5,38,0.6491754122938531,0.29035482258870565
two_day,0.5,38,0.5342328835582209,0.9130434782608695
two_day,0.5,38,0.7646176911544228,0.20239880059970014
two_day,0.5,38,0.42528735632183906,0.7126436781609196
two_day,0.5,38,0.7531234382808596,0.5622188905547226
two_day,0.5,38,0.2708645677161419,0.36281859070464767
two_day,0.5,38,0.28385807096451776,0.04147926036981509
two_day,0.5,38,0.08295852073963018,0.11044477761119441
two_day,0.5,38,0.5802098950524738,0.5817091454272864
two_day,0.5,38,0.2898550724637681,0.5507246376811594
two_day,0.5,38,0.19140429785107446,0.5362318840579711
two_day,0.5,38,0.7526236881559221,0.49525237381309345
two_day,0.5,38,0.31084457771114443,0.9650174912543729
two_day,0.5,38,0.44127936031984005,0.9960019990004998
two_day,0.5,38,0.03698150924537731,0.3808095952023988
two_day,0.5,38,0.999000499750125,0.10144927536231885
two_day,0.5,38,0.9775112443778111,0.3638180909545227
two_day,0.5,38,0.9590204897551224,0.5477261369315343
two_day,0.5,38,0.18640679660169915,0.4572713643178411
two_day,0.5,38,0.7496251874062968,0.42978510744627685
two_day,0.5,38,0.9405297351324338,0.9305347326336831
two_day,0.5,38,0.744127936031984,0.8450774612693653
two_day,0.5,38,0.4877561219390305,0.3373313343328336
two_day,0.5,38,0.11544227886056972,0.06796601699150424
two_day,0.5,38,0.42278860569715143,0.6106946526736632
two_day,0.5,38,0.1359320339830085,0.07646176911544228
two_day,0.5,38,0.9610194902548725,0.84007996001999
two_day,0.5,38,0.0029985007496251873,0.7386306846576711
two_day,0.5,38,0.5942028985507246,0.862568715642179
two_day,0.5,38,0.9575212393803099,0.7816091954022989
two_day,0.5,38,0.8125937031484258,0.2613693153423288
two_day,0.5,38,0.03248375812093953,0.9405297351324338
two_day,0.5,38,0.992503748125937,0.44427786106946526
two_day,0.5,38,0.5572213893053474,0.7981009495252374
two_day,0.5,38,0.20039980009995004,0.5312343828085957
two_day,0.5,38,0.8895552223888056,0.92103948025987
two_day,0.5,38,0.424287856071964,0.9895052473763118
two_day,0.5,38,0.4007996001999001,0.20439780109945027
two_day,0.5,38,0.025487256371814093,0.1794102948525737
two_day,0.5,38,0.9205397301349325,0.7646176911544228
two_day,0.5,38,0.9490254872563718,0.9905047476261869
two_day,0.5,38,0.25237381309345325,0.3153423288355822
two_day,0.5,38,0.22988505747126436,0.5462268865567217
two_day,0.5,38,0.12993503248375812,0.6616691654172914
two_day,0.5,38,0.2783608195902049,0.9190404797601199
two_day,0.5,38,0.95952023988006,0.543728135932034
two_day,0.5,38,0.6101949025487257,0.4052973513243378
two_day,0.5,38,0.6101949025487257,0.4897551224387806
two_day,0.5,38,0.9815092453773113,0.6411794102948526
two_day,0.5,38,0.6096951524237881,0.7336331834082959
two_day,0.5,38,0.7896051974012993,0.9335332333833083
two_day,0.5,38,0.19390304847576212,0.5302348825587206
two_day,0.5,38,0.05647176411794103,0.16241879060469766
two_day,0.5,38,0.9510244877561219,0.1454272863568216
two_day,0.5,38,0.9885057471264368,0.45027486256871563
two_day,0.5,38,0.19590204897551225,0.375312343828086
two_day,0.5,38,0.9485257371314343,0.21239380309845077
two_day,0.5,38,0.9225387306346826,0.2028985507246377
two_day,0.5,38,0.6176911544227887,0.6431784107946027
two_day,0.5,38,0.2848575712143928,0.2283858070964518
two_day,0.5,38,0.13393303348325838,0.16391804097951024
two_day,0.5,38,0.01699150424787606,0.14742628685657172
two_day,0.5,38,0.7796101949025487,0.24537731134432783
two_day,0.5,38,0.11244377811094453,0.42828585707146427
two_day,0.5,38,0.06996501749125437,0.5947026486756621
two_day,0.5,38,0.21389305347326337,0.02798600699650175
two_day,0.5,38,0.6241879060469765,0.34182908545727136
two_day,0.5,38,0.48375812093953025,0.7211394302848576
two_day,0.5,38,0.5797101449275363,0.41379310344827586
two_day,0.5,38,0.5802098950524738,0.38130934532733635
two_day,0.5,38,0.7706146926536732,0.09745127436281859
two_day,0.5,38,0.1374312843578211,0.12843578210894552
two_day,0.5,38,0.3233383308345827,0.48075962018990503
two_day,0.5,38,0.3793103448275862,0.303848075962019
two_day,0.5,38,0.7766116941529235,0.14042978510744628
two_day,0.5,38,0.7821089455272364,0.8330834582708646
two_day,0.5,38,0.6276861569215393,0.7876061969015492
two_day,0.5,38,0.3708145927036482,0.9960019990004998
two_day,0.5,38,0.25787106446776614,0.3778110944527736
two_day,0.5,38,0.6041979010494752,0.6471764117941029
two_day,0.5,38,0.584207896051974,0.026986506746626688
two_day,0.5,38,0.487256371814093,0.15642178910544727
two_day,0.5,38,0.7001499250374813,0.9525237381309345
two_day,0.5,38,0.28835582208895555,0.12193903048475763
two_day,0.5,38,0.08295852073963018,0.17391304347826086
two_day,0.5,38,0.33833083458270863,0.033483258370814596
two_day,0.5,39,0.12643678160919541,0.6421789105447276
two_day,0.5,39,0.424287856071964,0.4702648675662169
two_day,0.5,39,0.8425787106446777,0.38830584707646176
two_day,0.5,39,0.5482258870564718,0.9075462268865567
two_day,0.5,39,0.6861569215392304,0.46476761619190404
two_day,0.5,39,0.1549225387306347,0.09495252373813093
two_day,0.5,39,0.46026986506746626,0.7201399300349826
two_day,0.5,39,0.6846576711644178,0.5637181409295352
two_day,0.5,39,0.6476761619190404,0.8445777111444278
two_day,0.5,39,0.21889055472263869,0.5102448775612194
two_day,0.5,39,0.13843078460769614,0.7176411794102948
two_day,0.5,39,0.7236381809095452,0.21839080459770116
two_day,0.5,39,0.9415292353823088,0.552223888055972
two_day,0.5,39,0.00399800099950025,0.0034982508745627187
two_day,0.5,39,0.04247876061969016,0.2813593203398301
two_day,0.5,39,0.22138930534732634,0.3798100949525237
two_day,0.5,39,0.5992003998001,0.8115942028985508
two_day,0.5,39,0.7976011994002998,0.25837081459270367
two_day,0.5,39,0.49225387306346824,0.239880059970015
two_day,0.5,39,0.29685157421289354,0.8010994502748626
two_day,0.5,39,0.8655672163918041,0.384807596201899
two_day,0.5,39,0.14292853573213393,0.2988505747126437
two_day,0.5,39,0.14792603698150925,0.0079960019990005
two_day,0.5,39,0.8235882058970515,0.4147926036981509
two_day,0.5,39,0.1729135432283858,0.6571714142928535
two_day,0.5,39,0.20239880059970014,0.2178910544727636
two_day,0.5,39,0.21889055472263869,0.32733633183408295
two_day,0.5,39,0.9720139930034982,0.6976511744127936
two_day,0.5,39,0.35732133933033483,0.3633183408295852
two_day,0.5,39,0.7076461769115442,0.22988505747126436
two_day,0.5,39,0.3293353323338331,0.9900049975012494
two_day,0.5,39,0.43728135932033985,0.607696151924038
two_day,0.5,39,0.7171414292853573,0.31434282858570717
two_day,0.5,39,0.5352323838080959,0.1184407796101949
two_day,0.5,39,0.7906046976511744,0.9875062468765617
two_day,0.5,39,0.5527236381809095,0.8490754622688655
two_day,0.5,39,0.45527236381809094,0.02448775612193903
two_day,0.5,39,0.13093453273363317,0.39930034982508744
two_day,0.5,39,0.0879560219890055,0.383808095952024
two_day,0.5,39,0.2688655672163918,0.6186906546726637
two_day,0.5,39,0.6281859070464768,0.3353323338330835
two_day,0.5,39,0.6766616691654173,0.9615192403798101
two_day,0.5,39,0.8565717141429285,0.19390304847576212
two_day,0.5,39,0.8565717141429285,0.7241379310344828
two_day,0.5,39,0.7981009495252374,0.7411294352823589
two_day,0.5,39,0.4867566216891554,0.6501749125437282
two_day,0.5,39,0.025487256371814093,0.4587706146926537
two_day,0.5,39,0.11644177911044477,0.5792103948025987
two_day,0.5,39,0.20089955022488756,0.04097951024487756
two_day,0.5,39,0.4617691154422789,0.31334332833583206
two_day,0.5,39,0.5602198900549725,0.21989005497251374
two_day,0.5,39,0.10144927536231885,0.39430284857571213
two_day,0.5,39,0.1744127936031984,0.2368815592203898
two_day,0.5,39,0.617191404297851,0.2958520739630185
two_day,0.5,39,0.22688655672163918,0.4852573713143428
two_day,0.5,39,0.6586706646676662,0.4592703648175912
two_day,0.5,39,0.4707646176911544,0.9555222388805598
two_day,0.5,39,0.4767616191904048,0.06096951524237881
two_day,0.5,39,0.4027986006996502,0.05297351324337831
two_day,0.5,39,0.743128435782109,0.4017991004497751
two_day,0.5,39,0.6921539230384808,0.375312343828086
two_day,0.5,39,0.4472763618190905,0.5307346326836582
two_day,0.5,39,0.272863568215892,0.017991004497751123
two_day,0.5,39,0.9835082458770614,0.9895052473763118
two_day,0.5,39,0.45527236381809094,0.8950524737631185
two_day,0.5,39,0.23238380809595202,0.7271364317841079
two_day,0.5,39,0.6156921539230384,0.8430784607696152
two_day,0.5,39,0.06146926536731634,0.1184407796101949
two_day,0.5,39,0.9960019990004998,0.496751624187906
two_day,0.5,39,0.7706146926536732,0.42828585707146427
two_day,0.5,39,0.46926536731634183,0.7346326836581709
two_day,0.5,39,0.6561719140429785,0.7716141929035483
two_day,0.5,39,0.5572213893053474,0.6976511744127936
two_day,0.5,39,0.03798100949525238,0.447776111944028
two_day,0.5,39,0.00849575212393803,0.27136431784107945
two_day,0.5,39,0.7991004497751124,0.7076461769115442
two_day,0.5,39,0.3488255872063968,0.33683158420789605
two_day,0.5,39,0.7991004497751124,0.9340329835082459
two_day,0.5,39,0.6146926536731634,0.36031984007996004
two_day,0.5,39,0.8745627186406797,0.9145427286356822
two_day,0.5,39,0.08195902048975512,0.5757121439280359
two_day,0.5,39,0.5637181409295352,0.5602198900549725
two_day,0.5,39,0.009495252373813094,0.051974012993503245
two_day,0.5,39,0.050474762618690654,0.2623688155922039
two_day,0.5,39,0.8305847076461769,0.9160419790104948
two_day,0.5,39,0.6806596701649176,0.14492753623188406
two_day,0.5,39,0.37681159420289856,0.23088455772113944
two_day,0.5,39,0.504247876061969,0.20039980009995004
two_day,0.5,39,0.0559720139930035,0.15742128935532235
two_day,0.5,39,0.4947526236881559,0.9895052473763118
two_day,0.5,39,0.7031484257871065,0.6241879060469765
two_day,0.5,39,0.3448275862068966,0.5122438780609695
two_day,0.5,39,0.5027486256871564,0.5952023988005997
two_day,0.5,39,0.36281859070464767,0.25337331334332835
two_day,0.5,39,0.04147926036981509,0.9110444777611194
two_day,0.5,39,0.21489255372313842,0.1359320339830085
two_day,0.5,39,0.25987006496751625,0.1924037981009495
two_day,0.5,39,0.7176411794102948,0.9980009995002499
two_day,0.5,39,0.7691154422788605,0.14792603698150925
two_day,0.5,39,0.2768615692153923,0.6296851574212894
two_day,0.5,39,0.6611694152923538,0.45177411294352826
two_day,0.5,39,0.46976511744127936,0.24887556221889057
two_day,0.5,39,0.7691154422788605,0.021989005497251374
two_day,0.5,39,0.32033983008495753,0.11394302848575712
two_day,0.5,39,0.3793103448275862,0.01699150424787606
two_day,0.5,39,0.5372313843078461,0.4827586206896552
two_day,0.5,39,0.2513743128435782,0.06546726636681659
two_day,0.5,39,0.6146926536731634,0.5232383808095952
two_day,0.5,39,0.030484757621189407,0.544727636181909
two_day,0.5,39,0.004997501249375313,0.1934032983508246
two_day,0.5,39,0.585207396301849,0.2683658170914543
two_day,0.5,39,0.296351824087956,0.39080459770114945
two_day,0.5,39,0.04297851074462768,0.12593703148425786
two_day,0.5,39,0.36681659170414793,0.7331334332833583
two_day,0.5,39,0.057971014492753624,0.9980009995002499
two_day,0.5,39,0.3308345827086457,0.3853073463268366
two_day,0.5,39,0.12893553223388307,0.26486756621689156
two_day,0.5,39,0.15242378810594703,0.22038980509745126
two_day,0.5,39,0.9220389805097451,0.8295852073963018
two_day,0.5,39,0.8270864567716142,0.32033983008495753
two_day,0.5,40,0.16041979010494753,0.47876061969015493
two_day,0.5,40,0.48875562218890556,0.8455772113943029
two_day,0.5,40,0.7496251874062968,0.8235882058970515
two_day,0.5,40,0.328335832083958,0.8900549725137431
two_day,0.5,40,0.8700649675162418,0.07096451774112944
two_day,0.5,40,0.9330334832583708,0.02048975512243878
two_day,0.5,40,0.6431784107946027,0.022988505747126436
two_day,0.5,40,0.15092453773113443,0.16091954022988506
two_day,0.5,40,0.48575712143928035,0.8145927036481759
two_day,0.5,40,0.5022488755622189,0.36031984007996004
two_day,0.5,40,0.3328335832083958,0.2448775612193903
two_day,0.5,40,0.3968015992003998,0.1744127936031984
two_day,0.5,40,0.3293353323338331,0.1854072963518241
two_day,0.5,40,0.5347326336831584,0.9550224887556222
two_day,0.5,40,0.3328335832083958,0.935032483758121
two_day,0.5,40,0.41879060469765117,0.20839580209895053
two_day,0.5,40,0.10944527736131934,0.20389805097451275
two_day,0.5,40,0.9805097451274363,0.08395802098950525
two_day,0.5,40,0.7831084457771115,0.12293853073463268
two_day,0.5,40,0.9440279860069966,0.6326836581709145
two_day,0.5,40,0.30334832583708143,0.2158920539730135
two_day,0.5,40,0.4642678660669665,0.09945027486256872
two_day,0.5,40,0.04447776111944028,0.6196901549225388
two_day,0.5,40,0.8800599700149925,0.5367316341829086
two_day,0.5,40,0.6131934032983508,0.8000999500249875
two_day,0.5,40,0.5407296351824088,0.6741629185407296
two_day,0.5,40,0.45527236381809094,0.5237381309345327
two_day,0.5,40,0.028985507246376812,0.408295852073963
two_day,0.5,40,0.44877561219390305,0.2383808095952024
two_day,0.5,40,0.5112443778110944,0.7796101949025487
two_day,0.5,40,0.4927536231884058,0.5692153923038481
two_day,0.5,40,0.6201899050474763,0.7271364317841079
two_day,0.5,40,0.1199400299850075,0.5797101449275363
two_day,0.5,40,0.5497251374312844,0.0004997501249375312
two_day,0.5,40,0.8750624687656172,0.3343328335832084
two_day,0.5,40,0.6006996501749126,0.9650174912543729
two_day,0.5,40,0.5787106446776612,0.32033983008495753
two_day,0.5,40,0.19790104947526238,0.8255872063968016
two_day,0.5,40,0.4497751124437781,0.9730134932533733
two_day,0.5,40,0.6011994002998501,0.8825587206396801
two_day,0.5,40,0.11944027986006997,0.1359320339830085
two_day,0.5,40,0.9705147426286856,0.7536231884057971
two_day,0.5,40,0.13893053473263367,0.7226386806596702
two_day,0.5,40,0.4217891054472764,0.7681159420289855
two_day,0.5,40,0.17341329335332334,0.24687656171914044
two_day,0.5,40,0.5862068965517241,0.5692153923038481
two_day,0.5,40,0.5077461269365318,0.6876561719140429
two_day,0.5,40,0.28385807096451776,0.3328335832083958
two_day,0.5,40,0.800599700149925,0.19890054972513743
two_day,0.5,40,0.5977011494252874,0.34132933533233384
two_day,0.5,40,0.9585207396301849,0.3293353323338331
two_day,0.5,40,0.8355822088955522,0.44377811094452774
two_day,0.5,40,0.4427786106946527,0.17041479260369816
two_day,0.5,40,0.02048975512243878,0.04047976011994003
two_day,0.5,40,0.37181409295352325,0.5217391304347826
two_day,0.5,40,0.17541229385307347,0.20339830084957522
two_day,0.5,40,0.777111444277861,0.8850574712643678
two_day,0.5,40,0.43428285857071464,0.9985007496251874
two_day,0.5,40,0.5312343828085957,0.015492253873063468
two_day,0.5,40,0.39280359820089955,0.05997001499250375
two_day,0.5,40,0.8460769615192404,0.9470264867566217
two_day,0.5,40,0.9660169915042479,0.4387806096951524
two_day,0.5,40,0.38130934532733635,0.847576211894053
two_day,0.5,40,0.5577211394302849,0.13543228385807096
two_day,0.5,40,0.584207896051974,0.022988505747126436
two_day,0.5,40,0.044977511244377814,0.2223888055972014
two_day,0.5,40,0.2048975512243878,0.33833083458270863
two_day,0.5,40,0.5092453773113443,0.07896051974012994
two_day,0.5,40,0.5762118940529735,0.5062468765617192
two_day,0.5,40,0.39430284857571213,0.8100949525237381
two_day,0.5,40,0.8265867066466767,0.5527236381809095
two_day,0.5,40,0.8455772113943029,0.526736631684158
two_day,0.5,40,0.43478260869565216,0.303848075962019
two_day,0.5,40,0.6856571714142928,0.655672163918041
two_day,0.5,40,0.7011494252873564,0.6231884057971014
two_day,0.5,40,0.3003498250874563,0.5667166416791605
two_day,0.5,40,0.6101949025487257,0.37231384307846077
two_day,0.5,40,0.8365817091454273,0.5227386306846576
two_day,0.5,40,0.3408295852073963,0.011494252873563218
two_day,0.5,40,0.9490254872563718,0.41379310344827586
two_day,0.5,40,0.2158920539730135,0.9970014992503748
two_day,0.5,40,0.7926036981509246,0.12993503248375812
two_day,0.5,40,0.889055472263868,0.3893053473263368
two_day,0.5,40,0.24587706146926536,0.9945027486256871
two_day,0.5,40,0.32733633183408295,0.8505747126436781
two_day,0.5,40,0.7861069465267366,0.8640679660169915
two_day,0.5,40,0.697151424287856,0.7766116941529235
two_day,0.5,40,0.41329335332333833,0.8510744627686156
two_day,0.5,40,0.7801099450274862,0.9785107446276862
two_day,0.5,40,0.7536231884057971,0.993503248375812
two_day,0.5,40,0.2993503248375812,0.5817091454272864
two_day,0.5,40,0.1794102948525737,0.9325337331334332
two_day,0.5,40,0.5632183908045977,0.567216391804098
two_day,0.5,40,0.47626186906546725,0.14642678660669664
two_day,0.5,40,0.800599700149925,0.013493253373313344
two_day,0.5,40,0.6156921539230384,0.42328835582208896
two_day,0.5,40,0.8620689655172413,0.08545727136431784
two_day,0.5,40,0.743128435782109,0.18190904547726136
two_day,0.5,40,0.9455272363818091,0.9080459770114943
two_day,0.5,40,0.5082458770614693,0.013493253373313344
two_day,0.5,40,0.4682658670664668,0.2288855572213893
two_day,0.5,40,0.3683158420789605,0.952023988005997
two_day,0.5,40,0.22788605697151423,0.12243878060969515
two_day,0.5,40,0.23238380809595202,0.55872063968016
two_day,0.5,40,0.6281859070464768,0.19090454772613694
two_day,0.5,40,0.3868065967016492,0.3258370814592704
two_day,0.5,40,0.12243878060969515,0.08845577211394302
two_day,0.5,40,0.6151924037981009,0.2748625687156422
two_day,0.5,40,0.1679160419790105,0.3023488255872064
two_day,0.5,40,0.11294352823588207,0.6906546726636682
two_day,0.5,40,0.02948525737131434,0.034482758620689655
two_day,0.5,40,0.9020489755122438,0.223888055972014
two_day,0.5,40,0.6451774112943528,0.92103948025987
two_day,0.5,40,0.6881559220389805,0.8595702148925537
two_day,0.5,40,0.6591704147926037,0.0029985007496251873
two_day,0.5,40,0.6251874062968515,0.049475262368815595
two_day,0.5,40,0.9450274862568716,0.026486756621689155
two_day,0.5,40,0.263368315842079,0.28785607196401797
two_day,0.5,40,0.552223888055972,0.8655672163918041
two_day,0.5,40,0.6471764117941029,0.37181409295352325
two_day,0.5,41,0.5527236381809095,0.872063968015992
two_day,0.5,41,0.09645177411294353,0.04147926036981509
two_day,0.5,41,0.08345827086456771,0.2273863068465767
two_day,0.5,41,0.8810594702648675,0.4237881059470265
two_day,0.5,41,0.638680659670165,0.05347326336831584
two_day,0.5,41,0.6281859070464768,0.3173413293353323
two_day,0.5,41,0.8260869565217391,0.7221389305347327
two_day,0.5,41,0.9365317341329336,0.5967016491754122
two_day,0.5,41,0.4017991004497751,0.5782108945527237
two_day,0.5,41,0.8125937031484258,0.4367816091954023
two_day,0.5,41,0.367816091954023,0.09695152423788106
two_day,0.5,41,0.25287356321839083,0.5837081459270365
two_day,0.5,41,0.37031484257871067,0.04147926036981509
two_day,0.5,41,0.27136431784107945,0.7721139430284858
two_day,0.5,41,0.18590704647676162,0.5962018990504747
two_day,0.5,41,0.38830584707646176,0.18490754622688654
two_day,0.5,41,0.7536231884057971,0.9835082458770614
two_day,0.5,41,0.6286856571714143,0.3683158420789605
two_day,0.5,41,0.40379810094952523,0.6771614192903548
two_day,0.5,41,0.6561719140429785,0.88055972013993
two_day,0.5,41,0.6941529235382309,0.9405297351324338
two_day,0.5,41,0.3333333333333333,0.11644177911044477
two_day,0.5,41,0.20089955022488756,0.975512243878061
two_day,0.5,41,0.47426286856571714,0.9830084957521239
two_day,0.5,41,0.06296851574212893,0.8680659670164917
two_day,0.5,41,0.8225887056471765,0.7606196901549226
two_day,0.5,41,0.6431784107946027,0.8895552223888056
two_day,0.5,41,0.20189905047476261,0.20389805097451275
two_day,0.5,41,0.29985007496251875,0.37381309345327335
two_day,0.5,41,0.32733633183408295,0.28285857071464265
two_day,0.5,41,0.7701149425287356,0.5647176411794103
two_day,0.5,41,0.9470264867566217,0.7391304347826086
two_day,0.5,41,0.5282358820589705,0.5052473763118441
two_day,0.5,41,0.6096951524237881,0.7861069465267366
two_day,0.5,41,0.09095452273863068,0.45027486256871563
two_day,0.5,41,0.5012493753123438,0.4732633683158421
two_day,0.5,41,0.2478760619690155,0.55872063968016
two_day,0.5,41,0.9255372313843079,0.48375812093953025
two_day,0.5,41,0.9815092453773113,0.5762118940529735
two_day,0.5,41,0.01999000499750125,0.01649175412293853
two_day,0.5,41,0.5752123938030984,0.895552223888056
two_day,0.5,41,0.9385307346326837,0.28785607196401797
two_day,0.5,41,0.07246376811594203,0.7661169415292354
two_day,0.5,41,0.6896551724137931,0.0004997501249375312
two_day,0.5,41,0.808095952023988,0.6491754122938531
two_day,0.5,41,0.9485257371314343,0.22538730634682658
two_day,0.5,41,0.1854072963518241,0.18440779610194902
two_day,0.5,41,0.7611194402798601,0.9310344827586207
two_day,0.5,41,0.14792603698150925,0.017991004497751123
two_day,0.5,41,0.22338830584707647,0.5452273863068465
two_day,0.5,41,0.5182408795602199,0.6046976511744128
two_day,0.5,41,0.22438780609695153,0.2938530734632684
two_day,0.5,41,0.6006996501749126,0.4942528735632184
two_day,0.5,41,0.6966516741629185,0.48375812093953025
two_day,0.5,41,0.6266866566716641,0.9430284857571214
two_day,0.5,41,0.050974512743628186,0.15692153923038482
two_day,0.5,41,0.45977011494252873,0.384807596201899
two_day,0.5,41,0.22338830584707647,0.8935532233883059
two_day,0.5,41,0.4512743628185907,0.1359320339830085
two_day,0.5,41,0.2413793103448276,0.46776611694152925
two_day,0.5,41,0.47726136931534235,0.16391804097951024
two_day,0.5,41,0.9555222388805598,0.12593703148425786
two_day,0.5,41,0.4192903548225887,0.344327836081959
two_day,0.5,41,0.815592203898051,0.7781109445277361
two_day,0.5,41,0.7146426786606697,0.3808095952023988
two_day,0.5,41,0.5227386306846576,0.5392303848075962
two_day,0.5,41,0.2863568215892054,0.2863568215892054
two_day,0.5,41,0.3053473263368316,0.5642178910544727
two_day,0.5,41,0.28535732133933034,0.5317341329335332
two_day,0.5,41,0.1489255372313843,0.10194902548725637
two_day,0.5,41,0.8035982008995503,0.28285857071464265
two_day,0.5,41,0.8735632183908046,0.9145427286356822
two_day,0.5,41,0.006496751624187906,0.04547726136931534
two_day,0.5,41,0.3098450774612694,0.8685657171414293
two_day,0.5,41,0.271864067966017,0.6166916541729135
two_day,0.5,41,0.4542728635682159,0.8310844577711144
two_day,0.5,41,0.8695652173913043,0.7856071964017991
two_day,0.5,41,0.8050974512743628,0.6406796601699151
two_day,0.5,41,0.7691154422788605,0.6526736631684158
two_day,0.5,41,0.05997001499250375,0.8130934532733634
two_day,0.5,41,0.062468765617191405,0.0029985007496251873
two_day,0.5,41,0.40379810094952523,0.3313343328335832
two_day,0.5,41,0.7091454272863568,0.04997501249375312
two_day,0.5,41,0.13043478260869565,0.8210894552723638
two_day,0.5,41,0.3333333333333333,0.0239880059970015
two_day,0.5,41,0.1469265367316342,0.7051474262868566
two_day,0.5,41,0.37381309345327335,0.4962518740629685
two_day,0.5,41,0.09895052473763119,0.3583208395802099
two_day,0.5,41,0.28085957021489255,0.7231384307846077
two_day,0.5,41,0.31784107946026985,0.4587706146926537
two_day,0.5,41,0.8630684657671165,0.5367316341829086
two_day,0.5,41,0.664167916041979,0.9035482258870565
two_day,0.5,41,0.6116941529235382,0.3818090954522739
two_day,0.5,41,0.2688655672163918,0.8660669665167416
two_day,0.5,41,0.6711644177911045,0.25487256371814093
two_day,0.5,41,0.04047976011994003,0.36431784107946025
two_day,0.5,41,0.7141429285357321,0.30334832583708143
two_day,0.5,41,0.5677161419290355,0.3263368315842079
two_day,0.5,41,0.02948525737131434,0.55872063968016
two_day,0.5,41,0.6826586706646677,0.3893053473263368
two_day,0.5,41,0.24537731134432783,0.6656671664167916
two_day,0.5,41,0.8015992003998001,0.7531234382808596
two_day,0.5,41,0.5427286356821589,0.43928035982008995
two_day,0.5,41,0.45077461269365315,0.4357821089455272
two_day,0.5,41,0.5317341329335332,0.06796601699150424
two_day,0.5,41,0.568215892053973,0.25487256371814093
two_day,0.5,41,0.1889055472263868,0.2593703148425787
two_day,0.5,41,0.6671664167916042,0.7191404297851074
two_day,0.5,41,0.3118440779610195,0.0009995002498750624
two_day,0.5,41,0.95952023988006,0.46026986506746626
two_day,0.5,41,0.35782108945527236,0.5427286356821589
two_day,0.5,41,0.6921539230384808,0.5757121439280359
two_day,0.5,41,0.18490754622688654,0.4617691154422789
two_day,0.5,41,0.19390304847576212,0.6906546726636682
two_day,0.5,41,0.14142928535732133,0.1924037981009495
two_day,0.5,41,0.5152423788105946,0.7786106946526736
two_day,0.5,41,0.4622688655672164,0.9470264867566217
two_day,0.5,41,0.12593703148425786,0.15092453773113443
two_day,0.5,41,0.25687156421789104,0.9495252373813093
two_day,0.5,41,0.8415792103948025,0.8500749625187406
two_day,0.5,42,0.9650174912543729,0.5162418790604698
two_day,0.5,42,0.9535232383808095,0.9245377311344328
two_day,0.5,42,0.7671164417791104,0.29535232383808097
two_day,0.5,42,0.38630684657671166,0.4367816091954023
two_day,0.5,42,0.26286856571714146,0.6746626686656672
two_day,0.5,42,0.9900049975012494,0.5072463768115942
two_day,0.5,42,0.04847576211894053,0.10694652673663169
two_day,0.5,42,0.1549225387306347,0.9610194902548725
two_day,0.5,42,0.6111944027986007,0.4687656171914043
two_day,0.5,42,0.08745627186406797,0.5412293853073463
two_day,0.5,42,0.3328335832083958,0.8885557221389305
two_day,0.5,42,0.6206896551724138,0.591704147926037
two_day,0.5,42,0.6481759120439781,0.3773113443278361
two_day,0.5,42,0.8505747126436781,0.6126936531734133
two_day,0.5,42,0.28235882058970513,0.17791104447776113
two_day,0.5,42,0.0014992503748125937,0.22788605697151423
two_day,0.5,42,0.35332333833083457,0.44427786106946526
two_day,0.5,42,0.967016491754123,0.3873063468265867
two_day,0.5,42,0.2048975512243878,0.40729635182408797
two_day,0.5,42,0.08895552223888056,0.0069965017491254375
two_day,0.5,42,0.9715142428785607,0.3563218390804598
two_day,0.5,42,0.567216391804098,0.5577211394302849
two_day,0.5,42,0.23888055972013994,0.6206896551724138
two_day,0.5,42,0.9255372313843079,0.10294852573713144
two_day,0.5,42,0.928535732133933,0.4802598700649675
two_day,0.5,42,0.37681159420289856,0.2748625687156422
two_day,0.5,42,0.01999000499750125,0.08345827086456771
two_day,0.5,42,0.7926036981509246,0.3563218390804598
two_day,0.5,42,0.2943528235882059,0.14842578710644677
two_day,0.5,42,0.41679160419790107,0.9060469765117442
two_day,0.5,42,0.816591704147926,0.7951024487756122
two_day,0.5,42,0.8905547226386806,0.32033983008495753
two_day,0.5,42,0.6456771614192903,0.7936031984007996
two_day,0.5,42,0.2513743128435782,0.9930034982508745
two_day,0.5,42,0.41379310344827586,0.36431784107946025
two_day,0.5,42,0.27436281859070466,0.703648175912044
two_day,0.5,42,0.8190904547726137,0.8735632183908046
two_day,0.5,42,0.9120439780109945,0.10194902548725637
two_day,0.5,42,0.8670664667666167,0.26936531734132935
two_day,0.5,42,0.2588705647176412,0.15742128935532235
two_day,0.5,42,0.6031984007996002,0.30434782608695654
two_day,0.5,42,0.079960019990005,0.5292353823088456
two_day,0.5,42,0.7691154422788605,0.6421789105447276
two_day,0.5,42,0.8675662168915542,0.3363318340829585
two_day,0.5,42,0.4947526236881559,0.3553223388305847
two_day,0.5,42,0.5112443778110944,0.3683158420789605
two_day,0.5,42,0.1184407796101949,0.3468265867066467
two_day,0.5,42,0.7931034482758621,0.21489255372313842
two_day,0.5,42,0.05297351324337831,0.2893553223388306
two_day,0.5,42,0.5857071464267866,0.8275862068965517
two_day,0.5,42,0.06596701649175413,0.14792603698150925
two_day,0.5,42,0.063968015992004,0.32033983008495753
two_day,0.5,42,0.26636681659170414,0.08295852073963018
two_day,0.5,42,0.0239880059970015,0.2303848075962019
two_day,0.5,42,0.7851074462768616,0.463768115942029
two_day,0.5,42,0.4577711144427786,0.45177411294352826
two_day,0.5,42,0.5897051474262869,0.12743628185907047
two_day,0.5,42,0.30634682658670664,0.057971014492753624
two_day,0.5,42,0.1024487756121939,0.19890054972513743
two_day,0.5,42,0.5257371314342829,0.2993503248375812
two_day,0.5,42,0.8780609695152424,0.7091454272863568
two_day,0.5,42,0.8610694652673663,0.12093953023488256
two_day,0.5,42,0.7416291854072964,0.3053473263368316
two_day,0.5,42,0.3748125937031484,0.23488255872063968
two_day,0.5,42,0.5592203898050975,0.44227886056971516
two_day,0.5,42,0.4752623688155922,0.07496251874062969
two_day,0.5,42,0.8725637181409296,0.7641179410294853
two_day,0.5,42,0.9260369815092454,0.791104447776112
two_day,0.5,42,0.2958520739630185,0.9080459770114943
two_day,0.5,42,0.0004997501249375312,0.23888055972013994
two_day,0.5,42,0.7581209395302348,0.17391304347826086
two_day,0.5,42,0.010994502748625687,0.4757621189405297
two_day,0.5,42,0.5172413793103449,0.7151424287856072
two_day,0.5,42,0.19440279860069964,0.06846576711644178
two_day,0.5,42,0.35332333833083457,0.7191404297851074
two_day,0.5,42,0.7471264367816092,0.5882058970514743
two_day,0.5,42,0.9835082458770614,0.8605697151424287
two_day,0.5,42,0.8670664667666167,0.4012993503248376
two_day,0.5,42,0.5362318840579711,0.512743628185907
two_day,0.5,42,0.12493753123438281,0.7081459270364817
two_day,0.5,42,0.30934532733633185,0.5947026486756621
two_day,0.5,42,0.5212393803098451,0.25837081459270367
two_day,0.5,42,0.26936531734132935,0.17991004497751126
two_day,0.5,42,0.5377311344327836,0.6361819090454772
two_day,0.5,42,0.9270364817591205,0.6851574212893553
two_day,0.5,42,0.5357321339330335,0.15142428785607195
two_day,0.5,42,0.7841079460269865,0.9490254872563718
two_day,0.5,42,0.014992503748125937,0.2623688155922039
two_day,0.5,42,0.2843578210894553,0.8115942028985508
two_day,0.5,42,0.07946026986506746,0.062468765617191405
two_day,0.5,42,0.45027486256871563,0.4257871064467766
two_day,0.5,42,0.672663668165917,0.5877061469265368
two_day,0.5,42,0.49075462268865566,0.4447776111944028
two_day,0.5,42,0.6546726636681659,0.7026486756621689
two_day,0.5,42,0.22688655672163918,0.1904047976011994
two_day,0.5,42,0.328335832083958,0.712143928035982
two_day,0.5,42,0.7976011994002998,0.7436281859070465
two_day,0.5,42,0.9365317341329336,0.8935532233883059
two_day,0.5,42,0.6046976511744128,0.2128935532233883
two_day,0.5,42,0.02798600699650175,0.004497751124437781
two_day,0.5,42,0.02348825587206397,0.2108945527236382
two_day,0.5,42,0.11094452773613193,0.20089955022488756
two_day,0.5,42,0.688655672163918,0.5887056471764118
two_day,0.5,42,0.05147426286856572,0.44127936031984005
two_day,0.5,42,0.004997501249375313,0.1294352823588206
two_day,0.5,42,0.8310844577711144,0.9100449775112444
two_day,0.5,42,0.2273863068465767,0.29185407296351823
two_day,0.5,42,0.6366816591704147,0.7266366816591704
two_day,0.5,42,0.7006496751624188,0.45077461269365315
two_day,0.5,42,0.9050474762618691,0.9965017491254373
two_day,0.5,42,0.7571214392803598,0.9130434782608695
two_day,0.5,42,0.26286856571714146,0.23588205897051473
two_day,0.5,42,0.8380809595202399,0.13143428285857073
two_day,0.5,42,0.06446776611694154,0.3288355822088955
two_day,0.5,42,0.36881559220389803,0.697151424287856
two_day,0.5,42,0.0879560219890055,0.24987506246876562
two_day,0.5,42,0.5907046476761619,0.19940029985007496
two_day,0.5,42,0.15892053973013492,0.8405797101449275
two_day,0.5,42,0.8985507246376812,0.8060969515242379
two_day,0.5,42,0.5067466266866567,0.17991004497751126
two_day,0.5,43,0.22488755622188905,0.5962018990504747
two_day,0.5,43,0.6531734132933533,0.7086456771614192
two_day,0.5,43,0.5072463768115942,0.4847576211894053
two_day,0.5,43,0.6616691654172914,0.9440279860069966
two_day,0.5,43,0.8790604697651174,0.7296351824087957
two_day,0.5,43,0.46926536731634183,0.09495252373813093
two_day,0.5,43,0.527736131934033,0.10294852573713144
two_day,0.5,43,0.8465767116441779,0.09345327336331834
two_day,0.5,43,0.8450774612693653,0.9590204897551224
two_day,0.5,43,0.6771614192903548,0.2613693153423288
two_day,0.5,43,0.09045477261369315,0.34632683658170915
two_day,0.5,43,0.3888055972013993,0.769615192403798
two_day,0.5,43,0.017991004497751123,0.7596201899050474
two_day,0.5,43,0.2708645677161419,0.7596201899050474
two_day,0.5,43,0.768615692153923,0.8665667166416792
two_day,0.5,43,0.25087456271864067,0.7371314342828585
two_day,0.5,43,0.567216391804098,0.7541229385307346
two_day,0.5,43,0.9690154922538731,0.6821589205397302
two_day,0.5,43,0.7556221889055472,0.0399800099950025
two_day,0.5,43,0.6196901549225388,0.6811594202898551
two_day,0.5,43,0.968015992003998,0.607696151924038
two_day,0.5,43,0.47926036981509246,0.2798600699650175
two_day,0.5,43,0.40379810094952523,0.10644677661169415
two_day,0.5,43,0.5427286356821589,0.9730134932533733
two_day,0.5,43,0.7386306846576711,0.8760619690154923
two_day,0.5,43,0.5902048975512244,0.11044477761119441
two_day,0.5,43,0.7511244377811095,0.5902048975512244
two_day,0.5,43,0.20939530234882558,0.7151424287856072
two_day,0.5,43,0.08545727136431784,0.4542728635682159
two_day,0.5,43,0.3183408295852074,0.16591704147926037
two_day,0.5,43,0.9810094952523738,0.5742128935532234
two_day,0.5,43,0.18590704647676162,0.6291854072963519
two_day,0.5,43,0.8350824587706147,0.559720139930035
two_day,0.5,43,0.9000499750124937,0.6331834082958521
two_day,0.5,43,0.6121939030484758,0.6701649175412294
two_day,0.5,43,0.9920039980009995,0.04597701149425287
two_day,0.5,43,0.22338830584707647,0.7296351824087957
two_day,0.5,43,0.936031984007996,0.5107446276861569
two_day,0.5,43,0.4287856071964018,0.3853073463268366
two_day,0.5,43,0.9295352323838081,0.7451274362818591
two_day,0.5,43,0.4927536231884058,0.22438780609695153
two_day,0.5,43,0.6966516741629185,0.49775112443778113
two_day,0.5,43,0.39430284857571213,0.9655172413793104
two_day,0.5,43,0.0544727636181909,0.6226886556721639
two_day,0.5,43,0.792103948025987,0.36531734132933535
two_day,0.5,43,0.9685157421289355,0.7651174412793603
two_day,0.5,43,0.6891554222888556,0.7101449275362319
two_day,0.5,43,0.8620689655172413,0.4272863568215892
two_day,0.5,43,0.3638180909545227,0.5762118940529735
two_day,0.5,43,0.3793103448275862,0.2798600699650175
two_day,0.5,43,0.7421289355322339,0.8785607196401799
two_day,0.5,43,0.8000999500249875,0.4892553723138431
two_day,0.5,43,0.704647676161919,0.16041979010494753
two_day,0.5,43,0.6241879060469765,0.079960019990005
two_day,0.5,43,0.7176411794102948,0.16441779110444776
two_day,0.5,43,0.3983008495752124,0.6826586706646677
two_day,0.5,43,0.19540229885057472,0.9850074962518741
two_day,0.5,43,0.27886056971514245,0.38830584707646176
two_day,0.5,43,0.24037981009495252,0.16091954022988506
two_day,0.5,43,0.6466766616691654,0.5547226386806596
two_day,0.5,43,0.2608695652173913,0.19390304847576212
two_day,0.5,43,0.3988005997001499,0.4482758620689655
two_day,0.5,43,0.10494752623688156,0.08445777111444278
two_day,0.5,43,0.7466266866566716,0.36881559220389803
two_day,0.5,43,0.014992503748125937,0.6056971514242878
two_day,0.5,43,0.4547726136931534,0.16891554222888555
two_day,0.5,43,0.5022488755622189,0.7116441779110445
two_day,0.5,43,0.9460269865067467,0.856071964017991
two_day,0.5,43,0.079960019990005,0.7136431784107946
two_day,0.5,43,0.5932033983008496,0.7706146926536732
two_day,0.5,43,0.9095452273863068,0.6291854072963519
two_day,0.5,43,0.7201399300349826,0.095952023988006
two_day,0.5,43,0.3278360819590205,0.9190404797601199
two_day,0.5,43,0.03698150924537731,0.6101949025487257
two_day,0.5,43,0.7721139430284858,0.011494252873563218
two_day,0.5,43,0.1724137931034483,0.6636681659170415
two_day,0.5,43,0.1889055472263868,0.7851074462768616
two_day,0.5,43,0.8405797101449275,0.3778110944527736
two_day,0.5,43,0.35582208895552225,0.15142428785607195
two_day,0.5,43,0.37031484257871067,0.136431784107946
two_day,0.5,43,0.16591704147926037,0.3148425787106447
two_day,0.5,43,0.704647676161919,0.02048975512243878
two_day,0.5,43,0.010994502748625687,0.21739130434782608
two_day,0.5,43,0.6441779110444777,0.8050974512743628
two_day,0.5,43,0.9330334832583708,0.09295352323838081
two_day,0.5,43,0.4472763618190905,0.22988505747126436
two_day,0.5,43,0.19990004997501248,0.3258370814592704
two_day,0.5,43,0.9740129935032483,0.5982008995502249
two_day,0.5,43,0.7001499250374813,0.36431784107946025
two_day,0.5,43,0.42278860569715143,0.4452773613193403
two_day,0.5,43,0.9640179910044977,0.022488755622188907
two_day,0.5,43,0.23638180909545228,0.5187406296851574
two_day,0.5,43,0.062468765617191405,0.48225887056471767
two_day,0.5,43,0.49825087456271866,0.6766616691654173
two_day,0.5,43,0.863568215892054,0.08295852073963018
two_day,0.5,43,0.10344827586206896,0.09045477261369315
two_day,0.5,43,0.07646176911544228,0.9480259870064968
two_day,0.5,43,0.33233383308345826,0.00849575212393803
two_day,0.5,43,0.5112443778110944,0.9035482258870565
two_day,0.5,43,0.7511244377811095,0.624687656171914
two_day,0.5,43,0.3238380809595202,0.1629185407296352
two_day,0.5,43,0.6826586706646677,0.7816091954022989
two_day,0.5,43,0.8435782108945528,0.84007996001999
two_day,0.5,43,0.3918040979510245,0.7476261869065467
two_day,0.5,43,0.728135932033983,0.7641179410294853
two_day,0.5,43,0.6596701649175413,0.5552223888055972
two_day,0.5,43,0.2518740629685157,0.8700649675162418
two_day,0.5,43,0.447776111944028,0.8885557221389305
two_day,0.5,43,0.5342328835582209,0.5112443778110944
two_day,0.5,43,0.46276861569215394,0.047976011994003
two_day,0.5,43,0.20089955022488756,0.8065967016491754
two_day,0.5,43,0.704647676161919,0.6496751624187906
two_day,0.5,43,0.4237881059470265,0.9885057471264368
two_day,0.5,43,0.41329335332333833,0.10794602698650675
two_day,0.5,43,0.26786606696651677,0.8995502248875562
two_day,0.5,43,0.1714142928535732,0.11644177911044477
two_day,0.5,43,0.2943528235882059,0.6841579210394803
two_day,0.5,43,0.02848575712143928,0.16841579210394803
two_day,0.5,43,0.5987006496751625,0.4057971014492754
two_day,0.5,43,0.5777111444277861,0.37881059470264866
two_day,0.5,44,0.9695152423788106,0.7396301849075462
two_day,0.5,44,0.9645177411294353,0.3803098450774613
two_day,0.5,44,0.2843578210894553,0.8985507246376812
two_day,0.5,44,0.18240879560219891,0.9255372313843079
two_day,0.5,44,0.48225887056471767,0.4927536231884058
two_day,0.5,44,0.28535732133933034,0.9240379810094953
two_day,0.5,44,0.3918040979510245,0.25237381309345325
two_day,0.5,44,0.09095452273863068,0.47976011994003
two_day,0.5,44,0.7346326836581709,0.050974512743628186
two_day,0.5,44,0.2013993003498251,0.8375812093953023
two_day,0.5,44,0.9860069965017492,0.7256371814092953
two_day,0.5,44,0.30184907546226886,0.8270864567716142
two_day,0.5,44,0.6981509245377311,0.4612693653173413
two_day,0.5,44,0.1924037981009495,0.440279860069965
two_day,0.5,44,0.9875062468765617,0.31784107946026985
two_day,0.5,44,0.4302848575712144,0.30184907546226886
two_day,0.5,44,0.6736631684157921,0.16091954022988506
two_day,0.5,44,0.08545727136431784,0.24687656171914044
two_day,0.5,44,0.07146426786606697,0.3588205897051474
two_day,0.5,44,0.2368815592203898,0.10594702648675662
two_day,0.5,44,0.5482258870564718,0.9900049975012494
two_day,0.5,44,0.07096451774112944,0.5712143928035982
two_day,0.5,44,0.2898550724637681,0.8315842078960519
two_day,0.5,44,0.11894052973513243,0.23638180909545228
two_day,0.5,44,0.6996501749125438,0.050974512743628186
two_day,0.5,44,0.9860069965017492,0.3008495752123938
two_day,0.5,44,0.46676661669165415,0.22338830584707647
two_day,0.5,44,0.6071964017991005,0.8255872063968016
two_day,0.5,44,0.025487256371814093,0.10594702648675662
two_day,0.5,44,0.08545727136431784,0.0399800099950025
two_day,0.5,44,0.46676661669165415,0.751624187906047
two_day,0.5,44,0.1539230384807596,0.7126436781609196
two_day,0.5,44,0.11794102948525736,0.44877561219390305
two_day,0.5,44,0.856071964017991,0.8885557221389305
two_day,0.5,44,0.3888055972013993,0.13793103448275862
two_day,0.5,44,0.5952023988005997,0.45077461269365315
two_day,0.5,44,0.4802598700649675,0.1519240379810095
two_day,0.5,44,0.08095952023988005,0.6126936531734133
two_day,0.5,44,0.704647676161919,0.993503248375812
two_day,0.5,44,0.29685157421289354,0.4657671164417791
two_day,0.5,44,0.696151924037981,0.24687656171914044
two_day,0.5,44,0.8125937031484258,0.6351824087956022
two_day,0.5,44,0.6456771614192903,0.5407296351824088
two_day,0.5,44,0.7796101949025487,0.4607696151924038
two_day,0.5,44,0.017491254372813594,0.928535732133933
two_day,0.5,44,0.735632183908046,0.6766616691654173
two_day,0.5,44,0.07296351824087956,0.1679160419790105
two_day,0.5,44,0.06746626686656672,0.06546726636681659
two_day,0.5,44,0.9815092453773113,0.800599700149925
two_day,0.5,44,0.3538230884557721,0.544727636181909
two_day,0.5,44,0.6636681659170415,0.1634182908545727
two_day,0.5,44,0.936031984007996,0.631184407796102
two_day,0.5,44,0.7831084457771115,0.999000499750125
two_day,0.5,44,0.5697151424287856,0.592703648175912
two_day,0.5,44,0.9555222388805598,0.1984007996001999
two_day,0.5,44,0.9400299850074962,0.6736631684157921
two_day,0.5,44,0.703648175912044,0.5727136431784108
two_day,0.5,44,0.5757121439280359,0.5047476261869065
two_day,0.5,44,0.1744127936031984,0.11144427786106946
two_day,0.5,44,0.769615192403798,0.12243878060969515
two_day,0.5,44,0.09345327336331834,0.09845077461269365
two_day,0.5,44,0.6376811594202898,0.20939530234882558
two_day,0.5,44,0.9585207396301849,0.4007996001999001
two_day,0.5,44,0.2288855572213893,0.16591704147926037
two_day,0.5,44,0.591704147926037,0.2868565717141429
two_day,0.5,44,0.6106946526736632,0.5562218890554723
two_day,0.5,44,0.2863568215892054,0.9345327336331835
two_day,0.5,44,0.841079460269865,0.6921539230384808
two_day,0.5,44,0.7381309345327336,0.6776611694152923
two_day,0.5,44,0.6776611694152923,0.1504247876061969
two_day,0.5,44,0.8495752123938031,0.29185407296351823
two_day,0.5,44,0.2518740629685157,0.16441779110444776
two_day,0.5,44,0.07896051974012994,0.95952023988006
two_day,0.5,44,0.5892053973013494,0.19740129935032483
two_day,0.5,44,0.7151424287856072,0.6871564217891054
two_day,0.5,44,0.9510244877561219,0.14342828585707146
two_day,0.5,44,0.49225387306346824,0.08295852073963018
two_day,0.5,44,0.7586206896551724,0.42828585707146427
two_day,0.5,44,0.9640179910044977,0.7816091954022989
two_day,0.5,44,0.3058470764617691,0.27636181909045476
two_day,0.5,44,0.6186906546726637,0.17891054472763618
two_day,0.5,44,0.6421789105447276,0.1584207896051974
two_day,0.5,44,0.526736631684158,0.45577211394302847
two_day,0.5,44,0.4942528735632184,0.7421289355322339
two_day,0.5,44,0.14942528735632185,0.01699150424787606
two_day,0.5,44,0.2463768115942029,0.7701149425287356
two_day,0.5,44,0.42978510744627685,0.9950024987506247
two_day,0.5,44,0.9340329835082459,0.46976511744127936
two_day,0.5,44,0.2748625687156422,0.9505247376311844
two_day,0.5,44,0.8860569715142429,0.7626186906546727
two_day,0.5,44,0.30184907546226886,0.32733633183408295
two_day,0.5,44,0.1679160419790105,0.31134432783608196
two_day,0.5,44,0.7531234382808596,0.8415792103948025
two_day,0.5,44,0.9585207396301849,0.8525737131434283
two_day,0.5,44,0.7521239380309845,0.6701649175412294
two_day,0.5,44,0.0944527736131934,0.5112443778110944
two_day,0.5,44,0.43428285857071464,0.0024987506246876563
two_day,0.5,44,0.05297351324337831,0.23788105947026486
two_day,0.5,44,0.8865567216391804,0.01699150424787606
two_day,0.5,44,0.9195402298850575,0.8455772113943029
two_day,0.5,44,0.6196901549225388,0.2623688155922039
two_day,0.5,44,0.10494752623688156,0.09895052473763119
two_day,0.5,44,0.10344827586206896,0.36731634182908546
two_day,0.5,44,0.5592203898050975,0.431784107946027
two_day,0.5,44,0.25537231384307846,0.6711644177911045
two_day,0.5,44,0.05747126436781609,0.4052973513243378
two_day,0.5,44,0.8500749625187406,0.15542228885557222
two_day,0.5,44,0.8775612193903048,0.6866566716641679
two_day,0.5,44,0.23438280859570215,0.23488255872063968
two_day,0.5,44,0.6276861569215393,0.6046976511744128
two_day,0.5,44,0.6271864067966016,0.3058470764617691
two_day,0.5,44,0.43428285857071464,0.782608695652174
two_day,0.5,44,0.4527736131934033,0.42528735632183906
two_day,0.5,44,0.2708645677161419,0.7246376811594203
two_day,0.5,44,0.9965017491254373,0.9785107446276862
two_day,0.5,44,0.5077461269365318,0.912543728135932
two_day,0.5,44,0.6611694152923538,0.6271864067966016
two_day,0.5,44,0.9815092453773113,0.22088955522238882
two_day,0.5,44,0.36231884057971014,0.8785607196401799
two_day,0.5,44,0.6511744127936032,0.9100449775112444
two_day,0.5,45,0.1519240379810095,0.8985507246376812
two_day,0.5,45,0.7806096951524237,0.6686656671664168
two_day,0.5,45,0.01249375312343828,0.25337331334332835
two_day,0.5,45,0.3293353323338331,0.46276861569215394
two_day,0.5,45,0.45327336331834084,0.7286356821589205
two_day,0.5,45,0.9075462268865567,0.7596201899050474
two_day,0.5,45,0.04697651174412794,0.005997001499250375
two_day,0.5,45,0.3798100949525237,0.45377311344327836
two_day,0.5,45,0.7131434282858571,0.5417291354322838
two_day,0.5,45,0.43478260869565216,0.47626186906546725
two_day,0.5,45,0.41529235382308843,0.7421289355322339
two_day,0.5,45,0.5097451274362819,0.735632183908046
two_day,0.5,45,0.43728135932033985,0.5417291354322838
two_day,0.5,45,0.3748125937031484,0.4312843578210895
two_day,0.5,45,0.24737631184407796,0.19790104947526238
two_day,0.5,45,0.7301349325337332,0.48225887056471767
two_day,0.5,45,0.47176411794102946,0.5262368815592204
two_day,0.5,45,0.7811094452773614,0.3073463268365817
two_day,0.5,45,0.9205397301349325,0.5802098950524738
two_day,0.5,45,0.3263368315842079,0.6166916541729135
two_day,0.5,45,0.6656671664167916,0.6861569215392304
two_day,0.5,45,0.6146926536731634,0.4177911044477761
two_day,0.5,45,0.8640679660169915,0.4237881059470265
two_day,0.5,45,0.703648175912044,0.6831584207896052
two_day,0.5,45,0.4992503748125937,0.08445777111444278
two_day,0.5,45,0.04847576211894053,0.6891554222888556
two_day,0.5,45,0.4897551224387806,0.30434782608695654
two_day,0.5,45,0.9345327336331835,0.30834582708645675
two_day,0.5,45,0.24087956021989004,0.9135432283858071
two_day,0.5,45,0.2688655672163918,0.25337331334332835
two_day,0.5,45,0.26286856571714146,0.7421289355322339
two_day,0.5,45,0.5352323838080959,0.7206396801599201
two_day,0.5,45,0.5482258870564718,0.3308345827086457
two_day,0.5,45,0.18290854572713644,0.8395802098950524
two_day,0.5,45,0.881559220389805,0.4307846076961519
two_day,0.5,45,0.9050474762618691,0.09895052473763119
two_day,0.5,45,0.9070464767616192,0.7646176911544228
two_day,0.5,45,0.17391304347826086,0.6061969015492253
two_day,0.5,45,0.23938030984507747,0.7541229385307346
two_day,0.5,45,0.6916541729135433,0.6996501749125438
two_day,0.5,45,0.8515742128935532,0.567216391804098
two_day,0.5,45,0.7256371814092953,0.42628685657171417
two_day,0.5,45,0.13193403298350825,0.03248375812093953
two_day,0.5,45,0.4097951024487756,0.8995502248875562
two_day,0.5,45,0.35082458770614694,0.3008495752123938
two_day,0.5,45,0.6611694152923538,0.6596701649175413
two_day,0.5,45,0.9805097451274363,0.24587706146926536
two_day,0.5,45,0.84007996001999,0.9710144927536232
two_day,0.5,45,0.14392803598200898,0.05297351324337831
two_day,0.5,45,0.36931534232883556,0.39780109945027486
two_day,0.5,45,0.9995002498750625,0.46476761619190404
two_day,0.5,45,0.2673663168415792,0.2223888055972014
two_day,0.5,45,0.7931034482758621,0.13043478260869565
two_day,0.5,45,0.8160919540229885,0.45027486256871563
two_day,0.5,45,0.44577711144427784,0.3278360819590205
two_day,0.5,45,0.735632183908046,0.2673663168415792
two_day,0.5,45,0.22088955522238882,0.37631184407796103
two_day,0.5,45,0.04697651174412794,0.31384307846076964
two_day,0.5,45,0.8855572213893054,0.8905547226386806
two_day,0.5,45,0.5812093953023488,0.19940029985007496
two_day,0.5,45,0.09745127436281859,0.49025487256371814
two_day,0.5,45,0.6196901549225388,0.248375812093953
two_day,0.5,45,0.0944527736131934,0.2638680659670165
two_day,0.5,45,0.44127936031984005,0.4427786106946527
two_day,0.5,45,0.01249375312343828,0.09845077461269365
two_day,0.5,45,0.6921539230384808,0.4737631184407796
two_day,0.5,45,0.2888555722138931,0.7496251874062968
two_day,0.5,45,0.9875062468765617,0.3523238380809595
two_day,0.5,45,0.19290354822588707,0.784607696151924
two_day,0.5,45,0.4012993503248376,0.7341329335332334
two_day,0.5,45,0.19940029985007496,0.31784107946026985
two_day,0.5,45,0.6211894052973513,0.6351824087956022
two_day,0.5,45,0.0399800099950025,0.11344327836081959
two_day,0.5,45,0.20189905047476261,0.01249375312343828
two_day,0.5,45,0.5622188905547226,0.5697151424287856
two_day,0.5,45,0.015992003998001,0.6796601699150425
two_day,0.5,45,0.07946026986506746,0.9420289855072463
two_day,0.5,45,0.9955022488755623,0.6731634182908546
two_day,0.5,45,0.6861569215392304,0.1549225387306347
two_day,0.5,45,0.15242378810594703,0.15542228885557222
two_day,0.5,45,0.847576211894053,0.9155422288855573
two_day,0.5,45,0.11494252873563218,0.8290854572713643
two_day,0.5,45,0.9370314842578711,0.06296851574212893
two_day,0.5,45,0.2273863068465767,0.37181409295352325
two_day,0.5,45,0.8970514742628686,0.9320339830084957
two_day,0.5,45,0.06946526736631684,0.24887556221889057
two_day,0.5,45,0.9575212393803099,0.7586206896551724
two_day,0.5,45,0.15442278860569716,0.5002498750624688
two_day,0.5,45,0.30334832583708143,0.19890054972513743
two_day,0.5,45,0.05247376311844078,0.4357821089455272
two_day,0.5,45,0.4357821089455272,0.6616691654172914
two_day,0.5,45,0.12543728135932034,0.7051474262868566
two_day,0.5,45,0.2863568215892054,0.45827086456771615
two_day,0.5,45,0.5802098950524738,0.24737631184407796
two_day,0.5,45,0.031484257871064465,0.7531234382808596
two_day,0.5,45,0.928535732133933,0.42128935532233885
two_day,0.5,45,0.4817591204397801,0.3933033483258371
two_day,0.5,45,0.440279860069965,0.1874062968515742
two_day,0.5,45,0.24737631184407796,0.5397301349325337
two_day,0.5,45,0.09295352323838081,0.3663168415792104
two_day,0.5,45,0.4192903548225887,0.809095452273863
two_day,0.5,45,0.6981509245377311,0.5547226386806596
two_day,0.5,45,0.14942528735632185,0.8675662168915542
two_day,0.5,45,0.6871564217891054,0.09545227386306847
two_day,0.5,45,0.018490754622688656,0.09495252373813093
two_day,0.5,45,0.35332333833083457,0.8975512243878061
two_day,0.5,45,0.1634182908545727,0.9655172413793104
two_day,0.5,45,0.49025487256371814,0.4572713643178411
two_day,0.5,45,0.11544227886056972,0.1024487756121939
two_day,0.5,45,0.7526236881559221,0.2683658170914543
two_day,0.5,45,0.46526736631684157,0.8615692153923038
two_day,0.5,45,0.8300849575212393,0.4567716141929036
two_day,0.5,45,0.47126436781609193,0.12093953023488256
two_day,0.5,45,0.8715642178910544,0.7091454272863568
two_day,0.5,45,0.3448275862068966,0.3313343328335832
two_day,0.5,45,0.953023488255872,0.9695152423788106
two_day,0.5,45,0.3293353323338331,0.21189405297351324
two_day,0.5,45,0.6361819090454772,0.014492753623188406
two_day,0.5,45,0.21139430284857572,0.3458270864567716
two_day,0.5,45,0.8425787106446777,0.7066466766616691
two_day,0.5,46,0.46776611694152925,0.2703648175912044
two_day,0.5,46,0.3408295852073963,0.005497251374312844
two_day,0.5,46,0.0769615192403798,0.9325337331334332
two_day,0.5,46,0.5827086456771614,0.6261869065467266
two_day,0.5,46,0.42628685657171417,0.47476261869065467
two_day,0.5,46,0.5967016491754122,0.7901049475262368
two_day,0.5,46,0.46776611694152925,0.6376811594202898
two_day,0.5,46,0.4687656171914043,0.06846576711644178
two_day,0.5,46,0.8590704647676162,0.17341329335332334
two_day,0.5,46,0.9160419790104948,0.06996501749125437
two_day,0.5,46,0.8460769615192404,0.4142928535732134
two_day,0.5,46,0.6096951524237881,0.5777111444277861
two_day,0.5,46,0.25087456271864067,0.04397801099450275
two_day,0.5,46,0.8465767116441779,0.5782108945527237
two_day,0.5,46,0.6471764117941029,0.8060969515242379
two_day,0.5,46,0.127936031984008,0.046476761619190406
two_day,0.5,46,0.0559720139930035,0.21639180409795103
two_day,0.5,46,0.3548225887056472,0.9760119940029985
two_day,0.5,46,0.08045977011494253,0.21389305347326337
two_day,0.5,46,0.7876061969015492,0.777111444277861
two_day,0.5,46,0.29485257371314344,0.2733633183408296
two_day,0.5,46,0.05647176411794103,0.047976011994003
two_day,0.5,46,0.6121939030484758,0.8910544727636182
two_day,0.5,46,0.5007496251874063,0.7681159420289855
two_day,0.5,46,0.08895552223888056,0.2913543228385807
two_day,0.5,46,0.9490254872563718,0.6476761619190404
two_day,0.5,46,0.5822088955522239,0.7661169415292354
two_day,0.5,46,0.9940029985007496,0.22338830584707647
two_day,0.5,46,0.03948025987006497,0.5037481259370314
two_day,0.5,46,0.7411294352823589,0.9805097451274363
two_day,0.5,46,0.09245377311344327,0.10944527736131934
two_day,0.5,46,0.1089455272363818,0.6881559220389805
two_day,0.5,46,0.34782608695652173,0.7026486756621689
two_day,0.5,46,0.5967016491754122,0.974512743628186
two_day,0.5,46,0.6421789105447276,0.10344827586206896
two_day,0.5,46,0.6461769115442278,0.8040979510244878
two_day,0.5,46,0.20889555222388806,0.00849575212393803
two_day,0.5,46,0.20039980009995004,0.4352823588205897
two_day,0.5,46,0.11644177911044477,0.6041979010494752
two_day,0.5,46,0.6701649175412294,0.6281859070464768
two_day,0.5,46,0.999000499750125,0.7631184407796102
two_day,0.5,46,0.47226386806596704,0.1634182908545727
two_day,0.5,46,0.4862568715642179,0.4302848575712144
two_day,0.5,46,0.4752623688155922,0.2993503248375812
two_day,0.5,46,0.3173413293353323,0.05347326336831584
two_day,0.5,46,0.8350824587706147,0.5002498750624688
two_day,0.5,46,0.6531734132933533,0.9940029985007496
two_day,0.5,46,0.887056471764118,0.31784107946026985
two_day,0.5,46,0.5902048975512244,0.20589705147426288
two_day,0.5,46,0.9660169915042479,0.07846076961519241
two_day,0.5,46,0.01699150424787606,0.3333333333333333
two_day,0.5,46,0.18690654672663667,0.7871064467766117
two_day,0.5,46,0.9300349825087456,0.4077961019490255
two_day,0.5,46,0.487256371814093,0.8525737131434283
two_day,0.5,46,0.9410294852573713,0.7131434282858571
two_day,0.5,46,0.5882058970514743,0.7661169415292354
two_day,0.5,46,0.8055972013993004,0.9930034982508745
two_day,0.5,46,0.13393303348325838,0.31634182908545727
two_day,0.5,46,0.4687656171914043,0.3613193403298351
two_day,0.5,46,0.7131434282858571,0.6891554222888556
two_day,0.5,46,0.344327836081959,0.7861069465267366
two_day,0.5,46,0.750624687656172,0.9075462268865567
two_day,0.5,46,0.2283858070964518,0.3713143428285857
two_day,0.5,46,0.22288855572213892,0.8360819590204898
two_day,0.5,46,0.15142428785607195,0.7821089455272364
two_day,0.5,46,0.7896051974012993,0.4292853573213393
two_day,0.5,46,0.42828585707146427,0.37681159420289856
two_day,0.5,46,0.22938530734632684,0.8520739630184908
two_day,0.5,46,0.19640179910044978,0.6431784107946027
two_day,0.5,46,0.8865567216391804,0.6441779110444777
two_day,0.5,46,0.8385807096451774,0.9405297351324338
two_day,0.5,46,0.32083958020989506,0.32533733133433285
two_day,0.5,46,0.0864567716141929,0.3488255872063968
two_day,0.5,46,0.5257371314342829,0.4817591204397801
two_day,0.5,46,0.2703648175912044,0.9825087456271864
two_day,0.5,46,0.5227386306846576,0.8435782108945528
two_day,0.5,46,0.9685157421289355,0.0384807596201899
two_day,0.5,46,0.1294352823588206,0.9905047476261869
two_day,0.5,46,0.6276861569215393,0.8925537231384307
two_day,0.5,46,0.6546726636681659,0.29735132433783107
two_day,0.5,46,0.7616191904047976,0.1714142928535732
two_day,0.5,46,0.935032483758121,0.48075962018990503
two_day,0.5,46,0.8570714642678661,0.2538730634682659
two_day,0.5,46,0.8050974512743628,0.28735632183908044
two_day,0.5,46,0.750624687656172,0.6256871564217891
two_day,0.5,46,0.40729635182408797,0.8575712143928036
two_day,0.5,46,0.8520739630184908,0.1454272863568216
two_day,0.5,46,0.1539230384807596,0.9735132433783108
two_day,0.5,46,0.7651174412793603,0.8640679660169915
two_day,0.5,46,0.3118440779610195,0.24437781109445278
two_day,0.5,46,0.6906546726636682,0.4607696151924038
two_day,0.5,46,0.7811094452773614,0.7961019490254873
two_day,0.5,46,0.4472763618190905,0.24587706146926536
two_day,0.5,46,0.6301849075462269,0.7856071964017991
two_day,0.5,46,0.4452773613193403,0.4707646176911544
two_day,0.5,46,0.4102948525737131,0.9270364817591205
two_day,0.5,46,0.7531234382808596,0.06046976511744128
two_day,0.5,46,0.5752123938030984,0.13493253373313344
two_day,0.5,46,0.848575712143928,0.7051474262868566
two_day,0.5,46,0.22088955522238882,0.8875562218890555
two_day,0.5,46,0.3148425787106447,0.2368815592203898
two_day,0.5,46,0.13343328335832083,0.2748625687156422
two_day,0.5,46,0.4577711144427786,0.7261369315342329
two_day,0.5,46,0.5717141429285357,0.8305847076461769
two_day,0.5,46,0.07746126936531735,0.1184407796101949
two_day,0.5,46,0.5802098950524738,0.11144427786106946
two_day,0.5,46,0.4032983508245877,0.7376311844077961
two_day,0.5,46,0.5022488755622189,0.43228385807096453
two_day,0.5,46,0.9330334832583708,0.7141429285357321
two_day,0.5,46,0.0544727636181909,0.1344327836081959
two_day,0.5,46,0.031484257871064465,0.7136431784107946
two_day,0.5,46,0.5747126436781609,0.607696151924038
two_day,0.5,46,0.36931534232883556,0.6896551724137931
two_day,0.5,46,0.5757121439280359,0.5272363818090955
two_day,0.5,46,0.054972513743128434,0.2128935532233883
two_day,0.5,46,0.01249375312343828,0.8105947026486756
two_day,0.5,46,0.5972013993003499,0.09895052473763119
two_day,0.5,46,0.6406796601699151,0.5212393803098451
two_day,0.5,46,0.6471764117941029,0.9630184907546226
two_day,0.5,46,0.44877561219390305,0.6331834082958521
two_day,0.5,47,0.7206396801599201,0.4302848575712144
two_day,0.5,47,0.6061969015492253,0.00849575212393803
two_day,0.5,47,0.13193403298350825,0.1504247876061969
two_day,0.5,47,0.28835582208895555,0.5137431284357821
two_day,0.5,47,0.37831084457771114,0.6666666666666666
two_day,0.5,47,0.5557221389305347,0.7016491754122939
two_day,0.5,47,0.059470264867566215,0.49375312343828087
two_day,0.5,47,0.3933033483258371,0.5237381309345327
two_day,0.5,47,0.4642678660669665,0.16741629185407297
two_day,0.5,47,0.3748125937031484,0.49725137431284355
two_day,0.5,47,0.617191404297851,0.8535732133933034
two_day,0.5,47,0.6411794102948526,0.8205897051474262
two_day,0.5,47,0.5092453773113443,0.3698150924537731
two_day,0.5,47,0.03698150924537731,0.027486256871564217
two_day,0.5,47,0.5952023988005997,0.5067466266866567
two_day,0.5,47,0.8490754622688655,0.7191404297851074
two_day,0.5,47,0.6336831584207896,0.20789605197401298
two_day,0.5,47,0.033483258370814596,0.02798600699650175
two_day,0.5,47,0.46326836581709147,0.5567216391804098
two_day,0.5,47,0.7211394302848576,0.1714142928535732
two_day,0.5,47,0.6101949025487257,0.33833083458270863
two_day,0.5,47,0.17541229385307347,0.862568715642179
two_day,0.5,47,0.6981509245377311,0.6306846576711644
two_day,0.5,47,0.5142428785607196,0.44877561219390305
two_day,0.5,47,0.005497251374312844,0.03798100949525238
two_day,0.5,47,0.46476761619190404,0.767616191904048
two_day,0.5,47,0.5152423788105946,0.42978510744627685
two_day,0.5,47,0.8985507246376812,0.13493253373313344
two_day,0.5,47,0.5287356321839081,0.5502248875562219
two_day,0.5,47,0.09895052473763119,0.2048975512243878
two_day,0.5,47,0.5157421289355323,0.280359820089955
two_day,0.5,47,0.13043478260869565,0.791104447776112
two_day,0.5,47,0.8735632183908046,0.5002498750624688
two_day,0.5,47,0.463768115942029,0.2888555722138931
two_day,0.5,47,0.9785107446276862,0.2588705647176412
two_day,0.5,47,0.3983008495752124,0.27936031984008
two_day,0.5,47,0.4852573713143428,0.3743128435782109
two_day,0.5,47,0.23488255872063968,0.8755622188905547
two_day,0.5,47,0.92103948025987,0.6546726636681659
two_day,0.5,47,0.4572713643178411,0.6206896551724138
two_day,0.5,47,0.49375312343828087,0.41879060469765117
two_day,0.5,47,0.6661669165417291,0.35782108945527236
two_day,0.5,47,0.24987506246876562,0.2798600699650175
two_day,0.5,47,0.7716141929035483,0.9175412293853074
two_day,0.5,47,0.001999000499750125,0.08745627186406797
two_day,0.5,47,0.038980509745127435,0.022988505747126436
two_day,0.5,47,0.4107946026986507,0.8440779610194903
two_day,0.5,47,0.9155422288855573,0.7161419290354822
two_day,0.5,47,0.2843578210894553,0.43428285857071464
two_day,0.5,47,0.8335832083958021,0.4912543728135932
two_day,0.5,47,0.1519240379810095,0.01699150424787606
two_day,0.5,47,0.6521739130434783,0.3523238380809595
two_day,0.5,47,0.01199400299850075,0.22688655672163918
two_day,0.5,47,0.5762118940529735,0.3663168415792104
two_day,0.5,47,0.9090454772613693,0.8830584707646177
two_day,0.5,47,0.38830584707646176,0.06196901549225387
two_day,0.5,47,0.3538230884557721,0.43278360819590206
two_day,0.5,47,0.21539230384807595,0.08095952023988005
two_day,0.5,47,0.044977511244377814,0.15442278860569716
two_day,0.5,47,0.9570214892553723,0.63968015992004
two_day,0.5,47,0.5037481259370314,0.9620189905047476
two_day,0.5,47,0.6226886556721639,0.5802098950524738
two_day,0.5,47,0.6166916541729135,0.25987006496751625
two_day,0.5,47,0.9230384807596201,0.6031984007996002
two_day,0.5,47,0.29685157421289354,0.10594702648675662
two_day,0.5,47,0.8245877061469266,0.3428285857071464
two_day,0.5,47,0.5052473763118441,0.5432283858070964
two_day,0.5,47,0.47126436781609193,0.0944527736131934
two_day,0.5,47,0.7896051974012993,0.6531734132933533
two_day,0.5,47,0.030484757621189407,0.5032483758120939
two_day,0.5,47,0.6086956521739131,0.43778110944527737
two_day,0.5,47,0.495752123938031,0.9545227386306847
two_day,0.5,47,0.07546226886556721,0.08545727136431784
two_day,0.5,47,0.567216391804098,0.7551224387806097
two_day,0.5,47,0.5892053973013494,0.8120939530234883
two_day,0.5,47,0.5412293853073463,0.026986506746626688
two_day,0.5,47,0.512743628185907,0.9630184907546226
two_day,0.5,47,0.4367816091954023,0.735632183908046
two_day,0.5,47,0.026486756621689155,0.30834582708645675
two_day,0.5,47,0.9320339830084957,0.2658670664667666
two_day,0.5,47,0.39930034982508744,0.8580709645177411
two_day,0.5,47,0.7681159420289855,0.5137431284357821
two_day,0.5,47,0.6531734132933533,0.8665667166416792
two_day,0.5,47,0.6761619190404797,0.7851074462768616
two_day,0.5,47,0.16741629185407297,0.9185407296351824
two_day,0.5,47,0.68015992003998,0.6876561719140429
two_day,0.5,47,0.9625187406296851,0.37031484257871067
two_day,0.5,47,0.11394302848575712,0.2273863068465767
two_day,0.5,47,0.050974512743628186,0.7021489255372314
two_day,0.5,47,0.8360819590204898,0.1714142928535732
two_day,0.5,47,0.063968015992004,0.8465767116441779
two_day,0.5,47,0.01899050474762619,0.018490754622688656
two_day,0.5,47,0.928535732133933,0.7701149425287356
two_day,0.5,47,0.6986506746626686,0.5237381309345327
two_day,0.5,47,0.3493253373313343,0.12493753123438281
two_day,0.5,47,0.8695652173913043,0.7831084457771115
two_day,0.5,47,0.9410294852573713,0.3218390804597701
two_day,0.5,47,0.879560219890055,0.8695652173913043
two_day,0.5,47,0.384807596201899,0.7916041979010495
two_day,0.5,47,0.17391304347826086,0.9135432283858071
two_day,0.5,47,0.912543728135932,0.7766116941529235
two_day,0.5,47,0.037481259370314844,0.14592703648175911
two_day,0.5,47,0.7486256871564217,0.6361819090454772
two_day,0.5,47,0.8585707146426786,0.11494252873563218
two_day,0.5,47,0.3988005997001499,0.9230384807596201
two_day,0.5,47,0.21639180409795103,0.19440279860069964
two_day,0.5,47,0.047476261869065464,0.5962018990504747
two_day,0.5,47,0.019490254872563718,0.5467266366816592
two_day,0.5,47,0.37681159420289856,0.3363318340829585
two_day,0.5,47,0.8640679660169915,0.42128935532233885
two_day,0.5,47,0.14842578710644677,0.6286856571714143
two_day,0.5,47,0.4767616191904048,0.9295352323838081
two_day,0.5,47,0.5832083958020989,0.25687156421789104
two_day,0.5,47,0.9340329835082459,0.952023988005997
two_day,0.5,47,0.8095952023988006,0.984007996001999
two_day,0.5,47,0.1664167916041979,0.2608695652173913
two_day,0.5,47,0.07096451774112944,0.5482258870564718
two_day,0.5,47,0.8960519740129935,0.6216891554222889
two_day,0.5,47,0.5012493753123438,0.13793103448275862
two_day,0.5,47,0.5352323838080959,0.7166416791604198
two_day,0.5,48,0.25337331334332835,0.026986506746626688
two_day,0.5,48,0.9415292353823088,0.9185407296351824
two_day,0.5,48,0.28785607196401797,0.6936531734132934
two_day,0.5,48,0.24887556221889057,0.22788605697151423
two_day,0.5,48,0.3218390804597701,0.24237881059470265
two_day,0.5,48,0.968015992003998,0.375312343828086
two_day,0.5,48,0.8985507246376812,0.9365317341329336
two_day,0.5,48,0.8205897051474262,0.9430284857571214
two_day,0.5,48,0.7456271864067966,0.5137431284357821
two_day,0.5,48,0.033483258370814596,0.3363318340829585
two_day,0.5,48,0.31434282858570717,0.6091954022988506
two_day,0.5,48,0.6516741629185407,0.2818590704647676
two_day,0.5,48,0.3588205897051474,0.21739130434782608
two_day,0.5,48,0.7066466766616691,0.9255372313843079
two_day,0.5,48,0.5232383808095952,0.44677661169415295
two_day,0.5,48,0.9335332333833083,0.5167416291854073
two_day,0.5,48,0.10594702648675662,0.05647176411794103
two_day,0.5,48,0.3743128435782109,0.7681159420289855
two_day,0.5,48,0.9270364817591205,0.7571214392803598
two_day,0.5,48,0.703648175912044,0.39580209895052476
two_day,0.5,48,0.7276361819090454,0.992503748125937
two_day,0.5,48,0.7216391804097951,0.6361819090454772
two_day,0.5,48,0.07096451774112944,0.0014992503748125937
two_day,0.5,48,0.3583208395802099,0.6241879060469765
two_day,0.5,48,0.8905547226386806,0.815592203898051
two_day,0.5,48,0.1744127936031984,0.5412293853073463
two_day,0.5,48,0.16141929035482258,0.4172913543228386
two_day,0.5,48,0.7086456771614192,0.18590704647676162
two_day,0.5,48,0.9945027486256871,0.5432283858070964
two_day,0.5,48,0.5632183908045977,0.9910044977511244
two_day,0.5,48,0.28335832083958024,0.5247376311844077
two_day,0.5,48,0.5952023988005997,0.8385807096451774
two_day,0.5,48,0.5402298850574713,0.6466766616691654
two_day,0.5,48,0.9590204897551224,0.13843078460769614
two_day,0.5,48,0.5857071464267866,0.6861569215392304
two_day,0.5,48,0.974512743628186,0.7171414292853573
two_day,0.5,48,0.8515742128935532,0.25237381309345325
two_day,0.5,48,0.9860069965017492,0.9005497251374313
two_day,0.5,48,0.04547726136931534,0.5062468765617192
two_day,0.5,48,0.24437781109445278,0.1839080459770115
two_day,0.5,48,0.8995502248875562,0.12743628185907047
two_day,0.5,48,0.16141929035482258,0.06996501749125437
two_day,0.5,48,0.7841079460269865,0.051974012993503245
two_day,0.5,48,0.43478260869565216,0.15742128935532235
two_day,0.5,48,0.7131434282858571,0.5662168915542228
two_day,0.5,48,0.5332333833083458,0.36281859070464767
two_day,0.5,48,0.5947026486756621,0.8565717141429285
two_day,0.5,48,0.9875062468765617,0.4927536231884058
two_day,0.5,48,0.7166416791604198,0.20239880059970014
two_day,0.5,48,0.13243378310844578,0.012993503248375811
two_day,0.5,48,0.14592703648175911,0.7651174412793603
two_day,0.5,48,0.5432283858070964,0.8260869565217391
two_day,0.5,48,0.8925537231384307,0.5402298850574713
two_day,0.5,48,0.8150924537731135,0.9065467266366817
two_day,0.5,48,0.4847576211894053,0.9205397301349325
two_day,0.5,48,0.13193403298350825,0.3893053473263368
two_day,0.5,48,0.8525737131434283,0.9190404797601199
two_day,0.5,48,0.768615692153923,0.23438280859570215
two_day,0.5,48,0.9155422288855573,0.7831084457771115
two_day,0.5,48,0.7286356821589205,0.6061969015492253
two_day,0.5,48,0.7681159420289855,0.8745627186406797
two_day,0.5,48,0.8480759620189905,0.7471264367816092
two_day,0.5,48,0.45327336331834084,0.19490254872563717
two_day,0.5,48,0.7656171914042978,0.42528735632183906
two_day,0.5,48,0.6656671664167916,0.6111944027986007
two_day,0.5,48,0.5517241379310345,0.9455272363818091
two_day,0.5,48,0.17841079460269865,0.1054472763618191
two_day,0.5,48,0.9740129935032483,0.3708145927036482
two_day,0.5,48,0.04547726136931534,0.43728135932033985
two_day,0.5,48,0.5257371314342829,0.6461769115442278
two_day,0.5,48,0.592703648175912,0.68015992003998
two_day,0.5,48,0.750624687656172,0.5832083958020989
two_day,0.5,48,0.7066466766616691,0.11394302848575712
two_day,0.5,48,0.07796101949025487,0.26786606696651677
two_day,0.5,48,0.12243878060969515,0.6361819090454772
two_day,0.5,48,0.8995502248875562,0.08545727136431784
two_day,0.5,48,0.06596701649175413,0.4892553723138431
two_day,0.5,48,0.3843078460769615,0.044977511244377814
two_day,0.5,48,0.11944027986006997,0.20189905047476261
two_day,0.5,48,0.2658670664667666,0.31584207896051975
two_day,0.5,48,0.6561719140429785,0.8000999500249875
two_day,0.5,48,0.7086456771614192,0.13893053473263367
two_day,0.5,48,0.8710644677661169,0.08095952023988005
two_day,0.5,48,0.9540229885057471,0.33483258370814595
two_day,0.5,48,0.9240379810094953,0.10744627686156921
two_day,0.5,48,0.8215892053973014,0.4197901049475262
two_day,0.5,48,0.5032483758120939,0.23638180909545228
two_day,0.5,48,0.328335832083958,0.19590204897551225
two_day,0.5,48,0.01899050474762619,0.777111444277861
two_day,0.5,48,0.42478760619690153,0.6256871564217891
two_day,0.5,48,0.7501249375312344,0.663168415792104
two_day,0.5,48,0.10394802598700649,0.057971014492753624
two_day,0.5,48,0.6081959020489756,0.3853073463268366
two_day,0.5,48,0.9230384807596201,0.24437781109445278
two_day,0.5,48,0.4482758620689655,0.6431784107946027
two_day,0.5,48,0.35782108945527236,0.3638180909545227
two_day,0.5,48,0.4622688655672164,0.33833083458270863
two_day,0.5,48,0.23388305847076463,0.4197901049475262
two_day,0.5,48,0.7261369315342329,0.9790104947526237
two_day,0.5,48,0.3828085957021489,0.5742128935532234
two_day,0.5,48,0.041979010494752625,0.7856071964017991
two_day,0.5,48,0.879560219890055,0.09045477261369315
two_day,0.5,48,0.7271364317841079,0.7116441779110445
two_day,0.5,48,1.0,0.43428285857071464
two_day,0.5,48,0.7311344327836082,0.7891054472763618
two_day,0.5,48,0.49525237381309345,0.5962018990504747
two_day,0.5,48,0.7871064467766117,0.21189405297351324
two_day,0.5,48,1.0,0.6011994002998501
two_day,0.5,48,0.5272363818090955,0.37831084457771114
two_day,0.5,48,0.4897551224387806,0.3888055972013993
two_day,0.5,48,0.28285857071464265,0.6256871564217891
two_day,0.5,48,0.6531734132933533,0.5472263868065967
two_day,0.5,48,0.12893553223388307,0.17991004497751126
two_day,0.5,48,0.2698650674662669,0.9320339830084957
two_day,0.5,48,0.5517241379310345,0.974512743628186
two_day,0.5,48,0.1359320339830085,0.16141929035482258
two_day,0.5,48,0.6426786606696652,0.48125937031484256
two_day,0.5,48,0.6626686656671664,0.672663668165917
two_day,0.5,48,0.5537231384307846,0.9645177411294353
two_day,0.5,48,0.2943528235882059,0.06746626686656672
two_day,0.5,49,0.9300349825087456,0.36931534232883556
two_day,0.5,49,0.46926536731634183,0.11144427786106946
two_day,0.5,49,0.6561719140429785,0.22538730634682658
two_day,0.5,49,0.8030984507746127,0.6586706646676662
two_day,0.5,49,0.6531734132933533,0.48075962018990503
two_day,0.5,49,0.767616191904048,0.8705647176411794
two_day,0.5,49,0.5152423788105946,0.04447776111944028
two_day,0.5,49,0.9180409795102449,0.8070964517741129
two_day,0.5,49,0.25687156421789104,0.6506746626686657
two_day,0.5,49,0.49825087456271866,0.9380309845077461
two_day,0.5,49,0.8785607196401799,0.4032983508245877
two_day,0.5,49,0.6111944027986007,0.6391804097951025
two_day,0.5,49,0.9045477261369316,0.07846076961519241
two_day,0.5,49,0.8895552223888056,0.9475262368815592
two_day,0.5,49,0.5062468765617192,0.7236381809095452
two_day,0.5,49,0.7446276861569215,0.12043978010994502
two_day,0.5,49,0.8490754622688655,0.5262368815592204
two_day,0.5,49,0.40429785107446276,0.8370814592703648
two_day,0.5,49,0.7286356821589205,0.2753623188405797
two_day,0.5,49,0.48875562218890556,0.45977011494252873
two_day,0.5,49,0.6751624187906047,0.3888055972013993
two_day,0.5,49,0.7256371814092953,0.3808095952023988
two_day,0.5,49,0.5322338830584707,0.08745627186406797
two_day,0.5,49,0.2158920539730135,0.02048975512243878
two_day,0.5,49,0.30134932533733133,0.4897551224387806
two_day,0.5,49,0.13343328335832083,0.2383808095952024
two_day,0.5,49,0.855072463768116,0.07796101949025487
two_day,0.5,49,0.18040979510244878,0.6356821589205397
two_day,0.5,49,0.5897051474262869,0.4017991004497751
two_day,0.5,49,0.49775112443778113,0.6926536731634183
two_day,0.5,49,0.47876061969015493,0.32283858070964516
two_day,0.5,49,0.696151924037981,0.7526236881559221
two_day,0.5,49,0.8750624687656172,0.47976011994003
two_day,0.5,49,0.9625187406296851,0.21839080459770116
two_day,0.5,49,0.27136431784107945,0.3823088455772114
two_day,0.5,49,0.1199400299850075,0.3808095952023988
two_day,0.5,49,0.4292853573213393,0.4002998500749625
two_day,0.5,49,0.974512743628186,0.9015492253873063
two_day,0.5,49,0.4492753623188406,0.20039980009995004
two_day,0.5,49,0.17541229385307347,0.4427786106946527
two_day,0.5,49,0.768615692153923,0.9085457271364318
two_day,0.5,49,0.9445277361319341,0.7556221889055472
two_day,0.5,49,0.09145427286356822,0.7151424287856072
two_day,0.5,49,0.06096951524237881,0.36731634182908546
two_day,0.5,49,0.9300349825087456,0.8235882058970515
two_day,0.5,49,0.1664167916041979,0.21239380309845077
two_day,0.5,49,0.11444277861069466,0.12093953023488256
two_day,0.5,49,0.6996501749125438,0.296351824087956
two_day,0.5,49,0.8355822088955522,0.7756121939030485
two_day,0.5,49,0.975512243878061,0.5317341329335332
two_day,0.5,49,0.9910044977511244,0.912543728135932
two_day,0.5,49,0.3278360819590205,0.16591704147926037
two_day,0.5,49,0.8850574712643678,0.07546226886556721
two_day,0.5,49,0.6221889055472264,0.17391304347826086
two_day,0.5,49,0.2223888055972014,0.3873063468265867
two_day,0.5,49,0.6876561719140429,0.9435282358820589
two_day,0.5,49,0.7876061969015492,0.7766116941529235
two_day,0.5,49,0.16991504247876063,0.7426286856571714
two_day,0.5,49,0.623688155922039,0.36531734132933535
two_day,0.5,49,0.8010994502748626,0.9495252373813093
two_day,0.5,49,0.12593703148425786,0.21539230384807595
two_day,0.5,49,0.8940529735132434,0.8775612193903048
two_day,0.5,49,0.8205897051474262,0.7316341829085458
two_day,0.5,49,0.9100449775112444,0.28835582208895555
two_day,0.5,49,0.7791104447776112,0.03698150924537731
two_day,0.5,49,0.9330334832583708,0.018490754622688656
two_day,0.5,49,0.21189405297351324,0.21039480259870064
two_day,0.5,49,0.6056971514242878,0.6351824087956022
two_day,0.5,49,0.3403298350824588,0.9110444777611194
two_day,0.5,49,0.8745627186406797,0.7791104447776112
two_day,0.5,49,0.05847076461769116,0.0069965017491254375
two_day,0.5,49,0.3728135932033983,0.2478760619690155
two_day,0.5,49,0.4917541229385307,0.24187906046976512
two_day,0.5,49,0.04397801099450275,0.21639180409795103
two_day,0.5,49,0.9325337331334332,0.4047976011994003
two_day,0.5,49,0.39480259870064965,0.04847576211894053
two_day,0.5,49,0.3173413293353323,0.631184407796102
two_day,0.5,49,0.9805097451274363,0.2658670664667666
two_day,0.5,49,0.49725137431284355,0.3708145927036482
two_day,0.5,49,0.6906546726636682,0.06696651674162919
two_day,0.5,49,0.6841579210394803,0.9665167416291854
two_day,0.5,49,0.06346826586706647,0.1424287856071964
two_day,0.5,49,0.775112443778111,0.5442278860569715
two_day,0.5,49,0.16441779110444776,0.4867566216891554
two_day,0.5,49,0.1744127936031984,0.26286856571714146
two_day,0.5,49,0.33483258370814595,0.5537231384307846
two_day,0.5,49,0.7961019490254873,0.5542228885557221
two_day,0.5,49,0.5617191404297851,0.5792103948025987
two_day,0.5,49,0.3023488255872064,0.23638180909545228
two_day,0.5,49,0.8685657171414293,0.8190904547726137
two_day,0.5,49,0.6506746626686657,0.6676661669165417
two_day,0.5,49,0.392303848075962,0.879560219890055
two_day,0.5,49,0.7996001999000499,0.8190904547726137
two_day,0.5,49,0.7821089455272364,0.8470764617691154
two_day,0.5,49,0.9455272363818091,0.6266866566716641
two_day,0.5,49,0.9630184907546226,0.4197901049475262
two_day,0.5,49,0.4737631184407796,0.2478760619690155
two_day,0.5,49,0.9995002498750625,0.26686656671664166
two_day,0.5,49,0.19140429785107446,0.3588205897051474
two_day,0.5,49,0.05847076461769116,0.16591704147926037
two_day,0.5,49,0.44127936031984005,0.0814592703648176
two_day,0.5,49,0.9495252373813093,0.42828585707146427
two_day,0.5,49,0.9345327336331835,0.3503248375812094
two_day,0.5,49,0.9290354822588706,0.15442278860569716
two_day,0.5,49,0.09145427286356822,0.9320339830084957
two_day,0.5,49,0.3213393303348326,0.8975512243878061
two_day,0.5,49,0.31434282858570717,0.7991004497751124
two_day,0.5,49,0.2518740629685157,0.07546226886556721
two_day,0.5,49,0.6936531734132934,0.5257371314342829
two_day,0.5,49,0.6976511744127936,0.7936031984007996
two_day,0.5,49,0.04147926036981509,0.45577211394302847
two_day,0.5,49,0.847576211894053,0.34782608695652173
two_day,0.5,49,0.11494252873563218,0.18340829585207397
two_day,0.5,49,0.9980009995002499,0.7951024487756122
two_day,0.5,49,0.011494252873563218,0.095952023988006
two_day,0.5,49,0.8835582208895553,0.9375312343828086
two_day,0.5,49,0.9145427286356822,0.6976511744127936
two_day,0.5,49,0.09095452273863068,0.6501749125437282
two_day,0.5,49,0.8920539730134932,0.8430784607696152
two_day,0.5,49,0.5087456271864068,0.6451774112943528
